ISO-10303-21;
HEADER;
FILE_DESCRIPTION(('Open CASCADE Model'),'2;1');
FILE_NAME('Open CASCADE Shape Model','2026-10-05T23:21:30',('Author'),(
    'Open CASCADE'),'Open CASCADE STEP processor 7.9','Open CASCADE 7.9'
  ,'Unknown');
FILE_SCHEMA(('AUTOMOTIVE_DESIGN { 1 0 10303 214 1 1 1 1 }'));
ENDSEC;
DATA;
#1 = APPLICATION_PROTOCOL_DEFINITION('international standard',
  'automotive_design',2000,#2);
#2 = APPLICATION_CONTEXT(
  'core data for automotive mechanical design processes');
#3 = SHAPE_DEFINITION_REPRESENTATION(#4,#10);
#4 = PRODUCT_DEFINITION_SHAPE('','',#5);
#5 = PRODUCT_DEFINITION('design','',#6,#9);
#6 = PRODUCT_DEFINITION_FORMATION('','',#7);
#7 = PRODUCT('Open CASCADE STEP translator 7.9 4',
  'Open CASCADE STEP translator 7.9 4','',(#8));
#8 = PRODUCT_CONTEXT('',#2,'mechanical');
#9 = PRODUCT_DEFINITION_CONTEXT('part definition',#2,'design');
#10 = ADVANCED_BREP_SHAPE_REPRESENTATION('',(#11,#15),#5094);
#11 = AXIS2_PLACEMENT_3D('',#12,#13,#14);
#12 = CARTESIAN_POINT('',(0.,0.,0.));
#13 = DIRECTION('',(0.,0.,1.));
#14 = DIRECTION('',(1.,0.,-0.));
#15 = MANIFOLD_SOLID_BREP('',#16);
#16 = CLOSED_SHELL('',(#17,#398,#472,#524,#577,#630,#662,#736,#790,#843,
    #897,#951,#1005,#1059,#1091,#1167,#1464,#1518,#1791,#2008,#2079,
    #2320,#2370,#2419,#2926,#3149,#3198,#3603,#3662,#3738,#3765,#3832,
    #3936,#3983,#4010,#4017,#4122,#4130,#4179,#4207,#4283,#4337,#4364,
    #4391,#4418,#4445,#4472,#4499,#4506,#4553,#4580,#4607,#4634,#4641,
    #4688,#4715,#4742,#4769,#4776,#4847,#4897,#4924,#4995,#5045,#5072,
    #5083));
#17 = ADVANCED_FACE('',(#18,#167),#32,.F.);
#18 = FACE_BOUND('',#19,.T.);
#19 = EDGE_LOOP('',(#20,#55,#84,#112,#141));
#20 = ORIENTED_EDGE('',*,*,#21,.T.);
#21 = EDGE_CURVE('',#22,#24,#26,.T.);
#22 = VERTEX_POINT('',#23);
#23 = CARTESIAN_POINT('',(25.318222608117,5.7,9.999999742161E-08));
#24 = VERTEX_POINT('',#25);
#25 = CARTESIAN_POINT('',(75.3,5.7,9.999999742161E-08));
#26 = SURFACE_CURVE('',#27,(#31,#43),.PCURVE_S1.);
#27 = LINE('',#28,#29);
#28 = CARTESIAN_POINT('',(25.992492798251,5.7,9.999999717181E-08));
#29 = VECTOR('',#30,1.);
#30 = DIRECTION('',(1.,0.,-0.));
#31 = PCURVE('',#32,#37);
#32 = PLANE('',#33);
#33 = AXIS2_PLACEMENT_3D('',#34,#35,#36);
#34 = CARTESIAN_POINT('',(86.3,0.,9.999999717181E-08));
#35 = DIRECTION('',(-0.,-0.,1.));
#36 = DIRECTION('',(1.,0.,0.));
#37 = DEFINITIONAL_REPRESENTATION('',(#38),#42);
#38 = LINE('',#39,#40);
#39 = CARTESIAN_POINT('',(-60.30750720174,5.7));
#40 = VECTOR('',#41,1.);
#41 = DIRECTION('',(1.,-0.));
#42 = ( GEOMETRIC_REPRESENTATION_CONTEXT(2) 
PARAMETRIC_REPRESENTATION_CONTEXT() REPRESENTATION_CONTEXT('2D SPACE',''
  ) );
#43 = PCURVE('',#44,#49);
#44 = PLANE('',#45);
#45 = AXIS2_PLACEMENT_3D('',#46,#47,#48);
#46 = CARTESIAN_POINT('',(25.992492798251,5.85,0.1500001));
#47 = DIRECTION('',(0.,-0.707106781187,0.707106781187));
#48 = DIRECTION('',(1.,0.,0.));
#49 = DEFINITIONAL_REPRESENTATION('',(#50),#54);
#50 = LINE('',#51,#52);
#51 = CARTESIAN_POINT('',(0.,-0.212132034356));
#52 = VECTOR('',#53,1.);
#53 = DIRECTION('',(1.,0.));
#54 = ( GEOMETRIC_REPRESENTATION_CONTEXT(2) 
PARAMETRIC_REPRESENTATION_CONTEXT() REPRESENTATION_CONTEXT('2D SPACE',''
  ) );
#55 = ORIENTED_EDGE('',*,*,#56,.T.);
#56 = EDGE_CURVE('',#24,#57,#59,.T.);
#57 = VERTEX_POINT('',#58);
#58 = CARTESIAN_POINT('',(81.6,12.,9.999999578403E-08));
#59 = SURFACE_CURVE('',#60,(#65,#72),.PCURVE_S1.);
#60 = CIRCLE('',#61,6.3);
#61 = AXIS2_PLACEMENT_3D('',#62,#63,#64);
#62 = CARTESIAN_POINT('',(75.3,12.,9.999999717181E-08));
#63 = DIRECTION('',(-0.,0.,1.));
#64 = DIRECTION('',(0.,-1.,0.));
#65 = PCURVE('',#32,#66);
#66 = DEFINITIONAL_REPRESENTATION('',(#67),#71);
#67 = CIRCLE('',#68,6.3);
#68 = AXIS2_PLACEMENT_2D('',#69,#70);
#69 = CARTESIAN_POINT('',(-11.,12.));
#70 = DIRECTION('',(-0.,-1.));
#71 = ( GEOMETRIC_REPRESENTATION_CONTEXT(2) 
PARAMETRIC_REPRESENTATION_CONTEXT() REPRESENTATION_CONTEXT('2D SPACE',''
  ) );
#72 = PCURVE('',#73,#78);
#73 = CONICAL_SURFACE('',#74,6.,0.785398163397);
#74 = AXIS2_PLACEMENT_3D('',#75,#76,#77);
#75 = CARTESIAN_POINT('',(75.3,12.,0.3000001));
#76 = DIRECTION('',(0.,0.,-1.));
#77 = DIRECTION('',(0.,-1.,0.));
#78 = DEFINITIONAL_REPRESENTATION('',(#79),#83);
#79 = LINE('',#80,#81);
#80 = CARTESIAN_POINT('',(0.,0.3));
#81 = VECTOR('',#82,1.);
#82 = DIRECTION('',(-1.,-0.));
#83 = ( GEOMETRIC_REPRESENTATION_CONTEXT(2) 
PARAMETRIC_REPRESENTATION_CONTEXT() REPRESENTATION_CONTEXT('2D SPACE',''
  ) );
#84 = ORIENTED_EDGE('',*,*,#85,.T.);
#85 = EDGE_CURVE('',#57,#86,#88,.T.);
#86 = VERTEX_POINT('',#87);
#87 = CARTESIAN_POINT('',(81.6,62.15648580802,1.000000043883E-07));
#88 = SURFACE_CURVE('',#89,(#93,#100),.PCURVE_S1.);
#89 = LINE('',#90,#91);
#90 = CARTESIAN_POINT('',(81.6,12.,9.999999717181E-08));
#91 = VECTOR('',#92,1.);
#92 = DIRECTION('',(0.,1.,0.));
#93 = PCURVE('',#32,#94);
#94 = DEFINITIONAL_REPRESENTATION('',(#95),#99);
#95 = LINE('',#96,#97);
#96 = CARTESIAN_POINT('',(-4.7,12.));
#97 = VECTOR('',#98,1.);
#98 = DIRECTION('',(0.,1.));
#99 = ( GEOMETRIC_REPRESENTATION_CONTEXT(2) 
PARAMETRIC_REPRESENTATION_CONTEXT() REPRESENTATION_CONTEXT('2D SPACE',''
  ) );
#100 = PCURVE('',#101,#106);
#101 = PLANE('',#102);
#102 = AXIS2_PLACEMENT_3D('',#103,#104,#105);
#103 = CARTESIAN_POINT('',(81.45,12.,0.1500001));
#104 = DIRECTION('',(0.707106781187,-3.472568050348E-18,0.707106781187)
  );
#105 = DIRECTION('',(2.455476416533E-18,1.,2.455476416532E-18));
#106 = DEFINITIONAL_REPRESENTATION('',(#107),#111);
#107 = LINE('',#108,#109);
#108 = CARTESIAN_POINT('',(0.,-0.212132034356));
#109 = VECTOR('',#110,1.);
#110 = DIRECTION('',(1.,0.));
#111 = ( GEOMETRIC_REPRESENTATION_CONTEXT(2) 
PARAMETRIC_REPRESENTATION_CONTEXT() REPRESENTATION_CONTEXT('2D SPACE',''
  ) );
#112 = ORIENTED_EDGE('',*,*,#113,.T.);
#113 = EDGE_CURVE('',#86,#114,#116,.T.);
#114 = VERTEX_POINT('',#115);
#115 = CARTESIAN_POINT('',(77.591546033851,63.696351076655,
    9.999999578403E-08));
#116 = SURFACE_CURVE('',#117,(#122,#129),.PCURVE_S1.);
#117 = CIRCLE('',#118,2.3);
#118 = AXIS2_PLACEMENT_3D('',#119,#120,#121);
#119 = CARTESIAN_POINT('',(79.3,62.15648580802,9.999999717181E-08));
#120 = DIRECTION('',(0.,-0.,1.));
#121 = DIRECTION('',(1.,0.,0.));
#122 = PCURVE('',#32,#123);
#123 = DEFINITIONAL_REPRESENTATION('',(#124),#128);
#124 = CIRCLE('',#125,2.3);
#125 = AXIS2_PLACEMENT_2D('',#126,#127);
#126 = CARTESIAN_POINT('',(-7.,62.15648580802));
#127 = DIRECTION('',(1.,-0.));
#128 = ( GEOMETRIC_REPRESENTATION_CONTEXT(2) 
PARAMETRIC_REPRESENTATION_CONTEXT() REPRESENTATION_CONTEXT('2D SPACE',''
  ) );
#129 = PCURVE('',#130,#135);
#130 = CONICAL_SURFACE('',#131,2.,0.785398163397);
#131 = AXIS2_PLACEMENT_3D('',#132,#133,#134);
#132 = CARTESIAN_POINT('',(79.3,62.15648580802,0.3000001));
#133 = DIRECTION('',(0.,0.,-1.));
#134 = DIRECTION('',(1.,0.,0.));
#135 = DEFINITIONAL_REPRESENTATION('',(#136),#140);
#136 = LINE('',#137,#138);
#137 = CARTESIAN_POINT('',(0.,0.3));
#138 = VECTOR('',#139,1.);
#139 = DIRECTION('',(-1.,-0.));
#140 = ( GEOMETRIC_REPRESENTATION_CONTEXT(2) 
PARAMETRIC_REPRESENTATION_CONTEXT() REPRESENTATION_CONTEXT('2D SPACE',''
  ) );
#141 = ORIENTED_EDGE('',*,*,#142,.T.);
#142 = EDGE_CURVE('',#114,#22,#143,.T.);
#143 = SURFACE_CURVE('',#144,(#148,#155),.PCURVE_S1.);
#144 = LINE('',#145,#146);
#145 = CARTESIAN_POINT('',(77.591546033851,63.696351076655,
    9.999999717181E-08));
#146 = VECTOR('',#147,1.);
#147 = DIRECTION('',(-0.669506638537,-0.742806072239,0.));
#148 = PCURVE('',#32,#149);
#149 = DEFINITIONAL_REPRESENTATION('',(#150),#154);
#150 = LINE('',#151,#152);
#151 = CARTESIAN_POINT('',(-8.708453966149,63.696351076655));
#152 = VECTOR('',#153,1.);
#153 = DIRECTION('',(-0.669506638537,-0.742806072239));
#154 = ( GEOMETRIC_REPRESENTATION_CONTEXT(2) 
PARAMETRIC_REPRESENTATION_CONTEXT() REPRESENTATION_CONTEXT('2D SPACE',''
  ) );
#155 = PCURVE('',#156,#161);
#156 = PLANE('',#157);
#157 = AXIS2_PLACEMENT_3D('',#158,#159,#160);
#158 = CARTESIAN_POINT('',(77.702966944686,63.595925080874,0.1500001));
#159 = DIRECTION('',(-0.525243210787,0.473412684159,0.707106781187));
#160 = DIRECTION('',(-0.669506638537,-0.742806072239,2.775557561563E-17)
  );
#161 = DEFINITIONAL_REPRESENTATION('',(#162),#166);
#162 = LINE('',#163,#164);
#163 = CARTESIAN_POINT('',(0.,-0.212132034356));
#164 = VECTOR('',#165,1.);
#165 = DIRECTION('',(1.,0.));
#166 = ( GEOMETRIC_REPRESENTATION_CONTEXT(2) 
PARAMETRIC_REPRESENTATION_CONTEXT() REPRESENTATION_CONTEXT('2D SPACE',''
  ) );
#167 = FACE_BOUND('',#168,.T.);
#168 = EDGE_LOOP('',(#169,#199,#227,#255,#283,#311,#339,#367));
#169 = ORIENTED_EDGE('',*,*,#170,.F.);
#170 = EDGE_CURVE('',#171,#173,#175,.T.);
#171 = VERTEX_POINT('',#172);
#172 = CARTESIAN_POINT('',(23.6,8.87202801435,9.999999764365E-08));
#173 = VERTEX_POINT('',#174);
#174 = CARTESIAN_POINT('',(23.6,8.,9.999999764365E-08));
#175 = SURFACE_CURVE('',#176,(#180,#187),.PCURVE_S1.);
#176 = LINE('',#177,#178);
#177 = CARTESIAN_POINT('',(23.6,8.987274337369,9.999999717181E-08));
#178 = VECTOR('',#179,1.);
#179 = DIRECTION('',(-0.,-1.,-0.));
#180 = PCURVE('',#32,#181);
#181 = DEFINITIONAL_REPRESENTATION('',(#182),#186);
#182 = LINE('',#183,#184);
#183 = CARTESIAN_POINT('',(-62.7,8.987274337369));
#184 = VECTOR('',#185,1.);
#185 = DIRECTION('',(-0.,-1.));
#186 = ( GEOMETRIC_REPRESENTATION_CONTEXT(2) 
PARAMETRIC_REPRESENTATION_CONTEXT() REPRESENTATION_CONTEXT('2D SPACE',''
  ) );
#187 = PCURVE('',#188,#193);
#188 = PLANE('',#189);
#189 = AXIS2_PLACEMENT_3D('',#190,#191,#192);
#190 = CARTESIAN_POINT('',(23.45,8.987274337369,0.1500001));
#191 = DIRECTION('',(0.707106781187,0.,0.707106781187));
#192 = DIRECTION('',(-0.,1.,-0.));
#193 = DEFINITIONAL_REPRESENTATION('',(#194),#198);
#194 = LINE('',#195,#196);
#195 = CARTESIAN_POINT('',(-0.,-0.212132034356));
#196 = VECTOR('',#197,1.);
#197 = DIRECTION('',(-1.,0.));
#198 = ( GEOMETRIC_REPRESENTATION_CONTEXT(2) 
PARAMETRIC_REPRESENTATION_CONTEXT() REPRESENTATION_CONTEXT('2D SPACE',''
  ) );
#199 = ORIENTED_EDGE('',*,*,#200,.F.);
#200 = EDGE_CURVE('',#201,#171,#203,.T.);
#201 = VERTEX_POINT('',#202);
#202 = CARTESIAN_POINT('',(78.740984851091,70.05,9.999999603383E-08));
#203 = SURFACE_CURVE('',#204,(#208,#215),.PCURVE_S1.);
#204 = LINE('',#205,#206);
#205 = CARTESIAN_POINT('',(78.830349023421,70.149148008439,
    9.999999717181E-08));
#206 = VECTOR('',#207,1.);
#207 = DIRECTION('',(-0.669506638537,-0.742806072239,-0.));
#208 = PCURVE('',#32,#209);
#209 = DEFINITIONAL_REPRESENTATION('',(#210),#214);
#210 = LINE('',#211,#212);
#211 = CARTESIAN_POINT('',(-7.469650976579,70.149148008439));
#212 = VECTOR('',#213,1.);
#213 = DIRECTION('',(-0.669506638537,-0.742806072239));
#214 = ( GEOMETRIC_REPRESENTATION_CONTEXT(2) 
PARAMETRIC_REPRESENTATION_CONTEXT() REPRESENTATION_CONTEXT('2D SPACE',''
  ) );
#215 = PCURVE('',#216,#221);
#216 = PLANE('',#217);
#217 = AXIS2_PLACEMENT_3D('',#218,#219,#220);
#218 = CARTESIAN_POINT('',(78.718928112585,70.249574004219,0.1500001));
#219 = DIRECTION('',(0.525243210787,-0.473412684159,0.707106781187));
#220 = DIRECTION('',(0.669506638537,0.742806072239,8.326672684689E-17));
#221 = DEFINITIONAL_REPRESENTATION('',(#222),#226);
#222 = LINE('',#223,#224);
#223 = CARTESIAN_POINT('',(-0.,-0.212132034356));
#224 = VECTOR('',#225,1.);
#225 = DIRECTION('',(-1.,0.));
#226 = ( GEOMETRIC_REPRESENTATION_CONTEXT(2) 
PARAMETRIC_REPRESENTATION_CONTEXT() REPRESENTATION_CONTEXT('2D SPACE',''
  ) );
#227 = ORIENTED_EDGE('',*,*,#228,.F.);
#228 = EDGE_CURVE('',#229,#201,#231,.T.);
#229 = VERTEX_POINT('',#230);
#230 = CARTESIAN_POINT('',(86.,70.05,1.000000042772E-07));
#231 = SURFACE_CURVE('',#232,(#236,#243),.PCURVE_S1.);
#232 = LINE('',#233,#234);
#233 = CARTESIAN_POINT('',(86.3,70.05,9.999999717181E-08));
#234 = VECTOR('',#235,1.);
#235 = DIRECTION('',(-1.,-0.,-0.));
#236 = PCURVE('',#32,#237);
#237 = DEFINITIONAL_REPRESENTATION('',(#238),#242);
#238 = LINE('',#239,#240);
#239 = CARTESIAN_POINT('',(-0.,70.05));
#240 = VECTOR('',#241,1.);
#241 = DIRECTION('',(-1.,0.));
#242 = ( GEOMETRIC_REPRESENTATION_CONTEXT(2) 
PARAMETRIC_REPRESENTATION_CONTEXT() REPRESENTATION_CONTEXT('2D SPACE',''
  ) );
#243 = PCURVE('',#244,#249);
#244 = PLANE('',#245);
#245 = AXIS2_PLACEMENT_3D('',#246,#247,#248);
#246 = CARTESIAN_POINT('',(86.3,70.2,0.1500001));
#247 = DIRECTION('',(-3.472568050348E-18,-0.707106781187,0.707106781187)
  );
#248 = DIRECTION('',(1.,-2.455476416533E-18,2.455476416532E-18));
#249 = DEFINITIONAL_REPRESENTATION('',(#250),#254);
#250 = LINE('',#251,#252);
#251 = CARTESIAN_POINT('',(-0.,-0.212132034356));
#252 = VECTOR('',#253,1.);
#253 = DIRECTION('',(-1.,0.));
#254 = ( GEOMETRIC_REPRESENTATION_CONTEXT(2) 
PARAMETRIC_REPRESENTATION_CONTEXT() REPRESENTATION_CONTEXT('2D SPACE',''
  ) );
#255 = ORIENTED_EDGE('',*,*,#256,.T.);
#256 = EDGE_CURVE('',#229,#257,#259,.T.);
#257 = VERTEX_POINT('',#258);
#258 = CARTESIAN_POINT('',(86.,0.3,9.999999714405E-08));
#259 = SURFACE_CURVE('',#260,(#264,#271),.PCURVE_S1.);
#260 = LINE('',#261,#262);
#261 = CARTESIAN_POINT('',(86.,70.35,9.999999717181E-08));
#262 = VECTOR('',#263,1.);
#263 = DIRECTION('',(-0.,-1.,-0.));
#264 = PCURVE('',#32,#265);
#265 = DEFINITIONAL_REPRESENTATION('',(#266),#270);
#266 = LINE('',#267,#268);
#267 = CARTESIAN_POINT('',(-0.3,70.35));
#268 = VECTOR('',#269,1.);
#269 = DIRECTION('',(-0.,-1.));
#270 = ( GEOMETRIC_REPRESENTATION_CONTEXT(2) 
PARAMETRIC_REPRESENTATION_CONTEXT() REPRESENTATION_CONTEXT('2D SPACE',''
  ) );
#271 = PCURVE('',#272,#277);
#272 = PLANE('',#273);
#273 = AXIS2_PLACEMENT_3D('',#274,#275,#276);
#274 = CARTESIAN_POINT('',(86.15,70.35,0.1500001));
#275 = DIRECTION('',(0.707106781187,3.472568050348E-18,-0.707106781187)
  );
#276 = DIRECTION('',(-2.455476416533E-18,1.,2.455476416532E-18));
#277 = DEFINITIONAL_REPRESENTATION('',(#278),#282);
#278 = LINE('',#279,#280);
#279 = CARTESIAN_POINT('',(-0.,-0.212132034356));
#280 = VECTOR('',#281,1.);
#281 = DIRECTION('',(-1.,0.));
#282 = ( GEOMETRIC_REPRESENTATION_CONTEXT(2) 
PARAMETRIC_REPRESENTATION_CONTEXT() REPRESENTATION_CONTEXT('2D SPACE',''
  ) );
#283 = ORIENTED_EDGE('',*,*,#284,.T.);
#284 = EDGE_CURVE('',#257,#285,#287,.T.);
#285 = VERTEX_POINT('',#286);
#286 = CARTESIAN_POINT('',(0.3,0.3,9.999999714405E-08));
#287 = SURFACE_CURVE('',#288,(#292,#299),.PCURVE_S1.);
#288 = LINE('',#289,#290);
#289 = CARTESIAN_POINT('',(86.3,0.3,9.999999717181E-08));
#290 = VECTOR('',#291,1.);
#291 = DIRECTION('',(-1.,-0.,-0.));
#292 = PCURVE('',#32,#293);
#293 = DEFINITIONAL_REPRESENTATION('',(#294),#298);
#294 = LINE('',#295,#296);
#295 = CARTESIAN_POINT('',(-0.,0.3));
#296 = VECTOR('',#297,1.);
#297 = DIRECTION('',(-1.,0.));
#298 = ( GEOMETRIC_REPRESENTATION_CONTEXT(2) 
PARAMETRIC_REPRESENTATION_CONTEXT() REPRESENTATION_CONTEXT('2D SPACE',''
  ) );
#299 = PCURVE('',#300,#305);
#300 = PLANE('',#301);
#301 = AXIS2_PLACEMENT_3D('',#302,#303,#304);
#302 = CARTESIAN_POINT('',(86.3,0.15,0.1500001));
#303 = DIRECTION('',(0.,-0.707106781187,-0.707106781187));
#304 = DIRECTION('',(1.,0.,-0.));
#305 = DEFINITIONAL_REPRESENTATION('',(#306),#310);
#306 = LINE('',#307,#308);
#307 = CARTESIAN_POINT('',(-0.,-0.212132034356));
#308 = VECTOR('',#309,1.);
#309 = DIRECTION('',(-1.,0.));
#310 = ( GEOMETRIC_REPRESENTATION_CONTEXT(2) 
PARAMETRIC_REPRESENTATION_CONTEXT() REPRESENTATION_CONTEXT('2D SPACE',''
  ) );
#311 = ORIENTED_EDGE('',*,*,#312,.T.);
#312 = EDGE_CURVE('',#285,#313,#315,.T.);
#313 = VERTEX_POINT('',#314);
#314 = CARTESIAN_POINT('',(0.3,5.7,9.999999742161E-08));
#315 = SURFACE_CURVE('',#316,(#320,#327),.PCURVE_S1.);
#316 = LINE('',#317,#318);
#317 = CARTESIAN_POINT('',(0.3,0.,9.999999717181E-08));
#318 = VECTOR('',#319,1.);
#319 = DIRECTION('',(0.,1.,0.));
#320 = PCURVE('',#32,#321);
#321 = DEFINITIONAL_REPRESENTATION('',(#322),#326);
#322 = LINE('',#323,#324);
#323 = CARTESIAN_POINT('',(-86.,0.));
#324 = VECTOR('',#325,1.);
#325 = DIRECTION('',(0.,1.));
#326 = ( GEOMETRIC_REPRESENTATION_CONTEXT(2) 
PARAMETRIC_REPRESENTATION_CONTEXT() REPRESENTATION_CONTEXT('2D SPACE',''
  ) );
#327 = PCURVE('',#328,#333);
#328 = PLANE('',#329);
#329 = AXIS2_PLACEMENT_3D('',#330,#331,#332);
#330 = CARTESIAN_POINT('',(0.15,0.,0.1500001));
#331 = DIRECTION('',(0.707106781187,0.,0.707106781187));
#332 = DIRECTION('',(-0.,1.,0.));
#333 = DEFINITIONAL_REPRESENTATION('',(#334),#338);
#334 = LINE('',#335,#336);
#335 = CARTESIAN_POINT('',(0.,-0.212132034356));
#336 = VECTOR('',#337,1.);
#337 = DIRECTION('',(1.,0.));
#338 = ( GEOMETRIC_REPRESENTATION_CONTEXT(2) 
PARAMETRIC_REPRESENTATION_CONTEXT() REPRESENTATION_CONTEXT('2D SPACE',''
  ) );
#339 = ORIENTED_EDGE('',*,*,#340,.F.);
#340 = EDGE_CURVE('',#341,#313,#343,.T.);
#341 = VERTEX_POINT('',#342);
#342 = CARTESIAN_POINT('',(21.3,5.7,9.999999750487E-08));
#343 = SURFACE_CURVE('',#344,(#348,#355),.PCURVE_S1.);
#344 = LINE('',#345,#346);
#345 = CARTESIAN_POINT('',(21.3,5.7,9.999999717181E-08));
#346 = VECTOR('',#347,1.);
#347 = DIRECTION('',(-1.,-0.,0.));
#348 = PCURVE('',#32,#349);
#349 = DEFINITIONAL_REPRESENTATION('',(#350),#354);
#350 = LINE('',#351,#352);
#351 = CARTESIAN_POINT('',(-65.,5.7));
#352 = VECTOR('',#353,1.);
#353 = DIRECTION('',(-1.,0.));
#354 = ( GEOMETRIC_REPRESENTATION_CONTEXT(2) 
PARAMETRIC_REPRESENTATION_CONTEXT() REPRESENTATION_CONTEXT('2D SPACE',''
  ) );
#355 = PCURVE('',#356,#361);
#356 = PLANE('',#357);
#357 = AXIS2_PLACEMENT_3D('',#358,#359,#360);
#358 = CARTESIAN_POINT('',(21.3,5.85,0.1500001));
#359 = DIRECTION('',(0.,-0.707106781187,0.707106781187));
#360 = DIRECTION('',(1.,-0.,-0.));
#361 = DEFINITIONAL_REPRESENTATION('',(#362),#366);
#362 = LINE('',#363,#364);
#363 = CARTESIAN_POINT('',(-0.,-0.212132034356));
#364 = VECTOR('',#365,1.);
#365 = DIRECTION('',(-1.,0.));
#366 = ( GEOMETRIC_REPRESENTATION_CONTEXT(2) 
PARAMETRIC_REPRESENTATION_CONTEXT() REPRESENTATION_CONTEXT('2D SPACE',''
  ) );
#367 = ORIENTED_EDGE('',*,*,#368,.F.);
#368 = EDGE_CURVE('',#173,#341,#369,.T.);
#369 = SURFACE_CURVE('',#370,(#375,#386),.PCURVE_S1.);
#370 = CIRCLE('',#371,2.3);
#371 = AXIS2_PLACEMENT_3D('',#372,#373,#374);
#372 = CARTESIAN_POINT('',(21.3,8.,9.999999717181E-08));
#373 = DIRECTION('',(0.,0.,-1.));
#374 = DIRECTION('',(1.,0.,0.));
#375 = PCURVE('',#32,#376);
#376 = DEFINITIONAL_REPRESENTATION('',(#377),#385);
#377 = ( BOUNDED_CURVE() B_SPLINE_CURVE(2,(#378,#379,#380,#381,#382,#383
,#384),.UNSPECIFIED.,.T.,.F.) B_SPLINE_CURVE_WITH_KNOTS((1,2,2,2,2,1),(
    -2.094395102393,0.,2.094395102393,4.188790204786,6.28318530718,
8.377580409573),.UNSPECIFIED.) CURVE() GEOMETRIC_REPRESENTATION_ITEM() 
RATIONAL_B_SPLINE_CURVE((1.,0.5,1.,0.5,1.,0.5,1.)) REPRESENTATION_ITEM(
  '') );
#378 = CARTESIAN_POINT('',(-62.7,8.));
#379 = CARTESIAN_POINT('',(-62.7,4.016283142592));
#380 = CARTESIAN_POINT('',(-66.15,6.008141571296));
#381 = CARTESIAN_POINT('',(-69.6,8.));
#382 = CARTESIAN_POINT('',(-66.15,9.991858428704));
#383 = CARTESIAN_POINT('',(-62.7,11.983716857408));
#384 = CARTESIAN_POINT('',(-62.7,8.));
#385 = ( GEOMETRIC_REPRESENTATION_CONTEXT(2) 
PARAMETRIC_REPRESENTATION_CONTEXT() REPRESENTATION_CONTEXT('2D SPACE',''
  ) );
#386 = PCURVE('',#387,#392);
#387 = CONICAL_SURFACE('',#388,2.,0.785398163397);
#388 = AXIS2_PLACEMENT_3D('',#389,#390,#391);
#389 = CARTESIAN_POINT('',(21.3,8.,0.3000001));
#390 = DIRECTION('',(0.,0.,-1.));
#391 = DIRECTION('',(1.,0.,0.));
#392 = DEFINITIONAL_REPRESENTATION('',(#393),#397);
#393 = LINE('',#394,#395);
#394 = CARTESIAN_POINT('',(-0.,0.3));
#395 = VECTOR('',#396,1.);
#396 = DIRECTION('',(1.,-0.));
#397 = ( GEOMETRIC_REPRESENTATION_CONTEXT(2) 
PARAMETRIC_REPRESENTATION_CONTEXT() REPRESENTATION_CONTEXT('2D SPACE',''
  ) );
#398 = ADVANCED_FACE('',(#399),#44,.F.);
#399 = FACE_BOUND('',#400,.F.);
#400 = EDGE_LOOP('',(#401,#424,#425,#446));
#401 = ORIENTED_EDGE('',*,*,#402,.F.);
#402 = EDGE_CURVE('',#22,#403,#405,.T.);
#403 = VERTEX_POINT('',#404);
#404 = CARTESIAN_POINT('',(25.992492798251,6.,0.3000001));
#405 = SURFACE_CURVE('',#406,(#410,#417),.PCURVE_S1.);
#406 = LINE('',#407,#408);
#407 = CARTESIAN_POINT('',(53.621689721237,18.292934194896,
    12.592934294896));
#408 = VECTOR('',#409,1.);
#409 = DIRECTION('',(0.846389252579,0.37658015954,0.37658015954));
#410 = PCURVE('',#44,#411);
#411 = DEFINITIONAL_REPRESENTATION('',(#412),#416);
#412 = LINE('',#413,#414);
#413 = CARTESIAN_POINT('',(27.629196922986,17.596966294138));
#414 = VECTOR('',#415,1.);
#415 = DIRECTION('',(0.846389252579,0.532564768942));
#416 = ( GEOMETRIC_REPRESENTATION_CONTEXT(2) 
PARAMETRIC_REPRESENTATION_CONTEXT() REPRESENTATION_CONTEXT('2D SPACE',''
  ) );
#417 = PCURVE('',#156,#418);
#418 = DEFINITIONAL_REPRESENTATION('',(#419),#423);
#419 = LINE('',#420,#421);
#420 = CARTESIAN_POINT('',(49.773911686235,17.596966294138));
#421 = VECTOR('',#422,1.);
#422 = DIRECTION('',(-0.846389252579,0.532564768942));
#423 = ( GEOMETRIC_REPRESENTATION_CONTEXT(2) 
PARAMETRIC_REPRESENTATION_CONTEXT() REPRESENTATION_CONTEXT('2D SPACE',''
  ) );
#424 = ORIENTED_EDGE('',*,*,#21,.T.);
#425 = ORIENTED_EDGE('',*,*,#426,.T.);
#426 = EDGE_CURVE('',#24,#427,#429,.T.);
#427 = VERTEX_POINT('',#428);
#428 = CARTESIAN_POINT('',(75.3,6.,0.3000001));
#429 = SURFACE_CURVE('',#430,(#434,#440),.PCURVE_S1.);
#430 = LINE('',#431,#432);
#431 = CARTESIAN_POINT('',(75.3,5.85,0.1500001));
#432 = VECTOR('',#433,1.);
#433 = DIRECTION('',(-0.,0.707106781187,0.707106781187));
#434 = PCURVE('',#44,#435);
#435 = DEFINITIONAL_REPRESENTATION('',(#436),#439);
#436 = B_SPLINE_CURVE_WITH_KNOTS('',1,(#437,#438),.UNSPECIFIED.,.F.,.F.,
  (2,2),(-0.212132034356,0.212132034356),.PIECEWISE_BEZIER_KNOTS.);
#437 = CARTESIAN_POINT('',(49.307507201749,-0.212132034356));
#438 = CARTESIAN_POINT('',(49.307507201749,0.212132034356));
#439 = ( GEOMETRIC_REPRESENTATION_CONTEXT(2) 
PARAMETRIC_REPRESENTATION_CONTEXT() REPRESENTATION_CONTEXT('2D SPACE',''
  ) );
#440 = PCURVE('',#73,#441);
#441 = DEFINITIONAL_REPRESENTATION('',(#442),#445);
#442 = B_SPLINE_CURVE_WITH_KNOTS('',1,(#443,#444),.UNSPECIFIED.,.F.,.F.,
  (2,2),(-0.212132034356,0.212132034356),.PIECEWISE_BEZIER_KNOTS.);
#443 = CARTESIAN_POINT('',(0.,0.3));
#444 = CARTESIAN_POINT('',(0.,5.887846720064E-16));
#445 = ( GEOMETRIC_REPRESENTATION_CONTEXT(2) 
PARAMETRIC_REPRESENTATION_CONTEXT() REPRESENTATION_CONTEXT('2D SPACE',''
  ) );
#446 = ORIENTED_EDGE('',*,*,#447,.F.);
#447 = EDGE_CURVE('',#403,#427,#448,.T.);
#448 = SURFACE_CURVE('',#449,(#453,#460),.PCURVE_S1.);
#449 = LINE('',#450,#451);
#450 = CARTESIAN_POINT('',(25.992492798251,6.,0.3000001));
#451 = VECTOR('',#452,1.);
#452 = DIRECTION('',(1.,0.,-0.));
#453 = PCURVE('',#44,#454);
#454 = DEFINITIONAL_REPRESENTATION('',(#455),#459);
#455 = LINE('',#456,#457);
#456 = CARTESIAN_POINT('',(0.,0.212132034356));
#457 = VECTOR('',#458,1.);
#458 = DIRECTION('',(1.,0.));
#459 = ( GEOMETRIC_REPRESENTATION_CONTEXT(2) 
PARAMETRIC_REPRESENTATION_CONTEXT() REPRESENTATION_CONTEXT('2D SPACE',''
  ) );
#460 = PCURVE('',#461,#466);
#461 = PLANE('',#462);
#462 = AXIS2_PLACEMENT_3D('',#463,#464,#465);
#463 = CARTESIAN_POINT('',(86.3,6.,9.999999717181E-08));
#464 = DIRECTION('',(0.,1.,0.));
#465 = DIRECTION('',(0.,-0.,-1.));
#466 = DEFINITIONAL_REPRESENTATION('',(#467),#471);
#467 = LINE('',#468,#469);
#468 = CARTESIAN_POINT('',(-0.3,60.307507201749));
#469 = VECTOR('',#470,1.);
#470 = DIRECTION('',(-0.,-1.));
#471 = ( GEOMETRIC_REPRESENTATION_CONTEXT(2) 
PARAMETRIC_REPRESENTATION_CONTEXT() REPRESENTATION_CONTEXT('2D SPACE',''
  ) );
#472 = ADVANCED_FACE('',(#473),#156,.F.);
#473 = FACE_BOUND('',#474,.F.);
#474 = EDGE_LOOP('',(#475,#496,#497,#498));
#475 = ORIENTED_EDGE('',*,*,#476,.F.);
#476 = EDGE_CURVE('',#114,#477,#479,.T.);
#477 = VERTEX_POINT('',#478);
#478 = CARTESIAN_POINT('',(77.814387855522,63.495499085094,0.3000001));
#479 = SURFACE_CURVE('',#480,(#484,#490),.PCURVE_S1.);
#480 = LINE('',#481,#482);
#481 = CARTESIAN_POINT('',(77.814387855522,63.495499085094,0.3000001));
#482 = VECTOR('',#483,1.);
#483 = DIRECTION('',(0.525243210787,-0.473412684159,0.707106781187));
#484 = PCURVE('',#156,#485);
#485 = DEFINITIONAL_REPRESENTATION('',(#486),#489);
#486 = B_SPLINE_CURVE_WITH_KNOTS('',1,(#487,#488),.UNSPECIFIED.,.F.,.F.,
  (2,2),(-0.424264068712,0.),.PIECEWISE_BEZIER_KNOTS.);
#487 = CARTESIAN_POINT('',(0.,-0.212132034356));
#488 = CARTESIAN_POINT('',(0.,0.212132034356));
#489 = ( GEOMETRIC_REPRESENTATION_CONTEXT(2) 
PARAMETRIC_REPRESENTATION_CONTEXT() REPRESENTATION_CONTEXT('2D SPACE',''
  ) );
#490 = PCURVE('',#130,#491);
#491 = DEFINITIONAL_REPRESENTATION('',(#492),#495);
#492 = B_SPLINE_CURVE_WITH_KNOTS('',1,(#493,#494),.UNSPECIFIED.,.F.,.F.,
  (2,2),(-0.424264068712,0.),.PIECEWISE_BEZIER_KNOTS.);
#493 = CARTESIAN_POINT('',(-2.408048251203,0.3));
#494 = CARTESIAN_POINT('',(-2.408048251203,0.));
#495 = ( GEOMETRIC_REPRESENTATION_CONTEXT(2) 
PARAMETRIC_REPRESENTATION_CONTEXT() REPRESENTATION_CONTEXT('2D SPACE',''
  ) );
#496 = ORIENTED_EDGE('',*,*,#142,.T.);
#497 = ORIENTED_EDGE('',*,*,#402,.T.);
#498 = ORIENTED_EDGE('',*,*,#499,.F.);
#499 = EDGE_CURVE('',#477,#403,#500,.T.);
#500 = SURFACE_CURVE('',#501,(#505,#512),.PCURVE_S1.);
#501 = LINE('',#502,#503);
#502 = CARTESIAN_POINT('',(77.814387855522,63.495499085094,0.3000001));
#503 = VECTOR('',#504,1.);
#504 = DIRECTION('',(-0.669506638537,-0.742806072239,0.));
#505 = PCURVE('',#156,#506);
#506 = DEFINITIONAL_REPRESENTATION('',(#507),#511);
#507 = LINE('',#508,#509);
#508 = CARTESIAN_POINT('',(0.,0.212132034356));
#509 = VECTOR('',#510,1.);
#510 = DIRECTION('',(1.,0.));
#511 = ( GEOMETRIC_REPRESENTATION_CONTEXT(2) 
PARAMETRIC_REPRESENTATION_CONTEXT() REPRESENTATION_CONTEXT('2D SPACE',''
  ) );
#512 = PCURVE('',#513,#518);
#513 = PLANE('',#514);
#514 = AXIS2_PLACEMENT_3D('',#515,#516,#517);
#515 = CARTESIAN_POINT('',(19.429559036182,-1.281461854985,
    9.999999717181E-08));
#516 = DIRECTION('',(0.742806072239,-0.669506638537,0.));
#517 = DIRECTION('',(-0.669506638537,-0.742806072239,0.));
#518 = DEFINITIONAL_REPRESENTATION('',(#519),#523);
#519 = LINE('',#520,#521);
#520 = CARTESIAN_POINT('',(-87.20575041186,-0.3));
#521 = VECTOR('',#522,1.);
#522 = DIRECTION('',(1.,-0.));
#523 = ( GEOMETRIC_REPRESENTATION_CONTEXT(2) 
PARAMETRIC_REPRESENTATION_CONTEXT() REPRESENTATION_CONTEXT('2D SPACE',''
  ) );
#524 = ADVANCED_FACE('',(#525),#73,.F.);
#525 = FACE_BOUND('',#526,.F.);
#526 = EDGE_LOOP('',(#527,#528,#529,#550));
#527 = ORIENTED_EDGE('',*,*,#426,.F.);
#528 = ORIENTED_EDGE('',*,*,#56,.T.);
#529 = ORIENTED_EDGE('',*,*,#530,.T.);
#530 = EDGE_CURVE('',#57,#531,#533,.T.);
#531 = VERTEX_POINT('',#532);
#532 = CARTESIAN_POINT('',(81.3,12.,0.3000001));
#533 = SURFACE_CURVE('',#534,(#538,#544),.PCURVE_S1.);
#534 = LINE('',#535,#536);
#535 = CARTESIAN_POINT('',(81.3,12.,0.3000001));
#536 = VECTOR('',#537,1.);
#537 = DIRECTION('',(-0.707106781187,4.329780281177E-17,0.707106781187)
  );
#538 = PCURVE('',#73,#539);
#539 = DEFINITIONAL_REPRESENTATION('',(#540),#543);
#540 = B_SPLINE_CURVE_WITH_KNOTS('',1,(#541,#542),.UNSPECIFIED.,.F.,.F.,
  (2,2),(-0.424264068712,0.),.PIECEWISE_BEZIER_KNOTS.);
#541 = CARTESIAN_POINT('',(-1.570796326795,0.3));
#542 = CARTESIAN_POINT('',(-1.570796326795,0.));
#543 = ( GEOMETRIC_REPRESENTATION_CONTEXT(2) 
PARAMETRIC_REPRESENTATION_CONTEXT() REPRESENTATION_CONTEXT('2D SPACE',''
  ) );
#544 = PCURVE('',#101,#545);
#545 = DEFINITIONAL_REPRESENTATION('',(#546),#549);
#546 = B_SPLINE_CURVE_WITH_KNOTS('',1,(#547,#548),.UNSPECIFIED.,.F.,.F.,
  (2,2),(-0.424264068712,0.),.PIECEWISE_BEZIER_KNOTS.);
#547 = CARTESIAN_POINT('',(0.,-0.212132034356));
#548 = CARTESIAN_POINT('',(0.,0.212132034356));
#549 = ( GEOMETRIC_REPRESENTATION_CONTEXT(2) 
PARAMETRIC_REPRESENTATION_CONTEXT() REPRESENTATION_CONTEXT('2D SPACE',''
  ) );
#550 = ORIENTED_EDGE('',*,*,#551,.F.);
#551 = EDGE_CURVE('',#427,#531,#552,.T.);
#552 = SURFACE_CURVE('',#553,(#558,#565),.PCURVE_S1.);
#553 = CIRCLE('',#554,6.);
#554 = AXIS2_PLACEMENT_3D('',#555,#556,#557);
#555 = CARTESIAN_POINT('',(75.3,12.,0.3000001));
#556 = DIRECTION('',(-0.,0.,1.));
#557 = DIRECTION('',(0.,-1.,0.));
#558 = PCURVE('',#73,#559);
#559 = DEFINITIONAL_REPRESENTATION('',(#560),#564);
#560 = LINE('',#561,#562);
#561 = CARTESIAN_POINT('',(-0.,-0.));
#562 = VECTOR('',#563,1.);
#563 = DIRECTION('',(-1.,-0.));
#564 = ( GEOMETRIC_REPRESENTATION_CONTEXT(2) 
PARAMETRIC_REPRESENTATION_CONTEXT() REPRESENTATION_CONTEXT('2D SPACE',''
  ) );
#565 = PCURVE('',#566,#571);
#566 = CYLINDRICAL_SURFACE('',#567,6.);
#567 = AXIS2_PLACEMENT_3D('',#568,#569,#570);
#568 = CARTESIAN_POINT('',(75.3,12.,9.999999717181E-08));
#569 = DIRECTION('',(0.,-0.,-1.));
#570 = DIRECTION('',(-1.,-0.,-0.));
#571 = DEFINITIONAL_REPRESENTATION('',(#572),#576);
#572 = LINE('',#573,#574);
#573 = CARTESIAN_POINT('',(4.712388980385,-0.3));
#574 = VECTOR('',#575,1.);
#575 = DIRECTION('',(-1.,-0.));
#576 = ( GEOMETRIC_REPRESENTATION_CONTEXT(2) 
PARAMETRIC_REPRESENTATION_CONTEXT() REPRESENTATION_CONTEXT('2D SPACE',''
  ) );
#577 = ADVANCED_FACE('',(#578),#130,.F.);
#578 = FACE_BOUND('',#579,.F.);
#579 = EDGE_LOOP('',(#580,#601,#602,#603));
#580 = ORIENTED_EDGE('',*,*,#581,.F.);
#581 = EDGE_CURVE('',#86,#582,#584,.T.);
#582 = VERTEX_POINT('',#583);
#583 = CARTESIAN_POINT('',(81.3,62.15648580802,0.3000001));
#584 = SURFACE_CURVE('',#585,(#589,#595),.PCURVE_S1.);
#585 = LINE('',#586,#587);
#586 = CARTESIAN_POINT('',(81.45,62.15648580802,0.1500001));
#587 = VECTOR('',#588,1.);
#588 = DIRECTION('',(-0.707106781187,0.,0.707106781187));
#589 = PCURVE('',#130,#590);
#590 = DEFINITIONAL_REPRESENTATION('',(#591),#594);
#591 = B_SPLINE_CURVE_WITH_KNOTS('',1,(#592,#593),.UNSPECIFIED.,.F.,.F.,
  (2,2),(-0.212132034356,0.212132034356),.PIECEWISE_BEZIER_KNOTS.);
#592 = CARTESIAN_POINT('',(0.,0.3));
#593 = CARTESIAN_POINT('',(0.,5.887846720064E-16));
#594 = ( GEOMETRIC_REPRESENTATION_CONTEXT(2) 
PARAMETRIC_REPRESENTATION_CONTEXT() REPRESENTATION_CONTEXT('2D SPACE',''
  ) );
#595 = PCURVE('',#101,#596);
#596 = DEFINITIONAL_REPRESENTATION('',(#597),#600);
#597 = B_SPLINE_CURVE_WITH_KNOTS('',1,(#598,#599),.UNSPECIFIED.,.F.,.F.,
  (2,2),(-0.212132034356,0.212132034356),.PIECEWISE_BEZIER_KNOTS.);
#598 = CARTESIAN_POINT('',(50.15648580802,-0.212132034356));
#599 = CARTESIAN_POINT('',(50.15648580802,0.212132034356));
#600 = ( GEOMETRIC_REPRESENTATION_CONTEXT(2) 
PARAMETRIC_REPRESENTATION_CONTEXT() REPRESENTATION_CONTEXT('2D SPACE',''
  ) );
#601 = ORIENTED_EDGE('',*,*,#113,.T.);
#602 = ORIENTED_EDGE('',*,*,#476,.T.);
#603 = ORIENTED_EDGE('',*,*,#604,.F.);
#604 = EDGE_CURVE('',#582,#477,#605,.T.);
#605 = SURFACE_CURVE('',#606,(#611,#618),.PCURVE_S1.);
#606 = CIRCLE('',#607,2.);
#607 = AXIS2_PLACEMENT_3D('',#608,#609,#610);
#608 = CARTESIAN_POINT('',(79.3,62.15648580802,0.3000001));
#609 = DIRECTION('',(0.,-0.,1.));
#610 = DIRECTION('',(1.,0.,0.));
#611 = PCURVE('',#130,#612);
#612 = DEFINITIONAL_REPRESENTATION('',(#613),#617);
#613 = LINE('',#614,#615);
#614 = CARTESIAN_POINT('',(-0.,-0.));
#615 = VECTOR('',#616,1.);
#616 = DIRECTION('',(-1.,-0.));
#617 = ( GEOMETRIC_REPRESENTATION_CONTEXT(2) 
PARAMETRIC_REPRESENTATION_CONTEXT() REPRESENTATION_CONTEXT('2D SPACE',''
  ) );
#618 = PCURVE('',#619,#624);
#619 = CYLINDRICAL_SURFACE('',#620,2.);
#620 = AXIS2_PLACEMENT_3D('',#621,#622,#623);
#621 = CARTESIAN_POINT('',(79.3,62.15648580802,43.6000001));
#622 = DIRECTION('',(-0.,-0.,-1.));
#623 = DIRECTION('',(1.,-0.,0.));
#624 = DEFINITIONAL_REPRESENTATION('',(#625),#629);
#625 = LINE('',#626,#627);
#626 = CARTESIAN_POINT('',(-0.,43.3));
#627 = VECTOR('',#628,1.);
#628 = DIRECTION('',(-1.,0.));
#629 = ( GEOMETRIC_REPRESENTATION_CONTEXT(2) 
PARAMETRIC_REPRESENTATION_CONTEXT() REPRESENTATION_CONTEXT('2D SPACE',''
  ) );
#630 = ADVANCED_FACE('',(#631),#101,.F.);
#631 = FACE_BOUND('',#632,.F.);
#632 = EDGE_LOOP('',(#633,#634,#635,#636));
#633 = ORIENTED_EDGE('',*,*,#530,.F.);
#634 = ORIENTED_EDGE('',*,*,#85,.T.);
#635 = ORIENTED_EDGE('',*,*,#581,.T.);
#636 = ORIENTED_EDGE('',*,*,#637,.F.);
#637 = EDGE_CURVE('',#531,#582,#638,.T.);
#638 = SURFACE_CURVE('',#639,(#643,#650),.PCURVE_S1.);
#639 = LINE('',#640,#641);
#640 = CARTESIAN_POINT('',(81.3,12.,0.3000001));
#641 = VECTOR('',#642,1.);
#642 = DIRECTION('',(0.,1.,0.));
#643 = PCURVE('',#101,#644);
#644 = DEFINITIONAL_REPRESENTATION('',(#645),#649);
#645 = LINE('',#646,#647);
#646 = CARTESIAN_POINT('',(0.,0.212132034356));
#647 = VECTOR('',#648,1.);
#648 = DIRECTION('',(1.,0.));
#649 = ( GEOMETRIC_REPRESENTATION_CONTEXT(2) 
PARAMETRIC_REPRESENTATION_CONTEXT() REPRESENTATION_CONTEXT('2D SPACE',''
  ) );
#650 = PCURVE('',#651,#656);
#651 = PLANE('',#652);
#652 = AXIS2_PLACEMENT_3D('',#653,#654,#655);
#653 = CARTESIAN_POINT('',(81.3,0.,9.999999717181E-08));
#654 = DIRECTION('',(-1.,-0.,0.));
#655 = DIRECTION('',(0.,-0.,-1.));
#656 = DEFINITIONAL_REPRESENTATION('',(#657),#661);
#657 = LINE('',#658,#659);
#658 = CARTESIAN_POINT('',(-0.3,-12.));
#659 = VECTOR('',#660,1.);
#660 = DIRECTION('',(-0.,-1.));
#661 = ( GEOMETRIC_REPRESENTATION_CONTEXT(2) 
PARAMETRIC_REPRESENTATION_CONTEXT() REPRESENTATION_CONTEXT('2D SPACE',''
  ) );
#662 = ADVANCED_FACE('',(#663),#188,.F.);
#663 = FACE_BOUND('',#664,.T.);
#664 = EDGE_LOOP('',(#665,#688,#689,#710));
#665 = ORIENTED_EDGE('',*,*,#666,.F.);
#666 = EDGE_CURVE('',#171,#667,#669,.T.);
#667 = VERTEX_POINT('',#668);
#668 = CARTESIAN_POINT('',(23.3,8.987274337369,0.3000001));
#669 = SURFACE_CURVE('',#670,(#674,#681),.PCURVE_S1.);
#670 = LINE('',#671,#672);
#671 = CARTESIAN_POINT('',(30.828200734614,6.09528282532,-7.228200634613
    ));
#672 = VECTOR('',#673,1.);
#673 = DIRECTION('',(-0.682379340057,0.262139032819,0.682379340057));
#674 = PCURVE('',#188,#675);
#675 = DEFINITIONAL_REPRESENTATION('',(#676),#680);
#676 = LINE('',#677,#678);
#677 = CARTESIAN_POINT('',(-2.891991512049,-10.4343515448));
#678 = VECTOR('',#679,1.);
#679 = DIRECTION('',(0.262139032819,0.965030117391));
#680 = ( GEOMETRIC_REPRESENTATION_CONTEXT(2) 
PARAMETRIC_REPRESENTATION_CONTEXT() REPRESENTATION_CONTEXT('2D SPACE',''
  ) );
#681 = PCURVE('',#216,#682);
#682 = DEFINITIONAL_REPRESENTATION('',(#683),#687);
#683 = LINE('',#684,#685);
#684 = CARTESIAN_POINT('',(-79.71735695178,-10.4343515448));
#685 = VECTOR('',#686,1.);
#686 = DIRECTION('',(-0.262139032819,0.965030117391));
#687 = ( GEOMETRIC_REPRESENTATION_CONTEXT(2) 
PARAMETRIC_REPRESENTATION_CONTEXT() REPRESENTATION_CONTEXT('2D SPACE',''
  ) );
#688 = ORIENTED_EDGE('',*,*,#170,.T.);
#689 = ORIENTED_EDGE('',*,*,#690,.T.);
#690 = EDGE_CURVE('',#173,#691,#693,.T.);
#691 = VERTEX_POINT('',#692);
#692 = CARTESIAN_POINT('',(23.3,8.,0.3000001));
#693 = SURFACE_CURVE('',#694,(#698,#704),.PCURVE_S1.);
#694 = LINE('',#695,#696);
#695 = CARTESIAN_POINT('',(23.45,8.,0.1500001));
#696 = VECTOR('',#697,1.);
#697 = DIRECTION('',(-0.707106781187,-0.,0.707106781187));
#698 = PCURVE('',#188,#699);
#699 = DEFINITIONAL_REPRESENTATION('',(#700),#703);
#700 = B_SPLINE_CURVE_WITH_KNOTS('',1,(#701,#702),.UNSPECIFIED.,.F.,.F.,
  (2,2),(-0.212132034356,0.212132034356),.PIECEWISE_BEZIER_KNOTS.);
#701 = CARTESIAN_POINT('',(-0.987274337369,-0.212132034356));
#702 = CARTESIAN_POINT('',(-0.987274337369,0.212132034356));
#703 = ( GEOMETRIC_REPRESENTATION_CONTEXT(2) 
PARAMETRIC_REPRESENTATION_CONTEXT() REPRESENTATION_CONTEXT('2D SPACE',''
  ) );
#704 = PCURVE('',#387,#705);
#705 = DEFINITIONAL_REPRESENTATION('',(#706),#709);
#706 = B_SPLINE_CURVE_WITH_KNOTS('',1,(#707,#708),.UNSPECIFIED.,.F.,.F.,
  (2,2),(-0.212132034356,0.212132034356),.PIECEWISE_BEZIER_KNOTS.);
#707 = CARTESIAN_POINT('',(0.,0.3));
#708 = CARTESIAN_POINT('',(0.,5.887846720064E-16));
#709 = ( GEOMETRIC_REPRESENTATION_CONTEXT(2) 
PARAMETRIC_REPRESENTATION_CONTEXT() REPRESENTATION_CONTEXT('2D SPACE',''
  ) );
#710 = ORIENTED_EDGE('',*,*,#711,.F.);
#711 = EDGE_CURVE('',#667,#691,#712,.T.);
#712 = SURFACE_CURVE('',#713,(#717,#724),.PCURVE_S1.);
#713 = LINE('',#714,#715);
#714 = CARTESIAN_POINT('',(23.3,8.987274337369,0.3000001));
#715 = VECTOR('',#716,1.);
#716 = DIRECTION('',(-0.,-1.,-0.));
#717 = PCURVE('',#188,#718);
#718 = DEFINITIONAL_REPRESENTATION('',(#719),#723);
#719 = LINE('',#720,#721);
#720 = CARTESIAN_POINT('',(-0.,0.212132034356));
#721 = VECTOR('',#722,1.);
#722 = DIRECTION('',(-1.,0.));
#723 = ( GEOMETRIC_REPRESENTATION_CONTEXT(2) 
PARAMETRIC_REPRESENTATION_CONTEXT() REPRESENTATION_CONTEXT('2D SPACE',''
  ) );
#724 = PCURVE('',#725,#730);
#725 = PLANE('',#726);
#726 = AXIS2_PLACEMENT_3D('',#727,#728,#729);
#727 = CARTESIAN_POINT('',(23.3,0.,-0.9999999));
#728 = DIRECTION('',(-1.,-0.,0.));
#729 = DIRECTION('',(0.,-0.,-1.));
#730 = DEFINITIONAL_REPRESENTATION('',(#731),#735);
#731 = LINE('',#732,#733);
#732 = CARTESIAN_POINT('',(-1.3,-8.987274337369));
#733 = VECTOR('',#734,1.);
#734 = DIRECTION('',(0.,1.));
#735 = ( GEOMETRIC_REPRESENTATION_CONTEXT(2) 
PARAMETRIC_REPRESENTATION_CONTEXT() REPRESENTATION_CONTEXT('2D SPACE',''
  ) );
#736 = ADVANCED_FACE('',(#737),#216,.F.);
#737 = FACE_BOUND('',#738,.T.);
#738 = EDGE_LOOP('',(#739,#762,#763,#764));
#739 = ORIENTED_EDGE('',*,*,#740,.F.);
#740 = EDGE_CURVE('',#201,#741,#743,.T.);
#741 = VERTEX_POINT('',#742);
#742 = CARTESIAN_POINT('',(78.607507201749,70.35,0.3000001));
#743 = SURFACE_CURVE('',#744,(#748,#755),.PCURVE_S1.);
#744 = LINE('',#745,#746);
#745 = CARTESIAN_POINT('',(79.014646599576,69.434926802722,
    -0.615073097278));
#746 = VECTOR('',#747,1.);
#747 = DIRECTION('',(-0.30010797147,0.67451286328,0.67451286328));
#748 = PCURVE('',#216,#749);
#749 = DEFINITIONAL_REPRESENTATION('',(#750),#754);
#750 = LINE('',#751,#752);
#751 = CARTESIAN_POINT('',(-0.407139397826,-1.081976891799));
#752 = VECTOR('',#753,1.);
#753 = DIRECTION('',(0.30010797147,0.953905239245));
#754 = ( GEOMETRIC_REPRESENTATION_CONTEXT(2) 
PARAMETRIC_REPRESENTATION_CONTEXT() REPRESENTATION_CONTEXT('2D SPACE',''
  ) );
#755 = PCURVE('',#244,#756);
#756 = DEFINITIONAL_REPRESENTATION('',(#757),#761);
#757 = LINE('',#758,#759);
#758 = CARTESIAN_POINT('',(-7.285353400424,-1.081976891799));
#759 = VECTOR('',#760,1.);
#760 = DIRECTION('',(-0.30010797147,0.953905239245));
#761 = ( GEOMETRIC_REPRESENTATION_CONTEXT(2) 
PARAMETRIC_REPRESENTATION_CONTEXT() REPRESENTATION_CONTEXT('2D SPACE',''
  ) );
#762 = ORIENTED_EDGE('',*,*,#200,.T.);
#763 = ORIENTED_EDGE('',*,*,#666,.T.);
#764 = ORIENTED_EDGE('',*,*,#765,.F.);
#765 = EDGE_CURVE('',#741,#667,#766,.T.);
#766 = SURFACE_CURVE('',#767,(#771,#778),.PCURVE_S1.);
#767 = LINE('',#768,#769);
#768 = CARTESIAN_POINT('',(78.607507201749,70.35,0.3000001));
#769 = VECTOR('',#770,1.);
#770 = DIRECTION('',(-0.669506638537,-0.742806072239,-0.));
#771 = PCURVE('',#216,#772);
#772 = DEFINITIONAL_REPRESENTATION('',(#773),#777);
#773 = LINE('',#774,#775);
#774 = CARTESIAN_POINT('',(-0.,0.212132034356));
#775 = VECTOR('',#776,1.);
#776 = DIRECTION('',(-1.,0.));
#777 = ( GEOMETRIC_REPRESENTATION_CONTEXT(2) 
PARAMETRIC_REPRESENTATION_CONTEXT() REPRESENTATION_CONTEXT('2D SPACE',''
  ) );
#778 = PCURVE('',#779,#784);
#779 = PLANE('',#780);
#780 = AXIS2_PLACEMENT_3D('',#781,#782,#783);
#781 = CARTESIAN_POINT('',(85.170440963818,77.631461854985,
    9.999999717181E-08));
#782 = DIRECTION('',(-0.742806072239,0.669506638537,-0.));
#783 = DIRECTION('',(0.669506638537,0.742806072239,0.));
#784 = DEFINITIONAL_REPRESENTATION('',(#785),#789);
#785 = LINE('',#786,#787);
#786 = CARTESIAN_POINT('',(-9.802641802642,-0.3));
#787 = VECTOR('',#788,1.);
#788 = DIRECTION('',(-1.,0.));
#789 = ( GEOMETRIC_REPRESENTATION_CONTEXT(2) 
PARAMETRIC_REPRESENTATION_CONTEXT() REPRESENTATION_CONTEXT('2D SPACE',''
  ) );
#790 = ADVANCED_FACE('',(#791),#387,.F.);
#791 = FACE_BOUND('',#792,.T.);
#792 = EDGE_LOOP('',(#793,#794,#795,#816));
#793 = ORIENTED_EDGE('',*,*,#690,.F.);
#794 = ORIENTED_EDGE('',*,*,#368,.T.);
#795 = ORIENTED_EDGE('',*,*,#796,.T.);
#796 = EDGE_CURVE('',#341,#797,#799,.T.);
#797 = VERTEX_POINT('',#798);
#798 = CARTESIAN_POINT('',(21.3,6.,0.3000001));
#799 = SURFACE_CURVE('',#800,(#804,#810),.PCURVE_S1.);
#800 = LINE('',#801,#802);
#801 = CARTESIAN_POINT('',(21.3,6.,0.3000001));
#802 = VECTOR('',#803,1.);
#803 = DIRECTION('',(-4.329780281177E-17,0.707106781187,0.707106781187)
  );
#804 = PCURVE('',#387,#805);
#805 = DEFINITIONAL_REPRESENTATION('',(#806),#809);
#806 = B_SPLINE_CURVE_WITH_KNOTS('',1,(#807,#808),.UNSPECIFIED.,.F.,.F.,
  (2,2),(-0.424264068712,0.),.PIECEWISE_BEZIER_KNOTS.);
#807 = CARTESIAN_POINT('',(1.570796326795,0.3));
#808 = CARTESIAN_POINT('',(1.570796326795,0.));
#809 = ( GEOMETRIC_REPRESENTATION_CONTEXT(2) 
PARAMETRIC_REPRESENTATION_CONTEXT() REPRESENTATION_CONTEXT('2D SPACE',''
  ) );
#810 = PCURVE('',#356,#811);
#811 = DEFINITIONAL_REPRESENTATION('',(#812),#815);
#812 = B_SPLINE_CURVE_WITH_KNOTS('',1,(#813,#814),.UNSPECIFIED.,.F.,.F.,
  (2,2),(-0.424264068712,0.),.PIECEWISE_BEZIER_KNOTS.);
#813 = CARTESIAN_POINT('',(0.,-0.212132034356));
#814 = CARTESIAN_POINT('',(0.,0.212132034356));
#815 = ( GEOMETRIC_REPRESENTATION_CONTEXT(2) 
PARAMETRIC_REPRESENTATION_CONTEXT() REPRESENTATION_CONTEXT('2D SPACE',''
  ) );
#816 = ORIENTED_EDGE('',*,*,#817,.F.);
#817 = EDGE_CURVE('',#691,#797,#818,.T.);
#818 = SURFACE_CURVE('',#819,(#824,#831),.PCURVE_S1.);
#819 = CIRCLE('',#820,2.);
#820 = AXIS2_PLACEMENT_3D('',#821,#822,#823);
#821 = CARTESIAN_POINT('',(21.3,8.,0.3000001));
#822 = DIRECTION('',(0.,0.,-1.));
#823 = DIRECTION('',(1.,0.,0.));
#824 = PCURVE('',#387,#825);
#825 = DEFINITIONAL_REPRESENTATION('',(#826),#830);
#826 = LINE('',#827,#828);
#827 = CARTESIAN_POINT('',(0.,-0.));
#828 = VECTOR('',#829,1.);
#829 = DIRECTION('',(1.,-0.));
#830 = ( GEOMETRIC_REPRESENTATION_CONTEXT(2) 
PARAMETRIC_REPRESENTATION_CONTEXT() REPRESENTATION_CONTEXT('2D SPACE',''
  ) );
#831 = PCURVE('',#832,#837);
#832 = CYLINDRICAL_SURFACE('',#833,2.);
#833 = AXIS2_PLACEMENT_3D('',#834,#835,#836);
#834 = CARTESIAN_POINT('',(21.3,8.,43.6000001));
#835 = DIRECTION('',(-0.,-0.,-1.));
#836 = DIRECTION('',(-0.,-1.,-0.));
#837 = DEFINITIONAL_REPRESENTATION('',(#838),#842);
#838 = LINE('',#839,#840);
#839 = CARTESIAN_POINT('',(-1.570796326795,43.3));
#840 = VECTOR('',#841,1.);
#841 = DIRECTION('',(1.,-0.));
#842 = ( GEOMETRIC_REPRESENTATION_CONTEXT(2) 
PARAMETRIC_REPRESENTATION_CONTEXT() REPRESENTATION_CONTEXT('2D SPACE',''
  ) );
#843 = ADVANCED_FACE('',(#844),#244,.F.);
#844 = FACE_BOUND('',#845,.T.);
#845 = EDGE_LOOP('',(#846,#869,#870,#871));
#846 = ORIENTED_EDGE('',*,*,#847,.F.);
#847 = EDGE_CURVE('',#229,#848,#850,.T.);
#848 = VERTEX_POINT('',#849);
#849 = CARTESIAN_POINT('',(86.3,70.35,0.3000001));
#850 = SURFACE_CURVE('',#851,(#855,#862),.PCURVE_S1.);
#851 = LINE('',#852,#853);
#852 = CARTESIAN_POINT('',(86.2,70.25,0.2000001));
#853 = VECTOR('',#854,1.);
#854 = DIRECTION('',(0.57735026919,0.57735026919,0.57735026919));
#855 = PCURVE('',#244,#856);
#856 = DEFINITIONAL_REPRESENTATION('',(#857),#861);
#857 = LINE('',#858,#859);
#858 = CARTESIAN_POINT('',(-0.1,7.071067811865E-02));
#859 = VECTOR('',#860,1.);
#860 = DIRECTION('',(0.57735026919,0.816496580928));
#861 = ( GEOMETRIC_REPRESENTATION_CONTEXT(2) 
PARAMETRIC_REPRESENTATION_CONTEXT() REPRESENTATION_CONTEXT('2D SPACE',''
  ) );
#862 = PCURVE('',#272,#863);
#863 = DEFINITIONAL_REPRESENTATION('',(#864),#868);
#864 = LINE('',#865,#866);
#865 = CARTESIAN_POINT('',(-0.1,7.071067811865E-02));
#866 = VECTOR('',#867,1.);
#867 = DIRECTION('',(0.57735026919,0.816496580928));
#868 = ( GEOMETRIC_REPRESENTATION_CONTEXT(2) 
PARAMETRIC_REPRESENTATION_CONTEXT() REPRESENTATION_CONTEXT('2D SPACE',''
  ) );
#869 = ORIENTED_EDGE('',*,*,#228,.T.);
#870 = ORIENTED_EDGE('',*,*,#740,.T.);
#871 = ORIENTED_EDGE('',*,*,#872,.F.);
#872 = EDGE_CURVE('',#848,#741,#873,.T.);
#873 = SURFACE_CURVE('',#874,(#878,#885),.PCURVE_S1.);
#874 = LINE('',#875,#876);
#875 = CARTESIAN_POINT('',(86.3,70.35,0.3000001));
#876 = VECTOR('',#877,1.);
#877 = DIRECTION('',(-1.,-0.,-0.));
#878 = PCURVE('',#244,#879);
#879 = DEFINITIONAL_REPRESENTATION('',(#880),#884);
#880 = LINE('',#881,#882);
#881 = CARTESIAN_POINT('',(-0.,0.212132034356));
#882 = VECTOR('',#883,1.);
#883 = DIRECTION('',(-1.,0.));
#884 = ( GEOMETRIC_REPRESENTATION_CONTEXT(2) 
PARAMETRIC_REPRESENTATION_CONTEXT() REPRESENTATION_CONTEXT('2D SPACE',''
  ) );
#885 = PCURVE('',#886,#891);
#886 = PLANE('',#887);
#887 = AXIS2_PLACEMENT_3D('',#888,#889,#890);
#888 = CARTESIAN_POINT('',(86.3,70.35,9.999999717181E-08));
#889 = DIRECTION('',(-0.,1.,-0.));
#890 = DIRECTION('',(0.,0.,-1.));
#891 = DEFINITIONAL_REPRESENTATION('',(#892),#896);
#892 = LINE('',#893,#894);
#893 = CARTESIAN_POINT('',(-0.3,0.));
#894 = VECTOR('',#895,1.);
#895 = DIRECTION('',(-0.,1.));
#896 = ( GEOMETRIC_REPRESENTATION_CONTEXT(2) 
PARAMETRIC_REPRESENTATION_CONTEXT() REPRESENTATION_CONTEXT('2D SPACE',''
  ) );
#897 = ADVANCED_FACE('',(#898),#356,.F.);
#898 = FACE_BOUND('',#899,.T.);
#899 = EDGE_LOOP('',(#900,#901,#902,#925));
#900 = ORIENTED_EDGE('',*,*,#796,.F.);
#901 = ORIENTED_EDGE('',*,*,#340,.T.);
#902 = ORIENTED_EDGE('',*,*,#903,.T.);
#903 = EDGE_CURVE('',#313,#904,#906,.T.);
#904 = VERTEX_POINT('',#905);
#905 = CARTESIAN_POINT('',(0.,6.,0.3000001));
#906 = SURFACE_CURVE('',#907,(#911,#918),.PCURVE_S1.);
#907 = LINE('',#908,#909);
#908 = CARTESIAN_POINT('',(4.65,1.35,-4.3499999));
#909 = VECTOR('',#910,1.);
#910 = DIRECTION('',(-0.57735026919,0.57735026919,0.57735026919));
#911 = PCURVE('',#356,#912);
#912 = DEFINITIONAL_REPRESENTATION('',(#913),#917);
#913 = LINE('',#914,#915);
#914 = CARTESIAN_POINT('',(-16.65,-6.363961030679));
#915 = VECTOR('',#916,1.);
#916 = DIRECTION('',(-0.57735026919,0.816496580928));
#917 = ( GEOMETRIC_REPRESENTATION_CONTEXT(2) 
PARAMETRIC_REPRESENTATION_CONTEXT() REPRESENTATION_CONTEXT('2D SPACE',''
  ) );
#918 = PCURVE('',#328,#919);
#919 = DEFINITIONAL_REPRESENTATION('',(#920),#924);
#920 = LINE('',#921,#922);
#921 = CARTESIAN_POINT('',(1.35,-6.363961030679));
#922 = VECTOR('',#923,1.);
#923 = DIRECTION('',(0.57735026919,0.816496580928));
#924 = ( GEOMETRIC_REPRESENTATION_CONTEXT(2) 
PARAMETRIC_REPRESENTATION_CONTEXT() REPRESENTATION_CONTEXT('2D SPACE',''
  ) );
#925 = ORIENTED_EDGE('',*,*,#926,.F.);
#926 = EDGE_CURVE('',#797,#904,#927,.T.);
#927 = SURFACE_CURVE('',#928,(#932,#939),.PCURVE_S1.);
#928 = LINE('',#929,#930);
#929 = CARTESIAN_POINT('',(21.3,6.,0.3000001));
#930 = VECTOR('',#931,1.);
#931 = DIRECTION('',(-1.,-0.,0.));
#932 = PCURVE('',#356,#933);
#933 = DEFINITIONAL_REPRESENTATION('',(#934),#938);
#934 = LINE('',#935,#936);
#935 = CARTESIAN_POINT('',(-0.,0.212132034356));
#936 = VECTOR('',#937,1.);
#937 = DIRECTION('',(-1.,0.));
#938 = ( GEOMETRIC_REPRESENTATION_CONTEXT(2) 
PARAMETRIC_REPRESENTATION_CONTEXT() REPRESENTATION_CONTEXT('2D SPACE',''
  ) );
#939 = PCURVE('',#940,#945);
#940 = PLANE('',#941);
#941 = AXIS2_PLACEMENT_3D('',#942,#943,#944);
#942 = CARTESIAN_POINT('',(86.3,6.,9.999999717181E-08));
#943 = DIRECTION('',(0.,1.,0.));
#944 = DIRECTION('',(0.,-0.,-1.));
#945 = DEFINITIONAL_REPRESENTATION('',(#946),#950);
#946 = LINE('',#947,#948);
#947 = CARTESIAN_POINT('',(-0.3,65.));
#948 = VECTOR('',#949,1.);
#949 = DIRECTION('',(-0.,1.));
#950 = ( GEOMETRIC_REPRESENTATION_CONTEXT(2) 
PARAMETRIC_REPRESENTATION_CONTEXT() REPRESENTATION_CONTEXT('2D SPACE',''
  ) );
#951 = ADVANCED_FACE('',(#952),#272,.T.);
#952 = FACE_BOUND('',#953,.F.);
#953 = EDGE_LOOP('',(#954,#955,#956,#979));
#954 = ORIENTED_EDGE('',*,*,#847,.F.);
#955 = ORIENTED_EDGE('',*,*,#256,.T.);
#956 = ORIENTED_EDGE('',*,*,#957,.T.);
#957 = EDGE_CURVE('',#257,#958,#960,.T.);
#958 = VERTEX_POINT('',#959);
#959 = CARTESIAN_POINT('',(86.3,-2.775557561563E-17,0.3000001));
#960 = SURFACE_CURVE('',#961,(#965,#972),.PCURVE_S1.);
#961 = LINE('',#962,#963);
#962 = CARTESIAN_POINT('',(74.475,11.825,-11.5249999));
#963 = VECTOR('',#964,1.);
#964 = DIRECTION('',(0.57735026919,-0.57735026919,0.57735026919));
#965 = PCURVE('',#272,#966);
#966 = DEFINITIONAL_REPRESENTATION('',(#967),#971);
#967 = LINE('',#968,#969);
#968 = CARTESIAN_POINT('',(-58.525,-16.5109433407));
#969 = VECTOR('',#970,1.);
#970 = DIRECTION('',(-0.57735026919,0.816496580928));
#971 = ( GEOMETRIC_REPRESENTATION_CONTEXT(2) 
PARAMETRIC_REPRESENTATION_CONTEXT() REPRESENTATION_CONTEXT('2D SPACE',''
  ) );
#972 = PCURVE('',#300,#973);
#973 = DEFINITIONAL_REPRESENTATION('',(#974),#978);
#974 = LINE('',#975,#976);
#975 = CARTESIAN_POINT('',(-11.825,-16.5109433407));
#976 = VECTOR('',#977,1.);
#977 = DIRECTION('',(0.57735026919,0.816496580928));
#978 = ( GEOMETRIC_REPRESENTATION_CONTEXT(2) 
PARAMETRIC_REPRESENTATION_CONTEXT() REPRESENTATION_CONTEXT('2D SPACE',''
  ) );
#979 = ORIENTED_EDGE('',*,*,#980,.F.);
#980 = EDGE_CURVE('',#848,#958,#981,.T.);
#981 = SURFACE_CURVE('',#982,(#986,#993),.PCURVE_S1.);
#982 = LINE('',#983,#984);
#983 = CARTESIAN_POINT('',(86.3,70.35,0.3000001));
#984 = VECTOR('',#985,1.);
#985 = DIRECTION('',(-0.,-1.,-0.));
#986 = PCURVE('',#272,#987);
#987 = DEFINITIONAL_REPRESENTATION('',(#988),#992);
#988 = LINE('',#989,#990);
#989 = CARTESIAN_POINT('',(-0.,0.212132034356));
#990 = VECTOR('',#991,1.);
#991 = DIRECTION('',(-1.,0.));
#992 = ( GEOMETRIC_REPRESENTATION_CONTEXT(2) 
PARAMETRIC_REPRESENTATION_CONTEXT() REPRESENTATION_CONTEXT('2D SPACE',''
  ) );
#993 = PCURVE('',#994,#999);
#994 = PLANE('',#995);
#995 = AXIS2_PLACEMENT_3D('',#996,#997,#998);
#996 = CARTESIAN_POINT('',(86.3,0.,9.999999717181E-08));
#997 = DIRECTION('',(-1.,-0.,-0.));
#998 = DIRECTION('',(0.,0.,-1.));
#999 = DEFINITIONAL_REPRESENTATION('',(#1000),#1004);
#1000 = LINE('',#1001,#1002);
#1001 = CARTESIAN_POINT('',(-0.3,-70.35));
#1002 = VECTOR('',#1003,1.);
#1003 = DIRECTION('',(-0.,1.));
#1004 = ( GEOMETRIC_REPRESENTATION_CONTEXT(2) 
PARAMETRIC_REPRESENTATION_CONTEXT() REPRESENTATION_CONTEXT('2D SPACE',''
  ) );
#1005 = ADVANCED_FACE('',(#1006),#328,.F.);
#1006 = FACE_BOUND('',#1007,.F.);
#1007 = EDGE_LOOP('',(#1008,#1031,#1032,#1033));
#1008 = ORIENTED_EDGE('',*,*,#1009,.F.);
#1009 = EDGE_CURVE('',#285,#1010,#1012,.T.);
#1010 = VERTEX_POINT('',#1011);
#1011 = CARTESIAN_POINT('',(-2.775557561563E-17,0.,0.3000001));
#1012 = SURFACE_CURVE('',#1013,(#1017,#1024),.PCURVE_S1.);
#1013 = LINE('',#1014,#1015);
#1014 = CARTESIAN_POINT('',(14.483333333333,14.483333333333,
    -14.18333323333));
#1015 = VECTOR('',#1016,1.);
#1016 = DIRECTION('',(-0.57735026919,-0.57735026919,0.57735026919));
#1017 = PCURVE('',#328,#1018);
#1018 = DEFINITIONAL_REPRESENTATION('',(#1019),#1023);
#1019 = LINE('',#1020,#1021);
#1020 = CARTESIAN_POINT('',(14.483333333333,-20.27039439401));
#1021 = VECTOR('',#1022,1.);
#1022 = DIRECTION('',(-0.57735026919,0.816496580928));
#1023 = ( GEOMETRIC_REPRESENTATION_CONTEXT(2) 
PARAMETRIC_REPRESENTATION_CONTEXT() REPRESENTATION_CONTEXT('2D SPACE',''
  ) );
#1024 = PCURVE('',#300,#1025);
#1025 = DEFINITIONAL_REPRESENTATION('',(#1026),#1030);
#1026 = LINE('',#1027,#1028);
#1027 = CARTESIAN_POINT('',(-71.81666666666,-20.27039439401));
#1028 = VECTOR('',#1029,1.);
#1029 = DIRECTION('',(-0.57735026919,0.816496580928));
#1030 = ( GEOMETRIC_REPRESENTATION_CONTEXT(2) 
PARAMETRIC_REPRESENTATION_CONTEXT() REPRESENTATION_CONTEXT('2D SPACE',''
  ) );
#1031 = ORIENTED_EDGE('',*,*,#312,.T.);
#1032 = ORIENTED_EDGE('',*,*,#903,.T.);
#1033 = ORIENTED_EDGE('',*,*,#1034,.F.);
#1034 = EDGE_CURVE('',#1010,#904,#1035,.T.);
#1035 = SURFACE_CURVE('',#1036,(#1040,#1047),.PCURVE_S1.);
#1036 = LINE('',#1037,#1038);
#1037 = CARTESIAN_POINT('',(0.,0.,0.3000001));
#1038 = VECTOR('',#1039,1.);
#1039 = DIRECTION('',(0.,1.,0.));
#1040 = PCURVE('',#328,#1041);
#1041 = DEFINITIONAL_REPRESENTATION('',(#1042),#1046);
#1042 = LINE('',#1043,#1044);
#1043 = CARTESIAN_POINT('',(0.,0.212132034356));
#1044 = VECTOR('',#1045,1.);
#1045 = DIRECTION('',(1.,0.));
#1046 = ( GEOMETRIC_REPRESENTATION_CONTEXT(2) 
PARAMETRIC_REPRESENTATION_CONTEXT() REPRESENTATION_CONTEXT('2D SPACE',''
  ) );
#1047 = PCURVE('',#1048,#1053);
#1048 = PLANE('',#1049);
#1049 = AXIS2_PLACEMENT_3D('',#1050,#1051,#1052);
#1050 = CARTESIAN_POINT('',(0.,0.,9.999999717181E-08));
#1051 = DIRECTION('',(-1.,-0.,0.));
#1052 = DIRECTION('',(0.,-0.,-1.));
#1053 = DEFINITIONAL_REPRESENTATION('',(#1054),#1058);
#1054 = LINE('',#1055,#1056);
#1055 = CARTESIAN_POINT('',(-0.3,0.));
#1056 = VECTOR('',#1057,1.);
#1057 = DIRECTION('',(-0.,-1.));
#1058 = ( GEOMETRIC_REPRESENTATION_CONTEXT(2) 
PARAMETRIC_REPRESENTATION_CONTEXT() REPRESENTATION_CONTEXT('2D SPACE',''
  ) );
#1059 = ADVANCED_FACE('',(#1060),#300,.T.);
#1060 = FACE_BOUND('',#1061,.F.);
#1061 = EDGE_LOOP('',(#1062,#1063,#1064,#1065));
#1062 = ORIENTED_EDGE('',*,*,#957,.F.);
#1063 = ORIENTED_EDGE('',*,*,#284,.T.);
#1064 = ORIENTED_EDGE('',*,*,#1009,.T.);
#1065 = ORIENTED_EDGE('',*,*,#1066,.F.);
#1066 = EDGE_CURVE('',#958,#1010,#1067,.T.);
#1067 = SURFACE_CURVE('',#1068,(#1072,#1079),.PCURVE_S1.);
#1068 = LINE('',#1069,#1070);
#1069 = CARTESIAN_POINT('',(86.3,0.,0.3000001));
#1070 = VECTOR('',#1071,1.);
#1071 = DIRECTION('',(-1.,-0.,-0.));
#1072 = PCURVE('',#300,#1073);
#1073 = DEFINITIONAL_REPRESENTATION('',(#1074),#1078);
#1074 = LINE('',#1075,#1076);
#1075 = CARTESIAN_POINT('',(-0.,0.212132034356));
#1076 = VECTOR('',#1077,1.);
#1077 = DIRECTION('',(-1.,0.));
#1078 = ( GEOMETRIC_REPRESENTATION_CONTEXT(2) 
PARAMETRIC_REPRESENTATION_CONTEXT() REPRESENTATION_CONTEXT('2D SPACE',''
  ) );
#1079 = PCURVE('',#1080,#1085);
#1080 = PLANE('',#1081);
#1081 = AXIS2_PLACEMENT_3D('',#1082,#1083,#1084);
#1082 = CARTESIAN_POINT('',(86.3,0.,9.999999717181E-08));
#1083 = DIRECTION('',(-0.,1.,-0.));
#1084 = DIRECTION('',(0.,0.,-1.));
#1085 = DEFINITIONAL_REPRESENTATION('',(#1086),#1090);
#1086 = LINE('',#1087,#1088);
#1087 = CARTESIAN_POINT('',(-0.3,0.));
#1088 = VECTOR('',#1089,1.);
#1089 = DIRECTION('',(-0.,1.));
#1090 = ( GEOMETRIC_REPRESENTATION_CONTEXT(2) 
PARAMETRIC_REPRESENTATION_CONTEXT() REPRESENTATION_CONTEXT('2D SPACE',''
  ) );
#1091 = ADVANCED_FACE('',(#1092),#461,.T.);
#1092 = FACE_BOUND('',#1093,.F.);
#1093 = EDGE_LOOP('',(#1094,#1117,#1118,#1141));
#1094 = ORIENTED_EDGE('',*,*,#1095,.F.);
#1095 = EDGE_CURVE('',#403,#1096,#1098,.T.);
#1096 = VERTEX_POINT('',#1097);
#1097 = CARTESIAN_POINT('',(25.992492798251,6.,43.6000001));
#1098 = SURFACE_CURVE('',#1099,(#1103,#1110),.PCURVE_S1.);
#1099 = LINE('',#1100,#1101);
#1100 = CARTESIAN_POINT('',(25.992492798251,6.,9.999999717181E-08));
#1101 = VECTOR('',#1102,1.);
#1102 = DIRECTION('',(-0.,-0.,1.));
#1103 = PCURVE('',#461,#1104);
#1104 = DEFINITIONAL_REPRESENTATION('',(#1105),#1109);
#1105 = LINE('',#1106,#1107);
#1106 = CARTESIAN_POINT('',(-0.,60.307507201749));
#1107 = VECTOR('',#1108,1.);
#1108 = DIRECTION('',(-1.,0.));
#1109 = ( GEOMETRIC_REPRESENTATION_CONTEXT(2) 
PARAMETRIC_REPRESENTATION_CONTEXT() REPRESENTATION_CONTEXT('2D SPACE',''
  ) );
#1110 = PCURVE('',#513,#1111);
#1111 = DEFINITIONAL_REPRESENTATION('',(#1112),#1116);
#1112 = LINE('',#1113,#1114);
#1113 = CARTESIAN_POINT('',(-9.802641802642,0.));
#1114 = VECTOR('',#1115,1.);
#1115 = DIRECTION('',(-0.,-1.));
#1116 = ( GEOMETRIC_REPRESENTATION_CONTEXT(2) 
PARAMETRIC_REPRESENTATION_CONTEXT() REPRESENTATION_CONTEXT('2D SPACE',''
  ) );
#1117 = ORIENTED_EDGE('',*,*,#447,.T.);
#1118 = ORIENTED_EDGE('',*,*,#1119,.T.);
#1119 = EDGE_CURVE('',#427,#1120,#1122,.T.);
#1120 = VERTEX_POINT('',#1121);
#1121 = CARTESIAN_POINT('',(75.3,6.,43.6000001));
#1122 = SURFACE_CURVE('',#1123,(#1127,#1134),.PCURVE_S1.);
#1123 = LINE('',#1124,#1125);
#1124 = CARTESIAN_POINT('',(75.3,6.,9.999999717181E-08));
#1125 = VECTOR('',#1126,1.);
#1126 = DIRECTION('',(0.,0.,1.));
#1127 = PCURVE('',#461,#1128);
#1128 = DEFINITIONAL_REPRESENTATION('',(#1129),#1133);
#1129 = LINE('',#1130,#1131);
#1130 = CARTESIAN_POINT('',(-0.,11.));
#1131 = VECTOR('',#1132,1.);
#1132 = DIRECTION('',(-1.,-0.));
#1133 = ( GEOMETRIC_REPRESENTATION_CONTEXT(2) 
PARAMETRIC_REPRESENTATION_CONTEXT() REPRESENTATION_CONTEXT('2D SPACE',''
  ) );
#1134 = PCURVE('',#566,#1135);
#1135 = DEFINITIONAL_REPRESENTATION('',(#1136),#1140);
#1136 = LINE('',#1137,#1138);
#1137 = CARTESIAN_POINT('',(4.712388980385,0.));
#1138 = VECTOR('',#1139,1.);
#1139 = DIRECTION('',(0.,-1.));
#1140 = ( GEOMETRIC_REPRESENTATION_CONTEXT(2) 
PARAMETRIC_REPRESENTATION_CONTEXT() REPRESENTATION_CONTEXT('2D SPACE',''
  ) );
#1141 = ORIENTED_EDGE('',*,*,#1142,.T.);
#1142 = EDGE_CURVE('',#1120,#1096,#1143,.T.);
#1143 = SURFACE_CURVE('',#1144,(#1148,#1155),.PCURVE_S1.);
#1144 = LINE('',#1145,#1146);
#1145 = CARTESIAN_POINT('',(86.3,6.,43.6000001));
#1146 = VECTOR('',#1147,1.);
#1147 = DIRECTION('',(-1.,-0.,0.));
#1148 = PCURVE('',#461,#1149);
#1149 = DEFINITIONAL_REPRESENTATION('',(#1150),#1154);
#1150 = LINE('',#1151,#1152);
#1151 = CARTESIAN_POINT('',(-43.6,-0.));
#1152 = VECTOR('',#1153,1.);
#1153 = DIRECTION('',(-0.,1.));
#1154 = ( GEOMETRIC_REPRESENTATION_CONTEXT(2) 
PARAMETRIC_REPRESENTATION_CONTEXT() REPRESENTATION_CONTEXT('2D SPACE',''
  ) );
#1155 = PCURVE('',#1156,#1161);
#1156 = PLANE('',#1157);
#1157 = AXIS2_PLACEMENT_3D('',#1158,#1159,#1160);
#1158 = CARTESIAN_POINT('',(86.3,0.,43.6000001));
#1159 = DIRECTION('',(-0.,-0.,1.));
#1160 = DIRECTION('',(1.,0.,0.));
#1161 = DEFINITIONAL_REPRESENTATION('',(#1162),#1166);
#1162 = LINE('',#1163,#1164);
#1163 = CARTESIAN_POINT('',(0.,6.));
#1164 = VECTOR('',#1165,1.);
#1165 = DIRECTION('',(-1.,0.));
#1166 = ( GEOMETRIC_REPRESENTATION_CONTEXT(2) 
PARAMETRIC_REPRESENTATION_CONTEXT() REPRESENTATION_CONTEXT('2D SPACE',''
  ) );
#1167 = ADVANCED_FACE('',(#1168,#1353),#513,.T.);
#1168 = FACE_BOUND('',#1169,.F.);
#1169 = EDGE_LOOP('',(#1170,#1193,#1194,#1195,#1218,#1246,#1274,#1302));
#1170 = ORIENTED_EDGE('',*,*,#1171,.T.);
#1171 = EDGE_CURVE('',#1172,#477,#1174,.T.);
#1172 = VERTEX_POINT('',#1173);
#1173 = CARTESIAN_POINT('',(77.814387855522,63.495499085094,
    16.923373587122));
#1174 = SURFACE_CURVE('',#1175,(#1179,#1186),.PCURVE_S1.);
#1175 = LINE('',#1176,#1177);
#1176 = CARTESIAN_POINT('',(77.814387855522,63.495499085094,43.6000001)
  );
#1177 = VECTOR('',#1178,1.);
#1178 = DIRECTION('',(-0.,-0.,-1.));
#1179 = PCURVE('',#513,#1180);
#1180 = DEFINITIONAL_REPRESENTATION('',(#1181),#1185);
#1181 = LINE('',#1182,#1183);
#1182 = CARTESIAN_POINT('',(-87.20575041186,-43.6));
#1183 = VECTOR('',#1184,1.);
#1184 = DIRECTION('',(-0.,1.));
#1185 = ( GEOMETRIC_REPRESENTATION_CONTEXT(2) 
PARAMETRIC_REPRESENTATION_CONTEXT() REPRESENTATION_CONTEXT('2D SPACE',''
  ) );
#1186 = PCURVE('',#619,#1187);
#1187 = DEFINITIONAL_REPRESENTATION('',(#1188),#1192);
#1188 = LINE('',#1189,#1190);
#1189 = CARTESIAN_POINT('',(-2.408048251203,0.));
#1190 = VECTOR('',#1191,1.);
#1191 = DIRECTION('',(-0.,1.));
#1192 = ( GEOMETRIC_REPRESENTATION_CONTEXT(2) 
PARAMETRIC_REPRESENTATION_CONTEXT() REPRESENTATION_CONTEXT('2D SPACE',''
  ) );
#1193 = ORIENTED_EDGE('',*,*,#499,.T.);
#1194 = ORIENTED_EDGE('',*,*,#1095,.T.);
#1195 = ORIENTED_EDGE('',*,*,#1196,.T.);
#1196 = EDGE_CURVE('',#1096,#1197,#1199,.T.);
#1197 = VERTEX_POINT('',#1198);
#1198 = CARTESIAN_POINT('',(77.814387855522,63.495499085094,43.6000001)
  );
#1199 = SURFACE_CURVE('',#1200,(#1204,#1211),.PCURVE_S1.);
#1200 = LINE('',#1201,#1202);
#1201 = CARTESIAN_POINT('',(19.429559036182,-1.281461854985,43.6000001)
  );
#1202 = VECTOR('',#1203,1.);
#1203 = DIRECTION('',(0.669506638537,0.742806072239,-0.));
#1204 = PCURVE('',#513,#1205);
#1205 = DEFINITIONAL_REPRESENTATION('',(#1206),#1210);
#1206 = LINE('',#1207,#1208);
#1207 = CARTESIAN_POINT('',(-0.,-43.6));
#1208 = VECTOR('',#1209,1.);
#1209 = DIRECTION('',(-1.,0.));
#1210 = ( GEOMETRIC_REPRESENTATION_CONTEXT(2) 
PARAMETRIC_REPRESENTATION_CONTEXT() REPRESENTATION_CONTEXT('2D SPACE',''
  ) );
#1211 = PCURVE('',#1156,#1212);
#1212 = DEFINITIONAL_REPRESENTATION('',(#1213),#1217);
#1213 = LINE('',#1214,#1215);
#1214 = CARTESIAN_POINT('',(-66.87044096381,-1.281461854985));
#1215 = VECTOR('',#1216,1.);
#1216 = DIRECTION('',(0.669506638537,0.742806072239));
#1217 = ( GEOMETRIC_REPRESENTATION_CONTEXT(2) 
PARAMETRIC_REPRESENTATION_CONTEXT() REPRESENTATION_CONTEXT('2D SPACE',''
  ) );
#1218 = ORIENTED_EDGE('',*,*,#1219,.T.);
#1219 = EDGE_CURVE('',#1197,#1220,#1222,.T.);
#1220 = VERTEX_POINT('',#1221);
#1221 = CARTESIAN_POINT('',(77.814387855522,63.495499085094,
    26.789782389145));
#1222 = SURFACE_CURVE('',#1223,(#1227,#1234),.PCURVE_S1.);
#1223 = LINE('',#1224,#1225);
#1224 = CARTESIAN_POINT('',(77.814387855522,63.495499085094,43.6000001)
  );
#1225 = VECTOR('',#1226,1.);
#1226 = DIRECTION('',(-0.,-0.,-1.));
#1227 = PCURVE('',#513,#1228);
#1228 = DEFINITIONAL_REPRESENTATION('',(#1229),#1233);
#1229 = LINE('',#1230,#1231);
#1230 = CARTESIAN_POINT('',(-87.20575041186,-43.6));
#1231 = VECTOR('',#1232,1.);
#1232 = DIRECTION('',(-0.,1.));
#1233 = ( GEOMETRIC_REPRESENTATION_CONTEXT(2) 
PARAMETRIC_REPRESENTATION_CONTEXT() REPRESENTATION_CONTEXT('2D SPACE',''
  ) );
#1234 = PCURVE('',#1235,#1240);
#1235 = CYLINDRICAL_SURFACE('',#1236,2.);
#1236 = AXIS2_PLACEMENT_3D('',#1237,#1238,#1239);
#1237 = CARTESIAN_POINT('',(79.3,62.15648580802,43.6000001));
#1238 = DIRECTION('',(-0.,-0.,-1.));
#1239 = DIRECTION('',(1.,-0.,0.));
#1240 = DEFINITIONAL_REPRESENTATION('',(#1241),#1245);
#1241 = LINE('',#1242,#1243);
#1242 = CARTESIAN_POINT('',(-2.408048251203,0.));
#1243 = VECTOR('',#1244,1.);
#1244 = DIRECTION('',(-0.,1.));
#1245 = ( GEOMETRIC_REPRESENTATION_CONTEXT(2) 
PARAMETRIC_REPRESENTATION_CONTEXT() REPRESENTATION_CONTEXT('2D SPACE',''
  ) );
#1246 = ORIENTED_EDGE('',*,*,#1247,.T.);
#1247 = EDGE_CURVE('',#1220,#1248,#1250,.T.);
#1248 = VERTEX_POINT('',#1249);
#1249 = CARTESIAN_POINT('',(74.663821469579,60.,30.285281474239));
#1250 = SURFACE_CURVE('',#1251,(#1255,#1262),.PCURVE_S1.);
#1251 = LINE('',#1252,#1253);
#1252 = CARTESIAN_POINT('',(63.96544007326,48.130330295636,
    42.154951178603));
#1253 = VECTOR('',#1254,1.);
#1254 = DIRECTION('',(-0.537455474279,-0.596297582239,0.596297582239));
#1255 = PCURVE('',#513,#1256);
#1256 = DEFINITIONAL_REPRESENTATION('',(#1257),#1261);
#1257 = LINE('',#1258,#1259);
#1258 = CARTESIAN_POINT('',(-66.5204472571,-42.1549510786));
#1259 = VECTOR('',#1260,1.);
#1260 = DIRECTION('',(0.802763472896,-0.596297582239));
#1261 = ( GEOMETRIC_REPRESENTATION_CONTEXT(2) 
PARAMETRIC_REPRESENTATION_CONTEXT() REPRESENTATION_CONTEXT('2D SPACE',''
  ) );
#1262 = PCURVE('',#1263,#1268);
#1263 = PLANE('',#1264);
#1264 = AXIS2_PLACEMENT_3D('',#1265,#1266,#1267);
#1265 = CARTESIAN_POINT('',(80.8,64.242640687119,26.042640787119));
#1266 = DIRECTION('',(-0.,-0.707106781187,-0.707106781187));
#1267 = DIRECTION('',(0.,0.707106781187,-0.707106781187));
#1268 = DEFINITIONAL_REPRESENTATION('',(#1269),#1273);
#1269 = LINE('',#1270,#1271);
#1270 = CARTESIAN_POINT('',(-22.7862478768,-16.83455992674));
#1271 = VECTOR('',#1272,1.);
#1272 = DIRECTION('',(-0.843292128012,-0.537455474279));
#1273 = ( GEOMETRIC_REPRESENTATION_CONTEXT(2) 
PARAMETRIC_REPRESENTATION_CONTEXT() REPRESENTATION_CONTEXT('2D SPACE',''
  ) );
#1274 = ORIENTED_EDGE('',*,*,#1275,.T.);
#1275 = EDGE_CURVE('',#1248,#1276,#1278,.T.);
#1276 = VERTEX_POINT('',#1277);
#1277 = CARTESIAN_POINT('',(70.839840741484,55.757359312881,
    26.042640787119));
#1278 = SURFACE_CURVE('',#1279,(#1283,#1290),.PCURVE_S1.);
#1279 = LINE('',#1280,#1281);
#1280 = CARTESIAN_POINT('',(52.899814220468,35.853209198616,
    6.138490672854));
#1281 = VECTOR('',#1282,1.);
#1282 = DIRECTION('',(-0.537455474279,-0.596297582239,-0.596297582239));
#1283 = PCURVE('',#513,#1284);
#1284 = DEFINITIONAL_REPRESENTATION('',(#1285),#1289);
#1285 = LINE('',#1286,#1287);
#1286 = CARTESIAN_POINT('',(-49.99241718861,-6.138490572854));
#1287 = VECTOR('',#1288,1.);
#1288 = DIRECTION('',(0.802763472896,0.596297582239));
#1289 = ( GEOMETRIC_REPRESENTATION_CONTEXT(2) 
PARAMETRIC_REPRESENTATION_CONTEXT() REPRESENTATION_CONTEXT('2D SPACE',''
  ) );
#1290 = PCURVE('',#1291,#1296);
#1291 = PLANE('',#1292);
#1292 = AXIS2_PLACEMENT_3D('',#1293,#1294,#1295);
#1293 = CARTESIAN_POINT('',(80.8,60.,30.285281474239));
#1294 = DIRECTION('',(-0.,0.707106781187,-0.707106781187));
#1295 = DIRECTION('',(0.,0.707106781187,0.707106781187));
#1296 = DEFINITIONAL_REPRESENTATION('',(#1297),#1301);
#1297 = LINE('',#1298,#1299);
#1298 = CARTESIAN_POINT('',(-34.1487190391,-27.90018577953));
#1299 = VECTOR('',#1300,1.);
#1300 = DIRECTION('',(-0.843292128012,-0.537455474279));
#1301 = ( GEOMETRIC_REPRESENTATION_CONTEXT(2) 
PARAMETRIC_REPRESENTATION_CONTEXT() REPRESENTATION_CONTEXT('2D SPACE',''
  ) );
#1302 = ORIENTED_EDGE('',*,*,#1303,.F.);
#1303 = EDGE_CURVE('',#1172,#1276,#1304,.T.);
#1304 = SURFACE_CURVE('',#1305,(#1310,#1321),.PCURVE_S1.);
#1305 = ELLIPSE('',#1306,8.077478394752,6.);
#1306 = AXIS2_PLACEMENT_3D('',#1307,#1308,#1309);
#1307 = CARTESIAN_POINT('',(74.663821469579,60.,21.8000001));
#1308 = DIRECTION('',(-0.742806072239,0.669506638537,0.));
#1309 = DIRECTION('',(0.669506638537,0.742806072239,-0.));
#1310 = PCURVE('',#513,#1311);
#1311 = DEFINITIONAL_REPRESENTATION('',(#1312),#1320);
#1312 = ( BOUNDED_CURVE() B_SPLINE_CURVE(2,(#1313,#1314,#1315,#1316,
#1317,#1318,#1319),.UNSPECIFIED.,.T.,.F.) B_SPLINE_CURVE_WITH_KNOTS((1,2
    ,2,2,2,1),(-2.094395102393,0.,2.094395102393,4.188790204786,
6.28318530718,8.377580409573),.UNSPECIFIED.) CURVE() 
GEOMETRIC_REPRESENTATION_ITEM() RATIONAL_B_SPLINE_CURVE((1.,0.5,1.,0.5,
1.,0.5,1.)) REPRESENTATION_ITEM('') );
#1313 = CARTESIAN_POINT('',(-90.57742575016,-21.8));
#1314 = CARTESIAN_POINT('',(-90.57742575016,-11.40769515458));
#1315 = CARTESIAN_POINT('',(-78.46120815803,-16.60384757729));
#1316 = CARTESIAN_POINT('',(-66.3449905659,-21.8));
#1317 = CARTESIAN_POINT('',(-78.46120815803,-26.9961524227));
#1318 = CARTESIAN_POINT('',(-90.57742575016,-32.19230484541));
#1319 = CARTESIAN_POINT('',(-90.57742575016,-21.8));
#1320 = ( GEOMETRIC_REPRESENTATION_CONTEXT(2) 
PARAMETRIC_REPRESENTATION_CONTEXT() REPRESENTATION_CONTEXT('2D SPACE',''
  ) );
#1321 = PCURVE('',#1322,#1327);
#1322 = CYLINDRICAL_SURFACE('',#1323,6.);
#1323 = AXIS2_PLACEMENT_3D('',#1324,#1325,#1326);
#1324 = CARTESIAN_POINT('',(80.8,60.,21.8000001));
#1325 = DIRECTION('',(1.,-0.,-0.));
#1326 = DIRECTION('',(-0.,-0.707106781187,0.707106781187));
#1327 = DEFINITIONAL_REPRESENTATION('',(#1328),#1352);
#1328 = B_SPLINE_CURVE_WITH_KNOTS('',8,(#1329,#1330,#1331,#1332,#1333,
    #1334,#1335,#1336,#1337,#1338,#1339,#1340,#1341,#1342,#1343,#1344,
    #1345,#1346,#1347,#1348,#1349,#1350,#1351),.UNSPECIFIED.,.F.,.F.,(9,
    7,7,9),(5.497787143782,6.675884388878,8.443030256523,10.210176124167
    ),.UNSPECIFIED.);
#1329 = CARTESIAN_POINT('',(4.712388980385,-2.312197802326));
#1330 = CARTESIAN_POINT('',(4.565126824748,-1.749070157192));
#1331 = CARTESIAN_POINT('',(4.41786466911,-1.280717219763));
#1332 = CARTESIAN_POINT('',(4.270602513474,-0.925744154303));
#1333 = CARTESIAN_POINT('',(4.123340357837,-0.698385997));
#1334 = CARTESIAN_POINT('',(3.9760782022,-0.607173627912));
#1335 = CARTESIAN_POINT('',(3.828816046563,-0.654210927189));
#1336 = CARTESIAN_POINT('',(3.681553890926,-0.83514444726));
#1337 = CARTESIAN_POINT('',(3.313398501833,-1.597050660837));
#1338 = CARTESIAN_POINT('',(3.092505268374,-2.332809224072));
#1339 = CARTESIAN_POINT('',(2.871612034927,-3.313184615903));
#1340 = CARTESIAN_POINT('',(2.650718801446,-4.475220237488));
#1341 = CARTESIAN_POINT('',(2.42982556801,-5.732132014367));
#1342 = CARTESIAN_POINT('',(2.208932334552,-6.986612728476));
#1343 = CARTESIAN_POINT('',(1.9880391011,-8.147408821014));
#1344 = CARTESIAN_POINT('',(1.546252634189,-10.13391299789));
#1345 = CARTESIAN_POINT('',(1.325359400732,-10.95962218172));
#1346 = CARTESIAN_POINT('',(1.104466167277,-11.54393617293));
#1347 = CARTESIAN_POINT('',(0.883572933818,-11.83045196018));
#1348 = CARTESIAN_POINT('',(0.662679700369,-11.79170324651));
#1349 = CARTESIAN_POINT('',(0.44178646691,-11.43630029228));
#1350 = CARTESIAN_POINT('',(0.220893233456,-10.80485072621));
#1351 = CARTESIAN_POINT('',(0.,-9.960159258516));
#1352 = ( GEOMETRIC_REPRESENTATION_CONTEXT(2) 
PARAMETRIC_REPRESENTATION_CONTEXT() REPRESENTATION_CONTEXT('2D SPACE',''
  ) );
#1353 = FACE_BOUND('',#1354,.F.);
#1354 = EDGE_LOOP('',(#1355,#1410,#1438));
#1355 = ORIENTED_EDGE('',*,*,#1356,.F.);
#1356 = EDGE_CURVE('',#1357,#1359,#1361,.T.);
#1357 = VERTEX_POINT('',#1358);
#1358 = CARTESIAN_POINT('',(42.434966144838,24.242640687119,
    26.042640787119));
#1359 = VERTEX_POINT('',#1360);
#1360 = CARTESIAN_POINT('',(34.787004688648,15.757359312881,
    26.042640787119));
#1361 = SURFACE_CURVE('',#1362,(#1367,#1378),.PCURVE_S1.);
#1362 = ELLIPSE('',#1363,8.077478394752,6.);
#1363 = AXIS2_PLACEMENT_3D('',#1364,#1365,#1366);
#1364 = CARTESIAN_POINT('',(38.610985416743,20.,21.8000001));
#1365 = DIRECTION('',(-0.742806072239,0.669506638537,0.));
#1366 = DIRECTION('',(0.669506638537,0.742806072239,-0.));
#1367 = PCURVE('',#513,#1368);
#1368 = DEFINITIONAL_REPRESENTATION('',(#1369),#1377);
#1369 = ( BOUNDED_CURVE() B_SPLINE_CURVE(2,(#1370,#1371,#1372,#1373,
#1374,#1375,#1376),.UNSPECIFIED.,.T.,.F.) B_SPLINE_CURVE_WITH_KNOTS((1,2
    ,2,2,2,1),(-2.094395102393,0.,2.094395102393,4.188790204786,
6.28318530718,8.377580409573),.UNSPECIFIED.) CURVE() 
GEOMETRIC_REPRESENTATION_ITEM() RATIONAL_B_SPLINE_CURVE((1.,0.5,1.,0.5,
1.,0.5,1.)) REPRESENTATION_ITEM('') );
#1370 = CARTESIAN_POINT('',(-36.72756978514,-21.8));
#1371 = CARTESIAN_POINT('',(-36.72756978514,-11.40769515458));
#1372 = CARTESIAN_POINT('',(-24.61135219302,-16.60384757729));
#1373 = CARTESIAN_POINT('',(-12.49513460089,-21.8));
#1374 = CARTESIAN_POINT('',(-24.61135219302,-26.9961524227));
#1375 = CARTESIAN_POINT('',(-36.72756978514,-32.19230484541));
#1376 = CARTESIAN_POINT('',(-36.72756978514,-21.8));
#1377 = ( GEOMETRIC_REPRESENTATION_CONTEXT(2) 
PARAMETRIC_REPRESENTATION_CONTEXT() REPRESENTATION_CONTEXT('2D SPACE',''
  ) );
#1378 = PCURVE('',#1379,#1384);
#1379 = CYLINDRICAL_SURFACE('',#1380,6.);
#1380 = AXIS2_PLACEMENT_3D('',#1381,#1382,#1383);
#1381 = CARTESIAN_POINT('',(80.8,20.,21.8000001));
#1382 = DIRECTION('',(1.,-0.,-0.));
#1383 = DIRECTION('',(-0.,-0.707106781187,0.707106781187));
#1384 = DEFINITIONAL_REPRESENTATION('',(#1385),#1409);
#1385 = B_SPLINE_CURVE_WITH_KNOTS('',8,(#1386,#1387,#1388,#1389,#1390,
    #1391,#1392,#1393,#1394,#1395,#1396,#1397,#1398,#1399,#1400,#1401,
    #1402,#1403,#1404,#1405,#1406,#1407,#1408),.UNSPECIFIED.,.F.,.F.,(9,
    7,7,9),(5.497787143782,6.675884388878,8.443030256523,10.210176124167
    ),.UNSPECIFIED.);
#1386 = CARTESIAN_POINT('',(4.712388980385,-38.36503385516));
#1387 = CARTESIAN_POINT('',(4.565126824748,-37.80190621002));
#1388 = CARTESIAN_POINT('',(4.417864669111,-37.33355327259));
#1389 = CARTESIAN_POINT('',(4.270602513474,-36.97858020714));
#1390 = CARTESIAN_POINT('',(4.123340357837,-36.75122204984));
#1391 = CARTESIAN_POINT('',(3.9760782022,-36.66000968075));
#1392 = CARTESIAN_POINT('',(3.828816046562,-36.70704698002));
#1393 = CARTESIAN_POINT('',(3.681553890926,-36.88798050009));
#1394 = CARTESIAN_POINT('',(3.313398501833,-37.64988671367));
#1395 = CARTESIAN_POINT('',(3.092505268376,-38.38564527696));
#1396 = CARTESIAN_POINT('',(2.871612034918,-39.36602066854));
#1397 = CARTESIAN_POINT('',(2.650718801466,-40.52805629046));
#1398 = CARTESIAN_POINT('',(2.429825568015,-41.78496806699));
#1399 = CARTESIAN_POINT('',(2.208932334554,-43.03944878132));
#1400 = CARTESIAN_POINT('',(1.9880391011,-44.20024487385));
#1401 = CARTESIAN_POINT('',(1.546252634189,-46.18674905073));
#1402 = CARTESIAN_POINT('',(1.325359400732,-47.01245823448));
#1403 = CARTESIAN_POINT('',(1.104466167278,-47.59677222571));
#1404 = CARTESIAN_POINT('',(0.883572933817,-47.88328801287));
#1405 = CARTESIAN_POINT('',(0.662679700368,-47.84453929946));
#1406 = CARTESIAN_POINT('',(0.44178646691,-47.48913634504));
#1407 = CARTESIAN_POINT('',(0.220893233456,-46.85768677905));
#1408 = CARTESIAN_POINT('',(-8.881784197001E-16,-46.01299531135));
#1409 = ( GEOMETRIC_REPRESENTATION_CONTEXT(2) 
PARAMETRIC_REPRESENTATION_CONTEXT() REPRESENTATION_CONTEXT('2D SPACE',''
  ) );
#1410 = ORIENTED_EDGE('',*,*,#1411,.T.);
#1411 = EDGE_CURVE('',#1357,#1412,#1414,.T.);
#1412 = VERTEX_POINT('',#1413);
#1413 = CARTESIAN_POINT('',(38.610985416743,20.,30.285281474239));
#1414 = SURFACE_CURVE('',#1415,(#1419,#1426),.PCURVE_S1.);
#1415 = LINE('',#1416,#1417);
#1416 = CARTESIAN_POINT('',(44.736436080849,26.796081900607,
    23.489199573631));
#1417 = VECTOR('',#1418,1.);
#1418 = DIRECTION('',(-0.537455474279,-0.596297582239,0.596297582239));
#1419 = PCURVE('',#513,#1420);
#1420 = DEFINITIONAL_REPRESENTATION('',(#1421),#1425);
#1421 = LINE('',#1422,#1423);
#1422 = CARTESIAN_POINT('',(-37.79929217725,-23.48919947363));
#1423 = VECTOR('',#1424,1.);
#1424 = DIRECTION('',(0.802763472896,-0.596297582239));
#1425 = ( GEOMETRIC_REPRESENTATION_CONTEXT(2) 
PARAMETRIC_REPRESENTATION_CONTEXT() REPRESENTATION_CONTEXT('2D SPACE',''
  ) );
#1426 = PCURVE('',#1427,#1432);
#1427 = PLANE('',#1428);
#1428 = AXIS2_PLACEMENT_3D('',#1429,#1430,#1431);
#1429 = CARTESIAN_POINT('',(80.8,24.242640687119,26.042640787119));
#1430 = DIRECTION('',(-0.,-0.707106781187,-0.707106781187));
#1431 = DIRECTION('',(0.,0.707106781187,-0.707106781187));
#1432 = DEFINITIONAL_REPRESENTATION('',(#1433),#1437);
#1433 = LINE('',#1434,#1435);
#1434 = CARTESIAN_POINT('',(3.611111194837,-36.06356391915));
#1435 = VECTOR('',#1436,1.);
#1436 = DIRECTION('',(-0.843292128012,-0.537455474279));
#1437 = ( GEOMETRIC_REPRESENTATION_CONTEXT(2) 
PARAMETRIC_REPRESENTATION_CONTEXT() REPRESENTATION_CONTEXT('2D SPACE',''
  ) );
#1438 = ORIENTED_EDGE('',*,*,#1439,.T.);
#1439 = EDGE_CURVE('',#1412,#1359,#1440,.T.);
#1440 = SURFACE_CURVE('',#1441,(#1445,#1452),.PCURVE_S1.);
#1441 = LINE('',#1442,#1443);
#1442 = CARTESIAN_POINT('',(33.670810228057,14.518960803587,
    24.804242277826));
#1443 = VECTOR('',#1444,1.);
#1444 = DIRECTION('',(-0.537455474279,-0.596297582239,-0.596297582239));
#1445 = PCURVE('',#513,#1446);
#1446 = DEFINITIONAL_REPRESENTATION('',(#1447),#1451);
#1447 = LINE('',#1448,#1449);
#1448 = CARTESIAN_POINT('',(-21.27126210876,-24.80424217782));
#1449 = VECTOR('',#1450,1.);
#1450 = DIRECTION('',(0.802763472896,0.596297582239));
#1451 = ( GEOMETRIC_REPRESENTATION_CONTEXT(2) 
PARAMETRIC_REPRESENTATION_CONTEXT() REPRESENTATION_CONTEXT('2D SPACE',''
  ) );
#1452 = PCURVE('',#1453,#1458);
#1453 = PLANE('',#1454);
#1454 = AXIS2_PLACEMENT_3D('',#1455,#1456,#1457);
#1455 = CARTESIAN_POINT('',(80.8,20.,30.285281474239));
#1456 = DIRECTION('',(-0.,0.707106781187,-0.707106781187));
#1457 = DIRECTION('',(0.,0.707106781187,0.707106781187));
#1458 = DEFINITIONAL_REPRESENTATION('',(#1459),#1463);
#1459 = LINE('',#1460,#1461);
#1460 = CARTESIAN_POINT('',(-7.751359967465,-47.12918977194));
#1461 = VECTOR('',#1462,1.);
#1462 = DIRECTION('',(-0.843292128012,-0.537455474279));
#1463 = ( GEOMETRIC_REPRESENTATION_CONTEXT(2) 
PARAMETRIC_REPRESENTATION_CONTEXT() REPRESENTATION_CONTEXT('2D SPACE',''
  ) );
#1464 = ADVANCED_FACE('',(#1465),#566,.F.);
#1465 = FACE_BOUND('',#1466,.F.);
#1466 = EDGE_LOOP('',(#1467,#1468,#1469,#1492));
#1467 = ORIENTED_EDGE('',*,*,#1119,.F.);
#1468 = ORIENTED_EDGE('',*,*,#551,.T.);
#1469 = ORIENTED_EDGE('',*,*,#1470,.T.);
#1470 = EDGE_CURVE('',#531,#1471,#1473,.T.);
#1471 = VERTEX_POINT('',#1472);
#1472 = CARTESIAN_POINT('',(81.3,12.,43.6000001));
#1473 = SURFACE_CURVE('',#1474,(#1478,#1485),.PCURVE_S1.);
#1474 = LINE('',#1475,#1476);
#1475 = CARTESIAN_POINT('',(81.3,12.,9.999999717181E-08));
#1476 = VECTOR('',#1477,1.);
#1477 = DIRECTION('',(0.,0.,1.));
#1478 = PCURVE('',#566,#1479);
#1479 = DEFINITIONAL_REPRESENTATION('',(#1480),#1484);
#1480 = LINE('',#1481,#1482);
#1481 = CARTESIAN_POINT('',(3.14159265359,0.));
#1482 = VECTOR('',#1483,1.);
#1483 = DIRECTION('',(0.,-1.));
#1484 = ( GEOMETRIC_REPRESENTATION_CONTEXT(2) 
PARAMETRIC_REPRESENTATION_CONTEXT() REPRESENTATION_CONTEXT('2D SPACE',''
  ) );
#1485 = PCURVE('',#651,#1486);
#1486 = DEFINITIONAL_REPRESENTATION('',(#1487),#1491);
#1487 = LINE('',#1488,#1489);
#1488 = CARTESIAN_POINT('',(-0.,-12.));
#1489 = VECTOR('',#1490,1.);
#1490 = DIRECTION('',(-1.,-0.));
#1491 = ( GEOMETRIC_REPRESENTATION_CONTEXT(2) 
PARAMETRIC_REPRESENTATION_CONTEXT() REPRESENTATION_CONTEXT('2D SPACE',''
  ) );
#1492 = ORIENTED_EDGE('',*,*,#1493,.T.);
#1493 = EDGE_CURVE('',#1471,#1120,#1494,.T.);
#1494 = SURFACE_CURVE('',#1495,(#1500,#1507),.PCURVE_S1.);
#1495 = CIRCLE('',#1496,6.);
#1496 = AXIS2_PLACEMENT_3D('',#1497,#1498,#1499);
#1497 = CARTESIAN_POINT('',(75.3,12.,43.6000001));
#1498 = DIRECTION('',(0.,0.,-1.));
#1499 = DIRECTION('',(-1.,-0.,-0.));
#1500 = PCURVE('',#566,#1501);
#1501 = DEFINITIONAL_REPRESENTATION('',(#1502),#1506);
#1502 = LINE('',#1503,#1504);
#1503 = CARTESIAN_POINT('',(0.,-43.6));
#1504 = VECTOR('',#1505,1.);
#1505 = DIRECTION('',(1.,0.));
#1506 = ( GEOMETRIC_REPRESENTATION_CONTEXT(2) 
PARAMETRIC_REPRESENTATION_CONTEXT() REPRESENTATION_CONTEXT('2D SPACE',''
  ) );
#1507 = PCURVE('',#1156,#1508);
#1508 = DEFINITIONAL_REPRESENTATION('',(#1509),#1517);
#1509 = ( BOUNDED_CURVE() B_SPLINE_CURVE(2,(#1510,#1511,#1512,#1513,
#1514,#1515,#1516),.UNSPECIFIED.,.T.,.F.) B_SPLINE_CURVE_WITH_KNOTS((1,2
    ,2,2,2,1),(-2.094395102393,0.,2.094395102393,4.188790204786,
6.28318530718,8.377580409573),.UNSPECIFIED.) CURVE() 
GEOMETRIC_REPRESENTATION_ITEM() RATIONAL_B_SPLINE_CURVE((1.,0.5,1.,0.5,
1.,0.5,1.)) REPRESENTATION_ITEM('') );
#1510 = CARTESIAN_POINT('',(-17.,12.));
#1511 = CARTESIAN_POINT('',(-17.,22.392304845413));
#1512 = CARTESIAN_POINT('',(-8.,17.196152422707));
#1513 = CARTESIAN_POINT('',(1.,12.));
#1514 = CARTESIAN_POINT('',(-8.,6.803847577293));
#1515 = CARTESIAN_POINT('',(-17.,1.607695154587));
#1516 = CARTESIAN_POINT('',(-17.,12.));
#1517 = ( GEOMETRIC_REPRESENTATION_CONTEXT(2) 
PARAMETRIC_REPRESENTATION_CONTEXT() REPRESENTATION_CONTEXT('2D SPACE',''
  ) );
#1518 = ADVANCED_FACE('',(#1519),#619,.F.);
#1519 = FACE_BOUND('',#1520,.T.);
#1520 = EDGE_LOOP('',(#1521,#1544,#1623,#1651,#1789,#1790));
#1521 = ORIENTED_EDGE('',*,*,#1522,.F.);
#1522 = EDGE_CURVE('',#1523,#582,#1525,.T.);
#1523 = VERTEX_POINT('',#1524);
#1524 = CARTESIAN_POINT('',(81.3,62.15648580802,17.736803210873));
#1525 = SURFACE_CURVE('',#1526,(#1530,#1537),.PCURVE_S1.);
#1526 = LINE('',#1527,#1528);
#1527 = CARTESIAN_POINT('',(81.3,62.15648580802,43.6000001));
#1528 = VECTOR('',#1529,1.);
#1529 = DIRECTION('',(-0.,-0.,-1.));
#1530 = PCURVE('',#619,#1531);
#1531 = DEFINITIONAL_REPRESENTATION('',(#1532),#1536);
#1532 = LINE('',#1533,#1534);
#1533 = CARTESIAN_POINT('',(-0.,0.));
#1534 = VECTOR('',#1535,1.);
#1535 = DIRECTION('',(-0.,1.));
#1536 = ( GEOMETRIC_REPRESENTATION_CONTEXT(2) 
PARAMETRIC_REPRESENTATION_CONTEXT() REPRESENTATION_CONTEXT('2D SPACE',''
  ) );
#1537 = PCURVE('',#651,#1538);
#1538 = DEFINITIONAL_REPRESENTATION('',(#1539),#1543);
#1539 = LINE('',#1540,#1541);
#1540 = CARTESIAN_POINT('',(-43.6,-62.15648580802));
#1541 = VECTOR('',#1542,1.);
#1542 = DIRECTION('',(1.,-0.));
#1543 = ( GEOMETRIC_REPRESENTATION_CONTEXT(2) 
PARAMETRIC_REPRESENTATION_CONTEXT() REPRESENTATION_CONTEXT('2D SPACE',''
  ) );
#1544 = ORIENTED_EDGE('',*,*,#1545,.T.);
#1545 = EDGE_CURVE('',#1523,#1546,#1548,.T.);
#1546 = VERTEX_POINT('',#1547);
#1547 = CARTESIAN_POINT('',(80.8,63.479361461124,18.791006277164));
#1548 = SURFACE_CURVE('',#1549,(#1570,#1594),.PCURVE_S1.);
#1549 = B_SPLINE_CURVE_WITH_KNOTS('',7,(#1550,#1551,#1552,#1553,#1554,
    #1555,#1556,#1557,#1558,#1559,#1560,#1561,#1562,#1563,#1564,#1565,
    #1566,#1567,#1568,#1569),.UNSPECIFIED.,.F.,.F.,(8,6,6,8),(0.,
    0.236769499788,0.770001724999,1.),.UNSPECIFIED.);
#1550 = CARTESIAN_POINT('',(81.3,62.15648580802,17.736803210873));
#1551 = CARTESIAN_POINT('',(81.3,62.242889047077,17.782660540429));
#1552 = CARTESIAN_POINT('',(81.295645155359,62.327556848707,
    17.830344262007));
#1553 = CARTESIAN_POINT('',(81.287250169978,62.410279497687,
    17.879674372039));
#1554 = CARTESIAN_POINT('',(81.275124457227,62.490876558343,
    17.930451448096));
#1555 = CARTESIAN_POINT('',(81.259573844691,62.569194189401,
    17.982459188645));
#1556 = CARTESIAN_POINT('',(81.240902278918,62.645102458834,
    18.035466952811));
#1557 = CARTESIAN_POINT('',(81.171018389209,62.883775854508,
    18.210318064216));
#1558 = CARTESIAN_POINT('',(81.108235499358,63.036626243074,
    18.335494302349));
#1559 = CARTESIAN_POINT('',(81.033979049095,63.177234952531,
    18.46313520404));
#1560 = CARTESIAN_POINT('',(80.950267078831,63.306209630597,
    18.591901900478));
#1561 = CARTESIAN_POINT('',(80.858372339437,63.424300835417,
    18.720771586474));
#1562 = CARTESIAN_POINT('',(80.758948225258,63.532168957572,
    18.848853174169));
#1563 = CARTESIAN_POINT('',(80.605984398628,63.672506261752,
    19.029180865373));
#1564 = CARTESIAN_POINT('',(80.558538449962,63.712937814507,
    19.083091891861));
#1565 = CARTESIAN_POINT('',(80.509720397371,63.751576970123,
    19.136505782013));
#1566 = CARTESIAN_POINT('',(80.459496120666,63.788461032559,
    19.189325599652));
#1567 = CARTESIAN_POINT('',(80.407825750842,63.823599032868,
    19.241410253315));
#1568 = CARTESIAN_POINT('',(80.354670484788,63.856972621731,
    19.292560571972));
#1569 = CARTESIAN_POINT('',(80.2999994,63.888536961999,19.342505380744)
  );
#1570 = PCURVE('',#619,#1571);
#1571 = DEFINITIONAL_REPRESENTATION('',(#1572),#1593);
#1572 = B_SPLINE_CURVE_WITH_KNOTS('',7,(#1573,#1574,#1575,#1576,#1577,
    #1578,#1579,#1580,#1581,#1582,#1583,#1584,#1585,#1586,#1587,#1588,
    #1589,#1590,#1591,#1592),.UNSPECIFIED.,.F.,.F.,(8,6,6,8),(0.,
    0.236769499788,0.770001724999,1.),.UNSPECIFIED.);
#1573 = CARTESIAN_POINT('',(0.,25.863196889127));
#1574 = CARTESIAN_POINT('',(-4.320161952871E-02,25.817339559571));
#1575 = CARTESIAN_POINT('',(-8.553561529381E-02,25.769655837993));
#1576 = CARTESIAN_POINT('',(-0.127028450799,25.720325727961));
#1577 = CARTESIAN_POINT('',(-0.167698299004,25.669548651904));
#1578 = CARTESIAN_POINT('',(-0.20755562386,25.617540911355));
#1579 = CARTESIAN_POINT('',(-0.246603761848,25.564533147189));
#1580 = CARTESIAN_POINT('',(-0.370950804277,25.389682035784));
#1581 = CARTESIAN_POINT('',(-0.453117723543,25.264505797651));
#1582 = CARTESIAN_POINT('',(-0.532065094092,25.13686489596));
#1583 = CARTESIAN_POINT('',(-0.608415746145,25.008098199521));
#1584 = CARTESIAN_POINT('',(-0.682813099768,24.879228513526));
#1585 = CARTESIAN_POINT('',(-0.755905682442,24.751146925831));
#1586 = CARTESIAN_POINT('',(-0.859699337356,24.570819234627));
#1587 = CARTESIAN_POINT('',(-0.890846697631,24.516908208139));
#1588 = CARTESIAN_POINT('',(-0.921943530092,24.463494317987));
#1589 = CARTESIAN_POINT('',(-0.953063403925,24.410674500348));
#1590 = CARTESIAN_POINT('',(-0.984273287223,24.358589846685));
#1591 = CARTESIAN_POINT('',(-1.0156335384,24.307439528028));
#1592 = CARTESIAN_POINT('',(-1.047197897607,24.257494719256));
#1593 = ( GEOMETRIC_REPRESENTATION_CONTEXT(2) 
PARAMETRIC_REPRESENTATION_CONTEXT() REPRESENTATION_CONTEXT('2D SPACE',''
  ) );
#1594 = PCURVE('',#1595,#1600);
#1595 = CYLINDRICAL_SURFACE('',#1596,4.6);
#1596 = AXIS2_PLACEMENT_3D('',#1597,#1598,#1599);
#1597 = CARTESIAN_POINT('',(83.3,60.,21.8000001));
#1598 = DIRECTION('',(1.,-0.,-0.));
#1599 = DIRECTION('',(-0.,-0.707106781187,0.707106781187));
#1600 = DEFINITIONAL_REPRESENTATION('',(#1601),#1622);
#1601 = B_SPLINE_CURVE_WITH_KNOTS('',7,(#1602,#1603,#1604,#1605,#1606,
    #1607,#1608,#1609,#1610,#1611,#1612,#1613,#1614,#1615,#1616,#1617,
    #1618,#1619,#1620,#1621),.UNSPECIFIED.,.F.,.F.,(8,6,6,8),(0.,
    0.236769499788,0.770001724999,1.),.UNSPECIFIED.);
#1602 = CARTESIAN_POINT('',(2.844127671934,-2.));
#1603 = CARTESIAN_POINT('',(2.865392513736,-2.));
#1604 = CARTESIAN_POINT('',(2.886510229749,-2.004354844641));
#1605 = CARTESIAN_POINT('',(2.907437974565,-2.012749830022));
#1606 = CARTESIAN_POINT('',(2.928135424683,-2.024875542773));
#1607 = CARTESIAN_POINT('',(2.948563964366,-2.040426155309));
#1608 = CARTESIAN_POINT('',(2.968685871505,-2.059097721082));
#1609 = CARTESIAN_POINT('',(3.033005012056,-2.128981610791));
#1610 = CARTESIAN_POINT('',(3.075891728938,-2.191764500642));
#1611 = CARTESIAN_POINT('',(3.117092653915,-2.266020950905));
#1612 = CARTESIAN_POINT('',(3.156638326108,-2.349732921169));
#1613 = CARTESIAN_POINT('',(3.194582349348,-2.441627660563));
#1614 = CARTESIAN_POINT('',(3.230957996104,-2.541051774742));
#1615 = CARTESIAN_POINT('',(3.280632092365,-2.694015601372));
#1616 = CARTESIAN_POINT('',(3.295279291402,-2.741461550038));
#1617 = CARTESIAN_POINT('',(3.30960731091,-2.79027960263));
#1618 = CARTESIAN_POINT('',(3.323609017478,-2.840503879334));
#1619 = CARTESIAN_POINT('',(3.337264899658,-2.892174249158));
#1620 = CARTESIAN_POINT('',(3.350540653215,-2.945329515212));
#1621 = CARTESIAN_POINT('',(3.363384766376,-3.0000006));
#1622 = ( GEOMETRIC_REPRESENTATION_CONTEXT(2) 
PARAMETRIC_REPRESENTATION_CONTEXT() REPRESENTATION_CONTEXT('2D SPACE',''
  ) );
#1623 = ORIENTED_EDGE('',*,*,#1624,.T.);
#1624 = EDGE_CURVE('',#1546,#1625,#1627,.T.);
#1625 = VERTEX_POINT('',#1626);
#1626 = CARTESIAN_POINT('',(80.8,63.479361463553,16.91184668527));
#1627 = SURFACE_CURVE('',#1628,(#1632,#1639),.PCURVE_S1.);
#1628 = LINE('',#1629,#1630);
#1629 = CARTESIAN_POINT('',(80.8,63.479361463552,43.6000001));
#1630 = VECTOR('',#1631,1.);
#1631 = DIRECTION('',(-0.,-0.,-1.));
#1632 = PCURVE('',#619,#1633);
#1633 = DEFINITIONAL_REPRESENTATION('',(#1634),#1638);
#1634 = LINE('',#1635,#1636);
#1635 = CARTESIAN_POINT('',(-0.722734247813,0.));
#1636 = VECTOR('',#1637,1.);
#1637 = DIRECTION('',(-0.,1.));
#1638 = ( GEOMETRIC_REPRESENTATION_CONTEXT(2) 
PARAMETRIC_REPRESENTATION_CONTEXT() REPRESENTATION_CONTEXT('2D SPACE',''
  ) );
#1639 = PCURVE('',#1640,#1645);
#1640 = PLANE('',#1641);
#1641 = AXIS2_PLACEMENT_3D('',#1642,#1643,#1644);
#1642 = CARTESIAN_POINT('',(80.8,60.,22.877736653898));
#1643 = DIRECTION('',(-1.,-0.,-0.));
#1644 = DIRECTION('',(0.,0.,-1.));
#1645 = DEFINITIONAL_REPRESENTATION('',(#1646),#1650);
#1646 = LINE('',#1647,#1648);
#1647 = CARTESIAN_POINT('',(-20.7222634461,-3.479361463552));
#1648 = VECTOR('',#1649,1.);
#1649 = DIRECTION('',(1.,-0.));
#1650 = ( GEOMETRIC_REPRESENTATION_CONTEXT(2) 
PARAMETRIC_REPRESENTATION_CONTEXT() REPRESENTATION_CONTEXT('2D SPACE',''
  ) );
#1651 = ORIENTED_EDGE('',*,*,#1652,.T.);
#1652 = EDGE_CURVE('',#1625,#1172,#1653,.T.);
#1653 = SURFACE_CURVE('',#1654,(#1697,#1743),.PCURVE_S1.);
#1654 = B_SPLINE_CURVE_WITH_KNOTS('',6,(#1655,#1656,#1657,#1658,#1659,
    #1660,#1661,#1662,#1663,#1664,#1665,#1666,#1667,#1668,#1669,#1670,
    #1671,#1672,#1673,#1674,#1675,#1676,#1677,#1678,#1679,#1680,#1681,
    #1682,#1683,#1684,#1685,#1686,#1687,#1688,#1689,#1690,#1691,#1692,
    #1693,#1694,#1695,#1696),.UNSPECIFIED.,.F.,.F.,(7,5,5,5,5,5,5,5,7),(
    0.,5.86618093729E-02,0.296117704144,0.368194053408,0.503182983275,
    0.639245593576,0.710246869531,0.947686710784,1.),.UNSPECIFIED.);
#1655 = CARTESIAN_POINT('',(80.8000006,63.479360783216,16.911846201009)
  );
#1656 = CARTESIAN_POINT('',(80.778028388284,63.504274952261,
    16.929579968095));
#1657 = CARTESIAN_POINT('',(80.755626461942,63.528675387482,
    16.947177642919));
#1658 = CARTESIAN_POINT('',(80.732804670518,63.552562305222,
    16.964625385985));
#1659 = CARTESIAN_POINT('',(80.709572153128,63.575935530102,
    16.981909099009));
#1660 = CARTESIAN_POINT('',(80.685937338463,63.598794495023,
    16.999014424928));
#1661 = CARTESIAN_POINT('',(80.564639871448,63.711583017591,
    17.084385781547));
#1662 = CARTESIAN_POINT('',(80.460767438665,63.793715194177,
    17.149780373011));
#1663 = CARTESIAN_POINT('',(80.350916611563,63.867288894119,
    17.211019494024));
#1664 = CARTESIAN_POINT('',(80.235608738248,63.932032937058,
    17.266955693348));
#1665 = CARTESIAN_POINT('',(80.115279158638,63.987619820604,
    17.316391905896));
#1666 = CARTESIAN_POINT('',(79.952365877795,64.04753114575,
    17.370796251288));
#1667 = CARTESIAN_POINT('',(79.914022783739,64.060587320906,
    17.382748376486));
#1668 = CARTESIAN_POINT('',(79.87529941005,64.07273193453,
    17.393946580067));
#1669 = CARTESIAN_POINT('',(79.836222739715,64.083949325568,
    17.404355993945));
#1670 = CARTESIAN_POINT('',(79.79681921133,64.09422521468,
    17.413944566498));
#1671 = CARTESIAN_POINT('',(79.682753753668,64.121004551546,
    17.439049044561));
#1672 = CARTESIAN_POINT('',(79.607307294433,64.13512135585,
    17.452440191178));
#1673 = CARTESIAN_POINT('',(79.531045433895,64.145782491586,
    17.462637745206));
#1674 = CARTESIAN_POINT('',(79.454233952507,64.152915942607,
    17.469490746556));
#1675 = CARTESIAN_POINT('',(79.37713370388,64.15648580802,17.47291959142
    ));
#1676 = CARTESIAN_POINT('',(79.222252786934,64.15648580802,
    17.47291959142));
#1677 = CARTESIAN_POINT('',(79.144540274919,64.152858925376,
    17.469435989805));
#1678 = CARTESIAN_POINT('',(79.067123443289,64.145611726167,
    17.462473689003));
#1679 = CARTESIAN_POINT('',(78.990269020026,64.134781184529,
    17.452114812114));
#1680 = CARTESIAN_POINT('',(78.914248844305,64.120441478059,
    17.438514977348));
#1681 = CARTESIAN_POINT('',(78.800249296452,64.093458410699,
    17.413229189431));
#1682 = CARTESIAN_POINT('',(78.761452989293,64.083280682494,
    17.403735613849));
#1683 = CARTESIAN_POINT('',(78.722975049661,64.072189977107,
    17.393446916606));
#1684 = CARTESIAN_POINT('',(78.684840731899,64.060199973216,
    17.382393812486));
#1685 = CARTESIAN_POINT('',(78.647075802598,64.047325649667,
    17.370609660165));
#1686 = CARTESIAN_POINT('',(78.484737636628,63.987626579414,
    17.316397989952));
#1687 = CARTESIAN_POINT('',(78.364416235385,63.932044964352,
    17.266966321044));
#1688 = CARTESIAN_POINT('',(78.249115659946,63.867307406732,
    17.211035411424));
#1689 = CARTESIAN_POINT('',(78.139271267877,63.793741383382,
    17.149802107256));
#1690 = CARTESIAN_POINT('',(78.035404382673,63.7116181229,
    17.084413702921));
#1691 = CARTESIAN_POINT('',(77.916711537631,63.601258883919,
    17.000879461609));
#1692 = CARTESIAN_POINT('',(77.895595987865,63.580924406607,
    16.985644316884));
#1693 = CARTESIAN_POINT('',(77.874799699255,63.560180880605,
    16.970266038086));
#1694 = CARTESIAN_POINT('',(77.854328598457,63.539028741583,
    16.954754829787));
#1695 = CARTESIAN_POINT('',(77.834189049847,63.517468168797,
    16.93912072539));
#1696 = CARTESIAN_POINT('',(77.814387855522,63.495499085094,
    16.923373587121));
#1697 = PCURVE('',#619,#1698);
#1698 = DEFINITIONAL_REPRESENTATION('',(#1699),#1742);
#1699 = B_SPLINE_CURVE_WITH_KNOTS('',6,(#1700,#1701,#1702,#1703,#1704,
    #1705,#1706,#1707,#1708,#1709,#1710,#1711,#1712,#1713,#1714,#1715,
    #1716,#1717,#1718,#1719,#1720,#1721,#1722,#1723,#1724,#1725,#1726,
    #1727,#1728,#1729,#1730,#1731,#1732,#1733,#1734,#1735,#1736,#1737,
    #1738,#1739,#1740,#1741),.UNSPECIFIED.,.F.,.F.,(7,5,5,5,5,5,5,5,7),(
    0.,5.86618093729E-02,0.296117704144,0.368194053408,0.503182983275,
    0.639245593576,0.710246869531,0.947686710784,1.),.UNSPECIFIED.);
#1700 = CARTESIAN_POINT('',(-0.722733794256,26.688153898991));
#1701 = CARTESIAN_POINT('',(-0.739343233642,26.670420131905));
#1702 = CARTESIAN_POINT('',(-0.75590215138,26.652822457081));
#1703 = CARTESIAN_POINT('',(-0.772415576857,26.635374714015));
#1704 = CARTESIAN_POINT('',(-0.788888447844,26.618091000991));
#1705 = CARTESIAN_POINT('',(-0.805325610488,26.600985675072));
#1706 = CARTESIAN_POINT('',(-0.888142164279,26.515614318453));
#1707 = CARTESIAN_POINT('',(-0.954140598717,26.450219726989));
#1708 = CARTESIAN_POINT('',(-1.019940958134,26.388980605976));
#1709 = CARTESIAN_POINT('',(-1.085756062368,26.333044406652));
#1710 = CARTESIAN_POINT('',(-1.151816554413,26.283608194104));
#1711 = CARTESIAN_POINT('',(-1.238606680516,26.229203848712));
#1712 = CARTESIAN_POINT('',(-1.258853252788,26.217251723514));
#1713 = CARTESIAN_POINT('',(-1.279135836945,26.206053519933));
#1714 = CARTESIAN_POINT('',(-1.299454178647,26.195644106055));
#1715 = CARTESIAN_POINT('',(-1.319808753504,26.186055533502));
#1716 = CARTESIAN_POINT('',(-1.378392158822,26.160951055439));
#1717 = CARTESIAN_POINT('',(-1.416730089419,26.147559908822));
#1718 = CARTESIAN_POINT('',(-1.455170416093,26.137362354794));
#1719 = CARTESIAN_POINT('',(-1.493679312584,26.130509353444));
#1720 = CARTESIAN_POINT('',(-1.532229474855,26.12708050858));
#1721 = CARTESIAN_POINT('',(-1.609669933328,26.12708050858));
#1722 = CARTESIAN_POINT('',(-1.648526229355,26.130564110195));
#1723 = CARTESIAN_POINT('',(-1.68734027899,26.137526410997));
#1724 = CARTESIAN_POINT('',(-1.726084317608,26.147885287886));
#1725 = CARTESIAN_POINT('',(-1.764723810279,26.161485122652));
#1726 = CARTESIAN_POINT('',(-1.82329851223,26.186770910569));
#1727 = CARTESIAN_POINT('',(-1.843347210863,26.196264486151));
#1728 = CARTESIAN_POINT('',(-1.863360745299,26.206553183394));
#1729 = CARTESIAN_POINT('',(-1.883339567324,26.217606287514));
#1730 = CARTESIAN_POINT('',(-1.903283441306,26.229390439835));
#1731 = CARTESIAN_POINT('',(-1.989767051198,26.283602110048));
#1732 = CARTESIAN_POINT('',(-2.055822774174,26.333033778956));
#1733 = CARTESIAN_POINT('',(-2.121633173655,26.388964688576));
#1734 = CARTESIAN_POINT('',(-2.18742878871,26.450197992744));
#1735 = CARTESIAN_POINT('',(-2.253422332498,26.515586397079));
#1736 = CARTESIAN_POINT('',(-2.334458054702,26.599120638391));
#1737 = CARTESIAN_POINT('',(-2.349113210861,26.614355783116));
#1738 = CARTESIAN_POINT('',(-2.363796349985,26.629734061914));
#1739 = CARTESIAN_POINT('',(-2.378510900549,26.645245270213));
#1740 = CARTESIAN_POINT('',(-2.39326035129,26.66087937461));
#1741 = CARTESIAN_POINT('',(-2.408048251203,26.676626512879));
#1742 = ( GEOMETRIC_REPRESENTATION_CONTEXT(2) 
PARAMETRIC_REPRESENTATION_CONTEXT() REPRESENTATION_CONTEXT('2D SPACE',''
  ) );
#1743 = PCURVE('',#1322,#1744);
#1744 = DEFINITIONAL_REPRESENTATION('',(#1745),#1788);
#1745 = B_SPLINE_CURVE_WITH_KNOTS('',6,(#1746,#1747,#1748,#1749,#1750,
    #1751,#1752,#1753,#1754,#1755,#1756,#1757,#1758,#1759,#1760,#1761,
    #1762,#1763,#1764,#1765,#1766,#1767,#1768,#1769,#1770,#1771,#1772,
    #1773,#1774,#1775,#1776,#1777,#1778,#1779,#1780,#1781,#1782,#1783,
    #1784,#1785,#1786,#1787),.UNSPECIFIED.,.F.,.F.,(7,5,5,5,5,5,5,5,7),(
    0.,5.86618093729E-02,0.296117704144,0.368194053408,0.503182983275,
    0.639245593576,0.710246869531,0.947686710784,1.),.UNSPECIFIED.);
#1746 = CARTESIAN_POINT('',(2.97479240623,5.999999999062E-07));
#1747 = CARTESIAN_POINT('',(2.979889252516,-2.197161171646E-02));
#1748 = CARTESIAN_POINT('',(2.984903190232,-4.437353805828E-02));
#1749 = CARTESIAN_POINT('',(2.989833148211,-6.719532948238E-02));
#1750 = CARTESIAN_POINT('',(2.994677940497,-9.042784687207E-02));
#1751 = CARTESIAN_POINT('',(2.999436266348,-0.114062661537));
#1752 = CARTESIAN_POINT('',(3.023012101054,-0.235360128552));
#1753 = CARTESIAN_POINT('',(3.040504579994,-0.339232561335));
#1754 = CARTESIAN_POINT('',(3.056453885472,-0.449083388437));
#1755 = CARTESIAN_POINT('',(3.070711658534,-0.564391261752));
#1756 = CARTESIAN_POINT('',(3.083109290638,-0.684720841362));
#1757 = CARTESIAN_POINT('',(3.096597144926,-0.847634122205));
#1758 = CARTESIAN_POINT('',(3.099547250328,-0.885977216261));
#1759 = CARTESIAN_POINT('',(3.102300461779,-0.92470058995));
#1760 = CARTESIAN_POINT('',(3.104850965952,-0.963777260285));
#1761 = CARTESIAN_POINT('',(3.107193411707,-1.00318078867));
#1762 = CARTESIAN_POINT('',(3.113311162977,-1.117246246332));
#1763 = CARTESIAN_POINT('',(3.116554080654,-1.192692705567));
#1764 = CARTESIAN_POINT('',(3.119012890015,-1.268954566105));
#1765 = CARTESIAN_POINT('',(3.120661550776,-1.345766047493));
#1766 = CARTESIAN_POINT('',(3.121486520678,-1.42286629612));
#1767 = CARTESIAN_POINT('',(3.121486520678,-1.577747213066));
#1768 = CARTESIAN_POINT('',(3.120648375539,-1.655459725081));
#1769 = CARTESIAN_POINT('',(3.118973422685,-1.732876556711));
#1770 = CARTESIAN_POINT('',(3.116475625877,-1.809730979974));
#1771 = CARTESIAN_POINT('',(3.113181820802,-1.885751155695));
#1772 = CARTESIAN_POINT('',(3.107018630352,-1.999750703548));
#1773 = CARTESIAN_POINT('',(3.104698947734,-2.038547010707));
#1774 = CARTESIAN_POINT('',(3.10217760551,-2.077024950339));
#1775 = CARTESIAN_POINT('',(3.099459730437,-2.115159268101));
#1776 = CARTESIAN_POINT('',(3.096550883325,-2.152924197402));
#1777 = CARTESIAN_POINT('',(3.083110806258,-2.315262363372));
#1778 = CARTESIAN_POINT('',(3.070714333379,-2.435583764615));
#1779 = CARTESIAN_POINT('',(3.056457953911,-2.550884340054));
#1780 = CARTESIAN_POINT('',(3.040510250555,-2.660728732124));
#1781 = CARTESIAN_POINT('',(3.023019574764,-2.764595617327));
#1782 = CARTESIAN_POINT('',(2.999951360039,-2.883288462369));
#1783 = CARTESIAN_POINT('',(2.995716632316,-2.904404012135));
#1784 = CARTESIAN_POINT('',(2.991413018949,-2.925200300745));
#1785 = CARTESIAN_POINT('',(2.987041451948,-2.945671401543));
#1786 = CARTESIAN_POINT('',(2.982602788968,-2.965810950153));
#1787 = CARTESIAN_POINT('',(2.978097813317,-2.985612144478));
#1788 = ( GEOMETRIC_REPRESENTATION_CONTEXT(2) 
PARAMETRIC_REPRESENTATION_CONTEXT() REPRESENTATION_CONTEXT('2D SPACE',''
  ) );
#1789 = ORIENTED_EDGE('',*,*,#1171,.T.);
#1790 = ORIENTED_EDGE('',*,*,#604,.F.);
#1791 = ADVANCED_FACE('',(#1792,#1921),#651,.T.);
#1792 = FACE_BOUND('',#1793,.F.);
#1793 = EDGE_LOOP('',(#1794,#1795,#1819,#1847,#1875,#1898,#1919,#1920));
#1794 = ORIENTED_EDGE('',*,*,#1522,.F.);
#1795 = ORIENTED_EDGE('',*,*,#1796,.T.);
#1796 = EDGE_CURVE('',#1523,#1797,#1799,.T.);
#1797 = VERTEX_POINT('',#1798);
#1798 = CARTESIAN_POINT('',(81.3,56.747308806542,25.052691293458));
#1799 = SURFACE_CURVE('',#1800,(#1805,#1812),.PCURVE_S1.);
#1800 = CIRCLE('',#1801,4.6);
#1801 = AXIS2_PLACEMENT_3D('',#1802,#1803,#1804);
#1802 = CARTESIAN_POINT('',(81.3,60.,21.8000001));
#1803 = DIRECTION('',(-1.,0.,-0.));
#1804 = DIRECTION('',(-0.,-0.707106781187,0.707106781187));
#1805 = PCURVE('',#651,#1806);
#1806 = DEFINITIONAL_REPRESENTATION('',(#1807),#1811);
#1807 = CIRCLE('',#1808,4.6);
#1808 = AXIS2_PLACEMENT_2D('',#1809,#1810);
#1809 = CARTESIAN_POINT('',(-21.8,-60.));
#1810 = DIRECTION('',(-0.707106781187,0.707106781187));
#1811 = ( GEOMETRIC_REPRESENTATION_CONTEXT(2) 
PARAMETRIC_REPRESENTATION_CONTEXT() REPRESENTATION_CONTEXT('2D SPACE',''
  ) );
#1812 = PCURVE('',#1595,#1813);
#1813 = DEFINITIONAL_REPRESENTATION('',(#1814),#1818);
#1814 = LINE('',#1815,#1816);
#1815 = CARTESIAN_POINT('',(6.28318530718,-2.));
#1816 = VECTOR('',#1817,1.);
#1817 = DIRECTION('',(-1.,0.));
#1818 = ( GEOMETRIC_REPRESENTATION_CONTEXT(2) 
PARAMETRIC_REPRESENTATION_CONTEXT() REPRESENTATION_CONTEXT('2D SPACE',''
  ) );
#1819 = ORIENTED_EDGE('',*,*,#1820,.T.);
#1820 = EDGE_CURVE('',#1797,#1821,#1823,.T.);
#1821 = VERTEX_POINT('',#1822);
#1822 = CARTESIAN_POINT('',(81.3,60.,28.305382486916));
#1823 = SURFACE_CURVE('',#1824,(#1828,#1835),.PCURVE_S1.);
#1824 = LINE('',#1825,#1826);
#1825 = CARTESIAN_POINT('',(81.3,37.923654403271,6.229036890187));
#1826 = VECTOR('',#1827,1.);
#1827 = DIRECTION('',(-0.,0.707106781187,0.707106781187));
#1828 = PCURVE('',#651,#1829);
#1829 = DEFINITIONAL_REPRESENTATION('',(#1830),#1834);
#1830 = LINE('',#1831,#1832);
#1831 = CARTESIAN_POINT('',(-6.229036790187,-37.92365440327));
#1832 = VECTOR('',#1833,1.);
#1833 = DIRECTION('',(-0.707106781187,-0.707106781187));
#1834 = ( GEOMETRIC_REPRESENTATION_CONTEXT(2) 
PARAMETRIC_REPRESENTATION_CONTEXT() REPRESENTATION_CONTEXT('2D SPACE',''
  ) );
#1835 = PCURVE('',#1836,#1841);
#1836 = PLANE('',#1837);
#1837 = AXIS2_PLACEMENT_3D('',#1838,#1839,#1840);
#1838 = CARTESIAN_POINT('',(83.3,60.,28.305382486916));
#1839 = DIRECTION('',(-0.,0.707106781187,-0.707106781187));
#1840 = DIRECTION('',(0.,0.707106781187,0.707106781187));
#1841 = DEFINITIONAL_REPRESENTATION('',(#1842),#1846);
#1842 = LINE('',#1843,#1844);
#1843 = CARTESIAN_POINT('',(-31.22066735053,-2.));
#1844 = VECTOR('',#1845,1.);
#1845 = DIRECTION('',(1.,-0.));
#1846 = ( GEOMETRIC_REPRESENTATION_CONTEXT(2) 
PARAMETRIC_REPRESENTATION_CONTEXT() REPRESENTATION_CONTEXT('2D SPACE',''
  ) );
#1847 = ORIENTED_EDGE('',*,*,#1848,.T.);
#1848 = EDGE_CURVE('',#1821,#1849,#1851,.T.);
#1849 = VERTEX_POINT('',#1850);
#1850 = CARTESIAN_POINT('',(81.3,62.15648580802,26.148896678897));
#1851 = SURFACE_CURVE('',#1852,(#1856,#1863),.PCURVE_S1.);
#1852 = LINE('',#1853,#1854);
#1853 = CARTESIAN_POINT('',(81.3,53.702691193458,34.602691293458));
#1854 = VECTOR('',#1855,1.);
#1855 = DIRECTION('',(-0.,0.707106781187,-0.707106781187));
#1856 = PCURVE('',#651,#1857);
#1857 = DEFINITIONAL_REPRESENTATION('',(#1858),#1862);
#1858 = LINE('',#1859,#1860);
#1859 = CARTESIAN_POINT('',(-34.60269119345,-53.70269119345));
#1860 = VECTOR('',#1861,1.);
#1861 = DIRECTION('',(0.707106781187,-0.707106781187));
#1862 = ( GEOMETRIC_REPRESENTATION_CONTEXT(2) 
PARAMETRIC_REPRESENTATION_CONTEXT() REPRESENTATION_CONTEXT('2D SPACE',''
  ) );
#1863 = PCURVE('',#1864,#1869);
#1864 = PLANE('',#1865);
#1865 = AXIS2_PLACEMENT_3D('',#1866,#1867,#1868);
#1866 = CARTESIAN_POINT('',(83.3,63.252691193458,25.052691293458));
#1867 = DIRECTION('',(-0.,-0.707106781187,-0.707106781187));
#1868 = DIRECTION('',(0.,0.707106781187,-0.707106781187));
#1869 = DEFINITIONAL_REPRESENTATION('',(#1870),#1874);
#1870 = LINE('',#1871,#1872);
#1871 = CARTESIAN_POINT('',(-13.50573952066,-2.));
#1872 = VECTOR('',#1873,1.);
#1873 = DIRECTION('',(1.,-0.));
#1874 = ( GEOMETRIC_REPRESENTATION_CONTEXT(2) 
PARAMETRIC_REPRESENTATION_CONTEXT() REPRESENTATION_CONTEXT('2D SPACE',''
  ) );
#1875 = ORIENTED_EDGE('',*,*,#1876,.F.);
#1876 = EDGE_CURVE('',#1877,#1849,#1879,.T.);
#1877 = VERTEX_POINT('',#1878);
#1878 = CARTESIAN_POINT('',(81.3,62.15648580802,43.6000001));
#1879 = SURFACE_CURVE('',#1880,(#1884,#1891),.PCURVE_S1.);
#1880 = LINE('',#1881,#1882);
#1881 = CARTESIAN_POINT('',(81.3,62.15648580802,43.6000001));
#1882 = VECTOR('',#1883,1.);
#1883 = DIRECTION('',(-0.,-0.,-1.));
#1884 = PCURVE('',#651,#1885);
#1885 = DEFINITIONAL_REPRESENTATION('',(#1886),#1890);
#1886 = LINE('',#1887,#1888);
#1887 = CARTESIAN_POINT('',(-43.6,-62.15648580802));
#1888 = VECTOR('',#1889,1.);
#1889 = DIRECTION('',(1.,-0.));
#1890 = ( GEOMETRIC_REPRESENTATION_CONTEXT(2) 
PARAMETRIC_REPRESENTATION_CONTEXT() REPRESENTATION_CONTEXT('2D SPACE',''
  ) );
#1891 = PCURVE('',#1235,#1892);
#1892 = DEFINITIONAL_REPRESENTATION('',(#1893),#1897);
#1893 = LINE('',#1894,#1895);
#1894 = CARTESIAN_POINT('',(-0.,0.));
#1895 = VECTOR('',#1896,1.);
#1896 = DIRECTION('',(-0.,1.));
#1897 = ( GEOMETRIC_REPRESENTATION_CONTEXT(2) 
PARAMETRIC_REPRESENTATION_CONTEXT() REPRESENTATION_CONTEXT('2D SPACE',''
  ) );
#1898 = ORIENTED_EDGE('',*,*,#1899,.F.);
#1899 = EDGE_CURVE('',#1471,#1877,#1900,.T.);
#1900 = SURFACE_CURVE('',#1901,(#1905,#1912),.PCURVE_S1.);
#1901 = LINE('',#1902,#1903);
#1902 = CARTESIAN_POINT('',(81.3,0.,43.6000001));
#1903 = VECTOR('',#1904,1.);
#1904 = DIRECTION('',(0.,1.,0.));
#1905 = PCURVE('',#651,#1906);
#1906 = DEFINITIONAL_REPRESENTATION('',(#1907),#1911);
#1907 = LINE('',#1908,#1909);
#1908 = CARTESIAN_POINT('',(-43.6,-0.));
#1909 = VECTOR('',#1910,1.);
#1910 = DIRECTION('',(-0.,-1.));
#1911 = ( GEOMETRIC_REPRESENTATION_CONTEXT(2) 
PARAMETRIC_REPRESENTATION_CONTEXT() REPRESENTATION_CONTEXT('2D SPACE',''
  ) );
#1912 = PCURVE('',#1156,#1913);
#1913 = DEFINITIONAL_REPRESENTATION('',(#1914),#1918);
#1914 = LINE('',#1915,#1916);
#1915 = CARTESIAN_POINT('',(-5.,0.));
#1916 = VECTOR('',#1917,1.);
#1917 = DIRECTION('',(0.,1.));
#1918 = ( GEOMETRIC_REPRESENTATION_CONTEXT(2) 
PARAMETRIC_REPRESENTATION_CONTEXT() REPRESENTATION_CONTEXT('2D SPACE',''
  ) );
#1919 = ORIENTED_EDGE('',*,*,#1470,.F.);
#1920 = ORIENTED_EDGE('',*,*,#637,.T.);
#1921 = FACE_BOUND('',#1922,.F.);
#1922 = EDGE_LOOP('',(#1923,#1953,#1981));
#1923 = ORIENTED_EDGE('',*,*,#1924,.T.);
#1924 = EDGE_CURVE('',#1925,#1927,#1929,.T.);
#1925 = VERTEX_POINT('',#1926);
#1926 = CARTESIAN_POINT('',(81.3,16.747308806542,25.052691293458));
#1927 = VERTEX_POINT('',#1928);
#1928 = CARTESIAN_POINT('',(81.3,20.,28.305382486916));
#1929 = SURFACE_CURVE('',#1930,(#1934,#1941),.PCURVE_S1.);
#1930 = LINE('',#1931,#1932);
#1931 = CARTESIAN_POINT('',(81.3,7.923654403271,16.229036890187));
#1932 = VECTOR('',#1933,1.);
#1933 = DIRECTION('',(-0.,0.707106781187,0.707106781187));
#1934 = PCURVE('',#651,#1935);
#1935 = DEFINITIONAL_REPRESENTATION('',(#1936),#1940);
#1936 = LINE('',#1937,#1938);
#1937 = CARTESIAN_POINT('',(-16.22903679018,-7.923654403271));
#1938 = VECTOR('',#1939,1.);
#1939 = DIRECTION('',(-0.707106781187,-0.707106781187));
#1940 = ( GEOMETRIC_REPRESENTATION_CONTEXT(2) 
PARAMETRIC_REPRESENTATION_CONTEXT() REPRESENTATION_CONTEXT('2D SPACE',''
  ) );
#1941 = PCURVE('',#1942,#1947);
#1942 = PLANE('',#1943);
#1943 = AXIS2_PLACEMENT_3D('',#1944,#1945,#1946);
#1944 = CARTESIAN_POINT('',(83.3,20.,28.305382486916));
#1945 = DIRECTION('',(-0.,0.707106781187,-0.707106781187));
#1946 = DIRECTION('',(0.,0.707106781187,0.707106781187));
#1947 = DEFINITIONAL_REPRESENTATION('',(#1948),#1952);
#1948 = LINE('',#1949,#1950);
#1949 = CARTESIAN_POINT('',(-17.07853172679,-2.));
#1950 = VECTOR('',#1951,1.);
#1951 = DIRECTION('',(1.,-0.));
#1952 = ( GEOMETRIC_REPRESENTATION_CONTEXT(2) 
PARAMETRIC_REPRESENTATION_CONTEXT() REPRESENTATION_CONTEXT('2D SPACE',''
  ) );
#1953 = ORIENTED_EDGE('',*,*,#1954,.T.);
#1954 = EDGE_CURVE('',#1927,#1955,#1957,.T.);
#1955 = VERTEX_POINT('',#1956);
#1956 = CARTESIAN_POINT('',(81.3,23.252691193458,25.052691293458));
#1957 = SURFACE_CURVE('',#1958,(#1962,#1969),.PCURVE_S1.);
#1958 = LINE('',#1959,#1960);
#1959 = CARTESIAN_POINT('',(81.3,23.702691193458,24.602691293458));
#1960 = VECTOR('',#1961,1.);
#1961 = DIRECTION('',(-0.,0.707106781187,-0.707106781187));
#1962 = PCURVE('',#651,#1963);
#1963 = DEFINITIONAL_REPRESENTATION('',(#1964),#1968);
#1964 = LINE('',#1965,#1966);
#1965 = CARTESIAN_POINT('',(-24.60269119345,-23.70269119345));
#1966 = VECTOR('',#1967,1.);
#1967 = DIRECTION('',(0.707106781187,-0.707106781187));
#1968 = ( GEOMETRIC_REPRESENTATION_CONTEXT(2) 
PARAMETRIC_REPRESENTATION_CONTEXT() REPRESENTATION_CONTEXT('2D SPACE',''
  ) );
#1969 = PCURVE('',#1970,#1975);
#1970 = PLANE('',#1971);
#1971 = AXIS2_PLACEMENT_3D('',#1972,#1973,#1974);
#1972 = CARTESIAN_POINT('',(83.3,23.252691193458,25.052691293458));
#1973 = DIRECTION('',(-0.,-0.707106781187,-0.707106781187));
#1974 = DIRECTION('',(0.,0.707106781187,-0.707106781187));
#1975 = DEFINITIONAL_REPRESENTATION('',(#1976),#1980);
#1976 = LINE('',#1977,#1978);
#1977 = CARTESIAN_POINT('',(0.636396103068,-2.));
#1978 = VECTOR('',#1979,1.);
#1979 = DIRECTION('',(1.,-0.));
#1980 = ( GEOMETRIC_REPRESENTATION_CONTEXT(2) 
PARAMETRIC_REPRESENTATION_CONTEXT() REPRESENTATION_CONTEXT('2D SPACE',''
  ) );
#1981 = ORIENTED_EDGE('',*,*,#1982,.T.);
#1982 = EDGE_CURVE('',#1955,#1925,#1983,.T.);
#1983 = SURFACE_CURVE('',#1984,(#1989,#1996),.PCURVE_S1.);
#1984 = CIRCLE('',#1985,4.6);
#1985 = AXIS2_PLACEMENT_3D('',#1986,#1987,#1988);
#1986 = CARTESIAN_POINT('',(81.3,20.,21.8000001));
#1987 = DIRECTION('',(-1.,0.,-0.));
#1988 = DIRECTION('',(-0.,-0.707106781187,0.707106781187));
#1989 = PCURVE('',#651,#1990);
#1990 = DEFINITIONAL_REPRESENTATION('',(#1991),#1995);
#1991 = CIRCLE('',#1992,4.6);
#1992 = AXIS2_PLACEMENT_2D('',#1993,#1994);
#1993 = CARTESIAN_POINT('',(-21.8,-20.));
#1994 = DIRECTION('',(-0.707106781187,0.707106781187));
#1995 = ( GEOMETRIC_REPRESENTATION_CONTEXT(2) 
PARAMETRIC_REPRESENTATION_CONTEXT() REPRESENTATION_CONTEXT('2D SPACE',''
  ) );
#1996 = PCURVE('',#1997,#2002);
#1997 = CYLINDRICAL_SURFACE('',#1998,4.6);
#1998 = AXIS2_PLACEMENT_3D('',#1999,#2000,#2001);
#1999 = CARTESIAN_POINT('',(83.3,20.,21.8000001));
#2000 = DIRECTION('',(1.,-0.,-0.));
#2001 = DIRECTION('',(-0.,-0.707106781187,0.707106781187));
#2002 = DEFINITIONAL_REPRESENTATION('',(#2003),#2007);
#2003 = LINE('',#2004,#2005);
#2004 = CARTESIAN_POINT('',(6.28318530718,-2.));
#2005 = VECTOR('',#2006,1.);
#2006 = DIRECTION('',(-1.,0.));
#2007 = ( GEOMETRIC_REPRESENTATION_CONTEXT(2) 
PARAMETRIC_REPRESENTATION_CONTEXT() REPRESENTATION_CONTEXT('2D SPACE',''
  ) );
#2008 = ADVANCED_FACE('',(#2009),#725,.T.);
#2009 = FACE_BOUND('',#2010,.F.);
#2010 = EDGE_LOOP('',(#2011,#2034,#2035,#2058));
#2011 = ORIENTED_EDGE('',*,*,#2012,.T.);
#2012 = EDGE_CURVE('',#2013,#691,#2015,.T.);
#2013 = VERTEX_POINT('',#2014);
#2014 = CARTESIAN_POINT('',(23.3,8.,43.6000001));
#2015 = SURFACE_CURVE('',#2016,(#2020,#2027),.PCURVE_S1.);
#2016 = LINE('',#2017,#2018);
#2017 = CARTESIAN_POINT('',(23.3,8.,43.6000001));
#2018 = VECTOR('',#2019,1.);
#2019 = DIRECTION('',(-0.,-0.,-1.));
#2020 = PCURVE('',#725,#2021);
#2021 = DEFINITIONAL_REPRESENTATION('',(#2022),#2026);
#2022 = LINE('',#2023,#2024);
#2023 = CARTESIAN_POINT('',(-44.6,-8.));
#2024 = VECTOR('',#2025,1.);
#2025 = DIRECTION('',(1.,-0.));
#2026 = ( GEOMETRIC_REPRESENTATION_CONTEXT(2) 
PARAMETRIC_REPRESENTATION_CONTEXT() REPRESENTATION_CONTEXT('2D SPACE',''
  ) );
#2027 = PCURVE('',#832,#2028);
#2028 = DEFINITIONAL_REPRESENTATION('',(#2029),#2033);
#2029 = LINE('',#2030,#2031);
#2030 = CARTESIAN_POINT('',(-1.570796326795,0.));
#2031 = VECTOR('',#2032,1.);
#2032 = DIRECTION('',(-0.,1.));
#2033 = ( GEOMETRIC_REPRESENTATION_CONTEXT(2) 
PARAMETRIC_REPRESENTATION_CONTEXT() REPRESENTATION_CONTEXT('2D SPACE',''
  ) );
#2034 = ORIENTED_EDGE('',*,*,#711,.F.);
#2035 = ORIENTED_EDGE('',*,*,#2036,.F.);
#2036 = EDGE_CURVE('',#2037,#667,#2039,.T.);
#2037 = VERTEX_POINT('',#2038);
#2038 = CARTESIAN_POINT('',(23.3,8.987274337369,43.6000001));
#2039 = SURFACE_CURVE('',#2040,(#2044,#2051),.PCURVE_S1.);
#2040 = LINE('',#2041,#2042);
#2041 = CARTESIAN_POINT('',(23.3,8.987274337369,-0.4999999));
#2042 = VECTOR('',#2043,1.);
#2043 = DIRECTION('',(-0.,-0.,-1.));
#2044 = PCURVE('',#725,#2045);
#2045 = DEFINITIONAL_REPRESENTATION('',(#2046),#2050);
#2046 = LINE('',#2047,#2048);
#2047 = CARTESIAN_POINT('',(-0.5,-8.987274337369));
#2048 = VECTOR('',#2049,1.);
#2049 = DIRECTION('',(1.,-0.));
#2050 = ( GEOMETRIC_REPRESENTATION_CONTEXT(2) 
PARAMETRIC_REPRESENTATION_CONTEXT() REPRESENTATION_CONTEXT('2D SPACE',''
  ) );
#2051 = PCURVE('',#779,#2052);
#2052 = DEFINITIONAL_REPRESENTATION('',(#2053),#2057);
#2053 = LINE('',#2054,#2055);
#2054 = CARTESIAN_POINT('',(-92.41199026647,0.5));
#2055 = VECTOR('',#2056,1.);
#2056 = DIRECTION('',(-0.,1.));
#2057 = ( GEOMETRIC_REPRESENTATION_CONTEXT(2) 
PARAMETRIC_REPRESENTATION_CONTEXT() REPRESENTATION_CONTEXT('2D SPACE',''
  ) );
#2058 = ORIENTED_EDGE('',*,*,#2059,.T.);
#2059 = EDGE_CURVE('',#2037,#2013,#2060,.T.);
#2060 = SURFACE_CURVE('',#2061,(#2065,#2072),.PCURVE_S1.);
#2061 = LINE('',#2062,#2063);
#2062 = CARTESIAN_POINT('',(23.3,19.0875,43.6000001));
#2063 = VECTOR('',#2064,1.);
#2064 = DIRECTION('',(-0.,-1.,-0.));
#2065 = PCURVE('',#725,#2066);
#2066 = DEFINITIONAL_REPRESENTATION('',(#2067),#2071);
#2067 = LINE('',#2068,#2069);
#2068 = CARTESIAN_POINT('',(-44.6,-19.0875));
#2069 = VECTOR('',#2070,1.);
#2070 = DIRECTION('',(-0.,1.));
#2071 = ( GEOMETRIC_REPRESENTATION_CONTEXT(2) 
PARAMETRIC_REPRESENTATION_CONTEXT() REPRESENTATION_CONTEXT('2D SPACE',''
  ) );
#2072 = PCURVE('',#1156,#2073);
#2073 = DEFINITIONAL_REPRESENTATION('',(#2074),#2078);
#2074 = LINE('',#2075,#2076);
#2075 = CARTESIAN_POINT('',(-63.,19.0875));
#2076 = VECTOR('',#2077,1.);
#2077 = DIRECTION('',(-0.,-1.));
#2078 = ( GEOMETRIC_REPRESENTATION_CONTEXT(2) 
PARAMETRIC_REPRESENTATION_CONTEXT() REPRESENTATION_CONTEXT('2D SPACE',''
  ) );
#2079 = ADVANCED_FACE('',(#2080,#2128,#2224),#779,.T.);
#2080 = FACE_BOUND('',#2081,.F.);
#2081 = EDGE_LOOP('',(#2082,#2105,#2126,#2127));
#2082 = ORIENTED_EDGE('',*,*,#2083,.T.);
#2083 = EDGE_CURVE('',#741,#2084,#2086,.T.);
#2084 = VERTEX_POINT('',#2085);
#2085 = CARTESIAN_POINT('',(78.607507201749,70.35,43.6000001));
#2086 = SURFACE_CURVE('',#2087,(#2091,#2098),.PCURVE_S1.);
#2087 = LINE('',#2088,#2089);
#2088 = CARTESIAN_POINT('',(78.607507201749,70.35,-0.4999999));
#2089 = VECTOR('',#2090,1.);
#2090 = DIRECTION('',(-0.,-0.,1.));
#2091 = PCURVE('',#779,#2092);
#2092 = DEFINITIONAL_REPRESENTATION('',(#2093),#2097);
#2093 = LINE('',#2094,#2095);
#2094 = CARTESIAN_POINT('',(-9.802641802642,0.5));
#2095 = VECTOR('',#2096,1.);
#2096 = DIRECTION('',(-0.,-1.));
#2097 = ( GEOMETRIC_REPRESENTATION_CONTEXT(2) 
PARAMETRIC_REPRESENTATION_CONTEXT() REPRESENTATION_CONTEXT('2D SPACE',''
  ) );
#2098 = PCURVE('',#886,#2099);
#2099 = DEFINITIONAL_REPRESENTATION('',(#2100),#2104);
#2100 = LINE('',#2101,#2102);
#2101 = CARTESIAN_POINT('',(0.5,7.692492798251));
#2102 = VECTOR('',#2103,1.);
#2103 = DIRECTION('',(-1.,0.));
#2104 = ( GEOMETRIC_REPRESENTATION_CONTEXT(2) 
PARAMETRIC_REPRESENTATION_CONTEXT() REPRESENTATION_CONTEXT('2D SPACE',''
  ) );
#2105 = ORIENTED_EDGE('',*,*,#2106,.T.);
#2106 = EDGE_CURVE('',#2084,#2037,#2107,.T.);
#2107 = SURFACE_CURVE('',#2108,(#2112,#2119),.PCURVE_S1.);
#2108 = LINE('',#2109,#2110);
#2109 = CARTESIAN_POINT('',(85.170440963818,77.631461854985,43.6000001)
  );
#2110 = VECTOR('',#2111,1.);
#2111 = DIRECTION('',(-0.669506638537,-0.742806072239,-0.));
#2112 = PCURVE('',#779,#2113);
#2113 = DEFINITIONAL_REPRESENTATION('',(#2114),#2118);
#2114 = LINE('',#2115,#2116);
#2115 = CARTESIAN_POINT('',(-0.,-43.6));
#2116 = VECTOR('',#2117,1.);
#2117 = DIRECTION('',(-1.,0.));
#2118 = ( GEOMETRIC_REPRESENTATION_CONTEXT(2) 
PARAMETRIC_REPRESENTATION_CONTEXT() REPRESENTATION_CONTEXT('2D SPACE',''
  ) );
#2119 = PCURVE('',#1156,#2120);
#2120 = DEFINITIONAL_REPRESENTATION('',(#2121),#2125);
#2121 = LINE('',#2122,#2123);
#2122 = CARTESIAN_POINT('',(-1.129559036182,77.631461854985));
#2123 = VECTOR('',#2124,1.);
#2124 = DIRECTION('',(-0.669506638537,-0.742806072239));
#2125 = ( GEOMETRIC_REPRESENTATION_CONTEXT(2) 
PARAMETRIC_REPRESENTATION_CONTEXT() REPRESENTATION_CONTEXT('2D SPACE',''
  ) );
#2126 = ORIENTED_EDGE('',*,*,#2036,.T.);
#2127 = ORIENTED_EDGE('',*,*,#765,.F.);
#2128 = FACE_BOUND('',#2129,.F.);
#2129 = EDGE_LOOP('',(#2130,#2155,#2178));
#2130 = ORIENTED_EDGE('',*,*,#2131,.T.);
#2131 = EDGE_CURVE('',#2132,#2134,#2136,.T.);
#2132 = VERTEX_POINT('',#2133);
#2133 = CARTESIAN_POINT('',(65.454855144983,55.757359312881,
    26.042640787119));
#2134 = VERTEX_POINT('',#2135);
#2135 = CARTESIAN_POINT('',(69.278835873078,60.,30.285281474239));
#2136 = SURFACE_CURVE('',#2137,(#2141,#2148),.PCURVE_S1.);
#2137 = LINE('',#2138,#2139);
#2138 = CARTESIAN_POINT('',(71.210370470031,62.143004332999,
    32.428285807237));
#2139 = VECTOR('',#2140,1.);
#2140 = DIRECTION('',(0.537455474279,0.596297582239,0.596297582239));
#2141 = PCURVE('',#779,#2142);
#2142 = DEFINITIONAL_REPRESENTATION('',(#2143),#2147);
#2143 = LINE('',#2144,#2145);
#2144 = CARTESIAN_POINT('',(-20.85128016697,-32.42828570723));
#2145 = VECTOR('',#2146,1.);
#2146 = DIRECTION('',(0.802763472896,-0.596297582239));
#2147 = ( GEOMETRIC_REPRESENTATION_CONTEXT(2) 
PARAMETRIC_REPRESENTATION_CONTEXT() REPRESENTATION_CONTEXT('2D SPACE',''
  ) );
#2148 = PCURVE('',#1291,#2149);
#2149 = DEFINITIONAL_REPRESENTATION('',(#2150),#2154);
#2150 = LINE('',#2151,#2152);
#2151 = CARTESIAN_POINT('',(3.030665791951,-9.589629529969));
#2152 = VECTOR('',#2153,1.);
#2153 = DIRECTION('',(0.843292128012,0.537455474279));
#2154 = ( GEOMETRIC_REPRESENTATION_CONTEXT(2) 
PARAMETRIC_REPRESENTATION_CONTEXT() REPRESENTATION_CONTEXT('2D SPACE',''
  ) );
#2155 = ORIENTED_EDGE('',*,*,#2156,.T.);
#2156 = EDGE_CURVE('',#2134,#2157,#2159,.T.);
#2157 = VERTEX_POINT('',#2158);
#2158 = CARTESIAN_POINT('',(73.102816601173,64.242640687119,
    26.042640787119));
#2159 = SURFACE_CURVE('',#2160,(#2164,#2171),.PCURVE_S1.);
#2160 = LINE('',#2161,#2162);
#2161 = CARTESIAN_POINT('',(82.275996322823,74.420125430019,
    15.86515604422));
#2162 = VECTOR('',#2163,1.);
#2163 = DIRECTION('',(0.537455474279,0.596297582239,-0.596297582239));
#2164 = PCURVE('',#779,#2165);
#2165 = DEFINITIONAL_REPRESENTATION('',(#2166),#2170);
#2166 = LINE('',#2167,#2168);
#2167 = CARTESIAN_POINT('',(-4.323250098491,-15.86515594422));
#2168 = VECTOR('',#2169,1.);
#2169 = DIRECTION('',(0.802763472896,0.596297582239));
#2170 = ( GEOMETRIC_REPRESENTATION_CONTEXT(2) 
PARAMETRIC_REPRESENTATION_CONTEXT() REPRESENTATION_CONTEXT('2D SPACE',''
  ) );
#2171 = PCURVE('',#1263,#2172);
#2172 = DEFINITIONAL_REPRESENTATION('',(#2173),#2177);
#2173 = LINE('',#2174,#2175);
#2174 = CARTESIAN_POINT('',(14.393136954253,1.475996322823));
#2175 = VECTOR('',#2176,1.);
#2176 = DIRECTION('',(0.843292128012,0.537455474279));
#2177 = ( GEOMETRIC_REPRESENTATION_CONTEXT(2) 
PARAMETRIC_REPRESENTATION_CONTEXT() REPRESENTATION_CONTEXT('2D SPACE',''
  ) );
#2178 = ORIENTED_EDGE('',*,*,#2179,.F.);
#2179 = EDGE_CURVE('',#2132,#2157,#2180,.T.);
#2180 = SURFACE_CURVE('',#2181,(#2186,#2197),.PCURVE_S1.);
#2181 = ELLIPSE('',#2182,8.077478394752,6.);
#2182 = AXIS2_PLACEMENT_3D('',#2183,#2184,#2185);
#2183 = CARTESIAN_POINT('',(69.278835873078,60.,21.8000001));
#2184 = DIRECTION('',(0.742806072239,-0.669506638537,0.));
#2185 = DIRECTION('',(0.669506638537,0.742806072239,-0.));
#2186 = PCURVE('',#779,#2187);
#2187 = DEFINITIONAL_REPRESENTATION('',(#2188),#2196);
#2188 = ( BOUNDED_CURVE() B_SPLINE_CURVE(2,(#2189,#2190,#2191,#2192,
#2193,#2194,#2195),.UNSPECIFIED.,.T.,.F.) B_SPLINE_CURVE_WITH_KNOTS((1,2
    ,2,2,2,1),(-2.094395102393,0.,2.094395102393,4.188790204786,
6.28318530718,8.377580409573),.UNSPECIFIED.) CURVE() 
GEOMETRIC_REPRESENTATION_ITEM() RATIONAL_B_SPLINE_CURVE((1.,0.5,1.,0.5,
1.,0.5,1.)) REPRESENTATION_ITEM('') );
#2189 = CARTESIAN_POINT('',(-15.65881363883,-21.8));
#2190 = CARTESIAN_POINT('',(-15.65881363883,-32.19230484541));
#2191 = CARTESIAN_POINT('',(-27.77503123096,-26.9961524227));
#2192 = CARTESIAN_POINT('',(-39.89124882309,-21.8));
#2193 = CARTESIAN_POINT('',(-27.77503123096,-16.60384757729));
#2194 = CARTESIAN_POINT('',(-15.65881363883,-11.40769515458));
#2195 = CARTESIAN_POINT('',(-15.65881363883,-21.8));
#2196 = ( GEOMETRIC_REPRESENTATION_CONTEXT(2) 
PARAMETRIC_REPRESENTATION_CONTEXT() REPRESENTATION_CONTEXT('2D SPACE',''
  ) );
#2197 = PCURVE('',#1322,#2198);
#2198 = DEFINITIONAL_REPRESENTATION('',(#2199),#2223);
#2199 = B_SPLINE_CURVE_WITH_KNOTS('',8,(#2200,#2201,#2202,#2203,#2204,
    #2205,#2206,#2207,#2208,#2209,#2210,#2211,#2212,#2213,#2214,#2215,
    #2216,#2217,#2218,#2219,#2220,#2221,#2222),.UNSPECIFIED.,.F.,.F.,(9,
    7,7,9),(2.356194490192,3.534291735289,5.301437602933,7.068583470577)
  ,.UNSPECIFIED.);
#2200 = CARTESIAN_POINT('',(0.,-15.34514485501));
#2201 = CARTESIAN_POINT('',(0.147262155637,-15.90827250015));
#2202 = CARTESIAN_POINT('',(0.294524311274,-16.37662543757));
#2203 = CARTESIAN_POINT('',(0.441786466911,-16.73159850304));
#2204 = CARTESIAN_POINT('',(0.589048622548,-16.95895666034));
#2205 = CARTESIAN_POINT('',(0.736310778185,-17.05016902943));
#2206 = CARTESIAN_POINT('',(0.883572933822,-17.00313173015));
#2207 = CARTESIAN_POINT('',(1.030835089459,-16.82219821008));
#2208 = CARTESIAN_POINT('',(1.398990478552,-16.0602919965));
#2209 = CARTESIAN_POINT('',(1.619883712009,-15.32453343326));
#2210 = CARTESIAN_POINT('',(1.840776945452,-14.34415804145));
#2211 = CARTESIAN_POINT('',(2.061670178928,-13.18212241983));
#2212 = CARTESIAN_POINT('',(2.282563412361,-11.92521064299));
#2213 = CARTESIAN_POINT('',(2.503456645832,-10.67072992886));
#2214 = CARTESIAN_POINT('',(2.724349879285,-9.509933836329));
#2215 = CARTESIAN_POINT('',(3.166136346196,-7.523429659447));
#2216 = CARTESIAN_POINT('',(3.387029579652,-6.697720475603));
#2217 = CARTESIAN_POINT('',(3.607922813097,-6.113406484463));
#2218 = CARTESIAN_POINT('',(3.828816046567,-5.826890697019));
#2219 = CARTESIAN_POINT('',(4.049709280009,-5.865639410858));
#2220 = CARTESIAN_POINT('',(4.270602513476,-6.221042365039));
#2221 = CARTESIAN_POINT('',(4.491495746929,-6.852491931126));
#2222 = CARTESIAN_POINT('',(4.712388980385,-7.697183398827));
#2223 = ( GEOMETRIC_REPRESENTATION_CONTEXT(2) 
PARAMETRIC_REPRESENTATION_CONTEXT() REPRESENTATION_CONTEXT('2D SPACE',''
  ) );
#2224 = FACE_BOUND('',#2225,.F.);
#2225 = EDGE_LOOP('',(#2226,#2251,#2274));
#2226 = ORIENTED_EDGE('',*,*,#2227,.T.);
#2227 = EDGE_CURVE('',#2228,#2230,#2232,.T.);
#2228 = VERTEX_POINT('',#2229);
#2229 = CARTESIAN_POINT('',(29.402019092147,15.757359312881,
    26.042640787119));
#2230 = VERTEX_POINT('',#2231);
#2231 = CARTESIAN_POINT('',(33.225999820242,20.,30.285281474239));
#2232 = SURFACE_CURVE('',#2233,(#2237,#2244),.PCURVE_S1.);
#2233 = LINE('',#2234,#2235);
#2234 = CARTESIAN_POINT('',(51.98136647762,40.80875593797,
    51.094037412209));
#2235 = VECTOR('',#2236,1.);
#2236 = DIRECTION('',(0.537455474279,0.596297582239,0.596297582239));
#2237 = PCURVE('',#779,#2238);
#2238 = DEFINITIONAL_REPRESENTATION('',(#2239),#2243);
#2239 = LINE('',#2240,#2241);
#2240 = CARTESIAN_POINT('',(-49.57243524683,-51.0940373122));
#2241 = VECTOR('',#2242,1.);
#2242 = DIRECTION('',(0.802763472896,-0.596297582239));
#2243 = ( GEOMETRIC_REPRESENTATION_CONTEXT(2) 
PARAMETRIC_REPRESENTATION_CONTEXT() REPRESENTATION_CONTEXT('2D SPACE',''
  ) );
#2244 = PCURVE('',#1453,#2245);
#2245 = DEFINITIONAL_REPRESENTATION('',(#2246),#2250);
#2246 = LINE('',#2247,#2248);
#2247 = CARTESIAN_POINT('',(29.428024863589,-28.81863352238));
#2248 = VECTOR('',#2249,1.);
#2249 = DIRECTION('',(0.843292128012,0.537455474279));
#2250 = ( GEOMETRIC_REPRESENTATION_CONTEXT(2) 
PARAMETRIC_REPRESENTATION_CONTEXT() REPRESENTATION_CONTEXT('2D SPACE',''
  ) );
#2251 = ORIENTED_EDGE('',*,*,#2252,.T.);
#2252 = EDGE_CURVE('',#2230,#2253,#2255,.T.);
#2253 = VERTEX_POINT('',#2254);
#2254 = CARTESIAN_POINT('',(37.049980548337,24.242640687119,
    26.042640787119));
#2255 = SURFACE_CURVE('',#2256,(#2260,#2267),.PCURVE_S1.);
#2256 = LINE('',#2257,#2258);
#2257 = CARTESIAN_POINT('',(63.046992330412,53.08587703499,
    -2.800595560752));
#2258 = VECTOR('',#2259,1.);
#2259 = DIRECTION('',(0.537455474279,0.596297582239,-0.596297582239));
#2260 = PCURVE('',#779,#2261);
#2261 = DEFINITIONAL_REPRESENTATION('',(#2262),#2266);
#2262 = LINE('',#2263,#2264);
#2263 = CARTESIAN_POINT('',(-33.04440517834,2.800595660752));
#2264 = VECTOR('',#2265,1.);
#2265 = DIRECTION('',(0.802763472896,0.596297582239));
#2266 = ( GEOMETRIC_REPRESENTATION_CONTEXT(2) 
PARAMETRIC_REPRESENTATION_CONTEXT() REPRESENTATION_CONTEXT('2D SPACE',''
  ) );
#2267 = PCURVE('',#1427,#2268);
#2268 = DEFINITIONAL_REPRESENTATION('',(#2269),#2273);
#2269 = LINE('',#2270,#2271);
#2270 = CARTESIAN_POINT('',(40.790496025892,-17.75300766958));
#2271 = VECTOR('',#2272,1.);
#2272 = DIRECTION('',(0.843292128012,0.537455474279));
#2273 = ( GEOMETRIC_REPRESENTATION_CONTEXT(2) 
PARAMETRIC_REPRESENTATION_CONTEXT() REPRESENTATION_CONTEXT('2D SPACE',''
  ) );
#2274 = ORIENTED_EDGE('',*,*,#2275,.F.);
#2275 = EDGE_CURVE('',#2228,#2253,#2276,.T.);
#2276 = SURFACE_CURVE('',#2277,(#2282,#2293),.PCURVE_S1.);
#2277 = ELLIPSE('',#2278,8.077478394752,6.);
#2278 = AXIS2_PLACEMENT_3D('',#2279,#2280,#2281);
#2279 = CARTESIAN_POINT('',(33.225999820242,20.,21.8000001));
#2280 = DIRECTION('',(0.742806072239,-0.669506638537,0.));
#2281 = DIRECTION('',(0.669506638537,0.742806072239,-0.));
#2282 = PCURVE('',#779,#2283);
#2283 = DEFINITIONAL_REPRESENTATION('',(#2284),#2292);
#2284 = ( BOUNDED_CURVE() B_SPLINE_CURVE(2,(#2285,#2286,#2287,#2288,
#2289,#2290,#2291),.UNSPECIFIED.,.T.,.F.) B_SPLINE_CURVE_WITH_KNOTS((1,2
    ,2,2,2,1),(-2.094395102393,0.,2.094395102393,4.188790204786,
6.28318530718,8.377580409573),.UNSPECIFIED.) CURVE() 
GEOMETRIC_REPRESENTATION_ITEM() RATIONAL_B_SPLINE_CURVE((1.,0.5,1.,0.5,
1.,0.5,1.)) REPRESENTATION_ITEM('') );
#2285 = CARTESIAN_POINT('',(-69.50866960385,-21.8));
#2286 = CARTESIAN_POINT('',(-69.50866960385,-32.19230484541));
#2287 = CARTESIAN_POINT('',(-81.62488719597,-26.9961524227));
#2288 = CARTESIAN_POINT('',(-93.7411047881,-21.8));
#2289 = CARTESIAN_POINT('',(-81.62488719597,-16.60384757729));
#2290 = CARTESIAN_POINT('',(-69.50866960385,-11.40769515458));
#2291 = CARTESIAN_POINT('',(-69.50866960385,-21.8));
#2292 = ( GEOMETRIC_REPRESENTATION_CONTEXT(2) 
PARAMETRIC_REPRESENTATION_CONTEXT() REPRESENTATION_CONTEXT('2D SPACE',''
  ) );
#2293 = PCURVE('',#1379,#2294);
#2294 = DEFINITIONAL_REPRESENTATION('',(#2295),#2319);
#2295 = B_SPLINE_CURVE_WITH_KNOTS('',8,(#2296,#2297,#2298,#2299,#2300,
    #2301,#2302,#2303,#2304,#2305,#2306,#2307,#2308,#2309,#2310,#2311,
    #2312,#2313,#2314,#2315,#2316,#2317,#2318),.UNSPECIFIED.,.F.,.F.,(9,
    7,7,9),(2.356194490192,3.534291735289,5.301437602933,7.068583470577)
  ,.UNSPECIFIED.);
#2296 = CARTESIAN_POINT('',(-1.7763568394E-15,-51.39798090785));
#2297 = CARTESIAN_POINT('',(0.147262155637,-51.96110855298));
#2298 = CARTESIAN_POINT('',(0.294524311274,-52.42946149041));
#2299 = CARTESIAN_POINT('',(0.441786466911,-52.78443455588));
#2300 = CARTESIAN_POINT('',(0.589048622548,-53.01179271319));
#2301 = CARTESIAN_POINT('',(0.736310778185,-53.10300508227));
#2302 = CARTESIAN_POINT('',(0.883572933822,-53.05596778298));
#2303 = CARTESIAN_POINT('',(1.030835089459,-52.87503426291));
#2304 = CARTESIAN_POINT('',(1.398990478552,-52.11312804934));
#2305 = CARTESIAN_POINT('',(1.619883712009,-51.37736948607));
#2306 = CARTESIAN_POINT('',(1.840776945452,-50.39699409427));
#2307 = CARTESIAN_POINT('',(2.061670178935,-49.23495847274));
#2308 = CARTESIAN_POINT('',(2.282563412366,-47.97804669578));
#2309 = CARTESIAN_POINT('',(2.503456645832,-46.72356598168));
#2310 = CARTESIAN_POINT('',(2.724349879285,-45.56276988916));
#2311 = CARTESIAN_POINT('',(3.166136346196,-43.57626571228));
#2312 = CARTESIAN_POINT('',(3.387029579651,-42.75055652839));
#2313 = CARTESIAN_POINT('',(3.6079228131,-42.1662425372));
#2314 = CARTESIAN_POINT('',(3.828816046571,-41.87972674978));
#2315 = CARTESIAN_POINT('',(4.049709280011,-41.91847546369));
#2316 = CARTESIAN_POINT('',(4.270602513474,-42.27387841783));
#2317 = CARTESIAN_POINT('',(4.491495746929,-42.90532798396));
#2318 = CARTESIAN_POINT('',(4.712388980385,-43.75001945166));
#2319 = ( GEOMETRIC_REPRESENTATION_CONTEXT(2) 
PARAMETRIC_REPRESENTATION_CONTEXT() REPRESENTATION_CONTEXT('2D SPACE',''
  ) );
#2320 = ADVANCED_FACE('',(#2321),#832,.F.);
#2321 = FACE_BOUND('',#2322,.T.);
#2322 = EDGE_LOOP('',(#2323,#2346,#2368,#2369));
#2323 = ORIENTED_EDGE('',*,*,#2324,.F.);
#2324 = EDGE_CURVE('',#2325,#797,#2327,.T.);
#2325 = VERTEX_POINT('',#2326);
#2326 = CARTESIAN_POINT('',(21.3,6.,43.6000001));
#2327 = SURFACE_CURVE('',#2328,(#2332,#2339),.PCURVE_S1.);
#2328 = LINE('',#2329,#2330);
#2329 = CARTESIAN_POINT('',(21.3,6.,43.6000001));
#2330 = VECTOR('',#2331,1.);
#2331 = DIRECTION('',(-0.,-0.,-1.));
#2332 = PCURVE('',#832,#2333);
#2333 = DEFINITIONAL_REPRESENTATION('',(#2334),#2338);
#2334 = LINE('',#2335,#2336);
#2335 = CARTESIAN_POINT('',(-0.,0.));
#2336 = VECTOR('',#2337,1.);
#2337 = DIRECTION('',(-0.,1.));
#2338 = ( GEOMETRIC_REPRESENTATION_CONTEXT(2) 
PARAMETRIC_REPRESENTATION_CONTEXT() REPRESENTATION_CONTEXT('2D SPACE',''
  ) );
#2339 = PCURVE('',#940,#2340);
#2340 = DEFINITIONAL_REPRESENTATION('',(#2341),#2345);
#2341 = LINE('',#2342,#2343);
#2342 = CARTESIAN_POINT('',(-43.6,65.));
#2343 = VECTOR('',#2344,1.);
#2344 = DIRECTION('',(1.,-0.));
#2345 = ( GEOMETRIC_REPRESENTATION_CONTEXT(2) 
PARAMETRIC_REPRESENTATION_CONTEXT() REPRESENTATION_CONTEXT('2D SPACE',''
  ) );
#2346 = ORIENTED_EDGE('',*,*,#2347,.T.);
#2347 = EDGE_CURVE('',#2325,#2013,#2348,.T.);
#2348 = SURFACE_CURVE('',#2349,(#2354,#2361),.PCURVE_S1.);
#2349 = CIRCLE('',#2350,2.);
#2350 = AXIS2_PLACEMENT_3D('',#2351,#2352,#2353);
#2351 = CARTESIAN_POINT('',(21.3,8.,43.6000001));
#2352 = DIRECTION('',(-0.,0.,1.));
#2353 = DIRECTION('',(-0.,1.,-0.));
#2354 = PCURVE('',#832,#2355);
#2355 = DEFINITIONAL_REPRESENTATION('',(#2356),#2360);
#2356 = LINE('',#2357,#2358);
#2357 = CARTESIAN_POINT('',(3.14159265359,-0.));
#2358 = VECTOR('',#2359,1.);
#2359 = DIRECTION('',(-1.,0.));
#2360 = ( GEOMETRIC_REPRESENTATION_CONTEXT(2) 
PARAMETRIC_REPRESENTATION_CONTEXT() REPRESENTATION_CONTEXT('2D SPACE',''
  ) );
#2361 = PCURVE('',#1156,#2362);
#2362 = DEFINITIONAL_REPRESENTATION('',(#2363),#2367);
#2363 = CIRCLE('',#2364,2.);
#2364 = AXIS2_PLACEMENT_2D('',#2365,#2366);
#2365 = CARTESIAN_POINT('',(-65.,8.));
#2366 = DIRECTION('',(-0.,1.));
#2367 = ( GEOMETRIC_REPRESENTATION_CONTEXT(2) 
PARAMETRIC_REPRESENTATION_CONTEXT() REPRESENTATION_CONTEXT('2D SPACE',''
  ) );
#2368 = ORIENTED_EDGE('',*,*,#2012,.T.);
#2369 = ORIENTED_EDGE('',*,*,#817,.T.);
#2370 = ADVANCED_FACE('',(#2371),#886,.T.);
#2371 = FACE_BOUND('',#2372,.F.);
#2372 = EDGE_LOOP('',(#2373,#2396,#2417,#2418));
#2373 = ORIENTED_EDGE('',*,*,#2374,.T.);
#2374 = EDGE_CURVE('',#848,#2375,#2377,.T.);
#2375 = VERTEX_POINT('',#2376);
#2376 = CARTESIAN_POINT('',(86.3,70.35,43.6000001));
#2377 = SURFACE_CURVE('',#2378,(#2382,#2389),.PCURVE_S1.);
#2378 = LINE('',#2379,#2380);
#2379 = CARTESIAN_POINT('',(86.3,70.35,9.999999717181E-08));
#2380 = VECTOR('',#2381,1.);
#2381 = DIRECTION('',(0.,0.,1.));
#2382 = PCURVE('',#886,#2383);
#2383 = DEFINITIONAL_REPRESENTATION('',(#2384),#2388);
#2384 = LINE('',#2385,#2386);
#2385 = CARTESIAN_POINT('',(-0.,-0.));
#2386 = VECTOR('',#2387,1.);
#2387 = DIRECTION('',(-1.,-0.));
#2388 = ( GEOMETRIC_REPRESENTATION_CONTEXT(2) 
PARAMETRIC_REPRESENTATION_CONTEXT() REPRESENTATION_CONTEXT('2D SPACE',''
  ) );
#2389 = PCURVE('',#994,#2390);
#2390 = DEFINITIONAL_REPRESENTATION('',(#2391),#2395);
#2391 = LINE('',#2392,#2393);
#2392 = CARTESIAN_POINT('',(-0.,-70.35));
#2393 = VECTOR('',#2394,1.);
#2394 = DIRECTION('',(-1.,-0.));
#2395 = ( GEOMETRIC_REPRESENTATION_CONTEXT(2) 
PARAMETRIC_REPRESENTATION_CONTEXT() REPRESENTATION_CONTEXT('2D SPACE',''
  ) );
#2396 = ORIENTED_EDGE('',*,*,#2397,.T.);
#2397 = EDGE_CURVE('',#2375,#2084,#2398,.T.);
#2398 = SURFACE_CURVE('',#2399,(#2403,#2410),.PCURVE_S1.);
#2399 = LINE('',#2400,#2401);
#2400 = CARTESIAN_POINT('',(86.3,70.35,43.6000001));
#2401 = VECTOR('',#2402,1.);
#2402 = DIRECTION('',(-1.,-0.,-0.));
#2403 = PCURVE('',#886,#2404);
#2404 = DEFINITIONAL_REPRESENTATION('',(#2405),#2409);
#2405 = LINE('',#2406,#2407);
#2406 = CARTESIAN_POINT('',(-43.6,-0.));
#2407 = VECTOR('',#2408,1.);
#2408 = DIRECTION('',(-0.,1.));
#2409 = ( GEOMETRIC_REPRESENTATION_CONTEXT(2) 
PARAMETRIC_REPRESENTATION_CONTEXT() REPRESENTATION_CONTEXT('2D SPACE',''
  ) );
#2410 = PCURVE('',#1156,#2411);
#2411 = DEFINITIONAL_REPRESENTATION('',(#2412),#2416);
#2412 = LINE('',#2413,#2414);
#2413 = CARTESIAN_POINT('',(0.,70.35));
#2414 = VECTOR('',#2415,1.);
#2415 = DIRECTION('',(-1.,0.));
#2416 = ( GEOMETRIC_REPRESENTATION_CONTEXT(2) 
PARAMETRIC_REPRESENTATION_CONTEXT() REPRESENTATION_CONTEXT('2D SPACE',''
  ) );
#2417 = ORIENTED_EDGE('',*,*,#2083,.F.);
#2418 = ORIENTED_EDGE('',*,*,#872,.F.);
#2419 = ADVANCED_FACE('',(#2420,#2638,#2782),#940,.T.);
#2420 = FACE_BOUND('',#2421,.F.);
#2421 = EDGE_LOOP('',(#2422,#2423,#2446,#2474,#2503,#2531,#2560,#2588,
    #2616,#2637));
#2422 = ORIENTED_EDGE('',*,*,#2324,.F.);
#2423 = ORIENTED_EDGE('',*,*,#2424,.T.);
#2424 = EDGE_CURVE('',#2325,#2425,#2427,.T.);
#2425 = VERTEX_POINT('',#2426);
#2426 = CARTESIAN_POINT('',(9.666168824543,6.,43.6000001));
#2427 = SURFACE_CURVE('',#2428,(#2432,#2439),.PCURVE_S1.);
#2428 = LINE('',#2429,#2430);
#2429 = CARTESIAN_POINT('',(86.3,6.,43.6000001));
#2430 = VECTOR('',#2431,1.);
#2431 = DIRECTION('',(-1.,-0.,0.));
#2432 = PCURVE('',#940,#2433);
#2433 = DEFINITIONAL_REPRESENTATION('',(#2434),#2438);
#2434 = LINE('',#2435,#2436);
#2435 = CARTESIAN_POINT('',(-43.6,-0.));
#2436 = VECTOR('',#2437,1.);
#2437 = DIRECTION('',(-0.,1.));
#2438 = ( GEOMETRIC_REPRESENTATION_CONTEXT(2) 
PARAMETRIC_REPRESENTATION_CONTEXT() REPRESENTATION_CONTEXT('2D SPACE',''
  ) );
#2439 = PCURVE('',#1156,#2440);
#2440 = DEFINITIONAL_REPRESENTATION('',(#2441),#2445);
#2441 = LINE('',#2442,#2443);
#2442 = CARTESIAN_POINT('',(0.,6.));
#2443 = VECTOR('',#2444,1.);
#2444 = DIRECTION('',(-1.,0.));
#2445 = ( GEOMETRIC_REPRESENTATION_CONTEXT(2) 
PARAMETRIC_REPRESENTATION_CONTEXT() REPRESENTATION_CONTEXT('2D SPACE',''
  ) );
#2446 = ORIENTED_EDGE('',*,*,#2447,.F.);
#2447 = EDGE_CURVE('',#2448,#2425,#2450,.T.);
#2448 = VERTEX_POINT('',#2449);
#2449 = CARTESIAN_POINT('',(13.045584412272,6.,40.220584512272));
#2450 = SURFACE_CURVE('',#2451,(#2455,#2462),.PCURVE_S1.);
#2451 = LINE('',#2452,#2453);
#2452 = CARTESIAN_POINT('',(39.266542206136,6.,13.999626718407));
#2453 = VECTOR('',#2454,1.);
#2454 = DIRECTION('',(-0.707106781187,-0.,0.707106781187));
#2455 = PCURVE('',#940,#2456);
#2456 = DEFINITIONAL_REPRESENTATION('',(#2457),#2461);
#2457 = LINE('',#2458,#2459);
#2458 = CARTESIAN_POINT('',(-13.9996266184,47.033457793864));
#2459 = VECTOR('',#2460,1.);
#2460 = DIRECTION('',(-0.707106781187,0.707106781187));
#2461 = ( GEOMETRIC_REPRESENTATION_CONTEXT(2) 
PARAMETRIC_REPRESENTATION_CONTEXT() REPRESENTATION_CONTEXT('2D SPACE',''
  ) );
#2462 = PCURVE('',#2463,#2468);
#2463 = PLANE('',#2464);
#2464 = AXIS2_PLACEMENT_3D('',#2465,#2466,#2467);
#2465 = CARTESIAN_POINT('',(8.75,-1.,44.516168924543));
#2466 = DIRECTION('',(0.707106781187,-0.,0.707106781187));
#2467 = DIRECTION('',(-0.707106781187,-0.,0.707106781187));
#2468 = DEFINITIONAL_REPRESENTATION('',(#2469),#2473);
#2469 = LINE('',#2470,#2471);
#2470 = CARTESIAN_POINT('',(-43.15690786464,-7.));
#2471 = VECTOR('',#2472,1.);
#2472 = DIRECTION('',(1.,-0.));
#2473 = ( GEOMETRIC_REPRESENTATION_CONTEXT(2) 
PARAMETRIC_REPRESENTATION_CONTEXT() REPRESENTATION_CONTEXT('2D SPACE',''
  ) );
#2474 = ORIENTED_EDGE('',*,*,#2475,.T.);
#2475 = EDGE_CURVE('',#2448,#2476,#2478,.T.);
#2476 = VERTEX_POINT('',#2477);
#2477 = CARTESIAN_POINT('',(10.5,6.,34.0750001));
#2478 = SURFACE_CURVE('',#2479,(#2484,#2491),.PCURVE_S1.);
#2479 = CIRCLE('',#2480,3.6);
#2480 = AXIS2_PLACEMENT_3D('',#2481,#2482,#2483);
#2481 = CARTESIAN_POINT('',(10.5,6.,37.6750001));
#2482 = DIRECTION('',(0.,1.,0.));
#2483 = DIRECTION('',(0.707106781187,-0.,0.707106781187));
#2484 = PCURVE('',#940,#2485);
#2485 = DEFINITIONAL_REPRESENTATION('',(#2486),#2490);
#2486 = CIRCLE('',#2487,3.6);
#2487 = AXIS2_PLACEMENT_2D('',#2488,#2489);
#2488 = CARTESIAN_POINT('',(-37.675,75.8));
#2489 = DIRECTION('',(-0.707106781187,-0.707106781187));
#2490 = ( GEOMETRIC_REPRESENTATION_CONTEXT(2) 
PARAMETRIC_REPRESENTATION_CONTEXT() REPRESENTATION_CONTEXT('2D SPACE',''
  ) );
#2491 = PCURVE('',#2492,#2497);
#2492 = CYLINDRICAL_SURFACE('',#2493,3.6);
#2493 = AXIS2_PLACEMENT_3D('',#2494,#2495,#2496);
#2494 = CARTESIAN_POINT('',(10.5,-1.,37.6750001));
#2495 = DIRECTION('',(-0.,-1.,-0.));
#2496 = DIRECTION('',(0.707106781187,-0.,0.707106781187));
#2497 = DEFINITIONAL_REPRESENTATION('',(#2498),#2502);
#2498 = LINE('',#2499,#2500);
#2499 = CARTESIAN_POINT('',(-0.,-7.));
#2500 = VECTOR('',#2501,1.);
#2501 = DIRECTION('',(-1.,0.));
#2502 = ( GEOMETRIC_REPRESENTATION_CONTEXT(2) 
PARAMETRIC_REPRESENTATION_CONTEXT() REPRESENTATION_CONTEXT('2D SPACE',''
  ) );
#2503 = ORIENTED_EDGE('',*,*,#2504,.F.);
#2504 = EDGE_CURVE('',#2505,#2476,#2507,.T.);
#2505 = VERTEX_POINT('',#2506);
#2506 = CARTESIAN_POINT('',(7.,6.,34.0750001));
#2507 = SURFACE_CURVE('',#2508,(#2512,#2519),.PCURVE_S1.);
#2508 = LINE('',#2509,#2510);
#2509 = CARTESIAN_POINT('',(48.4,6.,34.0750001));
#2510 = VECTOR('',#2511,1.);
#2511 = DIRECTION('',(1.,-0.,-0.));
#2512 = PCURVE('',#940,#2513);
#2513 = DEFINITIONAL_REPRESENTATION('',(#2514),#2518);
#2514 = LINE('',#2515,#2516);
#2515 = CARTESIAN_POINT('',(-34.075,37.9));
#2516 = VECTOR('',#2517,1.);
#2517 = DIRECTION('',(-0.,-1.));
#2518 = ( GEOMETRIC_REPRESENTATION_CONTEXT(2) 
PARAMETRIC_REPRESENTATION_CONTEXT() REPRESENTATION_CONTEXT('2D SPACE',''
  ) );
#2519 = PCURVE('',#2520,#2525);
#2520 = PLANE('',#2521);
#2521 = AXIS2_PLACEMENT_3D('',#2522,#2523,#2524);
#2522 = CARTESIAN_POINT('',(10.5,-1.,34.0750001));
#2523 = DIRECTION('',(-0.,-0.,-1.));
#2524 = DIRECTION('',(1.,0.,0.));
#2525 = DEFINITIONAL_REPRESENTATION('',(#2526),#2530);
#2526 = LINE('',#2527,#2528);
#2527 = CARTESIAN_POINT('',(37.9,-7.));
#2528 = VECTOR('',#2529,1.);
#2529 = DIRECTION('',(1.,-0.));
#2530 = ( GEOMETRIC_REPRESENTATION_CONTEXT(2) 
PARAMETRIC_REPRESENTATION_CONTEXT() REPRESENTATION_CONTEXT('2D SPACE',''
  ) );
#2531 = ORIENTED_EDGE('',*,*,#2532,.T.);
#2532 = EDGE_CURVE('',#2505,#2533,#2535,.T.);
#2533 = VERTEX_POINT('',#2534);
#2534 = CARTESIAN_POINT('',(4.454415587728,6.,40.220584512272));
#2535 = SURFACE_CURVE('',#2536,(#2541,#2548),.PCURVE_S1.);
#2536 = CIRCLE('',#2537,3.6);
#2537 = AXIS2_PLACEMENT_3D('',#2538,#2539,#2540);
#2538 = CARTESIAN_POINT('',(7.,6.,37.6750001));
#2539 = DIRECTION('',(0.,1.,0.));
#2540 = DIRECTION('',(-0.,-0.,-1.));
#2541 = PCURVE('',#940,#2542);
#2542 = DEFINITIONAL_REPRESENTATION('',(#2543),#2547);
#2543 = CIRCLE('',#2544,3.6);
#2544 = AXIS2_PLACEMENT_2D('',#2545,#2546);
#2545 = CARTESIAN_POINT('',(-37.675,79.3));
#2546 = DIRECTION('',(1.,-0.));
#2547 = ( GEOMETRIC_REPRESENTATION_CONTEXT(2) 
PARAMETRIC_REPRESENTATION_CONTEXT() REPRESENTATION_CONTEXT('2D SPACE',''
  ) );
#2548 = PCURVE('',#2549,#2554);
#2549 = CYLINDRICAL_SURFACE('',#2550,3.6);
#2550 = AXIS2_PLACEMENT_3D('',#2551,#2552,#2553);
#2551 = CARTESIAN_POINT('',(7.,-1.,37.6750001));
#2552 = DIRECTION('',(-0.,-1.,-0.));
#2553 = DIRECTION('',(-0.,-0.,-1.));
#2554 = DEFINITIONAL_REPRESENTATION('',(#2555),#2559);
#2555 = LINE('',#2556,#2557);
#2556 = CARTESIAN_POINT('',(-0.,-7.));
#2557 = VECTOR('',#2558,1.);
#2558 = DIRECTION('',(-1.,0.));
#2559 = ( GEOMETRIC_REPRESENTATION_CONTEXT(2) 
PARAMETRIC_REPRESENTATION_CONTEXT() REPRESENTATION_CONTEXT('2D SPACE',''
  ) );
#2560 = ORIENTED_EDGE('',*,*,#2561,.F.);
#2561 = EDGE_CURVE('',#2562,#2533,#2564,.T.);
#2562 = VERTEX_POINT('',#2563);
#2563 = CARTESIAN_POINT('',(7.833831175457,6.,43.6000001));
#2564 = SURFACE_CURVE('',#2565,(#2569,#2576),.PCURVE_S1.);
#2565 = LINE('',#2566,#2567);
#2566 = CARTESIAN_POINT('',(14.860665587729,6.,50.626834512272));
#2567 = VECTOR('',#2568,1.);
#2568 = DIRECTION('',(-0.707106781187,-0.,-0.707106781187));
#2569 = PCURVE('',#940,#2570);
#2570 = DEFINITIONAL_REPRESENTATION('',(#2571),#2575);
#2571 = LINE('',#2572,#2573);
#2572 = CARTESIAN_POINT('',(-50.62683441227,71.439334412272));
#2573 = VECTOR('',#2574,1.);
#2574 = DIRECTION('',(0.707106781187,0.707106781187));
#2575 = ( GEOMETRIC_REPRESENTATION_CONTEXT(2) 
PARAMETRIC_REPRESENTATION_CONTEXT() REPRESENTATION_CONTEXT('2D SPACE',''
  ) );
#2576 = PCURVE('',#2577,#2582);
#2577 = PLANE('',#2578);
#2578 = AXIS2_PLACEMENT_3D('',#2579,#2580,#2581);
#2579 = CARTESIAN_POINT('',(4.454415587728,-1.,40.220584512272));
#2580 = DIRECTION('',(-0.707106781187,-0.,0.707106781187));
#2581 = DIRECTION('',(-0.707106781187,0.,-0.707106781187));
#2582 = DEFINITIONAL_REPRESENTATION('',(#2583),#2587);
#2583 = LINE('',#2584,#2585);
#2584 = CARTESIAN_POINT('',(-14.71665988344,-7.));
#2585 = VECTOR('',#2586,1.);
#2586 = DIRECTION('',(1.,-0.));
#2587 = ( GEOMETRIC_REPRESENTATION_CONTEXT(2) 
PARAMETRIC_REPRESENTATION_CONTEXT() REPRESENTATION_CONTEXT('2D SPACE',''
  ) );
#2588 = ORIENTED_EDGE('',*,*,#2589,.T.);
#2589 = EDGE_CURVE('',#2562,#2590,#2592,.T.);
#2590 = VERTEX_POINT('',#2591);
#2591 = CARTESIAN_POINT('',(0.,6.,43.6000001));
#2592 = SURFACE_CURVE('',#2593,(#2597,#2604),.PCURVE_S1.);
#2593 = LINE('',#2594,#2595);
#2594 = CARTESIAN_POINT('',(86.3,6.,43.6000001));
#2595 = VECTOR('',#2596,1.);
#2596 = DIRECTION('',(-1.,-0.,0.));
#2597 = PCURVE('',#940,#2598);
#2598 = DEFINITIONAL_REPRESENTATION('',(#2599),#2603);
#2599 = LINE('',#2600,#2601);
#2600 = CARTESIAN_POINT('',(-43.6,-0.));
#2601 = VECTOR('',#2602,1.);
#2602 = DIRECTION('',(-0.,1.));
#2603 = ( GEOMETRIC_REPRESENTATION_CONTEXT(2) 
PARAMETRIC_REPRESENTATION_CONTEXT() REPRESENTATION_CONTEXT('2D SPACE',''
  ) );
#2604 = PCURVE('',#2605,#2610);
#2605 = PLANE('',#2606);
#2606 = AXIS2_PLACEMENT_3D('',#2607,#2608,#2609);
#2607 = CARTESIAN_POINT('',(86.3,0.,43.6000001));
#2608 = DIRECTION('',(0.,0.,1.));
#2609 = DIRECTION('',(1.,0.,0.));
#2610 = DEFINITIONAL_REPRESENTATION('',(#2611),#2615);
#2611 = LINE('',#2612,#2613);
#2612 = CARTESIAN_POINT('',(0.,6.));
#2613 = VECTOR('',#2614,1.);
#2614 = DIRECTION('',(-1.,0.));
#2615 = ( GEOMETRIC_REPRESENTATION_CONTEXT(2) 
PARAMETRIC_REPRESENTATION_CONTEXT() REPRESENTATION_CONTEXT('2D SPACE',''
  ) );
#2616 = ORIENTED_EDGE('',*,*,#2617,.F.);
#2617 = EDGE_CURVE('',#904,#2590,#2618,.T.);
#2618 = SURFACE_CURVE('',#2619,(#2623,#2630),.PCURVE_S1.);
#2619 = LINE('',#2620,#2621);
#2620 = CARTESIAN_POINT('',(0.,6.,9.999999717181E-08));
#2621 = VECTOR('',#2622,1.);
#2622 = DIRECTION('',(0.,0.,1.));
#2623 = PCURVE('',#940,#2624);
#2624 = DEFINITIONAL_REPRESENTATION('',(#2625),#2629);
#2625 = LINE('',#2626,#2627);
#2626 = CARTESIAN_POINT('',(-0.,86.3));
#2627 = VECTOR('',#2628,1.);
#2628 = DIRECTION('',(-1.,-0.));
#2629 = ( GEOMETRIC_REPRESENTATION_CONTEXT(2) 
PARAMETRIC_REPRESENTATION_CONTEXT() REPRESENTATION_CONTEXT('2D SPACE',''
  ) );
#2630 = PCURVE('',#1048,#2631);
#2631 = DEFINITIONAL_REPRESENTATION('',(#2632),#2636);
#2632 = LINE('',#2633,#2634);
#2633 = CARTESIAN_POINT('',(-0.,-6.));
#2634 = VECTOR('',#2635,1.);
#2635 = DIRECTION('',(-1.,-0.));
#2636 = ( GEOMETRIC_REPRESENTATION_CONTEXT(2) 
PARAMETRIC_REPRESENTATION_CONTEXT() REPRESENTATION_CONTEXT('2D SPACE',''
  ) );
#2637 = ORIENTED_EDGE('',*,*,#926,.F.);
#2638 = FACE_BOUND('',#2639,.F.);
#2639 = EDGE_LOOP('',(#2640,#2670,#2699,#2727,#2755));
#2640 = ORIENTED_EDGE('',*,*,#2641,.F.);
#2641 = EDGE_CURVE('',#2642,#2644,#2646,.T.);
#2642 = VERTEX_POINT('',#2643);
#2643 = CARTESIAN_POINT('',(7.,6.,2.3250001));
#2644 = VERTEX_POINT('',#2645);
#2645 = CARTESIAN_POINT('',(10.5,6.,2.3250001));
#2646 = SURFACE_CURVE('',#2647,(#2651,#2658),.PCURVE_S1.);
#2647 = LINE('',#2648,#2649);
#2648 = CARTESIAN_POINT('',(48.4,6.,2.3250001));
#2649 = VECTOR('',#2650,1.);
#2650 = DIRECTION('',(1.,-0.,-0.));
#2651 = PCURVE('',#940,#2652);
#2652 = DEFINITIONAL_REPRESENTATION('',(#2653),#2657);
#2653 = LINE('',#2654,#2655);
#2654 = CARTESIAN_POINT('',(-2.325,37.9));
#2655 = VECTOR('',#2656,1.);
#2656 = DIRECTION('',(-0.,-1.));
#2657 = ( GEOMETRIC_REPRESENTATION_CONTEXT(2) 
PARAMETRIC_REPRESENTATION_CONTEXT() REPRESENTATION_CONTEXT('2D SPACE',''
  ) );
#2658 = PCURVE('',#2659,#2664);
#2659 = PLANE('',#2660);
#2660 = AXIS2_PLACEMENT_3D('',#2661,#2662,#2663);
#2661 = CARTESIAN_POINT('',(10.5,-1.,2.3250001));
#2662 = DIRECTION('',(-0.,-0.,-1.));
#2663 = DIRECTION('',(1.,0.,0.));
#2664 = DEFINITIONAL_REPRESENTATION('',(#2665),#2669);
#2665 = LINE('',#2666,#2667);
#2666 = CARTESIAN_POINT('',(37.9,-7.));
#2667 = VECTOR('',#2668,1.);
#2668 = DIRECTION('',(1.,-0.));
#2669 = ( GEOMETRIC_REPRESENTATION_CONTEXT(2) 
PARAMETRIC_REPRESENTATION_CONTEXT() REPRESENTATION_CONTEXT('2D SPACE',''
  ) );
#2670 = ORIENTED_EDGE('',*,*,#2671,.T.);
#2671 = EDGE_CURVE('',#2642,#2672,#2674,.T.);
#2672 = VERTEX_POINT('',#2673);
#2673 = CARTESIAN_POINT('',(4.454415587728,6.,8.470584512272));
#2674 = SURFACE_CURVE('',#2675,(#2680,#2687),.PCURVE_S1.);
#2675 = CIRCLE('',#2676,3.6);
#2676 = AXIS2_PLACEMENT_3D('',#2677,#2678,#2679);
#2677 = CARTESIAN_POINT('',(7.,6.,5.9250001));
#2678 = DIRECTION('',(0.,1.,0.));
#2679 = DIRECTION('',(-0.,-0.,-1.));
#2680 = PCURVE('',#940,#2681);
#2681 = DEFINITIONAL_REPRESENTATION('',(#2682),#2686);
#2682 = CIRCLE('',#2683,3.6);
#2683 = AXIS2_PLACEMENT_2D('',#2684,#2685);
#2684 = CARTESIAN_POINT('',(-5.925,79.3));
#2685 = DIRECTION('',(1.,-0.));
#2686 = ( GEOMETRIC_REPRESENTATION_CONTEXT(2) 
PARAMETRIC_REPRESENTATION_CONTEXT() REPRESENTATION_CONTEXT('2D SPACE',''
  ) );
#2687 = PCURVE('',#2688,#2693);
#2688 = CYLINDRICAL_SURFACE('',#2689,3.6);
#2689 = AXIS2_PLACEMENT_3D('',#2690,#2691,#2692);
#2690 = CARTESIAN_POINT('',(7.,-1.,5.9250001));
#2691 = DIRECTION('',(-0.,-1.,-0.));
#2692 = DIRECTION('',(-0.,-0.,-1.));
#2693 = DEFINITIONAL_REPRESENTATION('',(#2694),#2698);
#2694 = LINE('',#2695,#2696);
#2695 = CARTESIAN_POINT('',(-0.,-7.));
#2696 = VECTOR('',#2697,1.);
#2697 = DIRECTION('',(-1.,0.));
#2698 = ( GEOMETRIC_REPRESENTATION_CONTEXT(2) 
PARAMETRIC_REPRESENTATION_CONTEXT() REPRESENTATION_CONTEXT('2D SPACE',''
  ) );
#2699 = ORIENTED_EDGE('',*,*,#2700,.F.);
#2700 = EDGE_CURVE('',#2701,#2672,#2703,.T.);
#2701 = VERTEX_POINT('',#2702);
#2702 = CARTESIAN_POINT('',(8.75,6.,12.766168924543));
#2703 = SURFACE_CURVE('',#2704,(#2708,#2715),.PCURVE_S1.);
#2704 = LINE('',#2705,#2706);
#2705 = CARTESIAN_POINT('',(22.798165587729,6.,26.814334512272));
#2706 = VECTOR('',#2707,1.);
#2707 = DIRECTION('',(-0.707106781187,-0.,-0.707106781187));
#2708 = PCURVE('',#940,#2709);
#2709 = DEFINITIONAL_REPRESENTATION('',(#2710),#2714);
#2710 = LINE('',#2711,#2712);
#2711 = CARTESIAN_POINT('',(-26.81433441227,63.501834412272));
#2712 = VECTOR('',#2713,1.);
#2713 = DIRECTION('',(0.707106781187,0.707106781187));
#2714 = ( GEOMETRIC_REPRESENTATION_CONTEXT(2) 
PARAMETRIC_REPRESENTATION_CONTEXT() REPRESENTATION_CONTEXT('2D SPACE',''
  ) );
#2715 = PCURVE('',#2716,#2721);
#2716 = PLANE('',#2717);
#2717 = AXIS2_PLACEMENT_3D('',#2718,#2719,#2720);
#2718 = CARTESIAN_POINT('',(4.454415587728,-1.,8.470584512272));
#2719 = DIRECTION('',(-0.707106781187,-0.,0.707106781187));
#2720 = DIRECTION('',(-0.707106781187,0.,-0.707106781187));
#2721 = DEFINITIONAL_REPRESENTATION('',(#2722),#2726);
#2722 = LINE('',#2723,#2724);
#2723 = CARTESIAN_POINT('',(-25.94198003478,-7.));
#2724 = VECTOR('',#2725,1.);
#2725 = DIRECTION('',(1.,-0.));
#2726 = ( GEOMETRIC_REPRESENTATION_CONTEXT(2) 
PARAMETRIC_REPRESENTATION_CONTEXT() REPRESENTATION_CONTEXT('2D SPACE',''
  ) );
#2727 = ORIENTED_EDGE('',*,*,#2728,.F.);
#2728 = EDGE_CURVE('',#2729,#2701,#2731,.T.);
#2729 = VERTEX_POINT('',#2730);
#2730 = CARTESIAN_POINT('',(13.045584412272,6.,8.470584512272));
#2731 = SURFACE_CURVE('',#2732,(#2736,#2743),.PCURVE_S1.);
#2732 = LINE('',#2733,#2734);
#2733 = CARTESIAN_POINT('',(31.329042206136,6.,-9.812873281593));
#2734 = VECTOR('',#2735,1.);
#2735 = DIRECTION('',(-0.707106781187,-0.,0.707106781187));
#2736 = PCURVE('',#940,#2737);
#2737 = DEFINITIONAL_REPRESENTATION('',(#2738),#2742);
#2738 = LINE('',#2739,#2740);
#2739 = CARTESIAN_POINT('',(9.812873381593,54.970957793864));
#2740 = VECTOR('',#2741,1.);
#2741 = DIRECTION('',(-0.707106781187,0.707106781187));
#2742 = ( GEOMETRIC_REPRESENTATION_CONTEXT(2) 
PARAMETRIC_REPRESENTATION_CONTEXT() REPRESENTATION_CONTEXT('2D SPACE',''
  ) );
#2743 = PCURVE('',#2744,#2749);
#2744 = PLANE('',#2745);
#2745 = AXIS2_PLACEMENT_3D('',#2746,#2747,#2748);
#2746 = CARTESIAN_POINT('',(8.75,-1.,12.766168924543));
#2747 = DIRECTION('',(0.707106781187,-0.,0.707106781187));
#2748 = DIRECTION('',(-0.707106781187,-0.,0.707106781187));
#2749 = DEFINITIONAL_REPRESENTATION('',(#2750),#2754);
#2750 = LINE('',#2751,#2752);
#2751 = CARTESIAN_POINT('',(-31.93158771331,-7.));
#2752 = VECTOR('',#2753,1.);
#2753 = DIRECTION('',(1.,-0.));
#2754 = ( GEOMETRIC_REPRESENTATION_CONTEXT(2) 
PARAMETRIC_REPRESENTATION_CONTEXT() REPRESENTATION_CONTEXT('2D SPACE',''
  ) );
#2755 = ORIENTED_EDGE('',*,*,#2756,.T.);
#2756 = EDGE_CURVE('',#2729,#2644,#2757,.T.);
#2757 = SURFACE_CURVE('',#2758,(#2763,#2770),.PCURVE_S1.);
#2758 = CIRCLE('',#2759,3.6);
#2759 = AXIS2_PLACEMENT_3D('',#2760,#2761,#2762);
#2760 = CARTESIAN_POINT('',(10.5,6.,5.9250001));
#2761 = DIRECTION('',(0.,1.,0.));
#2762 = DIRECTION('',(0.707106781187,-0.,0.707106781187));
#2763 = PCURVE('',#940,#2764);
#2764 = DEFINITIONAL_REPRESENTATION('',(#2765),#2769);
#2765 = CIRCLE('',#2766,3.6);
#2766 = AXIS2_PLACEMENT_2D('',#2767,#2768);
#2767 = CARTESIAN_POINT('',(-5.925,75.8));
#2768 = DIRECTION('',(-0.707106781187,-0.707106781187));
#2769 = ( GEOMETRIC_REPRESENTATION_CONTEXT(2) 
PARAMETRIC_REPRESENTATION_CONTEXT() REPRESENTATION_CONTEXT('2D SPACE',''
  ) );
#2770 = PCURVE('',#2771,#2776);
#2771 = CYLINDRICAL_SURFACE('',#2772,3.6);
#2772 = AXIS2_PLACEMENT_3D('',#2773,#2774,#2775);
#2773 = CARTESIAN_POINT('',(10.5,-1.,5.9250001));
#2774 = DIRECTION('',(-0.,-1.,-0.));
#2775 = DIRECTION('',(0.707106781187,-0.,0.707106781187));
#2776 = DEFINITIONAL_REPRESENTATION('',(#2777),#2781);
#2777 = LINE('',#2778,#2779);
#2778 = CARTESIAN_POINT('',(-0.,-7.));
#2779 = VECTOR('',#2780,1.);
#2780 = DIRECTION('',(-1.,0.));
#2781 = ( GEOMETRIC_REPRESENTATION_CONTEXT(2) 
PARAMETRIC_REPRESENTATION_CONTEXT() REPRESENTATION_CONTEXT('2D SPACE',''
  ) );
#2782 = FACE_BOUND('',#2783,.F.);
#2783 = EDGE_LOOP('',(#2784,#2814,#2843,#2871,#2899));
#2784 = ORIENTED_EDGE('',*,*,#2785,.F.);
#2785 = EDGE_CURVE('',#2786,#2788,#2790,.T.);
#2786 = VERTEX_POINT('',#2787);
#2787 = CARTESIAN_POINT('',(7.,6.,18.2000001));
#2788 = VERTEX_POINT('',#2789);
#2789 = CARTESIAN_POINT('',(10.5,6.,18.2000001));
#2790 = SURFACE_CURVE('',#2791,(#2795,#2802),.PCURVE_S1.);
#2791 = LINE('',#2792,#2793);
#2792 = CARTESIAN_POINT('',(48.4,6.,18.2000001));
#2793 = VECTOR('',#2794,1.);
#2794 = DIRECTION('',(1.,-0.,-0.));
#2795 = PCURVE('',#940,#2796);
#2796 = DEFINITIONAL_REPRESENTATION('',(#2797),#2801);
#2797 = LINE('',#2798,#2799);
#2798 = CARTESIAN_POINT('',(-18.2,37.9));
#2799 = VECTOR('',#2800,1.);
#2800 = DIRECTION('',(-0.,-1.));
#2801 = ( GEOMETRIC_REPRESENTATION_CONTEXT(2) 
PARAMETRIC_REPRESENTATION_CONTEXT() REPRESENTATION_CONTEXT('2D SPACE',''
  ) );
#2802 = PCURVE('',#2803,#2808);
#2803 = PLANE('',#2804);
#2804 = AXIS2_PLACEMENT_3D('',#2805,#2806,#2807);
#2805 = CARTESIAN_POINT('',(10.5,-1.,18.2000001));
#2806 = DIRECTION('',(-0.,-0.,-1.));
#2807 = DIRECTION('',(1.,0.,0.));
#2808 = DEFINITIONAL_REPRESENTATION('',(#2809),#2813);
#2809 = LINE('',#2810,#2811);
#2810 = CARTESIAN_POINT('',(37.9,-7.));
#2811 = VECTOR('',#2812,1.);
#2812 = DIRECTION('',(1.,-0.));
#2813 = ( GEOMETRIC_REPRESENTATION_CONTEXT(2) 
PARAMETRIC_REPRESENTATION_CONTEXT() REPRESENTATION_CONTEXT('2D SPACE',''
  ) );
#2814 = ORIENTED_EDGE('',*,*,#2815,.T.);
#2815 = EDGE_CURVE('',#2786,#2816,#2818,.T.);
#2816 = VERTEX_POINT('',#2817);
#2817 = CARTESIAN_POINT('',(4.454415587728,6.,24.345584512272));
#2818 = SURFACE_CURVE('',#2819,(#2824,#2831),.PCURVE_S1.);
#2819 = CIRCLE('',#2820,3.6);
#2820 = AXIS2_PLACEMENT_3D('',#2821,#2822,#2823);
#2821 = CARTESIAN_POINT('',(7.,6.,21.8000001));
#2822 = DIRECTION('',(0.,1.,0.));
#2823 = DIRECTION('',(-0.,-0.,-1.));
#2824 = PCURVE('',#940,#2825);
#2825 = DEFINITIONAL_REPRESENTATION('',(#2826),#2830);
#2826 = CIRCLE('',#2827,3.6);
#2827 = AXIS2_PLACEMENT_2D('',#2828,#2829);
#2828 = CARTESIAN_POINT('',(-21.8,79.3));
#2829 = DIRECTION('',(1.,-0.));
#2830 = ( GEOMETRIC_REPRESENTATION_CONTEXT(2) 
PARAMETRIC_REPRESENTATION_CONTEXT() REPRESENTATION_CONTEXT('2D SPACE',''
  ) );
#2831 = PCURVE('',#2832,#2837);
#2832 = CYLINDRICAL_SURFACE('',#2833,3.6);
#2833 = AXIS2_PLACEMENT_3D('',#2834,#2835,#2836);
#2834 = CARTESIAN_POINT('',(7.,-1.,21.8000001));
#2835 = DIRECTION('',(-0.,-1.,-0.));
#2836 = DIRECTION('',(-0.,-0.,-1.));
#2837 = DEFINITIONAL_REPRESENTATION('',(#2838),#2842);
#2838 = LINE('',#2839,#2840);
#2839 = CARTESIAN_POINT('',(-0.,-7.));
#2840 = VECTOR('',#2841,1.);
#2841 = DIRECTION('',(-1.,0.));
#2842 = ( GEOMETRIC_REPRESENTATION_CONTEXT(2) 
PARAMETRIC_REPRESENTATION_CONTEXT() REPRESENTATION_CONTEXT('2D SPACE',''
  ) );
#2843 = ORIENTED_EDGE('',*,*,#2844,.F.);
#2844 = EDGE_CURVE('',#2845,#2816,#2847,.T.);
#2845 = VERTEX_POINT('',#2846);
#2846 = CARTESIAN_POINT('',(8.75,6.,28.641168924543));
#2847 = SURFACE_CURVE('',#2848,(#2852,#2859),.PCURVE_S1.);
#2848 = LINE('',#2849,#2850);
#2849 = CARTESIAN_POINT('',(18.829415587728,6.,38.720584512272));
#2850 = VECTOR('',#2851,1.);
#2851 = DIRECTION('',(-0.707106781187,-0.,-0.707106781187));
#2852 = PCURVE('',#940,#2853);
#2853 = DEFINITIONAL_REPRESENTATION('',(#2854),#2858);
#2854 = LINE('',#2855,#2856);
#2855 = CARTESIAN_POINT('',(-38.72058441227,67.470584412272));
#2856 = VECTOR('',#2857,1.);
#2857 = DIRECTION('',(0.707106781187,0.707106781187));
#2858 = ( GEOMETRIC_REPRESENTATION_CONTEXT(2) 
PARAMETRIC_REPRESENTATION_CONTEXT() REPRESENTATION_CONTEXT('2D SPACE',''
  ) );
#2859 = PCURVE('',#2860,#2865);
#2860 = PLANE('',#2861);
#2861 = AXIS2_PLACEMENT_3D('',#2862,#2863,#2864);
#2862 = CARTESIAN_POINT('',(4.454415587728,-1.,24.345584512272));
#2863 = DIRECTION('',(-0.707106781187,-0.,0.707106781187));
#2864 = DIRECTION('',(-0.707106781187,0.,-0.707106781187));
#2865 = DEFINITIONAL_REPRESENTATION('',(#2866),#2870);
#2866 = LINE('',#2867,#2868);
#2867 = CARTESIAN_POINT('',(-20.32931995911,-7.));
#2868 = VECTOR('',#2869,1.);
#2869 = DIRECTION('',(1.,-0.));
#2870 = ( GEOMETRIC_REPRESENTATION_CONTEXT(2) 
PARAMETRIC_REPRESENTATION_CONTEXT() REPRESENTATION_CONTEXT('2D SPACE',''
  ) );
#2871 = ORIENTED_EDGE('',*,*,#2872,.F.);
#2872 = EDGE_CURVE('',#2873,#2845,#2875,.T.);
#2873 = VERTEX_POINT('',#2874);
#2874 = CARTESIAN_POINT('',(13.045584412272,6.,24.345584512272));
#2875 = SURFACE_CURVE('',#2876,(#2880,#2887),.PCURVE_S1.);
#2876 = LINE('',#2877,#2878);
#2877 = CARTESIAN_POINT('',(35.297792206136,6.,2.093376718407));
#2878 = VECTOR('',#2879,1.);
#2879 = DIRECTION('',(-0.707106781187,-0.,0.707106781187));
#2880 = PCURVE('',#940,#2881);
#2881 = DEFINITIONAL_REPRESENTATION('',(#2882),#2886);
#2882 = LINE('',#2883,#2884);
#2883 = CARTESIAN_POINT('',(-2.093376618407,51.002207793864));
#2884 = VECTOR('',#2885,1.);
#2885 = DIRECTION('',(-0.707106781187,0.707106781187));
#2886 = ( GEOMETRIC_REPRESENTATION_CONTEXT(2) 
PARAMETRIC_REPRESENTATION_CONTEXT() REPRESENTATION_CONTEXT('2D SPACE',''
  ) );
#2887 = PCURVE('',#2888,#2893);
#2888 = PLANE('',#2889);
#2889 = AXIS2_PLACEMENT_3D('',#2890,#2891,#2892);
#2890 = CARTESIAN_POINT('',(8.75,-1.,28.641168924543));
#2891 = DIRECTION('',(0.707106781187,-0.,0.707106781187));
#2892 = DIRECTION('',(-0.707106781187,-0.,0.707106781187));
#2893 = DEFINITIONAL_REPRESENTATION('',(#2894),#2898);
#2894 = LINE('',#2895,#2896);
#2895 = CARTESIAN_POINT('',(-37.54424778898,-7.));
#2896 = VECTOR('',#2897,1.);
#2897 = DIRECTION('',(1.,-0.));
#2898 = ( GEOMETRIC_REPRESENTATION_CONTEXT(2) 
PARAMETRIC_REPRESENTATION_CONTEXT() REPRESENTATION_CONTEXT('2D SPACE',''
  ) );
#2899 = ORIENTED_EDGE('',*,*,#2900,.T.);
#2900 = EDGE_CURVE('',#2873,#2788,#2901,.T.);
#2901 = SURFACE_CURVE('',#2902,(#2907,#2914),.PCURVE_S1.);
#2902 = CIRCLE('',#2903,3.6);
#2903 = AXIS2_PLACEMENT_3D('',#2904,#2905,#2906);
#2904 = CARTESIAN_POINT('',(10.5,6.,21.8000001));
#2905 = DIRECTION('',(0.,1.,0.));
#2906 = DIRECTION('',(0.707106781187,-0.,0.707106781187));
#2907 = PCURVE('',#940,#2908);
#2908 = DEFINITIONAL_REPRESENTATION('',(#2909),#2913);
#2909 = CIRCLE('',#2910,3.6);
#2910 = AXIS2_PLACEMENT_2D('',#2911,#2912);
#2911 = CARTESIAN_POINT('',(-21.8,75.8));
#2912 = DIRECTION('',(-0.707106781187,-0.707106781187));
#2913 = ( GEOMETRIC_REPRESENTATION_CONTEXT(2) 
PARAMETRIC_REPRESENTATION_CONTEXT() REPRESENTATION_CONTEXT('2D SPACE',''
  ) );
#2914 = PCURVE('',#2915,#2920);
#2915 = CYLINDRICAL_SURFACE('',#2916,3.6);
#2916 = AXIS2_PLACEMENT_3D('',#2917,#2918,#2919);
#2917 = CARTESIAN_POINT('',(10.5,-1.,21.8000001));
#2918 = DIRECTION('',(-0.,-1.,-0.));
#2919 = DIRECTION('',(0.707106781187,-0.,0.707106781187));
#2920 = DEFINITIONAL_REPRESENTATION('',(#2921),#2925);
#2921 = LINE('',#2922,#2923);
#2922 = CARTESIAN_POINT('',(-0.,-7.));
#2923 = VECTOR('',#2924,1.);
#2924 = DIRECTION('',(-1.,0.));
#2925 = ( GEOMETRIC_REPRESENTATION_CONTEXT(2) 
PARAMETRIC_REPRESENTATION_CONTEXT() REPRESENTATION_CONTEXT('2D SPACE',''
  ) );
#2926 = ADVANCED_FACE('',(#2927,#2975,#3062),#994,.F.);
#2927 = FACE_BOUND('',#2928,.T.);
#2928 = EDGE_LOOP('',(#2929,#2952,#2953,#2954));
#2929 = ORIENTED_EDGE('',*,*,#2930,.F.);
#2930 = EDGE_CURVE('',#958,#2931,#2933,.T.);
#2931 = VERTEX_POINT('',#2932);
#2932 = CARTESIAN_POINT('',(86.3,0.,43.6000001));
#2933 = SURFACE_CURVE('',#2934,(#2938,#2945),.PCURVE_S1.);
#2934 = LINE('',#2935,#2936);
#2935 = CARTESIAN_POINT('',(86.3,0.,9.999999717181E-08));
#2936 = VECTOR('',#2937,1.);
#2937 = DIRECTION('',(0.,0.,1.));
#2938 = PCURVE('',#994,#2939);
#2939 = DEFINITIONAL_REPRESENTATION('',(#2940),#2944);
#2940 = LINE('',#2941,#2942);
#2941 = CARTESIAN_POINT('',(-0.,-0.));
#2942 = VECTOR('',#2943,1.);
#2943 = DIRECTION('',(-1.,-0.));
#2944 = ( GEOMETRIC_REPRESENTATION_CONTEXT(2) 
PARAMETRIC_REPRESENTATION_CONTEXT() REPRESENTATION_CONTEXT('2D SPACE',''
  ) );
#2945 = PCURVE('',#1080,#2946);
#2946 = DEFINITIONAL_REPRESENTATION('',(#2947),#2951);
#2947 = LINE('',#2948,#2949);
#2948 = CARTESIAN_POINT('',(-0.,-0.));
#2949 = VECTOR('',#2950,1.);
#2950 = DIRECTION('',(-1.,-0.));
#2951 = ( GEOMETRIC_REPRESENTATION_CONTEXT(2) 
PARAMETRIC_REPRESENTATION_CONTEXT() REPRESENTATION_CONTEXT('2D SPACE',''
  ) );
#2952 = ORIENTED_EDGE('',*,*,#980,.F.);
#2953 = ORIENTED_EDGE('',*,*,#2374,.T.);
#2954 = ORIENTED_EDGE('',*,*,#2955,.F.);
#2955 = EDGE_CURVE('',#2931,#2375,#2956,.T.);
#2956 = SURFACE_CURVE('',#2957,(#2961,#2968),.PCURVE_S1.);
#2957 = LINE('',#2958,#2959);
#2958 = CARTESIAN_POINT('',(86.3,0.,43.6000001));
#2959 = VECTOR('',#2960,1.);
#2960 = DIRECTION('',(-0.,1.,-0.));
#2961 = PCURVE('',#994,#2962);
#2962 = DEFINITIONAL_REPRESENTATION('',(#2963),#2967);
#2963 = LINE('',#2964,#2965);
#2964 = CARTESIAN_POINT('',(-43.6,-0.));
#2965 = VECTOR('',#2966,1.);
#2966 = DIRECTION('',(-0.,-1.));
#2967 = ( GEOMETRIC_REPRESENTATION_CONTEXT(2) 
PARAMETRIC_REPRESENTATION_CONTEXT() REPRESENTATION_CONTEXT('2D SPACE',''
  ) );
#2968 = PCURVE('',#1156,#2969);
#2969 = DEFINITIONAL_REPRESENTATION('',(#2970),#2974);
#2970 = LINE('',#2971,#2972);
#2971 = CARTESIAN_POINT('',(0.,-0.));
#2972 = VECTOR('',#2973,1.);
#2973 = DIRECTION('',(-0.,1.));
#2974 = ( GEOMETRIC_REPRESENTATION_CONTEXT(2) 
PARAMETRIC_REPRESENTATION_CONTEXT() REPRESENTATION_CONTEXT('2D SPACE',''
  ) );
#2975 = FACE_BOUND('',#2976,.T.);
#2976 = EDGE_LOOP('',(#2977,#3007,#3035));
#2977 = ORIENTED_EDGE('',*,*,#2978,.T.);
#2978 = EDGE_CURVE('',#2979,#2981,#2983,.T.);
#2979 = VERTEX_POINT('',#2980);
#2980 = CARTESIAN_POINT('',(86.3,58.338299064212,23.461701035788));
#2981 = VERTEX_POINT('',#2982);
#2982 = CARTESIAN_POINT('',(86.3,60.,25.123401971577));
#2983 = SURFACE_CURVE('',#2984,(#2988,#2995),.PCURVE_S1.);
#2984 = LINE('',#2985,#2986);
#2985 = CARTESIAN_POINT('',(86.3,38.719149532106,3.842551503683));
#2986 = VECTOR('',#2987,1.);
#2987 = DIRECTION('',(-0.,0.707106781187,0.707106781187));
#2988 = PCURVE('',#994,#2989);
#2989 = DEFINITIONAL_REPRESENTATION('',(#2990),#2994);
#2990 = LINE('',#2991,#2992);
#2991 = CARTESIAN_POINT('',(-3.842551403683,-38.7191495321));
#2992 = VECTOR('',#2993,1.);
#2993 = DIRECTION('',(-0.707106781187,-0.707106781187));
#2994 = ( GEOMETRIC_REPRESENTATION_CONTEXT(2) 
PARAMETRIC_REPRESENTATION_CONTEXT() REPRESENTATION_CONTEXT('2D SPACE',''
  ) );
#2995 = PCURVE('',#2996,#3001);
#2996 = PLANE('',#2997);
#2997 = AXIS2_PLACEMENT_3D('',#2998,#2999,#3000);
#2998 = CARTESIAN_POINT('',(87.3,60.,25.123401971577));
#2999 = DIRECTION('',(-0.,0.707106781187,-0.707106781187));
#3000 = DIRECTION('',(0.,0.707106781187,0.707106781187));
#3001 = DEFINITIONAL_REPRESENTATION('',(#3002),#3006);
#3002 = LINE('',#3003,#3004);
#3003 = CARTESIAN_POINT('',(-30.09566735053,-1.));
#3004 = VECTOR('',#3005,1.);
#3005 = DIRECTION('',(1.,-0.));
#3006 = ( GEOMETRIC_REPRESENTATION_CONTEXT(2) 
PARAMETRIC_REPRESENTATION_CONTEXT() REPRESENTATION_CONTEXT('2D SPACE',''
  ) );
#3007 = ORIENTED_EDGE('',*,*,#3008,.T.);
#3008 = EDGE_CURVE('',#2981,#3009,#3011,.T.);
#3009 = VERTEX_POINT('',#3010);
#3010 = CARTESIAN_POINT('',(86.3,61.661700935788,23.461701035788));
#3011 = SURFACE_CURVE('',#3012,(#3016,#3023),.PCURVE_S1.);
#3012 = LINE('',#3013,#3014);
#3013 = CARTESIAN_POINT('',(86.3,52.111700935788,33.011701035788));
#3014 = VECTOR('',#3015,1.);
#3015 = DIRECTION('',(-0.,0.707106781187,-0.707106781187));
#3016 = PCURVE('',#994,#3017);
#3017 = DEFINITIONAL_REPRESENTATION('',(#3018),#3022);
#3018 = LINE('',#3019,#3020);
#3019 = CARTESIAN_POINT('',(-33.01170093578,-52.11170093578));
#3020 = VECTOR('',#3021,1.);
#3021 = DIRECTION('',(0.707106781187,-0.707106781187));
#3022 = ( GEOMETRIC_REPRESENTATION_CONTEXT(2) 
PARAMETRIC_REPRESENTATION_CONTEXT() REPRESENTATION_CONTEXT('2D SPACE',''
  ) );
#3023 = PCURVE('',#3024,#3029);
#3024 = PLANE('',#3025);
#3025 = AXIS2_PLACEMENT_3D('',#3026,#3027,#3028);
#3026 = CARTESIAN_POINT('',(87.3,61.661700935788,23.461701035788));
#3027 = DIRECTION('',(-0.,-0.707106781187,-0.707106781187));
#3028 = DIRECTION('',(0.,0.707106781187,-0.707106781187));
#3029 = DEFINITIONAL_REPRESENTATION('',(#3030),#3034);
#3030 = LINE('',#3031,#3032);
#3031 = CARTESIAN_POINT('',(-13.50573952066,-1.));
#3032 = VECTOR('',#3033,1.);
#3033 = DIRECTION('',(1.,-0.));
#3034 = ( GEOMETRIC_REPRESENTATION_CONTEXT(2) 
PARAMETRIC_REPRESENTATION_CONTEXT() REPRESENTATION_CONTEXT('2D SPACE',''
  ) );
#3035 = ORIENTED_EDGE('',*,*,#3036,.T.);
#3036 = EDGE_CURVE('',#3009,#2979,#3037,.T.);
#3037 = SURFACE_CURVE('',#3038,(#3043,#3050),.PCURVE_S1.);
#3038 = CIRCLE('',#3039,2.35);
#3039 = AXIS2_PLACEMENT_3D('',#3040,#3041,#3042);
#3040 = CARTESIAN_POINT('',(86.3,60.,21.8000001));
#3041 = DIRECTION('',(-1.,0.,-0.));
#3042 = DIRECTION('',(-0.,-0.707106781187,0.707106781187));
#3043 = PCURVE('',#994,#3044);
#3044 = DEFINITIONAL_REPRESENTATION('',(#3045),#3049);
#3045 = CIRCLE('',#3046,2.35);
#3046 = AXIS2_PLACEMENT_2D('',#3047,#3048);
#3047 = CARTESIAN_POINT('',(-21.8,-60.));
#3048 = DIRECTION('',(-0.707106781187,0.707106781187));
#3049 = ( GEOMETRIC_REPRESENTATION_CONTEXT(2) 
PARAMETRIC_REPRESENTATION_CONTEXT() REPRESENTATION_CONTEXT('2D SPACE',''
  ) );
#3050 = PCURVE('',#3051,#3056);
#3051 = CYLINDRICAL_SURFACE('',#3052,2.35);
#3052 = AXIS2_PLACEMENT_3D('',#3053,#3054,#3055);
#3053 = CARTESIAN_POINT('',(87.3,60.,21.8000001));
#3054 = DIRECTION('',(1.,-0.,-0.));
#3055 = DIRECTION('',(-0.,-0.707106781187,0.707106781187));
#3056 = DEFINITIONAL_REPRESENTATION('',(#3057),#3061);
#3057 = LINE('',#3058,#3059);
#3058 = CARTESIAN_POINT('',(6.28318530718,-1.));
#3059 = VECTOR('',#3060,1.);
#3060 = DIRECTION('',(-1.,0.));
#3061 = ( GEOMETRIC_REPRESENTATION_CONTEXT(2) 
PARAMETRIC_REPRESENTATION_CONTEXT() REPRESENTATION_CONTEXT('2D SPACE',''
  ) );
#3062 = FACE_BOUND('',#3063,.T.);
#3063 = EDGE_LOOP('',(#3064,#3094,#3122));
#3064 = ORIENTED_EDGE('',*,*,#3065,.T.);
#3065 = EDGE_CURVE('',#3066,#3068,#3070,.T.);
#3066 = VERTEX_POINT('',#3067);
#3067 = CARTESIAN_POINT('',(86.3,18.338299064212,23.461701035788));
#3068 = VERTEX_POINT('',#3069);
#3069 = CARTESIAN_POINT('',(86.3,20.,25.123401971577));
#3070 = SURFACE_CURVE('',#3071,(#3075,#3082),.PCURVE_S1.);
#3071 = LINE('',#3072,#3073);
#3072 = CARTESIAN_POINT('',(86.3,8.719149532106,13.842551503683));
#3073 = VECTOR('',#3074,1.);
#3074 = DIRECTION('',(-0.,0.707106781187,0.707106781187));
#3075 = PCURVE('',#994,#3076);
#3076 = DEFINITIONAL_REPRESENTATION('',(#3077),#3081);
#3077 = LINE('',#3078,#3079);
#3078 = CARTESIAN_POINT('',(-13.84255140368,-8.719149532106));
#3079 = VECTOR('',#3080,1.);
#3080 = DIRECTION('',(-0.707106781187,-0.707106781187));
#3081 = ( GEOMETRIC_REPRESENTATION_CONTEXT(2) 
PARAMETRIC_REPRESENTATION_CONTEXT() REPRESENTATION_CONTEXT('2D SPACE',''
  ) );
#3082 = PCURVE('',#3083,#3088);
#3083 = PLANE('',#3084);
#3084 = AXIS2_PLACEMENT_3D('',#3085,#3086,#3087);
#3085 = CARTESIAN_POINT('',(87.3,20.,25.123401971577));
#3086 = DIRECTION('',(-0.,0.707106781187,-0.707106781187));
#3087 = DIRECTION('',(0.,0.707106781187,0.707106781187));
#3088 = DEFINITIONAL_REPRESENTATION('',(#3089),#3093);
#3089 = LINE('',#3090,#3091);
#3090 = CARTESIAN_POINT('',(-15.95353172679,-1.));
#3091 = VECTOR('',#3092,1.);
#3092 = DIRECTION('',(1.,-0.));
#3093 = ( GEOMETRIC_REPRESENTATION_CONTEXT(2) 
PARAMETRIC_REPRESENTATION_CONTEXT() REPRESENTATION_CONTEXT('2D SPACE',''
  ) );
#3094 = ORIENTED_EDGE('',*,*,#3095,.T.);
#3095 = EDGE_CURVE('',#3068,#3096,#3098,.T.);
#3096 = VERTEX_POINT('',#3097);
#3097 = CARTESIAN_POINT('',(86.3,21.661700935788,23.461701035788));
#3098 = SURFACE_CURVE('',#3099,(#3103,#3110),.PCURVE_S1.);
#3099 = LINE('',#3100,#3101);
#3100 = CARTESIAN_POINT('',(86.3,22.111700935788,23.011701035788));
#3101 = VECTOR('',#3102,1.);
#3102 = DIRECTION('',(-0.,0.707106781187,-0.707106781187));
#3103 = PCURVE('',#994,#3104);
#3104 = DEFINITIONAL_REPRESENTATION('',(#3105),#3109);
#3105 = LINE('',#3106,#3107);
#3106 = CARTESIAN_POINT('',(-23.01170093578,-22.11170093578));
#3107 = VECTOR('',#3108,1.);
#3108 = DIRECTION('',(0.707106781187,-0.707106781187));
#3109 = ( GEOMETRIC_REPRESENTATION_CONTEXT(2) 
PARAMETRIC_REPRESENTATION_CONTEXT() REPRESENTATION_CONTEXT('2D SPACE',''
  ) );
#3110 = PCURVE('',#3111,#3116);
#3111 = PLANE('',#3112);
#3112 = AXIS2_PLACEMENT_3D('',#3113,#3114,#3115);
#3113 = CARTESIAN_POINT('',(87.3,21.661700935788,23.461701035788));
#3114 = DIRECTION('',(-0.,-0.707106781187,-0.707106781187));
#3115 = DIRECTION('',(0.,0.707106781187,-0.707106781187));
#3116 = DEFINITIONAL_REPRESENTATION('',(#3117),#3121);
#3117 = LINE('',#3118,#3119);
#3118 = CARTESIAN_POINT('',(0.636396103068,-1.));
#3119 = VECTOR('',#3120,1.);
#3120 = DIRECTION('',(1.,-0.));
#3121 = ( GEOMETRIC_REPRESENTATION_CONTEXT(2) 
PARAMETRIC_REPRESENTATION_CONTEXT() REPRESENTATION_CONTEXT('2D SPACE',''
  ) );
#3122 = ORIENTED_EDGE('',*,*,#3123,.T.);
#3123 = EDGE_CURVE('',#3096,#3066,#3124,.T.);
#3124 = SURFACE_CURVE('',#3125,(#3130,#3137),.PCURVE_S1.);
#3125 = CIRCLE('',#3126,2.35);
#3126 = AXIS2_PLACEMENT_3D('',#3127,#3128,#3129);
#3127 = CARTESIAN_POINT('',(86.3,20.,21.8000001));
#3128 = DIRECTION('',(-1.,0.,-0.));
#3129 = DIRECTION('',(-0.,-0.707106781187,0.707106781187));
#3130 = PCURVE('',#994,#3131);
#3131 = DEFINITIONAL_REPRESENTATION('',(#3132),#3136);
#3132 = CIRCLE('',#3133,2.35);
#3133 = AXIS2_PLACEMENT_2D('',#3134,#3135);
#3134 = CARTESIAN_POINT('',(-21.8,-20.));
#3135 = DIRECTION('',(-0.707106781187,0.707106781187));
#3136 = ( GEOMETRIC_REPRESENTATION_CONTEXT(2) 
PARAMETRIC_REPRESENTATION_CONTEXT() REPRESENTATION_CONTEXT('2D SPACE',''
  ) );
#3137 = PCURVE('',#3138,#3143);
#3138 = CYLINDRICAL_SURFACE('',#3139,2.35);
#3139 = AXIS2_PLACEMENT_3D('',#3140,#3141,#3142);
#3140 = CARTESIAN_POINT('',(87.3,20.,21.8000001));
#3141 = DIRECTION('',(1.,-0.,-0.));
#3142 = DIRECTION('',(-0.,-0.707106781187,0.707106781187));
#3143 = DEFINITIONAL_REPRESENTATION('',(#3144),#3148);
#3144 = LINE('',#3145,#3146);
#3145 = CARTESIAN_POINT('',(6.28318530718,-1.));
#3146 = VECTOR('',#3147,1.);
#3147 = DIRECTION('',(-1.,0.));
#3148 = ( GEOMETRIC_REPRESENTATION_CONTEXT(2) 
PARAMETRIC_REPRESENTATION_CONTEXT() REPRESENTATION_CONTEXT('2D SPACE',''
  ) );
#3149 = ADVANCED_FACE('',(#3150),#1048,.T.);
#3150 = FACE_BOUND('',#3151,.F.);
#3151 = EDGE_LOOP('',(#3152,#3175,#3176,#3177));
#3152 = ORIENTED_EDGE('',*,*,#3153,.F.);
#3153 = EDGE_CURVE('',#1010,#3154,#3156,.T.);
#3154 = VERTEX_POINT('',#3155);
#3155 = CARTESIAN_POINT('',(0.,0.,43.6000001));
#3156 = SURFACE_CURVE('',#3157,(#3161,#3168),.PCURVE_S1.);
#3157 = LINE('',#3158,#3159);
#3158 = CARTESIAN_POINT('',(0.,0.,9.999999717181E-08));
#3159 = VECTOR('',#3160,1.);
#3160 = DIRECTION('',(0.,0.,1.));
#3161 = PCURVE('',#1048,#3162);
#3162 = DEFINITIONAL_REPRESENTATION('',(#3163),#3167);
#3163 = LINE('',#3164,#3165);
#3164 = CARTESIAN_POINT('',(-0.,-0.));
#3165 = VECTOR('',#3166,1.);
#3166 = DIRECTION('',(-1.,-0.));
#3167 = ( GEOMETRIC_REPRESENTATION_CONTEXT(2) 
PARAMETRIC_REPRESENTATION_CONTEXT() REPRESENTATION_CONTEXT('2D SPACE',''
  ) );
#3168 = PCURVE('',#1080,#3169);
#3169 = DEFINITIONAL_REPRESENTATION('',(#3170),#3174);
#3170 = LINE('',#3171,#3172);
#3171 = CARTESIAN_POINT('',(-0.,86.3));
#3172 = VECTOR('',#3173,1.);
#3173 = DIRECTION('',(-1.,-0.));
#3174 = ( GEOMETRIC_REPRESENTATION_CONTEXT(2) 
PARAMETRIC_REPRESENTATION_CONTEXT() REPRESENTATION_CONTEXT('2D SPACE',''
  ) );
#3175 = ORIENTED_EDGE('',*,*,#1034,.T.);
#3176 = ORIENTED_EDGE('',*,*,#2617,.T.);
#3177 = ORIENTED_EDGE('',*,*,#3178,.F.);
#3178 = EDGE_CURVE('',#3154,#2590,#3179,.T.);
#3179 = SURFACE_CURVE('',#3180,(#3184,#3191),.PCURVE_S1.);
#3180 = LINE('',#3181,#3182);
#3181 = CARTESIAN_POINT('',(0.,0.,43.6000001));
#3182 = VECTOR('',#3183,1.);
#3183 = DIRECTION('',(0.,1.,0.));
#3184 = PCURVE('',#1048,#3185);
#3185 = DEFINITIONAL_REPRESENTATION('',(#3186),#3190);
#3186 = LINE('',#3187,#3188);
#3187 = CARTESIAN_POINT('',(-43.6,-0.));
#3188 = VECTOR('',#3189,1.);
#3189 = DIRECTION('',(-0.,-1.));
#3190 = ( GEOMETRIC_REPRESENTATION_CONTEXT(2) 
PARAMETRIC_REPRESENTATION_CONTEXT() REPRESENTATION_CONTEXT('2D SPACE',''
  ) );
#3191 = PCURVE('',#2605,#3192);
#3192 = DEFINITIONAL_REPRESENTATION('',(#3193),#3197);
#3193 = LINE('',#3194,#3195);
#3194 = CARTESIAN_POINT('',(-86.3,0.));
#3195 = VECTOR('',#3196,1.);
#3196 = DIRECTION('',(0.,1.));
#3197 = ( GEOMETRIC_REPRESENTATION_CONTEXT(2) 
PARAMETRIC_REPRESENTATION_CONTEXT() REPRESENTATION_CONTEXT('2D SPACE',''
  ) );
#3198 = ADVANCED_FACE('',(#3199,#3365,#3484),#1080,.F.);
#3199 = FACE_BOUND('',#3200,.T.);
#3200 = EDGE_LOOP('',(#3201,#3202,#3203,#3204,#3227,#3250,#3274,#3297,
    #3321,#3344));
#3201 = ORIENTED_EDGE('',*,*,#3153,.F.);
#3202 = ORIENTED_EDGE('',*,*,#1066,.F.);
#3203 = ORIENTED_EDGE('',*,*,#2930,.T.);
#3204 = ORIENTED_EDGE('',*,*,#3205,.F.);
#3205 = EDGE_CURVE('',#3206,#2931,#3208,.T.);
#3206 = VERTEX_POINT('',#3207);
#3207 = CARTESIAN_POINT('',(9.666168824543,0.,43.6000001));
#3208 = SURFACE_CURVE('',#3209,(#3213,#3220),.PCURVE_S1.);
#3209 = LINE('',#3210,#3211);
#3210 = CARTESIAN_POINT('',(9.666168824543,0.,43.6000001));
#3211 = VECTOR('',#3212,1.);
#3212 = DIRECTION('',(1.,-0.,-0.));
#3213 = PCURVE('',#1080,#3214);
#3214 = DEFINITIONAL_REPRESENTATION('',(#3215),#3219);
#3215 = LINE('',#3216,#3217);
#3216 = CARTESIAN_POINT('',(-43.6,76.633831175457));
#3217 = VECTOR('',#3218,1.);
#3218 = DIRECTION('',(-0.,-1.));
#3219 = ( GEOMETRIC_REPRESENTATION_CONTEXT(2) 
PARAMETRIC_REPRESENTATION_CONTEXT() REPRESENTATION_CONTEXT('2D SPACE',''
  ) );
#3220 = PCURVE('',#1156,#3221);
#3221 = DEFINITIONAL_REPRESENTATION('',(#3222),#3226);
#3222 = LINE('',#3223,#3224);
#3223 = CARTESIAN_POINT('',(-76.63383117545,0.));
#3224 = VECTOR('',#3225,1.);
#3225 = DIRECTION('',(1.,-0.));
#3226 = ( GEOMETRIC_REPRESENTATION_CONTEXT(2) 
PARAMETRIC_REPRESENTATION_CONTEXT() REPRESENTATION_CONTEXT('2D SPACE',''
  ) );
#3227 = ORIENTED_EDGE('',*,*,#3228,.F.);
#3228 = EDGE_CURVE('',#3229,#3206,#3231,.T.);
#3229 = VERTEX_POINT('',#3230);
#3230 = CARTESIAN_POINT('',(13.045584412272,0.,40.220584512272));
#3231 = SURFACE_CURVE('',#3232,(#3236,#3243),.PCURVE_S1.);
#3232 = LINE('',#3233,#3234);
#3233 = CARTESIAN_POINT('',(39.266542206136,0.,13.999626718407));
#3234 = VECTOR('',#3235,1.);
#3235 = DIRECTION('',(-0.707106781187,-0.,0.707106781187));
#3236 = PCURVE('',#1080,#3237);
#3237 = DEFINITIONAL_REPRESENTATION('',(#3238),#3242);
#3238 = LINE('',#3239,#3240);
#3239 = CARTESIAN_POINT('',(-13.9996266184,47.033457793864));
#3240 = VECTOR('',#3241,1.);
#3241 = DIRECTION('',(-0.707106781187,0.707106781187));
#3242 = ( GEOMETRIC_REPRESENTATION_CONTEXT(2) 
PARAMETRIC_REPRESENTATION_CONTEXT() REPRESENTATION_CONTEXT('2D SPACE',''
  ) );
#3243 = PCURVE('',#2463,#3244);
#3244 = DEFINITIONAL_REPRESENTATION('',(#3245),#3249);
#3245 = LINE('',#3246,#3247);
#3246 = CARTESIAN_POINT('',(-43.15690786464,-1.));
#3247 = VECTOR('',#3248,1.);
#3248 = DIRECTION('',(1.,-0.));
#3249 = ( GEOMETRIC_REPRESENTATION_CONTEXT(2) 
PARAMETRIC_REPRESENTATION_CONTEXT() REPRESENTATION_CONTEXT('2D SPACE',''
  ) );
#3250 = ORIENTED_EDGE('',*,*,#3251,.T.);
#3251 = EDGE_CURVE('',#3229,#3252,#3254,.T.);
#3252 = VERTEX_POINT('',#3253);
#3253 = CARTESIAN_POINT('',(10.5,0.,34.0750001));
#3254 = SURFACE_CURVE('',#3255,(#3260,#3267),.PCURVE_S1.);
#3255 = CIRCLE('',#3256,3.6);
#3256 = AXIS2_PLACEMENT_3D('',#3257,#3258,#3259);
#3257 = CARTESIAN_POINT('',(10.5,0.,37.6750001));
#3258 = DIRECTION('',(0.,1.,0.));
#3259 = DIRECTION('',(0.707106781187,-0.,0.707106781187));
#3260 = PCURVE('',#1080,#3261);
#3261 = DEFINITIONAL_REPRESENTATION('',(#3262),#3266);
#3262 = CIRCLE('',#3263,3.6);
#3263 = AXIS2_PLACEMENT_2D('',#3264,#3265);
#3264 = CARTESIAN_POINT('',(-37.675,75.8));
#3265 = DIRECTION('',(-0.707106781187,-0.707106781187));
#3266 = ( GEOMETRIC_REPRESENTATION_CONTEXT(2) 
PARAMETRIC_REPRESENTATION_CONTEXT() REPRESENTATION_CONTEXT('2D SPACE',''
  ) );
#3267 = PCURVE('',#2492,#3268);
#3268 = DEFINITIONAL_REPRESENTATION('',(#3269),#3273);
#3269 = LINE('',#3270,#3271);
#3270 = CARTESIAN_POINT('',(-0.,-1.));
#3271 = VECTOR('',#3272,1.);
#3272 = DIRECTION('',(-1.,0.));
#3273 = ( GEOMETRIC_REPRESENTATION_CONTEXT(2) 
PARAMETRIC_REPRESENTATION_CONTEXT() REPRESENTATION_CONTEXT('2D SPACE',''
  ) );
#3274 = ORIENTED_EDGE('',*,*,#3275,.F.);
#3275 = EDGE_CURVE('',#3276,#3252,#3278,.T.);
#3276 = VERTEX_POINT('',#3277);
#3277 = CARTESIAN_POINT('',(7.,0.,34.0750001));
#3278 = SURFACE_CURVE('',#3279,(#3283,#3290),.PCURVE_S1.);
#3279 = LINE('',#3280,#3281);
#3280 = CARTESIAN_POINT('',(48.4,0.,34.0750001));
#3281 = VECTOR('',#3282,1.);
#3282 = DIRECTION('',(1.,-0.,-0.));
#3283 = PCURVE('',#1080,#3284);
#3284 = DEFINITIONAL_REPRESENTATION('',(#3285),#3289);
#3285 = LINE('',#3286,#3287);
#3286 = CARTESIAN_POINT('',(-34.075,37.9));
#3287 = VECTOR('',#3288,1.);
#3288 = DIRECTION('',(-0.,-1.));
#3289 = ( GEOMETRIC_REPRESENTATION_CONTEXT(2) 
PARAMETRIC_REPRESENTATION_CONTEXT() REPRESENTATION_CONTEXT('2D SPACE',''
  ) );
#3290 = PCURVE('',#2520,#3291);
#3291 = DEFINITIONAL_REPRESENTATION('',(#3292),#3296);
#3292 = LINE('',#3293,#3294);
#3293 = CARTESIAN_POINT('',(37.9,-1.));
#3294 = VECTOR('',#3295,1.);
#3295 = DIRECTION('',(1.,-0.));
#3296 = ( GEOMETRIC_REPRESENTATION_CONTEXT(2) 
PARAMETRIC_REPRESENTATION_CONTEXT() REPRESENTATION_CONTEXT('2D SPACE',''
  ) );
#3297 = ORIENTED_EDGE('',*,*,#3298,.T.);
#3298 = EDGE_CURVE('',#3276,#3299,#3301,.T.);
#3299 = VERTEX_POINT('',#3300);
#3300 = CARTESIAN_POINT('',(4.454415587728,0.,40.220584512272));
#3301 = SURFACE_CURVE('',#3302,(#3307,#3314),.PCURVE_S1.);
#3302 = CIRCLE('',#3303,3.6);
#3303 = AXIS2_PLACEMENT_3D('',#3304,#3305,#3306);
#3304 = CARTESIAN_POINT('',(7.,0.,37.6750001));
#3305 = DIRECTION('',(0.,1.,0.));
#3306 = DIRECTION('',(-0.,-0.,-1.));
#3307 = PCURVE('',#1080,#3308);
#3308 = DEFINITIONAL_REPRESENTATION('',(#3309),#3313);
#3309 = CIRCLE('',#3310,3.6);
#3310 = AXIS2_PLACEMENT_2D('',#3311,#3312);
#3311 = CARTESIAN_POINT('',(-37.675,79.3));
#3312 = DIRECTION('',(1.,-0.));
#3313 = ( GEOMETRIC_REPRESENTATION_CONTEXT(2) 
PARAMETRIC_REPRESENTATION_CONTEXT() REPRESENTATION_CONTEXT('2D SPACE',''
  ) );
#3314 = PCURVE('',#2549,#3315);
#3315 = DEFINITIONAL_REPRESENTATION('',(#3316),#3320);
#3316 = LINE('',#3317,#3318);
#3317 = CARTESIAN_POINT('',(-0.,-1.));
#3318 = VECTOR('',#3319,1.);
#3319 = DIRECTION('',(-1.,0.));
#3320 = ( GEOMETRIC_REPRESENTATION_CONTEXT(2) 
PARAMETRIC_REPRESENTATION_CONTEXT() REPRESENTATION_CONTEXT('2D SPACE',''
  ) );
#3321 = ORIENTED_EDGE('',*,*,#3322,.F.);
#3322 = EDGE_CURVE('',#3323,#3299,#3325,.T.);
#3323 = VERTEX_POINT('',#3324);
#3324 = CARTESIAN_POINT('',(7.833831175457,0.,43.6000001));
#3325 = SURFACE_CURVE('',#3326,(#3330,#3337),.PCURVE_S1.);
#3326 = LINE('',#3327,#3328);
#3327 = CARTESIAN_POINT('',(14.860665587729,0.,50.626834512272));
#3328 = VECTOR('',#3329,1.);
#3329 = DIRECTION('',(-0.707106781187,-0.,-0.707106781187));
#3330 = PCURVE('',#1080,#3331);
#3331 = DEFINITIONAL_REPRESENTATION('',(#3332),#3336);
#3332 = LINE('',#3333,#3334);
#3333 = CARTESIAN_POINT('',(-50.62683441227,71.439334412272));
#3334 = VECTOR('',#3335,1.);
#3335 = DIRECTION('',(0.707106781187,0.707106781187));
#3336 = ( GEOMETRIC_REPRESENTATION_CONTEXT(2) 
PARAMETRIC_REPRESENTATION_CONTEXT() REPRESENTATION_CONTEXT('2D SPACE',''
  ) );
#3337 = PCURVE('',#2577,#3338);
#3338 = DEFINITIONAL_REPRESENTATION('',(#3339),#3343);
#3339 = LINE('',#3340,#3341);
#3340 = CARTESIAN_POINT('',(-14.71665988344,-1.));
#3341 = VECTOR('',#3342,1.);
#3342 = DIRECTION('',(1.,-0.));
#3343 = ( GEOMETRIC_REPRESENTATION_CONTEXT(2) 
PARAMETRIC_REPRESENTATION_CONTEXT() REPRESENTATION_CONTEXT('2D SPACE',''
  ) );
#3344 = ORIENTED_EDGE('',*,*,#3345,.T.);
#3345 = EDGE_CURVE('',#3323,#3154,#3346,.T.);
#3346 = SURFACE_CURVE('',#3347,(#3351,#3358),.PCURVE_S1.);
#3347 = LINE('',#3348,#3349);
#3348 = CARTESIAN_POINT('',(86.3,0.,43.6000001));
#3349 = VECTOR('',#3350,1.);
#3350 = DIRECTION('',(-1.,-0.,0.));
#3351 = PCURVE('',#1080,#3352);
#3352 = DEFINITIONAL_REPRESENTATION('',(#3353),#3357);
#3353 = LINE('',#3354,#3355);
#3354 = CARTESIAN_POINT('',(-43.6,-0.));
#3355 = VECTOR('',#3356,1.);
#3356 = DIRECTION('',(-0.,1.));
#3357 = ( GEOMETRIC_REPRESENTATION_CONTEXT(2) 
PARAMETRIC_REPRESENTATION_CONTEXT() REPRESENTATION_CONTEXT('2D SPACE',''
  ) );
#3358 = PCURVE('',#2605,#3359);
#3359 = DEFINITIONAL_REPRESENTATION('',(#3360),#3364);
#3360 = LINE('',#3361,#3362);
#3361 = CARTESIAN_POINT('',(0.,-0.));
#3362 = VECTOR('',#3363,1.);
#3363 = DIRECTION('',(-1.,0.));
#3364 = ( GEOMETRIC_REPRESENTATION_CONTEXT(2) 
PARAMETRIC_REPRESENTATION_CONTEXT() REPRESENTATION_CONTEXT('2D SPACE',''
  ) );
#3365 = FACE_BOUND('',#3366,.T.);
#3366 = EDGE_LOOP('',(#3367,#3392,#3416,#3439,#3463));
#3367 = ORIENTED_EDGE('',*,*,#3368,.F.);
#3368 = EDGE_CURVE('',#3369,#3371,#3373,.T.);
#3369 = VERTEX_POINT('',#3370);
#3370 = CARTESIAN_POINT('',(13.045584412272,0.,24.345584512272));
#3371 = VERTEX_POINT('',#3372);
#3372 = CARTESIAN_POINT('',(8.75,0.,28.641168924543));
#3373 = SURFACE_CURVE('',#3374,(#3378,#3385),.PCURVE_S1.);
#3374 = LINE('',#3375,#3376);
#3375 = CARTESIAN_POINT('',(35.297792206136,0.,2.093376718407));
#3376 = VECTOR('',#3377,1.);
#3377 = DIRECTION('',(-0.707106781187,-0.,0.707106781187));
#3378 = PCURVE('',#1080,#3379);
#3379 = DEFINITIONAL_REPRESENTATION('',(#3380),#3384);
#3380 = LINE('',#3381,#3382);
#3381 = CARTESIAN_POINT('',(-2.093376618407,51.002207793864));
#3382 = VECTOR('',#3383,1.);
#3383 = DIRECTION('',(-0.707106781187,0.707106781187));
#3384 = ( GEOMETRIC_REPRESENTATION_CONTEXT(2) 
PARAMETRIC_REPRESENTATION_CONTEXT() REPRESENTATION_CONTEXT('2D SPACE',''
  ) );
#3385 = PCURVE('',#2888,#3386);
#3386 = DEFINITIONAL_REPRESENTATION('',(#3387),#3391);
#3387 = LINE('',#3388,#3389);
#3388 = CARTESIAN_POINT('',(-37.54424778898,-1.));
#3389 = VECTOR('',#3390,1.);
#3390 = DIRECTION('',(1.,-0.));
#3391 = ( GEOMETRIC_REPRESENTATION_CONTEXT(2) 
PARAMETRIC_REPRESENTATION_CONTEXT() REPRESENTATION_CONTEXT('2D SPACE',''
  ) );
#3392 = ORIENTED_EDGE('',*,*,#3393,.T.);
#3393 = EDGE_CURVE('',#3369,#3394,#3396,.T.);
#3394 = VERTEX_POINT('',#3395);
#3395 = CARTESIAN_POINT('',(10.5,0.,18.2000001));
#3396 = SURFACE_CURVE('',#3397,(#3402,#3409),.PCURVE_S1.);
#3397 = CIRCLE('',#3398,3.6);
#3398 = AXIS2_PLACEMENT_3D('',#3399,#3400,#3401);
#3399 = CARTESIAN_POINT('',(10.5,0.,21.8000001));
#3400 = DIRECTION('',(0.,1.,0.));
#3401 = DIRECTION('',(0.707106781187,-0.,0.707106781187));
#3402 = PCURVE('',#1080,#3403);
#3403 = DEFINITIONAL_REPRESENTATION('',(#3404),#3408);
#3404 = CIRCLE('',#3405,3.6);
#3405 = AXIS2_PLACEMENT_2D('',#3406,#3407);
#3406 = CARTESIAN_POINT('',(-21.8,75.8));
#3407 = DIRECTION('',(-0.707106781187,-0.707106781187));
#3408 = ( GEOMETRIC_REPRESENTATION_CONTEXT(2) 
PARAMETRIC_REPRESENTATION_CONTEXT() REPRESENTATION_CONTEXT('2D SPACE',''
  ) );
#3409 = PCURVE('',#2915,#3410);
#3410 = DEFINITIONAL_REPRESENTATION('',(#3411),#3415);
#3411 = LINE('',#3412,#3413);
#3412 = CARTESIAN_POINT('',(-0.,-1.));
#3413 = VECTOR('',#3414,1.);
#3414 = DIRECTION('',(-1.,0.));
#3415 = ( GEOMETRIC_REPRESENTATION_CONTEXT(2) 
PARAMETRIC_REPRESENTATION_CONTEXT() REPRESENTATION_CONTEXT('2D SPACE',''
  ) );
#3416 = ORIENTED_EDGE('',*,*,#3417,.F.);
#3417 = EDGE_CURVE('',#3418,#3394,#3420,.T.);
#3418 = VERTEX_POINT('',#3419);
#3419 = CARTESIAN_POINT('',(7.,0.,18.2000001));
#3420 = SURFACE_CURVE('',#3421,(#3425,#3432),.PCURVE_S1.);
#3421 = LINE('',#3422,#3423);
#3422 = CARTESIAN_POINT('',(48.4,0.,18.2000001));
#3423 = VECTOR('',#3424,1.);
#3424 = DIRECTION('',(1.,-0.,-0.));
#3425 = PCURVE('',#1080,#3426);
#3426 = DEFINITIONAL_REPRESENTATION('',(#3427),#3431);
#3427 = LINE('',#3428,#3429);
#3428 = CARTESIAN_POINT('',(-18.2,37.9));
#3429 = VECTOR('',#3430,1.);
#3430 = DIRECTION('',(-0.,-1.));
#3431 = ( GEOMETRIC_REPRESENTATION_CONTEXT(2) 
PARAMETRIC_REPRESENTATION_CONTEXT() REPRESENTATION_CONTEXT('2D SPACE',''
  ) );
#3432 = PCURVE('',#2803,#3433);
#3433 = DEFINITIONAL_REPRESENTATION('',(#3434),#3438);
#3434 = LINE('',#3435,#3436);
#3435 = CARTESIAN_POINT('',(37.9,-1.));
#3436 = VECTOR('',#3437,1.);
#3437 = DIRECTION('',(1.,-0.));
#3438 = ( GEOMETRIC_REPRESENTATION_CONTEXT(2) 
PARAMETRIC_REPRESENTATION_CONTEXT() REPRESENTATION_CONTEXT('2D SPACE',''
  ) );
#3439 = ORIENTED_EDGE('',*,*,#3440,.T.);
#3440 = EDGE_CURVE('',#3418,#3441,#3443,.T.);
#3441 = VERTEX_POINT('',#3442);
#3442 = CARTESIAN_POINT('',(4.454415587728,0.,24.345584512272));
#3443 = SURFACE_CURVE('',#3444,(#3449,#3456),.PCURVE_S1.);
#3444 = CIRCLE('',#3445,3.6);
#3445 = AXIS2_PLACEMENT_3D('',#3446,#3447,#3448);
#3446 = CARTESIAN_POINT('',(7.,0.,21.8000001));
#3447 = DIRECTION('',(0.,1.,0.));
#3448 = DIRECTION('',(-0.,-0.,-1.));
#3449 = PCURVE('',#1080,#3450);
#3450 = DEFINITIONAL_REPRESENTATION('',(#3451),#3455);
#3451 = CIRCLE('',#3452,3.6);
#3452 = AXIS2_PLACEMENT_2D('',#3453,#3454);
#3453 = CARTESIAN_POINT('',(-21.8,79.3));
#3454 = DIRECTION('',(1.,-0.));
#3455 = ( GEOMETRIC_REPRESENTATION_CONTEXT(2) 
PARAMETRIC_REPRESENTATION_CONTEXT() REPRESENTATION_CONTEXT('2D SPACE',''
  ) );
#3456 = PCURVE('',#2832,#3457);
#3457 = DEFINITIONAL_REPRESENTATION('',(#3458),#3462);
#3458 = LINE('',#3459,#3460);
#3459 = CARTESIAN_POINT('',(-0.,-1.));
#3460 = VECTOR('',#3461,1.);
#3461 = DIRECTION('',(-1.,0.));
#3462 = ( GEOMETRIC_REPRESENTATION_CONTEXT(2) 
PARAMETRIC_REPRESENTATION_CONTEXT() REPRESENTATION_CONTEXT('2D SPACE',''
  ) );
#3463 = ORIENTED_EDGE('',*,*,#3464,.F.);
#3464 = EDGE_CURVE('',#3371,#3441,#3465,.T.);
#3465 = SURFACE_CURVE('',#3466,(#3470,#3477),.PCURVE_S1.);
#3466 = LINE('',#3467,#3468);
#3467 = CARTESIAN_POINT('',(18.829415587728,1.110223024625E-16,
    38.720584512272));
#3468 = VECTOR('',#3469,1.);
#3469 = DIRECTION('',(-0.707106781187,-0.,-0.707106781187));
#3470 = PCURVE('',#1080,#3471);
#3471 = DEFINITIONAL_REPRESENTATION('',(#3472),#3476);
#3472 = LINE('',#3473,#3474);
#3473 = CARTESIAN_POINT('',(-38.72058441227,67.470584412272));
#3474 = VECTOR('',#3475,1.);
#3475 = DIRECTION('',(0.707106781187,0.707106781187));
#3476 = ( GEOMETRIC_REPRESENTATION_CONTEXT(2) 
PARAMETRIC_REPRESENTATION_CONTEXT() REPRESENTATION_CONTEXT('2D SPACE',''
  ) );
#3477 = PCURVE('',#2860,#3478);
#3478 = DEFINITIONAL_REPRESENTATION('',(#3479),#3483);
#3479 = LINE('',#3480,#3481);
#3480 = CARTESIAN_POINT('',(-20.32931995911,-1.));
#3481 = VECTOR('',#3482,1.);
#3482 = DIRECTION('',(1.,-0.));
#3483 = ( GEOMETRIC_REPRESENTATION_CONTEXT(2) 
PARAMETRIC_REPRESENTATION_CONTEXT() REPRESENTATION_CONTEXT('2D SPACE',''
  ) );
#3484 = FACE_BOUND('',#3485,.T.);
#3485 = EDGE_LOOP('',(#3486,#3511,#3535,#3558,#3581));
#3486 = ORIENTED_EDGE('',*,*,#3487,.F.);
#3487 = EDGE_CURVE('',#3488,#3490,#3492,.T.);
#3488 = VERTEX_POINT('',#3489);
#3489 = CARTESIAN_POINT('',(7.,0.,2.3250001));
#3490 = VERTEX_POINT('',#3491);
#3491 = CARTESIAN_POINT('',(10.5,0.,2.3250001));
#3492 = SURFACE_CURVE('',#3493,(#3497,#3504),.PCURVE_S1.);
#3493 = LINE('',#3494,#3495);
#3494 = CARTESIAN_POINT('',(48.4,0.,2.3250001));
#3495 = VECTOR('',#3496,1.);
#3496 = DIRECTION('',(1.,-0.,-0.));
#3497 = PCURVE('',#1080,#3498);
#3498 = DEFINITIONAL_REPRESENTATION('',(#3499),#3503);
#3499 = LINE('',#3500,#3501);
#3500 = CARTESIAN_POINT('',(-2.325,37.9));
#3501 = VECTOR('',#3502,1.);
#3502 = DIRECTION('',(-0.,-1.));
#3503 = ( GEOMETRIC_REPRESENTATION_CONTEXT(2) 
PARAMETRIC_REPRESENTATION_CONTEXT() REPRESENTATION_CONTEXT('2D SPACE',''
  ) );
#3504 = PCURVE('',#2659,#3505);
#3505 = DEFINITIONAL_REPRESENTATION('',(#3506),#3510);
#3506 = LINE('',#3507,#3508);
#3507 = CARTESIAN_POINT('',(37.9,-1.));
#3508 = VECTOR('',#3509,1.);
#3509 = DIRECTION('',(1.,-0.));
#3510 = ( GEOMETRIC_REPRESENTATION_CONTEXT(2) 
PARAMETRIC_REPRESENTATION_CONTEXT() REPRESENTATION_CONTEXT('2D SPACE',''
  ) );
#3511 = ORIENTED_EDGE('',*,*,#3512,.T.);
#3512 = EDGE_CURVE('',#3488,#3513,#3515,.T.);
#3513 = VERTEX_POINT('',#3514);
#3514 = CARTESIAN_POINT('',(4.454415587728,0.,8.470584512272));
#3515 = SURFACE_CURVE('',#3516,(#3521,#3528),.PCURVE_S1.);
#3516 = CIRCLE('',#3517,3.6);
#3517 = AXIS2_PLACEMENT_3D('',#3518,#3519,#3520);
#3518 = CARTESIAN_POINT('',(7.,0.,5.9250001));
#3519 = DIRECTION('',(0.,1.,0.));
#3520 = DIRECTION('',(-0.,-0.,-1.));
#3521 = PCURVE('',#1080,#3522);
#3522 = DEFINITIONAL_REPRESENTATION('',(#3523),#3527);
#3523 = CIRCLE('',#3524,3.6);
#3524 = AXIS2_PLACEMENT_2D('',#3525,#3526);
#3525 = CARTESIAN_POINT('',(-5.925,79.3));
#3526 = DIRECTION('',(1.,-0.));
#3527 = ( GEOMETRIC_REPRESENTATION_CONTEXT(2) 
PARAMETRIC_REPRESENTATION_CONTEXT() REPRESENTATION_CONTEXT('2D SPACE',''
  ) );
#3528 = PCURVE('',#2688,#3529);
#3529 = DEFINITIONAL_REPRESENTATION('',(#3530),#3534);
#3530 = LINE('',#3531,#3532);
#3531 = CARTESIAN_POINT('',(-0.,-1.));
#3532 = VECTOR('',#3533,1.);
#3533 = DIRECTION('',(-1.,0.));
#3534 = ( GEOMETRIC_REPRESENTATION_CONTEXT(2) 
PARAMETRIC_REPRESENTATION_CONTEXT() REPRESENTATION_CONTEXT('2D SPACE',''
  ) );
#3535 = ORIENTED_EDGE('',*,*,#3536,.F.);
#3536 = EDGE_CURVE('',#3537,#3513,#3539,.T.);
#3537 = VERTEX_POINT('',#3538);
#3538 = CARTESIAN_POINT('',(8.75,0.,12.766168924543));
#3539 = SURFACE_CURVE('',#3540,(#3544,#3551),.PCURVE_S1.);
#3540 = LINE('',#3541,#3542);
#3541 = CARTESIAN_POINT('',(22.798165587729,1.110223024625E-16,
    26.814334512272));
#3542 = VECTOR('',#3543,1.);
#3543 = DIRECTION('',(-0.707106781187,-0.,-0.707106781187));
#3544 = PCURVE('',#1080,#3545);
#3545 = DEFINITIONAL_REPRESENTATION('',(#3546),#3550);
#3546 = LINE('',#3547,#3548);
#3547 = CARTESIAN_POINT('',(-26.81433441227,63.501834412272));
#3548 = VECTOR('',#3549,1.);
#3549 = DIRECTION('',(0.707106781187,0.707106781187));
#3550 = ( GEOMETRIC_REPRESENTATION_CONTEXT(2) 
PARAMETRIC_REPRESENTATION_CONTEXT() REPRESENTATION_CONTEXT('2D SPACE',''
  ) );
#3551 = PCURVE('',#2716,#3552);
#3552 = DEFINITIONAL_REPRESENTATION('',(#3553),#3557);
#3553 = LINE('',#3554,#3555);
#3554 = CARTESIAN_POINT('',(-25.94198003478,-1.));
#3555 = VECTOR('',#3556,1.);
#3556 = DIRECTION('',(1.,-0.));
#3557 = ( GEOMETRIC_REPRESENTATION_CONTEXT(2) 
PARAMETRIC_REPRESENTATION_CONTEXT() REPRESENTATION_CONTEXT('2D SPACE',''
  ) );
#3558 = ORIENTED_EDGE('',*,*,#3559,.F.);
#3559 = EDGE_CURVE('',#3560,#3537,#3562,.T.);
#3560 = VERTEX_POINT('',#3561);
#3561 = CARTESIAN_POINT('',(13.045584412272,0.,8.470584512272));
#3562 = SURFACE_CURVE('',#3563,(#3567,#3574),.PCURVE_S1.);
#3563 = LINE('',#3564,#3565);
#3564 = CARTESIAN_POINT('',(31.329042206136,1.110223024625E-16,
    -9.812873281593));
#3565 = VECTOR('',#3566,1.);
#3566 = DIRECTION('',(-0.707106781187,-0.,0.707106781187));
#3567 = PCURVE('',#1080,#3568);
#3568 = DEFINITIONAL_REPRESENTATION('',(#3569),#3573);
#3569 = LINE('',#3570,#3571);
#3570 = CARTESIAN_POINT('',(9.812873381593,54.970957793864));
#3571 = VECTOR('',#3572,1.);
#3572 = DIRECTION('',(-0.707106781187,0.707106781187));
#3573 = ( GEOMETRIC_REPRESENTATION_CONTEXT(2) 
PARAMETRIC_REPRESENTATION_CONTEXT() REPRESENTATION_CONTEXT('2D SPACE',''
  ) );
#3574 = PCURVE('',#2744,#3575);
#3575 = DEFINITIONAL_REPRESENTATION('',(#3576),#3580);
#3576 = LINE('',#3577,#3578);
#3577 = CARTESIAN_POINT('',(-31.93158771331,-1.));
#3578 = VECTOR('',#3579,1.);
#3579 = DIRECTION('',(1.,-0.));
#3580 = ( GEOMETRIC_REPRESENTATION_CONTEXT(2) 
PARAMETRIC_REPRESENTATION_CONTEXT() REPRESENTATION_CONTEXT('2D SPACE',''
  ) );
#3581 = ORIENTED_EDGE('',*,*,#3582,.T.);
#3582 = EDGE_CURVE('',#3560,#3490,#3583,.T.);
#3583 = SURFACE_CURVE('',#3584,(#3589,#3596),.PCURVE_S1.);
#3584 = CIRCLE('',#3585,3.6);
#3585 = AXIS2_PLACEMENT_3D('',#3586,#3587,#3588);
#3586 = CARTESIAN_POINT('',(10.5,0.,5.9250001));
#3587 = DIRECTION('',(0.,1.,0.));
#3588 = DIRECTION('',(0.707106781187,-0.,0.707106781187));
#3589 = PCURVE('',#1080,#3590);
#3590 = DEFINITIONAL_REPRESENTATION('',(#3591),#3595);
#3591 = CIRCLE('',#3592,3.6);
#3592 = AXIS2_PLACEMENT_2D('',#3593,#3594);
#3593 = CARTESIAN_POINT('',(-5.925,75.8));
#3594 = DIRECTION('',(-0.707106781187,-0.707106781187));
#3595 = ( GEOMETRIC_REPRESENTATION_CONTEXT(2) 
PARAMETRIC_REPRESENTATION_CONTEXT() REPRESENTATION_CONTEXT('2D SPACE',''
  ) );
#3596 = PCURVE('',#2771,#3597);
#3597 = DEFINITIONAL_REPRESENTATION('',(#3598),#3602);
#3598 = LINE('',#3599,#3600);
#3599 = CARTESIAN_POINT('',(-0.,-1.));
#3600 = VECTOR('',#3601,1.);
#3601 = DIRECTION('',(-1.,0.));
#3602 = ( GEOMETRIC_REPRESENTATION_CONTEXT(2) 
PARAMETRIC_REPRESENTATION_CONTEXT() REPRESENTATION_CONTEXT('2D SPACE',''
  ) );
#3603 = ADVANCED_FACE('',(#3604,#3632),#1156,.T.);
#3604 = FACE_BOUND('',#3605,.F.);
#3605 = EDGE_LOOP('',(#3606,#3607,#3629,#3630,#3631));
#3606 = ORIENTED_EDGE('',*,*,#1899,.T.);
#3607 = ORIENTED_EDGE('',*,*,#3608,.T.);
#3608 = EDGE_CURVE('',#1877,#1197,#3609,.T.);
#3609 = SURFACE_CURVE('',#3610,(#3615,#3622),.PCURVE_S1.);
#3610 = CIRCLE('',#3611,2.);
#3611 = AXIS2_PLACEMENT_3D('',#3612,#3613,#3614);
#3612 = CARTESIAN_POINT('',(79.3,62.15648580802,43.6000001));
#3613 = DIRECTION('',(-0.,0.,1.));
#3614 = DIRECTION('',(-0.,1.,-0.));
#3615 = PCURVE('',#1156,#3616);
#3616 = DEFINITIONAL_REPRESENTATION('',(#3617),#3621);
#3617 = CIRCLE('',#3618,2.);
#3618 = AXIS2_PLACEMENT_2D('',#3619,#3620);
#3619 = CARTESIAN_POINT('',(-7.,62.15648580802));
#3620 = DIRECTION('',(-0.,1.));
#3621 = ( GEOMETRIC_REPRESENTATION_CONTEXT(2) 
PARAMETRIC_REPRESENTATION_CONTEXT() REPRESENTATION_CONTEXT('2D SPACE',''
  ) );
#3622 = PCURVE('',#1235,#3623);
#3623 = DEFINITIONAL_REPRESENTATION('',(#3624),#3628);
#3624 = LINE('',#3625,#3626);
#3625 = CARTESIAN_POINT('',(4.712388980385,-0.));
#3626 = VECTOR('',#3627,1.);
#3627 = DIRECTION('',(-1.,0.));
#3628 = ( GEOMETRIC_REPRESENTATION_CONTEXT(2) 
PARAMETRIC_REPRESENTATION_CONTEXT() REPRESENTATION_CONTEXT('2D SPACE',''
  ) );
#3629 = ORIENTED_EDGE('',*,*,#1196,.F.);
#3630 = ORIENTED_EDGE('',*,*,#1142,.F.);
#3631 = ORIENTED_EDGE('',*,*,#1493,.F.);
#3632 = FACE_BOUND('',#3633,.F.);
#3633 = EDGE_LOOP('',(#3634,#3635,#3636,#3637,#3638,#3639,#3640,#3641));
#3634 = ORIENTED_EDGE('',*,*,#2424,.F.);
#3635 = ORIENTED_EDGE('',*,*,#2347,.T.);
#3636 = ORIENTED_EDGE('',*,*,#2059,.F.);
#3637 = ORIENTED_EDGE('',*,*,#2106,.F.);
#3638 = ORIENTED_EDGE('',*,*,#2397,.F.);
#3639 = ORIENTED_EDGE('',*,*,#2955,.F.);
#3640 = ORIENTED_EDGE('',*,*,#3205,.F.);
#3641 = ORIENTED_EDGE('',*,*,#3642,.F.);
#3642 = EDGE_CURVE('',#2425,#3206,#3643,.T.);
#3643 = SURFACE_CURVE('',#3644,(#3648,#3655),.PCURVE_S1.);
#3644 = LINE('',#3645,#3646);
#3645 = CARTESIAN_POINT('',(9.666168824543,-0.5,43.6000001));
#3646 = VECTOR('',#3647,1.);
#3647 = DIRECTION('',(-0.,-1.,-0.));
#3648 = PCURVE('',#1156,#3649);
#3649 = DEFINITIONAL_REPRESENTATION('',(#3650),#3654);
#3650 = LINE('',#3651,#3652);
#3651 = CARTESIAN_POINT('',(-76.63383117545,-0.5));
#3652 = VECTOR('',#3653,1.);
#3653 = DIRECTION('',(-0.,-1.));
#3654 = ( GEOMETRIC_REPRESENTATION_CONTEXT(2) 
PARAMETRIC_REPRESENTATION_CONTEXT() REPRESENTATION_CONTEXT('2D SPACE',''
  ) );
#3655 = PCURVE('',#2463,#3656);
#3656 = DEFINITIONAL_REPRESENTATION('',(#3657),#3661);
#3657 = LINE('',#3658,#3659);
#3658 = CARTESIAN_POINT('',(-1.295658377092,-0.5));
#3659 = VECTOR('',#3660,1.);
#3660 = DIRECTION('',(-0.,1.));
#3661 = ( GEOMETRIC_REPRESENTATION_CONTEXT(2) 
PARAMETRIC_REPRESENTATION_CONTEXT() REPRESENTATION_CONTEXT('2D SPACE',''
  ) );
#3662 = ADVANCED_FACE('',(#3663),#1322,.F.);
#3663 = FACE_BOUND('',#3664,.F.);
#3664 = EDGE_LOOP('',(#3665,#3666,#3687,#3688,#3711,#3737));
#3665 = ORIENTED_EDGE('',*,*,#1303,.T.);
#3666 = ORIENTED_EDGE('',*,*,#3667,.T.);
#3667 = EDGE_CURVE('',#1276,#2132,#3668,.T.);
#3668 = SURFACE_CURVE('',#3669,(#3673,#3680),.PCURVE_S1.);
#3669 = LINE('',#3670,#3671);
#3670 = CARTESIAN_POINT('',(80.8,55.757359312881,26.042640787119));
#3671 = VECTOR('',#3672,1.);
#3672 = DIRECTION('',(-1.,-0.,-0.));
#3673 = PCURVE('',#1322,#3674);
#3674 = DEFINITIONAL_REPRESENTATION('',(#3675),#3679);
#3675 = LINE('',#3676,#3677);
#3676 = CARTESIAN_POINT('',(0.,0.));
#3677 = VECTOR('',#3678,1.);
#3678 = DIRECTION('',(0.,-1.));
#3679 = ( GEOMETRIC_REPRESENTATION_CONTEXT(2) 
PARAMETRIC_REPRESENTATION_CONTEXT() REPRESENTATION_CONTEXT('2D SPACE',''
  ) );
#3680 = PCURVE('',#1291,#3681);
#3681 = DEFINITIONAL_REPRESENTATION('',(#3682),#3686);
#3682 = LINE('',#3683,#3684);
#3683 = CARTESIAN_POINT('',(-6.,0.));
#3684 = VECTOR('',#3685,1.);
#3685 = DIRECTION('',(-0.,-1.));
#3686 = ( GEOMETRIC_REPRESENTATION_CONTEXT(2) 
PARAMETRIC_REPRESENTATION_CONTEXT() REPRESENTATION_CONTEXT('2D SPACE',''
  ) );
#3687 = ORIENTED_EDGE('',*,*,#2179,.T.);
#3688 = ORIENTED_EDGE('',*,*,#3689,.F.);
#3689 = EDGE_CURVE('',#3690,#2157,#3692,.T.);
#3690 = VERTEX_POINT('',#3691);
#3691 = CARTESIAN_POINT('',(80.8,64.242640687119,26.042640787119));
#3692 = SURFACE_CURVE('',#3693,(#3697,#3704),.PCURVE_S1.);
#3693 = LINE('',#3694,#3695);
#3694 = CARTESIAN_POINT('',(80.8,64.242640687119,26.042640787119));
#3695 = VECTOR('',#3696,1.);
#3696 = DIRECTION('',(-1.,-0.,-0.));
#3697 = PCURVE('',#1322,#3698);
#3698 = DEFINITIONAL_REPRESENTATION('',(#3699),#3703);
#3699 = LINE('',#3700,#3701);
#3700 = CARTESIAN_POINT('',(4.712388980385,0.));
#3701 = VECTOR('',#3702,1.);
#3702 = DIRECTION('',(0.,-1.));
#3703 = ( GEOMETRIC_REPRESENTATION_CONTEXT(2) 
PARAMETRIC_REPRESENTATION_CONTEXT() REPRESENTATION_CONTEXT('2D SPACE',''
  ) );
#3704 = PCURVE('',#1263,#3705);
#3705 = DEFINITIONAL_REPRESENTATION('',(#3706),#3710);
#3706 = LINE('',#3707,#3708);
#3707 = CARTESIAN_POINT('',(-0.,0.));
#3708 = VECTOR('',#3709,1.);
#3709 = DIRECTION('',(-0.,-1.));
#3710 = ( GEOMETRIC_REPRESENTATION_CONTEXT(2) 
PARAMETRIC_REPRESENTATION_CONTEXT() REPRESENTATION_CONTEXT('2D SPACE',''
  ) );
#3711 = ORIENTED_EDGE('',*,*,#3712,.F.);
#3712 = EDGE_CURVE('',#1625,#3690,#3713,.T.);
#3713 = SURFACE_CURVE('',#3714,(#3719,#3726),.PCURVE_S1.);
#3714 = CIRCLE('',#3715,6.);
#3715 = AXIS2_PLACEMENT_3D('',#3716,#3717,#3718);
#3716 = CARTESIAN_POINT('',(80.8,60.,21.8000001));
#3717 = DIRECTION('',(1.,-0.,0.));
#3718 = DIRECTION('',(-0.,-0.707106781187,0.707106781187));
#3719 = PCURVE('',#1322,#3720);
#3720 = DEFINITIONAL_REPRESENTATION('',(#3721),#3725);
#3721 = LINE('',#3722,#3723);
#3722 = CARTESIAN_POINT('',(0.,0.));
#3723 = VECTOR('',#3724,1.);
#3724 = DIRECTION('',(1.,0.));
#3725 = ( GEOMETRIC_REPRESENTATION_CONTEXT(2) 
PARAMETRIC_REPRESENTATION_CONTEXT() REPRESENTATION_CONTEXT('2D SPACE',''
  ) );
#3726 = PCURVE('',#1640,#3727);
#3727 = DEFINITIONAL_REPRESENTATION('',(#3728),#3736);
#3728 = ( BOUNDED_CURVE() B_SPLINE_CURVE(2,(#3729,#3730,#3731,#3732,
#3733,#3734,#3735),.UNSPECIFIED.,.T.,.F.) B_SPLINE_CURVE_WITH_KNOTS((1,2
    ,2,2,2,1),(-2.094395102393,0.,2.094395102393,4.188790204786,
6.28318530718,8.377580409573),.UNSPECIFIED.) CURVE() 
GEOMETRIC_REPRESENTATION_ITEM() RATIONAL_B_SPLINE_CURVE((1.,0.5,1.,0.5,
1.,0.5,1.)) REPRESENTATION_ITEM('') );
#3729 = CARTESIAN_POINT('',(-3.164904133222,4.242640687119));
#3730 = CARTESIAN_POINT('',(4.183565095128,11.591109915469));
#3731 = CARTESIAN_POINT('',(6.873291511632,1.552914270615));
#3732 = CARTESIAN_POINT('',(9.563017928136,-8.485281374239));
#3733 = CARTESIAN_POINT('',(-0.475177716717,-5.795554957734));
#3734 = CARTESIAN_POINT('',(-10.51337336157,-3.10582854123));
#3735 = CARTESIAN_POINT('',(-3.164904133222,4.242640687119));
#3736 = ( GEOMETRIC_REPRESENTATION_CONTEXT(2) 
PARAMETRIC_REPRESENTATION_CONTEXT() REPRESENTATION_CONTEXT('2D SPACE',''
  ) );
#3737 = ORIENTED_EDGE('',*,*,#1652,.T.);
#3738 = ADVANCED_FACE('',(#3739),#1291,.T.);
#3739 = FACE_BOUND('',#3740,.F.);
#3740 = EDGE_LOOP('',(#3741,#3742,#3763,#3764));
#3741 = ORIENTED_EDGE('',*,*,#1275,.F.);
#3742 = ORIENTED_EDGE('',*,*,#3743,.T.);
#3743 = EDGE_CURVE('',#1248,#2134,#3744,.T.);
#3744 = SURFACE_CURVE('',#3745,(#3749,#3756),.PCURVE_S1.);
#3745 = LINE('',#3746,#3747);
#3746 = CARTESIAN_POINT('',(80.8,60.,30.285281474239));
#3747 = VECTOR('',#3748,1.);
#3748 = DIRECTION('',(-1.,-0.,-0.));
#3749 = PCURVE('',#1291,#3750);
#3750 = DEFINITIONAL_REPRESENTATION('',(#3751),#3755);
#3751 = LINE('',#3752,#3753);
#3752 = CARTESIAN_POINT('',(0.,-0.));
#3753 = VECTOR('',#3754,1.);
#3754 = DIRECTION('',(-0.,-1.));
#3755 = ( GEOMETRIC_REPRESENTATION_CONTEXT(2) 
PARAMETRIC_REPRESENTATION_CONTEXT() REPRESENTATION_CONTEXT('2D SPACE',''
  ) );
#3756 = PCURVE('',#1263,#3757);
#3757 = DEFINITIONAL_REPRESENTATION('',(#3758),#3762);
#3758 = LINE('',#3759,#3760);
#3759 = CARTESIAN_POINT('',(-6.,0.));
#3760 = VECTOR('',#3761,1.);
#3761 = DIRECTION('',(-0.,-1.));
#3762 = ( GEOMETRIC_REPRESENTATION_CONTEXT(2) 
PARAMETRIC_REPRESENTATION_CONTEXT() REPRESENTATION_CONTEXT('2D SPACE',''
  ) );
#3763 = ORIENTED_EDGE('',*,*,#2131,.F.);
#3764 = ORIENTED_EDGE('',*,*,#3667,.F.);
#3765 = ADVANCED_FACE('',(#3766),#1263,.T.);
#3766 = FACE_BOUND('',#3767,.F.);
#3767 = EDGE_LOOP('',(#3768,#3791,#3792,#3793,#3794,#3795));
#3768 = ORIENTED_EDGE('',*,*,#3769,.F.);
#3769 = EDGE_CURVE('',#3690,#3770,#3772,.T.);
#3770 = VERTEX_POINT('',#3771);
#3771 = CARTESIAN_POINT('',(80.8,63.479361463555,26.805920010684));
#3772 = SURFACE_CURVE('',#3773,(#3777,#3784),.PCURVE_S1.);
#3773 = LINE('',#3774,#3775);
#3774 = CARTESIAN_POINT('',(80.8,64.242640687119,26.042640787119));
#3775 = VECTOR('',#3776,1.);
#3776 = DIRECTION('',(-0.,-0.707106781187,0.707106781187));
#3777 = PCURVE('',#1263,#3778);
#3778 = DEFINITIONAL_REPRESENTATION('',(#3779),#3783);
#3779 = LINE('',#3780,#3781);
#3780 = CARTESIAN_POINT('',(-0.,0.));
#3781 = VECTOR('',#3782,1.);
#3782 = DIRECTION('',(-1.,0.));
#3783 = ( GEOMETRIC_REPRESENTATION_CONTEXT(2) 
PARAMETRIC_REPRESENTATION_CONTEXT() REPRESENTATION_CONTEXT('2D SPACE',''
  ) );
#3784 = PCURVE('',#1640,#3785);
#3785 = DEFINITIONAL_REPRESENTATION('',(#3786),#3790);
#3786 = LINE('',#3787,#3788);
#3787 = CARTESIAN_POINT('',(-3.164904133222,-4.242640687119));
#3788 = VECTOR('',#3789,1.);
#3789 = DIRECTION('',(-0.707106781187,0.707106781187));
#3790 = ( GEOMETRIC_REPRESENTATION_CONTEXT(2) 
PARAMETRIC_REPRESENTATION_CONTEXT() REPRESENTATION_CONTEXT('2D SPACE',''
  ) );
#3791 = ORIENTED_EDGE('',*,*,#3689,.T.);
#3792 = ORIENTED_EDGE('',*,*,#2156,.F.);
#3793 = ORIENTED_EDGE('',*,*,#3743,.F.);
#3794 = ORIENTED_EDGE('',*,*,#1247,.F.);
#3795 = ORIENTED_EDGE('',*,*,#3796,.F.);
#3796 = EDGE_CURVE('',#3770,#1220,#3797,.T.);
#3797 = SURFACE_CURVE('',#3798,(#3803,#3814),.PCURVE_S1.);
#3798 = ELLIPSE('',#3799,2.828427124746,2.);
#3799 = AXIS2_PLACEMENT_3D('',#3800,#3801,#3802);
#3800 = CARTESIAN_POINT('',(79.3,62.15648580802,28.128795666219));
#3801 = DIRECTION('',(-0.,0.707106781187,0.707106781187));
#3802 = DIRECTION('',(-0.,0.707106781187,-0.707106781187));
#3803 = PCURVE('',#1263,#3804);
#3804 = DEFINITIONAL_REPRESENTATION('',(#3805),#3813);
#3805 = ( BOUNDED_CURVE() B_SPLINE_CURVE(2,(#3806,#3807,#3808,#3809,
#3810,#3811,#3812),.UNSPECIFIED.,.T.,.F.) B_SPLINE_CURVE_WITH_KNOTS((1,2
    ,2,2,2,1),(-2.094395102393,0.,2.094395102393,4.188790204786,
6.28318530718,8.377580409573),.UNSPECIFIED.) CURVE() 
GEOMETRIC_REPRESENTATION_ITEM() RATIONAL_B_SPLINE_CURVE((1.,0.5,1.,0.5,
1.,0.5,1.)) REPRESENTATION_ITEM('') );
#3806 = CARTESIAN_POINT('',(-0.121841398487,-1.5));
#3807 = CARTESIAN_POINT('',(-0.121841398487,-4.964101615138));
#3808 = CARTESIAN_POINT('',(-4.364482085607,-3.232050807569));
#3809 = CARTESIAN_POINT('',(-8.607122772726,-1.5));
#3810 = CARTESIAN_POINT('',(-4.364482085607,0.232050807569));
#3811 = CARTESIAN_POINT('',(-0.121841398487,1.964101615138));
#3812 = CARTESIAN_POINT('',(-0.121841398487,-1.5));
#3813 = ( GEOMETRIC_REPRESENTATION_CONTEXT(2) 
PARAMETRIC_REPRESENTATION_CONTEXT() REPRESENTATION_CONTEXT('2D SPACE',''
  ) );
#3814 = PCURVE('',#1235,#3815);
#3815 = DEFINITIONAL_REPRESENTATION('',(#3816),#3831);
#3816 = B_SPLINE_CURVE_WITH_KNOTS('',7,(#3817,#3818,#3819,#3820,#3821,
    #3822,#3823,#3824,#3825,#3826,#3827,#3828,#3829,#3830),
  .UNSPECIFIED.,.F.,.F.,(8,6,8),(4.712388980385,5.916413105986,
    7.120437231588),.UNSPECIFIED.);
#3817 = CARTESIAN_POINT('',(0.,15.471204433781));
#3818 = CARTESIAN_POINT('',(-0.172003446515,15.81521132681));
#3819 = CARTESIAN_POINT('',(-0.344006893029,16.159218045505));
#3820 = CARTESIAN_POINT('',(-0.516010339543,16.486602711924));
#3821 = CARTESIAN_POINT('',(-0.688013786058,16.780736880843));
#3822 = CARTESIAN_POINT('',(-0.860017232573,17.027018271763));
#3823 = CARTESIAN_POINT('',(-1.032020679087,17.214821538391));
#3824 = CARTESIAN_POINT('',(-1.376027572116,17.461546163694));
#3825 = CARTESIAN_POINT('',(-1.548031018631,17.520467397336));
#3826 = CARTESIAN_POINT('',(-1.720034465144,17.508989031552));
#3827 = CARTESIAN_POINT('',(-1.892037911661,17.425810352432));
#3828 = CARTESIAN_POINT('',(-2.064041358174,17.2750607626));
#3829 = CARTESIAN_POINT('',(-2.236044804689,17.065748119889));
#3830 = CARTESIAN_POINT('',(-2.408048251203,16.810217710855));
#3831 = ( GEOMETRIC_REPRESENTATION_CONTEXT(2) 
PARAMETRIC_REPRESENTATION_CONTEXT() REPRESENTATION_CONTEXT('2D SPACE',''
  ) );
#3832 = ADVANCED_FACE('',(#3833),#1235,.F.);
#3833 = FACE_BOUND('',#3834,.T.);
#3834 = EDGE_LOOP('',(#3835,#3836,#3837,#3838,#3839,#3862,#3906));
#3835 = ORIENTED_EDGE('',*,*,#1876,.F.);
#3836 = ORIENTED_EDGE('',*,*,#3608,.T.);
#3837 = ORIENTED_EDGE('',*,*,#1219,.T.);
#3838 = ORIENTED_EDGE('',*,*,#3796,.F.);
#3839 = ORIENTED_EDGE('',*,*,#3840,.T.);
#3840 = EDGE_CURVE('',#3770,#3841,#3843,.T.);
#3841 = VERTEX_POINT('',#3842);
#3842 = CARTESIAN_POINT('',(80.8,63.479361468771,24.808993954277));
#3843 = SURFACE_CURVE('',#3844,(#3848,#3855),.PCURVE_S1.);
#3844 = LINE('',#3845,#3846);
#3845 = CARTESIAN_POINT('',(80.8,63.479361463552,43.6000001));
#3846 = VECTOR('',#3847,1.);
#3847 = DIRECTION('',(-0.,-0.,-1.));
#3848 = PCURVE('',#1235,#3849);
#3849 = DEFINITIONAL_REPRESENTATION('',(#3850),#3854);
#3850 = LINE('',#3851,#3852);
#3851 = CARTESIAN_POINT('',(-0.722734247813,0.));
#3852 = VECTOR('',#3853,1.);
#3853 = DIRECTION('',(-0.,1.));
#3854 = ( GEOMETRIC_REPRESENTATION_CONTEXT(2) 
PARAMETRIC_REPRESENTATION_CONTEXT() REPRESENTATION_CONTEXT('2D SPACE',''
  ) );
#3855 = PCURVE('',#1640,#3856);
#3856 = DEFINITIONAL_REPRESENTATION('',(#3857),#3861);
#3857 = LINE('',#3858,#3859);
#3858 = CARTESIAN_POINT('',(-20.7222634461,-3.479361463552));
#3859 = VECTOR('',#3860,1.);
#3860 = DIRECTION('',(1.,-0.));
#3861 = ( GEOMETRIC_REPRESENTATION_CONTEXT(2) 
PARAMETRIC_REPRESENTATION_CONTEXT() REPRESENTATION_CONTEXT('2D SPACE',''
  ) );
#3862 = ORIENTED_EDGE('',*,*,#3863,.F.);
#3863 = EDGE_CURVE('',#3864,#3841,#3866,.T.);
#3864 = VERTEX_POINT('',#3865);
#3865 = CARTESIAN_POINT('',(80.972822092434,63.252691193458,
    25.052691293458));
#3866 = SURFACE_CURVE('',#3867,(#3878,#3892),.PCURVE_S1.);
#3867 = B_SPLINE_CURVE_WITH_KNOTS('',5,(#3868,#3869,#3870,#3871,#3872,
    #3873,#3874,#3875,#3876,#3877),.UNSPECIFIED.,.F.,.F.,(6,4,6),(0.,
    0.525905058384,1.),.UNSPECIFIED.);
#3868 = CARTESIAN_POINT('',(80.972822092434,63.252691193458,
    25.052691293458));
#3869 = CARTESIAN_POINT('',(80.916615647313,63.338462878568,
    24.966919608348));
#3870 = CARTESIAN_POINT('',(80.856078230704,63.41885225773,
    24.880875042517));
#3871 = CARTESIAN_POINT('',(80.791686861663,63.494127444533,
    24.794968315371));
#3872 = CARTESIAN_POINT('',(80.723665728674,63.564539032017,
    24.709552805229));
#3873 = CARTESIAN_POINT('',(80.587546238071,63.689422429474,
    24.549082751563));
#3874 = CARTESIAN_POINT('',(80.520176526848,63.744725396747,
    24.4739086163));
#3875 = CARTESIAN_POINT('',(80.449895218066,63.796357387199,
    24.399871854575));
#3876 = CARTESIAN_POINT('',(80.376538918703,63.844346885624,
    24.327417551537));
#3877 = CARTESIAN_POINT('',(80.2999994,63.888536961999,24.257494819256)
  );
#3878 = PCURVE('',#1235,#3879);
#3879 = DEFINITIONAL_REPRESENTATION('',(#3880),#3891);
#3880 = B_SPLINE_CURVE_WITH_KNOTS('',5,(#3881,#3882,#3883,#3884,#3885,
    #3886,#3887,#3888,#3889,#3890),.UNSPECIFIED.,.F.,.F.,(6,4,6),(0.,
    0.525905058384,1.),.UNSPECIFIED.);
#3881 = CARTESIAN_POINT('',(-0.580094156454,18.547308806542));
#3882 = CARTESIAN_POINT('',(-0.631367800853,18.633080491652));
#3883 = CARTESIAN_POINT('',(-0.681577536379,18.719125057483));
#3884 = CARTESIAN_POINT('',(-0.730984981132,18.805031784629));
#3885 = CARTESIAN_POINT('',(-0.779846632114,18.890447294771));
#3886 = CARTESIAN_POINT('',(-0.872210557272,19.050917348437));
#3887 = CARTESIAN_POINT('',(-0.915725378997,19.1260914837));
#3888 = CARTESIAN_POINT('',(-0.95924631869,19.200128245425));
#3889 = CARTESIAN_POINT('',(-1.003007794718,19.272582548463));
#3890 = CARTESIAN_POINT('',(-1.047197897607,19.342505280744));
#3891 = ( GEOMETRIC_REPRESENTATION_CONTEXT(2) 
PARAMETRIC_REPRESENTATION_CONTEXT() REPRESENTATION_CONTEXT('2D SPACE',''
  ) );
#3892 = PCURVE('',#1595,#3893);
#3893 = DEFINITIONAL_REPRESENTATION('',(#3894),#3905);
#3894 = B_SPLINE_CURVE_WITH_KNOTS('',5,(#3895,#3896,#3897,#3898,#3899,
    #3900,#3901,#3902,#3903,#3904),.UNSPECIFIED.,.F.,.F.,(6,4,6),(0.,
    0.525905058384,1.),.UNSPECIFIED.);
#3895 = CARTESIAN_POINT('',(4.712388980385,-2.327177907566));
#3896 = CARTESIAN_POINT('',(4.686019528135,-2.383384352687));
#3897 = CARTESIAN_POINT('',(4.660435458378,-2.443921769296));
#3898 = CARTESIAN_POINT('',(4.635620692278,-2.508313138337));
#3899 = CARTESIAN_POINT('',(4.611565856182,-2.576334271326));
#3900 = CARTESIAN_POINT('',(4.56736185823,-2.712453761929));
#3901 = CARTESIAN_POINT('',(4.547081186165,-2.779823473152));
#3902 = CARTESIAN_POINT('',(4.527466829281,-2.850104781934));
#3903 = CARTESIAN_POINT('',(4.508578626024,-2.923461081297));
#3904 = CARTESIAN_POINT('',(4.490596867598,-3.0000006));
#3905 = ( GEOMETRIC_REPRESENTATION_CONTEXT(2) 
PARAMETRIC_REPRESENTATION_CONTEXT() REPRESENTATION_CONTEXT('2D SPACE',''
  ) );
#3906 = ORIENTED_EDGE('',*,*,#3907,.F.);
#3907 = EDGE_CURVE('',#1849,#3864,#3908,.T.);
#3908 = SURFACE_CURVE('',#3909,(#3914,#3925),.PCURVE_S1.);
#3909 = ELLIPSE('',#3910,2.828427124746,2.);
#3910 = AXIS2_PLACEMENT_3D('',#3911,#3912,#3913);
#3911 = CARTESIAN_POINT('',(79.3,62.15648580802,26.148896678897));
#3912 = DIRECTION('',(-0.,0.707106781187,0.707106781187));
#3913 = DIRECTION('',(-0.,0.707106781187,-0.707106781187));
#3914 = PCURVE('',#1235,#3915);
#3915 = DEFINITIONAL_REPRESENTATION('',(#3916),#3924);
#3916 = B_SPLINE_CURVE_WITH_KNOTS('',6,(#3917,#3918,#3919,#3920,#3921,
    #3922,#3923),.UNSPECIFIED.,.F.,.F.,(7,7),(4.712388980385,
    5.502934676648),.PIECEWISE_BEZIER_KNOTS.);
#3917 = CARTESIAN_POINT('',(0.,17.451103421103));
#3918 = CARTESIAN_POINT('',(-0.131757616044,17.714618653191));
#3919 = CARTESIAN_POINT('',(-0.263515232088,17.97813347245));
#3920 = CARTESIAN_POINT('',(-0.395272848132,18.233416556303));
#3921 = CARTESIAN_POINT('',(-0.527030464176,18.472222479648));
#3922 = CARTESIAN_POINT('',(-0.65878808022,18.687206140076));
#3923 = CARTESIAN_POINT('',(-0.790545696264,18.872577925886));
#3924 = ( GEOMETRIC_REPRESENTATION_CONTEXT(2) 
PARAMETRIC_REPRESENTATION_CONTEXT() REPRESENTATION_CONTEXT('2D SPACE',''
  ) );
#3925 = PCURVE('',#1864,#3926);
#3926 = DEFINITIONAL_REPRESENTATION('',(#3927),#3935);
#3927 = ( BOUNDED_CURVE() B_SPLINE_CURVE(2,(#3928,#3929,#3930,#3931,
#3932,#3933,#3934),.UNSPECIFIED.,.T.,.F.) B_SPLINE_CURVE_WITH_KNOTS((1,2
    ,2,2,2,1),(-2.094395102393,0.,2.094395102393,4.188790204786,
6.28318530718,8.377580409573),.UNSPECIFIED.) CURVE() 
GEOMETRIC_REPRESENTATION_ITEM() RATIONAL_B_SPLINE_CURVE((1.,0.5,1.,0.5,
1.,0.5,1.)) REPRESENTATION_ITEM('') );
#3928 = CARTESIAN_POINT('',(1.278158601513,-4.));
#3929 = CARTESIAN_POINT('',(1.278158601513,-7.464101615138));
#3930 = CARTESIAN_POINT('',(-2.964482085607,-5.732050807569));
#3931 = CARTESIAN_POINT('',(-7.207122772726,-4.));
#3932 = CARTESIAN_POINT('',(-2.964482085607,-2.267949192431));
#3933 = CARTESIAN_POINT('',(1.278158601513,-0.535898384862));
#3934 = CARTESIAN_POINT('',(1.278158601513,-4.));
#3935 = ( GEOMETRIC_REPRESENTATION_CONTEXT(2) 
PARAMETRIC_REPRESENTATION_CONTEXT() REPRESENTATION_CONTEXT('2D SPACE',''
  ) );
#3936 = ADVANCED_FACE('',(#3937),#1379,.F.);
#3937 = FACE_BOUND('',#3938,.F.);
#3938 = EDGE_LOOP('',(#3939,#3940,#3961,#3962));
#3939 = ORIENTED_EDGE('',*,*,#1356,.T.);
#3940 = ORIENTED_EDGE('',*,*,#3941,.T.);
#3941 = EDGE_CURVE('',#1359,#2228,#3942,.T.);
#3942 = SURFACE_CURVE('',#3943,(#3947,#3954),.PCURVE_S1.);
#3943 = LINE('',#3944,#3945);
#3944 = CARTESIAN_POINT('',(80.8,15.757359312881,26.042640787119));
#3945 = VECTOR('',#3946,1.);
#3946 = DIRECTION('',(-1.,-0.,-0.));
#3947 = PCURVE('',#1379,#3948);
#3948 = DEFINITIONAL_REPRESENTATION('',(#3949),#3953);
#3949 = LINE('',#3950,#3951);
#3950 = CARTESIAN_POINT('',(0.,0.));
#3951 = VECTOR('',#3952,1.);
#3952 = DIRECTION('',(0.,-1.));
#3953 = ( GEOMETRIC_REPRESENTATION_CONTEXT(2) 
PARAMETRIC_REPRESENTATION_CONTEXT() REPRESENTATION_CONTEXT('2D SPACE',''
  ) );
#3954 = PCURVE('',#1453,#3955);
#3955 = DEFINITIONAL_REPRESENTATION('',(#3956),#3960);
#3956 = LINE('',#3957,#3958);
#3957 = CARTESIAN_POINT('',(-6.,0.));
#3958 = VECTOR('',#3959,1.);
#3959 = DIRECTION('',(-0.,-1.));
#3960 = ( GEOMETRIC_REPRESENTATION_CONTEXT(2) 
PARAMETRIC_REPRESENTATION_CONTEXT() REPRESENTATION_CONTEXT('2D SPACE',''
  ) );
#3961 = ORIENTED_EDGE('',*,*,#2275,.T.);
#3962 = ORIENTED_EDGE('',*,*,#3963,.F.);
#3963 = EDGE_CURVE('',#1357,#2253,#3964,.T.);
#3964 = SURFACE_CURVE('',#3965,(#3969,#3976),.PCURVE_S1.);
#3965 = LINE('',#3966,#3967);
#3966 = CARTESIAN_POINT('',(80.8,24.242640687119,26.042640787119));
#3967 = VECTOR('',#3968,1.);
#3968 = DIRECTION('',(-1.,-0.,-0.));
#3969 = PCURVE('',#1379,#3970);
#3970 = DEFINITIONAL_REPRESENTATION('',(#3971),#3975);
#3971 = LINE('',#3972,#3973);
#3972 = CARTESIAN_POINT('',(4.712388980385,0.));
#3973 = VECTOR('',#3974,1.);
#3974 = DIRECTION('',(0.,-1.));
#3975 = ( GEOMETRIC_REPRESENTATION_CONTEXT(2) 
PARAMETRIC_REPRESENTATION_CONTEXT() REPRESENTATION_CONTEXT('2D SPACE',''
  ) );
#3976 = PCURVE('',#1427,#3977);
#3977 = DEFINITIONAL_REPRESENTATION('',(#3978),#3982);
#3978 = LINE('',#3979,#3980);
#3979 = CARTESIAN_POINT('',(-0.,0.));
#3980 = VECTOR('',#3981,1.);
#3981 = DIRECTION('',(-0.,-1.));
#3982 = ( GEOMETRIC_REPRESENTATION_CONTEXT(2) 
PARAMETRIC_REPRESENTATION_CONTEXT() REPRESENTATION_CONTEXT('2D SPACE',''
  ) );
#3983 = ADVANCED_FACE('',(#3984),#1427,.T.);
#3984 = FACE_BOUND('',#3985,.F.);
#3985 = EDGE_LOOP('',(#3986,#3987,#3988,#3989));
#3986 = ORIENTED_EDGE('',*,*,#1411,.F.);
#3987 = ORIENTED_EDGE('',*,*,#3963,.T.);
#3988 = ORIENTED_EDGE('',*,*,#2252,.F.);
#3989 = ORIENTED_EDGE('',*,*,#3990,.F.);
#3990 = EDGE_CURVE('',#1412,#2230,#3991,.T.);
#3991 = SURFACE_CURVE('',#3992,(#3996,#4003),.PCURVE_S1.);
#3992 = LINE('',#3993,#3994);
#3993 = CARTESIAN_POINT('',(80.8,20.,30.285281474239));
#3994 = VECTOR('',#3995,1.);
#3995 = DIRECTION('',(-1.,-0.,-0.));
#3996 = PCURVE('',#1427,#3997);
#3997 = DEFINITIONAL_REPRESENTATION('',(#3998),#4002);
#3998 = LINE('',#3999,#4000);
#3999 = CARTESIAN_POINT('',(-6.,0.));
#4000 = VECTOR('',#4001,1.);
#4001 = DIRECTION('',(-0.,-1.));
#4002 = ( GEOMETRIC_REPRESENTATION_CONTEXT(2) 
PARAMETRIC_REPRESENTATION_CONTEXT() REPRESENTATION_CONTEXT('2D SPACE',''
  ) );
#4003 = PCURVE('',#1453,#4004);
#4004 = DEFINITIONAL_REPRESENTATION('',(#4005),#4009);
#4005 = LINE('',#4006,#4007);
#4006 = CARTESIAN_POINT('',(0.,-0.));
#4007 = VECTOR('',#4008,1.);
#4008 = DIRECTION('',(-0.,-1.));
#4009 = ( GEOMETRIC_REPRESENTATION_CONTEXT(2) 
PARAMETRIC_REPRESENTATION_CONTEXT() REPRESENTATION_CONTEXT('2D SPACE',''
  ) );
#4010 = ADVANCED_FACE('',(#4011),#1453,.T.);
#4011 = FACE_BOUND('',#4012,.F.);
#4012 = EDGE_LOOP('',(#4013,#4014,#4015,#4016));
#4013 = ORIENTED_EDGE('',*,*,#1439,.F.);
#4014 = ORIENTED_EDGE('',*,*,#3990,.T.);
#4015 = ORIENTED_EDGE('',*,*,#2227,.F.);
#4016 = ORIENTED_EDGE('',*,*,#3941,.F.);
#4017 = ADVANCED_FACE('',(#4018),#1595,.F.);
#4018 = FACE_BOUND('',#4019,.F.);
#4019 = EDGE_LOOP('',(#4020,#4055,#4076,#4077,#4078,#4100,#4101));
#4020 = ORIENTED_EDGE('',*,*,#4021,.F.);
#4021 = EDGE_CURVE('',#4022,#4024,#4026,.T.);
#4022 = VERTEX_POINT('',#4023);
#4023 = CARTESIAN_POINT('',(83.3,56.747308806542,25.052691293458));
#4024 = VERTEX_POINT('',#4025);
#4025 = CARTESIAN_POINT('',(83.3,63.252691193458,25.052691293458));
#4026 = SURFACE_CURVE('',#4027,(#4032,#4039),.PCURVE_S1.);
#4027 = CIRCLE('',#4028,4.6);
#4028 = AXIS2_PLACEMENT_3D('',#4029,#4030,#4031);
#4029 = CARTESIAN_POINT('',(83.3,60.,21.8000001));
#4030 = DIRECTION('',(1.,-0.,0.));
#4031 = DIRECTION('',(-0.,-0.707106781187,0.707106781187));
#4032 = PCURVE('',#1595,#4033);
#4033 = DEFINITIONAL_REPRESENTATION('',(#4034),#4038);
#4034 = LINE('',#4035,#4036);
#4035 = CARTESIAN_POINT('',(0.,0.));
#4036 = VECTOR('',#4037,1.);
#4037 = DIRECTION('',(1.,0.));
#4038 = ( GEOMETRIC_REPRESENTATION_CONTEXT(2) 
PARAMETRIC_REPRESENTATION_CONTEXT() REPRESENTATION_CONTEXT('2D SPACE',''
  ) );
#4039 = PCURVE('',#4040,#4045);
#4040 = PLANE('',#4041);
#4041 = AXIS2_PLACEMENT_3D('',#4042,#4043,#4044);
#4042 = CARTESIAN_POINT('',(83.3,60.,22.626264791322));
#4043 = DIRECTION('',(-1.,-0.,-0.));
#4044 = DIRECTION('',(0.,0.,-1.));
#4045 = DEFINITIONAL_REPRESENTATION('',(#4046),#4054);
#4046 = ( BOUNDED_CURVE() B_SPLINE_CURVE(2,(#4047,#4048,#4049,#4050,
#4051,#4052,#4053),.UNSPECIFIED.,.T.,.F.) B_SPLINE_CURVE_WITH_KNOTS((1,2
    ,2,2,2,1),(-2.094395102393,0.,2.094395102393,4.188790204786,
6.28318530718,8.377580409573),.UNSPECIFIED.) CURVE() 
GEOMETRIC_REPRESENTATION_ITEM() RATIONAL_B_SPLINE_CURVE((1.,0.5,1.,0.5,
1.,0.5,1.)) REPRESENTATION_ITEM('') );
#4047 = CARTESIAN_POINT('',(-2.426426502137,3.252691193458));
#4048 = CARTESIAN_POINT('',(3.207399906265,8.886517601859));
#4049 = CARTESIAN_POINT('',(5.269523492251,1.190567607472));
#4050 = CARTESIAN_POINT('',(7.331647078238,-6.505382386916));
#4051 = CARTESIAN_POINT('',(-0.36430291615,-4.44325880093));
#4052 = CARTESIAN_POINT('',(-8.060252910538,-2.381135214943));
#4053 = CARTESIAN_POINT('',(-2.426426502137,3.252691193458));
#4054 = ( GEOMETRIC_REPRESENTATION_CONTEXT(2) 
PARAMETRIC_REPRESENTATION_CONTEXT() REPRESENTATION_CONTEXT('2D SPACE',''
  ) );
#4055 = ORIENTED_EDGE('',*,*,#4056,.T.);
#4056 = EDGE_CURVE('',#4022,#1797,#4057,.T.);
#4057 = SURFACE_CURVE('',#4058,(#4062,#4069),.PCURVE_S1.);
#4058 = LINE('',#4059,#4060);
#4059 = CARTESIAN_POINT('',(83.3,56.747308806542,25.052691293458));
#4060 = VECTOR('',#4061,1.);
#4061 = DIRECTION('',(-1.,-0.,-0.));
#4062 = PCURVE('',#1595,#4063);
#4063 = DEFINITIONAL_REPRESENTATION('',(#4064),#4068);
#4064 = LINE('',#4065,#4066);
#4065 = CARTESIAN_POINT('',(0.,0.));
#4066 = VECTOR('',#4067,1.);
#4067 = DIRECTION('',(0.,-1.));
#4068 = ( GEOMETRIC_REPRESENTATION_CONTEXT(2) 
PARAMETRIC_REPRESENTATION_CONTEXT() REPRESENTATION_CONTEXT('2D SPACE',''
  ) );
#4069 = PCURVE('',#1836,#4070);
#4070 = DEFINITIONAL_REPRESENTATION('',(#4071),#4075);
#4071 = LINE('',#4072,#4073);
#4072 = CARTESIAN_POINT('',(-4.6,0.));
#4073 = VECTOR('',#4074,1.);
#4074 = DIRECTION('',(-0.,-1.));
#4075 = ( GEOMETRIC_REPRESENTATION_CONTEXT(2) 
PARAMETRIC_REPRESENTATION_CONTEXT() REPRESENTATION_CONTEXT('2D SPACE',''
  ) );
#4076 = ORIENTED_EDGE('',*,*,#1796,.F.);
#4077 = ORIENTED_EDGE('',*,*,#1545,.T.);
#4078 = ORIENTED_EDGE('',*,*,#4079,.F.);
#4079 = EDGE_CURVE('',#3841,#1546,#4080,.T.);
#4080 = SURFACE_CURVE('',#4081,(#4086,#4093),.PCURVE_S1.);
#4081 = CIRCLE('',#4082,4.6);
#4082 = AXIS2_PLACEMENT_3D('',#4083,#4084,#4085);
#4083 = CARTESIAN_POINT('',(80.8,60.,21.8000001));
#4084 = DIRECTION('',(-1.,0.,-0.));
#4085 = DIRECTION('',(-0.,-0.707106781187,0.707106781187));
#4086 = PCURVE('',#1595,#4087);
#4087 = DEFINITIONAL_REPRESENTATION('',(#4088),#4092);
#4088 = LINE('',#4089,#4090);
#4089 = CARTESIAN_POINT('',(6.28318530718,-2.5));
#4090 = VECTOR('',#4091,1.);
#4091 = DIRECTION('',(-1.,0.));
#4092 = ( GEOMETRIC_REPRESENTATION_CONTEXT(2) 
PARAMETRIC_REPRESENTATION_CONTEXT() REPRESENTATION_CONTEXT('2D SPACE',''
  ) );
#4093 = PCURVE('',#1640,#4094);
#4094 = DEFINITIONAL_REPRESENTATION('',(#4095),#4099);
#4095 = CIRCLE('',#4096,4.6);
#4096 = AXIS2_PLACEMENT_2D('',#4097,#4098);
#4097 = CARTESIAN_POINT('',(1.077736553898,0.));
#4098 = DIRECTION('',(-0.707106781187,0.707106781187));
#4099 = ( GEOMETRIC_REPRESENTATION_CONTEXT(2) 
PARAMETRIC_REPRESENTATION_CONTEXT() REPRESENTATION_CONTEXT('2D SPACE',''
  ) );
#4100 = ORIENTED_EDGE('',*,*,#3863,.F.);
#4101 = ORIENTED_EDGE('',*,*,#4102,.F.);
#4102 = EDGE_CURVE('',#4024,#3864,#4103,.T.);
#4103 = SURFACE_CURVE('',#4104,(#4108,#4115),.PCURVE_S1.);
#4104 = LINE('',#4105,#4106);
#4105 = CARTESIAN_POINT('',(83.3,63.252691193458,25.052691293458));
#4106 = VECTOR('',#4107,1.);
#4107 = DIRECTION('',(-1.,-0.,-0.));
#4108 = PCURVE('',#1595,#4109);
#4109 = DEFINITIONAL_REPRESENTATION('',(#4110),#4114);
#4110 = LINE('',#4111,#4112);
#4111 = CARTESIAN_POINT('',(4.712388980385,0.));
#4112 = VECTOR('',#4113,1.);
#4113 = DIRECTION('',(0.,-1.));
#4114 = ( GEOMETRIC_REPRESENTATION_CONTEXT(2) 
PARAMETRIC_REPRESENTATION_CONTEXT() REPRESENTATION_CONTEXT('2D SPACE',''
  ) );
#4115 = PCURVE('',#1864,#4116);
#4116 = DEFINITIONAL_REPRESENTATION('',(#4117),#4121);
#4117 = LINE('',#4118,#4119);
#4118 = CARTESIAN_POINT('',(-0.,0.));
#4119 = VECTOR('',#4120,1.);
#4120 = DIRECTION('',(-0.,-1.));
#4121 = ( GEOMETRIC_REPRESENTATION_CONTEXT(2) 
PARAMETRIC_REPRESENTATION_CONTEXT() REPRESENTATION_CONTEXT('2D SPACE',''
  ) );
#4122 = ADVANCED_FACE('',(#4123),#1640,.T.);
#4123 = FACE_BOUND('',#4124,.F.);
#4124 = EDGE_LOOP('',(#4125,#4126,#4127,#4128,#4129));
#4125 = ORIENTED_EDGE('',*,*,#3712,.T.);
#4126 = ORIENTED_EDGE('',*,*,#3769,.T.);
#4127 = ORIENTED_EDGE('',*,*,#3840,.T.);
#4128 = ORIENTED_EDGE('',*,*,#4079,.T.);
#4129 = ORIENTED_EDGE('',*,*,#1624,.T.);
#4130 = ADVANCED_FACE('',(#4131),#1836,.T.);
#4131 = FACE_BOUND('',#4132,.F.);
#4132 = EDGE_LOOP('',(#4133,#4156,#4177,#4178));
#4133 = ORIENTED_EDGE('',*,*,#4134,.F.);
#4134 = EDGE_CURVE('',#4135,#4022,#4137,.T.);
#4135 = VERTEX_POINT('',#4136);
#4136 = CARTESIAN_POINT('',(83.3,60.,28.305382486916));
#4137 = SURFACE_CURVE('',#4138,(#4142,#4149),.PCURVE_S1.);
#4138 = LINE('',#4139,#4140);
#4139 = CARTESIAN_POINT('',(83.3,60.,28.305382486916));
#4140 = VECTOR('',#4141,1.);
#4141 = DIRECTION('',(-0.,-0.707106781187,-0.707106781187));
#4142 = PCURVE('',#1836,#4143);
#4143 = DEFINITIONAL_REPRESENTATION('',(#4144),#4148);
#4144 = LINE('',#4145,#4146);
#4145 = CARTESIAN_POINT('',(0.,-0.));
#4146 = VECTOR('',#4147,1.);
#4147 = DIRECTION('',(-1.,0.));
#4148 = ( GEOMETRIC_REPRESENTATION_CONTEXT(2) 
PARAMETRIC_REPRESENTATION_CONTEXT() REPRESENTATION_CONTEXT('2D SPACE',''
  ) );
#4149 = PCURVE('',#4040,#4150);
#4150 = DEFINITIONAL_REPRESENTATION('',(#4151),#4155);
#4151 = LINE('',#4152,#4153);
#4152 = CARTESIAN_POINT('',(-5.679117695595,-0.));
#4153 = VECTOR('',#4154,1.);
#4154 = DIRECTION('',(0.707106781187,0.707106781187));
#4155 = ( GEOMETRIC_REPRESENTATION_CONTEXT(2) 
PARAMETRIC_REPRESENTATION_CONTEXT() REPRESENTATION_CONTEXT('2D SPACE',''
  ) );
#4156 = ORIENTED_EDGE('',*,*,#4157,.T.);
#4157 = EDGE_CURVE('',#4135,#1821,#4158,.T.);
#4158 = SURFACE_CURVE('',#4159,(#4163,#4170),.PCURVE_S1.);
#4159 = LINE('',#4160,#4161);
#4160 = CARTESIAN_POINT('',(83.3,60.,28.305382486916));
#4161 = VECTOR('',#4162,1.);
#4162 = DIRECTION('',(-1.,-0.,-0.));
#4163 = PCURVE('',#1836,#4164);
#4164 = DEFINITIONAL_REPRESENTATION('',(#4165),#4169);
#4165 = LINE('',#4166,#4167);
#4166 = CARTESIAN_POINT('',(0.,-0.));
#4167 = VECTOR('',#4168,1.);
#4168 = DIRECTION('',(-0.,-1.));
#4169 = ( GEOMETRIC_REPRESENTATION_CONTEXT(2) 
PARAMETRIC_REPRESENTATION_CONTEXT() REPRESENTATION_CONTEXT('2D SPACE',''
  ) );
#4170 = PCURVE('',#1864,#4171);
#4171 = DEFINITIONAL_REPRESENTATION('',(#4172),#4176);
#4172 = LINE('',#4173,#4174);
#4173 = CARTESIAN_POINT('',(-4.6,0.));
#4174 = VECTOR('',#4175,1.);
#4175 = DIRECTION('',(-0.,-1.));
#4176 = ( GEOMETRIC_REPRESENTATION_CONTEXT(2) 
PARAMETRIC_REPRESENTATION_CONTEXT() REPRESENTATION_CONTEXT('2D SPACE',''
  ) );
#4177 = ORIENTED_EDGE('',*,*,#1820,.F.);
#4178 = ORIENTED_EDGE('',*,*,#4056,.F.);
#4179 = ADVANCED_FACE('',(#4180),#1864,.T.);
#4180 = FACE_BOUND('',#4181,.F.);
#4181 = EDGE_LOOP('',(#4182,#4203,#4204,#4205,#4206));
#4182 = ORIENTED_EDGE('',*,*,#4183,.F.);
#4183 = EDGE_CURVE('',#4024,#4135,#4184,.T.);
#4184 = SURFACE_CURVE('',#4185,(#4189,#4196),.PCURVE_S1.);
#4185 = LINE('',#4186,#4187);
#4186 = CARTESIAN_POINT('',(83.3,63.252691193458,25.052691293458));
#4187 = VECTOR('',#4188,1.);
#4188 = DIRECTION('',(-0.,-0.707106781187,0.707106781187));
#4189 = PCURVE('',#1864,#4190);
#4190 = DEFINITIONAL_REPRESENTATION('',(#4191),#4195);
#4191 = LINE('',#4192,#4193);
#4192 = CARTESIAN_POINT('',(-0.,0.));
#4193 = VECTOR('',#4194,1.);
#4194 = DIRECTION('',(-1.,0.));
#4195 = ( GEOMETRIC_REPRESENTATION_CONTEXT(2) 
PARAMETRIC_REPRESENTATION_CONTEXT() REPRESENTATION_CONTEXT('2D SPACE',''
  ) );
#4196 = PCURVE('',#4040,#4197);
#4197 = DEFINITIONAL_REPRESENTATION('',(#4198),#4202);
#4198 = LINE('',#4199,#4200);
#4199 = CARTESIAN_POINT('',(-2.426426502137,-3.252691193458));
#4200 = VECTOR('',#4201,1.);
#4201 = DIRECTION('',(-0.707106781187,0.707106781187));
#4202 = ( GEOMETRIC_REPRESENTATION_CONTEXT(2) 
PARAMETRIC_REPRESENTATION_CONTEXT() REPRESENTATION_CONTEXT('2D SPACE',''
  ) );
#4203 = ORIENTED_EDGE('',*,*,#4102,.T.);
#4204 = ORIENTED_EDGE('',*,*,#3907,.F.);
#4205 = ORIENTED_EDGE('',*,*,#1848,.F.);
#4206 = ORIENTED_EDGE('',*,*,#4157,.F.);
#4207 = ADVANCED_FACE('',(#4208),#1942,.T.);
#4208 = FACE_BOUND('',#4209,.F.);
#4209 = EDGE_LOOP('',(#4210,#4240,#4261,#4262));
#4210 = ORIENTED_EDGE('',*,*,#4211,.F.);
#4211 = EDGE_CURVE('',#4212,#4214,#4216,.T.);
#4212 = VERTEX_POINT('',#4213);
#4213 = CARTESIAN_POINT('',(83.3,20.,28.305382486916));
#4214 = VERTEX_POINT('',#4215);
#4215 = CARTESIAN_POINT('',(83.3,16.747308806542,25.052691293458));
#4216 = SURFACE_CURVE('',#4217,(#4221,#4228),.PCURVE_S1.);
#4217 = LINE('',#4218,#4219);
#4218 = CARTESIAN_POINT('',(83.3,20.,28.305382486916));
#4219 = VECTOR('',#4220,1.);
#4220 = DIRECTION('',(-0.,-0.707106781187,-0.707106781187));
#4221 = PCURVE('',#1942,#4222);
#4222 = DEFINITIONAL_REPRESENTATION('',(#4223),#4227);
#4223 = LINE('',#4224,#4225);
#4224 = CARTESIAN_POINT('',(0.,-0.));
#4225 = VECTOR('',#4226,1.);
#4226 = DIRECTION('',(-1.,0.));
#4227 = ( GEOMETRIC_REPRESENTATION_CONTEXT(2) 
PARAMETRIC_REPRESENTATION_CONTEXT() REPRESENTATION_CONTEXT('2D SPACE',''
  ) );
#4228 = PCURVE('',#4229,#4234);
#4229 = PLANE('',#4230);
#4230 = AXIS2_PLACEMENT_3D('',#4231,#4232,#4233);
#4231 = CARTESIAN_POINT('',(83.3,20.,22.626264791322));
#4232 = DIRECTION('',(-1.,-0.,-0.));
#4233 = DIRECTION('',(0.,0.,-1.));
#4234 = DEFINITIONAL_REPRESENTATION('',(#4235),#4239);
#4235 = LINE('',#4236,#4237);
#4236 = CARTESIAN_POINT('',(-5.679117695595,-3.552713678801E-15));
#4237 = VECTOR('',#4238,1.);
#4238 = DIRECTION('',(0.707106781187,0.707106781187));
#4239 = ( GEOMETRIC_REPRESENTATION_CONTEXT(2) 
PARAMETRIC_REPRESENTATION_CONTEXT() REPRESENTATION_CONTEXT('2D SPACE',''
  ) );
#4240 = ORIENTED_EDGE('',*,*,#4241,.T.);
#4241 = EDGE_CURVE('',#4212,#1927,#4242,.T.);
#4242 = SURFACE_CURVE('',#4243,(#4247,#4254),.PCURVE_S1.);
#4243 = LINE('',#4244,#4245);
#4244 = CARTESIAN_POINT('',(83.3,20.,28.305382486916));
#4245 = VECTOR('',#4246,1.);
#4246 = DIRECTION('',(-1.,-0.,-0.));
#4247 = PCURVE('',#1942,#4248);
#4248 = DEFINITIONAL_REPRESENTATION('',(#4249),#4253);
#4249 = LINE('',#4250,#4251);
#4250 = CARTESIAN_POINT('',(0.,-0.));
#4251 = VECTOR('',#4252,1.);
#4252 = DIRECTION('',(-0.,-1.));
#4253 = ( GEOMETRIC_REPRESENTATION_CONTEXT(2) 
PARAMETRIC_REPRESENTATION_CONTEXT() REPRESENTATION_CONTEXT('2D SPACE',''
  ) );
#4254 = PCURVE('',#1970,#4255);
#4255 = DEFINITIONAL_REPRESENTATION('',(#4256),#4260);
#4256 = LINE('',#4257,#4258);
#4257 = CARTESIAN_POINT('',(-4.6,0.));
#4258 = VECTOR('',#4259,1.);
#4259 = DIRECTION('',(-0.,-1.));
#4260 = ( GEOMETRIC_REPRESENTATION_CONTEXT(2) 
PARAMETRIC_REPRESENTATION_CONTEXT() REPRESENTATION_CONTEXT('2D SPACE',''
  ) );
#4261 = ORIENTED_EDGE('',*,*,#1924,.F.);
#4262 = ORIENTED_EDGE('',*,*,#4263,.F.);
#4263 = EDGE_CURVE('',#4214,#1925,#4264,.T.);
#4264 = SURFACE_CURVE('',#4265,(#4269,#4276),.PCURVE_S1.);
#4265 = LINE('',#4266,#4267);
#4266 = CARTESIAN_POINT('',(83.3,16.747308806542,25.052691293458));
#4267 = VECTOR('',#4268,1.);
#4268 = DIRECTION('',(-1.,-0.,-0.));
#4269 = PCURVE('',#1942,#4270);
#4270 = DEFINITIONAL_REPRESENTATION('',(#4271),#4275);
#4271 = LINE('',#4272,#4273);
#4272 = CARTESIAN_POINT('',(-4.6,0.));
#4273 = VECTOR('',#4274,1.);
#4274 = DIRECTION('',(-0.,-1.));
#4275 = ( GEOMETRIC_REPRESENTATION_CONTEXT(2) 
PARAMETRIC_REPRESENTATION_CONTEXT() REPRESENTATION_CONTEXT('2D SPACE',''
  ) );
#4276 = PCURVE('',#1997,#4277);
#4277 = DEFINITIONAL_REPRESENTATION('',(#4278),#4282);
#4278 = LINE('',#4279,#4280);
#4279 = CARTESIAN_POINT('',(0.,0.));
#4280 = VECTOR('',#4281,1.);
#4281 = DIRECTION('',(0.,-1.));
#4282 = ( GEOMETRIC_REPRESENTATION_CONTEXT(2) 
PARAMETRIC_REPRESENTATION_CONTEXT() REPRESENTATION_CONTEXT('2D SPACE',''
  ) );
#4283 = ADVANCED_FACE('',(#4284),#1997,.F.);
#4284 = FACE_BOUND('',#4285,.F.);
#4285 = EDGE_LOOP('',(#4286,#4314,#4315,#4316));
#4286 = ORIENTED_EDGE('',*,*,#4287,.F.);
#4287 = EDGE_CURVE('',#4214,#4288,#4290,.T.);
#4288 = VERTEX_POINT('',#4289);
#4289 = CARTESIAN_POINT('',(83.3,23.252691193458,25.052691293458));
#4290 = SURFACE_CURVE('',#4291,(#4296,#4303),.PCURVE_S1.);
#4291 = CIRCLE('',#4292,4.6);
#4292 = AXIS2_PLACEMENT_3D('',#4293,#4294,#4295);
#4293 = CARTESIAN_POINT('',(83.3,20.,21.8000001));
#4294 = DIRECTION('',(1.,-0.,0.));
#4295 = DIRECTION('',(-0.,-0.707106781187,0.707106781187));
#4296 = PCURVE('',#1997,#4297);
#4297 = DEFINITIONAL_REPRESENTATION('',(#4298),#4302);
#4298 = LINE('',#4299,#4300);
#4299 = CARTESIAN_POINT('',(0.,0.));
#4300 = VECTOR('',#4301,1.);
#4301 = DIRECTION('',(1.,0.));
#4302 = ( GEOMETRIC_REPRESENTATION_CONTEXT(2) 
PARAMETRIC_REPRESENTATION_CONTEXT() REPRESENTATION_CONTEXT('2D SPACE',''
  ) );
#4303 = PCURVE('',#4229,#4304);
#4304 = DEFINITIONAL_REPRESENTATION('',(#4305),#4313);
#4305 = ( BOUNDED_CURVE() B_SPLINE_CURVE(2,(#4306,#4307,#4308,#4309,
#4310,#4311,#4312),.UNSPECIFIED.,.T.,.F.) B_SPLINE_CURVE_WITH_KNOTS((1,2
    ,2,2,2,1),(-2.094395102393,0.,2.094395102393,4.188790204786,
6.28318530718,8.377580409573),.UNSPECIFIED.) CURVE() 
GEOMETRIC_REPRESENTATION_ITEM() RATIONAL_B_SPLINE_CURVE((1.,0.5,1.,0.5,
1.,0.5,1.)) REPRESENTATION_ITEM('') );
#4306 = CARTESIAN_POINT('',(-2.426426502137,3.252691193458));
#4307 = CARTESIAN_POINT('',(3.207399906265,8.886517601859));
#4308 = CARTESIAN_POINT('',(5.269523492251,1.190567607472));
#4309 = CARTESIAN_POINT('',(7.331647078238,-6.505382386916));
#4310 = CARTESIAN_POINT('',(-0.36430291615,-4.44325880093));
#4311 = CARTESIAN_POINT('',(-8.060252910538,-2.381135214943));
#4312 = CARTESIAN_POINT('',(-2.426426502137,3.252691193458));
#4313 = ( GEOMETRIC_REPRESENTATION_CONTEXT(2) 
PARAMETRIC_REPRESENTATION_CONTEXT() REPRESENTATION_CONTEXT('2D SPACE',''
  ) );
#4314 = ORIENTED_EDGE('',*,*,#4263,.T.);
#4315 = ORIENTED_EDGE('',*,*,#1982,.F.);
#4316 = ORIENTED_EDGE('',*,*,#4317,.F.);
#4317 = EDGE_CURVE('',#4288,#1955,#4318,.T.);
#4318 = SURFACE_CURVE('',#4319,(#4323,#4330),.PCURVE_S1.);
#4319 = LINE('',#4320,#4321);
#4320 = CARTESIAN_POINT('',(83.3,23.252691193458,25.052691293458));
#4321 = VECTOR('',#4322,1.);
#4322 = DIRECTION('',(-1.,-0.,-0.));
#4323 = PCURVE('',#1997,#4324);
#4324 = DEFINITIONAL_REPRESENTATION('',(#4325),#4329);
#4325 = LINE('',#4326,#4327);
#4326 = CARTESIAN_POINT('',(4.712388980385,0.));
#4327 = VECTOR('',#4328,1.);
#4328 = DIRECTION('',(0.,-1.));
#4329 = ( GEOMETRIC_REPRESENTATION_CONTEXT(2) 
PARAMETRIC_REPRESENTATION_CONTEXT() REPRESENTATION_CONTEXT('2D SPACE',''
  ) );
#4330 = PCURVE('',#1970,#4331);
#4331 = DEFINITIONAL_REPRESENTATION('',(#4332),#4336);
#4332 = LINE('',#4333,#4334);
#4333 = CARTESIAN_POINT('',(-0.,0.));
#4334 = VECTOR('',#4335,1.);
#4335 = DIRECTION('',(-0.,-1.));
#4336 = ( GEOMETRIC_REPRESENTATION_CONTEXT(2) 
PARAMETRIC_REPRESENTATION_CONTEXT() REPRESENTATION_CONTEXT('2D SPACE',''
  ) );
#4337 = ADVANCED_FACE('',(#4338),#1970,.T.);
#4338 = FACE_BOUND('',#4339,.F.);
#4339 = EDGE_LOOP('',(#4340,#4361,#4362,#4363));
#4340 = ORIENTED_EDGE('',*,*,#4341,.F.);
#4341 = EDGE_CURVE('',#4288,#4212,#4342,.T.);
#4342 = SURFACE_CURVE('',#4343,(#4347,#4354),.PCURVE_S1.);
#4343 = LINE('',#4344,#4345);
#4344 = CARTESIAN_POINT('',(83.3,23.252691193458,25.052691293458));
#4345 = VECTOR('',#4346,1.);
#4346 = DIRECTION('',(-0.,-0.707106781187,0.707106781187));
#4347 = PCURVE('',#1970,#4348);
#4348 = DEFINITIONAL_REPRESENTATION('',(#4349),#4353);
#4349 = LINE('',#4350,#4351);
#4350 = CARTESIAN_POINT('',(-0.,0.));
#4351 = VECTOR('',#4352,1.);
#4352 = DIRECTION('',(-1.,0.));
#4353 = ( GEOMETRIC_REPRESENTATION_CONTEXT(2) 
PARAMETRIC_REPRESENTATION_CONTEXT() REPRESENTATION_CONTEXT('2D SPACE',''
  ) );
#4354 = PCURVE('',#4229,#4355);
#4355 = DEFINITIONAL_REPRESENTATION('',(#4356),#4360);
#4356 = LINE('',#4357,#4358);
#4357 = CARTESIAN_POINT('',(-2.426426502137,-3.252691193458));
#4358 = VECTOR('',#4359,1.);
#4359 = DIRECTION('',(-0.707106781187,0.707106781187));
#4360 = ( GEOMETRIC_REPRESENTATION_CONTEXT(2) 
PARAMETRIC_REPRESENTATION_CONTEXT() REPRESENTATION_CONTEXT('2D SPACE',''
  ) );
#4361 = ORIENTED_EDGE('',*,*,#4317,.T.);
#4362 = ORIENTED_EDGE('',*,*,#1954,.F.);
#4363 = ORIENTED_EDGE('',*,*,#4241,.F.);
#4364 = ADVANCED_FACE('',(#4365),#2463,.F.);
#4365 = FACE_BOUND('',#4366,.T.);
#4366 = EDGE_LOOP('',(#4367,#4388,#4389,#4390));
#4367 = ORIENTED_EDGE('',*,*,#4368,.F.);
#4368 = EDGE_CURVE('',#3229,#2448,#4369,.T.);
#4369 = SURFACE_CURVE('',#4370,(#4374,#4381),.PCURVE_S1.);
#4370 = LINE('',#4371,#4372);
#4371 = CARTESIAN_POINT('',(13.045584412272,-1.,40.220584512272));
#4372 = VECTOR('',#4373,1.);
#4373 = DIRECTION('',(-0.,1.,-0.));
#4374 = PCURVE('',#2463,#4375);
#4375 = DEFINITIONAL_REPRESENTATION('',(#4376),#4380);
#4376 = LINE('',#4377,#4378);
#4377 = CARTESIAN_POINT('',(-6.074873734153,-0.));
#4378 = VECTOR('',#4379,1.);
#4379 = DIRECTION('',(-0.,-1.));
#4380 = ( GEOMETRIC_REPRESENTATION_CONTEXT(2) 
PARAMETRIC_REPRESENTATION_CONTEXT() REPRESENTATION_CONTEXT('2D SPACE',''
  ) );
#4381 = PCURVE('',#2492,#4382);
#4382 = DEFINITIONAL_REPRESENTATION('',(#4383),#4387);
#4383 = LINE('',#4384,#4385);
#4384 = CARTESIAN_POINT('',(-0.,0.));
#4385 = VECTOR('',#4386,1.);
#4386 = DIRECTION('',(-0.,-1.));
#4387 = ( GEOMETRIC_REPRESENTATION_CONTEXT(2) 
PARAMETRIC_REPRESENTATION_CONTEXT() REPRESENTATION_CONTEXT('2D SPACE',''
  ) );
#4388 = ORIENTED_EDGE('',*,*,#3228,.T.);
#4389 = ORIENTED_EDGE('',*,*,#3642,.F.);
#4390 = ORIENTED_EDGE('',*,*,#2447,.F.);
#4391 = ADVANCED_FACE('',(#4392),#2605,.T.);
#4392 = FACE_BOUND('',#4393,.F.);
#4393 = EDGE_LOOP('',(#4394,#4395,#4416,#4417));
#4394 = ORIENTED_EDGE('',*,*,#2589,.F.);
#4395 = ORIENTED_EDGE('',*,*,#4396,.F.);
#4396 = EDGE_CURVE('',#3323,#2562,#4397,.T.);
#4397 = SURFACE_CURVE('',#4398,(#4402,#4409),.PCURVE_S1.);
#4398 = LINE('',#4399,#4400);
#4399 = CARTESIAN_POINT('',(7.833831175457,-0.5,43.6000001));
#4400 = VECTOR('',#4401,1.);
#4401 = DIRECTION('',(-0.,1.,-0.));
#4402 = PCURVE('',#2605,#4403);
#4403 = DEFINITIONAL_REPRESENTATION('',(#4404),#4408);
#4404 = LINE('',#4405,#4406);
#4405 = CARTESIAN_POINT('',(-78.46616882454,-0.5));
#4406 = VECTOR('',#4407,1.);
#4407 = DIRECTION('',(0.,1.));
#4408 = ( GEOMETRIC_REPRESENTATION_CONTEXT(2) 
PARAMETRIC_REPRESENTATION_CONTEXT() REPRESENTATION_CONTEXT('2D SPACE',''
  ) );
#4409 = PCURVE('',#2577,#4410);
#4410 = DEFINITIONAL_REPRESENTATION('',(#4411),#4415);
#4411 = LINE('',#4412,#4413);
#4412 = CARTESIAN_POINT('',(-4.779215357061,-0.5));
#4413 = VECTOR('',#4414,1.);
#4414 = DIRECTION('',(-0.,-1.));
#4415 = ( GEOMETRIC_REPRESENTATION_CONTEXT(2) 
PARAMETRIC_REPRESENTATION_CONTEXT() REPRESENTATION_CONTEXT('2D SPACE',''
  ) );
#4416 = ORIENTED_EDGE('',*,*,#3345,.T.);
#4417 = ORIENTED_EDGE('',*,*,#3178,.T.);
#4418 = ADVANCED_FACE('',(#4419),#2492,.F.);
#4419 = FACE_BOUND('',#4420,.T.);
#4420 = EDGE_LOOP('',(#4421,#4422,#4423,#4424));
#4421 = ORIENTED_EDGE('',*,*,#3251,.F.);
#4422 = ORIENTED_EDGE('',*,*,#4368,.T.);
#4423 = ORIENTED_EDGE('',*,*,#2475,.T.);
#4424 = ORIENTED_EDGE('',*,*,#4425,.F.);
#4425 = EDGE_CURVE('',#3252,#2476,#4426,.T.);
#4426 = SURFACE_CURVE('',#4427,(#4431,#4438),.PCURVE_S1.);
#4427 = LINE('',#4428,#4429);
#4428 = CARTESIAN_POINT('',(10.5,-1.,34.0750001));
#4429 = VECTOR('',#4430,1.);
#4430 = DIRECTION('',(-0.,1.,-0.));
#4431 = PCURVE('',#2492,#4432);
#4432 = DEFINITIONAL_REPRESENTATION('',(#4433),#4437);
#4433 = LINE('',#4434,#4435);
#4434 = CARTESIAN_POINT('',(-2.356194490192,0.));
#4435 = VECTOR('',#4436,1.);
#4436 = DIRECTION('',(-0.,-1.));
#4437 = ( GEOMETRIC_REPRESENTATION_CONTEXT(2) 
PARAMETRIC_REPRESENTATION_CONTEXT() REPRESENTATION_CONTEXT('2D SPACE',''
  ) );
#4438 = PCURVE('',#2520,#4439);
#4439 = DEFINITIONAL_REPRESENTATION('',(#4440),#4444);
#4440 = LINE('',#4441,#4442);
#4441 = CARTESIAN_POINT('',(-0.,-0.));
#4442 = VECTOR('',#4443,1.);
#4443 = DIRECTION('',(-0.,-1.));
#4444 = ( GEOMETRIC_REPRESENTATION_CONTEXT(2) 
PARAMETRIC_REPRESENTATION_CONTEXT() REPRESENTATION_CONTEXT('2D SPACE',''
  ) );
#4445 = ADVANCED_FACE('',(#4446),#2577,.F.);
#4446 = FACE_BOUND('',#4447,.T.);
#4447 = EDGE_LOOP('',(#4448,#4449,#4470,#4471));
#4448 = ORIENTED_EDGE('',*,*,#3322,.T.);
#4449 = ORIENTED_EDGE('',*,*,#4450,.T.);
#4450 = EDGE_CURVE('',#3299,#2533,#4451,.T.);
#4451 = SURFACE_CURVE('',#4452,(#4456,#4463),.PCURVE_S1.);
#4452 = LINE('',#4453,#4454);
#4453 = CARTESIAN_POINT('',(4.454415587728,-1.,40.220584512272));
#4454 = VECTOR('',#4455,1.);
#4455 = DIRECTION('',(-0.,1.,-0.));
#4456 = PCURVE('',#2577,#4457);
#4457 = DEFINITIONAL_REPRESENTATION('',(#4458),#4462);
#4458 = LINE('',#4459,#4460);
#4459 = CARTESIAN_POINT('',(-0.,-0.));
#4460 = VECTOR('',#4461,1.);
#4461 = DIRECTION('',(-0.,-1.));
#4462 = ( GEOMETRIC_REPRESENTATION_CONTEXT(2) 
PARAMETRIC_REPRESENTATION_CONTEXT() REPRESENTATION_CONTEXT('2D SPACE',''
  ) );
#4463 = PCURVE('',#2549,#4464);
#4464 = DEFINITIONAL_REPRESENTATION('',(#4465),#4469);
#4465 = LINE('',#4466,#4467);
#4466 = CARTESIAN_POINT('',(-2.356194490192,0.));
#4467 = VECTOR('',#4468,1.);
#4468 = DIRECTION('',(-0.,-1.));
#4469 = ( GEOMETRIC_REPRESENTATION_CONTEXT(2) 
PARAMETRIC_REPRESENTATION_CONTEXT() REPRESENTATION_CONTEXT('2D SPACE',''
  ) );
#4470 = ORIENTED_EDGE('',*,*,#2561,.F.);
#4471 = ORIENTED_EDGE('',*,*,#4396,.F.);
#4472 = ADVANCED_FACE('',(#4473),#2520,.F.);
#4473 = FACE_BOUND('',#4474,.T.);
#4474 = EDGE_LOOP('',(#4475,#4476,#4477,#4478));
#4475 = ORIENTED_EDGE('',*,*,#3275,.T.);
#4476 = ORIENTED_EDGE('',*,*,#4425,.T.);
#4477 = ORIENTED_EDGE('',*,*,#2504,.F.);
#4478 = ORIENTED_EDGE('',*,*,#4479,.F.);
#4479 = EDGE_CURVE('',#3276,#2505,#4480,.T.);
#4480 = SURFACE_CURVE('',#4481,(#4485,#4492),.PCURVE_S1.);
#4481 = LINE('',#4482,#4483);
#4482 = CARTESIAN_POINT('',(7.,-1.,34.0750001));
#4483 = VECTOR('',#4484,1.);
#4484 = DIRECTION('',(-0.,1.,-0.));
#4485 = PCURVE('',#2520,#4486);
#4486 = DEFINITIONAL_REPRESENTATION('',(#4487),#4491);
#4487 = LINE('',#4488,#4489);
#4488 = CARTESIAN_POINT('',(-3.5,0.));
#4489 = VECTOR('',#4490,1.);
#4490 = DIRECTION('',(-0.,-1.));
#4491 = ( GEOMETRIC_REPRESENTATION_CONTEXT(2) 
PARAMETRIC_REPRESENTATION_CONTEXT() REPRESENTATION_CONTEXT('2D SPACE',''
  ) );
#4492 = PCURVE('',#2549,#4493);
#4493 = DEFINITIONAL_REPRESENTATION('',(#4494),#4498);
#4494 = LINE('',#4495,#4496);
#4495 = CARTESIAN_POINT('',(-0.,0.));
#4496 = VECTOR('',#4497,1.);
#4497 = DIRECTION('',(-0.,-1.));
#4498 = ( GEOMETRIC_REPRESENTATION_CONTEXT(2) 
PARAMETRIC_REPRESENTATION_CONTEXT() REPRESENTATION_CONTEXT('2D SPACE',''
  ) );
#4499 = ADVANCED_FACE('',(#4500),#2549,.F.);
#4500 = FACE_BOUND('',#4501,.T.);
#4501 = EDGE_LOOP('',(#4502,#4503,#4504,#4505));
#4502 = ORIENTED_EDGE('',*,*,#3298,.F.);
#4503 = ORIENTED_EDGE('',*,*,#4479,.T.);
#4504 = ORIENTED_EDGE('',*,*,#2532,.T.);
#4505 = ORIENTED_EDGE('',*,*,#4450,.F.);
#4506 = ADVANCED_FACE('',(#4507),#2659,.F.);
#4507 = FACE_BOUND('',#4508,.T.);
#4508 = EDGE_LOOP('',(#4509,#4510,#4531,#4532));
#4509 = ORIENTED_EDGE('',*,*,#3487,.T.);
#4510 = ORIENTED_EDGE('',*,*,#4511,.T.);
#4511 = EDGE_CURVE('',#3490,#2644,#4512,.T.);
#4512 = SURFACE_CURVE('',#4513,(#4517,#4524),.PCURVE_S1.);
#4513 = LINE('',#4514,#4515);
#4514 = CARTESIAN_POINT('',(10.5,-1.,2.3250001));
#4515 = VECTOR('',#4516,1.);
#4516 = DIRECTION('',(-0.,1.,-0.));
#4517 = PCURVE('',#2659,#4518);
#4518 = DEFINITIONAL_REPRESENTATION('',(#4519),#4523);
#4519 = LINE('',#4520,#4521);
#4520 = CARTESIAN_POINT('',(-0.,-0.));
#4521 = VECTOR('',#4522,1.);
#4522 = DIRECTION('',(-0.,-1.));
#4523 = ( GEOMETRIC_REPRESENTATION_CONTEXT(2) 
PARAMETRIC_REPRESENTATION_CONTEXT() REPRESENTATION_CONTEXT('2D SPACE',''
  ) );
#4524 = PCURVE('',#2771,#4525);
#4525 = DEFINITIONAL_REPRESENTATION('',(#4526),#4530);
#4526 = LINE('',#4527,#4528);
#4527 = CARTESIAN_POINT('',(-2.356194490192,0.));
#4528 = VECTOR('',#4529,1.);
#4529 = DIRECTION('',(-0.,-1.));
#4530 = ( GEOMETRIC_REPRESENTATION_CONTEXT(2) 
PARAMETRIC_REPRESENTATION_CONTEXT() REPRESENTATION_CONTEXT('2D SPACE',''
  ) );
#4531 = ORIENTED_EDGE('',*,*,#2641,.F.);
#4532 = ORIENTED_EDGE('',*,*,#4533,.F.);
#4533 = EDGE_CURVE('',#3488,#2642,#4534,.T.);
#4534 = SURFACE_CURVE('',#4535,(#4539,#4546),.PCURVE_S1.);
#4535 = LINE('',#4536,#4537);
#4536 = CARTESIAN_POINT('',(7.,-1.,2.3250001));
#4537 = VECTOR('',#4538,1.);
#4538 = DIRECTION('',(-0.,1.,-0.));
#4539 = PCURVE('',#2659,#4540);
#4540 = DEFINITIONAL_REPRESENTATION('',(#4541),#4545);
#4541 = LINE('',#4542,#4543);
#4542 = CARTESIAN_POINT('',(-3.5,0.));
#4543 = VECTOR('',#4544,1.);
#4544 = DIRECTION('',(-0.,-1.));
#4545 = ( GEOMETRIC_REPRESENTATION_CONTEXT(2) 
PARAMETRIC_REPRESENTATION_CONTEXT() REPRESENTATION_CONTEXT('2D SPACE',''
  ) );
#4546 = PCURVE('',#2688,#4547);
#4547 = DEFINITIONAL_REPRESENTATION('',(#4548),#4552);
#4548 = LINE('',#4549,#4550);
#4549 = CARTESIAN_POINT('',(-0.,0.));
#4550 = VECTOR('',#4551,1.);
#4551 = DIRECTION('',(-0.,-1.));
#4552 = ( GEOMETRIC_REPRESENTATION_CONTEXT(2) 
PARAMETRIC_REPRESENTATION_CONTEXT() REPRESENTATION_CONTEXT('2D SPACE',''
  ) );
#4553 = ADVANCED_FACE('',(#4554),#2688,.F.);
#4554 = FACE_BOUND('',#4555,.T.);
#4555 = EDGE_LOOP('',(#4556,#4557,#4558,#4559));
#4556 = ORIENTED_EDGE('',*,*,#3512,.F.);
#4557 = ORIENTED_EDGE('',*,*,#4533,.T.);
#4558 = ORIENTED_EDGE('',*,*,#2671,.T.);
#4559 = ORIENTED_EDGE('',*,*,#4560,.F.);
#4560 = EDGE_CURVE('',#3513,#2672,#4561,.T.);
#4561 = SURFACE_CURVE('',#4562,(#4566,#4573),.PCURVE_S1.);
#4562 = LINE('',#4563,#4564);
#4563 = CARTESIAN_POINT('',(4.454415587728,-1.,8.470584512272));
#4564 = VECTOR('',#4565,1.);
#4565 = DIRECTION('',(-0.,1.,-0.));
#4566 = PCURVE('',#2688,#4567);
#4567 = DEFINITIONAL_REPRESENTATION('',(#4568),#4572);
#4568 = LINE('',#4569,#4570);
#4569 = CARTESIAN_POINT('',(-2.356194490192,0.));
#4570 = VECTOR('',#4571,1.);
#4571 = DIRECTION('',(-0.,-1.));
#4572 = ( GEOMETRIC_REPRESENTATION_CONTEXT(2) 
PARAMETRIC_REPRESENTATION_CONTEXT() REPRESENTATION_CONTEXT('2D SPACE',''
  ) );
#4573 = PCURVE('',#2716,#4574);
#4574 = DEFINITIONAL_REPRESENTATION('',(#4575),#4579);
#4575 = LINE('',#4576,#4577);
#4576 = CARTESIAN_POINT('',(-0.,-0.));
#4577 = VECTOR('',#4578,1.);
#4578 = DIRECTION('',(-0.,-1.));
#4579 = ( GEOMETRIC_REPRESENTATION_CONTEXT(2) 
PARAMETRIC_REPRESENTATION_CONTEXT() REPRESENTATION_CONTEXT('2D SPACE',''
  ) );
#4580 = ADVANCED_FACE('',(#4581),#2771,.F.);
#4581 = FACE_BOUND('',#4582,.T.);
#4582 = EDGE_LOOP('',(#4583,#4584,#4605,#4606));
#4583 = ORIENTED_EDGE('',*,*,#3582,.F.);
#4584 = ORIENTED_EDGE('',*,*,#4585,.T.);
#4585 = EDGE_CURVE('',#3560,#2729,#4586,.T.);
#4586 = SURFACE_CURVE('',#4587,(#4591,#4598),.PCURVE_S1.);
#4587 = LINE('',#4588,#4589);
#4588 = CARTESIAN_POINT('',(13.045584412272,-1.,8.470584512272));
#4589 = VECTOR('',#4590,1.);
#4590 = DIRECTION('',(-0.,1.,-0.));
#4591 = PCURVE('',#2771,#4592);
#4592 = DEFINITIONAL_REPRESENTATION('',(#4593),#4597);
#4593 = LINE('',#4594,#4595);
#4594 = CARTESIAN_POINT('',(-0.,0.));
#4595 = VECTOR('',#4596,1.);
#4596 = DIRECTION('',(-0.,-1.));
#4597 = ( GEOMETRIC_REPRESENTATION_CONTEXT(2) 
PARAMETRIC_REPRESENTATION_CONTEXT() REPRESENTATION_CONTEXT('2D SPACE',''
  ) );
#4598 = PCURVE('',#2744,#4599);
#4599 = DEFINITIONAL_REPRESENTATION('',(#4600),#4604);
#4600 = LINE('',#4601,#4602);
#4601 = CARTESIAN_POINT('',(-6.074873734153,-0.));
#4602 = VECTOR('',#4603,1.);
#4603 = DIRECTION('',(-0.,-1.));
#4604 = ( GEOMETRIC_REPRESENTATION_CONTEXT(2) 
PARAMETRIC_REPRESENTATION_CONTEXT() REPRESENTATION_CONTEXT('2D SPACE',''
  ) );
#4605 = ORIENTED_EDGE('',*,*,#2756,.T.);
#4606 = ORIENTED_EDGE('',*,*,#4511,.F.);
#4607 = ADVANCED_FACE('',(#4608),#2716,.F.);
#4608 = FACE_BOUND('',#4609,.T.);
#4609 = EDGE_LOOP('',(#4610,#4611,#4612,#4613));
#4610 = ORIENTED_EDGE('',*,*,#3536,.T.);
#4611 = ORIENTED_EDGE('',*,*,#4560,.T.);
#4612 = ORIENTED_EDGE('',*,*,#2700,.F.);
#4613 = ORIENTED_EDGE('',*,*,#4614,.F.);
#4614 = EDGE_CURVE('',#3537,#2701,#4615,.T.);
#4615 = SURFACE_CURVE('',#4616,(#4620,#4627),.PCURVE_S1.);
#4616 = LINE('',#4617,#4618);
#4617 = CARTESIAN_POINT('',(8.75,-1.,12.766168924543));
#4618 = VECTOR('',#4619,1.);
#4619 = DIRECTION('',(-0.,1.,-0.));
#4620 = PCURVE('',#2716,#4621);
#4621 = DEFINITIONAL_REPRESENTATION('',(#4622),#4626);
#4622 = LINE('',#4623,#4624);
#4623 = CARTESIAN_POINT('',(-6.074873734153,-0.));
#4624 = VECTOR('',#4625,1.);
#4625 = DIRECTION('',(-0.,-1.));
#4626 = ( GEOMETRIC_REPRESENTATION_CONTEXT(2) 
PARAMETRIC_REPRESENTATION_CONTEXT() REPRESENTATION_CONTEXT('2D SPACE',''
  ) );
#4627 = PCURVE('',#2744,#4628);
#4628 = DEFINITIONAL_REPRESENTATION('',(#4629),#4633);
#4629 = LINE('',#4630,#4631);
#4630 = CARTESIAN_POINT('',(-0.,0.));
#4631 = VECTOR('',#4632,1.);
#4632 = DIRECTION('',(-0.,-1.));
#4633 = ( GEOMETRIC_REPRESENTATION_CONTEXT(2) 
PARAMETRIC_REPRESENTATION_CONTEXT() REPRESENTATION_CONTEXT('2D SPACE',''
  ) );
#4634 = ADVANCED_FACE('',(#4635),#2744,.F.);
#4635 = FACE_BOUND('',#4636,.T.);
#4636 = EDGE_LOOP('',(#4637,#4638,#4639,#4640));
#4637 = ORIENTED_EDGE('',*,*,#3559,.T.);
#4638 = ORIENTED_EDGE('',*,*,#4614,.T.);
#4639 = ORIENTED_EDGE('',*,*,#2728,.F.);
#4640 = ORIENTED_EDGE('',*,*,#4585,.F.);
#4641 = ADVANCED_FACE('',(#4642),#2803,.F.);
#4642 = FACE_BOUND('',#4643,.T.);
#4643 = EDGE_LOOP('',(#4644,#4645,#4666,#4667));
#4644 = ORIENTED_EDGE('',*,*,#3417,.T.);
#4645 = ORIENTED_EDGE('',*,*,#4646,.T.);
#4646 = EDGE_CURVE('',#3394,#2788,#4647,.T.);
#4647 = SURFACE_CURVE('',#4648,(#4652,#4659),.PCURVE_S1.);
#4648 = LINE('',#4649,#4650);
#4649 = CARTESIAN_POINT('',(10.5,-1.,18.2000001));
#4650 = VECTOR('',#4651,1.);
#4651 = DIRECTION('',(-0.,1.,-0.));
#4652 = PCURVE('',#2803,#4653);
#4653 = DEFINITIONAL_REPRESENTATION('',(#4654),#4658);
#4654 = LINE('',#4655,#4656);
#4655 = CARTESIAN_POINT('',(-0.,-0.));
#4656 = VECTOR('',#4657,1.);
#4657 = DIRECTION('',(-0.,-1.));
#4658 = ( GEOMETRIC_REPRESENTATION_CONTEXT(2) 
PARAMETRIC_REPRESENTATION_CONTEXT() REPRESENTATION_CONTEXT('2D SPACE',''
  ) );
#4659 = PCURVE('',#2915,#4660);
#4660 = DEFINITIONAL_REPRESENTATION('',(#4661),#4665);
#4661 = LINE('',#4662,#4663);
#4662 = CARTESIAN_POINT('',(-2.356194490192,0.));
#4663 = VECTOR('',#4664,1.);
#4664 = DIRECTION('',(-0.,-1.));
#4665 = ( GEOMETRIC_REPRESENTATION_CONTEXT(2) 
PARAMETRIC_REPRESENTATION_CONTEXT() REPRESENTATION_CONTEXT('2D SPACE',''
  ) );
#4666 = ORIENTED_EDGE('',*,*,#2785,.F.);
#4667 = ORIENTED_EDGE('',*,*,#4668,.F.);
#4668 = EDGE_CURVE('',#3418,#2786,#4669,.T.);
#4669 = SURFACE_CURVE('',#4670,(#4674,#4681),.PCURVE_S1.);
#4670 = LINE('',#4671,#4672);
#4671 = CARTESIAN_POINT('',(7.,-1.,18.2000001));
#4672 = VECTOR('',#4673,1.);
#4673 = DIRECTION('',(-0.,1.,-0.));
#4674 = PCURVE('',#2803,#4675);
#4675 = DEFINITIONAL_REPRESENTATION('',(#4676),#4680);
#4676 = LINE('',#4677,#4678);
#4677 = CARTESIAN_POINT('',(-3.5,0.));
#4678 = VECTOR('',#4679,1.);
#4679 = DIRECTION('',(-0.,-1.));
#4680 = ( GEOMETRIC_REPRESENTATION_CONTEXT(2) 
PARAMETRIC_REPRESENTATION_CONTEXT() REPRESENTATION_CONTEXT('2D SPACE',''
  ) );
#4681 = PCURVE('',#2832,#4682);
#4682 = DEFINITIONAL_REPRESENTATION('',(#4683),#4687);
#4683 = LINE('',#4684,#4685);
#4684 = CARTESIAN_POINT('',(-0.,0.));
#4685 = VECTOR('',#4686,1.);
#4686 = DIRECTION('',(-0.,-1.));
#4687 = ( GEOMETRIC_REPRESENTATION_CONTEXT(2) 
PARAMETRIC_REPRESENTATION_CONTEXT() REPRESENTATION_CONTEXT('2D SPACE',''
  ) );
#4688 = ADVANCED_FACE('',(#4689),#2832,.F.);
#4689 = FACE_BOUND('',#4690,.T.);
#4690 = EDGE_LOOP('',(#4691,#4692,#4693,#4694));
#4691 = ORIENTED_EDGE('',*,*,#3440,.F.);
#4692 = ORIENTED_EDGE('',*,*,#4668,.T.);
#4693 = ORIENTED_EDGE('',*,*,#2815,.T.);
#4694 = ORIENTED_EDGE('',*,*,#4695,.F.);
#4695 = EDGE_CURVE('',#3441,#2816,#4696,.T.);
#4696 = SURFACE_CURVE('',#4697,(#4701,#4708),.PCURVE_S1.);
#4697 = LINE('',#4698,#4699);
#4698 = CARTESIAN_POINT('',(4.454415587728,-1.,24.345584512272));
#4699 = VECTOR('',#4700,1.);
#4700 = DIRECTION('',(-0.,1.,-0.));
#4701 = PCURVE('',#2832,#4702);
#4702 = DEFINITIONAL_REPRESENTATION('',(#4703),#4707);
#4703 = LINE('',#4704,#4705);
#4704 = CARTESIAN_POINT('',(-2.356194490192,0.));
#4705 = VECTOR('',#4706,1.);
#4706 = DIRECTION('',(-0.,-1.));
#4707 = ( GEOMETRIC_REPRESENTATION_CONTEXT(2) 
PARAMETRIC_REPRESENTATION_CONTEXT() REPRESENTATION_CONTEXT('2D SPACE',''
  ) );
#4708 = PCURVE('',#2860,#4709);
#4709 = DEFINITIONAL_REPRESENTATION('',(#4710),#4714);
#4710 = LINE('',#4711,#4712);
#4711 = CARTESIAN_POINT('',(-0.,-0.));
#4712 = VECTOR('',#4713,1.);
#4713 = DIRECTION('',(-0.,-1.));
#4714 = ( GEOMETRIC_REPRESENTATION_CONTEXT(2) 
PARAMETRIC_REPRESENTATION_CONTEXT() REPRESENTATION_CONTEXT('2D SPACE',''
  ) );
#4715 = ADVANCED_FACE('',(#4716),#2915,.F.);
#4716 = FACE_BOUND('',#4717,.T.);
#4717 = EDGE_LOOP('',(#4718,#4719,#4740,#4741));
#4718 = ORIENTED_EDGE('',*,*,#3393,.F.);
#4719 = ORIENTED_EDGE('',*,*,#4720,.T.);
#4720 = EDGE_CURVE('',#3369,#2873,#4721,.T.);
#4721 = SURFACE_CURVE('',#4722,(#4726,#4733),.PCURVE_S1.);
#4722 = LINE('',#4723,#4724);
#4723 = CARTESIAN_POINT('',(13.045584412272,-1.,24.345584512272));
#4724 = VECTOR('',#4725,1.);
#4725 = DIRECTION('',(-0.,1.,-0.));
#4726 = PCURVE('',#2915,#4727);
#4727 = DEFINITIONAL_REPRESENTATION('',(#4728),#4732);
#4728 = LINE('',#4729,#4730);
#4729 = CARTESIAN_POINT('',(-0.,0.));
#4730 = VECTOR('',#4731,1.);
#4731 = DIRECTION('',(-0.,-1.));
#4732 = ( GEOMETRIC_REPRESENTATION_CONTEXT(2) 
PARAMETRIC_REPRESENTATION_CONTEXT() REPRESENTATION_CONTEXT('2D SPACE',''
  ) );
#4733 = PCURVE('',#2888,#4734);
#4734 = DEFINITIONAL_REPRESENTATION('',(#4735),#4739);
#4735 = LINE('',#4736,#4737);
#4736 = CARTESIAN_POINT('',(-6.074873734153,-0.));
#4737 = VECTOR('',#4738,1.);
#4738 = DIRECTION('',(-0.,-1.));
#4739 = ( GEOMETRIC_REPRESENTATION_CONTEXT(2) 
PARAMETRIC_REPRESENTATION_CONTEXT() REPRESENTATION_CONTEXT('2D SPACE',''
  ) );
#4740 = ORIENTED_EDGE('',*,*,#2900,.T.);
#4741 = ORIENTED_EDGE('',*,*,#4646,.F.);
#4742 = ADVANCED_FACE('',(#4743),#2860,.F.);
#4743 = FACE_BOUND('',#4744,.T.);
#4744 = EDGE_LOOP('',(#4745,#4746,#4747,#4748));
#4745 = ORIENTED_EDGE('',*,*,#3464,.T.);
#4746 = ORIENTED_EDGE('',*,*,#4695,.T.);
#4747 = ORIENTED_EDGE('',*,*,#2844,.F.);
#4748 = ORIENTED_EDGE('',*,*,#4749,.F.);
#4749 = EDGE_CURVE('',#3371,#2845,#4750,.T.);
#4750 = SURFACE_CURVE('',#4751,(#4755,#4762),.PCURVE_S1.);
#4751 = LINE('',#4752,#4753);
#4752 = CARTESIAN_POINT('',(8.75,-1.,28.641168924543));
#4753 = VECTOR('',#4754,1.);
#4754 = DIRECTION('',(-0.,1.,-0.));
#4755 = PCURVE('',#2860,#4756);
#4756 = DEFINITIONAL_REPRESENTATION('',(#4757),#4761);
#4757 = LINE('',#4758,#4759);
#4758 = CARTESIAN_POINT('',(-6.074873734153,-0.));
#4759 = VECTOR('',#4760,1.);
#4760 = DIRECTION('',(-0.,-1.));
#4761 = ( GEOMETRIC_REPRESENTATION_CONTEXT(2) 
PARAMETRIC_REPRESENTATION_CONTEXT() REPRESENTATION_CONTEXT('2D SPACE',''
  ) );
#4762 = PCURVE('',#2888,#4763);
#4763 = DEFINITIONAL_REPRESENTATION('',(#4764),#4768);
#4764 = LINE('',#4765,#4766);
#4765 = CARTESIAN_POINT('',(-0.,0.));
#4766 = VECTOR('',#4767,1.);
#4767 = DIRECTION('',(-0.,-1.));
#4768 = ( GEOMETRIC_REPRESENTATION_CONTEXT(2) 
PARAMETRIC_REPRESENTATION_CONTEXT() REPRESENTATION_CONTEXT('2D SPACE',''
  ) );
#4769 = ADVANCED_FACE('',(#4770),#2888,.F.);
#4770 = FACE_BOUND('',#4771,.T.);
#4771 = EDGE_LOOP('',(#4772,#4773,#4774,#4775));
#4772 = ORIENTED_EDGE('',*,*,#3368,.T.);
#4773 = ORIENTED_EDGE('',*,*,#4749,.T.);
#4774 = ORIENTED_EDGE('',*,*,#2872,.F.);
#4775 = ORIENTED_EDGE('',*,*,#4720,.F.);
#4776 = ADVANCED_FACE('',(#4777),#2996,.T.);
#4777 = FACE_BOUND('',#4778,.F.);
#4778 = EDGE_LOOP('',(#4779,#4802,#4803,#4826));
#4779 = ORIENTED_EDGE('',*,*,#4780,.F.);
#4780 = EDGE_CURVE('',#2979,#4781,#4783,.T.);
#4781 = VERTEX_POINT('',#4782);
#4782 = CARTESIAN_POINT('',(83.3,58.338299064212,23.461701035788));
#4783 = SURFACE_CURVE('',#4784,(#4788,#4795),.PCURVE_S1.);
#4784 = LINE('',#4785,#4786);
#4785 = CARTESIAN_POINT('',(87.3,58.338299064212,23.461701035788));
#4786 = VECTOR('',#4787,1.);
#4787 = DIRECTION('',(-1.,-0.,-0.));
#4788 = PCURVE('',#2996,#4789);
#4789 = DEFINITIONAL_REPRESENTATION('',(#4790),#4794);
#4790 = LINE('',#4791,#4792);
#4791 = CARTESIAN_POINT('',(-2.35,0.));
#4792 = VECTOR('',#4793,1.);
#4793 = DIRECTION('',(-0.,-1.));
#4794 = ( GEOMETRIC_REPRESENTATION_CONTEXT(2) 
PARAMETRIC_REPRESENTATION_CONTEXT() REPRESENTATION_CONTEXT('2D SPACE',''
  ) );
#4795 = PCURVE('',#3051,#4796);
#4796 = DEFINITIONAL_REPRESENTATION('',(#4797),#4801);
#4797 = LINE('',#4798,#4799);
#4798 = CARTESIAN_POINT('',(0.,0.));
#4799 = VECTOR('',#4800,1.);
#4800 = DIRECTION('',(0.,-1.));
#4801 = ( GEOMETRIC_REPRESENTATION_CONTEXT(2) 
PARAMETRIC_REPRESENTATION_CONTEXT() REPRESENTATION_CONTEXT('2D SPACE',''
  ) );
#4802 = ORIENTED_EDGE('',*,*,#2978,.T.);
#4803 = ORIENTED_EDGE('',*,*,#4804,.T.);
#4804 = EDGE_CURVE('',#2981,#4805,#4807,.T.);
#4805 = VERTEX_POINT('',#4806);
#4806 = CARTESIAN_POINT('',(83.3,60.,25.123401971577));
#4807 = SURFACE_CURVE('',#4808,(#4812,#4819),.PCURVE_S1.);
#4808 = LINE('',#4809,#4810);
#4809 = CARTESIAN_POINT('',(87.3,60.,25.123401971577));
#4810 = VECTOR('',#4811,1.);
#4811 = DIRECTION('',(-1.,-0.,-0.));
#4812 = PCURVE('',#2996,#4813);
#4813 = DEFINITIONAL_REPRESENTATION('',(#4814),#4818);
#4814 = LINE('',#4815,#4816);
#4815 = CARTESIAN_POINT('',(0.,-0.));
#4816 = VECTOR('',#4817,1.);
#4817 = DIRECTION('',(-0.,-1.));
#4818 = ( GEOMETRIC_REPRESENTATION_CONTEXT(2) 
PARAMETRIC_REPRESENTATION_CONTEXT() REPRESENTATION_CONTEXT('2D SPACE',''
  ) );
#4819 = PCURVE('',#3024,#4820);
#4820 = DEFINITIONAL_REPRESENTATION('',(#4821),#4825);
#4821 = LINE('',#4822,#4823);
#4822 = CARTESIAN_POINT('',(-2.35,0.));
#4823 = VECTOR('',#4824,1.);
#4824 = DIRECTION('',(-0.,-1.));
#4825 = ( GEOMETRIC_REPRESENTATION_CONTEXT(2) 
PARAMETRIC_REPRESENTATION_CONTEXT() REPRESENTATION_CONTEXT('2D SPACE',''
  ) );
#4826 = ORIENTED_EDGE('',*,*,#4827,.T.);
#4827 = EDGE_CURVE('',#4805,#4781,#4828,.T.);
#4828 = SURFACE_CURVE('',#4829,(#4833,#4840),.PCURVE_S1.);
#4829 = LINE('',#4830,#4831);
#4830 = CARTESIAN_POINT('',(83.3,59.375715704936,24.499117676513));
#4831 = VECTOR('',#4832,1.);
#4832 = DIRECTION('',(-0.,-0.707106781187,-0.707106781187));
#4833 = PCURVE('',#2996,#4834);
#4834 = DEFINITIONAL_REPRESENTATION('',(#4835),#4839);
#4835 = LINE('',#4836,#4837);
#4836 = CARTESIAN_POINT('',(-0.882871316856,-4.));
#4837 = VECTOR('',#4838,1.);
#4838 = DIRECTION('',(-1.,0.));
#4839 = ( GEOMETRIC_REPRESENTATION_CONTEXT(2) 
PARAMETRIC_REPRESENTATION_CONTEXT() REPRESENTATION_CONTEXT('2D SPACE',''
  ) );
#4840 = PCURVE('',#4040,#4841);
#4841 = DEFINITIONAL_REPRESENTATION('',(#4842),#4846);
#4842 = LINE('',#4843,#4844);
#4843 = CARTESIAN_POINT('',(-1.872852885191,0.624284295064));
#4844 = VECTOR('',#4845,1.);
#4845 = DIRECTION('',(0.707106781187,0.707106781187));
#4846 = ( GEOMETRIC_REPRESENTATION_CONTEXT(2) 
PARAMETRIC_REPRESENTATION_CONTEXT() REPRESENTATION_CONTEXT('2D SPACE',''
  ) );
#4847 = ADVANCED_FACE('',(#4848),#3051,.F.);
#4848 = FACE_BOUND('',#4849,.F.);
#4849 = EDGE_LOOP('',(#4850,#4873,#4874,#4875));
#4850 = ORIENTED_EDGE('',*,*,#4851,.F.);
#4851 = EDGE_CURVE('',#3009,#4852,#4854,.T.);
#4852 = VERTEX_POINT('',#4853);
#4853 = CARTESIAN_POINT('',(83.3,61.661700935788,23.461701035788));
#4854 = SURFACE_CURVE('',#4855,(#4859,#4866),.PCURVE_S1.);
#4855 = LINE('',#4856,#4857);
#4856 = CARTESIAN_POINT('',(87.3,61.661700935788,23.461701035788));
#4857 = VECTOR('',#4858,1.);
#4858 = DIRECTION('',(-1.,-0.,-0.));
#4859 = PCURVE('',#3051,#4860);
#4860 = DEFINITIONAL_REPRESENTATION('',(#4861),#4865);
#4861 = LINE('',#4862,#4863);
#4862 = CARTESIAN_POINT('',(4.712388980385,0.));
#4863 = VECTOR('',#4864,1.);
#4864 = DIRECTION('',(0.,-1.));
#4865 = ( GEOMETRIC_REPRESENTATION_CONTEXT(2) 
PARAMETRIC_REPRESENTATION_CONTEXT() REPRESENTATION_CONTEXT('2D SPACE',''
  ) );
#4866 = PCURVE('',#3024,#4867);
#4867 = DEFINITIONAL_REPRESENTATION('',(#4868),#4872);
#4868 = LINE('',#4869,#4870);
#4869 = CARTESIAN_POINT('',(-0.,0.));
#4870 = VECTOR('',#4871,1.);
#4871 = DIRECTION('',(-0.,-1.));
#4872 = ( GEOMETRIC_REPRESENTATION_CONTEXT(2) 
PARAMETRIC_REPRESENTATION_CONTEXT() REPRESENTATION_CONTEXT('2D SPACE',''
  ) );
#4873 = ORIENTED_EDGE('',*,*,#3036,.T.);
#4874 = ORIENTED_EDGE('',*,*,#4780,.T.);
#4875 = ORIENTED_EDGE('',*,*,#4876,.F.);
#4876 = EDGE_CURVE('',#4852,#4781,#4877,.T.);
#4877 = SURFACE_CURVE('',#4878,(#4883,#4890),.PCURVE_S1.);
#4878 = CIRCLE('',#4879,2.35);
#4879 = AXIS2_PLACEMENT_3D('',#4880,#4881,#4882);
#4880 = CARTESIAN_POINT('',(83.3,60.,21.8000001));
#4881 = DIRECTION('',(-1.,0.,-0.));
#4882 = DIRECTION('',(-0.,-0.707106781187,0.707106781187));
#4883 = PCURVE('',#3051,#4884);
#4884 = DEFINITIONAL_REPRESENTATION('',(#4885),#4889);
#4885 = LINE('',#4886,#4887);
#4886 = CARTESIAN_POINT('',(6.28318530718,-4.));
#4887 = VECTOR('',#4888,1.);
#4888 = DIRECTION('',(-1.,0.));
#4889 = ( GEOMETRIC_REPRESENTATION_CONTEXT(2) 
PARAMETRIC_REPRESENTATION_CONTEXT() REPRESENTATION_CONTEXT('2D SPACE',''
  ) );
#4890 = PCURVE('',#4040,#4891);
#4891 = DEFINITIONAL_REPRESENTATION('',(#4892),#4896);
#4892 = CIRCLE('',#4893,2.35);
#4893 = AXIS2_PLACEMENT_2D('',#4894,#4895);
#4894 = CARTESIAN_POINT('',(0.826264691322,0.));
#4895 = DIRECTION('',(-0.707106781187,0.707106781187));
#4896 = ( GEOMETRIC_REPRESENTATION_CONTEXT(2) 
PARAMETRIC_REPRESENTATION_CONTEXT() REPRESENTATION_CONTEXT('2D SPACE',''
  ) );
#4897 = ADVANCED_FACE('',(#4898),#3024,.T.);
#4898 = FACE_BOUND('',#4899,.F.);
#4899 = EDGE_LOOP('',(#4900,#4901,#4902,#4903));
#4900 = ORIENTED_EDGE('',*,*,#4804,.F.);
#4901 = ORIENTED_EDGE('',*,*,#3008,.T.);
#4902 = ORIENTED_EDGE('',*,*,#4851,.T.);
#4903 = ORIENTED_EDGE('',*,*,#4904,.T.);
#4904 = EDGE_CURVE('',#4852,#4805,#4905,.T.);
#4905 = SURFACE_CURVE('',#4906,(#4910,#4917),.PCURVE_S1.);
#4906 = LINE('',#4907,#4908);
#4907 = CARTESIAN_POINT('',(83.3,61.455134762958,23.668267208619));
#4908 = VECTOR('',#4909,1.);
#4909 = DIRECTION('',(-0.,-0.707106781187,0.707106781187));
#4910 = PCURVE('',#3024,#4911);
#4911 = DEFINITIONAL_REPRESENTATION('',(#4912),#4916);
#4912 = LINE('',#4913,#4914);
#4913 = CARTESIAN_POINT('',(-0.292128683144,-4.));
#4914 = VECTOR('',#4915,1.);
#4915 = DIRECTION('',(-1.,0.));
#4916 = ( GEOMETRIC_REPRESENTATION_CONTEXT(2) 
PARAMETRIC_REPRESENTATION_CONTEXT() REPRESENTATION_CONTEXT('2D SPACE',''
  ) );
#4917 = PCURVE('',#4040,#4918);
#4918 = DEFINITIONAL_REPRESENTATION('',(#4919),#4923);
#4919 = LINE('',#4920,#4921);
#4920 = CARTESIAN_POINT('',(-1.042002417297,-1.455134762958));
#4921 = VECTOR('',#4922,1.);
#4922 = DIRECTION('',(-0.707106781187,0.707106781187));
#4923 = ( GEOMETRIC_REPRESENTATION_CONTEXT(2) 
PARAMETRIC_REPRESENTATION_CONTEXT() REPRESENTATION_CONTEXT('2D SPACE',''
  ) );
#4924 = ADVANCED_FACE('',(#4925),#3083,.T.);
#4925 = FACE_BOUND('',#4926,.F.);
#4926 = EDGE_LOOP('',(#4927,#4950,#4951,#4974));
#4927 = ORIENTED_EDGE('',*,*,#4928,.F.);
#4928 = EDGE_CURVE('',#3066,#4929,#4931,.T.);
#4929 = VERTEX_POINT('',#4930);
#4930 = CARTESIAN_POINT('',(83.3,18.338299064212,23.461701035788));
#4931 = SURFACE_CURVE('',#4932,(#4936,#4943),.PCURVE_S1.);
#4932 = LINE('',#4933,#4934);
#4933 = CARTESIAN_POINT('',(87.3,18.338299064212,23.461701035788));
#4934 = VECTOR('',#4935,1.);
#4935 = DIRECTION('',(-1.,-0.,-0.));
#4936 = PCURVE('',#3083,#4937);
#4937 = DEFINITIONAL_REPRESENTATION('',(#4938),#4942);
#4938 = LINE('',#4939,#4940);
#4939 = CARTESIAN_POINT('',(-2.35,0.));
#4940 = VECTOR('',#4941,1.);
#4941 = DIRECTION('',(-0.,-1.));
#4942 = ( GEOMETRIC_REPRESENTATION_CONTEXT(2) 
PARAMETRIC_REPRESENTATION_CONTEXT() REPRESENTATION_CONTEXT('2D SPACE',''
  ) );
#4943 = PCURVE('',#3138,#4944);
#4944 = DEFINITIONAL_REPRESENTATION('',(#4945),#4949);
#4945 = LINE('',#4946,#4947);
#4946 = CARTESIAN_POINT('',(0.,0.));
#4947 = VECTOR('',#4948,1.);
#4948 = DIRECTION('',(0.,-1.));
#4949 = ( GEOMETRIC_REPRESENTATION_CONTEXT(2) 
PARAMETRIC_REPRESENTATION_CONTEXT() REPRESENTATION_CONTEXT('2D SPACE',''
  ) );
#4950 = ORIENTED_EDGE('',*,*,#3065,.T.);
#4951 = ORIENTED_EDGE('',*,*,#4952,.T.);
#4952 = EDGE_CURVE('',#3068,#4953,#4955,.T.);
#4953 = VERTEX_POINT('',#4954);
#4954 = CARTESIAN_POINT('',(83.3,20.,25.123401971577));
#4955 = SURFACE_CURVE('',#4956,(#4960,#4967),.PCURVE_S1.);
#4956 = LINE('',#4957,#4958);
#4957 = CARTESIAN_POINT('',(87.3,20.,25.123401971577));
#4958 = VECTOR('',#4959,1.);
#4959 = DIRECTION('',(-1.,-0.,-0.));
#4960 = PCURVE('',#3083,#4961);
#4961 = DEFINITIONAL_REPRESENTATION('',(#4962),#4966);
#4962 = LINE('',#4963,#4964);
#4963 = CARTESIAN_POINT('',(0.,-0.));
#4964 = VECTOR('',#4965,1.);
#4965 = DIRECTION('',(-0.,-1.));
#4966 = ( GEOMETRIC_REPRESENTATION_CONTEXT(2) 
PARAMETRIC_REPRESENTATION_CONTEXT() REPRESENTATION_CONTEXT('2D SPACE',''
  ) );
#4967 = PCURVE('',#3111,#4968);
#4968 = DEFINITIONAL_REPRESENTATION('',(#4969),#4973);
#4969 = LINE('',#4970,#4971);
#4970 = CARTESIAN_POINT('',(-2.35,0.));
#4971 = VECTOR('',#4972,1.);
#4972 = DIRECTION('',(-0.,-1.));
#4973 = ( GEOMETRIC_REPRESENTATION_CONTEXT(2) 
PARAMETRIC_REPRESENTATION_CONTEXT() REPRESENTATION_CONTEXT('2D SPACE',''
  ) );
#4974 = ORIENTED_EDGE('',*,*,#4975,.T.);
#4975 = EDGE_CURVE('',#4953,#4929,#4976,.T.);
#4976 = SURFACE_CURVE('',#4977,(#4981,#4988),.PCURVE_S1.);
#4977 = LINE('',#4978,#4979);
#4978 = CARTESIAN_POINT('',(83.3,19.375715704936,24.499117676513));
#4979 = VECTOR('',#4980,1.);
#4980 = DIRECTION('',(-0.,-0.707106781187,-0.707106781187));
#4981 = PCURVE('',#3083,#4982);
#4982 = DEFINITIONAL_REPRESENTATION('',(#4983),#4987);
#4983 = LINE('',#4984,#4985);
#4984 = CARTESIAN_POINT('',(-0.882871316856,-4.));
#4985 = VECTOR('',#4986,1.);
#4986 = DIRECTION('',(-1.,0.));
#4987 = ( GEOMETRIC_REPRESENTATION_CONTEXT(2) 
PARAMETRIC_REPRESENTATION_CONTEXT() REPRESENTATION_CONTEXT('2D SPACE',''
  ) );
#4988 = PCURVE('',#4229,#4989);
#4989 = DEFINITIONAL_REPRESENTATION('',(#4990),#4994);
#4990 = LINE('',#4991,#4992);
#4991 = CARTESIAN_POINT('',(-1.872852885191,0.624284295064));
#4992 = VECTOR('',#4993,1.);
#4993 = DIRECTION('',(0.707106781187,0.707106781187));
#4994 = ( GEOMETRIC_REPRESENTATION_CONTEXT(2) 
PARAMETRIC_REPRESENTATION_CONTEXT() REPRESENTATION_CONTEXT('2D SPACE',''
  ) );
#4995 = ADVANCED_FACE('',(#4996),#3138,.F.);
#4996 = FACE_BOUND('',#4997,.F.);
#4997 = EDGE_LOOP('',(#4998,#5021,#5022,#5023));
#4998 = ORIENTED_EDGE('',*,*,#4999,.F.);
#4999 = EDGE_CURVE('',#3096,#5000,#5002,.T.);
#5000 = VERTEX_POINT('',#5001);
#5001 = CARTESIAN_POINT('',(83.3,21.661700935788,23.461701035788));
#5002 = SURFACE_CURVE('',#5003,(#5007,#5014),.PCURVE_S1.);
#5003 = LINE('',#5004,#5005);
#5004 = CARTESIAN_POINT('',(87.3,21.661700935788,23.461701035788));
#5005 = VECTOR('',#5006,1.);
#5006 = DIRECTION('',(-1.,-0.,-0.));
#5007 = PCURVE('',#3138,#5008);
#5008 = DEFINITIONAL_REPRESENTATION('',(#5009),#5013);
#5009 = LINE('',#5010,#5011);
#5010 = CARTESIAN_POINT('',(4.712388980385,0.));
#5011 = VECTOR('',#5012,1.);
#5012 = DIRECTION('',(0.,-1.));
#5013 = ( GEOMETRIC_REPRESENTATION_CONTEXT(2) 
PARAMETRIC_REPRESENTATION_CONTEXT() REPRESENTATION_CONTEXT('2D SPACE',''
  ) );
#5014 = PCURVE('',#3111,#5015);
#5015 = DEFINITIONAL_REPRESENTATION('',(#5016),#5020);
#5016 = LINE('',#5017,#5018);
#5017 = CARTESIAN_POINT('',(-0.,0.));
#5018 = VECTOR('',#5019,1.);
#5019 = DIRECTION('',(-0.,-1.));
#5020 = ( GEOMETRIC_REPRESENTATION_CONTEXT(2) 
PARAMETRIC_REPRESENTATION_CONTEXT() REPRESENTATION_CONTEXT('2D SPACE',''
  ) );
#5021 = ORIENTED_EDGE('',*,*,#3123,.T.);
#5022 = ORIENTED_EDGE('',*,*,#4928,.T.);
#5023 = ORIENTED_EDGE('',*,*,#5024,.F.);
#5024 = EDGE_CURVE('',#5000,#4929,#5025,.T.);
#5025 = SURFACE_CURVE('',#5026,(#5031,#5038),.PCURVE_S1.);
#5026 = CIRCLE('',#5027,2.35);
#5027 = AXIS2_PLACEMENT_3D('',#5028,#5029,#5030);
#5028 = CARTESIAN_POINT('',(83.3,20.,21.8000001));
#5029 = DIRECTION('',(-1.,0.,-0.));
#5030 = DIRECTION('',(-0.,-0.707106781187,0.707106781187));
#5031 = PCURVE('',#3138,#5032);
#5032 = DEFINITIONAL_REPRESENTATION('',(#5033),#5037);
#5033 = LINE('',#5034,#5035);
#5034 = CARTESIAN_POINT('',(6.28318530718,-4.));
#5035 = VECTOR('',#5036,1.);
#5036 = DIRECTION('',(-1.,0.));
#5037 = ( GEOMETRIC_REPRESENTATION_CONTEXT(2) 
PARAMETRIC_REPRESENTATION_CONTEXT() REPRESENTATION_CONTEXT('2D SPACE',''
  ) );
#5038 = PCURVE('',#4229,#5039);
#5039 = DEFINITIONAL_REPRESENTATION('',(#5040),#5044);
#5040 = CIRCLE('',#5041,2.35);
#5041 = AXIS2_PLACEMENT_2D('',#5042,#5043);
#5042 = CARTESIAN_POINT('',(0.826264691322,-3.552713678801E-15));
#5043 = DIRECTION('',(-0.707106781187,0.707106781187));
#5044 = ( GEOMETRIC_REPRESENTATION_CONTEXT(2) 
PARAMETRIC_REPRESENTATION_CONTEXT() REPRESENTATION_CONTEXT('2D SPACE',''
  ) );
#5045 = ADVANCED_FACE('',(#5046),#3111,.T.);
#5046 = FACE_BOUND('',#5047,.F.);
#5047 = EDGE_LOOP('',(#5048,#5049,#5050,#5051));
#5048 = ORIENTED_EDGE('',*,*,#4952,.F.);
#5049 = ORIENTED_EDGE('',*,*,#3095,.T.);
#5050 = ORIENTED_EDGE('',*,*,#4999,.T.);
#5051 = ORIENTED_EDGE('',*,*,#5052,.T.);
#5052 = EDGE_CURVE('',#5000,#4953,#5053,.T.);
#5053 = SURFACE_CURVE('',#5054,(#5058,#5065),.PCURVE_S1.);
#5054 = LINE('',#5055,#5056);
#5055 = CARTESIAN_POINT('',(83.3,21.455134762958,23.668267208619));
#5056 = VECTOR('',#5057,1.);
#5057 = DIRECTION('',(-0.,-0.707106781187,0.707106781187));
#5058 = PCURVE('',#3111,#5059);
#5059 = DEFINITIONAL_REPRESENTATION('',(#5060),#5064);
#5060 = LINE('',#5061,#5062);
#5061 = CARTESIAN_POINT('',(-0.292128683144,-4.));
#5062 = VECTOR('',#5063,1.);
#5063 = DIRECTION('',(-1.,0.));
#5064 = ( GEOMETRIC_REPRESENTATION_CONTEXT(2) 
PARAMETRIC_REPRESENTATION_CONTEXT() REPRESENTATION_CONTEXT('2D SPACE',''
  ) );
#5065 = PCURVE('',#4229,#5066);
#5066 = DEFINITIONAL_REPRESENTATION('',(#5067),#5071);
#5067 = LINE('',#5068,#5069);
#5068 = CARTESIAN_POINT('',(-1.042002417297,-1.455134762958));
#5069 = VECTOR('',#5070,1.);
#5070 = DIRECTION('',(-0.707106781187,0.707106781187));
#5071 = ( GEOMETRIC_REPRESENTATION_CONTEXT(2) 
PARAMETRIC_REPRESENTATION_CONTEXT() REPRESENTATION_CONTEXT('2D SPACE',''
  ) );
#5072 = ADVANCED_FACE('',(#5073,#5078),#4040,.T.);
#5073 = FACE_BOUND('',#5074,.F.);
#5074 = EDGE_LOOP('',(#5075,#5076,#5077));
#5075 = ORIENTED_EDGE('',*,*,#4183,.T.);
#5076 = ORIENTED_EDGE('',*,*,#4134,.T.);
#5077 = ORIENTED_EDGE('',*,*,#4021,.T.);
#5078 = FACE_BOUND('',#5079,.F.);
#5079 = EDGE_LOOP('',(#5080,#5081,#5082));
#5080 = ORIENTED_EDGE('',*,*,#4904,.F.);
#5081 = ORIENTED_EDGE('',*,*,#4876,.T.);
#5082 = ORIENTED_EDGE('',*,*,#4827,.F.);
#5083 = ADVANCED_FACE('',(#5084,#5089),#4229,.T.);
#5084 = FACE_BOUND('',#5085,.F.);
#5085 = EDGE_LOOP('',(#5086,#5087,#5088));
#5086 = ORIENTED_EDGE('',*,*,#4341,.T.);
#5087 = ORIENTED_EDGE('',*,*,#4211,.T.);
#5088 = ORIENTED_EDGE('',*,*,#4287,.T.);
#5089 = FACE_BOUND('',#5090,.F.);
#5090 = EDGE_LOOP('',(#5091,#5092,#5093));
#5091 = ORIENTED_EDGE('',*,*,#4975,.F.);
#5092 = ORIENTED_EDGE('',*,*,#5052,.F.);
#5093 = ORIENTED_EDGE('',*,*,#5024,.T.);
#5094 = ( GEOMETRIC_REPRESENTATION_CONTEXT(3) 
GLOBAL_UNCERTAINTY_ASSIGNED_CONTEXT((#5098)) 
GLOBAL_UNIT_ASSIGNED_CONTEXT((#5095,#5096,#5097)) REPRESENTATION_CONTEXT
('Context #1','3D Context with UNIT and UNCERTAINTY') );
#5095 = ( LENGTH_UNIT() NAMED_UNIT(*) SI_UNIT(.MILLI.,.METRE.) );
#5096 = ( NAMED_UNIT(*) PLANE_ANGLE_UNIT() SI_UNIT($,.RADIAN.) );
#5097 = ( NAMED_UNIT(*) SI_UNIT($,.STERADIAN.) SOLID_ANGLE_UNIT() );
#5098 = UNCERTAINTY_MEASURE_WITH_UNIT(LENGTH_MEASURE(1.E-05),#5095,
  'distance_accuracy_value','confusion accuracy');
#5099 = PRODUCT_RELATED_PRODUCT_CATEGORY('part',$,(#7));
ENDSEC;
END-ISO-10303-21;
