ISO-10303-21;
HEADER;
FILE_DESCRIPTION(('Open CASCADE Model'),'2;1');
FILE_NAME('Open CASCADE Shape Model','2026-10-05T23:21:29',('Author'),(
    'Open CASCADE'),'Open CASCADE STEP processor 7.9','Open CASCADE 7.9'
  ,'Unknown');
FILE_SCHEMA(('AUTOMOTIVE_DESIGN { 1 0 10303 214 1 1 1 1 }'));
ENDSEC;
DATA;
#1 = APPLICATION_PROTOCOL_DEFINITION('international standard',
  'automotive_design',2000,#2);
#2 = APPLICATION_CONTEXT(
  'core data for automotive mechanical design processes');
#3 = SHAPE_DEFINITION_REPRESENTATION(#4,#10);
#4 = PRODUCT_DEFINITION_SHAPE('','',#5);
#5 = PRODUCT_DEFINITION('design','',#6,#9);
#6 = PRODUCT_DEFINITION_FORMATION('','',#7);
#7 = PRODUCT('Open CASCADE STEP translator 7.9 1',
  'Open CASCADE STEP translator 7.9 1','',(#8));
#8 = PRODUCT_CONTEXT('',#2,'mechanical');
#9 = PRODUCT_DEFINITION_CONTEXT('part definition',#2,'design');
#10 = ADVANCED_BREP_SHAPE_REPRESENTATION('',(#11,#15),#4368);
#11 = AXIS2_PLACEMENT_3D('',#12,#13,#14);
#12 = CARTESIAN_POINT('',(0.,0.,0.));
#13 = DIRECTION('',(0.,0.,1.));
#14 = DIRECTION('',(1.,0.,-0.));
#15 = MANIFOLD_SOLID_BREP('',#16);
#16 = CLOSED_SHELL('',(#17,#401,#677,#948,#998,#1267,#1294,#1829,#1883,
    #1932,#1978,#2420,#2644,#2867,#2894,#3051,#3128,#3177,#3233,#3270,
    #3346,#3396,#3423,#3495,#3523,#3550,#3559,#3606,#3633,#3640,#3667,
    #3694,#3721,#3746,#3773,#3780,#3827,#3854,#3881,#3908,#3915,#3962,
    #3989,#4016,#4043,#4050,#4119,#4173,#4198,#4267,#4321,#4346,#4357));
#17 = ADVANCED_FACE('',(#18,#171),#32,.F.);
#18 = FACE_BOUND('',#19,.F.);
#19 = EDGE_LOOP('',(#20,#55,#88,#116,#144));
#20 = ORIENTED_EDGE('',*,*,#21,.T.);
#21 = EDGE_CURVE('',#22,#24,#26,.T.);
#22 = VERTEX_POINT('',#23);
#23 = CARTESIAN_POINT('',(160.,12.,0.2));
#24 = VERTEX_POINT('',#25);
#25 = CARTESIAN_POINT('',(160.,62.15648580802,0.2));
#26 = SURFACE_CURVE('',#27,(#31,#43),.PCURVE_S1.);
#27 = LINE('',#28,#29);
#28 = CARTESIAN_POINT('',(160.,0.,0.2));
#29 = VECTOR('',#30,1.);
#30 = DIRECTION('',(0.,1.,0.));
#31 = PCURVE('',#32,#37);
#32 = PLANE('',#33);
#33 = AXIS2_PLACEMENT_3D('',#34,#35,#36);
#34 = CARTESIAN_POINT('',(155.,0.,0.2));
#35 = DIRECTION('',(0.,0.,1.));
#36 = DIRECTION('',(1.,0.,0.));
#37 = DEFINITIONAL_REPRESENTATION('',(#38),#42);
#38 = LINE('',#39,#40);
#39 = CARTESIAN_POINT('',(5.,0.));
#40 = VECTOR('',#41,1.);
#41 = DIRECTION('',(0.,1.));
#42 = ( GEOMETRIC_REPRESENTATION_CONTEXT(2) 
PARAMETRIC_REPRESENTATION_CONTEXT() REPRESENTATION_CONTEXT('2D SPACE',''
  ) );
#43 = PCURVE('',#44,#49);
#44 = PLANE('',#45);
#45 = AXIS2_PLACEMENT_3D('',#46,#47,#48);
#46 = CARTESIAN_POINT('',(160.,0.,0.2));
#47 = DIRECTION('',(1.,0.,0.));
#48 = DIRECTION('',(0.,0.,1.));
#49 = DEFINITIONAL_REPRESENTATION('',(#50),#54);
#50 = LINE('',#51,#52);
#51 = CARTESIAN_POINT('',(0.,0.));
#52 = VECTOR('',#53,1.);
#53 = DIRECTION('',(0.,-1.));
#54 = ( GEOMETRIC_REPRESENTATION_CONTEXT(2) 
PARAMETRIC_REPRESENTATION_CONTEXT() REPRESENTATION_CONTEXT('2D SPACE',''
  ) );
#55 = ORIENTED_EDGE('',*,*,#56,.T.);
#56 = EDGE_CURVE('',#24,#57,#59,.T.);
#57 = VERTEX_POINT('',#58);
#58 = CARTESIAN_POINT('',(163.48561214447,63.495499085094,0.2));
#59 = SURFACE_CURVE('',#60,(#65,#76),.PCURVE_S1.);
#60 = CIRCLE('',#61,2.);
#61 = AXIS2_PLACEMENT_3D('',#62,#63,#64);
#62 = CARTESIAN_POINT('',(162.,62.15648580802,0.2));
#63 = DIRECTION('',(0.,0.,-1.));
#64 = DIRECTION('',(0.,1.,0.));
#65 = PCURVE('',#32,#66);
#66 = DEFINITIONAL_REPRESENTATION('',(#67),#75);
#67 = ( BOUNDED_CURVE() B_SPLINE_CURVE(2,(#68,#69,#70,#71,#72,#73,#74),
.UNSPECIFIED.,.T.,.F.) B_SPLINE_CURVE_WITH_KNOTS((1,2,2,2,2,1),(
    -2.094395102393,0.,2.094395102393,4.188790204786,6.28318530718,
8.377580409573),.UNSPECIFIED.) CURVE() GEOMETRIC_REPRESENTATION_ITEM() 
RATIONAL_B_SPLINE_CURVE((1.,0.5,1.,0.5,1.,0.5,1.)) REPRESENTATION_ITEM(
  '') );
#68 = CARTESIAN_POINT('',(7.,64.15648580802));
#69 = CARTESIAN_POINT('',(10.464101615138,64.15648580802));
#70 = CARTESIAN_POINT('',(8.732050807569,61.15648580802));
#71 = CARTESIAN_POINT('',(7.,58.15648580802));
#72 = CARTESIAN_POINT('',(5.267949192431,61.15648580802));
#73 = CARTESIAN_POINT('',(3.535898384862,64.15648580802));
#74 = CARTESIAN_POINT('',(7.,64.15648580802));
#75 = ( GEOMETRIC_REPRESENTATION_CONTEXT(2) 
PARAMETRIC_REPRESENTATION_CONTEXT() REPRESENTATION_CONTEXT('2D SPACE',''
  ) );
#76 = PCURVE('',#77,#82);
#77 = CYLINDRICAL_SURFACE('',#78,2.);
#78 = AXIS2_PLACEMENT_3D('',#79,#80,#81);
#79 = CARTESIAN_POINT('',(162.,62.15648580802,43.8));
#80 = DIRECTION('',(0.,-0.,-1.));
#81 = DIRECTION('',(-1.,-0.,0.));
#82 = DEFINITIONAL_REPRESENTATION('',(#83),#87);
#83 = LINE('',#84,#85);
#84 = CARTESIAN_POINT('',(-4.712388980385,43.6));
#85 = VECTOR('',#86,1.);
#86 = DIRECTION('',(1.,0.));
#87 = ( GEOMETRIC_REPRESENTATION_CONTEXT(2) 
PARAMETRIC_REPRESENTATION_CONTEXT() REPRESENTATION_CONTEXT('2D SPACE',''
  ) );
#88 = ORIENTED_EDGE('',*,*,#89,.F.);
#89 = EDGE_CURVE('',#90,#57,#92,.T.);
#90 = VERTEX_POINT('',#91);
#91 = CARTESIAN_POINT('',(215.30750720174,6.,0.2));
#92 = SURFACE_CURVE('',#93,(#97,#104),.PCURVE_S1.);
#93 = LINE('',#94,#95);
#94 = CARTESIAN_POINT('',(221.87044096381,-1.281461854985,0.2));
#95 = VECTOR('',#96,1.);
#96 = DIRECTION('',(-0.669506638537,0.742806072239,0.));
#97 = PCURVE('',#32,#98);
#98 = DEFINITIONAL_REPRESENTATION('',(#99),#103);
#99 = LINE('',#100,#101);
#100 = CARTESIAN_POINT('',(66.870440963818,-1.281461854985));
#101 = VECTOR('',#102,1.);
#102 = DIRECTION('',(-0.669506638537,0.742806072239));
#103 = ( GEOMETRIC_REPRESENTATION_CONTEXT(2) 
PARAMETRIC_REPRESENTATION_CONTEXT() REPRESENTATION_CONTEXT('2D SPACE',''
  ) );
#104 = PCURVE('',#105,#110);
#105 = PLANE('',#106);
#106 = AXIS2_PLACEMENT_3D('',#107,#108,#109);
#107 = CARTESIAN_POINT('',(221.87044096381,-1.281461854985,0.2));
#108 = DIRECTION('',(-0.742806072239,-0.669506638537,0.));
#109 = DIRECTION('',(-0.669506638537,0.742806072239,0.));
#110 = DEFINITIONAL_REPRESENTATION('',(#111),#115);
#111 = LINE('',#112,#113);
#112 = CARTESIAN_POINT('',(0.,0.));
#113 = VECTOR('',#114,1.);
#114 = DIRECTION('',(1.,0.));
#115 = ( GEOMETRIC_REPRESENTATION_CONTEXT(2) 
PARAMETRIC_REPRESENTATION_CONTEXT() REPRESENTATION_CONTEXT('2D SPACE',''
  ) );
#116 = ORIENTED_EDGE('',*,*,#117,.F.);
#117 = EDGE_CURVE('',#118,#90,#120,.T.);
#118 = VERTEX_POINT('',#119);
#119 = CARTESIAN_POINT('',(166.,6.,0.2));
#120 = SURFACE_CURVE('',#121,(#125,#132),.PCURVE_S1.);
#121 = LINE('',#122,#123);
#122 = CARTESIAN_POINT('',(155.,6.,0.2));
#123 = VECTOR('',#124,1.);
#124 = DIRECTION('',(1.,0.,0.));
#125 = PCURVE('',#32,#126);
#126 = DEFINITIONAL_REPRESENTATION('',(#127),#131);
#127 = LINE('',#128,#129);
#128 = CARTESIAN_POINT('',(0.,6.));
#129 = VECTOR('',#130,1.);
#130 = DIRECTION('',(1.,0.));
#131 = ( GEOMETRIC_REPRESENTATION_CONTEXT(2) 
PARAMETRIC_REPRESENTATION_CONTEXT() REPRESENTATION_CONTEXT('2D SPACE',''
  ) );
#132 = PCURVE('',#133,#138);
#133 = PLANE('',#134);
#134 = AXIS2_PLACEMENT_3D('',#135,#136,#137);
#135 = CARTESIAN_POINT('',(155.,6.,0.2));
#136 = DIRECTION('',(0.,1.,0.));
#137 = DIRECTION('',(0.,0.,1.));
#138 = DEFINITIONAL_REPRESENTATION('',(#139),#143);
#139 = LINE('',#140,#141);
#140 = CARTESIAN_POINT('',(0.,0.));
#141 = VECTOR('',#142,1.);
#142 = DIRECTION('',(0.,1.));
#143 = ( GEOMETRIC_REPRESENTATION_CONTEXT(2) 
PARAMETRIC_REPRESENTATION_CONTEXT() REPRESENTATION_CONTEXT('2D SPACE',''
  ) );
#144 = ORIENTED_EDGE('',*,*,#145,.F.);
#145 = EDGE_CURVE('',#22,#118,#146,.T.);
#146 = SURFACE_CURVE('',#147,(#152,#159),.PCURVE_S1.);
#147 = CIRCLE('',#148,6.);
#148 = AXIS2_PLACEMENT_3D('',#149,#150,#151);
#149 = CARTESIAN_POINT('',(166.,12.,0.2));
#150 = DIRECTION('',(0.,0.,1.));
#151 = DIRECTION('',(1.,0.,0.));
#152 = PCURVE('',#32,#153);
#153 = DEFINITIONAL_REPRESENTATION('',(#154),#158);
#154 = CIRCLE('',#155,6.);
#155 = AXIS2_PLACEMENT_2D('',#156,#157);
#156 = CARTESIAN_POINT('',(11.,12.));
#157 = DIRECTION('',(1.,0.));
#158 = ( GEOMETRIC_REPRESENTATION_CONTEXT(2) 
PARAMETRIC_REPRESENTATION_CONTEXT() REPRESENTATION_CONTEXT('2D SPACE',''
  ) );
#159 = PCURVE('',#160,#165);
#160 = CYLINDRICAL_SURFACE('',#161,6.);
#161 = AXIS2_PLACEMENT_3D('',#162,#163,#164);
#162 = CARTESIAN_POINT('',(166.,12.,0.2));
#163 = DIRECTION('',(-0.,-0.,-1.));
#164 = DIRECTION('',(1.,0.,0.));
#165 = DEFINITIONAL_REPRESENTATION('',(#166),#170);
#166 = LINE('',#167,#168);
#167 = CARTESIAN_POINT('',(-0.,0.));
#168 = VECTOR('',#169,1.);
#169 = DIRECTION('',(-1.,0.));
#170 = ( GEOMETRIC_REPRESENTATION_CONTEXT(2) 
PARAMETRIC_REPRESENTATION_CONTEXT() REPRESENTATION_CONTEXT('2D SPACE',''
  ) );
#171 = FACE_BOUND('',#172,.F.);
#172 = EDGE_LOOP('',(#173,#203,#236,#263,#291,#319,#347,#375));
#173 = ORIENTED_EDGE('',*,*,#174,.F.);
#174 = EDGE_CURVE('',#175,#177,#179,.T.);
#175 = VERTEX_POINT('',#176);
#176 = CARTESIAN_POINT('',(220.,6.,0.2));
#177 = VERTEX_POINT('',#178);
#178 = CARTESIAN_POINT('',(241.3,6.,0.2));
#179 = SURFACE_CURVE('',#180,(#184,#191),.PCURVE_S1.);
#180 = LINE('',#181,#182);
#181 = CARTESIAN_POINT('',(155.,6.,0.2));
#182 = VECTOR('',#183,1.);
#183 = DIRECTION('',(1.,0.,0.));
#184 = PCURVE('',#32,#185);
#185 = DEFINITIONAL_REPRESENTATION('',(#186),#190);
#186 = LINE('',#187,#188);
#187 = CARTESIAN_POINT('',(0.,6.));
#188 = VECTOR('',#189,1.);
#189 = DIRECTION('',(1.,0.));
#190 = ( GEOMETRIC_REPRESENTATION_CONTEXT(2) 
PARAMETRIC_REPRESENTATION_CONTEXT() REPRESENTATION_CONTEXT('2D SPACE',''
  ) );
#191 = PCURVE('',#192,#197);
#192 = PLANE('',#193);
#193 = AXIS2_PLACEMENT_3D('',#194,#195,#196);
#194 = CARTESIAN_POINT('',(155.,6.,0.2));
#195 = DIRECTION('',(0.,1.,0.));
#196 = DIRECTION('',(0.,0.,1.));
#197 = DEFINITIONAL_REPRESENTATION('',(#198),#202);
#198 = LINE('',#199,#200);
#199 = CARTESIAN_POINT('',(0.,0.));
#200 = VECTOR('',#201,1.);
#201 = DIRECTION('',(0.,1.));
#202 = ( GEOMETRIC_REPRESENTATION_CONTEXT(2) 
PARAMETRIC_REPRESENTATION_CONTEXT() REPRESENTATION_CONTEXT('2D SPACE',''
  ) );
#203 = ORIENTED_EDGE('',*,*,#204,.T.);
#204 = EDGE_CURVE('',#175,#205,#207,.T.);
#205 = VERTEX_POINT('',#206);
#206 = CARTESIAN_POINT('',(218.,8.,0.2));
#207 = SURFACE_CURVE('',#208,(#213,#224),.PCURVE_S1.);
#208 = CIRCLE('',#209,2.);
#209 = AXIS2_PLACEMENT_3D('',#210,#211,#212);
#210 = CARTESIAN_POINT('',(220.,8.,0.2));
#211 = DIRECTION('',(0.,0.,-1.));
#212 = DIRECTION('',(0.,1.,0.));
#213 = PCURVE('',#32,#214);
#214 = DEFINITIONAL_REPRESENTATION('',(#215),#223);
#215 = ( BOUNDED_CURVE() B_SPLINE_CURVE(2,(#216,#217,#218,#219,#220,#221
,#222),.UNSPECIFIED.,.T.,.F.) B_SPLINE_CURVE_WITH_KNOTS((1,2,2,2,2,1),(
    -2.094395102393,0.,2.094395102393,4.188790204786,6.28318530718,
8.377580409573),.UNSPECIFIED.) CURVE() GEOMETRIC_REPRESENTATION_ITEM() 
RATIONAL_B_SPLINE_CURVE((1.,0.5,1.,0.5,1.,0.5,1.)) REPRESENTATION_ITEM(
  '') );
#216 = CARTESIAN_POINT('',(65.,10.));
#217 = CARTESIAN_POINT('',(68.464101615138,10.));
#218 = CARTESIAN_POINT('',(66.732050807569,7.));
#219 = CARTESIAN_POINT('',(65.,4.));
#220 = CARTESIAN_POINT('',(63.267949192431,7.));
#221 = CARTESIAN_POINT('',(61.535898384862,10.));
#222 = CARTESIAN_POINT('',(65.,10.));
#223 = ( GEOMETRIC_REPRESENTATION_CONTEXT(2) 
PARAMETRIC_REPRESENTATION_CONTEXT() REPRESENTATION_CONTEXT('2D SPACE',''
  ) );
#224 = PCURVE('',#225,#230);
#225 = CYLINDRICAL_SURFACE('',#226,2.);
#226 = AXIS2_PLACEMENT_3D('',#227,#228,#229);
#227 = CARTESIAN_POINT('',(220.,8.,43.8));
#228 = DIRECTION('',(0.,0.,-1.));
#229 = DIRECTION('',(0.,-1.,-0.));
#230 = DEFINITIONAL_REPRESENTATION('',(#231),#235);
#231 = LINE('',#232,#233);
#232 = CARTESIAN_POINT('',(-3.14159265359,43.6));
#233 = VECTOR('',#234,1.);
#234 = DIRECTION('',(1.,0.));
#235 = ( GEOMETRIC_REPRESENTATION_CONTEXT(2) 
PARAMETRIC_REPRESENTATION_CONTEXT() REPRESENTATION_CONTEXT('2D SPACE',''
  ) );
#236 = ORIENTED_EDGE('',*,*,#237,.F.);
#237 = EDGE_CURVE('',#238,#205,#240,.T.);
#238 = VERTEX_POINT('',#239);
#239 = CARTESIAN_POINT('',(218.,8.987274337369,0.2));
#240 = SURFACE_CURVE('',#241,(#245,#252),.PCURVE_S1.);
#241 = LINE('',#242,#243);
#242 = CARTESIAN_POINT('',(218.,19.0875,0.2));
#243 = VECTOR('',#244,1.);
#244 = DIRECTION('',(0.,-1.,0.));
#245 = PCURVE('',#32,#246);
#246 = DEFINITIONAL_REPRESENTATION('',(#247),#251);
#247 = LINE('',#248,#249);
#248 = CARTESIAN_POINT('',(63.,19.0875));
#249 = VECTOR('',#250,1.);
#250 = DIRECTION('',(0.,-1.));
#251 = ( GEOMETRIC_REPRESENTATION_CONTEXT(2) 
PARAMETRIC_REPRESENTATION_CONTEXT() REPRESENTATION_CONTEXT('2D SPACE',''
  ) );
#252 = PCURVE('',#253,#258);
#253 = PLANE('',#254);
#254 = AXIS2_PLACEMENT_3D('',#255,#256,#257);
#255 = CARTESIAN_POINT('',(218.,0.,-0.8));
#256 = DIRECTION('',(1.,0.,0.));
#257 = DIRECTION('',(0.,0.,1.));
#258 = DEFINITIONAL_REPRESENTATION('',(#259),#262);
#259 = B_SPLINE_CURVE_WITH_KNOTS('',1,(#260,#261),.UNSPECIFIED.,.F.,.F.,
  (2,2),(-51.2625,19.0875),.PIECEWISE_BEZIER_KNOTS.);
#260 = CARTESIAN_POINT('',(1.,-70.35));
#261 = CARTESIAN_POINT('',(1.,0.));
#262 = ( GEOMETRIC_REPRESENTATION_CONTEXT(2) 
PARAMETRIC_REPRESENTATION_CONTEXT() REPRESENTATION_CONTEXT('2D SPACE',''
  ) );
#263 = ORIENTED_EDGE('',*,*,#264,.F.);
#264 = EDGE_CURVE('',#265,#238,#267,.T.);
#265 = VERTEX_POINT('',#266);
#266 = CARTESIAN_POINT('',(162.69249279825,70.35,0.2));
#267 = SURFACE_CURVE('',#268,(#272,#279),.PCURVE_S1.);
#268 = LINE('',#269,#270);
#269 = CARTESIAN_POINT('',(156.12955903618,77.631461854985,0.2));
#270 = VECTOR('',#271,1.);
#271 = DIRECTION('',(0.669506638537,-0.742806072239,0.));
#272 = PCURVE('',#32,#273);
#273 = DEFINITIONAL_REPRESENTATION('',(#274),#278);
#274 = LINE('',#275,#276);
#275 = CARTESIAN_POINT('',(1.129559036182,77.631461854985));
#276 = VECTOR('',#277,1.);
#277 = DIRECTION('',(0.669506638537,-0.742806072239));
#278 = ( GEOMETRIC_REPRESENTATION_CONTEXT(2) 
PARAMETRIC_REPRESENTATION_CONTEXT() REPRESENTATION_CONTEXT('2D SPACE',''
  ) );
#279 = PCURVE('',#280,#285);
#280 = PLANE('',#281);
#281 = AXIS2_PLACEMENT_3D('',#282,#283,#284);
#282 = CARTESIAN_POINT('',(156.12955903618,77.631461854985,0.2));
#283 = DIRECTION('',(0.742806072239,0.669506638537,-0.));
#284 = DIRECTION('',(0.669506638537,-0.742806072239,0.));
#285 = DEFINITIONAL_REPRESENTATION('',(#286),#290);
#286 = LINE('',#287,#288);
#287 = CARTESIAN_POINT('',(0.,0.));
#288 = VECTOR('',#289,1.);
#289 = DIRECTION('',(1.,0.));
#290 = ( GEOMETRIC_REPRESENTATION_CONTEXT(2) 
PARAMETRIC_REPRESENTATION_CONTEXT() REPRESENTATION_CONTEXT('2D SPACE',''
  ) );
#291 = ORIENTED_EDGE('',*,*,#292,.F.);
#292 = EDGE_CURVE('',#293,#265,#295,.T.);
#293 = VERTEX_POINT('',#294);
#294 = CARTESIAN_POINT('',(155.,70.35,0.2));
#295 = SURFACE_CURVE('',#296,(#300,#307),.PCURVE_S1.);
#296 = LINE('',#297,#298);
#297 = CARTESIAN_POINT('',(155.,70.35,0.2));
#298 = VECTOR('',#299,1.);
#299 = DIRECTION('',(1.,0.,0.));
#300 = PCURVE('',#32,#301);
#301 = DEFINITIONAL_REPRESENTATION('',(#302),#306);
#302 = LINE('',#303,#304);
#303 = CARTESIAN_POINT('',(0.,70.35));
#304 = VECTOR('',#305,1.);
#305 = DIRECTION('',(1.,0.));
#306 = ( GEOMETRIC_REPRESENTATION_CONTEXT(2) 
PARAMETRIC_REPRESENTATION_CONTEXT() REPRESENTATION_CONTEXT('2D SPACE',''
  ) );
#307 = PCURVE('',#308,#313);
#308 = PLANE('',#309);
#309 = AXIS2_PLACEMENT_3D('',#310,#311,#312);
#310 = CARTESIAN_POINT('',(155.,70.35,0.2));
#311 = DIRECTION('',(0.,1.,0.));
#312 = DIRECTION('',(0.,0.,1.));
#313 = DEFINITIONAL_REPRESENTATION('',(#314),#318);
#314 = LINE('',#315,#316);
#315 = CARTESIAN_POINT('',(0.,0.));
#316 = VECTOR('',#317,1.);
#317 = DIRECTION('',(0.,1.));
#318 = ( GEOMETRIC_REPRESENTATION_CONTEXT(2) 
PARAMETRIC_REPRESENTATION_CONTEXT() REPRESENTATION_CONTEXT('2D SPACE',''
  ) );
#319 = ORIENTED_EDGE('',*,*,#320,.T.);
#320 = EDGE_CURVE('',#293,#321,#323,.T.);
#321 = VERTEX_POINT('',#322);
#322 = CARTESIAN_POINT('',(155.,0.,0.2));
#323 = SURFACE_CURVE('',#324,(#328,#335),.PCURVE_S1.);
#324 = LINE('',#325,#326);
#325 = CARTESIAN_POINT('',(155.,70.35,0.2));
#326 = VECTOR('',#327,1.);
#327 = DIRECTION('',(0.,-1.,0.));
#328 = PCURVE('',#32,#329);
#329 = DEFINITIONAL_REPRESENTATION('',(#330),#334);
#330 = LINE('',#331,#332);
#331 = CARTESIAN_POINT('',(0.,70.35));
#332 = VECTOR('',#333,1.);
#333 = DIRECTION('',(0.,-1.));
#334 = ( GEOMETRIC_REPRESENTATION_CONTEXT(2) 
PARAMETRIC_REPRESENTATION_CONTEXT() REPRESENTATION_CONTEXT('2D SPACE',''
  ) );
#335 = PCURVE('',#336,#341);
#336 = PLANE('',#337);
#337 = AXIS2_PLACEMENT_3D('',#338,#339,#340);
#338 = CARTESIAN_POINT('',(155.,0.,0.2));
#339 = DIRECTION('',(1.,0.,0.));
#340 = DIRECTION('',(0.,0.,1.));
#341 = DEFINITIONAL_REPRESENTATION('',(#342),#346);
#342 = LINE('',#343,#344);
#343 = CARTESIAN_POINT('',(0.,-70.35));
#344 = VECTOR('',#345,1.);
#345 = DIRECTION('',(0.,1.));
#346 = ( GEOMETRIC_REPRESENTATION_CONTEXT(2) 
PARAMETRIC_REPRESENTATION_CONTEXT() REPRESENTATION_CONTEXT('2D SPACE',''
  ) );
#347 = ORIENTED_EDGE('',*,*,#348,.T.);
#348 = EDGE_CURVE('',#321,#349,#351,.T.);
#349 = VERTEX_POINT('',#350);
#350 = CARTESIAN_POINT('',(241.3,0.,0.2));
#351 = SURFACE_CURVE('',#352,(#356,#363),.PCURVE_S1.);
#352 = LINE('',#353,#354);
#353 = CARTESIAN_POINT('',(155.,0.,0.2));
#354 = VECTOR('',#355,1.);
#355 = DIRECTION('',(1.,0.,0.));
#356 = PCURVE('',#32,#357);
#357 = DEFINITIONAL_REPRESENTATION('',(#358),#362);
#358 = LINE('',#359,#360);
#359 = CARTESIAN_POINT('',(0.,0.));
#360 = VECTOR('',#361,1.);
#361 = DIRECTION('',(1.,0.));
#362 = ( GEOMETRIC_REPRESENTATION_CONTEXT(2) 
PARAMETRIC_REPRESENTATION_CONTEXT() REPRESENTATION_CONTEXT('2D SPACE',''
  ) );
#363 = PCURVE('',#364,#369);
#364 = PLANE('',#365);
#365 = AXIS2_PLACEMENT_3D('',#366,#367,#368);
#366 = CARTESIAN_POINT('',(155.,0.,0.2));
#367 = DIRECTION('',(0.,1.,0.));
#368 = DIRECTION('',(0.,0.,1.));
#369 = DEFINITIONAL_REPRESENTATION('',(#370),#374);
#370 = LINE('',#371,#372);
#371 = CARTESIAN_POINT('',(0.,0.));
#372 = VECTOR('',#373,1.);
#373 = DIRECTION('',(0.,1.));
#374 = ( GEOMETRIC_REPRESENTATION_CONTEXT(2) 
PARAMETRIC_REPRESENTATION_CONTEXT() REPRESENTATION_CONTEXT('2D SPACE',''
  ) );
#375 = ORIENTED_EDGE('',*,*,#376,.T.);
#376 = EDGE_CURVE('',#349,#177,#377,.T.);
#377 = SURFACE_CURVE('',#378,(#382,#389),.PCURVE_S1.);
#378 = LINE('',#379,#380);
#379 = CARTESIAN_POINT('',(241.3,0.,0.2));
#380 = VECTOR('',#381,1.);
#381 = DIRECTION('',(0.,1.,0.));
#382 = PCURVE('',#32,#383);
#383 = DEFINITIONAL_REPRESENTATION('',(#384),#388);
#384 = LINE('',#385,#386);
#385 = CARTESIAN_POINT('',(86.3,0.));
#386 = VECTOR('',#387,1.);
#387 = DIRECTION('',(0.,1.));
#388 = ( GEOMETRIC_REPRESENTATION_CONTEXT(2) 
PARAMETRIC_REPRESENTATION_CONTEXT() REPRESENTATION_CONTEXT('2D SPACE',''
  ) );
#389 = PCURVE('',#390,#395);
#390 = PLANE('',#391);
#391 = AXIS2_PLACEMENT_3D('',#392,#393,#394);
#392 = CARTESIAN_POINT('',(241.3,0.,0.2));
#393 = DIRECTION('',(1.,0.,0.));
#394 = DIRECTION('',(0.,0.,1.));
#395 = DEFINITIONAL_REPRESENTATION('',(#396),#400);
#396 = LINE('',#397,#398);
#397 = CARTESIAN_POINT('',(0.,0.));
#398 = VECTOR('',#399,1.);
#399 = DIRECTION('',(0.,-1.));
#400 = ( GEOMETRIC_REPRESENTATION_CONTEXT(2) 
PARAMETRIC_REPRESENTATION_CONTEXT() REPRESENTATION_CONTEXT('2D SPACE',''
  ) );
#401 = ADVANCED_FACE('',(#402,#590),#44,.T.);
#402 = FACE_BOUND('',#403,.T.);
#403 = EDGE_LOOP('',(#404,#434,#462,#483,#484,#507,#540,#566));
#404 = ORIENTED_EDGE('',*,*,#405,.F.);
#405 = EDGE_CURVE('',#406,#408,#410,.T.);
#406 = VERTEX_POINT('',#407);
#407 = CARTESIAN_POINT('',(160.,62.15648580802,43.8));
#408 = VERTEX_POINT('',#409);
#409 = CARTESIAN_POINT('',(160.,62.15648580802,26.348896578897));
#410 = SURFACE_CURVE('',#411,(#415,#422),.PCURVE_S1.);
#411 = LINE('',#412,#413);
#412 = CARTESIAN_POINT('',(160.,62.15648580802,43.8));
#413 = VECTOR('',#414,1.);
#414 = DIRECTION('',(0.,-0.,-1.));
#415 = PCURVE('',#44,#416);
#416 = DEFINITIONAL_REPRESENTATION('',(#417),#421);
#417 = LINE('',#418,#419);
#418 = CARTESIAN_POINT('',(43.6,-62.15648580802));
#419 = VECTOR('',#420,1.);
#420 = DIRECTION('',(-1.,0.));
#421 = ( GEOMETRIC_REPRESENTATION_CONTEXT(2) 
PARAMETRIC_REPRESENTATION_CONTEXT() REPRESENTATION_CONTEXT('2D SPACE',''
  ) );
#422 = PCURVE('',#423,#428);
#423 = CYLINDRICAL_SURFACE('',#424,2.);
#424 = AXIS2_PLACEMENT_3D('',#425,#426,#427);
#425 = CARTESIAN_POINT('',(162.,62.15648580802,43.8));
#426 = DIRECTION('',(0.,-0.,-1.));
#427 = DIRECTION('',(-1.,-0.,0.));
#428 = DEFINITIONAL_REPRESENTATION('',(#429),#433);
#429 = LINE('',#430,#431);
#430 = CARTESIAN_POINT('',(0.,0.));
#431 = VECTOR('',#432,1.);
#432 = DIRECTION('',(0.,1.));
#433 = ( GEOMETRIC_REPRESENTATION_CONTEXT(2) 
PARAMETRIC_REPRESENTATION_CONTEXT() REPRESENTATION_CONTEXT('2D SPACE',''
  ) );
#434 = ORIENTED_EDGE('',*,*,#435,.F.);
#435 = EDGE_CURVE('',#436,#406,#438,.T.);
#436 = VERTEX_POINT('',#437);
#437 = CARTESIAN_POINT('',(160.,12.,43.8));
#438 = SURFACE_CURVE('',#439,(#443,#450),.PCURVE_S1.);
#439 = LINE('',#440,#441);
#440 = CARTESIAN_POINT('',(160.,0.,43.8));
#441 = VECTOR('',#442,1.);
#442 = DIRECTION('',(0.,1.,0.));
#443 = PCURVE('',#44,#444);
#444 = DEFINITIONAL_REPRESENTATION('',(#445),#449);
#445 = LINE('',#446,#447);
#446 = CARTESIAN_POINT('',(43.6,0.));
#447 = VECTOR('',#448,1.);
#448 = DIRECTION('',(0.,-1.));
#449 = ( GEOMETRIC_REPRESENTATION_CONTEXT(2) 
PARAMETRIC_REPRESENTATION_CONTEXT() REPRESENTATION_CONTEXT('2D SPACE',''
  ) );
#450 = PCURVE('',#451,#456);
#451 = PLANE('',#452);
#452 = AXIS2_PLACEMENT_3D('',#453,#454,#455);
#453 = CARTESIAN_POINT('',(155.,0.,43.8));
#454 = DIRECTION('',(0.,0.,1.));
#455 = DIRECTION('',(1.,0.,0.));
#456 = DEFINITIONAL_REPRESENTATION('',(#457),#461);
#457 = LINE('',#458,#459);
#458 = CARTESIAN_POINT('',(5.,0.));
#459 = VECTOR('',#460,1.);
#460 = DIRECTION('',(0.,1.));
#461 = ( GEOMETRIC_REPRESENTATION_CONTEXT(2) 
PARAMETRIC_REPRESENTATION_CONTEXT() REPRESENTATION_CONTEXT('2D SPACE',''
  ) );
#462 = ORIENTED_EDGE('',*,*,#463,.F.);
#463 = EDGE_CURVE('',#22,#436,#464,.T.);
#464 = SURFACE_CURVE('',#465,(#469,#476),.PCURVE_S1.);
#465 = LINE('',#466,#467);
#466 = CARTESIAN_POINT('',(160.,12.,0.2));
#467 = VECTOR('',#468,1.);
#468 = DIRECTION('',(0.,0.,1.));
#469 = PCURVE('',#44,#470);
#470 = DEFINITIONAL_REPRESENTATION('',(#471),#475);
#471 = LINE('',#472,#473);
#472 = CARTESIAN_POINT('',(0.,-12.));
#473 = VECTOR('',#474,1.);
#474 = DIRECTION('',(1.,0.));
#475 = ( GEOMETRIC_REPRESENTATION_CONTEXT(2) 
PARAMETRIC_REPRESENTATION_CONTEXT() REPRESENTATION_CONTEXT('2D SPACE',''
  ) );
#476 = PCURVE('',#160,#477);
#477 = DEFINITIONAL_REPRESENTATION('',(#478),#482);
#478 = LINE('',#479,#480);
#479 = CARTESIAN_POINT('',(-3.14159265359,0.));
#480 = VECTOR('',#481,1.);
#481 = DIRECTION('',(-0.,-1.));
#482 = ( GEOMETRIC_REPRESENTATION_CONTEXT(2) 
PARAMETRIC_REPRESENTATION_CONTEXT() REPRESENTATION_CONTEXT('2D SPACE',''
  ) );
#483 = ORIENTED_EDGE('',*,*,#21,.T.);
#484 = ORIENTED_EDGE('',*,*,#485,.F.);
#485 = EDGE_CURVE('',#486,#24,#488,.T.);
#486 = VERTEX_POINT('',#487);
#487 = CARTESIAN_POINT('',(160.,62.15648580802,17.936803110873));
#488 = SURFACE_CURVE('',#489,(#493,#500),.PCURVE_S1.);
#489 = LINE('',#490,#491);
#490 = CARTESIAN_POINT('',(160.,62.15648580802,43.8));
#491 = VECTOR('',#492,1.);
#492 = DIRECTION('',(0.,-0.,-1.));
#493 = PCURVE('',#44,#494);
#494 = DEFINITIONAL_REPRESENTATION('',(#495),#499);
#495 = LINE('',#496,#497);
#496 = CARTESIAN_POINT('',(43.6,-62.15648580802));
#497 = VECTOR('',#498,1.);
#498 = DIRECTION('',(-1.,0.));
#499 = ( GEOMETRIC_REPRESENTATION_CONTEXT(2) 
PARAMETRIC_REPRESENTATION_CONTEXT() REPRESENTATION_CONTEXT('2D SPACE',''
  ) );
#500 = PCURVE('',#77,#501);
#501 = DEFINITIONAL_REPRESENTATION('',(#502),#506);
#502 = LINE('',#503,#504);
#503 = CARTESIAN_POINT('',(0.,0.));
#504 = VECTOR('',#505,1.);
#505 = DIRECTION('',(0.,1.));
#506 = ( GEOMETRIC_REPRESENTATION_CONTEXT(2) 
PARAMETRIC_REPRESENTATION_CONTEXT() REPRESENTATION_CONTEXT('2D SPACE',''
  ) );
#507 = ORIENTED_EDGE('',*,*,#508,.T.);
#508 = EDGE_CURVE('',#486,#509,#511,.T.);
#509 = VERTEX_POINT('',#510);
#510 = CARTESIAN_POINT('',(160.,56.747308806542,25.252691193458));
#511 = SURFACE_CURVE('',#512,(#517,#528),.PCURVE_S1.);
#512 = CIRCLE('',#513,4.6);
#513 = AXIS2_PLACEMENT_3D('',#514,#515,#516);
#514 = CARTESIAN_POINT('',(160.,60.,22.));
#515 = DIRECTION('',(-1.,-0.,0.));
#516 = DIRECTION('',(0.,-0.707106781187,0.707106781187));
#517 = PCURVE('',#44,#518);
#518 = DEFINITIONAL_REPRESENTATION('',(#519),#527);
#519 = ( BOUNDED_CURVE() B_SPLINE_CURVE(2,(#520,#521,#522,#523,#524,#525
,#526),.UNSPECIFIED.,.T.,.F.) B_SPLINE_CURVE_WITH_KNOTS((1,2,2,2,2,1),(
    -2.094395102393,0.,2.094395102393,4.188790204786,6.28318530718,
8.377580409573),.UNSPECIFIED.) CURVE() GEOMETRIC_REPRESENTATION_ITEM() 
RATIONAL_B_SPLINE_CURVE((1.,0.5,1.,0.5,1.,0.5,1.)) REPRESENTATION_ITEM(
  '') );
#520 = CARTESIAN_POINT('',(25.052691193458,-56.74730880654));
#521 = CARTESIAN_POINT('',(30.686517601859,-62.38113521494));
#522 = CARTESIAN_POINT('',(22.990567607472,-64.44325880093));
#523 = CARTESIAN_POINT('',(15.294617613084,-66.50538238691));
#524 = CARTESIAN_POINT('',(17.35674119907,-58.80943239252));
#525 = CARTESIAN_POINT('',(19.418864785057,-51.11348239814));
#526 = CARTESIAN_POINT('',(25.052691193458,-56.74730880654));
#527 = ( GEOMETRIC_REPRESENTATION_CONTEXT(2) 
PARAMETRIC_REPRESENTATION_CONTEXT() REPRESENTATION_CONTEXT('2D SPACE',''
  ) );
#528 = PCURVE('',#529,#534);
#529 = CYLINDRICAL_SURFACE('',#530,4.6);
#530 = AXIS2_PLACEMENT_3D('',#531,#532,#533);
#531 = CARTESIAN_POINT('',(158.,60.,22.));
#532 = DIRECTION('',(-1.,-0.,-0.));
#533 = DIRECTION('',(-0.,-0.707106781187,0.707106781187));
#534 = DEFINITIONAL_REPRESENTATION('',(#535),#539);
#535 = LINE('',#536,#537);
#536 = CARTESIAN_POINT('',(-6.28318530718,-2.));
#537 = VECTOR('',#538,1.);
#538 = DIRECTION('',(1.,-0.));
#539 = ( GEOMETRIC_REPRESENTATION_CONTEXT(2) 
PARAMETRIC_REPRESENTATION_CONTEXT() REPRESENTATION_CONTEXT('2D SPACE',''
  ) );
#540 = ORIENTED_EDGE('',*,*,#541,.T.);
#541 = EDGE_CURVE('',#509,#542,#544,.T.);
#542 = VERTEX_POINT('',#543);
#543 = CARTESIAN_POINT('',(160.,60.,28.505382386916));
#544 = SURFACE_CURVE('',#545,(#549,#555),.PCURVE_S1.);
#545 = LINE('',#546,#547);
#546 = CARTESIAN_POINT('',(160.,37.923654403271,6.429036790187));
#547 = VECTOR('',#548,1.);
#548 = DIRECTION('',(-0.,0.707106781187,0.707106781187));
#549 = PCURVE('',#44,#550);
#550 = DEFINITIONAL_REPRESENTATION('',(#551),#554);
#551 = B_SPLINE_CURVE_WITH_KNOTS('',1,(#552,#553),.UNSPECIFIED.,.F.,.F.,
  (2,2),(26.62066735053,31.22066735053),.PIECEWISE_BEZIER_KNOTS.);
#552 = CARTESIAN_POINT('',(25.052691193458,-56.74730880654));
#553 = CARTESIAN_POINT('',(28.305382386916,-60.));
#554 = ( GEOMETRIC_REPRESENTATION_CONTEXT(2) 
PARAMETRIC_REPRESENTATION_CONTEXT() REPRESENTATION_CONTEXT('2D SPACE',''
  ) );
#555 = PCURVE('',#556,#561);
#556 = PLANE('',#557);
#557 = AXIS2_PLACEMENT_3D('',#558,#559,#560);
#558 = CARTESIAN_POINT('',(158.,60.,28.505382386916));
#559 = DIRECTION('',(0.,0.707106781187,-0.707106781187));
#560 = DIRECTION('',(0.,-0.707106781187,-0.707106781187));
#561 = DEFINITIONAL_REPRESENTATION('',(#562),#565);
#562 = B_SPLINE_CURVE_WITH_KNOTS('',1,(#563,#564),.UNSPECIFIED.,.F.,.F.,
  (2,2),(26.62066735053,31.22066735053),.PIECEWISE_BEZIER_KNOTS.);
#563 = CARTESIAN_POINT('',(4.6,-2.));
#564 = CARTESIAN_POINT('',(0.,-2.));
#565 = ( GEOMETRIC_REPRESENTATION_CONTEXT(2) 
PARAMETRIC_REPRESENTATION_CONTEXT() REPRESENTATION_CONTEXT('2D SPACE',''
  ) );
#566 = ORIENTED_EDGE('',*,*,#567,.T.);
#567 = EDGE_CURVE('',#542,#408,#568,.T.);
#568 = SURFACE_CURVE('',#569,(#573,#579),.PCURVE_S1.);
#569 = LINE('',#570,#571);
#570 = CARTESIAN_POINT('',(160.,53.702691193458,34.802691193458));
#571 = VECTOR('',#572,1.);
#572 = DIRECTION('',(0.,0.707106781187,-0.707106781187));
#573 = PCURVE('',#44,#574);
#574 = DEFINITIONAL_REPRESENTATION('',(#575),#578);
#575 = B_SPLINE_CURVE_WITH_KNOTS('',1,(#576,#577),.UNSPECIFIED.,.F.,.F.,
  (2,2),(8.905739520663,11.95547099743),.PIECEWISE_BEZIER_KNOTS.);
#576 = CARTESIAN_POINT('',(28.305382386916,-60.));
#577 = CARTESIAN_POINT('',(26.148896578896,-62.15648580802));
#578 = ( GEOMETRIC_REPRESENTATION_CONTEXT(2) 
PARAMETRIC_REPRESENTATION_CONTEXT() REPRESENTATION_CONTEXT('2D SPACE',''
  ) );
#579 = PCURVE('',#580,#585);
#580 = PLANE('',#581);
#581 = AXIS2_PLACEMENT_3D('',#582,#583,#584);
#582 = CARTESIAN_POINT('',(158.,63.252691193458,25.252691193458));
#583 = DIRECTION('',(0.,-0.707106781187,-0.707106781187));
#584 = DIRECTION('',(0.,-0.707106781187,0.707106781187));
#585 = DEFINITIONAL_REPRESENTATION('',(#586),#589);
#586 = B_SPLINE_CURVE_WITH_KNOTS('',1,(#587,#588),.UNSPECIFIED.,.F.,.F.,
  (2,2),(8.905739520663,11.95547099743),.PIECEWISE_BEZIER_KNOTS.);
#587 = CARTESIAN_POINT('',(4.6,-2.));
#588 = CARTESIAN_POINT('',(1.550268523233,-2.));
#589 = ( GEOMETRIC_REPRESENTATION_CONTEXT(2) 
PARAMETRIC_REPRESENTATION_CONTEXT() REPRESENTATION_CONTEXT('2D SPACE',''
  ) );
#590 = FACE_BOUND('',#591,.T.);
#591 = EDGE_LOOP('',(#592,#620,#646));
#592 = ORIENTED_EDGE('',*,*,#593,.T.);
#593 = EDGE_CURVE('',#594,#596,#598,.T.);
#594 = VERTEX_POINT('',#595);
#595 = CARTESIAN_POINT('',(160.,16.747308806542,25.252691193458));
#596 = VERTEX_POINT('',#597);
#597 = CARTESIAN_POINT('',(160.,20.,28.505382386916));
#598 = SURFACE_CURVE('',#599,(#603,#609),.PCURVE_S1.);
#599 = LINE('',#600,#601);
#600 = CARTESIAN_POINT('',(160.,7.923654403271,16.429036790187));
#601 = VECTOR('',#602,1.);
#602 = DIRECTION('',(-0.,0.707106781187,0.707106781187));
#603 = PCURVE('',#44,#604);
#604 = DEFINITIONAL_REPRESENTATION('',(#605),#608);
#605 = B_SPLINE_CURVE_WITH_KNOTS('',1,(#606,#607),.UNSPECIFIED.,.F.,.F.,
  (2,2),(12.478531726799,17.078531726799),.PIECEWISE_BEZIER_KNOTS.);
#606 = CARTESIAN_POINT('',(25.052691193458,-16.74730880654));
#607 = CARTESIAN_POINT('',(28.305382386916,-20.));
#608 = ( GEOMETRIC_REPRESENTATION_CONTEXT(2) 
PARAMETRIC_REPRESENTATION_CONTEXT() REPRESENTATION_CONTEXT('2D SPACE',''
  ) );
#609 = PCURVE('',#610,#615);
#610 = PLANE('',#611);
#611 = AXIS2_PLACEMENT_3D('',#612,#613,#614);
#612 = CARTESIAN_POINT('',(158.,20.,28.505382386916));
#613 = DIRECTION('',(0.,0.707106781187,-0.707106781187));
#614 = DIRECTION('',(0.,-0.707106781187,-0.707106781187));
#615 = DEFINITIONAL_REPRESENTATION('',(#616),#619);
#616 = B_SPLINE_CURVE_WITH_KNOTS('',1,(#617,#618),.UNSPECIFIED.,.F.,.F.,
  (2,2),(12.478531726799,17.078531726799),.PIECEWISE_BEZIER_KNOTS.);
#617 = CARTESIAN_POINT('',(4.6,-2.));
#618 = CARTESIAN_POINT('',(0.,-2.));
#619 = ( GEOMETRIC_REPRESENTATION_CONTEXT(2) 
PARAMETRIC_REPRESENTATION_CONTEXT() REPRESENTATION_CONTEXT('2D SPACE',''
  ) );
#620 = ORIENTED_EDGE('',*,*,#621,.T.);
#621 = EDGE_CURVE('',#596,#622,#624,.T.);
#622 = VERTEX_POINT('',#623);
#623 = CARTESIAN_POINT('',(160.,23.252691193458,25.252691193458));
#624 = SURFACE_CURVE('',#625,(#629,#635),.PCURVE_S1.);
#625 = LINE('',#626,#627);
#626 = CARTESIAN_POINT('',(160.,23.702691193458,24.802691193458));
#627 = VECTOR('',#628,1.);
#628 = DIRECTION('',(0.,0.707106781187,-0.707106781187));
#629 = PCURVE('',#44,#630);
#630 = DEFINITIONAL_REPRESENTATION('',(#631),#634);
#631 = B_SPLINE_CURVE_WITH_KNOTS('',1,(#632,#633),.UNSPECIFIED.,.F.,.F.,
  (2,2),(-5.236396103068,-0.636396103068),.PIECEWISE_BEZIER_KNOTS.);
#632 = CARTESIAN_POINT('',(28.305382386916,-20.));
#633 = CARTESIAN_POINT('',(25.052691193458,-23.25269119345));
#634 = ( GEOMETRIC_REPRESENTATION_CONTEXT(2) 
PARAMETRIC_REPRESENTATION_CONTEXT() REPRESENTATION_CONTEXT('2D SPACE',''
  ) );
#635 = PCURVE('',#636,#641);
#636 = PLANE('',#637);
#637 = AXIS2_PLACEMENT_3D('',#638,#639,#640);
#638 = CARTESIAN_POINT('',(158.,23.252691193458,25.252691193458));
#639 = DIRECTION('',(0.,-0.707106781187,-0.707106781187));
#640 = DIRECTION('',(0.,-0.707106781187,0.707106781187));
#641 = DEFINITIONAL_REPRESENTATION('',(#642),#645);
#642 = B_SPLINE_CURVE_WITH_KNOTS('',1,(#643,#644),.UNSPECIFIED.,.F.,.F.,
  (2,2),(-5.236396103068,-0.636396103068),.PIECEWISE_BEZIER_KNOTS.);
#643 = CARTESIAN_POINT('',(4.6,-2.));
#644 = CARTESIAN_POINT('',(0.,-2.));
#645 = ( GEOMETRIC_REPRESENTATION_CONTEXT(2) 
PARAMETRIC_REPRESENTATION_CONTEXT() REPRESENTATION_CONTEXT('2D SPACE',''
  ) );
#646 = ORIENTED_EDGE('',*,*,#647,.T.);
#647 = EDGE_CURVE('',#622,#594,#648,.T.);
#648 = SURFACE_CURVE('',#649,(#654,#665),.PCURVE_S1.);
#649 = CIRCLE('',#650,4.6);
#650 = AXIS2_PLACEMENT_3D('',#651,#652,#653);
#651 = CARTESIAN_POINT('',(160.,20.,22.));
#652 = DIRECTION('',(-1.,-0.,0.));
#653 = DIRECTION('',(0.,-0.707106781187,0.707106781187));
#654 = PCURVE('',#44,#655);
#655 = DEFINITIONAL_REPRESENTATION('',(#656),#664);
#656 = ( BOUNDED_CURVE() B_SPLINE_CURVE(2,(#657,#658,#659,#660,#661,#662
,#663),.UNSPECIFIED.,.T.,.F.) B_SPLINE_CURVE_WITH_KNOTS((1,2,2,2,2,1),(
    -2.094395102393,0.,2.094395102393,4.188790204786,6.28318530718,
8.377580409573),.UNSPECIFIED.) CURVE() GEOMETRIC_REPRESENTATION_ITEM() 
RATIONAL_B_SPLINE_CURVE((1.,0.5,1.,0.5,1.,0.5,1.)) REPRESENTATION_ITEM(
  '') );
#657 = CARTESIAN_POINT('',(25.052691193458,-16.74730880654));
#658 = CARTESIAN_POINT('',(30.686517601859,-22.38113521494));
#659 = CARTESIAN_POINT('',(22.990567607472,-24.44325880093));
#660 = CARTESIAN_POINT('',(15.294617613084,-26.50538238691));
#661 = CARTESIAN_POINT('',(17.35674119907,-18.80943239252));
#662 = CARTESIAN_POINT('',(19.418864785057,-11.11348239814));
#663 = CARTESIAN_POINT('',(25.052691193458,-16.74730880654));
#664 = ( GEOMETRIC_REPRESENTATION_CONTEXT(2) 
PARAMETRIC_REPRESENTATION_CONTEXT() REPRESENTATION_CONTEXT('2D SPACE',''
  ) );
#665 = PCURVE('',#666,#671);
#666 = CYLINDRICAL_SURFACE('',#667,4.6);
#667 = AXIS2_PLACEMENT_3D('',#668,#669,#670);
#668 = CARTESIAN_POINT('',(158.,20.,22.));
#669 = DIRECTION('',(-1.,-0.,-0.));
#670 = DIRECTION('',(-0.,-0.707106781187,0.707106781187));
#671 = DEFINITIONAL_REPRESENTATION('',(#672),#676);
#672 = LINE('',#673,#674);
#673 = CARTESIAN_POINT('',(-6.28318530718,-2.));
#674 = VECTOR('',#675,1.);
#675 = DIRECTION('',(1.,-0.));
#676 = ( GEOMETRIC_REPRESENTATION_CONTEXT(2) 
PARAMETRIC_REPRESENTATION_CONTEXT() REPRESENTATION_CONTEXT('2D SPACE',''
  ) );
#677 = ADVANCED_FACE('',(#678),#77,.F.);
#678 = FACE_BOUND('',#679,.F.);
#679 = EDGE_LOOP('',(#680,#827,#848,#849,#850,#924));
#680 = ORIENTED_EDGE('',*,*,#681,.T.);
#681 = EDGE_CURVE('',#682,#684,#686,.T.);
#682 = VERTEX_POINT('',#683);
#683 = CARTESIAN_POINT('',(160.5,63.479361463553,17.11184658527));
#684 = VERTEX_POINT('',#685);
#685 = CARTESIAN_POINT('',(163.48561214447,63.495499085094,
    17.123373487122));
#686 = SURFACE_CURVE('',#687,(#730,#776),.PCURVE_S1.);
#687 = B_SPLINE_CURVE_WITH_KNOTS('',6,(#688,#689,#690,#691,#692,#693,
    #694,#695,#696,#697,#698,#699,#700,#701,#702,#703,#704,#705,#706,
    #707,#708,#709,#710,#711,#712,#713,#714,#715,#716,#717,#718,#719,
    #720,#721,#722,#723,#724,#725,#726,#727,#728,#729),.UNSPECIFIED.,.F.
  ,.F.,(7,5,5,5,5,5,5,5,7),(0.,5.86618093729E-02,0.296117704144,
    0.368194053408,0.503182983275,0.639245593576,0.710246869531,
    0.947686710784,1.),.UNSPECIFIED.);
#688 = CARTESIAN_POINT('',(160.4999994,63.479360783216,17.111846101009)
  );
#689 = CARTESIAN_POINT('',(160.52197161171,63.504274952261,
    17.129579868095));
#690 = CARTESIAN_POINT('',(160.54437353805,63.528675387482,
    17.147177542919));
#691 = CARTESIAN_POINT('',(160.56719532948,63.552562305222,
    17.164625285985));
#692 = CARTESIAN_POINT('',(160.59042784687,63.575935530102,
    17.181908999009));
#693 = CARTESIAN_POINT('',(160.61406266153,63.598794495023,
    17.199014324928));
#694 = CARTESIAN_POINT('',(160.73536012855,63.711583017591,
    17.284385681547));
#695 = CARTESIAN_POINT('',(160.83923256133,63.793715194177,
    17.349780273011));
#696 = CARTESIAN_POINT('',(160.94908338843,63.867288894119,
    17.411019394024));
#697 = CARTESIAN_POINT('',(161.06439126175,63.932032937058,
    17.466955593348));
#698 = CARTESIAN_POINT('',(161.18472084136,63.987619820604,
    17.516391805896));
#699 = CARTESIAN_POINT('',(161.3476341222,64.04753114575,17.570796151288
    ));
#700 = CARTESIAN_POINT('',(161.38597721626,64.060587320906,
    17.582748276486));
#701 = CARTESIAN_POINT('',(161.42470058995,64.07273193453,
    17.593946480067));
#702 = CARTESIAN_POINT('',(161.46377726028,64.083949325568,
    17.604355893945));
#703 = CARTESIAN_POINT('',(161.50318078867,64.09422521468,
    17.613944466498));
#704 = CARTESIAN_POINT('',(161.61724624633,64.121004551546,
    17.639048944561));
#705 = CARTESIAN_POINT('',(161.69269270556,64.13512135585,
    17.652440091178));
#706 = CARTESIAN_POINT('',(161.7689545661,64.145782491586,
    17.662637645206));
#707 = CARTESIAN_POINT('',(161.84576604749,64.152915942607,
    17.669490646556));
#708 = CARTESIAN_POINT('',(161.92286629612,64.15648580802,17.67291949142
    ));
#709 = CARTESIAN_POINT('',(162.07774721306,64.15648580802,17.67291949142
    ));
#710 = CARTESIAN_POINT('',(162.15545972508,64.152858925376,
    17.669435889805));
#711 = CARTESIAN_POINT('',(162.23287655671,64.145611726167,
    17.662473589003));
#712 = CARTESIAN_POINT('',(162.30973097997,64.134781184529,
    17.652114712114));
#713 = CARTESIAN_POINT('',(162.38575115569,64.120441478059,
    17.638514877348));
#714 = CARTESIAN_POINT('',(162.49975070354,64.093458410699,
    17.613229089431));
#715 = CARTESIAN_POINT('',(162.5385470107,64.083280682494,
    17.603735513849));
#716 = CARTESIAN_POINT('',(162.57702495033,64.072189977107,
    17.593446816606));
#717 = CARTESIAN_POINT('',(162.6151592681,64.060199973216,
    17.582393712486));
#718 = CARTESIAN_POINT('',(162.6529241974,64.047325649667,
    17.570609560165));
#719 = CARTESIAN_POINT('',(162.81526236337,63.987626579414,
    17.516397889952));
#720 = CARTESIAN_POINT('',(162.93558376461,63.932044964352,
    17.466966221044));
#721 = CARTESIAN_POINT('',(163.05088434005,63.867307406732,
    17.411035311424));
#722 = CARTESIAN_POINT('',(163.16072873212,63.793741383382,
    17.349802007256));
#723 = CARTESIAN_POINT('',(163.26459561732,63.7116181229,17.284413602921
    ));
#724 = CARTESIAN_POINT('',(163.38328846236,63.601258883919,
    17.200879361609));
#725 = CARTESIAN_POINT('',(163.40440401213,63.580924406607,
    17.185644216884));
#726 = CARTESIAN_POINT('',(163.42520030074,63.560180880605,
    17.170265938086));
#727 = CARTESIAN_POINT('',(163.44567140154,63.539028741583,
    17.154754729787));
#728 = CARTESIAN_POINT('',(163.46581095015,63.517468168797,
    17.13912062539));
#729 = CARTESIAN_POINT('',(163.48561214447,63.495499085094,
    17.123373487121));
#730 = PCURVE('',#77,#731);
#731 = DEFINITIONAL_REPRESENTATION('',(#732),#775);
#732 = B_SPLINE_CURVE_WITH_KNOTS('',6,(#733,#734,#735,#736,#737,#738,
    #739,#740,#741,#742,#743,#744,#745,#746,#747,#748,#749,#750,#751,
    #752,#753,#754,#755,#756,#757,#758,#759,#760,#761,#762,#763,#764,
    #765,#766,#767,#768,#769,#770,#771,#772,#773,#774),.UNSPECIFIED.,.F.
  ,.F.,(7,5,5,5,5,5,5,5,7),(0.,5.86618093729E-02,0.296117704144,
    0.368194053408,0.503182983275,0.639245593576,0.710246869531,
    0.947686710784,1.),.UNSPECIFIED.);
#733 = CARTESIAN_POINT('',(0.722733794256,26.688153898991));
#734 = CARTESIAN_POINT('',(0.739343233642,26.670420131905));
#735 = CARTESIAN_POINT('',(0.75590215138,26.652822457081));
#736 = CARTESIAN_POINT('',(0.772415576857,26.635374714015));
#737 = CARTESIAN_POINT('',(0.788888447844,26.618091000991));
#738 = CARTESIAN_POINT('',(0.805325610488,26.600985675072));
#739 = CARTESIAN_POINT('',(0.888142164279,26.515614318453));
#740 = CARTESIAN_POINT('',(0.954140598717,26.450219726989));
#741 = CARTESIAN_POINT('',(1.019940958134,26.388980605976));
#742 = CARTESIAN_POINT('',(1.085756062368,26.333044406652));
#743 = CARTESIAN_POINT('',(1.151816554413,26.283608194104));
#744 = CARTESIAN_POINT('',(1.238606680516,26.229203848712));
#745 = CARTESIAN_POINT('',(1.258853252788,26.217251723514));
#746 = CARTESIAN_POINT('',(1.279135836945,26.206053519933));
#747 = CARTESIAN_POINT('',(1.299454178647,26.195644106055));
#748 = CARTESIAN_POINT('',(1.319808753504,26.186055533502));
#749 = CARTESIAN_POINT('',(1.378392158822,26.160951055439));
#750 = CARTESIAN_POINT('',(1.416730089419,26.147559908822));
#751 = CARTESIAN_POINT('',(1.455170416093,26.137362354794));
#752 = CARTESIAN_POINT('',(1.493679312584,26.130509353444));
#753 = CARTESIAN_POINT('',(1.532229474855,26.12708050858));
#754 = CARTESIAN_POINT('',(1.609669933328,26.12708050858));
#755 = CARTESIAN_POINT('',(1.648526229355,26.130564110195));
#756 = CARTESIAN_POINT('',(1.68734027899,26.137526410997));
#757 = CARTESIAN_POINT('',(1.726084317608,26.147885287886));
#758 = CARTESIAN_POINT('',(1.764723810279,26.161485122652));
#759 = CARTESIAN_POINT('',(1.82329851223,26.186770910569));
#760 = CARTESIAN_POINT('',(1.843347210863,26.196264486151));
#761 = CARTESIAN_POINT('',(1.863360745299,26.206553183394));
#762 = CARTESIAN_POINT('',(1.883339567324,26.217606287514));
#763 = CARTESIAN_POINT('',(1.903283441306,26.229390439835));
#764 = CARTESIAN_POINT('',(1.989767051198,26.283602110048));
#765 = CARTESIAN_POINT('',(2.055822774174,26.333033778956));
#766 = CARTESIAN_POINT('',(2.121633173655,26.388964688576));
#767 = CARTESIAN_POINT('',(2.18742878871,26.450197992744));
#768 = CARTESIAN_POINT('',(2.253422332498,26.515586397079));
#769 = CARTESIAN_POINT('',(2.334458054702,26.599120638391));
#770 = CARTESIAN_POINT('',(2.349113210861,26.614355783116));
#771 = CARTESIAN_POINT('',(2.363796349985,26.629734061914));
#772 = CARTESIAN_POINT('',(2.378510900549,26.645245270213));
#773 = CARTESIAN_POINT('',(2.39326035129,26.66087937461));
#774 = CARTESIAN_POINT('',(2.408048251203,26.676626512879));
#775 = ( GEOMETRIC_REPRESENTATION_CONTEXT(2) 
PARAMETRIC_REPRESENTATION_CONTEXT() REPRESENTATION_CONTEXT('2D SPACE',''
  ) );
#776 = PCURVE('',#777,#782);
#777 = CYLINDRICAL_SURFACE('',#778,6.);
#778 = AXIS2_PLACEMENT_3D('',#779,#780,#781);
#779 = CARTESIAN_POINT('',(160.5,60.,22.));
#780 = DIRECTION('',(-1.,-0.,-0.));
#781 = DIRECTION('',(-0.,-0.707106781187,0.707106781187));
#782 = DEFINITIONAL_REPRESENTATION('',(#783),#826);
#783 = B_SPLINE_CURVE_WITH_KNOTS('',6,(#784,#785,#786,#787,#788,#789,
    #790,#791,#792,#793,#794,#795,#796,#797,#798,#799,#800,#801,#802,
    #803,#804,#805,#806,#807,#808,#809,#810,#811,#812,#813,#814,#815,
    #816,#817,#818,#819,#820,#821,#822,#823,#824,#825),.UNSPECIFIED.,.F.
  ,.F.,(7,5,5,5,5,5,5,5,7),(0.,5.86618093729E-02,0.296117704144,
    0.368194053408,0.503182983275,0.639245593576,0.710246869531,
    0.947686710784,1.),.UNSPECIFIED.);
#784 = CARTESIAN_POINT('',(-2.97479240623,5.999999999062E-07));
#785 = CARTESIAN_POINT('',(-2.979889252516,-2.197161171646E-02));
#786 = CARTESIAN_POINT('',(-2.984903190232,-4.437353805828E-02));
#787 = CARTESIAN_POINT('',(-2.989833148211,-6.719532948238E-02));
#788 = CARTESIAN_POINT('',(-2.994677940497,-9.042784687207E-02));
#789 = CARTESIAN_POINT('',(-2.999436266348,-0.114062661537));
#790 = CARTESIAN_POINT('',(-3.023012101054,-0.235360128552));
#791 = CARTESIAN_POINT('',(-3.040504579994,-0.339232561335));
#792 = CARTESIAN_POINT('',(-3.056453885472,-0.449083388437));
#793 = CARTESIAN_POINT('',(-3.070711658534,-0.564391261752));
#794 = CARTESIAN_POINT('',(-3.083109290638,-0.684720841362));
#795 = CARTESIAN_POINT('',(-3.096597144926,-0.847634122205));
#796 = CARTESIAN_POINT('',(-3.099547250328,-0.885977216261));
#797 = CARTESIAN_POINT('',(-3.102300461779,-0.92470058995));
#798 = CARTESIAN_POINT('',(-3.104850965952,-0.963777260285));
#799 = CARTESIAN_POINT('',(-3.107193411707,-1.00318078867));
#800 = CARTESIAN_POINT('',(-3.113311162977,-1.117246246332));
#801 = CARTESIAN_POINT('',(-3.116554080654,-1.192692705567));
#802 = CARTESIAN_POINT('',(-3.119012890015,-1.268954566105));
#803 = CARTESIAN_POINT('',(-3.120661550776,-1.345766047493));
#804 = CARTESIAN_POINT('',(-3.121486520678,-1.42286629612));
#805 = CARTESIAN_POINT('',(-3.121486520678,-1.577747213066));
#806 = CARTESIAN_POINT('',(-3.120648375539,-1.655459725081));
#807 = CARTESIAN_POINT('',(-3.118973422685,-1.732876556711));
#808 = CARTESIAN_POINT('',(-3.116475625877,-1.809730979974));
#809 = CARTESIAN_POINT('',(-3.113181820802,-1.885751155695));
#810 = CARTESIAN_POINT('',(-3.107018630352,-1.999750703548));
#811 = CARTESIAN_POINT('',(-3.104698947734,-2.038547010707));
#812 = CARTESIAN_POINT('',(-3.10217760551,-2.077024950339));
#813 = CARTESIAN_POINT('',(-3.099459730437,-2.115159268101));
#814 = CARTESIAN_POINT('',(-3.096550883325,-2.152924197402));
#815 = CARTESIAN_POINT('',(-3.083110806258,-2.315262363372));
#816 = CARTESIAN_POINT('',(-3.070714333379,-2.435583764615));
#817 = CARTESIAN_POINT('',(-3.056457953911,-2.550884340054));
#818 = CARTESIAN_POINT('',(-3.040510250555,-2.660728732124));
#819 = CARTESIAN_POINT('',(-3.023019574764,-2.764595617327));
#820 = CARTESIAN_POINT('',(-2.999951360039,-2.883288462369));
#821 = CARTESIAN_POINT('',(-2.995716632316,-2.904404012135));
#822 = CARTESIAN_POINT('',(-2.991413018949,-2.925200300745));
#823 = CARTESIAN_POINT('',(-2.987041451948,-2.945671401543));
#824 = CARTESIAN_POINT('',(-2.982602788968,-2.965810950153));
#825 = CARTESIAN_POINT('',(-2.978097813317,-2.985612144478));
#826 = ( GEOMETRIC_REPRESENTATION_CONTEXT(2) 
PARAMETRIC_REPRESENTATION_CONTEXT() REPRESENTATION_CONTEXT('2D SPACE',''
  ) );
#827 = ORIENTED_EDGE('',*,*,#828,.T.);
#828 = EDGE_CURVE('',#684,#57,#829,.T.);
#829 = SURFACE_CURVE('',#830,(#834,#841),.PCURVE_S1.);
#830 = LINE('',#831,#832);
#831 = CARTESIAN_POINT('',(163.48561214447,63.495499085094,43.8));
#832 = VECTOR('',#833,1.);
#833 = DIRECTION('',(0.,-0.,-1.));
#834 = PCURVE('',#77,#835);
#835 = DEFINITIONAL_REPRESENTATION('',(#836),#840);
#836 = LINE('',#837,#838);
#837 = CARTESIAN_POINT('',(2.408048251203,0.));
#838 = VECTOR('',#839,1.);
#839 = DIRECTION('',(0.,1.));
#840 = ( GEOMETRIC_REPRESENTATION_CONTEXT(2) 
PARAMETRIC_REPRESENTATION_CONTEXT() REPRESENTATION_CONTEXT('2D SPACE',''
  ) );
#841 = PCURVE('',#105,#842);
#842 = DEFINITIONAL_REPRESENTATION('',(#843),#847);
#843 = LINE('',#844,#845);
#844 = CARTESIAN_POINT('',(87.205750411863,-43.6));
#845 = VECTOR('',#846,1.);
#846 = DIRECTION('',(-0.,1.));
#847 = ( GEOMETRIC_REPRESENTATION_CONTEXT(2) 
PARAMETRIC_REPRESENTATION_CONTEXT() REPRESENTATION_CONTEXT('2D SPACE',''
  ) );
#848 = ORIENTED_EDGE('',*,*,#56,.F.);
#849 = ORIENTED_EDGE('',*,*,#485,.F.);
#850 = ORIENTED_EDGE('',*,*,#851,.T.);
#851 = EDGE_CURVE('',#486,#852,#854,.T.);
#852 = VERTEX_POINT('',#853);
#853 = CARTESIAN_POINT('',(160.5,63.479361461124,18.991006177164));
#854 = SURFACE_CURVE('',#855,(#876,#900),.PCURVE_S1.);
#855 = B_SPLINE_CURVE_WITH_KNOTS('',7,(#856,#857,#858,#859,#860,#861,
    #862,#863,#864,#865,#866,#867,#868,#869,#870,#871,#872,#873,#874,
    #875),.UNSPECIFIED.,.F.,.F.,(8,6,6,8),(0.,0.236769499788,
    0.770001724999,1.),.UNSPECIFIED.);
#856 = CARTESIAN_POINT('',(160.,62.15648580802,17.936803110873));
#857 = CARTESIAN_POINT('',(160.,62.242889047077,17.982660440429));
#858 = CARTESIAN_POINT('',(160.00435484464,62.327556848707,
    18.030344162007));
#859 = CARTESIAN_POINT('',(160.01274983002,62.410279497687,
    18.079674272039));
#860 = CARTESIAN_POINT('',(160.02487554277,62.490876558343,
    18.130451348096));
#861 = CARTESIAN_POINT('',(160.0404261553,62.569194189401,
    18.182459088645));
#862 = CARTESIAN_POINT('',(160.05909772108,62.645102458834,
    18.235466852811));
#863 = CARTESIAN_POINT('',(160.12898161079,62.883775854508,
    18.410317964216));
#864 = CARTESIAN_POINT('',(160.19176450064,63.036626243074,
    18.535494202349));
#865 = CARTESIAN_POINT('',(160.2660209509,63.177234952531,18.66313510404
    ));
#866 = CARTESIAN_POINT('',(160.34973292116,63.306209630597,
    18.791901800478));
#867 = CARTESIAN_POINT('',(160.44162766056,63.424300835417,
    18.920771486474));
#868 = CARTESIAN_POINT('',(160.54105177474,63.532168957572,
    19.048853074169));
#869 = CARTESIAN_POINT('',(160.69401560137,63.672506261752,
    19.229180765373));
#870 = CARTESIAN_POINT('',(160.74146155003,63.712937814507,
    19.283091791861));
#871 = CARTESIAN_POINT('',(160.79027960263,63.751576970123,
    19.336505682013));
#872 = CARTESIAN_POINT('',(160.84050387933,63.788461032559,
    19.389325499652));
#873 = CARTESIAN_POINT('',(160.89217424915,63.823599032868,
    19.441410153315));
#874 = CARTESIAN_POINT('',(160.94532951521,63.856972621731,
    19.492560471972));
#875 = CARTESIAN_POINT('',(161.0000006,63.888536961999,19.542505280744)
  );
#876 = PCURVE('',#77,#877);
#877 = DEFINITIONAL_REPRESENTATION('',(#878),#899);
#878 = B_SPLINE_CURVE_WITH_KNOTS('',7,(#879,#880,#881,#882,#883,#884,
    #885,#886,#887,#888,#889,#890,#891,#892,#893,#894,#895,#896,#897,
    #898),.UNSPECIFIED.,.F.,.F.,(8,6,6,8),(0.,0.236769499788,
    0.770001724999,1.),.UNSPECIFIED.);
#879 = CARTESIAN_POINT('',(0.,25.863196889127));
#880 = CARTESIAN_POINT('',(4.320161952871E-02,25.817339559571));
#881 = CARTESIAN_POINT('',(8.553561529381E-02,25.769655837993));
#882 = CARTESIAN_POINT('',(0.127028450799,25.720325727961));
#883 = CARTESIAN_POINT('',(0.167698299004,25.669548651904));
#884 = CARTESIAN_POINT('',(0.20755562386,25.617540911355));
#885 = CARTESIAN_POINT('',(0.246603761848,25.564533147189));
#886 = CARTESIAN_POINT('',(0.370950804277,25.389682035784));
#887 = CARTESIAN_POINT('',(0.453117723543,25.264505797651));
#888 = CARTESIAN_POINT('',(0.532065094092,25.13686489596));
#889 = CARTESIAN_POINT('',(0.608415746145,25.008098199521));
#890 = CARTESIAN_POINT('',(0.682813099768,24.879228513526));
#891 = CARTESIAN_POINT('',(0.755905682442,24.751146925831));
#892 = CARTESIAN_POINT('',(0.859699337356,24.570819234627));
#893 = CARTESIAN_POINT('',(0.890846697631,24.516908208139));
#894 = CARTESIAN_POINT('',(0.921943530092,24.463494317987));
#895 = CARTESIAN_POINT('',(0.953063403925,24.410674500348));
#896 = CARTESIAN_POINT('',(0.984273287223,24.358589846685));
#897 = CARTESIAN_POINT('',(1.0156335384,24.307439528028));
#898 = CARTESIAN_POINT('',(1.047197897607,24.257494719256));
#899 = ( GEOMETRIC_REPRESENTATION_CONTEXT(2) 
PARAMETRIC_REPRESENTATION_CONTEXT() REPRESENTATION_CONTEXT('2D SPACE',''
  ) );
#900 = PCURVE('',#529,#901);
#901 = DEFINITIONAL_REPRESENTATION('',(#902),#923);
#902 = B_SPLINE_CURVE_WITH_KNOTS('',7,(#903,#904,#905,#906,#907,#908,
    #909,#910,#911,#912,#913,#914,#915,#916,#917,#918,#919,#920,#921,
    #922),.UNSPECIFIED.,.F.,.F.,(8,6,6,8),(0.,0.236769499788,
    0.770001724999,1.),.UNSPECIFIED.);
#903 = CARTESIAN_POINT('',(-2.844127671934,-2.));
#904 = CARTESIAN_POINT('',(-2.865392513736,-2.));
#905 = CARTESIAN_POINT('',(-2.886510229749,-2.004354844641));
#906 = CARTESIAN_POINT('',(-2.907437974565,-2.012749830022));
#907 = CARTESIAN_POINT('',(-2.928135424683,-2.024875542773));
#908 = CARTESIAN_POINT('',(-2.948563964366,-2.040426155309));
#909 = CARTESIAN_POINT('',(-2.968685871505,-2.059097721082));
#910 = CARTESIAN_POINT('',(-3.033005012056,-2.128981610791));
#911 = CARTESIAN_POINT('',(-3.075891728938,-2.191764500642));
#912 = CARTESIAN_POINT('',(-3.117092653915,-2.266020950905));
#913 = CARTESIAN_POINT('',(-3.156638326108,-2.349732921169));
#914 = CARTESIAN_POINT('',(-3.194582349348,-2.441627660563));
#915 = CARTESIAN_POINT('',(-3.230957996104,-2.541051774742));
#916 = CARTESIAN_POINT('',(-3.280632092365,-2.694015601372));
#917 = CARTESIAN_POINT('',(-3.295279291402,-2.741461550038));
#918 = CARTESIAN_POINT('',(-3.30960731091,-2.79027960263));
#919 = CARTESIAN_POINT('',(-3.323609017478,-2.840503879334));
#920 = CARTESIAN_POINT('',(-3.337264899658,-2.892174249158));
#921 = CARTESIAN_POINT('',(-3.350540653215,-2.945329515212));
#922 = CARTESIAN_POINT('',(-3.363384766376,-3.0000006));
#923 = ( GEOMETRIC_REPRESENTATION_CONTEXT(2) 
PARAMETRIC_REPRESENTATION_CONTEXT() REPRESENTATION_CONTEXT('2D SPACE',''
  ) );
#924 = ORIENTED_EDGE('',*,*,#925,.T.);
#925 = EDGE_CURVE('',#852,#682,#926,.T.);
#926 = SURFACE_CURVE('',#927,(#931,#937),.PCURVE_S1.);
#927 = LINE('',#928,#929);
#928 = CARTESIAN_POINT('',(160.5,63.479361463552,43.8));
#929 = VECTOR('',#930,1.);
#930 = DIRECTION('',(0.,-0.,-1.));
#931 = PCURVE('',#77,#932);
#932 = DEFINITIONAL_REPRESENTATION('',(#933),#936);
#933 = B_SPLINE_CURVE_WITH_KNOTS('',1,(#934,#935),.UNSPECIFIED.,.F.,.F.,
  (2,2),(11.866190488338,29.248528137424),.PIECEWISE_BEZIER_KNOTS.);
#934 = CARTESIAN_POINT('',(0.722734247813,11.866190488338));
#935 = CARTESIAN_POINT('',(0.722734247813,29.248528137424));
#936 = ( GEOMETRIC_REPRESENTATION_CONTEXT(2) 
PARAMETRIC_REPRESENTATION_CONTEXT() REPRESENTATION_CONTEXT('2D SPACE',''
  ) );
#937 = PCURVE('',#938,#943);
#938 = PLANE('',#939);
#939 = AXIS2_PLACEMENT_3D('',#940,#941,#942);
#940 = CARTESIAN_POINT('',(160.5,60.,23.077736553898));
#941 = DIRECTION('',(1.,0.,0.));
#942 = DIRECTION('',(-0.,0.,1.));
#943 = DEFINITIONAL_REPRESENTATION('',(#944),#947);
#944 = B_SPLINE_CURVE_WITH_KNOTS('',1,(#945,#946),.UNSPECIFIED.,.F.,.F.,
  (2,2),(11.866190488338,29.248528137424),.PIECEWISE_BEZIER_KNOTS.);
#945 = CARTESIAN_POINT('',(8.856072957765,-3.479361463552));
#946 = CARTESIAN_POINT('',(-8.526264691322,-3.479361463552));
#947 = ( GEOMETRIC_REPRESENTATION_CONTEXT(2) 
PARAMETRIC_REPRESENTATION_CONTEXT() REPRESENTATION_CONTEXT('2D SPACE',''
  ) );
#948 = ADVANCED_FACE('',(#949),#160,.F.);
#949 = FACE_BOUND('',#950,.T.);
#950 = EDGE_LOOP('',(#951,#952,#953,#977));
#951 = ORIENTED_EDGE('',*,*,#145,.F.);
#952 = ORIENTED_EDGE('',*,*,#463,.T.);
#953 = ORIENTED_EDGE('',*,*,#954,.T.);
#954 = EDGE_CURVE('',#436,#955,#957,.T.);
#955 = VERTEX_POINT('',#956);
#956 = CARTESIAN_POINT('',(166.,6.,43.8));
#957 = SURFACE_CURVE('',#958,(#963,#970),.PCURVE_S1.);
#958 = CIRCLE('',#959,6.);
#959 = AXIS2_PLACEMENT_3D('',#960,#961,#962);
#960 = CARTESIAN_POINT('',(166.,12.,43.8));
#961 = DIRECTION('',(0.,0.,1.));
#962 = DIRECTION('',(1.,0.,0.));
#963 = PCURVE('',#160,#964);
#964 = DEFINITIONAL_REPRESENTATION('',(#965),#969);
#965 = LINE('',#966,#967);
#966 = CARTESIAN_POINT('',(-0.,-43.6));
#967 = VECTOR('',#968,1.);
#968 = DIRECTION('',(-1.,0.));
#969 = ( GEOMETRIC_REPRESENTATION_CONTEXT(2) 
PARAMETRIC_REPRESENTATION_CONTEXT() REPRESENTATION_CONTEXT('2D SPACE',''
  ) );
#970 = PCURVE('',#451,#971);
#971 = DEFINITIONAL_REPRESENTATION('',(#972),#976);
#972 = CIRCLE('',#973,6.);
#973 = AXIS2_PLACEMENT_2D('',#974,#975);
#974 = CARTESIAN_POINT('',(11.,12.));
#975 = DIRECTION('',(1.,0.));
#976 = ( GEOMETRIC_REPRESENTATION_CONTEXT(2) 
PARAMETRIC_REPRESENTATION_CONTEXT() REPRESENTATION_CONTEXT('2D SPACE',''
  ) );
#977 = ORIENTED_EDGE('',*,*,#978,.F.);
#978 = EDGE_CURVE('',#118,#955,#979,.T.);
#979 = SURFACE_CURVE('',#980,(#984,#991),.PCURVE_S1.);
#980 = LINE('',#981,#982);
#981 = CARTESIAN_POINT('',(166.,6.,0.2));
#982 = VECTOR('',#983,1.);
#983 = DIRECTION('',(0.,0.,1.));
#984 = PCURVE('',#160,#985);
#985 = DEFINITIONAL_REPRESENTATION('',(#986),#990);
#986 = LINE('',#987,#988);
#987 = CARTESIAN_POINT('',(-4.712388980385,0.));
#988 = VECTOR('',#989,1.);
#989 = DIRECTION('',(-0.,-1.));
#990 = ( GEOMETRIC_REPRESENTATION_CONTEXT(2) 
PARAMETRIC_REPRESENTATION_CONTEXT() REPRESENTATION_CONTEXT('2D SPACE',''
  ) );
#991 = PCURVE('',#133,#992);
#992 = DEFINITIONAL_REPRESENTATION('',(#993),#997);
#993 = LINE('',#994,#995);
#994 = CARTESIAN_POINT('',(0.,11.));
#995 = VECTOR('',#996,1.);
#996 = DIRECTION('',(1.,0.));
#997 = ( GEOMETRIC_REPRESENTATION_CONTEXT(2) 
PARAMETRIC_REPRESENTATION_CONTEXT() REPRESENTATION_CONTEXT('2D SPACE',''
  ) );
#998 = ADVANCED_FACE('',(#999,#1164),#105,.T.);
#999 = FACE_BOUND('',#1000,.T.);
#1000 = EDGE_LOOP('',(#1001,#1002,#1003,#1024,#1047,#1070,#1096,#1122));
#1001 = ORIENTED_EDGE('',*,*,#828,.T.);
#1002 = ORIENTED_EDGE('',*,*,#89,.F.);
#1003 = ORIENTED_EDGE('',*,*,#1004,.T.);
#1004 = EDGE_CURVE('',#90,#1005,#1007,.T.);
#1005 = VERTEX_POINT('',#1006);
#1006 = CARTESIAN_POINT('',(215.30750720174,6.,43.8));
#1007 = SURFACE_CURVE('',#1008,(#1012,#1018),.PCURVE_S1.);
#1008 = LINE('',#1009,#1010);
#1009 = CARTESIAN_POINT('',(215.30750720174,6.,0.2));
#1010 = VECTOR('',#1011,1.);
#1011 = DIRECTION('',(0.,-0.,1.));
#1012 = PCURVE('',#105,#1013);
#1013 = DEFINITIONAL_REPRESENTATION('',(#1014),#1017);
#1014 = B_SPLINE_CURVE_WITH_KNOTS('',1,(#1015,#1016),.UNSPECIFIED.,.F.,
  .F.,(2,2),(0.,43.6),.PIECEWISE_BEZIER_KNOTS.);
#1015 = CARTESIAN_POINT('',(9.802641802642,0.));
#1016 = CARTESIAN_POINT('',(9.802641802642,-43.6));
#1017 = ( GEOMETRIC_REPRESENTATION_CONTEXT(2) 
PARAMETRIC_REPRESENTATION_CONTEXT() REPRESENTATION_CONTEXT('2D SPACE',''
  ) );
#1018 = PCURVE('',#133,#1019);
#1019 = DEFINITIONAL_REPRESENTATION('',(#1020),#1023);
#1020 = B_SPLINE_CURVE_WITH_KNOTS('',1,(#1021,#1022),.UNSPECIFIED.,.F.,
  .F.,(2,2),(0.,43.6),.PIECEWISE_BEZIER_KNOTS.);
#1021 = CARTESIAN_POINT('',(0.,60.307507201749));
#1022 = CARTESIAN_POINT('',(43.6,60.307507201749));
#1023 = ( GEOMETRIC_REPRESENTATION_CONTEXT(2) 
PARAMETRIC_REPRESENTATION_CONTEXT() REPRESENTATION_CONTEXT('2D SPACE',''
  ) );
#1024 = ORIENTED_EDGE('',*,*,#1025,.T.);
#1025 = EDGE_CURVE('',#1005,#1026,#1028,.T.);
#1026 = VERTEX_POINT('',#1027);
#1027 = CARTESIAN_POINT('',(163.48561214447,63.495499085094,43.8));
#1028 = SURFACE_CURVE('',#1029,(#1033,#1040),.PCURVE_S1.);
#1029 = LINE('',#1030,#1031);
#1030 = CARTESIAN_POINT('',(221.87044096381,-1.281461854985,43.8));
#1031 = VECTOR('',#1032,1.);
#1032 = DIRECTION('',(-0.669506638537,0.742806072239,0.));
#1033 = PCURVE('',#105,#1034);
#1034 = DEFINITIONAL_REPRESENTATION('',(#1035),#1039);
#1035 = LINE('',#1036,#1037);
#1036 = CARTESIAN_POINT('',(0.,-43.6));
#1037 = VECTOR('',#1038,1.);
#1038 = DIRECTION('',(1.,0.));
#1039 = ( GEOMETRIC_REPRESENTATION_CONTEXT(2) 
PARAMETRIC_REPRESENTATION_CONTEXT() REPRESENTATION_CONTEXT('2D SPACE',''
  ) );
#1040 = PCURVE('',#451,#1041);
#1041 = DEFINITIONAL_REPRESENTATION('',(#1042),#1046);
#1042 = LINE('',#1043,#1044);
#1043 = CARTESIAN_POINT('',(66.870440963818,-1.281461854985));
#1044 = VECTOR('',#1045,1.);
#1045 = DIRECTION('',(-0.669506638537,0.742806072239));
#1046 = ( GEOMETRIC_REPRESENTATION_CONTEXT(2) 
PARAMETRIC_REPRESENTATION_CONTEXT() REPRESENTATION_CONTEXT('2D SPACE',''
  ) );
#1047 = ORIENTED_EDGE('',*,*,#1048,.T.);
#1048 = EDGE_CURVE('',#1026,#1049,#1051,.T.);
#1049 = VERTEX_POINT('',#1050);
#1050 = CARTESIAN_POINT('',(163.48561214447,63.495499085094,
    26.989782289145));
#1051 = SURFACE_CURVE('',#1052,(#1056,#1063),.PCURVE_S1.);
#1052 = LINE('',#1053,#1054);
#1053 = CARTESIAN_POINT('',(163.48561214447,63.495499085094,43.8));
#1054 = VECTOR('',#1055,1.);
#1055 = DIRECTION('',(0.,-0.,-1.));
#1056 = PCURVE('',#105,#1057);
#1057 = DEFINITIONAL_REPRESENTATION('',(#1058),#1062);
#1058 = LINE('',#1059,#1060);
#1059 = CARTESIAN_POINT('',(87.205750411863,-43.6));
#1060 = VECTOR('',#1061,1.);
#1061 = DIRECTION('',(-0.,1.));
#1062 = ( GEOMETRIC_REPRESENTATION_CONTEXT(2) 
PARAMETRIC_REPRESENTATION_CONTEXT() REPRESENTATION_CONTEXT('2D SPACE',''
  ) );
#1063 = PCURVE('',#423,#1064);
#1064 = DEFINITIONAL_REPRESENTATION('',(#1065),#1069);
#1065 = LINE('',#1066,#1067);
#1066 = CARTESIAN_POINT('',(2.408048251203,0.));
#1067 = VECTOR('',#1068,1.);
#1068 = DIRECTION('',(0.,1.));
#1069 = ( GEOMETRIC_REPRESENTATION_CONTEXT(2) 
PARAMETRIC_REPRESENTATION_CONTEXT() REPRESENTATION_CONTEXT('2D SPACE',''
  ) );
#1070 = ORIENTED_EDGE('',*,*,#1071,.T.);
#1071 = EDGE_CURVE('',#1049,#1072,#1074,.T.);
#1072 = VERTEX_POINT('',#1073);
#1073 = CARTESIAN_POINT('',(166.63617853042,60.,30.485281374239));
#1074 = SURFACE_CURVE('',#1075,(#1079,#1085),.PCURVE_S1.);
#1075 = LINE('',#1076,#1077);
#1076 = CARTESIAN_POINT('',(177.33455992674,48.130330295636,
    42.354951078603));
#1077 = VECTOR('',#1078,1.);
#1078 = DIRECTION('',(0.537455474279,-0.596297582239,0.596297582239));
#1079 = PCURVE('',#105,#1080);
#1080 = DEFINITIONAL_REPRESENTATION('',(#1081),#1084);
#1081 = B_SPLINE_CURVE_WITH_KNOTS('',1,(#1082,#1083),.UNSPECIFIED.,.F.,
  .F.,(2,2),(-25.76761879826,-19.90561434074),.PIECEWISE_BEZIER_KNOTS.);
#1082 = CARTESIAN_POINT('',(87.205750411863,-26.78978228914));
#1083 = CARTESIAN_POINT('',(82.49994735541,-30.28528137423));
#1084 = ( GEOMETRIC_REPRESENTATION_CONTEXT(2) 
PARAMETRIC_REPRESENTATION_CONTEXT() REPRESENTATION_CONTEXT('2D SPACE',''
  ) );
#1085 = PCURVE('',#1086,#1091);
#1086 = PLANE('',#1087);
#1087 = AXIS2_PLACEMENT_3D('',#1088,#1089,#1090);
#1088 = CARTESIAN_POINT('',(160.5,64.242640687119,26.242640687119));
#1089 = DIRECTION('',(0.,-0.707106781187,-0.707106781187));
#1090 = DIRECTION('',(0.,-0.707106781187,0.707106781187));
#1091 = DEFINITIONAL_REPRESENTATION('',(#1092),#1095);
#1092 = B_SPLINE_CURVE_WITH_KNOTS('',1,(#1093,#1094),.UNSPECIFIED.,.F.,
  .F.,(2,2),(-25.76761879826,-19.90561434074),.PIECEWISE_BEZIER_KNOTS.);
#1093 = CARTESIAN_POINT('',(1.056617786598,-2.985612144478));
#1094 = CARTESIAN_POINT('',(6.,-6.136178530421));
#1095 = ( GEOMETRIC_REPRESENTATION_CONTEXT(2) 
PARAMETRIC_REPRESENTATION_CONTEXT() REPRESENTATION_CONTEXT('2D SPACE',''
  ) );
#1096 = ORIENTED_EDGE('',*,*,#1097,.T.);
#1097 = EDGE_CURVE('',#1072,#1098,#1100,.T.);
#1098 = VERTEX_POINT('',#1099);
#1099 = CARTESIAN_POINT('',(170.46015925851,55.757359312881,
    26.242640687119));
#1100 = SURFACE_CURVE('',#1101,(#1105,#1111),.PCURVE_S1.);
#1101 = LINE('',#1102,#1103);
#1102 = CARTESIAN_POINT('',(188.40018577953,35.853209198616,
    6.338490572854));
#1103 = VECTOR('',#1104,1.);
#1104 = DIRECTION('',(0.537455474279,-0.596297582239,-0.596297582239));
#1105 = PCURVE('',#105,#1106);
#1106 = DEFINITIONAL_REPRESENTATION('',(#1107),#1110);
#1107 = B_SPLINE_CURVE_WITH_KNOTS('',1,(#1108,#1109),.UNSPECIFIED.,.F.,
  .F.,(2,2),(-40.49453078566,-33.37955864173),.PIECEWISE_BEZIER_KNOTS.);
#1108 = CARTESIAN_POINT('',(82.49994735541,-30.28528137423));
#1109 = CARTESIAN_POINT('',(76.788307607593,-26.04264068711));
#1110 = ( GEOMETRIC_REPRESENTATION_CONTEXT(2) 
PARAMETRIC_REPRESENTATION_CONTEXT() REPRESENTATION_CONTEXT('2D SPACE',''
  ) );
#1111 = PCURVE('',#1112,#1117);
#1112 = PLANE('',#1113);
#1113 = AXIS2_PLACEMENT_3D('',#1114,#1115,#1116);
#1114 = CARTESIAN_POINT('',(160.5,60.,30.485281374239));
#1115 = DIRECTION('',(0.,0.707106781187,-0.707106781187));
#1116 = DIRECTION('',(0.,-0.707106781187,-0.707106781187));
#1117 = DEFINITIONAL_REPRESENTATION('',(#1118),#1121);
#1118 = B_SPLINE_CURVE_WITH_KNOTS('',1,(#1119,#1120),.UNSPECIFIED.,.F.,
  .F.,(2,2),(-40.49453078566,-33.37955864173),.PIECEWISE_BEZIER_KNOTS.);
#1119 = CARTESIAN_POINT('',(0.,-6.136178530421));
#1120 = CARTESIAN_POINT('',(6.,-9.960159258516));
#1121 = ( GEOMETRIC_REPRESENTATION_CONTEXT(2) 
PARAMETRIC_REPRESENTATION_CONTEXT() REPRESENTATION_CONTEXT('2D SPACE',''
  ) );
#1122 = ORIENTED_EDGE('',*,*,#1123,.F.);
#1123 = EDGE_CURVE('',#684,#1098,#1124,.T.);
#1124 = SURFACE_CURVE('',#1125,(#1130,#1137),.PCURVE_S1.);
#1125 = ELLIPSE('',#1126,8.077478394752,6.);
#1126 = AXIS2_PLACEMENT_3D('',#1127,#1128,#1129);
#1127 = CARTESIAN_POINT('',(166.63617853042,60.,22.));
#1128 = DIRECTION('',(-0.742806072239,-0.669506638537,0.));
#1129 = DIRECTION('',(-0.669506638537,0.742806072239,0.));
#1130 = PCURVE('',#105,#1131);
#1131 = DEFINITIONAL_REPRESENTATION('',(#1132),#1136);
#1132 = ELLIPSE('',#1133,8.077478394752,6.);
#1133 = AXIS2_PLACEMENT_2D('',#1134,#1135);
#1134 = CARTESIAN_POINT('',(82.49994735541,-21.8));
#1135 = DIRECTION('',(1.,0.));
#1136 = ( GEOMETRIC_REPRESENTATION_CONTEXT(2) 
PARAMETRIC_REPRESENTATION_CONTEXT() REPRESENTATION_CONTEXT('2D SPACE',''
  ) );
#1137 = PCURVE('',#777,#1138);
#1138 = DEFINITIONAL_REPRESENTATION('',(#1139),#1163);
#1139 = B_SPLINE_CURVE_WITH_KNOTS('',8,(#1140,#1141,#1142,#1143,#1144,
    #1145,#1146,#1147,#1148,#1149,#1150,#1151,#1152,#1153,#1154,#1155,
    #1156,#1157,#1158,#1159,#1160,#1161,#1162),.UNSPECIFIED.,.F.,.F.,(9,
    7,7,9),(5.497787143782,6.675884388878,8.443030256523,10.210176124167
    ),.UNSPECIFIED.);
#1140 = CARTESIAN_POINT('',(-4.712388980385,-2.312197802326));
#1141 = CARTESIAN_POINT('',(-4.565126824748,-1.749070157192));
#1142 = CARTESIAN_POINT('',(-4.41786466911,-1.280717219763));
#1143 = CARTESIAN_POINT('',(-4.270602513474,-0.925744154303));
#1144 = CARTESIAN_POINT('',(-4.123340357837,-0.698385997));
#1145 = CARTESIAN_POINT('',(-3.9760782022,-0.607173627912));
#1146 = CARTESIAN_POINT('',(-3.828816046563,-0.654210927189));
#1147 = CARTESIAN_POINT('',(-3.681553890926,-0.83514444726));
#1148 = CARTESIAN_POINT('',(-3.313398501833,-1.597050660837));
#1149 = CARTESIAN_POINT('',(-3.092505268374,-2.332809224072));
#1150 = CARTESIAN_POINT('',(-2.871612034927,-3.313184615903));
#1151 = CARTESIAN_POINT('',(-2.650718801446,-4.475220237488));
#1152 = CARTESIAN_POINT('',(-2.42982556801,-5.732132014367));
#1153 = CARTESIAN_POINT('',(-2.208932334552,-6.986612728476));
#1154 = CARTESIAN_POINT('',(-1.9880391011,-8.147408821014));
#1155 = CARTESIAN_POINT('',(-1.546252634189,-10.13391299789));
#1156 = CARTESIAN_POINT('',(-1.325359400732,-10.95962218172));
#1157 = CARTESIAN_POINT('',(-1.104466167277,-11.54393617293));
#1158 = CARTESIAN_POINT('',(-0.883572933818,-11.83045196018));
#1159 = CARTESIAN_POINT('',(-0.662679700369,-11.79170324651));
#1160 = CARTESIAN_POINT('',(-0.44178646691,-11.43630029228));
#1161 = CARTESIAN_POINT('',(-0.220893233456,-10.80485072621));
#1162 = CARTESIAN_POINT('',(0.,-9.960159258516));
#1163 = ( GEOMETRIC_REPRESENTATION_CONTEXT(2) 
PARAMETRIC_REPRESENTATION_CONTEXT() REPRESENTATION_CONTEXT('2D SPACE',''
  ) );
#1164 = FACE_BOUND('',#1165,.T.);
#1165 = EDGE_LOOP('',(#1166,#1217,#1243));
#1166 = ORIENTED_EDGE('',*,*,#1167,.F.);
#1167 = EDGE_CURVE('',#1168,#1170,#1172,.T.);
#1168 = VERTEX_POINT('',#1169);
#1169 = CARTESIAN_POINT('',(198.86503385516,24.242640687119,
    26.242640687119));
#1170 = VERTEX_POINT('',#1171);
#1171 = CARTESIAN_POINT('',(206.51299531135,15.757359312881,
    26.242640687119));
#1172 = SURFACE_CURVE('',#1173,(#1178,#1185),.PCURVE_S1.);
#1173 = ELLIPSE('',#1174,8.077478394752,6.);
#1174 = AXIS2_PLACEMENT_3D('',#1175,#1176,#1177);
#1175 = CARTESIAN_POINT('',(202.68901458325,20.,22.));
#1176 = DIRECTION('',(-0.742806072239,-0.669506638537,0.));
#1177 = DIRECTION('',(-0.669506638537,0.742806072239,0.));
#1178 = PCURVE('',#105,#1179);
#1179 = DEFINITIONAL_REPRESENTATION('',(#1180),#1184);
#1180 = ELLIPSE('',#1181,8.077478394752,6.);
#1181 = AXIS2_PLACEMENT_2D('',#1182,#1183);
#1182 = CARTESIAN_POINT('',(28.650091390396,-21.8));
#1183 = DIRECTION('',(1.,0.));
#1184 = ( GEOMETRIC_REPRESENTATION_CONTEXT(2) 
PARAMETRIC_REPRESENTATION_CONTEXT() REPRESENTATION_CONTEXT('2D SPACE',''
  ) );
#1185 = PCURVE('',#1186,#1191);
#1186 = CYLINDRICAL_SURFACE('',#1187,6.);
#1187 = AXIS2_PLACEMENT_3D('',#1188,#1189,#1190);
#1188 = CARTESIAN_POINT('',(160.5,20.,22.));
#1189 = DIRECTION('',(-1.,-0.,-0.));
#1190 = DIRECTION('',(-0.,-0.707106781187,0.707106781187));
#1191 = DEFINITIONAL_REPRESENTATION('',(#1192),#1216);
#1192 = B_SPLINE_CURVE_WITH_KNOTS('',8,(#1193,#1194,#1195,#1196,#1197,
    #1198,#1199,#1200,#1201,#1202,#1203,#1204,#1205,#1206,#1207,#1208,
    #1209,#1210,#1211,#1212,#1213,#1214,#1215),.UNSPECIFIED.,.F.,.F.,(9,
    7,7,9),(5.497787143782,6.675884388878,8.443030256523,10.210176124167
    ),.UNSPECIFIED.);
#1193 = CARTESIAN_POINT('',(-4.712388980385,-38.36503385516));
#1194 = CARTESIAN_POINT('',(-4.565126824748,-37.80190621002));
#1195 = CARTESIAN_POINT('',(-4.417864669111,-37.33355327259));
#1196 = CARTESIAN_POINT('',(-4.270602513474,-36.97858020714));
#1197 = CARTESIAN_POINT('',(-4.123340357837,-36.75122204984));
#1198 = CARTESIAN_POINT('',(-3.9760782022,-36.66000968075));
#1199 = CARTESIAN_POINT('',(-3.828816046562,-36.70704698002));
#1200 = CARTESIAN_POINT('',(-3.681553890926,-36.88798050009));
#1201 = CARTESIAN_POINT('',(-3.313398501833,-37.64988671367));
#1202 = CARTESIAN_POINT('',(-3.092505268376,-38.38564527696));
#1203 = CARTESIAN_POINT('',(-2.871612034918,-39.36602066854));
#1204 = CARTESIAN_POINT('',(-2.650718801466,-40.52805629046));
#1205 = CARTESIAN_POINT('',(-2.429825568015,-41.78496806699));
#1206 = CARTESIAN_POINT('',(-2.208932334554,-43.03944878132));
#1207 = CARTESIAN_POINT('',(-1.9880391011,-44.20024487385));
#1208 = CARTESIAN_POINT('',(-1.546252634189,-46.18674905073));
#1209 = CARTESIAN_POINT('',(-1.325359400732,-47.01245823448));
#1210 = CARTESIAN_POINT('',(-1.104466167278,-47.59677222571));
#1211 = CARTESIAN_POINT('',(-0.883572933817,-47.88328801287));
#1212 = CARTESIAN_POINT('',(-0.662679700368,-47.84453929946));
#1213 = CARTESIAN_POINT('',(-0.44178646691,-47.48913634504));
#1214 = CARTESIAN_POINT('',(-0.220893233456,-46.85768677905));
#1215 = CARTESIAN_POINT('',(8.881784197001E-16,-46.01299531135));
#1216 = ( GEOMETRIC_REPRESENTATION_CONTEXT(2) 
PARAMETRIC_REPRESENTATION_CONTEXT() REPRESENTATION_CONTEXT('2D SPACE',''
  ) );
#1217 = ORIENTED_EDGE('',*,*,#1218,.T.);
#1218 = EDGE_CURVE('',#1168,#1219,#1221,.T.);
#1219 = VERTEX_POINT('',#1220);
#1220 = CARTESIAN_POINT('',(202.68901458325,20.,30.485281374239));
#1221 = SURFACE_CURVE('',#1222,(#1226,#1232),.PCURVE_S1.);
#1222 = LINE('',#1223,#1224);
#1223 = CARTESIAN_POINT('',(196.56356391915,26.796081900607,
    23.689199473631));
#1224 = VECTOR('',#1225,1.);
#1225 = DIRECTION('',(0.537455474279,-0.596297582239,0.596297582239));
#1226 = PCURVE('',#105,#1227);
#1227 = DEFINITIONAL_REPRESENTATION('',(#1228),#1231);
#1228 = B_SPLINE_CURVE_WITH_KNOTS('',1,(#1229,#1230),.UNSPECIFIED.,.F.,
  .F.,(2,2),(4.282159259981,11.397131403907),.PIECEWISE_BEZIER_KNOTS.);
#1229 = CARTESIAN_POINT('',(34.361731138213,-26.04264068711));
#1230 = CARTESIAN_POINT('',(28.650091390396,-30.28528137423));
#1231 = ( GEOMETRIC_REPRESENTATION_CONTEXT(2) 
PARAMETRIC_REPRESENTATION_CONTEXT() REPRESENTATION_CONTEXT('2D SPACE',''
  ) );
#1232 = PCURVE('',#1233,#1238);
#1233 = PLANE('',#1234);
#1234 = AXIS2_PLACEMENT_3D('',#1235,#1236,#1237);
#1235 = CARTESIAN_POINT('',(160.5,24.242640687119,26.242640687119));
#1236 = DIRECTION('',(0.,-0.707106781187,-0.707106781187));
#1237 = DIRECTION('',(0.,-0.707106781187,0.707106781187));
#1238 = DEFINITIONAL_REPRESENTATION('',(#1239),#1242);
#1239 = B_SPLINE_CURVE_WITH_KNOTS('',1,(#1240,#1241),.UNSPECIFIED.,.F.,
  .F.,(2,2),(4.282159259981,11.397131403907),.PIECEWISE_BEZIER_KNOTS.);
#1240 = CARTESIAN_POINT('',(0.,-38.36503385516));
#1241 = CARTESIAN_POINT('',(6.,-42.18901458325));
#1242 = ( GEOMETRIC_REPRESENTATION_CONTEXT(2) 
PARAMETRIC_REPRESENTATION_CONTEXT() REPRESENTATION_CONTEXT('2D SPACE',''
  ) );
#1243 = ORIENTED_EDGE('',*,*,#1244,.T.);
#1244 = EDGE_CURVE('',#1219,#1170,#1245,.T.);
#1245 = SURFACE_CURVE('',#1246,(#1250,#1256),.PCURVE_S1.);
#1246 = LINE('',#1247,#1248);
#1247 = CARTESIAN_POINT('',(207.62918977194,14.518960803587,
    25.004242177826));
#1248 = VECTOR('',#1249,1.);
#1249 = DIRECTION('',(0.537455474279,-0.596297582239,-0.596297582239));
#1250 = PCURVE('',#105,#1251);
#1251 = DEFINITIONAL_REPRESENTATION('',(#1252),#1255);
#1252 = B_SPLINE_CURVE_WITH_KNOTS('',1,(#1253,#1254),.UNSPECIFIED.,.F.,
  .F.,(2,2),(-9.19178504101,-2.076812897084),.PIECEWISE_BEZIER_KNOTS.);
#1253 = CARTESIAN_POINT('',(28.650091390396,-30.28528137423));
#1254 = CARTESIAN_POINT('',(22.938451642579,-26.04264068711));
#1255 = ( GEOMETRIC_REPRESENTATION_CONTEXT(2) 
PARAMETRIC_REPRESENTATION_CONTEXT() REPRESENTATION_CONTEXT('2D SPACE',''
  ) );
#1256 = PCURVE('',#1257,#1262);
#1257 = PLANE('',#1258);
#1258 = AXIS2_PLACEMENT_3D('',#1259,#1260,#1261);
#1259 = CARTESIAN_POINT('',(160.5,20.,30.485281374239));
#1260 = DIRECTION('',(0.,0.707106781187,-0.707106781187));
#1261 = DIRECTION('',(0.,-0.707106781187,-0.707106781187));
#1262 = DEFINITIONAL_REPRESENTATION('',(#1263),#1266);
#1263 = B_SPLINE_CURVE_WITH_KNOTS('',1,(#1264,#1265),.UNSPECIFIED.,.F.,
  .F.,(2,2),(-9.19178504101,-2.076812897084),.PIECEWISE_BEZIER_KNOTS.);
#1264 = CARTESIAN_POINT('',(-8.881784197001E-16,-42.18901458325));
#1265 = CARTESIAN_POINT('',(6.,-46.01299531135));
#1266 = ( GEOMETRIC_REPRESENTATION_CONTEXT(2) 
PARAMETRIC_REPRESENTATION_CONTEXT() REPRESENTATION_CONTEXT('2D SPACE',''
  ) );
#1267 = ADVANCED_FACE('',(#1268),#133,.T.);
#1268 = FACE_BOUND('',#1269,.T.);
#1269 = EDGE_LOOP('',(#1270,#1271,#1272,#1273));
#1270 = ORIENTED_EDGE('',*,*,#1004,.F.);
#1271 = ORIENTED_EDGE('',*,*,#117,.F.);
#1272 = ORIENTED_EDGE('',*,*,#978,.T.);
#1273 = ORIENTED_EDGE('',*,*,#1274,.T.);
#1274 = EDGE_CURVE('',#955,#1005,#1275,.T.);
#1275 = SURFACE_CURVE('',#1276,(#1280,#1287),.PCURVE_S1.);
#1276 = LINE('',#1277,#1278);
#1277 = CARTESIAN_POINT('',(155.,6.,43.8));
#1278 = VECTOR('',#1279,1.);
#1279 = DIRECTION('',(1.,0.,0.));
#1280 = PCURVE('',#133,#1281);
#1281 = DEFINITIONAL_REPRESENTATION('',(#1282),#1286);
#1282 = LINE('',#1283,#1284);
#1283 = CARTESIAN_POINT('',(43.6,0.));
#1284 = VECTOR('',#1285,1.);
#1285 = DIRECTION('',(0.,1.));
#1286 = ( GEOMETRIC_REPRESENTATION_CONTEXT(2) 
PARAMETRIC_REPRESENTATION_CONTEXT() REPRESENTATION_CONTEXT('2D SPACE',''
  ) );
#1287 = PCURVE('',#451,#1288);
#1288 = DEFINITIONAL_REPRESENTATION('',(#1289),#1293);
#1289 = LINE('',#1290,#1291);
#1290 = CARTESIAN_POINT('',(0.,6.));
#1291 = VECTOR('',#1292,1.);
#1292 = DIRECTION('',(1.,0.));
#1293 = ( GEOMETRIC_REPRESENTATION_CONTEXT(2) 
PARAMETRIC_REPRESENTATION_CONTEXT() REPRESENTATION_CONTEXT('2D SPACE',''
  ) );
#1294 = ADVANCED_FACE('',(#1295,#1537,#1683),#192,.T.);
#1295 = FACE_BOUND('',#1296,.T.);
#1296 = EDGE_LOOP('',(#1297,#1322,#1348,#1381,#1407,#1440,#1466,#1494,
    #1515,#1516));
#1297 = ORIENTED_EDGE('',*,*,#1298,.T.);
#1298 = EDGE_CURVE('',#1299,#1301,#1303,.T.);
#1299 = VERTEX_POINT('',#1300);
#1300 = CARTESIAN_POINT('',(220.,6.,43.8));
#1301 = VERTEX_POINT('',#1302);
#1302 = CARTESIAN_POINT('',(231.63383117545,6.,43.8));
#1303 = SURFACE_CURVE('',#1304,(#1308,#1315),.PCURVE_S1.);
#1304 = LINE('',#1305,#1306);
#1305 = CARTESIAN_POINT('',(155.,6.,43.8));
#1306 = VECTOR('',#1307,1.);
#1307 = DIRECTION('',(1.,0.,0.));
#1308 = PCURVE('',#192,#1309);
#1309 = DEFINITIONAL_REPRESENTATION('',(#1310),#1314);
#1310 = LINE('',#1311,#1312);
#1311 = CARTESIAN_POINT('',(43.6,0.));
#1312 = VECTOR('',#1313,1.);
#1313 = DIRECTION('',(0.,1.));
#1314 = ( GEOMETRIC_REPRESENTATION_CONTEXT(2) 
PARAMETRIC_REPRESENTATION_CONTEXT() REPRESENTATION_CONTEXT('2D SPACE',''
  ) );
#1315 = PCURVE('',#451,#1316);
#1316 = DEFINITIONAL_REPRESENTATION('',(#1317),#1321);
#1317 = LINE('',#1318,#1319);
#1318 = CARTESIAN_POINT('',(0.,6.));
#1319 = VECTOR('',#1320,1.);
#1320 = DIRECTION('',(1.,0.));
#1321 = ( GEOMETRIC_REPRESENTATION_CONTEXT(2) 
PARAMETRIC_REPRESENTATION_CONTEXT() REPRESENTATION_CONTEXT('2D SPACE',''
  ) );
#1322 = ORIENTED_EDGE('',*,*,#1323,.F.);
#1323 = EDGE_CURVE('',#1324,#1301,#1326,.T.);
#1324 = VERTEX_POINT('',#1325);
#1325 = CARTESIAN_POINT('',(228.25441558772,6.,40.420584412272));
#1326 = SURFACE_CURVE('',#1327,(#1331,#1337),.PCURVE_S1.);
#1327 = LINE('',#1328,#1329);
#1328 = CARTESIAN_POINT('',(202.03345779386,6.,14.199626618407));
#1329 = VECTOR('',#1330,1.);
#1330 = DIRECTION('',(0.707106781187,-0.,0.707106781187));
#1331 = PCURVE('',#192,#1332);
#1332 = DEFINITIONAL_REPRESENTATION('',(#1333),#1336);
#1333 = B_SPLINE_CURVE_WITH_KNOTS('',1,(#1334,#1335),.UNSPECIFIED.,.F.,
  .F.,(2,2),(37.082034130495,41.861249487556),.PIECEWISE_BEZIER_KNOTS.);
#1334 = CARTESIAN_POINT('',(40.220584412272,73.254415587728));
#1335 = CARTESIAN_POINT('',(43.6,76.633831175457));
#1336 = ( GEOMETRIC_REPRESENTATION_CONTEXT(2) 
PARAMETRIC_REPRESENTATION_CONTEXT() REPRESENTATION_CONTEXT('2D SPACE',''
  ) );
#1337 = PCURVE('',#1338,#1343);
#1338 = PLANE('',#1339);
#1339 = AXIS2_PLACEMENT_3D('',#1340,#1341,#1342);
#1340 = CARTESIAN_POINT('',(232.55,-1.,44.716168824543));
#1341 = DIRECTION('',(-0.707106781187,0.,0.707106781187));
#1342 = DIRECTION('',(-0.707106781187,0.,-0.707106781187));
#1343 = DEFINITIONAL_REPRESENTATION('',(#1344),#1347);
#1344 = B_SPLINE_CURVE_WITH_KNOTS('',1,(#1345,#1346),.UNSPECIFIED.,.F.,
  .F.,(2,2),(37.082034130495,41.861249487556),.PIECEWISE_BEZIER_KNOTS.);
#1345 = CARTESIAN_POINT('',(6.074873734153,-7.));
#1346 = CARTESIAN_POINT('',(1.295658377092,-7.));
#1347 = ( GEOMETRIC_REPRESENTATION_CONTEXT(2) 
PARAMETRIC_REPRESENTATION_CONTEXT() REPRESENTATION_CONTEXT('2D SPACE',''
  ) );
#1348 = ORIENTED_EDGE('',*,*,#1349,.T.);
#1349 = EDGE_CURVE('',#1324,#1350,#1352,.T.);
#1350 = VERTEX_POINT('',#1351);
#1351 = CARTESIAN_POINT('',(230.8,6.,34.275));
#1352 = SURFACE_CURVE('',#1353,(#1358,#1369),.PCURVE_S1.);
#1353 = CIRCLE('',#1354,3.6);
#1354 = AXIS2_PLACEMENT_3D('',#1355,#1356,#1357);
#1355 = CARTESIAN_POINT('',(230.8,6.,37.875));
#1356 = DIRECTION('',(0.,-1.,-0.));
#1357 = DIRECTION('',(-0.707106781187,-0.,0.707106781187));
#1358 = PCURVE('',#192,#1359);
#1359 = DEFINITIONAL_REPRESENTATION('',(#1360),#1368);
#1360 = ( BOUNDED_CURVE() B_SPLINE_CURVE(2,(#1361,#1362,#1363,#1364,
#1365,#1366,#1367),.UNSPECIFIED.,.T.,.F.) B_SPLINE_CURVE_WITH_KNOTS((1,2
    ,2,2,2,1),(-2.094395102393,0.,2.094395102393,4.188790204786,
6.28318530718,8.377580409573),.UNSPECIFIED.) CURVE() 
GEOMETRIC_REPRESENTATION_ITEM() RATIONAL_B_SPLINE_CURVE((1.,0.5,1.,0.5,
1.,0.5,1.)) REPRESENTATION_ITEM('') );
#1361 = CARTESIAN_POINT('',(40.220584412272,73.254415587728));
#1362 = CARTESIAN_POINT('',(35.811502875262,68.845334050719));
#1363 = CARTESIAN_POINT('',(34.197667025359,74.868251437631));
#1364 = CARTESIAN_POINT('',(32.583831175457,80.891168824543));
#1365 = CARTESIAN_POINT('',(38.606748562369,79.277332974641));
#1366 = CARTESIAN_POINT('',(44.629665949281,77.663497124738));
#1367 = CARTESIAN_POINT('',(40.220584412272,73.254415587728));
#1368 = ( GEOMETRIC_REPRESENTATION_CONTEXT(2) 
PARAMETRIC_REPRESENTATION_CONTEXT() REPRESENTATION_CONTEXT('2D SPACE',''
  ) );
#1369 = PCURVE('',#1370,#1375);
#1370 = CYLINDRICAL_SURFACE('',#1371,3.6);
#1371 = AXIS2_PLACEMENT_3D('',#1372,#1373,#1374);
#1372 = CARTESIAN_POINT('',(230.8,-1.,37.875));
#1373 = DIRECTION('',(0.,-1.,-0.));
#1374 = DIRECTION('',(-0.707106781187,-0.,0.707106781187));
#1375 = DEFINITIONAL_REPRESENTATION('',(#1376),#1380);
#1376 = LINE('',#1377,#1378);
#1377 = CARTESIAN_POINT('',(0.,-7.));
#1378 = VECTOR('',#1379,1.);
#1379 = DIRECTION('',(1.,0.));
#1380 = ( GEOMETRIC_REPRESENTATION_CONTEXT(2) 
PARAMETRIC_REPRESENTATION_CONTEXT() REPRESENTATION_CONTEXT('2D SPACE',''
  ) );
#1381 = ORIENTED_EDGE('',*,*,#1382,.F.);
#1382 = EDGE_CURVE('',#1383,#1350,#1385,.T.);
#1383 = VERTEX_POINT('',#1384);
#1384 = CARTESIAN_POINT('',(234.3,6.,34.275));
#1385 = SURFACE_CURVE('',#1386,(#1390,#1396),.PCURVE_S1.);
#1386 = LINE('',#1387,#1388);
#1387 = CARTESIAN_POINT('',(192.9,6.,34.275));
#1388 = VECTOR('',#1389,1.);
#1389 = DIRECTION('',(-1.,0.,0.));
#1390 = PCURVE('',#192,#1391);
#1391 = DEFINITIONAL_REPRESENTATION('',(#1392),#1395);
#1392 = B_SPLINE_CURVE_WITH_KNOTS('',1,(#1393,#1394),.UNSPECIFIED.,.F.,
  .F.,(2,2),(-41.4,-37.9),.PIECEWISE_BEZIER_KNOTS.);
#1393 = CARTESIAN_POINT('',(34.075,79.3));
#1394 = CARTESIAN_POINT('',(34.075,75.8));
#1395 = ( GEOMETRIC_REPRESENTATION_CONTEXT(2) 
PARAMETRIC_REPRESENTATION_CONTEXT() REPRESENTATION_CONTEXT('2D SPACE',''
  ) );
#1396 = PCURVE('',#1397,#1402);
#1397 = PLANE('',#1398);
#1398 = AXIS2_PLACEMENT_3D('',#1399,#1400,#1401);
#1399 = CARTESIAN_POINT('',(230.8,-1.,34.275));
#1400 = DIRECTION('',(0.,0.,-1.));
#1401 = DIRECTION('',(1.,0.,0.));
#1402 = DEFINITIONAL_REPRESENTATION('',(#1403),#1406);
#1403 = B_SPLINE_CURVE_WITH_KNOTS('',1,(#1404,#1405),.UNSPECIFIED.,.F.,
  .F.,(2,2),(-41.4,-37.9),.PIECEWISE_BEZIER_KNOTS.);
#1404 = CARTESIAN_POINT('',(3.5,-7.));
#1405 = CARTESIAN_POINT('',(0.,-7.));
#1406 = ( GEOMETRIC_REPRESENTATION_CONTEXT(2) 
PARAMETRIC_REPRESENTATION_CONTEXT() REPRESENTATION_CONTEXT('2D SPACE',''
  ) );
#1407 = ORIENTED_EDGE('',*,*,#1408,.T.);
#1408 = EDGE_CURVE('',#1383,#1409,#1411,.T.);
#1409 = VERTEX_POINT('',#1410);
#1410 = CARTESIAN_POINT('',(236.84558441227,6.,40.420584412272));
#1411 = SURFACE_CURVE('',#1412,(#1417,#1428),.PCURVE_S1.);
#1412 = CIRCLE('',#1413,3.6);
#1413 = AXIS2_PLACEMENT_3D('',#1414,#1415,#1416);
#1414 = CARTESIAN_POINT('',(234.3,6.,37.875));
#1415 = DIRECTION('',(0.,-1.,0.));
#1416 = DIRECTION('',(0.,0.,-1.));
#1417 = PCURVE('',#192,#1418);
#1418 = DEFINITIONAL_REPRESENTATION('',(#1419),#1427);
#1419 = ( BOUNDED_CURVE() B_SPLINE_CURVE(2,(#1420,#1421,#1422,#1423,
#1424,#1425,#1426),.UNSPECIFIED.,.T.,.F.) B_SPLINE_CURVE_WITH_KNOTS((1,2
    ,2,2,2,1),(-2.094395102393,0.,2.094395102393,4.188790204786,
6.28318530718,8.377580409573),.UNSPECIFIED.) CURVE() 
GEOMETRIC_REPRESENTATION_ITEM() RATIONAL_B_SPLINE_CURVE((1.,0.5,1.,0.5,
1.,0.5,1.)) REPRESENTATION_ITEM('') );
#1420 = CARTESIAN_POINT('',(34.075,79.3));
#1421 = CARTESIAN_POINT('',(34.075,85.535382907248));
#1422 = CARTESIAN_POINT('',(39.475,82.417691453624));
#1423 = CARTESIAN_POINT('',(44.875,79.3));
#1424 = CARTESIAN_POINT('',(39.475,76.182308546376));
#1425 = CARTESIAN_POINT('',(34.075,73.064617092752));
#1426 = CARTESIAN_POINT('',(34.075,79.3));
#1427 = ( GEOMETRIC_REPRESENTATION_CONTEXT(2) 
PARAMETRIC_REPRESENTATION_CONTEXT() REPRESENTATION_CONTEXT('2D SPACE',''
  ) );
#1428 = PCURVE('',#1429,#1434);
#1429 = CYLINDRICAL_SURFACE('',#1430,3.6);
#1430 = AXIS2_PLACEMENT_3D('',#1431,#1432,#1433);
#1431 = CARTESIAN_POINT('',(234.3,-1.,37.875));
#1432 = DIRECTION('',(0.,-1.,0.));
#1433 = DIRECTION('',(0.,0.,-1.));
#1434 = DEFINITIONAL_REPRESENTATION('',(#1435),#1439);
#1435 = LINE('',#1436,#1437);
#1436 = CARTESIAN_POINT('',(0.,-7.));
#1437 = VECTOR('',#1438,1.);
#1438 = DIRECTION('',(1.,0.));
#1439 = ( GEOMETRIC_REPRESENTATION_CONTEXT(2) 
PARAMETRIC_REPRESENTATION_CONTEXT() REPRESENTATION_CONTEXT('2D SPACE',''
  ) );
#1440 = ORIENTED_EDGE('',*,*,#1441,.F.);
#1441 = EDGE_CURVE('',#1442,#1409,#1444,.T.);
#1442 = VERTEX_POINT('',#1443);
#1443 = CARTESIAN_POINT('',(233.46616882454,6.,43.8));
#1444 = SURFACE_CURVE('',#1445,(#1449,#1455),.PCURVE_S1.);
#1445 = LINE('',#1446,#1447);
#1446 = CARTESIAN_POINT('',(226.43933441227,6.,50.826834412272));
#1447 = VECTOR('',#1448,1.);
#1448 = DIRECTION('',(0.707106781187,0.,-0.707106781187));
#1449 = PCURVE('',#192,#1450);
#1450 = DEFINITIONAL_REPRESENTATION('',(#1451),#1454);
#1451 = B_SPLINE_CURVE_WITH_KNOTS('',1,(#1452,#1453),.UNSPECIFIED.,.F.,
  .F.,(2,2),(9.937444526384,14.716659883445),.PIECEWISE_BEZIER_KNOTS.);
#1452 = CARTESIAN_POINT('',(43.6,78.466168824543));
#1453 = CARTESIAN_POINT('',(40.220584412272,81.845584412272));
#1454 = ( GEOMETRIC_REPRESENTATION_CONTEXT(2) 
PARAMETRIC_REPRESENTATION_CONTEXT() REPRESENTATION_CONTEXT('2D SPACE',''
  ) );
#1455 = PCURVE('',#1456,#1461);
#1456 = PLANE('',#1457);
#1457 = AXIS2_PLACEMENT_3D('',#1458,#1459,#1460);
#1458 = CARTESIAN_POINT('',(236.84558441227,-1.,40.420584412272));
#1459 = DIRECTION('',(0.707106781187,0.,0.707106781187));
#1460 = DIRECTION('',(-0.707106781187,0.,0.707106781187));
#1461 = DEFINITIONAL_REPRESENTATION('',(#1462),#1465);
#1462 = B_SPLINE_CURVE_WITH_KNOTS('',1,(#1463,#1464),.UNSPECIFIED.,.F.,
  .F.,(2,2),(9.937444526384,14.716659883445),.PIECEWISE_BEZIER_KNOTS.);
#1463 = CARTESIAN_POINT('',(4.779215357061,-7.));
#1464 = CARTESIAN_POINT('',(0.,-7.));
#1465 = ( GEOMETRIC_REPRESENTATION_CONTEXT(2) 
PARAMETRIC_REPRESENTATION_CONTEXT() REPRESENTATION_CONTEXT('2D SPACE',''
  ) );
#1466 = ORIENTED_EDGE('',*,*,#1467,.T.);
#1467 = EDGE_CURVE('',#1442,#1468,#1470,.T.);
#1468 = VERTEX_POINT('',#1469);
#1469 = CARTESIAN_POINT('',(241.3,6.,43.8));
#1470 = SURFACE_CURVE('',#1471,(#1475,#1482),.PCURVE_S1.);
#1471 = LINE('',#1472,#1473);
#1472 = CARTESIAN_POINT('',(155.,6.,43.8));
#1473 = VECTOR('',#1474,1.);
#1474 = DIRECTION('',(1.,0.,0.));
#1475 = PCURVE('',#192,#1476);
#1476 = DEFINITIONAL_REPRESENTATION('',(#1477),#1481);
#1477 = LINE('',#1478,#1479);
#1478 = CARTESIAN_POINT('',(43.6,0.));
#1479 = VECTOR('',#1480,1.);
#1480 = DIRECTION('',(0.,1.));
#1481 = ( GEOMETRIC_REPRESENTATION_CONTEXT(2) 
PARAMETRIC_REPRESENTATION_CONTEXT() REPRESENTATION_CONTEXT('2D SPACE',''
  ) );
#1482 = PCURVE('',#1483,#1488);
#1483 = PLANE('',#1484);
#1484 = AXIS2_PLACEMENT_3D('',#1485,#1486,#1487);
#1485 = CARTESIAN_POINT('',(155.,0.,43.8));
#1486 = DIRECTION('',(0.,0.,1.));
#1487 = DIRECTION('',(1.,0.,0.));
#1488 = DEFINITIONAL_REPRESENTATION('',(#1489),#1493);
#1489 = LINE('',#1490,#1491);
#1490 = CARTESIAN_POINT('',(0.,6.));
#1491 = VECTOR('',#1492,1.);
#1492 = DIRECTION('',(1.,0.));
#1493 = ( GEOMETRIC_REPRESENTATION_CONTEXT(2) 
PARAMETRIC_REPRESENTATION_CONTEXT() REPRESENTATION_CONTEXT('2D SPACE',''
  ) );
#1494 = ORIENTED_EDGE('',*,*,#1495,.F.);
#1495 = EDGE_CURVE('',#177,#1468,#1496,.T.);
#1496 = SURFACE_CURVE('',#1497,(#1501,#1508),.PCURVE_S1.);
#1497 = LINE('',#1498,#1499);
#1498 = CARTESIAN_POINT('',(241.3,6.,0.2));
#1499 = VECTOR('',#1500,1.);
#1500 = DIRECTION('',(0.,0.,1.));
#1501 = PCURVE('',#192,#1502);
#1502 = DEFINITIONAL_REPRESENTATION('',(#1503),#1507);
#1503 = LINE('',#1504,#1505);
#1504 = CARTESIAN_POINT('',(0.,86.3));
#1505 = VECTOR('',#1506,1.);
#1506 = DIRECTION('',(1.,0.));
#1507 = ( GEOMETRIC_REPRESENTATION_CONTEXT(2) 
PARAMETRIC_REPRESENTATION_CONTEXT() REPRESENTATION_CONTEXT('2D SPACE',''
  ) );
#1508 = PCURVE('',#390,#1509);
#1509 = DEFINITIONAL_REPRESENTATION('',(#1510),#1514);
#1510 = LINE('',#1511,#1512);
#1511 = CARTESIAN_POINT('',(0.,-6.));
#1512 = VECTOR('',#1513,1.);
#1513 = DIRECTION('',(1.,0.));
#1514 = ( GEOMETRIC_REPRESENTATION_CONTEXT(2) 
PARAMETRIC_REPRESENTATION_CONTEXT() REPRESENTATION_CONTEXT('2D SPACE',''
  ) );
#1515 = ORIENTED_EDGE('',*,*,#174,.F.);
#1516 = ORIENTED_EDGE('',*,*,#1517,.F.);
#1517 = EDGE_CURVE('',#1299,#175,#1518,.T.);
#1518 = SURFACE_CURVE('',#1519,(#1523,#1530),.PCURVE_S1.);
#1519 = LINE('',#1520,#1521);
#1520 = CARTESIAN_POINT('',(220.,6.,43.8));
#1521 = VECTOR('',#1522,1.);
#1522 = DIRECTION('',(0.,0.,-1.));
#1523 = PCURVE('',#192,#1524);
#1524 = DEFINITIONAL_REPRESENTATION('',(#1525),#1529);
#1525 = LINE('',#1526,#1527);
#1526 = CARTESIAN_POINT('',(43.6,65.));
#1527 = VECTOR('',#1528,1.);
#1528 = DIRECTION('',(-1.,0.));
#1529 = ( GEOMETRIC_REPRESENTATION_CONTEXT(2) 
PARAMETRIC_REPRESENTATION_CONTEXT() REPRESENTATION_CONTEXT('2D SPACE',''
  ) );
#1530 = PCURVE('',#225,#1531);
#1531 = DEFINITIONAL_REPRESENTATION('',(#1532),#1536);
#1532 = LINE('',#1533,#1534);
#1533 = CARTESIAN_POINT('',(0.,0.));
#1534 = VECTOR('',#1535,1.);
#1535 = DIRECTION('',(0.,1.));
#1536 = ( GEOMETRIC_REPRESENTATION_CONTEXT(2) 
PARAMETRIC_REPRESENTATION_CONTEXT() REPRESENTATION_CONTEXT('2D SPACE',''
  ) );
#1537 = FACE_BOUND('',#1538,.T.);
#1538 = EDGE_LOOP('',(#1539,#1567,#1600,#1626,#1652));
#1539 = ORIENTED_EDGE('',*,*,#1540,.F.);
#1540 = EDGE_CURVE('',#1541,#1543,#1545,.T.);
#1541 = VERTEX_POINT('',#1542);
#1542 = CARTESIAN_POINT('',(234.3,6.,2.525));
#1543 = VERTEX_POINT('',#1544);
#1544 = CARTESIAN_POINT('',(230.8,6.,2.525));
#1545 = SURFACE_CURVE('',#1546,(#1550,#1556),.PCURVE_S1.);
#1546 = LINE('',#1547,#1548);
#1547 = CARTESIAN_POINT('',(192.9,6.,2.525));
#1548 = VECTOR('',#1549,1.);
#1549 = DIRECTION('',(-1.,0.,0.));
#1550 = PCURVE('',#192,#1551);
#1551 = DEFINITIONAL_REPRESENTATION('',(#1552),#1555);
#1552 = B_SPLINE_CURVE_WITH_KNOTS('',1,(#1553,#1554),.UNSPECIFIED.,.F.,
  .F.,(2,2),(-41.4,-37.9),.PIECEWISE_BEZIER_KNOTS.);
#1553 = CARTESIAN_POINT('',(2.325,79.3));
#1554 = CARTESIAN_POINT('',(2.325,75.8));
#1555 = ( GEOMETRIC_REPRESENTATION_CONTEXT(2) 
PARAMETRIC_REPRESENTATION_CONTEXT() REPRESENTATION_CONTEXT('2D SPACE',''
  ) );
#1556 = PCURVE('',#1557,#1562);
#1557 = PLANE('',#1558);
#1558 = AXIS2_PLACEMENT_3D('',#1559,#1560,#1561);
#1559 = CARTESIAN_POINT('',(230.8,-1.,2.525));
#1560 = DIRECTION('',(0.,0.,-1.));
#1561 = DIRECTION('',(1.,0.,0.));
#1562 = DEFINITIONAL_REPRESENTATION('',(#1563),#1566);
#1563 = B_SPLINE_CURVE_WITH_KNOTS('',1,(#1564,#1565),.UNSPECIFIED.,.F.,
  .F.,(2,2),(-41.4,-37.9),.PIECEWISE_BEZIER_KNOTS.);
#1564 = CARTESIAN_POINT('',(3.5,-7.));
#1565 = CARTESIAN_POINT('',(0.,-7.));
#1566 = ( GEOMETRIC_REPRESENTATION_CONTEXT(2) 
PARAMETRIC_REPRESENTATION_CONTEXT() REPRESENTATION_CONTEXT('2D SPACE',''
  ) );
#1567 = ORIENTED_EDGE('',*,*,#1568,.T.);
#1568 = EDGE_CURVE('',#1541,#1569,#1571,.T.);
#1569 = VERTEX_POINT('',#1570);
#1570 = CARTESIAN_POINT('',(236.84558441227,6.,8.670584412272));
#1571 = SURFACE_CURVE('',#1572,(#1577,#1588),.PCURVE_S1.);
#1572 = CIRCLE('',#1573,3.6);
#1573 = AXIS2_PLACEMENT_3D('',#1574,#1575,#1576);
#1574 = CARTESIAN_POINT('',(234.3,6.,6.125));
#1575 = DIRECTION('',(0.,-1.,0.));
#1576 = DIRECTION('',(0.,0.,-1.));
#1577 = PCURVE('',#192,#1578);
#1578 = DEFINITIONAL_REPRESENTATION('',(#1579),#1587);
#1579 = ( BOUNDED_CURVE() B_SPLINE_CURVE(2,(#1580,#1581,#1582,#1583,
#1584,#1585,#1586),.UNSPECIFIED.,.T.,.F.) B_SPLINE_CURVE_WITH_KNOTS((1,2
    ,2,2,2,1),(-2.094395102393,0.,2.094395102393,4.188790204786,
6.28318530718,8.377580409573),.UNSPECIFIED.) CURVE() 
GEOMETRIC_REPRESENTATION_ITEM() RATIONAL_B_SPLINE_CURVE((1.,0.5,1.,0.5,
1.,0.5,1.)) REPRESENTATION_ITEM('') );
#1580 = CARTESIAN_POINT('',(2.325,79.3));
#1581 = CARTESIAN_POINT('',(2.325,85.535382907248));
#1582 = CARTESIAN_POINT('',(7.725,82.417691453624));
#1583 = CARTESIAN_POINT('',(13.125,79.3));
#1584 = CARTESIAN_POINT('',(7.725,76.182308546376));
#1585 = CARTESIAN_POINT('',(2.325,73.064617092752));
#1586 = CARTESIAN_POINT('',(2.325,79.3));
#1587 = ( GEOMETRIC_REPRESENTATION_CONTEXT(2) 
PARAMETRIC_REPRESENTATION_CONTEXT() REPRESENTATION_CONTEXT('2D SPACE',''
  ) );
#1588 = PCURVE('',#1589,#1594);
#1589 = CYLINDRICAL_SURFACE('',#1590,3.6);
#1590 = AXIS2_PLACEMENT_3D('',#1591,#1592,#1593);
#1591 = CARTESIAN_POINT('',(234.3,-1.,6.125));
#1592 = DIRECTION('',(0.,-1.,0.));
#1593 = DIRECTION('',(0.,0.,-1.));
#1594 = DEFINITIONAL_REPRESENTATION('',(#1595),#1599);
#1595 = LINE('',#1596,#1597);
#1596 = CARTESIAN_POINT('',(0.,-7.));
#1597 = VECTOR('',#1598,1.);
#1598 = DIRECTION('',(1.,0.));
#1599 = ( GEOMETRIC_REPRESENTATION_CONTEXT(2) 
PARAMETRIC_REPRESENTATION_CONTEXT() REPRESENTATION_CONTEXT('2D SPACE',''
  ) );
#1600 = ORIENTED_EDGE('',*,*,#1601,.F.);
#1601 = EDGE_CURVE('',#1602,#1569,#1604,.T.);
#1602 = VERTEX_POINT('',#1603);
#1603 = CARTESIAN_POINT('',(232.55,6.,12.966168824543));
#1604 = SURFACE_CURVE('',#1605,(#1609,#1615),.PCURVE_S1.);
#1605 = LINE('',#1606,#1607);
#1606 = CARTESIAN_POINT('',(218.50183441227,6.,27.014334412272));
#1607 = VECTOR('',#1608,1.);
#1608 = DIRECTION('',(0.707106781187,0.,-0.707106781187));
#1609 = PCURVE('',#192,#1610);
#1610 = DEFINITIONAL_REPRESENTATION('',(#1611),#1614);
#1611 = B_SPLINE_CURVE_WITH_KNOTS('',1,(#1612,#1613),.UNSPECIFIED.,.F.,
  .F.,(2,2),(19.867106300629,25.941980034782),.PIECEWISE_BEZIER_KNOTS.);
#1612 = CARTESIAN_POINT('',(12.766168824543,77.55));
#1613 = CARTESIAN_POINT('',(8.470584412272,81.845584412272));
#1614 = ( GEOMETRIC_REPRESENTATION_CONTEXT(2) 
PARAMETRIC_REPRESENTATION_CONTEXT() REPRESENTATION_CONTEXT('2D SPACE',''
  ) );
#1615 = PCURVE('',#1616,#1621);
#1616 = PLANE('',#1617);
#1617 = AXIS2_PLACEMENT_3D('',#1618,#1619,#1620);
#1618 = CARTESIAN_POINT('',(236.84558441227,-1.,8.670584412272));
#1619 = DIRECTION('',(0.707106781187,0.,0.707106781187));
#1620 = DIRECTION('',(-0.707106781187,0.,0.707106781187));
#1621 = DEFINITIONAL_REPRESENTATION('',(#1622),#1625);
#1622 = B_SPLINE_CURVE_WITH_KNOTS('',1,(#1623,#1624),.UNSPECIFIED.,.F.,
  .F.,(2,2),(19.867106300629,25.941980034782),.PIECEWISE_BEZIER_KNOTS.);
#1623 = CARTESIAN_POINT('',(6.074873734153,-7.));
#1624 = CARTESIAN_POINT('',(0.,-7.));
#1625 = ( GEOMETRIC_REPRESENTATION_CONTEXT(2) 
PARAMETRIC_REPRESENTATION_CONTEXT() REPRESENTATION_CONTEXT('2D SPACE',''
  ) );
#1626 = ORIENTED_EDGE('',*,*,#1627,.F.);
#1627 = EDGE_CURVE('',#1628,#1602,#1630,.T.);
#1628 = VERTEX_POINT('',#1629);
#1629 = CARTESIAN_POINT('',(228.25441558772,6.,8.670584412272));
#1630 = SURFACE_CURVE('',#1631,(#1635,#1641),.PCURVE_S1.);
#1631 = LINE('',#1632,#1633);
#1632 = CARTESIAN_POINT('',(209.97095779386,6.,-9.612873381593));
#1633 = VECTOR('',#1634,1.);
#1634 = DIRECTION('',(0.707106781187,-0.,0.707106781187));
#1635 = PCURVE('',#192,#1636);
#1636 = DEFINITIONAL_REPRESENTATION('',(#1637),#1640);
#1637 = B_SPLINE_CURVE_WITH_KNOTS('',1,(#1638,#1639),.UNSPECIFIED.,.F.,
  .F.,(2,2),(25.856713979159,31.931587713312),.PIECEWISE_BEZIER_KNOTS.);
#1638 = CARTESIAN_POINT('',(8.470584412272,73.254415587728));
#1639 = CARTESIAN_POINT('',(12.766168824543,77.55));
#1640 = ( GEOMETRIC_REPRESENTATION_CONTEXT(2) 
PARAMETRIC_REPRESENTATION_CONTEXT() REPRESENTATION_CONTEXT('2D SPACE',''
  ) );
#1641 = PCURVE('',#1642,#1647);
#1642 = PLANE('',#1643);
#1643 = AXIS2_PLACEMENT_3D('',#1644,#1645,#1646);
#1644 = CARTESIAN_POINT('',(232.55,-1.,12.966168824543));
#1645 = DIRECTION('',(-0.707106781187,0.,0.707106781187));
#1646 = DIRECTION('',(-0.707106781187,0.,-0.707106781187));
#1647 = DEFINITIONAL_REPRESENTATION('',(#1648),#1651);
#1648 = B_SPLINE_CURVE_WITH_KNOTS('',1,(#1649,#1650),.UNSPECIFIED.,.F.,
  .F.,(2,2),(25.856713979159,31.931587713312),.PIECEWISE_BEZIER_KNOTS.);
#1649 = CARTESIAN_POINT('',(6.074873734153,-7.));
#1650 = CARTESIAN_POINT('',(0.,-7.));
#1651 = ( GEOMETRIC_REPRESENTATION_CONTEXT(2) 
PARAMETRIC_REPRESENTATION_CONTEXT() REPRESENTATION_CONTEXT('2D SPACE',''
  ) );
#1652 = ORIENTED_EDGE('',*,*,#1653,.T.);
#1653 = EDGE_CURVE('',#1628,#1543,#1654,.T.);
#1654 = SURFACE_CURVE('',#1655,(#1660,#1671),.PCURVE_S1.);
#1655 = CIRCLE('',#1656,3.6);
#1656 = AXIS2_PLACEMENT_3D('',#1657,#1658,#1659);
#1657 = CARTESIAN_POINT('',(230.8,6.,6.125));
#1658 = DIRECTION('',(0.,-1.,-0.));
#1659 = DIRECTION('',(-0.707106781187,-0.,0.707106781187));
#1660 = PCURVE('',#192,#1661);
#1661 = DEFINITIONAL_REPRESENTATION('',(#1662),#1670);
#1662 = ( BOUNDED_CURVE() B_SPLINE_CURVE(2,(#1663,#1664,#1665,#1666,
#1667,#1668,#1669),.UNSPECIFIED.,.T.,.F.) B_SPLINE_CURVE_WITH_KNOTS((1,2
    ,2,2,2,1),(-2.094395102393,0.,2.094395102393,4.188790204786,
6.28318530718,8.377580409573),.UNSPECIFIED.) CURVE() 
GEOMETRIC_REPRESENTATION_ITEM() RATIONAL_B_SPLINE_CURVE((1.,0.5,1.,0.5,
1.,0.5,1.)) REPRESENTATION_ITEM('') );
#1663 = CARTESIAN_POINT('',(8.470584412272,73.254415587728));
#1664 = CARTESIAN_POINT('',(4.061502875262,68.845334050719));
#1665 = CARTESIAN_POINT('',(2.447667025359,74.868251437631));
#1666 = CARTESIAN_POINT('',(0.833831175457,80.891168824543));
#1667 = CARTESIAN_POINT('',(6.856748562369,79.277332974641));
#1668 = CARTESIAN_POINT('',(12.879665949281,77.663497124738));
#1669 = CARTESIAN_POINT('',(8.470584412272,73.254415587728));
#1670 = ( GEOMETRIC_REPRESENTATION_CONTEXT(2) 
PARAMETRIC_REPRESENTATION_CONTEXT() REPRESENTATION_CONTEXT('2D SPACE',''
  ) );
#1671 = PCURVE('',#1672,#1677);
#1672 = CYLINDRICAL_SURFACE('',#1673,3.6);
#1673 = AXIS2_PLACEMENT_3D('',#1674,#1675,#1676);
#1674 = CARTESIAN_POINT('',(230.8,-1.,6.125));
#1675 = DIRECTION('',(0.,-1.,-0.));
#1676 = DIRECTION('',(-0.707106781187,-0.,0.707106781187));
#1677 = DEFINITIONAL_REPRESENTATION('',(#1678),#1682);
#1678 = LINE('',#1679,#1680);
#1679 = CARTESIAN_POINT('',(0.,-7.));
#1680 = VECTOR('',#1681,1.);
#1681 = DIRECTION('',(1.,0.));
#1682 = ( GEOMETRIC_REPRESENTATION_CONTEXT(2) 
PARAMETRIC_REPRESENTATION_CONTEXT() REPRESENTATION_CONTEXT('2D SPACE',''
  ) );
#1683 = FACE_BOUND('',#1684,.T.);
#1684 = EDGE_LOOP('',(#1685,#1713,#1746,#1772,#1798));
#1685 = ORIENTED_EDGE('',*,*,#1686,.F.);
#1686 = EDGE_CURVE('',#1687,#1689,#1691,.T.);
#1687 = VERTEX_POINT('',#1688);
#1688 = CARTESIAN_POINT('',(234.3,6.,18.4));
#1689 = VERTEX_POINT('',#1690);
#1690 = CARTESIAN_POINT('',(230.8,6.,18.4));
#1691 = SURFACE_CURVE('',#1692,(#1696,#1702),.PCURVE_S1.);
#1692 = LINE('',#1693,#1694);
#1693 = CARTESIAN_POINT('',(192.9,6.,18.4));
#1694 = VECTOR('',#1695,1.);
#1695 = DIRECTION('',(-1.,0.,0.));
#1696 = PCURVE('',#192,#1697);
#1697 = DEFINITIONAL_REPRESENTATION('',(#1698),#1701);
#1698 = B_SPLINE_CURVE_WITH_KNOTS('',1,(#1699,#1700),.UNSPECIFIED.,.F.,
  .F.,(2,2),(-41.4,-37.9),.PIECEWISE_BEZIER_KNOTS.);
#1699 = CARTESIAN_POINT('',(18.2,79.3));
#1700 = CARTESIAN_POINT('',(18.2,75.8));
#1701 = ( GEOMETRIC_REPRESENTATION_CONTEXT(2) 
PARAMETRIC_REPRESENTATION_CONTEXT() REPRESENTATION_CONTEXT('2D SPACE',''
  ) );
#1702 = PCURVE('',#1703,#1708);
#1703 = PLANE('',#1704);
#1704 = AXIS2_PLACEMENT_3D('',#1705,#1706,#1707);
#1705 = CARTESIAN_POINT('',(230.8,-1.,18.4));
#1706 = DIRECTION('',(0.,0.,-1.));
#1707 = DIRECTION('',(1.,0.,0.));
#1708 = DEFINITIONAL_REPRESENTATION('',(#1709),#1712);
#1709 = B_SPLINE_CURVE_WITH_KNOTS('',1,(#1710,#1711),.UNSPECIFIED.,.F.,
  .F.,(2,2),(-41.4,-37.9),.PIECEWISE_BEZIER_KNOTS.);
#1710 = CARTESIAN_POINT('',(3.5,-7.));
#1711 = CARTESIAN_POINT('',(0.,-7.));
#1712 = ( GEOMETRIC_REPRESENTATION_CONTEXT(2) 
PARAMETRIC_REPRESENTATION_CONTEXT() REPRESENTATION_CONTEXT('2D SPACE',''
  ) );
#1713 = ORIENTED_EDGE('',*,*,#1714,.T.);
#1714 = EDGE_CURVE('',#1687,#1715,#1717,.T.);
#1715 = VERTEX_POINT('',#1716);
#1716 = CARTESIAN_POINT('',(236.84558441227,6.,24.545584412272));
#1717 = SURFACE_CURVE('',#1718,(#1723,#1734),.PCURVE_S1.);
#1718 = CIRCLE('',#1719,3.6);
#1719 = AXIS2_PLACEMENT_3D('',#1720,#1721,#1722);
#1720 = CARTESIAN_POINT('',(234.3,6.,22.));
#1721 = DIRECTION('',(0.,-1.,0.));
#1722 = DIRECTION('',(0.,0.,-1.));
#1723 = PCURVE('',#192,#1724);
#1724 = DEFINITIONAL_REPRESENTATION('',(#1725),#1733);
#1725 = ( BOUNDED_CURVE() B_SPLINE_CURVE(2,(#1726,#1727,#1728,#1729,
#1730,#1731,#1732),.UNSPECIFIED.,.T.,.F.) B_SPLINE_CURVE_WITH_KNOTS((1,2
    ,2,2,2,1),(-2.094395102393,0.,2.094395102393,4.188790204786,
6.28318530718,8.377580409573),.UNSPECIFIED.) CURVE() 
GEOMETRIC_REPRESENTATION_ITEM() RATIONAL_B_SPLINE_CURVE((1.,0.5,1.,0.5,
1.,0.5,1.)) REPRESENTATION_ITEM('') );
#1726 = CARTESIAN_POINT('',(18.2,79.3));
#1727 = CARTESIAN_POINT('',(18.2,85.535382907248));
#1728 = CARTESIAN_POINT('',(23.6,82.417691453624));
#1729 = CARTESIAN_POINT('',(29.,79.3));
#1730 = CARTESIAN_POINT('',(23.6,76.182308546376));
#1731 = CARTESIAN_POINT('',(18.2,73.064617092752));
#1732 = CARTESIAN_POINT('',(18.2,79.3));
#1733 = ( GEOMETRIC_REPRESENTATION_CONTEXT(2) 
PARAMETRIC_REPRESENTATION_CONTEXT() REPRESENTATION_CONTEXT('2D SPACE',''
  ) );
#1734 = PCURVE('',#1735,#1740);
#1735 = CYLINDRICAL_SURFACE('',#1736,3.6);
#1736 = AXIS2_PLACEMENT_3D('',#1737,#1738,#1739);
#1737 = CARTESIAN_POINT('',(234.3,-1.,22.));
#1738 = DIRECTION('',(0.,-1.,0.));
#1739 = DIRECTION('',(0.,0.,-1.));
#1740 = DEFINITIONAL_REPRESENTATION('',(#1741),#1745);
#1741 = LINE('',#1742,#1743);
#1742 = CARTESIAN_POINT('',(0.,-7.));
#1743 = VECTOR('',#1744,1.);
#1744 = DIRECTION('',(1.,0.));
#1745 = ( GEOMETRIC_REPRESENTATION_CONTEXT(2) 
PARAMETRIC_REPRESENTATION_CONTEXT() REPRESENTATION_CONTEXT('2D SPACE',''
  ) );
#1746 = ORIENTED_EDGE('',*,*,#1747,.F.);
#1747 = EDGE_CURVE('',#1748,#1715,#1750,.T.);
#1748 = VERTEX_POINT('',#1749);
#1749 = CARTESIAN_POINT('',(232.55,6.,28.841168824543));
#1750 = SURFACE_CURVE('',#1751,(#1755,#1761),.PCURVE_S1.);
#1751 = LINE('',#1752,#1753);
#1752 = CARTESIAN_POINT('',(222.47058441227,6.,38.920584412272));
#1753 = VECTOR('',#1754,1.);
#1754 = DIRECTION('',(0.707106781187,0.,-0.707106781187));
#1755 = PCURVE('',#192,#1756);
#1756 = DEFINITIONAL_REPRESENTATION('',(#1757),#1760);
#1757 = B_SPLINE_CURVE_WITH_KNOTS('',1,(#1758,#1759),.UNSPECIFIED.,.F.,
  .F.,(2,2),(14.25444622496,20.329319959113),.PIECEWISE_BEZIER_KNOTS.);
#1758 = CARTESIAN_POINT('',(28.641168824543,77.55));
#1759 = CARTESIAN_POINT('',(24.345584412272,81.845584412272));
#1760 = ( GEOMETRIC_REPRESENTATION_CONTEXT(2) 
PARAMETRIC_REPRESENTATION_CONTEXT() REPRESENTATION_CONTEXT('2D SPACE',''
  ) );
#1761 = PCURVE('',#1762,#1767);
#1762 = PLANE('',#1763);
#1763 = AXIS2_PLACEMENT_3D('',#1764,#1765,#1766);
#1764 = CARTESIAN_POINT('',(236.84558441227,-1.,24.545584412272));
#1765 = DIRECTION('',(0.707106781187,0.,0.707106781187));
#1766 = DIRECTION('',(-0.707106781187,0.,0.707106781187));
#1767 = DEFINITIONAL_REPRESENTATION('',(#1768),#1771);
#1768 = B_SPLINE_CURVE_WITH_KNOTS('',1,(#1769,#1770),.UNSPECIFIED.,.F.,
  .F.,(2,2),(14.25444622496,20.329319959113),.PIECEWISE_BEZIER_KNOTS.);
#1769 = CARTESIAN_POINT('',(6.074873734153,-7.));
#1770 = CARTESIAN_POINT('',(0.,-7.));
#1771 = ( GEOMETRIC_REPRESENTATION_CONTEXT(2) 
PARAMETRIC_REPRESENTATION_CONTEXT() REPRESENTATION_CONTEXT('2D SPACE',''
  ) );
#1772 = ORIENTED_EDGE('',*,*,#1773,.F.);
#1773 = EDGE_CURVE('',#1774,#1748,#1776,.T.);
#1774 = VERTEX_POINT('',#1775);
#1775 = CARTESIAN_POINT('',(228.25441558772,6.,24.545584412272));
#1776 = SURFACE_CURVE('',#1777,(#1781,#1787),.PCURVE_S1.);
#1777 = LINE('',#1778,#1779);
#1778 = CARTESIAN_POINT('',(206.00220779386,6.,2.293376618407));
#1779 = VECTOR('',#1780,1.);
#1780 = DIRECTION('',(0.707106781187,-0.,0.707106781187));
#1781 = PCURVE('',#192,#1782);
#1782 = DEFINITIONAL_REPRESENTATION('',(#1783),#1786);
#1783 = B_SPLINE_CURVE_WITH_KNOTS('',1,(#1784,#1785),.UNSPECIFIED.,.F.,
  .F.,(2,2),(31.469374054827,37.54424778898),.PIECEWISE_BEZIER_KNOTS.);
#1784 = CARTESIAN_POINT('',(24.345584412272,73.254415587728));
#1785 = CARTESIAN_POINT('',(28.641168824543,77.55));
#1786 = ( GEOMETRIC_REPRESENTATION_CONTEXT(2) 
PARAMETRIC_REPRESENTATION_CONTEXT() REPRESENTATION_CONTEXT('2D SPACE',''
  ) );
#1787 = PCURVE('',#1788,#1793);
#1788 = PLANE('',#1789);
#1789 = AXIS2_PLACEMENT_3D('',#1790,#1791,#1792);
#1790 = CARTESIAN_POINT('',(232.55,-1.,28.841168824543));
#1791 = DIRECTION('',(-0.707106781187,0.,0.707106781187));
#1792 = DIRECTION('',(-0.707106781187,0.,-0.707106781187));
#1793 = DEFINITIONAL_REPRESENTATION('',(#1794),#1797);
#1794 = B_SPLINE_CURVE_WITH_KNOTS('',1,(#1795,#1796),.UNSPECIFIED.,.F.,
  .F.,(2,2),(31.469374054827,37.54424778898),.PIECEWISE_BEZIER_KNOTS.);
#1795 = CARTESIAN_POINT('',(6.074873734153,-7.));
#1796 = CARTESIAN_POINT('',(0.,-7.));
#1797 = ( GEOMETRIC_REPRESENTATION_CONTEXT(2) 
PARAMETRIC_REPRESENTATION_CONTEXT() REPRESENTATION_CONTEXT('2D SPACE',''
  ) );
#1798 = ORIENTED_EDGE('',*,*,#1799,.T.);
#1799 = EDGE_CURVE('',#1774,#1689,#1800,.T.);
#1800 = SURFACE_CURVE('',#1801,(#1806,#1817),.PCURVE_S1.);
#1801 = CIRCLE('',#1802,3.6);
#1802 = AXIS2_PLACEMENT_3D('',#1803,#1804,#1805);
#1803 = CARTESIAN_POINT('',(230.8,6.,22.));
#1804 = DIRECTION('',(0.,-1.,-0.));
#1805 = DIRECTION('',(-0.707106781187,-0.,0.707106781187));
#1806 = PCURVE('',#192,#1807);
#1807 = DEFINITIONAL_REPRESENTATION('',(#1808),#1816);
#1808 = ( BOUNDED_CURVE() B_SPLINE_CURVE(2,(#1809,#1810,#1811,#1812,
#1813,#1814,#1815),.UNSPECIFIED.,.T.,.F.) B_SPLINE_CURVE_WITH_KNOTS((1,2
    ,2,2,2,1),(-2.094395102393,0.,2.094395102393,4.188790204786,
6.28318530718,8.377580409573),.UNSPECIFIED.) CURVE() 
GEOMETRIC_REPRESENTATION_ITEM() RATIONAL_B_SPLINE_CURVE((1.,0.5,1.,0.5,
1.,0.5,1.)) REPRESENTATION_ITEM('') );
#1809 = CARTESIAN_POINT('',(24.345584412272,73.254415587728));
#1810 = CARTESIAN_POINT('',(19.936502875262,68.845334050719));
#1811 = CARTESIAN_POINT('',(18.322667025359,74.868251437631));
#1812 = CARTESIAN_POINT('',(16.708831175457,80.891168824543));
#1813 = CARTESIAN_POINT('',(22.731748562369,79.277332974641));
#1814 = CARTESIAN_POINT('',(28.754665949281,77.663497124738));
#1815 = CARTESIAN_POINT('',(24.345584412272,73.254415587728));
#1816 = ( GEOMETRIC_REPRESENTATION_CONTEXT(2) 
PARAMETRIC_REPRESENTATION_CONTEXT() REPRESENTATION_CONTEXT('2D SPACE',''
  ) );
#1817 = PCURVE('',#1818,#1823);
#1818 = CYLINDRICAL_SURFACE('',#1819,3.6);
#1819 = AXIS2_PLACEMENT_3D('',#1820,#1821,#1822);
#1820 = CARTESIAN_POINT('',(230.8,-1.,22.));
#1821 = DIRECTION('',(0.,-1.,-0.));
#1822 = DIRECTION('',(-0.707106781187,-0.,0.707106781187));
#1823 = DEFINITIONAL_REPRESENTATION('',(#1824),#1828);
#1824 = LINE('',#1825,#1826);
#1825 = CARTESIAN_POINT('',(0.,-7.));
#1826 = VECTOR('',#1827,1.);
#1827 = DIRECTION('',(1.,0.));
#1828 = ( GEOMETRIC_REPRESENTATION_CONTEXT(2) 
PARAMETRIC_REPRESENTATION_CONTEXT() REPRESENTATION_CONTEXT('2D SPACE',''
  ) );
#1829 = ADVANCED_FACE('',(#1830),#225,.F.);
#1830 = FACE_BOUND('',#1831,.F.);
#1831 = EDGE_LOOP('',(#1832,#1860,#1881,#1882));
#1832 = ORIENTED_EDGE('',*,*,#1833,.T.);
#1833 = EDGE_CURVE('',#1299,#1834,#1836,.T.);
#1834 = VERTEX_POINT('',#1835);
#1835 = CARTESIAN_POINT('',(218.,8.,43.8));
#1836 = SURFACE_CURVE('',#1837,(#1842,#1849),.PCURVE_S1.);
#1837 = CIRCLE('',#1838,2.);
#1838 = AXIS2_PLACEMENT_3D('',#1839,#1840,#1841);
#1839 = CARTESIAN_POINT('',(220.,8.,43.8));
#1840 = DIRECTION('',(0.,0.,-1.));
#1841 = DIRECTION('',(0.,1.,0.));
#1842 = PCURVE('',#225,#1843);
#1843 = DEFINITIONAL_REPRESENTATION('',(#1844),#1848);
#1844 = LINE('',#1845,#1846);
#1845 = CARTESIAN_POINT('',(-3.14159265359,0.));
#1846 = VECTOR('',#1847,1.);
#1847 = DIRECTION('',(1.,0.));
#1848 = ( GEOMETRIC_REPRESENTATION_CONTEXT(2) 
PARAMETRIC_REPRESENTATION_CONTEXT() REPRESENTATION_CONTEXT('2D SPACE',''
  ) );
#1849 = PCURVE('',#451,#1850);
#1850 = DEFINITIONAL_REPRESENTATION('',(#1851),#1859);
#1851 = ( BOUNDED_CURVE() B_SPLINE_CURVE(2,(#1852,#1853,#1854,#1855,
#1856,#1857,#1858),.UNSPECIFIED.,.T.,.F.) B_SPLINE_CURVE_WITH_KNOTS((1,2
    ,2,2,2,1),(-2.094395102393,0.,2.094395102393,4.188790204786,
6.28318530718,8.377580409573),.UNSPECIFIED.) CURVE() 
GEOMETRIC_REPRESENTATION_ITEM() RATIONAL_B_SPLINE_CURVE((1.,0.5,1.,0.5,
1.,0.5,1.)) REPRESENTATION_ITEM('') );
#1852 = CARTESIAN_POINT('',(65.,10.));
#1853 = CARTESIAN_POINT('',(68.464101615138,10.));
#1854 = CARTESIAN_POINT('',(66.732050807569,7.));
#1855 = CARTESIAN_POINT('',(65.,4.));
#1856 = CARTESIAN_POINT('',(63.267949192431,7.));
#1857 = CARTESIAN_POINT('',(61.535898384862,10.));
#1858 = CARTESIAN_POINT('',(65.,10.));
#1859 = ( GEOMETRIC_REPRESENTATION_CONTEXT(2) 
PARAMETRIC_REPRESENTATION_CONTEXT() REPRESENTATION_CONTEXT('2D SPACE',''
  ) );
#1860 = ORIENTED_EDGE('',*,*,#1861,.T.);
#1861 = EDGE_CURVE('',#1834,#205,#1862,.T.);
#1862 = SURFACE_CURVE('',#1863,(#1867,#1874),.PCURVE_S1.);
#1863 = LINE('',#1864,#1865);
#1864 = CARTESIAN_POINT('',(218.,8.,43.8));
#1865 = VECTOR('',#1866,1.);
#1866 = DIRECTION('',(0.,0.,-1.));
#1867 = PCURVE('',#225,#1868);
#1868 = DEFINITIONAL_REPRESENTATION('',(#1869),#1873);
#1869 = LINE('',#1870,#1871);
#1870 = CARTESIAN_POINT('',(1.570796326795,0.));
#1871 = VECTOR('',#1872,1.);
#1872 = DIRECTION('',(0.,1.));
#1873 = ( GEOMETRIC_REPRESENTATION_CONTEXT(2) 
PARAMETRIC_REPRESENTATION_CONTEXT() REPRESENTATION_CONTEXT('2D SPACE',''
  ) );
#1874 = PCURVE('',#253,#1875);
#1875 = DEFINITIONAL_REPRESENTATION('',(#1876),#1880);
#1876 = LINE('',#1877,#1878);
#1877 = CARTESIAN_POINT('',(44.6,-8.));
#1878 = VECTOR('',#1879,1.);
#1879 = DIRECTION('',(-1.,0.));
#1880 = ( GEOMETRIC_REPRESENTATION_CONTEXT(2) 
PARAMETRIC_REPRESENTATION_CONTEXT() REPRESENTATION_CONTEXT('2D SPACE',''
  ) );
#1881 = ORIENTED_EDGE('',*,*,#204,.F.);
#1882 = ORIENTED_EDGE('',*,*,#1517,.F.);
#1883 = ADVANCED_FACE('',(#1884),#390,.T.);
#1884 = FACE_BOUND('',#1885,.T.);
#1885 = EDGE_LOOP('',(#1886,#1909,#1910,#1911));
#1886 = ORIENTED_EDGE('',*,*,#1887,.F.);
#1887 = EDGE_CURVE('',#349,#1888,#1890,.T.);
#1888 = VERTEX_POINT('',#1889);
#1889 = CARTESIAN_POINT('',(241.3,0.,43.8));
#1890 = SURFACE_CURVE('',#1891,(#1895,#1902),.PCURVE_S1.);
#1891 = LINE('',#1892,#1893);
#1892 = CARTESIAN_POINT('',(241.3,0.,0.2));
#1893 = VECTOR('',#1894,1.);
#1894 = DIRECTION('',(0.,0.,1.));
#1895 = PCURVE('',#390,#1896);
#1896 = DEFINITIONAL_REPRESENTATION('',(#1897),#1901);
#1897 = LINE('',#1898,#1899);
#1898 = CARTESIAN_POINT('',(0.,0.));
#1899 = VECTOR('',#1900,1.);
#1900 = DIRECTION('',(1.,0.));
#1901 = ( GEOMETRIC_REPRESENTATION_CONTEXT(2) 
PARAMETRIC_REPRESENTATION_CONTEXT() REPRESENTATION_CONTEXT('2D SPACE',''
  ) );
#1902 = PCURVE('',#364,#1903);
#1903 = DEFINITIONAL_REPRESENTATION('',(#1904),#1908);
#1904 = LINE('',#1905,#1906);
#1905 = CARTESIAN_POINT('',(0.,86.3));
#1906 = VECTOR('',#1907,1.);
#1907 = DIRECTION('',(1.,0.));
#1908 = ( GEOMETRIC_REPRESENTATION_CONTEXT(2) 
PARAMETRIC_REPRESENTATION_CONTEXT() REPRESENTATION_CONTEXT('2D SPACE',''
  ) );
#1909 = ORIENTED_EDGE('',*,*,#376,.T.);
#1910 = ORIENTED_EDGE('',*,*,#1495,.T.);
#1911 = ORIENTED_EDGE('',*,*,#1912,.F.);
#1912 = EDGE_CURVE('',#1888,#1468,#1913,.T.);
#1913 = SURFACE_CURVE('',#1914,(#1918,#1925),.PCURVE_S1.);
#1914 = LINE('',#1915,#1916);
#1915 = CARTESIAN_POINT('',(241.3,0.,43.8));
#1916 = VECTOR('',#1917,1.);
#1917 = DIRECTION('',(0.,1.,0.));
#1918 = PCURVE('',#390,#1919);
#1919 = DEFINITIONAL_REPRESENTATION('',(#1920),#1924);
#1920 = LINE('',#1921,#1922);
#1921 = CARTESIAN_POINT('',(43.6,0.));
#1922 = VECTOR('',#1923,1.);
#1923 = DIRECTION('',(0.,-1.));
#1924 = ( GEOMETRIC_REPRESENTATION_CONTEXT(2) 
PARAMETRIC_REPRESENTATION_CONTEXT() REPRESENTATION_CONTEXT('2D SPACE',''
  ) );
#1925 = PCURVE('',#1483,#1926);
#1926 = DEFINITIONAL_REPRESENTATION('',(#1927),#1931);
#1927 = LINE('',#1928,#1929);
#1928 = CARTESIAN_POINT('',(86.3,0.));
#1929 = VECTOR('',#1930,1.);
#1930 = DIRECTION('',(0.,1.));
#1931 = ( GEOMETRIC_REPRESENTATION_CONTEXT(2) 
PARAMETRIC_REPRESENTATION_CONTEXT() REPRESENTATION_CONTEXT('2D SPACE',''
  ) );
#1932 = ADVANCED_FACE('',(#1933),#253,.T.);
#1933 = FACE_BOUND('',#1934,.T.);
#1934 = EDGE_LOOP('',(#1935,#1957,#1958,#1959));
#1935 = ORIENTED_EDGE('',*,*,#1936,.T.);
#1936 = EDGE_CURVE('',#1937,#1834,#1939,.T.);
#1937 = VERTEX_POINT('',#1938);
#1938 = CARTESIAN_POINT('',(218.,8.987274337369,43.8));
#1939 = SURFACE_CURVE('',#1940,(#1944,#1950),.PCURVE_S1.);
#1940 = LINE('',#1941,#1942);
#1941 = CARTESIAN_POINT('',(218.,19.0875,43.8));
#1942 = VECTOR('',#1943,1.);
#1943 = DIRECTION('',(0.,-1.,0.));
#1944 = PCURVE('',#253,#1945);
#1945 = DEFINITIONAL_REPRESENTATION('',(#1946),#1949);
#1946 = B_SPLINE_CURVE_WITH_KNOTS('',1,(#1947,#1948),.UNSPECIFIED.,.F.,
  .F.,(2,2),(-51.2625,19.0875),.PIECEWISE_BEZIER_KNOTS.);
#1947 = CARTESIAN_POINT('',(44.6,-70.35));
#1948 = CARTESIAN_POINT('',(44.6,0.));
#1949 = ( GEOMETRIC_REPRESENTATION_CONTEXT(2) 
PARAMETRIC_REPRESENTATION_CONTEXT() REPRESENTATION_CONTEXT('2D SPACE',''
  ) );
#1950 = PCURVE('',#451,#1951);
#1951 = DEFINITIONAL_REPRESENTATION('',(#1952),#1956);
#1952 = LINE('',#1953,#1954);
#1953 = CARTESIAN_POINT('',(63.,19.0875));
#1954 = VECTOR('',#1955,1.);
#1955 = DIRECTION('',(0.,-1.));
#1956 = ( GEOMETRIC_REPRESENTATION_CONTEXT(2) 
PARAMETRIC_REPRESENTATION_CONTEXT() REPRESENTATION_CONTEXT('2D SPACE',''
  ) );
#1957 = ORIENTED_EDGE('',*,*,#1861,.T.);
#1958 = ORIENTED_EDGE('',*,*,#237,.F.);
#1959 = ORIENTED_EDGE('',*,*,#1960,.F.);
#1960 = EDGE_CURVE('',#1937,#238,#1961,.T.);
#1961 = SURFACE_CURVE('',#1962,(#1966,#1972),.PCURVE_S1.);
#1962 = LINE('',#1963,#1964);
#1963 = CARTESIAN_POINT('',(218.,8.987274337369,-0.3));
#1964 = VECTOR('',#1965,1.);
#1965 = DIRECTION('',(0.,-0.,-1.));
#1966 = PCURVE('',#253,#1967);
#1967 = DEFINITIONAL_REPRESENTATION('',(#1968),#1971);
#1968 = B_SPLINE_CURVE_WITH_KNOTS('',1,(#1969,#1970),.UNSPECIFIED.,.F.,
  .F.,(2,2),(-44.1,-0.5),.PIECEWISE_BEZIER_KNOTS.);
#1969 = CARTESIAN_POINT('',(44.6,-8.987274337369));
#1970 = CARTESIAN_POINT('',(1.,-8.987274337369));
#1971 = ( GEOMETRIC_REPRESENTATION_CONTEXT(2) 
PARAMETRIC_REPRESENTATION_CONTEXT() REPRESENTATION_CONTEXT('2D SPACE',''
  ) );
#1972 = PCURVE('',#280,#1973);
#1973 = DEFINITIONAL_REPRESENTATION('',(#1974),#1977);
#1974 = B_SPLINE_CURVE_WITH_KNOTS('',1,(#1975,#1976),.UNSPECIFIED.,.F.,
  .F.,(2,2),(-44.1,-0.5),.PIECEWISE_BEZIER_KNOTS.);
#1975 = CARTESIAN_POINT('',(92.411990266474,-43.6));
#1976 = CARTESIAN_POINT('',(92.411990266474,0.));
#1977 = ( GEOMETRIC_REPRESENTATION_CONTEXT(2) 
PARAMETRIC_REPRESENTATION_CONTEXT() REPRESENTATION_CONTEXT('2D SPACE',''
  ) );
#1978 = ADVANCED_FACE('',(#1979,#2172,#2296),#364,.F.);
#1979 = FACE_BOUND('',#1980,.F.);
#1980 = EDGE_LOOP('',(#1981,#2006,#2028,#2056,#2078,#2106,#2128,#2149,
    #2150,#2151));
#1981 = ORIENTED_EDGE('',*,*,#1982,.F.);
#1982 = EDGE_CURVE('',#1983,#1985,#1987,.T.);
#1983 = VERTEX_POINT('',#1984);
#1984 = CARTESIAN_POINT('',(231.63383117545,0.,43.8));
#1985 = VERTEX_POINT('',#1986);
#1986 = CARTESIAN_POINT('',(155.,0.,43.8));
#1987 = SURFACE_CURVE('',#1988,(#1992,#1999),.PCURVE_S1.);
#1988 = LINE('',#1989,#1990);
#1989 = CARTESIAN_POINT('',(231.63383117545,0.,43.8));
#1990 = VECTOR('',#1991,1.);
#1991 = DIRECTION('',(-1.,0.,0.));
#1992 = PCURVE('',#364,#1993);
#1993 = DEFINITIONAL_REPRESENTATION('',(#1994),#1998);
#1994 = LINE('',#1995,#1996);
#1995 = CARTESIAN_POINT('',(43.6,76.633831175457));
#1996 = VECTOR('',#1997,1.);
#1997 = DIRECTION('',(0.,-1.));
#1998 = ( GEOMETRIC_REPRESENTATION_CONTEXT(2) 
PARAMETRIC_REPRESENTATION_CONTEXT() REPRESENTATION_CONTEXT('2D SPACE',''
  ) );
#1999 = PCURVE('',#451,#2000);
#2000 = DEFINITIONAL_REPRESENTATION('',(#2001),#2005);
#2001 = LINE('',#2002,#2003);
#2002 = CARTESIAN_POINT('',(76.633831175457,0.));
#2003 = VECTOR('',#2004,1.);
#2004 = DIRECTION('',(-1.,0.));
#2005 = ( GEOMETRIC_REPRESENTATION_CONTEXT(2) 
PARAMETRIC_REPRESENTATION_CONTEXT() REPRESENTATION_CONTEXT('2D SPACE',''
  ) );
#2006 = ORIENTED_EDGE('',*,*,#2007,.F.);
#2007 = EDGE_CURVE('',#2008,#1983,#2010,.T.);
#2008 = VERTEX_POINT('',#2009);
#2009 = CARTESIAN_POINT('',(228.25441558772,0.,40.420584412272));
#2010 = SURFACE_CURVE('',#2011,(#2015,#2022),.PCURVE_S1.);
#2011 = LINE('',#2012,#2013);
#2012 = CARTESIAN_POINT('',(202.03345779386,0.,14.199626618407));
#2013 = VECTOR('',#2014,1.);
#2014 = DIRECTION('',(0.707106781187,-0.,0.707106781187));
#2015 = PCURVE('',#364,#2016);
#2016 = DEFINITIONAL_REPRESENTATION('',(#2017),#2021);
#2017 = LINE('',#2018,#2019);
#2018 = CARTESIAN_POINT('',(13.999626618407,47.033457793864));
#2019 = VECTOR('',#2020,1.);
#2020 = DIRECTION('',(0.707106781187,0.707106781187));
#2021 = ( GEOMETRIC_REPRESENTATION_CONTEXT(2) 
PARAMETRIC_REPRESENTATION_CONTEXT() REPRESENTATION_CONTEXT('2D SPACE',''
  ) );
#2022 = PCURVE('',#1338,#2023);
#2023 = DEFINITIONAL_REPRESENTATION('',(#2024),#2027);
#2024 = B_SPLINE_CURVE_WITH_KNOTS('',1,(#2025,#2026),.UNSPECIFIED.,.F.,
  .F.,(2,2),(37.082034130495,41.861249487556),.PIECEWISE_BEZIER_KNOTS.);
#2025 = CARTESIAN_POINT('',(6.074873734153,-1.));
#2026 = CARTESIAN_POINT('',(1.295658377092,-1.));
#2027 = ( GEOMETRIC_REPRESENTATION_CONTEXT(2) 
PARAMETRIC_REPRESENTATION_CONTEXT() REPRESENTATION_CONTEXT('2D SPACE',''
  ) );
#2028 = ORIENTED_EDGE('',*,*,#2029,.T.);
#2029 = EDGE_CURVE('',#2008,#2030,#2032,.T.);
#2030 = VERTEX_POINT('',#2031);
#2031 = CARTESIAN_POINT('',(230.8,0.,34.275));
#2032 = SURFACE_CURVE('',#2033,(#2038,#2049),.PCURVE_S1.);
#2033 = CIRCLE('',#2034,3.6);
#2034 = AXIS2_PLACEMENT_3D('',#2035,#2036,#2037);
#2035 = CARTESIAN_POINT('',(230.8,0.,37.875));
#2036 = DIRECTION('',(0.,-1.,-0.));
#2037 = DIRECTION('',(-0.707106781187,-0.,0.707106781187));
#2038 = PCURVE('',#364,#2039);
#2039 = DEFINITIONAL_REPRESENTATION('',(#2040),#2048);
#2040 = ( BOUNDED_CURVE() B_SPLINE_CURVE(2,(#2041,#2042,#2043,#2044,
#2045,#2046,#2047),.UNSPECIFIED.,.T.,.F.) B_SPLINE_CURVE_WITH_KNOTS((1,2
    ,2,2,2,1),(-2.094395102393,0.,2.094395102393,4.188790204786,
6.28318530718,8.377580409573),.UNSPECIFIED.) CURVE() 
GEOMETRIC_REPRESENTATION_ITEM() RATIONAL_B_SPLINE_CURVE((1.,0.5,1.,0.5,
1.,0.5,1.)) REPRESENTATION_ITEM('') );
#2041 = CARTESIAN_POINT('',(40.220584412272,73.254415587728));
#2042 = CARTESIAN_POINT('',(35.811502875262,68.845334050719));
#2043 = CARTESIAN_POINT('',(34.197667025359,74.868251437631));
#2044 = CARTESIAN_POINT('',(32.583831175457,80.891168824543));
#2045 = CARTESIAN_POINT('',(38.606748562369,79.277332974641));
#2046 = CARTESIAN_POINT('',(44.629665949281,77.663497124738));
#2047 = CARTESIAN_POINT('',(40.220584412272,73.254415587728));
#2048 = ( GEOMETRIC_REPRESENTATION_CONTEXT(2) 
PARAMETRIC_REPRESENTATION_CONTEXT() REPRESENTATION_CONTEXT('2D SPACE',''
  ) );
#2049 = PCURVE('',#1370,#2050);
#2050 = DEFINITIONAL_REPRESENTATION('',(#2051),#2055);
#2051 = LINE('',#2052,#2053);
#2052 = CARTESIAN_POINT('',(0.,-1.));
#2053 = VECTOR('',#2054,1.);
#2054 = DIRECTION('',(1.,0.));
#2055 = ( GEOMETRIC_REPRESENTATION_CONTEXT(2) 
PARAMETRIC_REPRESENTATION_CONTEXT() REPRESENTATION_CONTEXT('2D SPACE',''
  ) );
#2056 = ORIENTED_EDGE('',*,*,#2057,.F.);
#2057 = EDGE_CURVE('',#2058,#2030,#2060,.T.);
#2058 = VERTEX_POINT('',#2059);
#2059 = CARTESIAN_POINT('',(234.3,0.,34.275));
#2060 = SURFACE_CURVE('',#2061,(#2065,#2072),.PCURVE_S1.);
#2061 = LINE('',#2062,#2063);
#2062 = CARTESIAN_POINT('',(192.9,0.,34.275));
#2063 = VECTOR('',#2064,1.);
#2064 = DIRECTION('',(-1.,0.,0.));
#2065 = PCURVE('',#364,#2066);
#2066 = DEFINITIONAL_REPRESENTATION('',(#2067),#2071);
#2067 = LINE('',#2068,#2069);
#2068 = CARTESIAN_POINT('',(34.075,37.9));
#2069 = VECTOR('',#2070,1.);
#2070 = DIRECTION('',(0.,-1.));
#2071 = ( GEOMETRIC_REPRESENTATION_CONTEXT(2) 
PARAMETRIC_REPRESENTATION_CONTEXT() REPRESENTATION_CONTEXT('2D SPACE',''
  ) );
#2072 = PCURVE('',#1397,#2073);
#2073 = DEFINITIONAL_REPRESENTATION('',(#2074),#2077);
#2074 = B_SPLINE_CURVE_WITH_KNOTS('',1,(#2075,#2076),.UNSPECIFIED.,.F.,
  .F.,(2,2),(-41.4,-37.9),.PIECEWISE_BEZIER_KNOTS.);
#2075 = CARTESIAN_POINT('',(3.5,-1.));
#2076 = CARTESIAN_POINT('',(0.,-1.));
#2077 = ( GEOMETRIC_REPRESENTATION_CONTEXT(2) 
PARAMETRIC_REPRESENTATION_CONTEXT() REPRESENTATION_CONTEXT('2D SPACE',''
  ) );
#2078 = ORIENTED_EDGE('',*,*,#2079,.T.);
#2079 = EDGE_CURVE('',#2058,#2080,#2082,.T.);
#2080 = VERTEX_POINT('',#2081);
#2081 = CARTESIAN_POINT('',(236.84558441227,0.,40.420584412272));
#2082 = SURFACE_CURVE('',#2083,(#2088,#2099),.PCURVE_S1.);
#2083 = CIRCLE('',#2084,3.6);
#2084 = AXIS2_PLACEMENT_3D('',#2085,#2086,#2087);
#2085 = CARTESIAN_POINT('',(234.3,0.,37.875));
#2086 = DIRECTION('',(0.,-1.,0.));
#2087 = DIRECTION('',(0.,0.,-1.));
#2088 = PCURVE('',#364,#2089);
#2089 = DEFINITIONAL_REPRESENTATION('',(#2090),#2098);
#2090 = ( BOUNDED_CURVE() B_SPLINE_CURVE(2,(#2091,#2092,#2093,#2094,
#2095,#2096,#2097),.UNSPECIFIED.,.T.,.F.) B_SPLINE_CURVE_WITH_KNOTS((1,2
    ,2,2,2,1),(-2.094395102393,0.,2.094395102393,4.188790204786,
6.28318530718,8.377580409573),.UNSPECIFIED.) CURVE() 
GEOMETRIC_REPRESENTATION_ITEM() RATIONAL_B_SPLINE_CURVE((1.,0.5,1.,0.5,
1.,0.5,1.)) REPRESENTATION_ITEM('') );
#2091 = CARTESIAN_POINT('',(34.075,79.3));
#2092 = CARTESIAN_POINT('',(34.075,85.535382907248));
#2093 = CARTESIAN_POINT('',(39.475,82.417691453624));
#2094 = CARTESIAN_POINT('',(44.875,79.3));
#2095 = CARTESIAN_POINT('',(39.475,76.182308546376));
#2096 = CARTESIAN_POINT('',(34.075,73.064617092752));
#2097 = CARTESIAN_POINT('',(34.075,79.3));
#2098 = ( GEOMETRIC_REPRESENTATION_CONTEXT(2) 
PARAMETRIC_REPRESENTATION_CONTEXT() REPRESENTATION_CONTEXT('2D SPACE',''
  ) );
#2099 = PCURVE('',#1429,#2100);
#2100 = DEFINITIONAL_REPRESENTATION('',(#2101),#2105);
#2101 = LINE('',#2102,#2103);
#2102 = CARTESIAN_POINT('',(0.,-1.));
#2103 = VECTOR('',#2104,1.);
#2104 = DIRECTION('',(1.,0.));
#2105 = ( GEOMETRIC_REPRESENTATION_CONTEXT(2) 
PARAMETRIC_REPRESENTATION_CONTEXT() REPRESENTATION_CONTEXT('2D SPACE',''
  ) );
#2106 = ORIENTED_EDGE('',*,*,#2107,.F.);
#2107 = EDGE_CURVE('',#2108,#2080,#2110,.T.);
#2108 = VERTEX_POINT('',#2109);
#2109 = CARTESIAN_POINT('',(233.46616882454,0.,43.8));
#2110 = SURFACE_CURVE('',#2111,(#2115,#2122),.PCURVE_S1.);
#2111 = LINE('',#2112,#2113);
#2112 = CARTESIAN_POINT('',(226.43933441227,0.,50.826834412272));
#2113 = VECTOR('',#2114,1.);
#2114 = DIRECTION('',(0.707106781187,0.,-0.707106781187));
#2115 = PCURVE('',#364,#2116);
#2116 = DEFINITIONAL_REPRESENTATION('',(#2117),#2121);
#2117 = LINE('',#2118,#2119);
#2118 = CARTESIAN_POINT('',(50.626834412272,71.439334412272));
#2119 = VECTOR('',#2120,1.);
#2120 = DIRECTION('',(-0.707106781187,0.707106781187));
#2121 = ( GEOMETRIC_REPRESENTATION_CONTEXT(2) 
PARAMETRIC_REPRESENTATION_CONTEXT() REPRESENTATION_CONTEXT('2D SPACE',''
  ) );
#2122 = PCURVE('',#1456,#2123);
#2123 = DEFINITIONAL_REPRESENTATION('',(#2124),#2127);
#2124 = B_SPLINE_CURVE_WITH_KNOTS('',1,(#2125,#2126),.UNSPECIFIED.,.F.,
  .F.,(2,2),(9.937444526384,14.716659883445),.PIECEWISE_BEZIER_KNOTS.);
#2125 = CARTESIAN_POINT('',(4.779215357061,-1.));
#2126 = CARTESIAN_POINT('',(0.,-1.));
#2127 = ( GEOMETRIC_REPRESENTATION_CONTEXT(2) 
PARAMETRIC_REPRESENTATION_CONTEXT() REPRESENTATION_CONTEXT('2D SPACE',''
  ) );
#2128 = ORIENTED_EDGE('',*,*,#2129,.T.);
#2129 = EDGE_CURVE('',#2108,#1888,#2130,.T.);
#2130 = SURFACE_CURVE('',#2131,(#2135,#2142),.PCURVE_S1.);
#2131 = LINE('',#2132,#2133);
#2132 = CARTESIAN_POINT('',(155.,0.,43.8));
#2133 = VECTOR('',#2134,1.);
#2134 = DIRECTION('',(1.,0.,0.));
#2135 = PCURVE('',#364,#2136);
#2136 = DEFINITIONAL_REPRESENTATION('',(#2137),#2141);
#2137 = LINE('',#2138,#2139);
#2138 = CARTESIAN_POINT('',(43.6,0.));
#2139 = VECTOR('',#2140,1.);
#2140 = DIRECTION('',(0.,1.));
#2141 = ( GEOMETRIC_REPRESENTATION_CONTEXT(2) 
PARAMETRIC_REPRESENTATION_CONTEXT() REPRESENTATION_CONTEXT('2D SPACE',''
  ) );
#2142 = PCURVE('',#1483,#2143);
#2143 = DEFINITIONAL_REPRESENTATION('',(#2144),#2148);
#2144 = LINE('',#2145,#2146);
#2145 = CARTESIAN_POINT('',(0.,0.));
#2146 = VECTOR('',#2147,1.);
#2147 = DIRECTION('',(1.,0.));
#2148 = ( GEOMETRIC_REPRESENTATION_CONTEXT(2) 
PARAMETRIC_REPRESENTATION_CONTEXT() REPRESENTATION_CONTEXT('2D SPACE',''
  ) );
#2149 = ORIENTED_EDGE('',*,*,#1887,.F.);
#2150 = ORIENTED_EDGE('',*,*,#348,.F.);
#2151 = ORIENTED_EDGE('',*,*,#2152,.T.);
#2152 = EDGE_CURVE('',#321,#1985,#2153,.T.);
#2153 = SURFACE_CURVE('',#2154,(#2158,#2165),.PCURVE_S1.);
#2154 = LINE('',#2155,#2156);
#2155 = CARTESIAN_POINT('',(155.,0.,0.2));
#2156 = VECTOR('',#2157,1.);
#2157 = DIRECTION('',(0.,0.,1.));
#2158 = PCURVE('',#364,#2159);
#2159 = DEFINITIONAL_REPRESENTATION('',(#2160),#2164);
#2160 = LINE('',#2161,#2162);
#2161 = CARTESIAN_POINT('',(0.,0.));
#2162 = VECTOR('',#2163,1.);
#2163 = DIRECTION('',(1.,0.));
#2164 = ( GEOMETRIC_REPRESENTATION_CONTEXT(2) 
PARAMETRIC_REPRESENTATION_CONTEXT() REPRESENTATION_CONTEXT('2D SPACE',''
  ) );
#2165 = PCURVE('',#336,#2166);
#2166 = DEFINITIONAL_REPRESENTATION('',(#2167),#2171);
#2167 = LINE('',#2168,#2169);
#2168 = CARTESIAN_POINT('',(0.,0.));
#2169 = VECTOR('',#2170,1.);
#2170 = DIRECTION('',(1.,0.));
#2171 = ( GEOMETRIC_REPRESENTATION_CONTEXT(2) 
PARAMETRIC_REPRESENTATION_CONTEXT() REPRESENTATION_CONTEXT('2D SPACE',''
  ) );
#2172 = FACE_BOUND('',#2173,.F.);
#2173 = EDGE_LOOP('',(#2174,#2198,#2226,#2248,#2276));
#2174 = ORIENTED_EDGE('',*,*,#2175,.F.);
#2175 = EDGE_CURVE('',#2176,#2178,#2180,.T.);
#2176 = VERTEX_POINT('',#2177);
#2177 = CARTESIAN_POINT('',(228.25441558772,0.,24.545584412272));
#2178 = VERTEX_POINT('',#2179);
#2179 = CARTESIAN_POINT('',(232.55,0.,28.841168824543));
#2180 = SURFACE_CURVE('',#2181,(#2185,#2192),.PCURVE_S1.);
#2181 = LINE('',#2182,#2183);
#2182 = CARTESIAN_POINT('',(206.00220779386,0.,2.293376618407));
#2183 = VECTOR('',#2184,1.);
#2184 = DIRECTION('',(0.707106781187,-0.,0.707106781187));
#2185 = PCURVE('',#364,#2186);
#2186 = DEFINITIONAL_REPRESENTATION('',(#2187),#2191);
#2187 = LINE('',#2188,#2189);
#2188 = CARTESIAN_POINT('',(2.093376618407,51.002207793864));
#2189 = VECTOR('',#2190,1.);
#2190 = DIRECTION('',(0.707106781187,0.707106781187));
#2191 = ( GEOMETRIC_REPRESENTATION_CONTEXT(2) 
PARAMETRIC_REPRESENTATION_CONTEXT() REPRESENTATION_CONTEXT('2D SPACE',''
  ) );
#2192 = PCURVE('',#1788,#2193);
#2193 = DEFINITIONAL_REPRESENTATION('',(#2194),#2197);
#2194 = B_SPLINE_CURVE_WITH_KNOTS('',1,(#2195,#2196),.UNSPECIFIED.,.F.,
  .F.,(2,2),(31.469374054827,37.54424778898),.PIECEWISE_BEZIER_KNOTS.);
#2195 = CARTESIAN_POINT('',(6.074873734153,-1.));
#2196 = CARTESIAN_POINT('',(0.,-1.));
#2197 = ( GEOMETRIC_REPRESENTATION_CONTEXT(2) 
PARAMETRIC_REPRESENTATION_CONTEXT() REPRESENTATION_CONTEXT('2D SPACE',''
  ) );
#2198 = ORIENTED_EDGE('',*,*,#2199,.T.);
#2199 = EDGE_CURVE('',#2176,#2200,#2202,.T.);
#2200 = VERTEX_POINT('',#2201);
#2201 = CARTESIAN_POINT('',(230.8,0.,18.4));
#2202 = SURFACE_CURVE('',#2203,(#2208,#2219),.PCURVE_S1.);
#2203 = CIRCLE('',#2204,3.6);
#2204 = AXIS2_PLACEMENT_3D('',#2205,#2206,#2207);
#2205 = CARTESIAN_POINT('',(230.8,0.,22.));
#2206 = DIRECTION('',(0.,-1.,-0.));
#2207 = DIRECTION('',(-0.707106781187,-0.,0.707106781187));
#2208 = PCURVE('',#364,#2209);
#2209 = DEFINITIONAL_REPRESENTATION('',(#2210),#2218);
#2210 = ( BOUNDED_CURVE() B_SPLINE_CURVE(2,(#2211,#2212,#2213,#2214,
#2215,#2216,#2217),.UNSPECIFIED.,.T.,.F.) B_SPLINE_CURVE_WITH_KNOTS((1,2
    ,2,2,2,1),(-2.094395102393,0.,2.094395102393,4.188790204786,
6.28318530718,8.377580409573),.UNSPECIFIED.) CURVE() 
GEOMETRIC_REPRESENTATION_ITEM() RATIONAL_B_SPLINE_CURVE((1.,0.5,1.,0.5,
1.,0.5,1.)) REPRESENTATION_ITEM('') );
#2211 = CARTESIAN_POINT('',(24.345584412272,73.254415587728));
#2212 = CARTESIAN_POINT('',(19.936502875262,68.845334050719));
#2213 = CARTESIAN_POINT('',(18.322667025359,74.868251437631));
#2214 = CARTESIAN_POINT('',(16.708831175457,80.891168824543));
#2215 = CARTESIAN_POINT('',(22.731748562369,79.277332974641));
#2216 = CARTESIAN_POINT('',(28.754665949281,77.663497124738));
#2217 = CARTESIAN_POINT('',(24.345584412272,73.254415587728));
#2218 = ( GEOMETRIC_REPRESENTATION_CONTEXT(2) 
PARAMETRIC_REPRESENTATION_CONTEXT() REPRESENTATION_CONTEXT('2D SPACE',''
  ) );
#2219 = PCURVE('',#1818,#2220);
#2220 = DEFINITIONAL_REPRESENTATION('',(#2221),#2225);
#2221 = LINE('',#2222,#2223);
#2222 = CARTESIAN_POINT('',(0.,-1.));
#2223 = VECTOR('',#2224,1.);
#2224 = DIRECTION('',(1.,0.));
#2225 = ( GEOMETRIC_REPRESENTATION_CONTEXT(2) 
PARAMETRIC_REPRESENTATION_CONTEXT() REPRESENTATION_CONTEXT('2D SPACE',''
  ) );
#2226 = ORIENTED_EDGE('',*,*,#2227,.F.);
#2227 = EDGE_CURVE('',#2228,#2200,#2230,.T.);
#2228 = VERTEX_POINT('',#2229);
#2229 = CARTESIAN_POINT('',(234.3,0.,18.4));
#2230 = SURFACE_CURVE('',#2231,(#2235,#2242),.PCURVE_S1.);
#2231 = LINE('',#2232,#2233);
#2232 = CARTESIAN_POINT('',(192.9,0.,18.4));
#2233 = VECTOR('',#2234,1.);
#2234 = DIRECTION('',(-1.,0.,0.));
#2235 = PCURVE('',#364,#2236);
#2236 = DEFINITIONAL_REPRESENTATION('',(#2237),#2241);
#2237 = LINE('',#2238,#2239);
#2238 = CARTESIAN_POINT('',(18.2,37.9));
#2239 = VECTOR('',#2240,1.);
#2240 = DIRECTION('',(0.,-1.));
#2241 = ( GEOMETRIC_REPRESENTATION_CONTEXT(2) 
PARAMETRIC_REPRESENTATION_CONTEXT() REPRESENTATION_CONTEXT('2D SPACE',''
  ) );
#2242 = PCURVE('',#1703,#2243);
#2243 = DEFINITIONAL_REPRESENTATION('',(#2244),#2247);
#2244 = B_SPLINE_CURVE_WITH_KNOTS('',1,(#2245,#2246),.UNSPECIFIED.,.F.,
  .F.,(2,2),(-41.4,-37.9),.PIECEWISE_BEZIER_KNOTS.);
#2245 = CARTESIAN_POINT('',(3.5,-1.));
#2246 = CARTESIAN_POINT('',(0.,-1.));
#2247 = ( GEOMETRIC_REPRESENTATION_CONTEXT(2) 
PARAMETRIC_REPRESENTATION_CONTEXT() REPRESENTATION_CONTEXT('2D SPACE',''
  ) );
#2248 = ORIENTED_EDGE('',*,*,#2249,.T.);
#2249 = EDGE_CURVE('',#2228,#2250,#2252,.T.);
#2250 = VERTEX_POINT('',#2251);
#2251 = CARTESIAN_POINT('',(236.84558441227,0.,24.545584412272));
#2252 = SURFACE_CURVE('',#2253,(#2258,#2269),.PCURVE_S1.);
#2253 = CIRCLE('',#2254,3.6);
#2254 = AXIS2_PLACEMENT_3D('',#2255,#2256,#2257);
#2255 = CARTESIAN_POINT('',(234.3,0.,22.));
#2256 = DIRECTION('',(0.,-1.,0.));
#2257 = DIRECTION('',(0.,0.,-1.));
#2258 = PCURVE('',#364,#2259);
#2259 = DEFINITIONAL_REPRESENTATION('',(#2260),#2268);
#2260 = ( BOUNDED_CURVE() B_SPLINE_CURVE(2,(#2261,#2262,#2263,#2264,
#2265,#2266,#2267),.UNSPECIFIED.,.T.,.F.) B_SPLINE_CURVE_WITH_KNOTS((1,2
    ,2,2,2,1),(-2.094395102393,0.,2.094395102393,4.188790204786,
6.28318530718,8.377580409573),.UNSPECIFIED.) CURVE() 
GEOMETRIC_REPRESENTATION_ITEM() RATIONAL_B_SPLINE_CURVE((1.,0.5,1.,0.5,
1.,0.5,1.)) REPRESENTATION_ITEM('') );
#2261 = CARTESIAN_POINT('',(18.2,79.3));
#2262 = CARTESIAN_POINT('',(18.2,85.535382907248));
#2263 = CARTESIAN_POINT('',(23.6,82.417691453624));
#2264 = CARTESIAN_POINT('',(29.,79.3));
#2265 = CARTESIAN_POINT('',(23.6,76.182308546376));
#2266 = CARTESIAN_POINT('',(18.2,73.064617092752));
#2267 = CARTESIAN_POINT('',(18.2,79.3));
#2268 = ( GEOMETRIC_REPRESENTATION_CONTEXT(2) 
PARAMETRIC_REPRESENTATION_CONTEXT() REPRESENTATION_CONTEXT('2D SPACE',''
  ) );
#2269 = PCURVE('',#1735,#2270);
#2270 = DEFINITIONAL_REPRESENTATION('',(#2271),#2275);
#2271 = LINE('',#2272,#2273);
#2272 = CARTESIAN_POINT('',(0.,-1.));
#2273 = VECTOR('',#2274,1.);
#2274 = DIRECTION('',(1.,0.));
#2275 = ( GEOMETRIC_REPRESENTATION_CONTEXT(2) 
PARAMETRIC_REPRESENTATION_CONTEXT() REPRESENTATION_CONTEXT('2D SPACE',''
  ) );
#2276 = ORIENTED_EDGE('',*,*,#2277,.F.);
#2277 = EDGE_CURVE('',#2178,#2250,#2278,.T.);
#2278 = SURFACE_CURVE('',#2279,(#2283,#2290),.PCURVE_S1.);
#2279 = LINE('',#2280,#2281);
#2280 = CARTESIAN_POINT('',(222.47058441227,1.110223024625E-16,
    38.920584412272));
#2281 = VECTOR('',#2282,1.);
#2282 = DIRECTION('',(0.707106781187,0.,-0.707106781187));
#2283 = PCURVE('',#364,#2284);
#2284 = DEFINITIONAL_REPRESENTATION('',(#2285),#2289);
#2285 = LINE('',#2286,#2287);
#2286 = CARTESIAN_POINT('',(38.720584412272,67.470584412272));
#2287 = VECTOR('',#2288,1.);
#2288 = DIRECTION('',(-0.707106781187,0.707106781187));
#2289 = ( GEOMETRIC_REPRESENTATION_CONTEXT(2) 
PARAMETRIC_REPRESENTATION_CONTEXT() REPRESENTATION_CONTEXT('2D SPACE',''
  ) );
#2290 = PCURVE('',#1762,#2291);
#2291 = DEFINITIONAL_REPRESENTATION('',(#2292),#2295);
#2292 = B_SPLINE_CURVE_WITH_KNOTS('',1,(#2293,#2294),.UNSPECIFIED.,.F.,
  .F.,(2,2),(14.25444622496,20.329319959113),.PIECEWISE_BEZIER_KNOTS.);
#2293 = CARTESIAN_POINT('',(6.074873734153,-1.));
#2294 = CARTESIAN_POINT('',(0.,-1.));
#2295 = ( GEOMETRIC_REPRESENTATION_CONTEXT(2) 
PARAMETRIC_REPRESENTATION_CONTEXT() REPRESENTATION_CONTEXT('2D SPACE',''
  ) );
#2296 = FACE_BOUND('',#2297,.F.);
#2297 = EDGE_LOOP('',(#2298,#2322,#2350,#2372,#2394));
#2298 = ORIENTED_EDGE('',*,*,#2299,.F.);
#2299 = EDGE_CURVE('',#2300,#2302,#2304,.T.);
#2300 = VERTEX_POINT('',#2301);
#2301 = CARTESIAN_POINT('',(234.3,0.,2.525));
#2302 = VERTEX_POINT('',#2303);
#2303 = CARTESIAN_POINT('',(230.8,0.,2.525));
#2304 = SURFACE_CURVE('',#2305,(#2309,#2316),.PCURVE_S1.);
#2305 = LINE('',#2306,#2307);
#2306 = CARTESIAN_POINT('',(192.9,0.,2.525));
#2307 = VECTOR('',#2308,1.);
#2308 = DIRECTION('',(-1.,0.,0.));
#2309 = PCURVE('',#364,#2310);
#2310 = DEFINITIONAL_REPRESENTATION('',(#2311),#2315);
#2311 = LINE('',#2312,#2313);
#2312 = CARTESIAN_POINT('',(2.325,37.9));
#2313 = VECTOR('',#2314,1.);
#2314 = DIRECTION('',(0.,-1.));
#2315 = ( GEOMETRIC_REPRESENTATION_CONTEXT(2) 
PARAMETRIC_REPRESENTATION_CONTEXT() REPRESENTATION_CONTEXT('2D SPACE',''
  ) );
#2316 = PCURVE('',#1557,#2317);
#2317 = DEFINITIONAL_REPRESENTATION('',(#2318),#2321);
#2318 = B_SPLINE_CURVE_WITH_KNOTS('',1,(#2319,#2320),.UNSPECIFIED.,.F.,
  .F.,(2,2),(-41.4,-37.9),.PIECEWISE_BEZIER_KNOTS.);
#2319 = CARTESIAN_POINT('',(3.5,-1.));
#2320 = CARTESIAN_POINT('',(0.,-1.));
#2321 = ( GEOMETRIC_REPRESENTATION_CONTEXT(2) 
PARAMETRIC_REPRESENTATION_CONTEXT() REPRESENTATION_CONTEXT('2D SPACE',''
  ) );
#2322 = ORIENTED_EDGE('',*,*,#2323,.T.);
#2323 = EDGE_CURVE('',#2300,#2324,#2326,.T.);
#2324 = VERTEX_POINT('',#2325);
#2325 = CARTESIAN_POINT('',(236.84558441227,0.,8.670584412272));
#2326 = SURFACE_CURVE('',#2327,(#2332,#2343),.PCURVE_S1.);
#2327 = CIRCLE('',#2328,3.6);
#2328 = AXIS2_PLACEMENT_3D('',#2329,#2330,#2331);
#2329 = CARTESIAN_POINT('',(234.3,0.,6.125));
#2330 = DIRECTION('',(0.,-1.,0.));
#2331 = DIRECTION('',(0.,0.,-1.));
#2332 = PCURVE('',#364,#2333);
#2333 = DEFINITIONAL_REPRESENTATION('',(#2334),#2342);
#2334 = ( BOUNDED_CURVE() B_SPLINE_CURVE(2,(#2335,#2336,#2337,#2338,
#2339,#2340,#2341),.UNSPECIFIED.,.T.,.F.) B_SPLINE_CURVE_WITH_KNOTS((1,2
    ,2,2,2,1),(-2.094395102393,0.,2.094395102393,4.188790204786,
6.28318530718,8.377580409573),.UNSPECIFIED.) CURVE() 
GEOMETRIC_REPRESENTATION_ITEM() RATIONAL_B_SPLINE_CURVE((1.,0.5,1.,0.5,
1.,0.5,1.)) REPRESENTATION_ITEM('') );
#2335 = CARTESIAN_POINT('',(2.325,79.3));
#2336 = CARTESIAN_POINT('',(2.325,85.535382907248));
#2337 = CARTESIAN_POINT('',(7.725,82.417691453624));
#2338 = CARTESIAN_POINT('',(13.125,79.3));
#2339 = CARTESIAN_POINT('',(7.725,76.182308546376));
#2340 = CARTESIAN_POINT('',(2.325,73.064617092752));
#2341 = CARTESIAN_POINT('',(2.325,79.3));
#2342 = ( GEOMETRIC_REPRESENTATION_CONTEXT(2) 
PARAMETRIC_REPRESENTATION_CONTEXT() REPRESENTATION_CONTEXT('2D SPACE',''
  ) );
#2343 = PCURVE('',#1589,#2344);
#2344 = DEFINITIONAL_REPRESENTATION('',(#2345),#2349);
#2345 = LINE('',#2346,#2347);
#2346 = CARTESIAN_POINT('',(0.,-1.));
#2347 = VECTOR('',#2348,1.);
#2348 = DIRECTION('',(1.,0.));
#2349 = ( GEOMETRIC_REPRESENTATION_CONTEXT(2) 
PARAMETRIC_REPRESENTATION_CONTEXT() REPRESENTATION_CONTEXT('2D SPACE',''
  ) );
#2350 = ORIENTED_EDGE('',*,*,#2351,.F.);
#2351 = EDGE_CURVE('',#2352,#2324,#2354,.T.);
#2352 = VERTEX_POINT('',#2353);
#2353 = CARTESIAN_POINT('',(232.55,0.,12.966168824543));
#2354 = SURFACE_CURVE('',#2355,(#2359,#2366),.PCURVE_S1.);
#2355 = LINE('',#2356,#2357);
#2356 = CARTESIAN_POINT('',(218.50183441227,1.110223024625E-16,
    27.014334412272));
#2357 = VECTOR('',#2358,1.);
#2358 = DIRECTION('',(0.707106781187,0.,-0.707106781187));
#2359 = PCURVE('',#364,#2360);
#2360 = DEFINITIONAL_REPRESENTATION('',(#2361),#2365);
#2361 = LINE('',#2362,#2363);
#2362 = CARTESIAN_POINT('',(26.814334412272,63.501834412272));
#2363 = VECTOR('',#2364,1.);
#2364 = DIRECTION('',(-0.707106781187,0.707106781187));
#2365 = ( GEOMETRIC_REPRESENTATION_CONTEXT(2) 
PARAMETRIC_REPRESENTATION_CONTEXT() REPRESENTATION_CONTEXT('2D SPACE',''
  ) );
#2366 = PCURVE('',#1616,#2367);
#2367 = DEFINITIONAL_REPRESENTATION('',(#2368),#2371);
#2368 = B_SPLINE_CURVE_WITH_KNOTS('',1,(#2369,#2370),.UNSPECIFIED.,.F.,
  .F.,(2,2),(19.867106300629,25.941980034782),.PIECEWISE_BEZIER_KNOTS.);
#2369 = CARTESIAN_POINT('',(6.074873734153,-1.));
#2370 = CARTESIAN_POINT('',(0.,-1.));
#2371 = ( GEOMETRIC_REPRESENTATION_CONTEXT(2) 
PARAMETRIC_REPRESENTATION_CONTEXT() REPRESENTATION_CONTEXT('2D SPACE',''
  ) );
#2372 = ORIENTED_EDGE('',*,*,#2373,.F.);
#2373 = EDGE_CURVE('',#2374,#2352,#2376,.T.);
#2374 = VERTEX_POINT('',#2375);
#2375 = CARTESIAN_POINT('',(228.25441558772,0.,8.670584412272));
#2376 = SURFACE_CURVE('',#2377,(#2381,#2388),.PCURVE_S1.);
#2377 = LINE('',#2378,#2379);
#2378 = CARTESIAN_POINT('',(209.97095779386,1.110223024625E-16,
    -9.612873381593));
#2379 = VECTOR('',#2380,1.);
#2380 = DIRECTION('',(0.707106781187,-0.,0.707106781187));
#2381 = PCURVE('',#364,#2382);
#2382 = DEFINITIONAL_REPRESENTATION('',(#2383),#2387);
#2383 = LINE('',#2384,#2385);
#2384 = CARTESIAN_POINT('',(-9.812873381593,54.970957793864));
#2385 = VECTOR('',#2386,1.);
#2386 = DIRECTION('',(0.707106781187,0.707106781187));
#2387 = ( GEOMETRIC_REPRESENTATION_CONTEXT(2) 
PARAMETRIC_REPRESENTATION_CONTEXT() REPRESENTATION_CONTEXT('2D SPACE',''
  ) );
#2388 = PCURVE('',#1642,#2389);
#2389 = DEFINITIONAL_REPRESENTATION('',(#2390),#2393);
#2390 = B_SPLINE_CURVE_WITH_KNOTS('',1,(#2391,#2392),.UNSPECIFIED.,.F.,
  .F.,(2,2),(25.856713979159,31.931587713312),.PIECEWISE_BEZIER_KNOTS.);
#2391 = CARTESIAN_POINT('',(6.074873734153,-1.));
#2392 = CARTESIAN_POINT('',(0.,-1.));
#2393 = ( GEOMETRIC_REPRESENTATION_CONTEXT(2) 
PARAMETRIC_REPRESENTATION_CONTEXT() REPRESENTATION_CONTEXT('2D SPACE',''
  ) );
#2394 = ORIENTED_EDGE('',*,*,#2395,.T.);
#2395 = EDGE_CURVE('',#2374,#2302,#2396,.T.);
#2396 = SURFACE_CURVE('',#2397,(#2402,#2413),.PCURVE_S1.);
#2397 = CIRCLE('',#2398,3.6);
#2398 = AXIS2_PLACEMENT_3D('',#2399,#2400,#2401);
#2399 = CARTESIAN_POINT('',(230.8,0.,6.125));
#2400 = DIRECTION('',(0.,-1.,-0.));
#2401 = DIRECTION('',(-0.707106781187,-0.,0.707106781187));
#2402 = PCURVE('',#364,#2403);
#2403 = DEFINITIONAL_REPRESENTATION('',(#2404),#2412);
#2404 = ( BOUNDED_CURVE() B_SPLINE_CURVE(2,(#2405,#2406,#2407,#2408,
#2409,#2410,#2411),.UNSPECIFIED.,.T.,.F.) B_SPLINE_CURVE_WITH_KNOTS((1,2
    ,2,2,2,1),(-2.094395102393,0.,2.094395102393,4.188790204786,
6.28318530718,8.377580409573),.UNSPECIFIED.) CURVE() 
GEOMETRIC_REPRESENTATION_ITEM() RATIONAL_B_SPLINE_CURVE((1.,0.5,1.,0.5,
1.,0.5,1.)) REPRESENTATION_ITEM('') );
#2405 = CARTESIAN_POINT('',(8.470584412272,73.254415587728));
#2406 = CARTESIAN_POINT('',(4.061502875262,68.845334050719));
#2407 = CARTESIAN_POINT('',(2.447667025359,74.868251437631));
#2408 = CARTESIAN_POINT('',(0.833831175457,80.891168824543));
#2409 = CARTESIAN_POINT('',(6.856748562369,79.277332974641));
#2410 = CARTESIAN_POINT('',(12.879665949281,77.663497124738));
#2411 = CARTESIAN_POINT('',(8.470584412272,73.254415587728));
#2412 = ( GEOMETRIC_REPRESENTATION_CONTEXT(2) 
PARAMETRIC_REPRESENTATION_CONTEXT() REPRESENTATION_CONTEXT('2D SPACE',''
  ) );
#2413 = PCURVE('',#1672,#2414);
#2414 = DEFINITIONAL_REPRESENTATION('',(#2415),#2419);
#2415 = LINE('',#2416,#2417);
#2416 = CARTESIAN_POINT('',(0.,-1.));
#2417 = VECTOR('',#2418,1.);
#2418 = DIRECTION('',(1.,0.));
#2419 = ( GEOMETRIC_REPRESENTATION_CONTEXT(2) 
PARAMETRIC_REPRESENTATION_CONTEXT() REPRESENTATION_CONTEXT('2D SPACE',''
  ) );
#2420 = ADVANCED_FACE('',(#2421,#2468,#2556),#280,.T.);
#2421 = FACE_BOUND('',#2422,.T.);
#2422 = EDGE_LOOP('',(#2423,#2424,#2446,#2467));
#2423 = ORIENTED_EDGE('',*,*,#264,.F.);
#2424 = ORIENTED_EDGE('',*,*,#2425,.T.);
#2425 = EDGE_CURVE('',#265,#2426,#2428,.T.);
#2426 = VERTEX_POINT('',#2427);
#2427 = CARTESIAN_POINT('',(162.69249279825,70.35,43.8));
#2428 = SURFACE_CURVE('',#2429,(#2433,#2439),.PCURVE_S1.);
#2429 = LINE('',#2430,#2431);
#2430 = CARTESIAN_POINT('',(162.69249279825,70.35,-0.3));
#2431 = VECTOR('',#2432,1.);
#2432 = DIRECTION('',(0.,-0.,1.));
#2433 = PCURVE('',#280,#2434);
#2434 = DEFINITIONAL_REPRESENTATION('',(#2435),#2438);
#2435 = B_SPLINE_CURVE_WITH_KNOTS('',1,(#2436,#2437),.UNSPECIFIED.,.F.,
  .F.,(2,2),(0.5,44.1),.PIECEWISE_BEZIER_KNOTS.);
#2436 = CARTESIAN_POINT('',(9.802641802642,0.));
#2437 = CARTESIAN_POINT('',(9.802641802642,-43.6));
#2438 = ( GEOMETRIC_REPRESENTATION_CONTEXT(2) 
PARAMETRIC_REPRESENTATION_CONTEXT() REPRESENTATION_CONTEXT('2D SPACE',''
  ) );
#2439 = PCURVE('',#308,#2440);
#2440 = DEFINITIONAL_REPRESENTATION('',(#2441),#2445);
#2441 = LINE('',#2442,#2443);
#2442 = CARTESIAN_POINT('',(-0.5,7.692492798251));
#2443 = VECTOR('',#2444,1.);
#2444 = DIRECTION('',(1.,0.));
#2445 = ( GEOMETRIC_REPRESENTATION_CONTEXT(2) 
PARAMETRIC_REPRESENTATION_CONTEXT() REPRESENTATION_CONTEXT('2D SPACE',''
  ) );
#2446 = ORIENTED_EDGE('',*,*,#2447,.T.);
#2447 = EDGE_CURVE('',#2426,#1937,#2448,.T.);
#2448 = SURFACE_CURVE('',#2449,(#2453,#2460),.PCURVE_S1.);
#2449 = LINE('',#2450,#2451);
#2450 = CARTESIAN_POINT('',(156.12955903618,77.631461854985,43.8));
#2451 = VECTOR('',#2452,1.);
#2452 = DIRECTION('',(0.669506638537,-0.742806072239,0.));
#2453 = PCURVE('',#280,#2454);
#2454 = DEFINITIONAL_REPRESENTATION('',(#2455),#2459);
#2455 = LINE('',#2456,#2457);
#2456 = CARTESIAN_POINT('',(0.,-43.6));
#2457 = VECTOR('',#2458,1.);
#2458 = DIRECTION('',(1.,0.));
#2459 = ( GEOMETRIC_REPRESENTATION_CONTEXT(2) 
PARAMETRIC_REPRESENTATION_CONTEXT() REPRESENTATION_CONTEXT('2D SPACE',''
  ) );
#2460 = PCURVE('',#451,#2461);
#2461 = DEFINITIONAL_REPRESENTATION('',(#2462),#2466);
#2462 = LINE('',#2463,#2464);
#2463 = CARTESIAN_POINT('',(1.129559036182,77.631461854985));
#2464 = VECTOR('',#2465,1.);
#2465 = DIRECTION('',(0.669506638537,-0.742806072239));
#2466 = ( GEOMETRIC_REPRESENTATION_CONTEXT(2) 
PARAMETRIC_REPRESENTATION_CONTEXT() REPRESENTATION_CONTEXT('2D SPACE',''
  ) );
#2467 = ORIENTED_EDGE('',*,*,#1960,.T.);
#2468 = FACE_BOUND('',#2469,.T.);
#2469 = EDGE_LOOP('',(#2470,#2493,#2514));
#2470 = ORIENTED_EDGE('',*,*,#2471,.T.);
#2471 = EDGE_CURVE('',#2472,#2474,#2476,.T.);
#2472 = VERTEX_POINT('',#2473);
#2473 = CARTESIAN_POINT('',(175.84514485501,55.757359312881,
    26.242640687119));
#2474 = VERTEX_POINT('',#2475);
#2475 = CARTESIAN_POINT('',(172.02116412692,60.,30.485281374239));
#2476 = SURFACE_CURVE('',#2477,(#2481,#2487),.PCURVE_S1.);
#2477 = LINE('',#2478,#2479);
#2478 = CARTESIAN_POINT('',(170.08962952996,62.143004332999,
    32.628285707237));
#2479 = VECTOR('',#2480,1.);
#2480 = DIRECTION('',(-0.537455474279,0.596297582239,0.596297582239));
#2481 = PCURVE('',#280,#2482);
#2482 = DEFINITIONAL_REPRESENTATION('',(#2483),#2486);
#2483 = B_SPLINE_CURVE_WITH_KNOTS('',1,(#2484,#2485),.UNSPECIFIED.,.F.,
  .F.,(2,2),(-10.7088225918,-3.59385044788),.PIECEWISE_BEZIER_KNOTS.);
#2484 = CARTESIAN_POINT('',(29.447931781406,-26.04264068711));
#2485 = CARTESIAN_POINT('',(23.736292033589,-30.28528137423));
#2486 = ( GEOMETRIC_REPRESENTATION_CONTEXT(2) 
PARAMETRIC_REPRESENTATION_CONTEXT() REPRESENTATION_CONTEXT('2D SPACE',''
  ) );
#2487 = PCURVE('',#1112,#2488);
#2488 = DEFINITIONAL_REPRESENTATION('',(#2489),#2492);
#2489 = B_SPLINE_CURVE_WITH_KNOTS('',1,(#2490,#2491),.UNSPECIFIED.,.F.,
  .F.,(2,2),(-10.7088225918,-3.59385044788),.PIECEWISE_BEZIER_KNOTS.);
#2490 = CARTESIAN_POINT('',(6.,-15.34514485501));
#2491 = CARTESIAN_POINT('',(-4.440892098501E-16,-11.52116412692));
#2492 = ( GEOMETRIC_REPRESENTATION_CONTEXT(2) 
PARAMETRIC_REPRESENTATION_CONTEXT() REPRESENTATION_CONTEXT('2D SPACE',''
  ) );
#2493 = ORIENTED_EDGE('',*,*,#2494,.T.);
#2494 = EDGE_CURVE('',#2474,#2495,#2497,.T.);
#2495 = VERTEX_POINT('',#2496);
#2496 = CARTESIAN_POINT('',(168.19718339882,64.242640687119,
    26.242640687119));
#2497 = SURFACE_CURVE('',#2498,(#2502,#2508),.PCURVE_S1.);
#2498 = LINE('',#2499,#2500);
#2499 = CARTESIAN_POINT('',(159.02400367717,74.420125430019,
    16.06515594422));
#2500 = VECTOR('',#2501,1.);
#2501 = DIRECTION('',(-0.537455474279,0.596297582239,-0.596297582239));
#2502 = PCURVE('',#280,#2503);
#2503 = DEFINITIONAL_REPRESENTATION('',(#2504),#2507);
#2504 = B_SPLINE_CURVE_WITH_KNOTS('',1,(#2505,#2506),.UNSPECIFIED.,.F.,
  .F.,(2,2),(-24.18276689279,-17.06779474887),.PIECEWISE_BEZIER_KNOTS.);
#2505 = CARTESIAN_POINT('',(23.736292033589,-30.28528137423));
#2506 = CARTESIAN_POINT('',(18.024652285772,-26.04264068711));
#2507 = ( GEOMETRIC_REPRESENTATION_CONTEXT(2) 
PARAMETRIC_REPRESENTATION_CONTEXT() REPRESENTATION_CONTEXT('2D SPACE',''
  ) );
#2508 = PCURVE('',#1086,#2509);
#2509 = DEFINITIONAL_REPRESENTATION('',(#2510),#2513);
#2510 = B_SPLINE_CURVE_WITH_KNOTS('',1,(#2511,#2512),.UNSPECIFIED.,.F.,
  .F.,(2,2),(-24.18276689279,-17.06779474887),.PIECEWISE_BEZIER_KNOTS.);
#2511 = CARTESIAN_POINT('',(6.,-11.52116412692));
#2512 = CARTESIAN_POINT('',(1.7763568394E-15,-7.697183398827));
#2513 = ( GEOMETRIC_REPRESENTATION_CONTEXT(2) 
PARAMETRIC_REPRESENTATION_CONTEXT() REPRESENTATION_CONTEXT('2D SPACE',''
  ) );
#2514 = ORIENTED_EDGE('',*,*,#2515,.F.);
#2515 = EDGE_CURVE('',#2472,#2495,#2516,.T.);
#2516 = SURFACE_CURVE('',#2517,(#2522,#2529),.PCURVE_S1.);
#2517 = ELLIPSE('',#2518,8.077478394752,6.);
#2518 = AXIS2_PLACEMENT_3D('',#2519,#2520,#2521);
#2519 = CARTESIAN_POINT('',(172.02116412692,60.,22.));
#2520 = DIRECTION('',(0.742806072239,0.669506638537,-0.));
#2521 = DIRECTION('',(-0.669506638537,0.742806072239,-0.));
#2522 = PCURVE('',#280,#2523);
#2523 = DEFINITIONAL_REPRESENTATION('',(#2524),#2528);
#2524 = ELLIPSE('',#2525,8.077478394752,6.);
#2525 = AXIS2_PLACEMENT_2D('',#2526,#2527);
#2526 = CARTESIAN_POINT('',(23.736292033589,-21.8));
#2527 = DIRECTION('',(-1.,0.));
#2528 = ( GEOMETRIC_REPRESENTATION_CONTEXT(2) 
PARAMETRIC_REPRESENTATION_CONTEXT() REPRESENTATION_CONTEXT('2D SPACE',''
  ) );
#2529 = PCURVE('',#777,#2530);
#2530 = DEFINITIONAL_REPRESENTATION('',(#2531),#2555);
#2531 = B_SPLINE_CURVE_WITH_KNOTS('',8,(#2532,#2533,#2534,#2535,#2536,
    #2537,#2538,#2539,#2540,#2541,#2542,#2543,#2544,#2545,#2546,#2547,
    #2548,#2549,#2550,#2551,#2552,#2553,#2554),.UNSPECIFIED.,.F.,.F.,(9,
    7,7,9),(2.356194490192,3.534291735289,5.301437602933,7.068583470577)
  ,.UNSPECIFIED.);
#2532 = CARTESIAN_POINT('',(0.,-15.34514485501));
#2533 = CARTESIAN_POINT('',(-0.147262155637,-15.90827250015));
#2534 = CARTESIAN_POINT('',(-0.294524311274,-16.37662543757));
#2535 = CARTESIAN_POINT('',(-0.441786466911,-16.73159850304));
#2536 = CARTESIAN_POINT('',(-0.589048622548,-16.95895666034));
#2537 = CARTESIAN_POINT('',(-0.736310778185,-17.05016902943));
#2538 = CARTESIAN_POINT('',(-0.883572933822,-17.00313173015));
#2539 = CARTESIAN_POINT('',(-1.030835089459,-16.82219821008));
#2540 = CARTESIAN_POINT('',(-1.398990478552,-16.0602919965));
#2541 = CARTESIAN_POINT('',(-1.619883712009,-15.32453343326));
#2542 = CARTESIAN_POINT('',(-1.840776945452,-14.34415804145));
#2543 = CARTESIAN_POINT('',(-2.061670178928,-13.18212241983));
#2544 = CARTESIAN_POINT('',(-2.282563412361,-11.92521064299));
#2545 = CARTESIAN_POINT('',(-2.503456645832,-10.67072992886));
#2546 = CARTESIAN_POINT('',(-2.724349879285,-9.509933836329));
#2547 = CARTESIAN_POINT('',(-3.166136346196,-7.523429659447));
#2548 = CARTESIAN_POINT('',(-3.387029579652,-6.697720475603));
#2549 = CARTESIAN_POINT('',(-3.607922813097,-6.113406484463));
#2550 = CARTESIAN_POINT('',(-3.828816046567,-5.826890697019));
#2551 = CARTESIAN_POINT('',(-4.049709280009,-5.865639410858));
#2552 = CARTESIAN_POINT('',(-4.270602513476,-6.221042365039));
#2553 = CARTESIAN_POINT('',(-4.491495746929,-6.852491931126));
#2554 = CARTESIAN_POINT('',(-4.712388980385,-7.697183398827));
#2555 = ( GEOMETRIC_REPRESENTATION_CONTEXT(2) 
PARAMETRIC_REPRESENTATION_CONTEXT() REPRESENTATION_CONTEXT('2D SPACE',''
  ) );
#2556 = FACE_BOUND('',#2557,.T.);
#2557 = EDGE_LOOP('',(#2558,#2581,#2602));
#2558 = ORIENTED_EDGE('',*,*,#2559,.T.);
#2559 = EDGE_CURVE('',#2560,#2562,#2564,.T.);
#2560 = VERTEX_POINT('',#2561);
#2561 = CARTESIAN_POINT('',(211.89798090785,15.757359312881,
    26.242640687119));
#2562 = VERTEX_POINT('',#2563);
#2563 = CARTESIAN_POINT('',(208.07400017975,20.,30.485281374239));
#2564 = SURFACE_CURVE('',#2565,(#2569,#2575),.PCURVE_S1.);
#2565 = LINE('',#2566,#2567);
#2566 = CARTESIAN_POINT('',(189.31863352238,40.80875593797,
    51.294037312209));
#2567 = VECTOR('',#2568,1.);
#2568 = DIRECTION('',(-0.537455474279,0.596297582239,0.596297582239));
#2569 = PCURVE('',#280,#2570);
#2570 = DEFINITIONAL_REPRESENTATION('',(#2571),#2574);
#2571 = B_SPLINE_CURVE_WITH_KNOTS('',1,(#2572,#2573),.UNSPECIFIED.,.F.,
  .F.,(2,2),(-42.01156833645,-34.89659619253),.PIECEWISE_BEZIER_KNOTS.);
#2572 = CARTESIAN_POINT('',(83.297787746419,-26.04264068711));
#2573 = CARTESIAN_POINT('',(77.586147998602,-30.28528137423));
#2574 = ( GEOMETRIC_REPRESENTATION_CONTEXT(2) 
PARAMETRIC_REPRESENTATION_CONTEXT() REPRESENTATION_CONTEXT('2D SPACE',''
  ) );
#2575 = PCURVE('',#1257,#2576);
#2576 = DEFINITIONAL_REPRESENTATION('',(#2577),#2580);
#2577 = B_SPLINE_CURVE_WITH_KNOTS('',1,(#2578,#2579),.UNSPECIFIED.,.F.,
  .F.,(2,2),(-42.01156833645,-34.89659619253),.PIECEWISE_BEZIER_KNOTS.);
#2578 = CARTESIAN_POINT('',(6.,-51.39798090785));
#2579 = CARTESIAN_POINT('',(3.552713678801E-15,-47.57400017975));
#2580 = ( GEOMETRIC_REPRESENTATION_CONTEXT(2) 
PARAMETRIC_REPRESENTATION_CONTEXT() REPRESENTATION_CONTEXT('2D SPACE',''
  ) );
#2581 = ORIENTED_EDGE('',*,*,#2582,.T.);
#2582 = EDGE_CURVE('',#2562,#2583,#2585,.T.);
#2583 = VERTEX_POINT('',#2584);
#2584 = CARTESIAN_POINT('',(204.25001945166,24.242640687119,
    26.242640687119));
#2585 = SURFACE_CURVE('',#2586,(#2590,#2596),.PCURVE_S1.);
#2586 = LINE('',#2587,#2588);
#2587 = CARTESIAN_POINT('',(178.25300766958,53.08587703499,
    -2.600595660752));
#2588 = VECTOR('',#2589,1.);
#2589 = DIRECTION('',(-0.537455474279,0.596297582239,-0.596297582239));
#2590 = PCURVE('',#280,#2591);
#2591 = DEFINITIONAL_REPRESENTATION('',(#2592),#2595);
#2592 = B_SPLINE_CURVE_WITH_KNOTS('',1,(#2593,#2594),.UNSPECIFIED.,.F.,
  .F.,(2,2),(-55.48551263745,-48.37054049352),.PIECEWISE_BEZIER_KNOTS.);
#2593 = CARTESIAN_POINT('',(77.586147998602,-30.28528137423));
#2594 = CARTESIAN_POINT('',(71.874508250785,-26.04264068711));
#2595 = ( GEOMETRIC_REPRESENTATION_CONTEXT(2) 
PARAMETRIC_REPRESENTATION_CONTEXT() REPRESENTATION_CONTEXT('2D SPACE',''
  ) );
#2596 = PCURVE('',#1233,#2597);
#2597 = DEFINITIONAL_REPRESENTATION('',(#2598),#2601);
#2598 = B_SPLINE_CURVE_WITH_KNOTS('',1,(#2599,#2600),.UNSPECIFIED.,.F.,
  .F.,(2,2),(-55.48551263745,-48.37054049352),.PIECEWISE_BEZIER_KNOTS.);
#2599 = CARTESIAN_POINT('',(6.,-47.57400017975));
#2600 = CARTESIAN_POINT('',(0.,-43.75001945166));
#2601 = ( GEOMETRIC_REPRESENTATION_CONTEXT(2) 
PARAMETRIC_REPRESENTATION_CONTEXT() REPRESENTATION_CONTEXT('2D SPACE',''
  ) );
#2602 = ORIENTED_EDGE('',*,*,#2603,.F.);
#2603 = EDGE_CURVE('',#2560,#2583,#2604,.T.);
#2604 = SURFACE_CURVE('',#2605,(#2610,#2617),.PCURVE_S1.);
#2605 = ELLIPSE('',#2606,8.077478394752,6.);
#2606 = AXIS2_PLACEMENT_3D('',#2607,#2608,#2609);
#2607 = CARTESIAN_POINT('',(208.07400017975,20.,22.));
#2608 = DIRECTION('',(0.742806072239,0.669506638537,-0.));
#2609 = DIRECTION('',(-0.669506638537,0.742806072239,-0.));
#2610 = PCURVE('',#280,#2611);
#2611 = DEFINITIONAL_REPRESENTATION('',(#2612),#2616);
#2612 = ELLIPSE('',#2613,8.077478394752,6.);
#2613 = AXIS2_PLACEMENT_2D('',#2614,#2615);
#2614 = CARTESIAN_POINT('',(77.586147998602,-21.8));
#2615 = DIRECTION('',(-1.,0.));
#2616 = ( GEOMETRIC_REPRESENTATION_CONTEXT(2) 
PARAMETRIC_REPRESENTATION_CONTEXT() REPRESENTATION_CONTEXT('2D SPACE',''
  ) );
#2617 = PCURVE('',#1186,#2618);
#2618 = DEFINITIONAL_REPRESENTATION('',(#2619),#2643);
#2619 = B_SPLINE_CURVE_WITH_KNOTS('',8,(#2620,#2621,#2622,#2623,#2624,
    #2625,#2626,#2627,#2628,#2629,#2630,#2631,#2632,#2633,#2634,#2635,
    #2636,#2637,#2638,#2639,#2640,#2641,#2642),.UNSPECIFIED.,.F.,.F.,(9,
    7,7,9),(2.356194490192,3.534291735289,5.301437602933,7.068583470577)
  ,.UNSPECIFIED.);
#2620 = CARTESIAN_POINT('',(1.7763568394E-15,-51.39798090785));
#2621 = CARTESIAN_POINT('',(-0.147262155637,-51.96110855298));
#2622 = CARTESIAN_POINT('',(-0.294524311274,-52.42946149041));
#2623 = CARTESIAN_POINT('',(-0.441786466911,-52.78443455588));
#2624 = CARTESIAN_POINT('',(-0.589048622548,-53.01179271319));
#2625 = CARTESIAN_POINT('',(-0.736310778185,-53.10300508227));
#2626 = CARTESIAN_POINT('',(-0.883572933822,-53.05596778298));
#2627 = CARTESIAN_POINT('',(-1.030835089459,-52.87503426291));
#2628 = CARTESIAN_POINT('',(-1.398990478552,-52.11312804934));
#2629 = CARTESIAN_POINT('',(-1.619883712009,-51.37736948607));
#2630 = CARTESIAN_POINT('',(-1.840776945452,-50.39699409427));
#2631 = CARTESIAN_POINT('',(-2.061670178935,-49.23495847274));
#2632 = CARTESIAN_POINT('',(-2.282563412366,-47.97804669578));
#2633 = CARTESIAN_POINT('',(-2.503456645832,-46.72356598168));
#2634 = CARTESIAN_POINT('',(-2.724349879285,-45.56276988916));
#2635 = CARTESIAN_POINT('',(-3.166136346196,-43.57626571228));
#2636 = CARTESIAN_POINT('',(-3.387029579651,-42.75055652839));
#2637 = CARTESIAN_POINT('',(-3.6079228131,-42.1662425372));
#2638 = CARTESIAN_POINT('',(-3.828816046571,-41.87972674978));
#2639 = CARTESIAN_POINT('',(-4.049709280011,-41.91847546369));
#2640 = CARTESIAN_POINT('',(-4.270602513474,-42.27387841783));
#2641 = CARTESIAN_POINT('',(-4.491495746929,-42.90532798396));
#2642 = CARTESIAN_POINT('',(-4.712388980385,-43.75001945166));
#2643 = ( GEOMETRIC_REPRESENTATION_CONTEXT(2) 
PARAMETRIC_REPRESENTATION_CONTEXT() REPRESENTATION_CONTEXT('2D SPACE',''
  ) );
#2644 = ADVANCED_FACE('',(#2645,#2693,#2780),#336,.F.);
#2645 = FACE_BOUND('',#2646,.F.);
#2646 = EDGE_LOOP('',(#2647,#2648,#2649,#2672));
#2647 = ORIENTED_EDGE('',*,*,#2152,.F.);
#2648 = ORIENTED_EDGE('',*,*,#320,.F.);
#2649 = ORIENTED_EDGE('',*,*,#2650,.T.);
#2650 = EDGE_CURVE('',#293,#2651,#2653,.T.);
#2651 = VERTEX_POINT('',#2652);
#2652 = CARTESIAN_POINT('',(155.,70.35,43.8));
#2653 = SURFACE_CURVE('',#2654,(#2658,#2665),.PCURVE_S1.);
#2654 = LINE('',#2655,#2656);
#2655 = CARTESIAN_POINT('',(155.,70.35,0.2));
#2656 = VECTOR('',#2657,1.);
#2657 = DIRECTION('',(0.,0.,1.));
#2658 = PCURVE('',#336,#2659);
#2659 = DEFINITIONAL_REPRESENTATION('',(#2660),#2664);
#2660 = LINE('',#2661,#2662);
#2661 = CARTESIAN_POINT('',(0.,-70.35));
#2662 = VECTOR('',#2663,1.);
#2663 = DIRECTION('',(1.,0.));
#2664 = ( GEOMETRIC_REPRESENTATION_CONTEXT(2) 
PARAMETRIC_REPRESENTATION_CONTEXT() REPRESENTATION_CONTEXT('2D SPACE',''
  ) );
#2665 = PCURVE('',#308,#2666);
#2666 = DEFINITIONAL_REPRESENTATION('',(#2667),#2671);
#2667 = LINE('',#2668,#2669);
#2668 = CARTESIAN_POINT('',(0.,0.));
#2669 = VECTOR('',#2670,1.);
#2670 = DIRECTION('',(1.,0.));
#2671 = ( GEOMETRIC_REPRESENTATION_CONTEXT(2) 
PARAMETRIC_REPRESENTATION_CONTEXT() REPRESENTATION_CONTEXT('2D SPACE',''
  ) );
#2672 = ORIENTED_EDGE('',*,*,#2673,.F.);
#2673 = EDGE_CURVE('',#1985,#2651,#2674,.T.);
#2674 = SURFACE_CURVE('',#2675,(#2679,#2686),.PCURVE_S1.);
#2675 = LINE('',#2676,#2677);
#2676 = CARTESIAN_POINT('',(155.,0.,43.8));
#2677 = VECTOR('',#2678,1.);
#2678 = DIRECTION('',(0.,1.,0.));
#2679 = PCURVE('',#336,#2680);
#2680 = DEFINITIONAL_REPRESENTATION('',(#2681),#2685);
#2681 = LINE('',#2682,#2683);
#2682 = CARTESIAN_POINT('',(43.6,0.));
#2683 = VECTOR('',#2684,1.);
#2684 = DIRECTION('',(0.,-1.));
#2685 = ( GEOMETRIC_REPRESENTATION_CONTEXT(2) 
PARAMETRIC_REPRESENTATION_CONTEXT() REPRESENTATION_CONTEXT('2D SPACE',''
  ) );
#2686 = PCURVE('',#451,#2687);
#2687 = DEFINITIONAL_REPRESENTATION('',(#2688),#2692);
#2688 = LINE('',#2689,#2690);
#2689 = CARTESIAN_POINT('',(0.,0.));
#2690 = VECTOR('',#2691,1.);
#2691 = DIRECTION('',(0.,1.));
#2692 = ( GEOMETRIC_REPRESENTATION_CONTEXT(2) 
PARAMETRIC_REPRESENTATION_CONTEXT() REPRESENTATION_CONTEXT('2D SPACE',''
  ) );
#2693 = FACE_BOUND('',#2694,.F.);
#2694 = EDGE_LOOP('',(#2695,#2723,#2749));
#2695 = ORIENTED_EDGE('',*,*,#2696,.T.);
#2696 = EDGE_CURVE('',#2697,#2699,#2701,.T.);
#2697 = VERTEX_POINT('',#2698);
#2698 = CARTESIAN_POINT('',(155.,58.338299064212,23.661700935788));
#2699 = VERTEX_POINT('',#2700);
#2700 = CARTESIAN_POINT('',(155.,60.,25.323401871577));
#2701 = SURFACE_CURVE('',#2702,(#2706,#2712),.PCURVE_S1.);
#2702 = LINE('',#2703,#2704);
#2703 = CARTESIAN_POINT('',(155.,38.719149532106,4.042551403683));
#2704 = VECTOR('',#2705,1.);
#2705 = DIRECTION('',(-0.,0.707106781187,0.707106781187));
#2706 = PCURVE('',#336,#2707);
#2707 = DEFINITIONAL_REPRESENTATION('',(#2708),#2711);
#2708 = B_SPLINE_CURVE_WITH_KNOTS('',1,(#2709,#2710),.UNSPECIFIED.,.F.,
  .F.,(2,2),(27.74566735053,30.09566735053),.PIECEWISE_BEZIER_KNOTS.);
#2709 = CARTESIAN_POINT('',(23.461700935788,-58.33829906421));
#2710 = CARTESIAN_POINT('',(25.123401871577,-60.));
#2711 = ( GEOMETRIC_REPRESENTATION_CONTEXT(2) 
PARAMETRIC_REPRESENTATION_CONTEXT() REPRESENTATION_CONTEXT('2D SPACE',''
  ) );
#2712 = PCURVE('',#2713,#2718);
#2713 = PLANE('',#2714);
#2714 = AXIS2_PLACEMENT_3D('',#2715,#2716,#2717);
#2715 = CARTESIAN_POINT('',(154.,60.,25.323401871577));
#2716 = DIRECTION('',(0.,0.707106781187,-0.707106781187));
#2717 = DIRECTION('',(0.,-0.707106781187,-0.707106781187));
#2718 = DEFINITIONAL_REPRESENTATION('',(#2719),#2722);
#2719 = B_SPLINE_CURVE_WITH_KNOTS('',1,(#2720,#2721),.UNSPECIFIED.,.F.,
  .F.,(2,2),(27.74566735053,30.09566735053),.PIECEWISE_BEZIER_KNOTS.);
#2720 = CARTESIAN_POINT('',(2.35,-1.));
#2721 = CARTESIAN_POINT('',(0.,-1.));
#2722 = ( GEOMETRIC_REPRESENTATION_CONTEXT(2) 
PARAMETRIC_REPRESENTATION_CONTEXT() REPRESENTATION_CONTEXT('2D SPACE',''
  ) );
#2723 = ORIENTED_EDGE('',*,*,#2724,.T.);
#2724 = EDGE_CURVE('',#2699,#2725,#2727,.T.);
#2725 = VERTEX_POINT('',#2726);
#2726 = CARTESIAN_POINT('',(155.,61.661700935788,23.661700935788));
#2727 = SURFACE_CURVE('',#2728,(#2732,#2738),.PCURVE_S1.);
#2728 = LINE('',#2729,#2730);
#2729 = CARTESIAN_POINT('',(155.,52.111700935788,33.211700935788));
#2730 = VECTOR('',#2731,1.);
#2731 = DIRECTION('',(0.,0.707106781187,-0.707106781187));
#2732 = PCURVE('',#336,#2733);
#2733 = DEFINITIONAL_REPRESENTATION('',(#2734),#2737);
#2734 = B_SPLINE_CURVE_WITH_KNOTS('',1,(#2735,#2736),.UNSPECIFIED.,.F.,
  .F.,(2,2),(11.155739520663,13.505739520663),.PIECEWISE_BEZIER_KNOTS.);
#2735 = CARTESIAN_POINT('',(25.123401871577,-60.));
#2736 = CARTESIAN_POINT('',(23.461700935788,-61.66170093578));
#2737 = ( GEOMETRIC_REPRESENTATION_CONTEXT(2) 
PARAMETRIC_REPRESENTATION_CONTEXT() REPRESENTATION_CONTEXT('2D SPACE',''
  ) );
#2738 = PCURVE('',#2739,#2744);
#2739 = PLANE('',#2740);
#2740 = AXIS2_PLACEMENT_3D('',#2741,#2742,#2743);
#2741 = CARTESIAN_POINT('',(154.,61.661700935788,23.661700935788));
#2742 = DIRECTION('',(0.,-0.707106781187,-0.707106781187));
#2743 = DIRECTION('',(0.,-0.707106781187,0.707106781187));
#2744 = DEFINITIONAL_REPRESENTATION('',(#2745),#2748);
#2745 = B_SPLINE_CURVE_WITH_KNOTS('',1,(#2746,#2747),.UNSPECIFIED.,.F.,
  .F.,(2,2),(11.155739520663,13.505739520663),.PIECEWISE_BEZIER_KNOTS.);
#2746 = CARTESIAN_POINT('',(2.35,-1.));
#2747 = CARTESIAN_POINT('',(0.,-1.));
#2748 = ( GEOMETRIC_REPRESENTATION_CONTEXT(2) 
PARAMETRIC_REPRESENTATION_CONTEXT() REPRESENTATION_CONTEXT('2D SPACE',''
  ) );
#2749 = ORIENTED_EDGE('',*,*,#2750,.T.);
#2750 = EDGE_CURVE('',#2725,#2697,#2751,.T.);
#2751 = SURFACE_CURVE('',#2752,(#2757,#2768),.PCURVE_S1.);
#2752 = CIRCLE('',#2753,2.35);
#2753 = AXIS2_PLACEMENT_3D('',#2754,#2755,#2756);
#2754 = CARTESIAN_POINT('',(155.,60.,22.));
#2755 = DIRECTION('',(-1.,-0.,0.));
#2756 = DIRECTION('',(0.,-0.707106781187,0.707106781187));
#2757 = PCURVE('',#336,#2758);
#2758 = DEFINITIONAL_REPRESENTATION('',(#2759),#2767);
#2759 = ( BOUNDED_CURVE() B_SPLINE_CURVE(2,(#2760,#2761,#2762,#2763,
#2764,#2765,#2766),.UNSPECIFIED.,.T.,.F.) B_SPLINE_CURVE_WITH_KNOTS((1,2
    ,2,2,2,1),(-2.094395102393,0.,2.094395102393,4.188790204786,
6.28318530718,8.377580409573),.UNSPECIFIED.) CURVE() 
GEOMETRIC_REPRESENTATION_ITEM() RATIONAL_B_SPLINE_CURVE((1.,0.5,1.,0.5,
1.,0.5,1.)) REPRESENTATION_ITEM('') );
#2760 = CARTESIAN_POINT('',(23.461700935788,-58.33829906421));
#2761 = CARTESIAN_POINT('',(26.339851383559,-61.21644951198));
#2762 = CARTESIAN_POINT('',(22.408224755991,-62.26992569177));
#2763 = CARTESIAN_POINT('',(18.476598128423,-63.32340187157));
#2764 = CARTESIAN_POINT('',(19.530074308221,-59.391775244));
#2765 = CARTESIAN_POINT('',(20.583550488018,-55.46014861644));
#2766 = CARTESIAN_POINT('',(23.461700935788,-58.33829906421));
#2767 = ( GEOMETRIC_REPRESENTATION_CONTEXT(2) 
PARAMETRIC_REPRESENTATION_CONTEXT() REPRESENTATION_CONTEXT('2D SPACE',''
  ) );
#2768 = PCURVE('',#2769,#2774);
#2769 = CYLINDRICAL_SURFACE('',#2770,2.35);
#2770 = AXIS2_PLACEMENT_3D('',#2771,#2772,#2773);
#2771 = CARTESIAN_POINT('',(154.,60.,22.));
#2772 = DIRECTION('',(-1.,-0.,-0.));
#2773 = DIRECTION('',(-0.,-0.707106781187,0.707106781187));
#2774 = DEFINITIONAL_REPRESENTATION('',(#2775),#2779);
#2775 = LINE('',#2776,#2777);
#2776 = CARTESIAN_POINT('',(-6.28318530718,-1.));
#2777 = VECTOR('',#2778,1.);
#2778 = DIRECTION('',(1.,-0.));
#2779 = ( GEOMETRIC_REPRESENTATION_CONTEXT(2) 
PARAMETRIC_REPRESENTATION_CONTEXT() REPRESENTATION_CONTEXT('2D SPACE',''
  ) );
#2780 = FACE_BOUND('',#2781,.F.);
#2781 = EDGE_LOOP('',(#2782,#2810,#2836));
#2782 = ORIENTED_EDGE('',*,*,#2783,.T.);
#2783 = EDGE_CURVE('',#2784,#2786,#2788,.T.);
#2784 = VERTEX_POINT('',#2785);
#2785 = CARTESIAN_POINT('',(155.,18.338299064212,23.661700935788));
#2786 = VERTEX_POINT('',#2787);
#2787 = CARTESIAN_POINT('',(155.,20.,25.323401871577));
#2788 = SURFACE_CURVE('',#2789,(#2793,#2799),.PCURVE_S1.);
#2789 = LINE('',#2790,#2791);
#2790 = CARTESIAN_POINT('',(155.,8.719149532106,14.042551403683));
#2791 = VECTOR('',#2792,1.);
#2792 = DIRECTION('',(-0.,0.707106781187,0.707106781187));
#2793 = PCURVE('',#336,#2794);
#2794 = DEFINITIONAL_REPRESENTATION('',(#2795),#2798);
#2795 = B_SPLINE_CURVE_WITH_KNOTS('',1,(#2796,#2797),.UNSPECIFIED.,.F.,
  .F.,(2,2),(13.603531726799,15.953531726799),.PIECEWISE_BEZIER_KNOTS.);
#2796 = CARTESIAN_POINT('',(23.461700935788,-18.33829906421));
#2797 = CARTESIAN_POINT('',(25.123401871577,-20.));
#2798 = ( GEOMETRIC_REPRESENTATION_CONTEXT(2) 
PARAMETRIC_REPRESENTATION_CONTEXT() REPRESENTATION_CONTEXT('2D SPACE',''
  ) );
#2799 = PCURVE('',#2800,#2805);
#2800 = PLANE('',#2801);
#2801 = AXIS2_PLACEMENT_3D('',#2802,#2803,#2804);
#2802 = CARTESIAN_POINT('',(154.,20.,25.323401871577));
#2803 = DIRECTION('',(0.,0.707106781187,-0.707106781187));
#2804 = DIRECTION('',(0.,-0.707106781187,-0.707106781187));
#2805 = DEFINITIONAL_REPRESENTATION('',(#2806),#2809);
#2806 = B_SPLINE_CURVE_WITH_KNOTS('',1,(#2807,#2808),.UNSPECIFIED.,.F.,
  .F.,(2,2),(13.603531726799,15.953531726799),.PIECEWISE_BEZIER_KNOTS.);
#2807 = CARTESIAN_POINT('',(2.35,-1.));
#2808 = CARTESIAN_POINT('',(0.,-1.));
#2809 = ( GEOMETRIC_REPRESENTATION_CONTEXT(2) 
PARAMETRIC_REPRESENTATION_CONTEXT() REPRESENTATION_CONTEXT('2D SPACE',''
  ) );
#2810 = ORIENTED_EDGE('',*,*,#2811,.T.);
#2811 = EDGE_CURVE('',#2786,#2812,#2814,.T.);
#2812 = VERTEX_POINT('',#2813);
#2813 = CARTESIAN_POINT('',(155.,21.661700935788,23.661700935788));
#2814 = SURFACE_CURVE('',#2815,(#2819,#2825),.PCURVE_S1.);
#2815 = LINE('',#2816,#2817);
#2816 = CARTESIAN_POINT('',(155.,22.111700935788,23.211700935788));
#2817 = VECTOR('',#2818,1.);
#2818 = DIRECTION('',(0.,0.707106781187,-0.707106781187));
#2819 = PCURVE('',#336,#2820);
#2820 = DEFINITIONAL_REPRESENTATION('',(#2821),#2824);
#2821 = B_SPLINE_CURVE_WITH_KNOTS('',1,(#2822,#2823),.UNSPECIFIED.,.F.,
  .F.,(2,2),(-2.986396103068,-0.636396103068),.PIECEWISE_BEZIER_KNOTS.);
#2822 = CARTESIAN_POINT('',(25.123401871577,-20.));
#2823 = CARTESIAN_POINT('',(23.461700935788,-21.66170093578));
#2824 = ( GEOMETRIC_REPRESENTATION_CONTEXT(2) 
PARAMETRIC_REPRESENTATION_CONTEXT() REPRESENTATION_CONTEXT('2D SPACE',''
  ) );
#2825 = PCURVE('',#2826,#2831);
#2826 = PLANE('',#2827);
#2827 = AXIS2_PLACEMENT_3D('',#2828,#2829,#2830);
#2828 = CARTESIAN_POINT('',(154.,21.661700935788,23.661700935788));
#2829 = DIRECTION('',(0.,-0.707106781187,-0.707106781187));
#2830 = DIRECTION('',(0.,-0.707106781187,0.707106781187));
#2831 = DEFINITIONAL_REPRESENTATION('',(#2832),#2835);
#2832 = B_SPLINE_CURVE_WITH_KNOTS('',1,(#2833,#2834),.UNSPECIFIED.,.F.,
  .F.,(2,2),(-2.986396103068,-0.636396103068),.PIECEWISE_BEZIER_KNOTS.);
#2833 = CARTESIAN_POINT('',(2.35,-1.));
#2834 = CARTESIAN_POINT('',(0.,-1.));
#2835 = ( GEOMETRIC_REPRESENTATION_CONTEXT(2) 
PARAMETRIC_REPRESENTATION_CONTEXT() REPRESENTATION_CONTEXT('2D SPACE',''
  ) );
#2836 = ORIENTED_EDGE('',*,*,#2837,.T.);
#2837 = EDGE_CURVE('',#2812,#2784,#2838,.T.);
#2838 = SURFACE_CURVE('',#2839,(#2844,#2855),.PCURVE_S1.);
#2839 = CIRCLE('',#2840,2.35);
#2840 = AXIS2_PLACEMENT_3D('',#2841,#2842,#2843);
#2841 = CARTESIAN_POINT('',(155.,20.,22.));
#2842 = DIRECTION('',(-1.,-0.,0.));
#2843 = DIRECTION('',(0.,-0.707106781187,0.707106781187));
#2844 = PCURVE('',#336,#2845);
#2845 = DEFINITIONAL_REPRESENTATION('',(#2846),#2854);
#2846 = ( BOUNDED_CURVE() B_SPLINE_CURVE(2,(#2847,#2848,#2849,#2850,
#2851,#2852,#2853),.UNSPECIFIED.,.T.,.F.) B_SPLINE_CURVE_WITH_KNOTS((1,2
    ,2,2,2,1),(-2.094395102393,0.,2.094395102393,4.188790204786,
6.28318530718,8.377580409573),.UNSPECIFIED.) CURVE() 
GEOMETRIC_REPRESENTATION_ITEM() RATIONAL_B_SPLINE_CURVE((1.,0.5,1.,0.5,
1.,0.5,1.)) REPRESENTATION_ITEM('') );
#2847 = CARTESIAN_POINT('',(23.461700935788,-18.33829906421));
#2848 = CARTESIAN_POINT('',(26.339851383559,-21.21644951198));
#2849 = CARTESIAN_POINT('',(22.408224755991,-22.26992569177));
#2850 = CARTESIAN_POINT('',(18.476598128423,-23.32340187157));
#2851 = CARTESIAN_POINT('',(19.530074308221,-19.391775244));
#2852 = CARTESIAN_POINT('',(20.583550488018,-15.46014861644));
#2853 = CARTESIAN_POINT('',(23.461700935788,-18.33829906421));
#2854 = ( GEOMETRIC_REPRESENTATION_CONTEXT(2) 
PARAMETRIC_REPRESENTATION_CONTEXT() REPRESENTATION_CONTEXT('2D SPACE',''
  ) );
#2855 = PCURVE('',#2856,#2861);
#2856 = CYLINDRICAL_SURFACE('',#2857,2.35);
#2857 = AXIS2_PLACEMENT_3D('',#2858,#2859,#2860);
#2858 = CARTESIAN_POINT('',(154.,20.,22.));
#2859 = DIRECTION('',(-1.,-0.,-0.));
#2860 = DIRECTION('',(-0.,-0.707106781187,0.707106781187));
#2861 = DEFINITIONAL_REPRESENTATION('',(#2862),#2866);
#2862 = LINE('',#2863,#2864);
#2863 = CARTESIAN_POINT('',(-6.28318530718,-1.));
#2864 = VECTOR('',#2865,1.);
#2865 = DIRECTION('',(1.,-0.));
#2866 = ( GEOMETRIC_REPRESENTATION_CONTEXT(2) 
PARAMETRIC_REPRESENTATION_CONTEXT() REPRESENTATION_CONTEXT('2D SPACE',''
  ) );
#2867 = ADVANCED_FACE('',(#2868),#308,.T.);
#2868 = FACE_BOUND('',#2869,.T.);
#2869 = EDGE_LOOP('',(#2870,#2871,#2872,#2893));
#2870 = ORIENTED_EDGE('',*,*,#292,.F.);
#2871 = ORIENTED_EDGE('',*,*,#2650,.T.);
#2872 = ORIENTED_EDGE('',*,*,#2873,.T.);
#2873 = EDGE_CURVE('',#2651,#2426,#2874,.T.);
#2874 = SURFACE_CURVE('',#2875,(#2879,#2886),.PCURVE_S1.);
#2875 = LINE('',#2876,#2877);
#2876 = CARTESIAN_POINT('',(155.,70.35,43.8));
#2877 = VECTOR('',#2878,1.);
#2878 = DIRECTION('',(1.,0.,0.));
#2879 = PCURVE('',#308,#2880);
#2880 = DEFINITIONAL_REPRESENTATION('',(#2881),#2885);
#2881 = LINE('',#2882,#2883);
#2882 = CARTESIAN_POINT('',(43.6,0.));
#2883 = VECTOR('',#2884,1.);
#2884 = DIRECTION('',(0.,1.));
#2885 = ( GEOMETRIC_REPRESENTATION_CONTEXT(2) 
PARAMETRIC_REPRESENTATION_CONTEXT() REPRESENTATION_CONTEXT('2D SPACE',''
  ) );
#2886 = PCURVE('',#451,#2887);
#2887 = DEFINITIONAL_REPRESENTATION('',(#2888),#2892);
#2888 = LINE('',#2889,#2890);
#2889 = CARTESIAN_POINT('',(0.,70.35));
#2890 = VECTOR('',#2891,1.);
#2891 = DIRECTION('',(1.,0.));
#2892 = ( GEOMETRIC_REPRESENTATION_CONTEXT(2) 
PARAMETRIC_REPRESENTATION_CONTEXT() REPRESENTATION_CONTEXT('2D SPACE',''
  ) );
#2893 = ORIENTED_EDGE('',*,*,#2425,.F.);
#2894 = ADVANCED_FACE('',(#2895),#423,.F.);
#2895 = FACE_BOUND('',#2896,.F.);
#2896 = EDGE_LOOP('',(#2897,#2898,#2924,#2925,#2960,#2981,#3025));
#2897 = ORIENTED_EDGE('',*,*,#405,.F.);
#2898 = ORIENTED_EDGE('',*,*,#2899,.T.);
#2899 = EDGE_CURVE('',#406,#1026,#2900,.T.);
#2900 = SURFACE_CURVE('',#2901,(#2906,#2913),.PCURVE_S1.);
#2901 = CIRCLE('',#2902,2.);
#2902 = AXIS2_PLACEMENT_3D('',#2903,#2904,#2905);
#2903 = CARTESIAN_POINT('',(162.,62.15648580802,43.8));
#2904 = DIRECTION('',(0.,0.,-1.));
#2905 = DIRECTION('',(0.,1.,0.));
#2906 = PCURVE('',#423,#2907);
#2907 = DEFINITIONAL_REPRESENTATION('',(#2908),#2912);
#2908 = LINE('',#2909,#2910);
#2909 = CARTESIAN_POINT('',(-4.712388980385,0.));
#2910 = VECTOR('',#2911,1.);
#2911 = DIRECTION('',(1.,0.));
#2912 = ( GEOMETRIC_REPRESENTATION_CONTEXT(2) 
PARAMETRIC_REPRESENTATION_CONTEXT() REPRESENTATION_CONTEXT('2D SPACE',''
  ) );
#2913 = PCURVE('',#451,#2914);
#2914 = DEFINITIONAL_REPRESENTATION('',(#2915),#2923);
#2915 = ( BOUNDED_CURVE() B_SPLINE_CURVE(2,(#2916,#2917,#2918,#2919,
#2920,#2921,#2922),.UNSPECIFIED.,.T.,.F.) B_SPLINE_CURVE_WITH_KNOTS((1,2
    ,2,2,2,1),(-2.094395102393,0.,2.094395102393,4.188790204786,
6.28318530718,8.377580409573),.UNSPECIFIED.) CURVE() 
GEOMETRIC_REPRESENTATION_ITEM() RATIONAL_B_SPLINE_CURVE((1.,0.5,1.,0.5,
1.,0.5,1.)) REPRESENTATION_ITEM('') );
#2916 = CARTESIAN_POINT('',(7.,64.15648580802));
#2917 = CARTESIAN_POINT('',(10.464101615138,64.15648580802));
#2918 = CARTESIAN_POINT('',(8.732050807569,61.15648580802));
#2919 = CARTESIAN_POINT('',(7.,58.15648580802));
#2920 = CARTESIAN_POINT('',(5.267949192431,61.15648580802));
#2921 = CARTESIAN_POINT('',(3.535898384862,64.15648580802));
#2922 = CARTESIAN_POINT('',(7.,64.15648580802));
#2923 = ( GEOMETRIC_REPRESENTATION_CONTEXT(2) 
PARAMETRIC_REPRESENTATION_CONTEXT() REPRESENTATION_CONTEXT('2D SPACE',''
  ) );
#2924 = ORIENTED_EDGE('',*,*,#1048,.T.);
#2925 = ORIENTED_EDGE('',*,*,#2926,.F.);
#2926 = EDGE_CURVE('',#2927,#1049,#2929,.T.);
#2927 = VERTEX_POINT('',#2928);
#2928 = CARTESIAN_POINT('',(160.5,63.479361463555,27.005919910684));
#2929 = SURFACE_CURVE('',#2930,(#2935,#2953),.PCURVE_S1.);
#2930 = ELLIPSE('',#2931,2.828427124746,2.);
#2931 = AXIS2_PLACEMENT_3D('',#2932,#2933,#2934);
#2932 = CARTESIAN_POINT('',(162.,62.15648580802,28.328795566219));
#2933 = DIRECTION('',(0.,-0.707106781187,-0.707106781187));
#2934 = DIRECTION('',(0.,0.707106781187,-0.707106781187));
#2935 = PCURVE('',#423,#2936);
#2936 = DEFINITIONAL_REPRESENTATION('',(#2937),#2952);
#2937 = B_SPLINE_CURVE_WITH_KNOTS('',7,(#2938,#2939,#2940,#2941,#2942,
    #2943,#2944,#2945,#2946,#2947,#2948,#2949,#2950,#2951),
  .UNSPECIFIED.,.F.,.F.,(8,6,8),(4.712388980385,5.916413105986,
    7.120437231588),.UNSPECIFIED.);
#2938 = CARTESIAN_POINT('',(0.,15.471204433781));
#2939 = CARTESIAN_POINT('',(0.172003446515,15.81521132681));
#2940 = CARTESIAN_POINT('',(0.344006893029,16.159218045505));
#2941 = CARTESIAN_POINT('',(0.516010339543,16.486602711924));
#2942 = CARTESIAN_POINT('',(0.688013786058,16.780736880843));
#2943 = CARTESIAN_POINT('',(0.860017232573,17.027018271763));
#2944 = CARTESIAN_POINT('',(1.032020679087,17.214821538391));
#2945 = CARTESIAN_POINT('',(1.376027572116,17.461546163694));
#2946 = CARTESIAN_POINT('',(1.548031018631,17.520467397336));
#2947 = CARTESIAN_POINT('',(1.720034465144,17.508989031552));
#2948 = CARTESIAN_POINT('',(1.892037911661,17.425810352432));
#2949 = CARTESIAN_POINT('',(2.064041358174,17.2750607626));
#2950 = CARTESIAN_POINT('',(2.236044804689,17.065748119889));
#2951 = CARTESIAN_POINT('',(2.408048251203,16.810217710855));
#2952 = ( GEOMETRIC_REPRESENTATION_CONTEXT(2) 
PARAMETRIC_REPRESENTATION_CONTEXT() REPRESENTATION_CONTEXT('2D SPACE',''
  ) );
#2953 = PCURVE('',#1086,#2954);
#2954 = DEFINITIONAL_REPRESENTATION('',(#2955),#2959);
#2955 = ELLIPSE('',#2956,2.828427124746,2.);
#2956 = AXIS2_PLACEMENT_2D('',#2957,#2958);
#2957 = CARTESIAN_POINT('',(2.950268523234,-1.5));
#2958 = DIRECTION('',(-1.,-0.));
#2959 = ( GEOMETRIC_REPRESENTATION_CONTEXT(2) 
PARAMETRIC_REPRESENTATION_CONTEXT() REPRESENTATION_CONTEXT('2D SPACE',''
  ) );
#2960 = ORIENTED_EDGE('',*,*,#2961,.T.);
#2961 = EDGE_CURVE('',#2927,#2962,#2964,.T.);
#2962 = VERTEX_POINT('',#2963);
#2963 = CARTESIAN_POINT('',(160.5,63.479361468771,25.008993854277));
#2964 = SURFACE_CURVE('',#2965,(#2969,#2975),.PCURVE_S1.);
#2965 = LINE('',#2966,#2967);
#2966 = CARTESIAN_POINT('',(160.5,63.479361463552,43.8));
#2967 = VECTOR('',#2968,1.);
#2968 = DIRECTION('',(0.,-0.,-1.));
#2969 = PCURVE('',#423,#2970);
#2970 = DEFINITIONAL_REPRESENTATION('',(#2971),#2974);
#2971 = B_SPLINE_CURVE_WITH_KNOTS('',1,(#2972,#2973),.UNSPECIFIED.,.F.,
  .F.,(2,2),(11.866190488338,29.248528137424),.PIECEWISE_BEZIER_KNOTS.);
#2972 = CARTESIAN_POINT('',(0.722734247813,11.866190488338));
#2973 = CARTESIAN_POINT('',(0.722734247813,29.248528137424));
#2974 = ( GEOMETRIC_REPRESENTATION_CONTEXT(2) 
PARAMETRIC_REPRESENTATION_CONTEXT() REPRESENTATION_CONTEXT('2D SPACE',''
  ) );
#2975 = PCURVE('',#938,#2976);
#2976 = DEFINITIONAL_REPRESENTATION('',(#2977),#2980);
#2977 = B_SPLINE_CURVE_WITH_KNOTS('',1,(#2978,#2979),.UNSPECIFIED.,.F.,
  .F.,(2,2),(11.866190488338,29.248528137424),.PIECEWISE_BEZIER_KNOTS.);
#2978 = CARTESIAN_POINT('',(8.856072957765,-3.479361463552));
#2979 = CARTESIAN_POINT('',(-8.526264691322,-3.479361463552));
#2980 = ( GEOMETRIC_REPRESENTATION_CONTEXT(2) 
PARAMETRIC_REPRESENTATION_CONTEXT() REPRESENTATION_CONTEXT('2D SPACE',''
  ) );
#2981 = ORIENTED_EDGE('',*,*,#2982,.F.);
#2982 = EDGE_CURVE('',#2983,#2962,#2985,.T.);
#2983 = VERTEX_POINT('',#2984);
#2984 = CARTESIAN_POINT('',(160.32717790756,63.252691193458,
    25.252691193458));
#2985 = SURFACE_CURVE('',#2986,(#2997,#3011),.PCURVE_S1.);
#2986 = B_SPLINE_CURVE_WITH_KNOTS('',5,(#2987,#2988,#2989,#2990,#2991,
    #2992,#2993,#2994,#2995,#2996),.UNSPECIFIED.,.F.,.F.,(6,4,6),(0.,
    0.525905058384,1.),.UNSPECIFIED.);
#2987 = CARTESIAN_POINT('',(160.32717790756,63.252691193458,
    25.252691193458));
#2988 = CARTESIAN_POINT('',(160.38338435268,63.338462878568,
    25.166919508348));
#2989 = CARTESIAN_POINT('',(160.44392176929,63.41885225773,
    25.080874942517));
#2990 = CARTESIAN_POINT('',(160.50831313833,63.494127444533,
    24.994968215371));
#2991 = CARTESIAN_POINT('',(160.57633427132,63.564539032017,
    24.909552705229));
#2992 = CARTESIAN_POINT('',(160.71245376192,63.689422429474,
    24.749082651563));
#2993 = CARTESIAN_POINT('',(160.77982347315,63.744725396747,
    24.6739085163));
#2994 = CARTESIAN_POINT('',(160.85010478193,63.796357387199,
    24.599871754575));
#2995 = CARTESIAN_POINT('',(160.92346108129,63.844346885624,
    24.527417451537));
#2996 = CARTESIAN_POINT('',(161.0000006,63.888536961999,24.457494719256)
  );
#2997 = PCURVE('',#423,#2998);
#2998 = DEFINITIONAL_REPRESENTATION('',(#2999),#3010);
#2999 = B_SPLINE_CURVE_WITH_KNOTS('',5,(#3000,#3001,#3002,#3003,#3004,
    #3005,#3006,#3007,#3008,#3009),.UNSPECIFIED.,.F.,.F.,(6,4,6),(0.,
    0.525905058384,1.),.UNSPECIFIED.);
#3000 = CARTESIAN_POINT('',(0.580094156454,18.547308806542));
#3001 = CARTESIAN_POINT('',(0.631367800853,18.633080491652));
#3002 = CARTESIAN_POINT('',(0.681577536379,18.719125057483));
#3003 = CARTESIAN_POINT('',(0.730984981132,18.805031784629));
#3004 = CARTESIAN_POINT('',(0.779846632114,18.890447294771));
#3005 = CARTESIAN_POINT('',(0.872210557272,19.050917348437));
#3006 = CARTESIAN_POINT('',(0.915725378997,19.1260914837));
#3007 = CARTESIAN_POINT('',(0.95924631869,19.200128245425));
#3008 = CARTESIAN_POINT('',(1.003007794718,19.272582548463));
#3009 = CARTESIAN_POINT('',(1.047197897607,19.342505280744));
#3010 = ( GEOMETRIC_REPRESENTATION_CONTEXT(2) 
PARAMETRIC_REPRESENTATION_CONTEXT() REPRESENTATION_CONTEXT('2D SPACE',''
  ) );
#3011 = PCURVE('',#529,#3012);
#3012 = DEFINITIONAL_REPRESENTATION('',(#3013),#3024);
#3013 = B_SPLINE_CURVE_WITH_KNOTS('',5,(#3014,#3015,#3016,#3017,#3018,
    #3019,#3020,#3021,#3022,#3023),.UNSPECIFIED.,.F.,.F.,(6,4,6),(0.,
    0.525905058384,1.),.UNSPECIFIED.);
#3014 = CARTESIAN_POINT('',(-4.712388980385,-2.327177907566));
#3015 = CARTESIAN_POINT('',(-4.686019528135,-2.383384352687));
#3016 = CARTESIAN_POINT('',(-4.660435458378,-2.443921769296));
#3017 = CARTESIAN_POINT('',(-4.635620692278,-2.508313138337));
#3018 = CARTESIAN_POINT('',(-4.611565856182,-2.576334271326));
#3019 = CARTESIAN_POINT('',(-4.56736185823,-2.712453761929));
#3020 = CARTESIAN_POINT('',(-4.547081186165,-2.779823473152));
#3021 = CARTESIAN_POINT('',(-4.527466829281,-2.850104781934));
#3022 = CARTESIAN_POINT('',(-4.508578626024,-2.923461081297));
#3023 = CARTESIAN_POINT('',(-4.490596867598,-3.0000006));
#3024 = ( GEOMETRIC_REPRESENTATION_CONTEXT(2) 
PARAMETRIC_REPRESENTATION_CONTEXT() REPRESENTATION_CONTEXT('2D SPACE',''
  ) );
#3025 = ORIENTED_EDGE('',*,*,#3026,.F.);
#3026 = EDGE_CURVE('',#408,#2983,#3027,.T.);
#3027 = SURFACE_CURVE('',#3028,(#3033,#3044),.PCURVE_S1.);
#3028 = ELLIPSE('',#3029,2.828427124746,2.);
#3029 = AXIS2_PLACEMENT_3D('',#3030,#3031,#3032);
#3030 = CARTESIAN_POINT('',(162.,62.15648580802,26.348896578897));
#3031 = DIRECTION('',(0.,-0.707106781187,-0.707106781187));
#3032 = DIRECTION('',(0.,0.707106781187,-0.707106781187));
#3033 = PCURVE('',#423,#3034);
#3034 = DEFINITIONAL_REPRESENTATION('',(#3035),#3043);
#3035 = B_SPLINE_CURVE_WITH_KNOTS('',6,(#3036,#3037,#3038,#3039,#3040,
    #3041,#3042),.UNSPECIFIED.,.F.,.F.,(7,7),(4.712388980385,
    5.502934676648),.PIECEWISE_BEZIER_KNOTS.);
#3036 = CARTESIAN_POINT('',(0.,17.451103421103));
#3037 = CARTESIAN_POINT('',(0.131757616044,17.714618653191));
#3038 = CARTESIAN_POINT('',(0.263515232088,17.97813347245));
#3039 = CARTESIAN_POINT('',(0.395272848132,18.233416556303));
#3040 = CARTESIAN_POINT('',(0.527030464176,18.472222479648));
#3041 = CARTESIAN_POINT('',(0.65878808022,18.687206140076));
#3042 = CARTESIAN_POINT('',(0.790545696264,18.872577925886));
#3043 = ( GEOMETRIC_REPRESENTATION_CONTEXT(2) 
PARAMETRIC_REPRESENTATION_CONTEXT() REPRESENTATION_CONTEXT('2D SPACE',''
  ) );
#3044 = PCURVE('',#580,#3045);
#3045 = DEFINITIONAL_REPRESENTATION('',(#3046),#3050);
#3046 = ELLIPSE('',#3047,2.828427124746,2.);
#3047 = AXIS2_PLACEMENT_2D('',#3048,#3049);
#3048 = CARTESIAN_POINT('',(1.550268523234,-4.));
#3049 = DIRECTION('',(-1.,-0.));
#3050 = ( GEOMETRIC_REPRESENTATION_CONTEXT(2) 
PARAMETRIC_REPRESENTATION_CONTEXT() REPRESENTATION_CONTEXT('2D SPACE',''
  ) );
#3051 = ADVANCED_FACE('',(#3052),#580,.T.);
#3052 = FACE_BOUND('',#3053,.T.);
#3053 = EDGE_LOOP('',(#3054,#3084,#3105,#3106,#3107));
#3054 = ORIENTED_EDGE('',*,*,#3055,.F.);
#3055 = EDGE_CURVE('',#3056,#3058,#3060,.T.);
#3056 = VERTEX_POINT('',#3057);
#3057 = CARTESIAN_POINT('',(158.,63.252691193458,25.252691193458));
#3058 = VERTEX_POINT('',#3059);
#3059 = CARTESIAN_POINT('',(158.,60.,28.505382386916));
#3060 = SURFACE_CURVE('',#3061,(#3065,#3072),.PCURVE_S1.);
#3061 = LINE('',#3062,#3063);
#3062 = CARTESIAN_POINT('',(158.,63.252691193458,25.252691193458));
#3063 = VECTOR('',#3064,1.);
#3064 = DIRECTION('',(0.,-0.707106781187,0.707106781187));
#3065 = PCURVE('',#580,#3066);
#3066 = DEFINITIONAL_REPRESENTATION('',(#3067),#3071);
#3067 = LINE('',#3068,#3069);
#3068 = CARTESIAN_POINT('',(0.,0.));
#3069 = VECTOR('',#3070,1.);
#3070 = DIRECTION('',(1.,0.));
#3071 = ( GEOMETRIC_REPRESENTATION_CONTEXT(2) 
PARAMETRIC_REPRESENTATION_CONTEXT() REPRESENTATION_CONTEXT('2D SPACE',''
  ) );
#3072 = PCURVE('',#3073,#3078);
#3073 = PLANE('',#3074);
#3074 = AXIS2_PLACEMENT_3D('',#3075,#3076,#3077);
#3075 = CARTESIAN_POINT('',(158.,60.,22.826264691322));
#3076 = DIRECTION('',(1.,0.,0.));
#3077 = DIRECTION('',(-0.,0.,1.));
#3078 = DEFINITIONAL_REPRESENTATION('',(#3079),#3083);
#3079 = LINE('',#3080,#3081);
#3080 = CARTESIAN_POINT('',(2.426426502137,-3.252691193458));
#3081 = VECTOR('',#3082,1.);
#3082 = DIRECTION('',(0.707106781187,0.707106781187));
#3083 = ( GEOMETRIC_REPRESENTATION_CONTEXT(2) 
PARAMETRIC_REPRESENTATION_CONTEXT() REPRESENTATION_CONTEXT('2D SPACE',''
  ) );
#3084 = ORIENTED_EDGE('',*,*,#3085,.T.);
#3085 = EDGE_CURVE('',#3056,#2983,#3086,.T.);
#3086 = SURFACE_CURVE('',#3087,(#3091,#3098),.PCURVE_S1.);
#3087 = LINE('',#3088,#3089);
#3088 = CARTESIAN_POINT('',(158.,63.252691193458,25.252691193458));
#3089 = VECTOR('',#3090,1.);
#3090 = DIRECTION('',(1.,0.,0.));
#3091 = PCURVE('',#580,#3092);
#3092 = DEFINITIONAL_REPRESENTATION('',(#3093),#3097);
#3093 = LINE('',#3094,#3095);
#3094 = CARTESIAN_POINT('',(0.,0.));
#3095 = VECTOR('',#3096,1.);
#3096 = DIRECTION('',(0.,-1.));
#3097 = ( GEOMETRIC_REPRESENTATION_CONTEXT(2) 
PARAMETRIC_REPRESENTATION_CONTEXT() REPRESENTATION_CONTEXT('2D SPACE',''
  ) );
#3098 = PCURVE('',#529,#3099);
#3099 = DEFINITIONAL_REPRESENTATION('',(#3100),#3104);
#3100 = LINE('',#3101,#3102);
#3101 = CARTESIAN_POINT('',(-4.712388980385,0.));
#3102 = VECTOR('',#3103,1.);
#3103 = DIRECTION('',(-0.,-1.));
#3104 = ( GEOMETRIC_REPRESENTATION_CONTEXT(2) 
PARAMETRIC_REPRESENTATION_CONTEXT() REPRESENTATION_CONTEXT('2D SPACE',''
  ) );
#3105 = ORIENTED_EDGE('',*,*,#3026,.F.);
#3106 = ORIENTED_EDGE('',*,*,#567,.F.);
#3107 = ORIENTED_EDGE('',*,*,#3108,.F.);
#3108 = EDGE_CURVE('',#3058,#542,#3109,.T.);
#3109 = SURFACE_CURVE('',#3110,(#3114,#3121),.PCURVE_S1.);
#3110 = LINE('',#3111,#3112);
#3111 = CARTESIAN_POINT('',(158.,60.,28.505382386916));
#3112 = VECTOR('',#3113,1.);
#3113 = DIRECTION('',(1.,0.,0.));
#3114 = PCURVE('',#580,#3115);
#3115 = DEFINITIONAL_REPRESENTATION('',(#3116),#3120);
#3116 = LINE('',#3117,#3118);
#3117 = CARTESIAN_POINT('',(4.6,0.));
#3118 = VECTOR('',#3119,1.);
#3119 = DIRECTION('',(0.,-1.));
#3120 = ( GEOMETRIC_REPRESENTATION_CONTEXT(2) 
PARAMETRIC_REPRESENTATION_CONTEXT() REPRESENTATION_CONTEXT('2D SPACE',''
  ) );
#3121 = PCURVE('',#556,#3122);
#3122 = DEFINITIONAL_REPRESENTATION('',(#3123),#3127);
#3123 = LINE('',#3124,#3125);
#3124 = CARTESIAN_POINT('',(0.,0.));
#3125 = VECTOR('',#3126,1.);
#3126 = DIRECTION('',(0.,-1.));
#3127 = ( GEOMETRIC_REPRESENTATION_CONTEXT(2) 
PARAMETRIC_REPRESENTATION_CONTEXT() REPRESENTATION_CONTEXT('2D SPACE',''
  ) );
#3128 = ADVANCED_FACE('',(#3129),#556,.T.);
#3129 = FACE_BOUND('',#3130,.T.);
#3130 = EDGE_LOOP('',(#3131,#3154,#3155,#3156));
#3131 = ORIENTED_EDGE('',*,*,#3132,.F.);
#3132 = EDGE_CURVE('',#3058,#3133,#3135,.T.);
#3133 = VERTEX_POINT('',#3134);
#3134 = CARTESIAN_POINT('',(158.,56.747308806542,25.252691193458));
#3135 = SURFACE_CURVE('',#3136,(#3140,#3147),.PCURVE_S1.);
#3136 = LINE('',#3137,#3138);
#3137 = CARTESIAN_POINT('',(158.,60.,28.505382386916));
#3138 = VECTOR('',#3139,1.);
#3139 = DIRECTION('',(0.,-0.707106781187,-0.707106781187));
#3140 = PCURVE('',#556,#3141);
#3141 = DEFINITIONAL_REPRESENTATION('',(#3142),#3146);
#3142 = LINE('',#3143,#3144);
#3143 = CARTESIAN_POINT('',(0.,0.));
#3144 = VECTOR('',#3145,1.);
#3145 = DIRECTION('',(1.,0.));
#3146 = ( GEOMETRIC_REPRESENTATION_CONTEXT(2) 
PARAMETRIC_REPRESENTATION_CONTEXT() REPRESENTATION_CONTEXT('2D SPACE',''
  ) );
#3147 = PCURVE('',#3073,#3148);
#3148 = DEFINITIONAL_REPRESENTATION('',(#3149),#3153);
#3149 = LINE('',#3150,#3151);
#3150 = CARTESIAN_POINT('',(5.679117695595,0.));
#3151 = VECTOR('',#3152,1.);
#3152 = DIRECTION('',(-0.707106781187,0.707106781187));
#3153 = ( GEOMETRIC_REPRESENTATION_CONTEXT(2) 
PARAMETRIC_REPRESENTATION_CONTEXT() REPRESENTATION_CONTEXT('2D SPACE',''
  ) );
#3154 = ORIENTED_EDGE('',*,*,#3108,.T.);
#3155 = ORIENTED_EDGE('',*,*,#541,.F.);
#3156 = ORIENTED_EDGE('',*,*,#3157,.F.);
#3157 = EDGE_CURVE('',#3133,#509,#3158,.T.);
#3158 = SURFACE_CURVE('',#3159,(#3163,#3170),.PCURVE_S1.);
#3159 = LINE('',#3160,#3161);
#3160 = CARTESIAN_POINT('',(158.,56.747308806542,25.252691193458));
#3161 = VECTOR('',#3162,1.);
#3162 = DIRECTION('',(1.,0.,0.));
#3163 = PCURVE('',#556,#3164);
#3164 = DEFINITIONAL_REPRESENTATION('',(#3165),#3169);
#3165 = LINE('',#3166,#3167);
#3166 = CARTESIAN_POINT('',(4.6,0.));
#3167 = VECTOR('',#3168,1.);
#3168 = DIRECTION('',(0.,-1.));
#3169 = ( GEOMETRIC_REPRESENTATION_CONTEXT(2) 
PARAMETRIC_REPRESENTATION_CONTEXT() REPRESENTATION_CONTEXT('2D SPACE',''
  ) );
#3170 = PCURVE('',#529,#3171);
#3171 = DEFINITIONAL_REPRESENTATION('',(#3172),#3176);
#3172 = LINE('',#3173,#3174);
#3173 = CARTESIAN_POINT('',(-0.,0.));
#3174 = VECTOR('',#3175,1.);
#3175 = DIRECTION('',(-0.,-1.));
#3176 = ( GEOMETRIC_REPRESENTATION_CONTEXT(2) 
PARAMETRIC_REPRESENTATION_CONTEXT() REPRESENTATION_CONTEXT('2D SPACE',''
  ) );
#3177 = ADVANCED_FACE('',(#3178),#529,.F.);
#3178 = FACE_BOUND('',#3179,.T.);
#3179 = EDGE_LOOP('',(#3180,#3202,#3203,#3204,#3205,#3231,#3232));
#3180 = ORIENTED_EDGE('',*,*,#3181,.F.);
#3181 = EDGE_CURVE('',#3133,#3056,#3182,.T.);
#3182 = SURFACE_CURVE('',#3183,(#3188,#3195),.PCURVE_S1.);
#3183 = CIRCLE('',#3184,4.6);
#3184 = AXIS2_PLACEMENT_3D('',#3185,#3186,#3187);
#3185 = CARTESIAN_POINT('',(158.,60.,22.));
#3186 = DIRECTION('',(1.,0.,0.));
#3187 = DIRECTION('',(-0.,-0.707106781187,0.707106781187));
#3188 = PCURVE('',#529,#3189);
#3189 = DEFINITIONAL_REPRESENTATION('',(#3190),#3194);
#3190 = LINE('',#3191,#3192);
#3191 = CARTESIAN_POINT('',(-0.,0.));
#3192 = VECTOR('',#3193,1.);
#3193 = DIRECTION('',(-1.,0.));
#3194 = ( GEOMETRIC_REPRESENTATION_CONTEXT(2) 
PARAMETRIC_REPRESENTATION_CONTEXT() REPRESENTATION_CONTEXT('2D SPACE',''
  ) );
#3195 = PCURVE('',#3073,#3196);
#3196 = DEFINITIONAL_REPRESENTATION('',(#3197),#3201);
#3197 = CIRCLE('',#3198,4.6);
#3198 = AXIS2_PLACEMENT_2D('',#3199,#3200);
#3199 = CARTESIAN_POINT('',(-0.826264691322,0.));
#3200 = DIRECTION('',(0.707106781187,0.707106781187));
#3201 = ( GEOMETRIC_REPRESENTATION_CONTEXT(2) 
PARAMETRIC_REPRESENTATION_CONTEXT() REPRESENTATION_CONTEXT('2D SPACE',''
  ) );
#3202 = ORIENTED_EDGE('',*,*,#3157,.T.);
#3203 = ORIENTED_EDGE('',*,*,#508,.F.);
#3204 = ORIENTED_EDGE('',*,*,#851,.T.);
#3205 = ORIENTED_EDGE('',*,*,#3206,.F.);
#3206 = EDGE_CURVE('',#2962,#852,#3207,.T.);
#3207 = SURFACE_CURVE('',#3208,(#3213,#3220),.PCURVE_S1.);
#3208 = CIRCLE('',#3209,4.6);
#3209 = AXIS2_PLACEMENT_3D('',#3210,#3211,#3212);
#3210 = CARTESIAN_POINT('',(160.5,60.,22.));
#3211 = DIRECTION('',(-1.,-0.,0.));
#3212 = DIRECTION('',(0.,-0.707106781187,0.707106781187));
#3213 = PCURVE('',#529,#3214);
#3214 = DEFINITIONAL_REPRESENTATION('',(#3215),#3219);
#3215 = LINE('',#3216,#3217);
#3216 = CARTESIAN_POINT('',(-6.28318530718,-2.5));
#3217 = VECTOR('',#3218,1.);
#3218 = DIRECTION('',(1.,-0.));
#3219 = ( GEOMETRIC_REPRESENTATION_CONTEXT(2) 
PARAMETRIC_REPRESENTATION_CONTEXT() REPRESENTATION_CONTEXT('2D SPACE',''
  ) );
#3220 = PCURVE('',#938,#3221);
#3221 = DEFINITIONAL_REPRESENTATION('',(#3222),#3230);
#3222 = ( BOUNDED_CURVE() B_SPLINE_CURVE(2,(#3223,#3224,#3225,#3226,
#3227,#3228,#3229),.UNSPECIFIED.,.T.,.F.) B_SPLINE_CURVE_WITH_KNOTS((1,2
    ,2,2,2,1),(-2.094395102393,0.,2.094395102393,4.188790204786,
6.28318530718,8.377580409573),.UNSPECIFIED.) CURVE() 
GEOMETRIC_REPRESENTATION_ITEM() RATIONAL_B_SPLINE_CURVE((1.,0.5,1.,0.5,
1.,0.5,1.)) REPRESENTATION_ITEM('') );
#3223 = CARTESIAN_POINT('',(2.17495463956,3.252691193458));
#3224 = CARTESIAN_POINT('',(7.808781047962,-2.381135214943));
#3225 = CARTESIAN_POINT('',(0.112831053574,-4.44325880093));
#3226 = CARTESIAN_POINT('',(-7.583118940814,-6.505382386916));
#3227 = CARTESIAN_POINT('',(-5.520995354827,1.190567607472));
#3228 = CARTESIAN_POINT('',(-3.458871768841,8.886517601859));
#3229 = CARTESIAN_POINT('',(2.17495463956,3.252691193458));
#3230 = ( GEOMETRIC_REPRESENTATION_CONTEXT(2) 
PARAMETRIC_REPRESENTATION_CONTEXT() REPRESENTATION_CONTEXT('2D SPACE',''
  ) );
#3231 = ORIENTED_EDGE('',*,*,#2982,.F.);
#3232 = ORIENTED_EDGE('',*,*,#3085,.F.);
#3233 = ADVANCED_FACE('',(#3234,#3241),#451,.T.);
#3234 = FACE_BOUND('',#3235,.T.);
#3235 = EDGE_LOOP('',(#3236,#3237,#3238,#3239,#3240));
#3236 = ORIENTED_EDGE('',*,*,#435,.T.);
#3237 = ORIENTED_EDGE('',*,*,#2899,.T.);
#3238 = ORIENTED_EDGE('',*,*,#1025,.F.);
#3239 = ORIENTED_EDGE('',*,*,#1274,.F.);
#3240 = ORIENTED_EDGE('',*,*,#954,.F.);
#3241 = FACE_BOUND('',#3242,.T.);
#3242 = EDGE_LOOP('',(#3243,#3244,#3245,#3246,#3247,#3248,#3249,#3250));
#3243 = ORIENTED_EDGE('',*,*,#1298,.F.);
#3244 = ORIENTED_EDGE('',*,*,#1833,.T.);
#3245 = ORIENTED_EDGE('',*,*,#1936,.F.);
#3246 = ORIENTED_EDGE('',*,*,#2447,.F.);
#3247 = ORIENTED_EDGE('',*,*,#2873,.F.);
#3248 = ORIENTED_EDGE('',*,*,#2673,.F.);
#3249 = ORIENTED_EDGE('',*,*,#1982,.F.);
#3250 = ORIENTED_EDGE('',*,*,#3251,.F.);
#3251 = EDGE_CURVE('',#1301,#1983,#3252,.T.);
#3252 = SURFACE_CURVE('',#3253,(#3257,#3264),.PCURVE_S1.);
#3253 = LINE('',#3254,#3255);
#3254 = CARTESIAN_POINT('',(231.63383117545,-0.5,43.8));
#3255 = VECTOR('',#3256,1.);
#3256 = DIRECTION('',(0.,-1.,0.));
#3257 = PCURVE('',#451,#3258);
#3258 = DEFINITIONAL_REPRESENTATION('',(#3259),#3263);
#3259 = LINE('',#3260,#3261);
#3260 = CARTESIAN_POINT('',(76.633831175457,-0.5));
#3261 = VECTOR('',#3262,1.);
#3262 = DIRECTION('',(0.,-1.));
#3263 = ( GEOMETRIC_REPRESENTATION_CONTEXT(2) 
PARAMETRIC_REPRESENTATION_CONTEXT() REPRESENTATION_CONTEXT('2D SPACE',''
  ) );
#3264 = PCURVE('',#1338,#3265);
#3265 = DEFINITIONAL_REPRESENTATION('',(#3266),#3269);
#3266 = B_SPLINE_CURVE_WITH_KNOTS('',1,(#3267,#3268),.UNSPECIFIED.,.F.,
  .F.,(2,2),(-6.5,-0.5),.PIECEWISE_BEZIER_KNOTS.);
#3267 = CARTESIAN_POINT('',(1.295658377092,-7.));
#3268 = CARTESIAN_POINT('',(1.295658377092,-1.));
#3269 = ( GEOMETRIC_REPRESENTATION_CONTEXT(2) 
PARAMETRIC_REPRESENTATION_CONTEXT() REPRESENTATION_CONTEXT('2D SPACE',''
  ) );
#3270 = ADVANCED_FACE('',(#3271),#610,.T.);
#3271 = FACE_BOUND('',#3272,.T.);
#3272 = EDGE_LOOP('',(#3273,#3303,#3324,#3325));
#3273 = ORIENTED_EDGE('',*,*,#3274,.F.);
#3274 = EDGE_CURVE('',#3275,#3277,#3279,.T.);
#3275 = VERTEX_POINT('',#3276);
#3276 = CARTESIAN_POINT('',(158.,20.,28.505382386916));
#3277 = VERTEX_POINT('',#3278);
#3278 = CARTESIAN_POINT('',(158.,16.747308806542,25.252691193458));
#3279 = SURFACE_CURVE('',#3280,(#3284,#3291),.PCURVE_S1.);
#3280 = LINE('',#3281,#3282);
#3281 = CARTESIAN_POINT('',(158.,20.,28.505382386916));
#3282 = VECTOR('',#3283,1.);
#3283 = DIRECTION('',(0.,-0.707106781187,-0.707106781187));
#3284 = PCURVE('',#610,#3285);
#3285 = DEFINITIONAL_REPRESENTATION('',(#3286),#3290);
#3286 = LINE('',#3287,#3288);
#3287 = CARTESIAN_POINT('',(0.,0.));
#3288 = VECTOR('',#3289,1.);
#3289 = DIRECTION('',(1.,0.));
#3290 = ( GEOMETRIC_REPRESENTATION_CONTEXT(2) 
PARAMETRIC_REPRESENTATION_CONTEXT() REPRESENTATION_CONTEXT('2D SPACE',''
  ) );
#3291 = PCURVE('',#3292,#3297);
#3292 = PLANE('',#3293);
#3293 = AXIS2_PLACEMENT_3D('',#3294,#3295,#3296);
#3294 = CARTESIAN_POINT('',(158.,20.,22.826264691322));
#3295 = DIRECTION('',(1.,0.,0.));
#3296 = DIRECTION('',(-0.,0.,1.));
#3297 = DEFINITIONAL_REPRESENTATION('',(#3298),#3302);
#3298 = LINE('',#3299,#3300);
#3299 = CARTESIAN_POINT('',(5.679117695595,-3.552713678801E-15));
#3300 = VECTOR('',#3301,1.);
#3301 = DIRECTION('',(-0.707106781187,0.707106781187));
#3302 = ( GEOMETRIC_REPRESENTATION_CONTEXT(2) 
PARAMETRIC_REPRESENTATION_CONTEXT() REPRESENTATION_CONTEXT('2D SPACE',''
  ) );
#3303 = ORIENTED_EDGE('',*,*,#3304,.T.);
#3304 = EDGE_CURVE('',#3275,#596,#3305,.T.);
#3305 = SURFACE_CURVE('',#3306,(#3310,#3317),.PCURVE_S1.);
#3306 = LINE('',#3307,#3308);
#3307 = CARTESIAN_POINT('',(158.,20.,28.505382386916));
#3308 = VECTOR('',#3309,1.);
#3309 = DIRECTION('',(1.,0.,0.));
#3310 = PCURVE('',#610,#3311);
#3311 = DEFINITIONAL_REPRESENTATION('',(#3312),#3316);
#3312 = LINE('',#3313,#3314);
#3313 = CARTESIAN_POINT('',(0.,0.));
#3314 = VECTOR('',#3315,1.);
#3315 = DIRECTION('',(0.,-1.));
#3316 = ( GEOMETRIC_REPRESENTATION_CONTEXT(2) 
PARAMETRIC_REPRESENTATION_CONTEXT() REPRESENTATION_CONTEXT('2D SPACE',''
  ) );
#3317 = PCURVE('',#636,#3318);
#3318 = DEFINITIONAL_REPRESENTATION('',(#3319),#3323);
#3319 = LINE('',#3320,#3321);
#3320 = CARTESIAN_POINT('',(4.6,0.));
#3321 = VECTOR('',#3322,1.);
#3322 = DIRECTION('',(0.,-1.));
#3323 = ( GEOMETRIC_REPRESENTATION_CONTEXT(2) 
PARAMETRIC_REPRESENTATION_CONTEXT() REPRESENTATION_CONTEXT('2D SPACE',''
  ) );
#3324 = ORIENTED_EDGE('',*,*,#593,.F.);
#3325 = ORIENTED_EDGE('',*,*,#3326,.F.);
#3326 = EDGE_CURVE('',#3277,#594,#3327,.T.);
#3327 = SURFACE_CURVE('',#3328,(#3332,#3339),.PCURVE_S1.);
#3328 = LINE('',#3329,#3330);
#3329 = CARTESIAN_POINT('',(158.,16.747308806542,25.252691193458));
#3330 = VECTOR('',#3331,1.);
#3331 = DIRECTION('',(1.,0.,0.));
#3332 = PCURVE('',#610,#3333);
#3333 = DEFINITIONAL_REPRESENTATION('',(#3334),#3338);
#3334 = LINE('',#3335,#3336);
#3335 = CARTESIAN_POINT('',(4.6,0.));
#3336 = VECTOR('',#3337,1.);
#3337 = DIRECTION('',(0.,-1.));
#3338 = ( GEOMETRIC_REPRESENTATION_CONTEXT(2) 
PARAMETRIC_REPRESENTATION_CONTEXT() REPRESENTATION_CONTEXT('2D SPACE',''
  ) );
#3339 = PCURVE('',#666,#3340);
#3340 = DEFINITIONAL_REPRESENTATION('',(#3341),#3345);
#3341 = LINE('',#3342,#3343);
#3342 = CARTESIAN_POINT('',(-0.,0.));
#3343 = VECTOR('',#3344,1.);
#3344 = DIRECTION('',(-0.,-1.));
#3345 = ( GEOMETRIC_REPRESENTATION_CONTEXT(2) 
PARAMETRIC_REPRESENTATION_CONTEXT() REPRESENTATION_CONTEXT('2D SPACE',''
  ) );
#3346 = ADVANCED_FACE('',(#3347),#666,.F.);
#3347 = FACE_BOUND('',#3348,.T.);
#3348 = EDGE_LOOP('',(#3349,#3373,#3374,#3375));
#3349 = ORIENTED_EDGE('',*,*,#3350,.F.);
#3350 = EDGE_CURVE('',#3277,#3351,#3353,.T.);
#3351 = VERTEX_POINT('',#3352);
#3352 = CARTESIAN_POINT('',(158.,23.252691193458,25.252691193458));
#3353 = SURFACE_CURVE('',#3354,(#3359,#3366),.PCURVE_S1.);
#3354 = CIRCLE('',#3355,4.6);
#3355 = AXIS2_PLACEMENT_3D('',#3356,#3357,#3358);
#3356 = CARTESIAN_POINT('',(158.,20.,22.));
#3357 = DIRECTION('',(1.,0.,0.));
#3358 = DIRECTION('',(-0.,-0.707106781187,0.707106781187));
#3359 = PCURVE('',#666,#3360);
#3360 = DEFINITIONAL_REPRESENTATION('',(#3361),#3365);
#3361 = LINE('',#3362,#3363);
#3362 = CARTESIAN_POINT('',(-0.,0.));
#3363 = VECTOR('',#3364,1.);
#3364 = DIRECTION('',(-1.,0.));
#3365 = ( GEOMETRIC_REPRESENTATION_CONTEXT(2) 
PARAMETRIC_REPRESENTATION_CONTEXT() REPRESENTATION_CONTEXT('2D SPACE',''
  ) );
#3366 = PCURVE('',#3292,#3367);
#3367 = DEFINITIONAL_REPRESENTATION('',(#3368),#3372);
#3368 = CIRCLE('',#3369,4.6);
#3369 = AXIS2_PLACEMENT_2D('',#3370,#3371);
#3370 = CARTESIAN_POINT('',(-0.826264691322,-3.552713678801E-15));
#3371 = DIRECTION('',(0.707106781187,0.707106781187));
#3372 = ( GEOMETRIC_REPRESENTATION_CONTEXT(2) 
PARAMETRIC_REPRESENTATION_CONTEXT() REPRESENTATION_CONTEXT('2D SPACE',''
  ) );
#3373 = ORIENTED_EDGE('',*,*,#3326,.T.);
#3374 = ORIENTED_EDGE('',*,*,#647,.F.);
#3375 = ORIENTED_EDGE('',*,*,#3376,.F.);
#3376 = EDGE_CURVE('',#3351,#622,#3377,.T.);
#3377 = SURFACE_CURVE('',#3378,(#3382,#3389),.PCURVE_S1.);
#3378 = LINE('',#3379,#3380);
#3379 = CARTESIAN_POINT('',(158.,23.252691193458,25.252691193458));
#3380 = VECTOR('',#3381,1.);
#3381 = DIRECTION('',(1.,0.,0.));
#3382 = PCURVE('',#666,#3383);
#3383 = DEFINITIONAL_REPRESENTATION('',(#3384),#3388);
#3384 = LINE('',#3385,#3386);
#3385 = CARTESIAN_POINT('',(-4.712388980385,0.));
#3386 = VECTOR('',#3387,1.);
#3387 = DIRECTION('',(-0.,-1.));
#3388 = ( GEOMETRIC_REPRESENTATION_CONTEXT(2) 
PARAMETRIC_REPRESENTATION_CONTEXT() REPRESENTATION_CONTEXT('2D SPACE',''
  ) );
#3389 = PCURVE('',#636,#3390);
#3390 = DEFINITIONAL_REPRESENTATION('',(#3391),#3395);
#3391 = LINE('',#3392,#3393);
#3392 = CARTESIAN_POINT('',(0.,0.));
#3393 = VECTOR('',#3394,1.);
#3394 = DIRECTION('',(0.,-1.));
#3395 = ( GEOMETRIC_REPRESENTATION_CONTEXT(2) 
PARAMETRIC_REPRESENTATION_CONTEXT() REPRESENTATION_CONTEXT('2D SPACE',''
  ) );
#3396 = ADVANCED_FACE('',(#3397),#636,.T.);
#3397 = FACE_BOUND('',#3398,.T.);
#3398 = EDGE_LOOP('',(#3399,#3420,#3421,#3422));
#3399 = ORIENTED_EDGE('',*,*,#3400,.F.);
#3400 = EDGE_CURVE('',#3351,#3275,#3401,.T.);
#3401 = SURFACE_CURVE('',#3402,(#3406,#3413),.PCURVE_S1.);
#3402 = LINE('',#3403,#3404);
#3403 = CARTESIAN_POINT('',(158.,23.252691193458,25.252691193458));
#3404 = VECTOR('',#3405,1.);
#3405 = DIRECTION('',(0.,-0.707106781187,0.707106781187));
#3406 = PCURVE('',#636,#3407);
#3407 = DEFINITIONAL_REPRESENTATION('',(#3408),#3412);
#3408 = LINE('',#3409,#3410);
#3409 = CARTESIAN_POINT('',(0.,0.));
#3410 = VECTOR('',#3411,1.);
#3411 = DIRECTION('',(1.,0.));
#3412 = ( GEOMETRIC_REPRESENTATION_CONTEXT(2) 
PARAMETRIC_REPRESENTATION_CONTEXT() REPRESENTATION_CONTEXT('2D SPACE',''
  ) );
#3413 = PCURVE('',#3292,#3414);
#3414 = DEFINITIONAL_REPRESENTATION('',(#3415),#3419);
#3415 = LINE('',#3416,#3417);
#3416 = CARTESIAN_POINT('',(2.426426502137,-3.252691193458));
#3417 = VECTOR('',#3418,1.);
#3418 = DIRECTION('',(0.707106781187,0.707106781187));
#3419 = ( GEOMETRIC_REPRESENTATION_CONTEXT(2) 
PARAMETRIC_REPRESENTATION_CONTEXT() REPRESENTATION_CONTEXT('2D SPACE',''
  ) );
#3420 = ORIENTED_EDGE('',*,*,#3376,.T.);
#3421 = ORIENTED_EDGE('',*,*,#621,.F.);
#3422 = ORIENTED_EDGE('',*,*,#3304,.F.);
#3423 = ADVANCED_FACE('',(#3424),#777,.F.);
#3424 = FACE_BOUND('',#3425,.T.);
#3425 = EDGE_LOOP('',(#3426,#3427,#3448,#3449,#3472,#3494));
#3426 = ORIENTED_EDGE('',*,*,#1123,.T.);
#3427 = ORIENTED_EDGE('',*,*,#3428,.T.);
#3428 = EDGE_CURVE('',#1098,#2472,#3429,.T.);
#3429 = SURFACE_CURVE('',#3430,(#3434,#3441),.PCURVE_S1.);
#3430 = LINE('',#3431,#3432);
#3431 = CARTESIAN_POINT('',(160.5,55.757359312881,26.242640687119));
#3432 = VECTOR('',#3433,1.);
#3433 = DIRECTION('',(1.,0.,0.));
#3434 = PCURVE('',#777,#3435);
#3435 = DEFINITIONAL_REPRESENTATION('',(#3436),#3440);
#3436 = LINE('',#3437,#3438);
#3437 = CARTESIAN_POINT('',(-0.,0.));
#3438 = VECTOR('',#3439,1.);
#3439 = DIRECTION('',(-0.,-1.));
#3440 = ( GEOMETRIC_REPRESENTATION_CONTEXT(2) 
PARAMETRIC_REPRESENTATION_CONTEXT() REPRESENTATION_CONTEXT('2D SPACE',''
  ) );
#3441 = PCURVE('',#1112,#3442);
#3442 = DEFINITIONAL_REPRESENTATION('',(#3443),#3447);
#3443 = LINE('',#3444,#3445);
#3444 = CARTESIAN_POINT('',(6.,0.));
#3445 = VECTOR('',#3446,1.);
#3446 = DIRECTION('',(0.,-1.));
#3447 = ( GEOMETRIC_REPRESENTATION_CONTEXT(2) 
PARAMETRIC_REPRESENTATION_CONTEXT() REPRESENTATION_CONTEXT('2D SPACE',''
  ) );
#3448 = ORIENTED_EDGE('',*,*,#2515,.T.);
#3449 = ORIENTED_EDGE('',*,*,#3450,.F.);
#3450 = EDGE_CURVE('',#3451,#2495,#3453,.T.);
#3451 = VERTEX_POINT('',#3452);
#3452 = CARTESIAN_POINT('',(160.5,64.242640687119,26.242640687119));
#3453 = SURFACE_CURVE('',#3454,(#3458,#3465),.PCURVE_S1.);
#3454 = LINE('',#3455,#3456);
#3455 = CARTESIAN_POINT('',(160.5,64.242640687119,26.242640687119));
#3456 = VECTOR('',#3457,1.);
#3457 = DIRECTION('',(1.,0.,0.));
#3458 = PCURVE('',#777,#3459);
#3459 = DEFINITIONAL_REPRESENTATION('',(#3460),#3464);
#3460 = LINE('',#3461,#3462);
#3461 = CARTESIAN_POINT('',(-4.712388980385,0.));
#3462 = VECTOR('',#3463,1.);
#3463 = DIRECTION('',(-0.,-1.));
#3464 = ( GEOMETRIC_REPRESENTATION_CONTEXT(2) 
PARAMETRIC_REPRESENTATION_CONTEXT() REPRESENTATION_CONTEXT('2D SPACE',''
  ) );
#3465 = PCURVE('',#1086,#3466);
#3466 = DEFINITIONAL_REPRESENTATION('',(#3467),#3471);
#3467 = LINE('',#3468,#3469);
#3468 = CARTESIAN_POINT('',(0.,0.));
#3469 = VECTOR('',#3470,1.);
#3470 = DIRECTION('',(0.,-1.));
#3471 = ( GEOMETRIC_REPRESENTATION_CONTEXT(2) 
PARAMETRIC_REPRESENTATION_CONTEXT() REPRESENTATION_CONTEXT('2D SPACE',''
  ) );
#3472 = ORIENTED_EDGE('',*,*,#3473,.F.);
#3473 = EDGE_CURVE('',#682,#3451,#3474,.T.);
#3474 = SURFACE_CURVE('',#3475,(#3480,#3487),.PCURVE_S1.);
#3475 = CIRCLE('',#3476,6.);
#3476 = AXIS2_PLACEMENT_3D('',#3477,#3478,#3479);
#3477 = CARTESIAN_POINT('',(160.5,60.,22.));
#3478 = DIRECTION('',(1.,0.,0.));
#3479 = DIRECTION('',(-0.,-0.707106781187,0.707106781187));
#3480 = PCURVE('',#777,#3481);
#3481 = DEFINITIONAL_REPRESENTATION('',(#3482),#3486);
#3482 = LINE('',#3483,#3484);
#3483 = CARTESIAN_POINT('',(-0.,0.));
#3484 = VECTOR('',#3485,1.);
#3485 = DIRECTION('',(-1.,0.));
#3486 = ( GEOMETRIC_REPRESENTATION_CONTEXT(2) 
PARAMETRIC_REPRESENTATION_CONTEXT() REPRESENTATION_CONTEXT('2D SPACE',''
  ) );
#3487 = PCURVE('',#938,#3488);
#3488 = DEFINITIONAL_REPRESENTATION('',(#3489),#3493);
#3489 = CIRCLE('',#3490,6.);
#3490 = AXIS2_PLACEMENT_2D('',#3491,#3492);
#3491 = CARTESIAN_POINT('',(-1.077736553898,0.));
#3492 = DIRECTION('',(0.707106781187,0.707106781187));
#3493 = ( GEOMETRIC_REPRESENTATION_CONTEXT(2) 
PARAMETRIC_REPRESENTATION_CONTEXT() REPRESENTATION_CONTEXT('2D SPACE',''
  ) );
#3494 = ORIENTED_EDGE('',*,*,#681,.T.);
#3495 = ADVANCED_FACE('',(#3496),#938,.T.);
#3496 = FACE_BOUND('',#3497,.T.);
#3497 = EDGE_LOOP('',(#3498,#3499,#3520,#3521,#3522));
#3498 = ORIENTED_EDGE('',*,*,#3473,.T.);
#3499 = ORIENTED_EDGE('',*,*,#3500,.T.);
#3500 = EDGE_CURVE('',#3451,#2927,#3501,.T.);
#3501 = SURFACE_CURVE('',#3502,(#3506,#3513),.PCURVE_S1.);
#3502 = LINE('',#3503,#3504);
#3503 = CARTESIAN_POINT('',(160.5,64.242640687119,26.242640687119));
#3504 = VECTOR('',#3505,1.);
#3505 = DIRECTION('',(0.,-0.707106781187,0.707106781187));
#3506 = PCURVE('',#938,#3507);
#3507 = DEFINITIONAL_REPRESENTATION('',(#3508),#3512);
#3508 = LINE('',#3509,#3510);
#3509 = CARTESIAN_POINT('',(3.164904133222,-4.242640687119));
#3510 = VECTOR('',#3511,1.);
#3511 = DIRECTION('',(0.707106781187,0.707106781187));
#3512 = ( GEOMETRIC_REPRESENTATION_CONTEXT(2) 
PARAMETRIC_REPRESENTATION_CONTEXT() REPRESENTATION_CONTEXT('2D SPACE',''
  ) );
#3513 = PCURVE('',#1086,#3514);
#3514 = DEFINITIONAL_REPRESENTATION('',(#3515),#3519);
#3515 = LINE('',#3516,#3517);
#3516 = CARTESIAN_POINT('',(0.,0.));
#3517 = VECTOR('',#3518,1.);
#3518 = DIRECTION('',(1.,0.));
#3519 = ( GEOMETRIC_REPRESENTATION_CONTEXT(2) 
PARAMETRIC_REPRESENTATION_CONTEXT() REPRESENTATION_CONTEXT('2D SPACE',''
  ) );
#3520 = ORIENTED_EDGE('',*,*,#2961,.T.);
#3521 = ORIENTED_EDGE('',*,*,#3206,.T.);
#3522 = ORIENTED_EDGE('',*,*,#925,.T.);
#3523 = ADVANCED_FACE('',(#3524),#1112,.T.);
#3524 = FACE_BOUND('',#3525,.T.);
#3525 = EDGE_LOOP('',(#3526,#3527,#3548,#3549));
#3526 = ORIENTED_EDGE('',*,*,#1097,.F.);
#3527 = ORIENTED_EDGE('',*,*,#3528,.T.);
#3528 = EDGE_CURVE('',#1072,#2474,#3529,.T.);
#3529 = SURFACE_CURVE('',#3530,(#3534,#3541),.PCURVE_S1.);
#3530 = LINE('',#3531,#3532);
#3531 = CARTESIAN_POINT('',(160.5,60.,30.485281374239));
#3532 = VECTOR('',#3533,1.);
#3533 = DIRECTION('',(1.,0.,0.));
#3534 = PCURVE('',#1112,#3535);
#3535 = DEFINITIONAL_REPRESENTATION('',(#3536),#3540);
#3536 = LINE('',#3537,#3538);
#3537 = CARTESIAN_POINT('',(0.,0.));
#3538 = VECTOR('',#3539,1.);
#3539 = DIRECTION('',(0.,-1.));
#3540 = ( GEOMETRIC_REPRESENTATION_CONTEXT(2) 
PARAMETRIC_REPRESENTATION_CONTEXT() REPRESENTATION_CONTEXT('2D SPACE',''
  ) );
#3541 = PCURVE('',#1086,#3542);
#3542 = DEFINITIONAL_REPRESENTATION('',(#3543),#3547);
#3543 = LINE('',#3544,#3545);
#3544 = CARTESIAN_POINT('',(6.,0.));
#3545 = VECTOR('',#3546,1.);
#3546 = DIRECTION('',(0.,-1.));
#3547 = ( GEOMETRIC_REPRESENTATION_CONTEXT(2) 
PARAMETRIC_REPRESENTATION_CONTEXT() REPRESENTATION_CONTEXT('2D SPACE',''
  ) );
#3548 = ORIENTED_EDGE('',*,*,#2471,.F.);
#3549 = ORIENTED_EDGE('',*,*,#3428,.F.);
#3550 = ADVANCED_FACE('',(#3551),#1086,.T.);
#3551 = FACE_BOUND('',#3552,.T.);
#3552 = EDGE_LOOP('',(#3553,#3554,#3555,#3556,#3557,#3558));
#3553 = ORIENTED_EDGE('',*,*,#3500,.F.);
#3554 = ORIENTED_EDGE('',*,*,#3450,.T.);
#3555 = ORIENTED_EDGE('',*,*,#2494,.F.);
#3556 = ORIENTED_EDGE('',*,*,#3528,.F.);
#3557 = ORIENTED_EDGE('',*,*,#1071,.F.);
#3558 = ORIENTED_EDGE('',*,*,#2926,.F.);
#3559 = ADVANCED_FACE('',(#3560),#1186,.F.);
#3560 = FACE_BOUND('',#3561,.T.);
#3561 = EDGE_LOOP('',(#3562,#3563,#3584,#3585));
#3562 = ORIENTED_EDGE('',*,*,#1167,.T.);
#3563 = ORIENTED_EDGE('',*,*,#3564,.T.);
#3564 = EDGE_CURVE('',#1170,#2560,#3565,.T.);
#3565 = SURFACE_CURVE('',#3566,(#3570,#3577),.PCURVE_S1.);
#3566 = LINE('',#3567,#3568);
#3567 = CARTESIAN_POINT('',(160.5,15.757359312881,26.242640687119));
#3568 = VECTOR('',#3569,1.);
#3569 = DIRECTION('',(1.,0.,0.));
#3570 = PCURVE('',#1186,#3571);
#3571 = DEFINITIONAL_REPRESENTATION('',(#3572),#3576);
#3572 = LINE('',#3573,#3574);
#3573 = CARTESIAN_POINT('',(-0.,0.));
#3574 = VECTOR('',#3575,1.);
#3575 = DIRECTION('',(-0.,-1.));
#3576 = ( GEOMETRIC_REPRESENTATION_CONTEXT(2) 
PARAMETRIC_REPRESENTATION_CONTEXT() REPRESENTATION_CONTEXT('2D SPACE',''
  ) );
#3577 = PCURVE('',#1257,#3578);
#3578 = DEFINITIONAL_REPRESENTATION('',(#3579),#3583);
#3579 = LINE('',#3580,#3581);
#3580 = CARTESIAN_POINT('',(6.,0.));
#3581 = VECTOR('',#3582,1.);
#3582 = DIRECTION('',(0.,-1.));
#3583 = ( GEOMETRIC_REPRESENTATION_CONTEXT(2) 
PARAMETRIC_REPRESENTATION_CONTEXT() REPRESENTATION_CONTEXT('2D SPACE',''
  ) );
#3584 = ORIENTED_EDGE('',*,*,#2603,.T.);
#3585 = ORIENTED_EDGE('',*,*,#3586,.F.);
#3586 = EDGE_CURVE('',#1168,#2583,#3587,.T.);
#3587 = SURFACE_CURVE('',#3588,(#3592,#3599),.PCURVE_S1.);
#3588 = LINE('',#3589,#3590);
#3589 = CARTESIAN_POINT('',(160.5,24.242640687119,26.242640687119));
#3590 = VECTOR('',#3591,1.);
#3591 = DIRECTION('',(1.,0.,0.));
#3592 = PCURVE('',#1186,#3593);
#3593 = DEFINITIONAL_REPRESENTATION('',(#3594),#3598);
#3594 = LINE('',#3595,#3596);
#3595 = CARTESIAN_POINT('',(-4.712388980385,0.));
#3596 = VECTOR('',#3597,1.);
#3597 = DIRECTION('',(-0.,-1.));
#3598 = ( GEOMETRIC_REPRESENTATION_CONTEXT(2) 
PARAMETRIC_REPRESENTATION_CONTEXT() REPRESENTATION_CONTEXT('2D SPACE',''
  ) );
#3599 = PCURVE('',#1233,#3600);
#3600 = DEFINITIONAL_REPRESENTATION('',(#3601),#3605);
#3601 = LINE('',#3602,#3603);
#3602 = CARTESIAN_POINT('',(0.,0.));
#3603 = VECTOR('',#3604,1.);
#3604 = DIRECTION('',(0.,-1.));
#3605 = ( GEOMETRIC_REPRESENTATION_CONTEXT(2) 
PARAMETRIC_REPRESENTATION_CONTEXT() REPRESENTATION_CONTEXT('2D SPACE',''
  ) );
#3606 = ADVANCED_FACE('',(#3607),#1233,.T.);
#3607 = FACE_BOUND('',#3608,.T.);
#3608 = EDGE_LOOP('',(#3609,#3610,#3611,#3612));
#3609 = ORIENTED_EDGE('',*,*,#1218,.F.);
#3610 = ORIENTED_EDGE('',*,*,#3586,.T.);
#3611 = ORIENTED_EDGE('',*,*,#2582,.F.);
#3612 = ORIENTED_EDGE('',*,*,#3613,.F.);
#3613 = EDGE_CURVE('',#1219,#2562,#3614,.T.);
#3614 = SURFACE_CURVE('',#3615,(#3619,#3626),.PCURVE_S1.);
#3615 = LINE('',#3616,#3617);
#3616 = CARTESIAN_POINT('',(160.5,20.,30.485281374239));
#3617 = VECTOR('',#3618,1.);
#3618 = DIRECTION('',(1.,0.,0.));
#3619 = PCURVE('',#1233,#3620);
#3620 = DEFINITIONAL_REPRESENTATION('',(#3621),#3625);
#3621 = LINE('',#3622,#3623);
#3622 = CARTESIAN_POINT('',(6.,0.));
#3623 = VECTOR('',#3624,1.);
#3624 = DIRECTION('',(0.,-1.));
#3625 = ( GEOMETRIC_REPRESENTATION_CONTEXT(2) 
PARAMETRIC_REPRESENTATION_CONTEXT() REPRESENTATION_CONTEXT('2D SPACE',''
  ) );
#3626 = PCURVE('',#1257,#3627);
#3627 = DEFINITIONAL_REPRESENTATION('',(#3628),#3632);
#3628 = LINE('',#3629,#3630);
#3629 = CARTESIAN_POINT('',(0.,0.));
#3630 = VECTOR('',#3631,1.);
#3631 = DIRECTION('',(0.,-1.));
#3632 = ( GEOMETRIC_REPRESENTATION_CONTEXT(2) 
PARAMETRIC_REPRESENTATION_CONTEXT() REPRESENTATION_CONTEXT('2D SPACE',''
  ) );
#3633 = ADVANCED_FACE('',(#3634),#1257,.T.);
#3634 = FACE_BOUND('',#3635,.T.);
#3635 = EDGE_LOOP('',(#3636,#3637,#3638,#3639));
#3636 = ORIENTED_EDGE('',*,*,#1244,.F.);
#3637 = ORIENTED_EDGE('',*,*,#3613,.T.);
#3638 = ORIENTED_EDGE('',*,*,#2559,.F.);
#3639 = ORIENTED_EDGE('',*,*,#3564,.F.);
#3640 = ADVANCED_FACE('',(#3641),#1338,.F.);
#3641 = FACE_BOUND('',#3642,.F.);
#3642 = EDGE_LOOP('',(#3643,#3664,#3665,#3666));
#3643 = ORIENTED_EDGE('',*,*,#3644,.F.);
#3644 = EDGE_CURVE('',#2008,#1324,#3645,.T.);
#3645 = SURFACE_CURVE('',#3646,(#3650,#3657),.PCURVE_S1.);
#3646 = LINE('',#3647,#3648);
#3647 = CARTESIAN_POINT('',(228.25441558772,-1.,40.420584412272));
#3648 = VECTOR('',#3649,1.);
#3649 = DIRECTION('',(-0.,1.,-0.));
#3650 = PCURVE('',#1338,#3651);
#3651 = DEFINITIONAL_REPRESENTATION('',(#3652),#3656);
#3652 = LINE('',#3653,#3654);
#3653 = CARTESIAN_POINT('',(6.074873734153,0.));
#3654 = VECTOR('',#3655,1.);
#3655 = DIRECTION('',(0.,-1.));
#3656 = ( GEOMETRIC_REPRESENTATION_CONTEXT(2) 
PARAMETRIC_REPRESENTATION_CONTEXT() REPRESENTATION_CONTEXT('2D SPACE',''
  ) );
#3657 = PCURVE('',#1370,#3658);
#3658 = DEFINITIONAL_REPRESENTATION('',(#3659),#3663);
#3659 = LINE('',#3660,#3661);
#3660 = CARTESIAN_POINT('',(0.,0.));
#3661 = VECTOR('',#3662,1.);
#3662 = DIRECTION('',(0.,-1.));
#3663 = ( GEOMETRIC_REPRESENTATION_CONTEXT(2) 
PARAMETRIC_REPRESENTATION_CONTEXT() REPRESENTATION_CONTEXT('2D SPACE',''
  ) );
#3664 = ORIENTED_EDGE('',*,*,#2007,.T.);
#3665 = ORIENTED_EDGE('',*,*,#3251,.F.);
#3666 = ORIENTED_EDGE('',*,*,#1323,.F.);
#3667 = ADVANCED_FACE('',(#3668),#1370,.F.);
#3668 = FACE_BOUND('',#3669,.F.);
#3669 = EDGE_LOOP('',(#3670,#3671,#3672,#3673));
#3670 = ORIENTED_EDGE('',*,*,#2029,.F.);
#3671 = ORIENTED_EDGE('',*,*,#3644,.T.);
#3672 = ORIENTED_EDGE('',*,*,#1349,.T.);
#3673 = ORIENTED_EDGE('',*,*,#3674,.F.);
#3674 = EDGE_CURVE('',#2030,#1350,#3675,.T.);
#3675 = SURFACE_CURVE('',#3676,(#3680,#3687),.PCURVE_S1.);
#3676 = LINE('',#3677,#3678);
#3677 = CARTESIAN_POINT('',(230.8,-1.,34.275));
#3678 = VECTOR('',#3679,1.);
#3679 = DIRECTION('',(-0.,1.,-0.));
#3680 = PCURVE('',#1370,#3681);
#3681 = DEFINITIONAL_REPRESENTATION('',(#3682),#3686);
#3682 = LINE('',#3683,#3684);
#3683 = CARTESIAN_POINT('',(2.356194490192,0.));
#3684 = VECTOR('',#3685,1.);
#3685 = DIRECTION('',(0.,-1.));
#3686 = ( GEOMETRIC_REPRESENTATION_CONTEXT(2) 
PARAMETRIC_REPRESENTATION_CONTEXT() REPRESENTATION_CONTEXT('2D SPACE',''
  ) );
#3687 = PCURVE('',#1397,#3688);
#3688 = DEFINITIONAL_REPRESENTATION('',(#3689),#3693);
#3689 = LINE('',#3690,#3691);
#3690 = CARTESIAN_POINT('',(0.,0.));
#3691 = VECTOR('',#3692,1.);
#3692 = DIRECTION('',(0.,-1.));
#3693 = ( GEOMETRIC_REPRESENTATION_CONTEXT(2) 
PARAMETRIC_REPRESENTATION_CONTEXT() REPRESENTATION_CONTEXT('2D SPACE',''
  ) );
#3694 = ADVANCED_FACE('',(#3695),#1397,.F.);
#3695 = FACE_BOUND('',#3696,.F.);
#3696 = EDGE_LOOP('',(#3697,#3698,#3699,#3700));
#3697 = ORIENTED_EDGE('',*,*,#2057,.T.);
#3698 = ORIENTED_EDGE('',*,*,#3674,.T.);
#3699 = ORIENTED_EDGE('',*,*,#1382,.F.);
#3700 = ORIENTED_EDGE('',*,*,#3701,.F.);
#3701 = EDGE_CURVE('',#2058,#1383,#3702,.T.);
#3702 = SURFACE_CURVE('',#3703,(#3707,#3714),.PCURVE_S1.);
#3703 = LINE('',#3704,#3705);
#3704 = CARTESIAN_POINT('',(234.3,-1.,34.275));
#3705 = VECTOR('',#3706,1.);
#3706 = DIRECTION('',(-0.,1.,-0.));
#3707 = PCURVE('',#1397,#3708);
#3708 = DEFINITIONAL_REPRESENTATION('',(#3709),#3713);
#3709 = LINE('',#3710,#3711);
#3710 = CARTESIAN_POINT('',(3.5,0.));
#3711 = VECTOR('',#3712,1.);
#3712 = DIRECTION('',(0.,-1.));
#3713 = ( GEOMETRIC_REPRESENTATION_CONTEXT(2) 
PARAMETRIC_REPRESENTATION_CONTEXT() REPRESENTATION_CONTEXT('2D SPACE',''
  ) );
#3714 = PCURVE('',#1429,#3715);
#3715 = DEFINITIONAL_REPRESENTATION('',(#3716),#3720);
#3716 = LINE('',#3717,#3718);
#3717 = CARTESIAN_POINT('',(0.,0.));
#3718 = VECTOR('',#3719,1.);
#3719 = DIRECTION('',(0.,-1.));
#3720 = ( GEOMETRIC_REPRESENTATION_CONTEXT(2) 
PARAMETRIC_REPRESENTATION_CONTEXT() REPRESENTATION_CONTEXT('2D SPACE',''
  ) );
#3721 = ADVANCED_FACE('',(#3722),#1483,.T.);
#3722 = FACE_BOUND('',#3723,.T.);
#3723 = EDGE_LOOP('',(#3724,#3725,#3744,#3745));
#3724 = ORIENTED_EDGE('',*,*,#1467,.F.);
#3725 = ORIENTED_EDGE('',*,*,#3726,.F.);
#3726 = EDGE_CURVE('',#2108,#1442,#3727,.T.);
#3727 = SURFACE_CURVE('',#3728,(#3732,#3738),.PCURVE_S1.);
#3728 = LINE('',#3729,#3730);
#3729 = CARTESIAN_POINT('',(233.46616882454,-0.5,43.8));
#3730 = VECTOR('',#3731,1.);
#3731 = DIRECTION('',(0.,1.,0.));
#3732 = PCURVE('',#1483,#3733);
#3733 = DEFINITIONAL_REPRESENTATION('',(#3734),#3737);
#3734 = B_SPLINE_CURVE_WITH_KNOTS('',1,(#3735,#3736),.UNSPECIFIED.,.F.,
  .F.,(2,2),(0.5,6.5),.PIECEWISE_BEZIER_KNOTS.);
#3735 = CARTESIAN_POINT('',(78.466168824543,0.));
#3736 = CARTESIAN_POINT('',(78.466168824543,6.));
#3737 = ( GEOMETRIC_REPRESENTATION_CONTEXT(2) 
PARAMETRIC_REPRESENTATION_CONTEXT() REPRESENTATION_CONTEXT('2D SPACE',''
  ) );
#3738 = PCURVE('',#1456,#3739);
#3739 = DEFINITIONAL_REPRESENTATION('',(#3740),#3743);
#3740 = B_SPLINE_CURVE_WITH_KNOTS('',1,(#3741,#3742),.UNSPECIFIED.,.F.,
  .F.,(2,2),(0.5,6.5),.PIECEWISE_BEZIER_KNOTS.);
#3741 = CARTESIAN_POINT('',(4.779215357061,-1.));
#3742 = CARTESIAN_POINT('',(4.779215357061,-7.));
#3743 = ( GEOMETRIC_REPRESENTATION_CONTEXT(2) 
PARAMETRIC_REPRESENTATION_CONTEXT() REPRESENTATION_CONTEXT('2D SPACE',''
  ) );
#3744 = ORIENTED_EDGE('',*,*,#2129,.T.);
#3745 = ORIENTED_EDGE('',*,*,#1912,.T.);
#3746 = ADVANCED_FACE('',(#3747),#1429,.F.);
#3747 = FACE_BOUND('',#3748,.F.);
#3748 = EDGE_LOOP('',(#3749,#3750,#3751,#3752));
#3749 = ORIENTED_EDGE('',*,*,#2079,.F.);
#3750 = ORIENTED_EDGE('',*,*,#3701,.T.);
#3751 = ORIENTED_EDGE('',*,*,#1408,.T.);
#3752 = ORIENTED_EDGE('',*,*,#3753,.F.);
#3753 = EDGE_CURVE('',#2080,#1409,#3754,.T.);
#3754 = SURFACE_CURVE('',#3755,(#3759,#3766),.PCURVE_S1.);
#3755 = LINE('',#3756,#3757);
#3756 = CARTESIAN_POINT('',(236.84558441227,-1.,40.420584412272));
#3757 = VECTOR('',#3758,1.);
#3758 = DIRECTION('',(-0.,1.,-0.));
#3759 = PCURVE('',#1429,#3760);
#3760 = DEFINITIONAL_REPRESENTATION('',(#3761),#3765);
#3761 = LINE('',#3762,#3763);
#3762 = CARTESIAN_POINT('',(2.356194490192,0.));
#3763 = VECTOR('',#3764,1.);
#3764 = DIRECTION('',(0.,-1.));
#3765 = ( GEOMETRIC_REPRESENTATION_CONTEXT(2) 
PARAMETRIC_REPRESENTATION_CONTEXT() REPRESENTATION_CONTEXT('2D SPACE',''
  ) );
#3766 = PCURVE('',#1456,#3767);
#3767 = DEFINITIONAL_REPRESENTATION('',(#3768),#3772);
#3768 = LINE('',#3769,#3770);
#3769 = CARTESIAN_POINT('',(0.,0.));
#3770 = VECTOR('',#3771,1.);
#3771 = DIRECTION('',(0.,-1.));
#3772 = ( GEOMETRIC_REPRESENTATION_CONTEXT(2) 
PARAMETRIC_REPRESENTATION_CONTEXT() REPRESENTATION_CONTEXT('2D SPACE',''
  ) );
#3773 = ADVANCED_FACE('',(#3774),#1456,.F.);
#3774 = FACE_BOUND('',#3775,.F.);
#3775 = EDGE_LOOP('',(#3776,#3777,#3778,#3779));
#3776 = ORIENTED_EDGE('',*,*,#2107,.T.);
#3777 = ORIENTED_EDGE('',*,*,#3753,.T.);
#3778 = ORIENTED_EDGE('',*,*,#1441,.F.);
#3779 = ORIENTED_EDGE('',*,*,#3726,.F.);
#3780 = ADVANCED_FACE('',(#3781),#1557,.F.);
#3781 = FACE_BOUND('',#3782,.F.);
#3782 = EDGE_LOOP('',(#3783,#3784,#3805,#3806));
#3783 = ORIENTED_EDGE('',*,*,#2299,.T.);
#3784 = ORIENTED_EDGE('',*,*,#3785,.T.);
#3785 = EDGE_CURVE('',#2302,#1543,#3786,.T.);
#3786 = SURFACE_CURVE('',#3787,(#3791,#3798),.PCURVE_S1.);
#3787 = LINE('',#3788,#3789);
#3788 = CARTESIAN_POINT('',(230.8,-1.,2.525));
#3789 = VECTOR('',#3790,1.);
#3790 = DIRECTION('',(-0.,1.,-0.));
#3791 = PCURVE('',#1557,#3792);
#3792 = DEFINITIONAL_REPRESENTATION('',(#3793),#3797);
#3793 = LINE('',#3794,#3795);
#3794 = CARTESIAN_POINT('',(0.,0.));
#3795 = VECTOR('',#3796,1.);
#3796 = DIRECTION('',(0.,-1.));
#3797 = ( GEOMETRIC_REPRESENTATION_CONTEXT(2) 
PARAMETRIC_REPRESENTATION_CONTEXT() REPRESENTATION_CONTEXT('2D SPACE',''
  ) );
#3798 = PCURVE('',#1672,#3799);
#3799 = DEFINITIONAL_REPRESENTATION('',(#3800),#3804);
#3800 = LINE('',#3801,#3802);
#3801 = CARTESIAN_POINT('',(2.356194490192,0.));
#3802 = VECTOR('',#3803,1.);
#3803 = DIRECTION('',(0.,-1.));
#3804 = ( GEOMETRIC_REPRESENTATION_CONTEXT(2) 
PARAMETRIC_REPRESENTATION_CONTEXT() REPRESENTATION_CONTEXT('2D SPACE',''
  ) );
#3805 = ORIENTED_EDGE('',*,*,#1540,.F.);
#3806 = ORIENTED_EDGE('',*,*,#3807,.F.);
#3807 = EDGE_CURVE('',#2300,#1541,#3808,.T.);
#3808 = SURFACE_CURVE('',#3809,(#3813,#3820),.PCURVE_S1.);
#3809 = LINE('',#3810,#3811);
#3810 = CARTESIAN_POINT('',(234.3,-1.,2.525));
#3811 = VECTOR('',#3812,1.);
#3812 = DIRECTION('',(-0.,1.,-0.));
#3813 = PCURVE('',#1557,#3814);
#3814 = DEFINITIONAL_REPRESENTATION('',(#3815),#3819);
#3815 = LINE('',#3816,#3817);
#3816 = CARTESIAN_POINT('',(3.5,0.));
#3817 = VECTOR('',#3818,1.);
#3818 = DIRECTION('',(0.,-1.));
#3819 = ( GEOMETRIC_REPRESENTATION_CONTEXT(2) 
PARAMETRIC_REPRESENTATION_CONTEXT() REPRESENTATION_CONTEXT('2D SPACE',''
  ) );
#3820 = PCURVE('',#1589,#3821);
#3821 = DEFINITIONAL_REPRESENTATION('',(#3822),#3826);
#3822 = LINE('',#3823,#3824);
#3823 = CARTESIAN_POINT('',(0.,0.));
#3824 = VECTOR('',#3825,1.);
#3825 = DIRECTION('',(0.,-1.));
#3826 = ( GEOMETRIC_REPRESENTATION_CONTEXT(2) 
PARAMETRIC_REPRESENTATION_CONTEXT() REPRESENTATION_CONTEXT('2D SPACE',''
  ) );
#3827 = ADVANCED_FACE('',(#3828),#1589,.F.);
#3828 = FACE_BOUND('',#3829,.F.);
#3829 = EDGE_LOOP('',(#3830,#3831,#3832,#3833));
#3830 = ORIENTED_EDGE('',*,*,#2323,.F.);
#3831 = ORIENTED_EDGE('',*,*,#3807,.T.);
#3832 = ORIENTED_EDGE('',*,*,#1568,.T.);
#3833 = ORIENTED_EDGE('',*,*,#3834,.F.);
#3834 = EDGE_CURVE('',#2324,#1569,#3835,.T.);
#3835 = SURFACE_CURVE('',#3836,(#3840,#3847),.PCURVE_S1.);
#3836 = LINE('',#3837,#3838);
#3837 = CARTESIAN_POINT('',(236.84558441227,-1.,8.670584412272));
#3838 = VECTOR('',#3839,1.);
#3839 = DIRECTION('',(-0.,1.,-0.));
#3840 = PCURVE('',#1589,#3841);
#3841 = DEFINITIONAL_REPRESENTATION('',(#3842),#3846);
#3842 = LINE('',#3843,#3844);
#3843 = CARTESIAN_POINT('',(2.356194490192,0.));
#3844 = VECTOR('',#3845,1.);
#3845 = DIRECTION('',(0.,-1.));
#3846 = ( GEOMETRIC_REPRESENTATION_CONTEXT(2) 
PARAMETRIC_REPRESENTATION_CONTEXT() REPRESENTATION_CONTEXT('2D SPACE',''
  ) );
#3847 = PCURVE('',#1616,#3848);
#3848 = DEFINITIONAL_REPRESENTATION('',(#3849),#3853);
#3849 = LINE('',#3850,#3851);
#3850 = CARTESIAN_POINT('',(0.,0.));
#3851 = VECTOR('',#3852,1.);
#3852 = DIRECTION('',(0.,-1.));
#3853 = ( GEOMETRIC_REPRESENTATION_CONTEXT(2) 
PARAMETRIC_REPRESENTATION_CONTEXT() REPRESENTATION_CONTEXT('2D SPACE',''
  ) );
#3854 = ADVANCED_FACE('',(#3855),#1672,.F.);
#3855 = FACE_BOUND('',#3856,.F.);
#3856 = EDGE_LOOP('',(#3857,#3858,#3879,#3880));
#3857 = ORIENTED_EDGE('',*,*,#2395,.F.);
#3858 = ORIENTED_EDGE('',*,*,#3859,.T.);
#3859 = EDGE_CURVE('',#2374,#1628,#3860,.T.);
#3860 = SURFACE_CURVE('',#3861,(#3865,#3872),.PCURVE_S1.);
#3861 = LINE('',#3862,#3863);
#3862 = CARTESIAN_POINT('',(228.25441558772,-1.,8.670584412272));
#3863 = VECTOR('',#3864,1.);
#3864 = DIRECTION('',(-0.,1.,-0.));
#3865 = PCURVE('',#1672,#3866);
#3866 = DEFINITIONAL_REPRESENTATION('',(#3867),#3871);
#3867 = LINE('',#3868,#3869);
#3868 = CARTESIAN_POINT('',(0.,0.));
#3869 = VECTOR('',#3870,1.);
#3870 = DIRECTION('',(0.,-1.));
#3871 = ( GEOMETRIC_REPRESENTATION_CONTEXT(2) 
PARAMETRIC_REPRESENTATION_CONTEXT() REPRESENTATION_CONTEXT('2D SPACE',''
  ) );
#3872 = PCURVE('',#1642,#3873);
#3873 = DEFINITIONAL_REPRESENTATION('',(#3874),#3878);
#3874 = LINE('',#3875,#3876);
#3875 = CARTESIAN_POINT('',(6.074873734153,0.));
#3876 = VECTOR('',#3877,1.);
#3877 = DIRECTION('',(0.,-1.));
#3878 = ( GEOMETRIC_REPRESENTATION_CONTEXT(2) 
PARAMETRIC_REPRESENTATION_CONTEXT() REPRESENTATION_CONTEXT('2D SPACE',''
  ) );
#3879 = ORIENTED_EDGE('',*,*,#1653,.T.);
#3880 = ORIENTED_EDGE('',*,*,#3785,.F.);
#3881 = ADVANCED_FACE('',(#3882),#1616,.F.);
#3882 = FACE_BOUND('',#3883,.F.);
#3883 = EDGE_LOOP('',(#3884,#3885,#3886,#3887));
#3884 = ORIENTED_EDGE('',*,*,#2351,.T.);
#3885 = ORIENTED_EDGE('',*,*,#3834,.T.);
#3886 = ORIENTED_EDGE('',*,*,#1601,.F.);
#3887 = ORIENTED_EDGE('',*,*,#3888,.F.);
#3888 = EDGE_CURVE('',#2352,#1602,#3889,.T.);
#3889 = SURFACE_CURVE('',#3890,(#3894,#3901),.PCURVE_S1.);
#3890 = LINE('',#3891,#3892);
#3891 = CARTESIAN_POINT('',(232.55,-1.,12.966168824543));
#3892 = VECTOR('',#3893,1.);
#3893 = DIRECTION('',(-0.,1.,-0.));
#3894 = PCURVE('',#1616,#3895);
#3895 = DEFINITIONAL_REPRESENTATION('',(#3896),#3900);
#3896 = LINE('',#3897,#3898);
#3897 = CARTESIAN_POINT('',(6.074873734153,0.));
#3898 = VECTOR('',#3899,1.);
#3899 = DIRECTION('',(0.,-1.));
#3900 = ( GEOMETRIC_REPRESENTATION_CONTEXT(2) 
PARAMETRIC_REPRESENTATION_CONTEXT() REPRESENTATION_CONTEXT('2D SPACE',''
  ) );
#3901 = PCURVE('',#1642,#3902);
#3902 = DEFINITIONAL_REPRESENTATION('',(#3903),#3907);
#3903 = LINE('',#3904,#3905);
#3904 = CARTESIAN_POINT('',(0.,0.));
#3905 = VECTOR('',#3906,1.);
#3906 = DIRECTION('',(0.,-1.));
#3907 = ( GEOMETRIC_REPRESENTATION_CONTEXT(2) 
PARAMETRIC_REPRESENTATION_CONTEXT() REPRESENTATION_CONTEXT('2D SPACE',''
  ) );
#3908 = ADVANCED_FACE('',(#3909),#1642,.F.);
#3909 = FACE_BOUND('',#3910,.F.);
#3910 = EDGE_LOOP('',(#3911,#3912,#3913,#3914));
#3911 = ORIENTED_EDGE('',*,*,#2373,.T.);
#3912 = ORIENTED_EDGE('',*,*,#3888,.T.);
#3913 = ORIENTED_EDGE('',*,*,#1627,.F.);
#3914 = ORIENTED_EDGE('',*,*,#3859,.F.);
#3915 = ADVANCED_FACE('',(#3916),#1703,.F.);
#3916 = FACE_BOUND('',#3917,.F.);
#3917 = EDGE_LOOP('',(#3918,#3919,#3940,#3941));
#3918 = ORIENTED_EDGE('',*,*,#2227,.T.);
#3919 = ORIENTED_EDGE('',*,*,#3920,.T.);
#3920 = EDGE_CURVE('',#2200,#1689,#3921,.T.);
#3921 = SURFACE_CURVE('',#3922,(#3926,#3933),.PCURVE_S1.);
#3922 = LINE('',#3923,#3924);
#3923 = CARTESIAN_POINT('',(230.8,-1.,18.4));
#3924 = VECTOR('',#3925,1.);
#3925 = DIRECTION('',(-0.,1.,-0.));
#3926 = PCURVE('',#1703,#3927);
#3927 = DEFINITIONAL_REPRESENTATION('',(#3928),#3932);
#3928 = LINE('',#3929,#3930);
#3929 = CARTESIAN_POINT('',(0.,0.));
#3930 = VECTOR('',#3931,1.);
#3931 = DIRECTION('',(0.,-1.));
#3932 = ( GEOMETRIC_REPRESENTATION_CONTEXT(2) 
PARAMETRIC_REPRESENTATION_CONTEXT() REPRESENTATION_CONTEXT('2D SPACE',''
  ) );
#3933 = PCURVE('',#1818,#3934);
#3934 = DEFINITIONAL_REPRESENTATION('',(#3935),#3939);
#3935 = LINE('',#3936,#3937);
#3936 = CARTESIAN_POINT('',(2.356194490192,0.));
#3937 = VECTOR('',#3938,1.);
#3938 = DIRECTION('',(0.,-1.));
#3939 = ( GEOMETRIC_REPRESENTATION_CONTEXT(2) 
PARAMETRIC_REPRESENTATION_CONTEXT() REPRESENTATION_CONTEXT('2D SPACE',''
  ) );
#3940 = ORIENTED_EDGE('',*,*,#1686,.F.);
#3941 = ORIENTED_EDGE('',*,*,#3942,.F.);
#3942 = EDGE_CURVE('',#2228,#1687,#3943,.T.);
#3943 = SURFACE_CURVE('',#3944,(#3948,#3955),.PCURVE_S1.);
#3944 = LINE('',#3945,#3946);
#3945 = CARTESIAN_POINT('',(234.3,-1.,18.4));
#3946 = VECTOR('',#3947,1.);
#3947 = DIRECTION('',(-0.,1.,-0.));
#3948 = PCURVE('',#1703,#3949);
#3949 = DEFINITIONAL_REPRESENTATION('',(#3950),#3954);
#3950 = LINE('',#3951,#3952);
#3951 = CARTESIAN_POINT('',(3.5,0.));
#3952 = VECTOR('',#3953,1.);
#3953 = DIRECTION('',(0.,-1.));
#3954 = ( GEOMETRIC_REPRESENTATION_CONTEXT(2) 
PARAMETRIC_REPRESENTATION_CONTEXT() REPRESENTATION_CONTEXT('2D SPACE',''
  ) );
#3955 = PCURVE('',#1735,#3956);
#3956 = DEFINITIONAL_REPRESENTATION('',(#3957),#3961);
#3957 = LINE('',#3958,#3959);
#3958 = CARTESIAN_POINT('',(0.,0.));
#3959 = VECTOR('',#3960,1.);
#3960 = DIRECTION('',(0.,-1.));
#3961 = ( GEOMETRIC_REPRESENTATION_CONTEXT(2) 
PARAMETRIC_REPRESENTATION_CONTEXT() REPRESENTATION_CONTEXT('2D SPACE',''
  ) );
#3962 = ADVANCED_FACE('',(#3963),#1735,.F.);
#3963 = FACE_BOUND('',#3964,.F.);
#3964 = EDGE_LOOP('',(#3965,#3966,#3967,#3968));
#3965 = ORIENTED_EDGE('',*,*,#2249,.F.);
#3966 = ORIENTED_EDGE('',*,*,#3942,.T.);
#3967 = ORIENTED_EDGE('',*,*,#1714,.T.);
#3968 = ORIENTED_EDGE('',*,*,#3969,.F.);
#3969 = EDGE_CURVE('',#2250,#1715,#3970,.T.);
#3970 = SURFACE_CURVE('',#3971,(#3975,#3982),.PCURVE_S1.);
#3971 = LINE('',#3972,#3973);
#3972 = CARTESIAN_POINT('',(236.84558441227,-1.,24.545584412272));
#3973 = VECTOR('',#3974,1.);
#3974 = DIRECTION('',(-0.,1.,-0.));
#3975 = PCURVE('',#1735,#3976);
#3976 = DEFINITIONAL_REPRESENTATION('',(#3977),#3981);
#3977 = LINE('',#3978,#3979);
#3978 = CARTESIAN_POINT('',(2.356194490192,0.));
#3979 = VECTOR('',#3980,1.);
#3980 = DIRECTION('',(0.,-1.));
#3981 = ( GEOMETRIC_REPRESENTATION_CONTEXT(2) 
PARAMETRIC_REPRESENTATION_CONTEXT() REPRESENTATION_CONTEXT('2D SPACE',''
  ) );
#3982 = PCURVE('',#1762,#3983);
#3983 = DEFINITIONAL_REPRESENTATION('',(#3984),#3988);
#3984 = LINE('',#3985,#3986);
#3985 = CARTESIAN_POINT('',(0.,0.));
#3986 = VECTOR('',#3987,1.);
#3987 = DIRECTION('',(0.,-1.));
#3988 = ( GEOMETRIC_REPRESENTATION_CONTEXT(2) 
PARAMETRIC_REPRESENTATION_CONTEXT() REPRESENTATION_CONTEXT('2D SPACE',''
  ) );
#3989 = ADVANCED_FACE('',(#3990),#1818,.F.);
#3990 = FACE_BOUND('',#3991,.F.);
#3991 = EDGE_LOOP('',(#3992,#3993,#4014,#4015));
#3992 = ORIENTED_EDGE('',*,*,#2199,.F.);
#3993 = ORIENTED_EDGE('',*,*,#3994,.T.);
#3994 = EDGE_CURVE('',#2176,#1774,#3995,.T.);
#3995 = SURFACE_CURVE('',#3996,(#4000,#4007),.PCURVE_S1.);
#3996 = LINE('',#3997,#3998);
#3997 = CARTESIAN_POINT('',(228.25441558772,-1.,24.545584412272));
#3998 = VECTOR('',#3999,1.);
#3999 = DIRECTION('',(-0.,1.,-0.));
#4000 = PCURVE('',#1818,#4001);
#4001 = DEFINITIONAL_REPRESENTATION('',(#4002),#4006);
#4002 = LINE('',#4003,#4004);
#4003 = CARTESIAN_POINT('',(0.,0.));
#4004 = VECTOR('',#4005,1.);
#4005 = DIRECTION('',(0.,-1.));
#4006 = ( GEOMETRIC_REPRESENTATION_CONTEXT(2) 
PARAMETRIC_REPRESENTATION_CONTEXT() REPRESENTATION_CONTEXT('2D SPACE',''
  ) );
#4007 = PCURVE('',#1788,#4008);
#4008 = DEFINITIONAL_REPRESENTATION('',(#4009),#4013);
#4009 = LINE('',#4010,#4011);
#4010 = CARTESIAN_POINT('',(6.074873734153,0.));
#4011 = VECTOR('',#4012,1.);
#4012 = DIRECTION('',(0.,-1.));
#4013 = ( GEOMETRIC_REPRESENTATION_CONTEXT(2) 
PARAMETRIC_REPRESENTATION_CONTEXT() REPRESENTATION_CONTEXT('2D SPACE',''
  ) );
#4014 = ORIENTED_EDGE('',*,*,#1799,.T.);
#4015 = ORIENTED_EDGE('',*,*,#3920,.F.);
#4016 = ADVANCED_FACE('',(#4017),#1762,.F.);
#4017 = FACE_BOUND('',#4018,.F.);
#4018 = EDGE_LOOP('',(#4019,#4020,#4021,#4022));
#4019 = ORIENTED_EDGE('',*,*,#2277,.T.);
#4020 = ORIENTED_EDGE('',*,*,#3969,.T.);
#4021 = ORIENTED_EDGE('',*,*,#1747,.F.);
#4022 = ORIENTED_EDGE('',*,*,#4023,.F.);
#4023 = EDGE_CURVE('',#2178,#1748,#4024,.T.);
#4024 = SURFACE_CURVE('',#4025,(#4029,#4036),.PCURVE_S1.);
#4025 = LINE('',#4026,#4027);
#4026 = CARTESIAN_POINT('',(232.55,-1.,28.841168824543));
#4027 = VECTOR('',#4028,1.);
#4028 = DIRECTION('',(-0.,1.,-0.));
#4029 = PCURVE('',#1762,#4030);
#4030 = DEFINITIONAL_REPRESENTATION('',(#4031),#4035);
#4031 = LINE('',#4032,#4033);
#4032 = CARTESIAN_POINT('',(6.074873734153,0.));
#4033 = VECTOR('',#4034,1.);
#4034 = DIRECTION('',(0.,-1.));
#4035 = ( GEOMETRIC_REPRESENTATION_CONTEXT(2) 
PARAMETRIC_REPRESENTATION_CONTEXT() REPRESENTATION_CONTEXT('2D SPACE',''
  ) );
#4036 = PCURVE('',#1788,#4037);
#4037 = DEFINITIONAL_REPRESENTATION('',(#4038),#4042);
#4038 = LINE('',#4039,#4040);
#4039 = CARTESIAN_POINT('',(0.,0.));
#4040 = VECTOR('',#4041,1.);
#4041 = DIRECTION('',(0.,-1.));
#4042 = ( GEOMETRIC_REPRESENTATION_CONTEXT(2) 
PARAMETRIC_REPRESENTATION_CONTEXT() REPRESENTATION_CONTEXT('2D SPACE',''
  ) );
#4043 = ADVANCED_FACE('',(#4044),#1788,.F.);
#4044 = FACE_BOUND('',#4045,.F.);
#4045 = EDGE_LOOP('',(#4046,#4047,#4048,#4049));
#4046 = ORIENTED_EDGE('',*,*,#2175,.T.);
#4047 = ORIENTED_EDGE('',*,*,#4023,.T.);
#4048 = ORIENTED_EDGE('',*,*,#1773,.F.);
#4049 = ORIENTED_EDGE('',*,*,#3994,.F.);
#4050 = ADVANCED_FACE('',(#4051),#2713,.T.);
#4051 = FACE_BOUND('',#4052,.T.);
#4052 = EDGE_LOOP('',(#4053,#4076,#4077,#4100));
#4053 = ORIENTED_EDGE('',*,*,#4054,.F.);
#4054 = EDGE_CURVE('',#2697,#4055,#4057,.T.);
#4055 = VERTEX_POINT('',#4056);
#4056 = CARTESIAN_POINT('',(158.,58.338299064212,23.661700935788));
#4057 = SURFACE_CURVE('',#4058,(#4062,#4069),.PCURVE_S1.);
#4058 = LINE('',#4059,#4060);
#4059 = CARTESIAN_POINT('',(154.,58.338299064212,23.661700935788));
#4060 = VECTOR('',#4061,1.);
#4061 = DIRECTION('',(1.,0.,0.));
#4062 = PCURVE('',#2713,#4063);
#4063 = DEFINITIONAL_REPRESENTATION('',(#4064),#4068);
#4064 = LINE('',#4065,#4066);
#4065 = CARTESIAN_POINT('',(2.35,0.));
#4066 = VECTOR('',#4067,1.);
#4067 = DIRECTION('',(0.,-1.));
#4068 = ( GEOMETRIC_REPRESENTATION_CONTEXT(2) 
PARAMETRIC_REPRESENTATION_CONTEXT() REPRESENTATION_CONTEXT('2D SPACE',''
  ) );
#4069 = PCURVE('',#2769,#4070);
#4070 = DEFINITIONAL_REPRESENTATION('',(#4071),#4075);
#4071 = LINE('',#4072,#4073);
#4072 = CARTESIAN_POINT('',(-0.,0.));
#4073 = VECTOR('',#4074,1.);
#4074 = DIRECTION('',(-0.,-1.));
#4075 = ( GEOMETRIC_REPRESENTATION_CONTEXT(2) 
PARAMETRIC_REPRESENTATION_CONTEXT() REPRESENTATION_CONTEXT('2D SPACE',''
  ) );
#4076 = ORIENTED_EDGE('',*,*,#2696,.T.);
#4077 = ORIENTED_EDGE('',*,*,#4078,.T.);
#4078 = EDGE_CURVE('',#2699,#4079,#4081,.T.);
#4079 = VERTEX_POINT('',#4080);
#4080 = CARTESIAN_POINT('',(158.,60.,25.323401871577));
#4081 = SURFACE_CURVE('',#4082,(#4086,#4093),.PCURVE_S1.);
#4082 = LINE('',#4083,#4084);
#4083 = CARTESIAN_POINT('',(154.,60.,25.323401871577));
#4084 = VECTOR('',#4085,1.);
#4085 = DIRECTION('',(1.,0.,0.));
#4086 = PCURVE('',#2713,#4087);
#4087 = DEFINITIONAL_REPRESENTATION('',(#4088),#4092);
#4088 = LINE('',#4089,#4090);
#4089 = CARTESIAN_POINT('',(0.,0.));
#4090 = VECTOR('',#4091,1.);
#4091 = DIRECTION('',(0.,-1.));
#4092 = ( GEOMETRIC_REPRESENTATION_CONTEXT(2) 
PARAMETRIC_REPRESENTATION_CONTEXT() REPRESENTATION_CONTEXT('2D SPACE',''
  ) );
#4093 = PCURVE('',#2739,#4094);
#4094 = DEFINITIONAL_REPRESENTATION('',(#4095),#4099);
#4095 = LINE('',#4096,#4097);
#4096 = CARTESIAN_POINT('',(2.35,0.));
#4097 = VECTOR('',#4098,1.);
#4098 = DIRECTION('',(0.,-1.));
#4099 = ( GEOMETRIC_REPRESENTATION_CONTEXT(2) 
PARAMETRIC_REPRESENTATION_CONTEXT() REPRESENTATION_CONTEXT('2D SPACE',''
  ) );
#4100 = ORIENTED_EDGE('',*,*,#4101,.T.);
#4101 = EDGE_CURVE('',#4079,#4055,#4102,.T.);
#4102 = SURFACE_CURVE('',#4103,(#4107,#4113),.PCURVE_S1.);
#4103 = LINE('',#4104,#4105);
#4104 = CARTESIAN_POINT('',(158.,59.375715704936,24.699117576513));
#4105 = VECTOR('',#4106,1.);
#4106 = DIRECTION('',(0.,-0.707106781187,-0.707106781187));
#4107 = PCURVE('',#2713,#4108);
#4108 = DEFINITIONAL_REPRESENTATION('',(#4109),#4112);
#4109 = B_SPLINE_CURVE_WITH_KNOTS('',1,(#4110,#4111),.UNSPECIFIED.,.F.,
  .F.,(2,2),(-0.882871316856,1.467128683144),.PIECEWISE_BEZIER_KNOTS.);
#4110 = CARTESIAN_POINT('',(0.,-4.));
#4111 = CARTESIAN_POINT('',(2.35,-4.));
#4112 = ( GEOMETRIC_REPRESENTATION_CONTEXT(2) 
PARAMETRIC_REPRESENTATION_CONTEXT() REPRESENTATION_CONTEXT('2D SPACE',''
  ) );
#4113 = PCURVE('',#3073,#4114);
#4114 = DEFINITIONAL_REPRESENTATION('',(#4115),#4118);
#4115 = B_SPLINE_CURVE_WITH_KNOTS('',1,(#4116,#4117),.UNSPECIFIED.,.F.,
  .F.,(2,2),(-0.882871316856,1.467128683144),.PIECEWISE_BEZIER_KNOTS.);
#4116 = CARTESIAN_POINT('',(2.497137180255,-1.887379141863E-15));
#4117 = CARTESIAN_POINT('',(0.835436244467,1.661700935788));
#4118 = ( GEOMETRIC_REPRESENTATION_CONTEXT(2) 
PARAMETRIC_REPRESENTATION_CONTEXT() REPRESENTATION_CONTEXT('2D SPACE',''
  ) );
#4119 = ADVANCED_FACE('',(#4120),#2769,.F.);
#4120 = FACE_BOUND('',#4121,.T.);
#4121 = EDGE_LOOP('',(#4122,#4145,#4146,#4147));
#4122 = ORIENTED_EDGE('',*,*,#4123,.F.);
#4123 = EDGE_CURVE('',#2725,#4124,#4126,.T.);
#4124 = VERTEX_POINT('',#4125);
#4125 = CARTESIAN_POINT('',(158.,61.661700935788,23.661700935788));
#4126 = SURFACE_CURVE('',#4127,(#4131,#4138),.PCURVE_S1.);
#4127 = LINE('',#4128,#4129);
#4128 = CARTESIAN_POINT('',(154.,61.661700935788,23.661700935788));
#4129 = VECTOR('',#4130,1.);
#4130 = DIRECTION('',(1.,0.,0.));
#4131 = PCURVE('',#2769,#4132);
#4132 = DEFINITIONAL_REPRESENTATION('',(#4133),#4137);
#4133 = LINE('',#4134,#4135);
#4134 = CARTESIAN_POINT('',(-4.712388980385,0.));
#4135 = VECTOR('',#4136,1.);
#4136 = DIRECTION('',(-0.,-1.));
#4137 = ( GEOMETRIC_REPRESENTATION_CONTEXT(2) 
PARAMETRIC_REPRESENTATION_CONTEXT() REPRESENTATION_CONTEXT('2D SPACE',''
  ) );
#4138 = PCURVE('',#2739,#4139);
#4139 = DEFINITIONAL_REPRESENTATION('',(#4140),#4144);
#4140 = LINE('',#4141,#4142);
#4141 = CARTESIAN_POINT('',(0.,0.));
#4142 = VECTOR('',#4143,1.);
#4143 = DIRECTION('',(0.,-1.));
#4144 = ( GEOMETRIC_REPRESENTATION_CONTEXT(2) 
PARAMETRIC_REPRESENTATION_CONTEXT() REPRESENTATION_CONTEXT('2D SPACE',''
  ) );
#4145 = ORIENTED_EDGE('',*,*,#2750,.T.);
#4146 = ORIENTED_EDGE('',*,*,#4054,.T.);
#4147 = ORIENTED_EDGE('',*,*,#4148,.F.);
#4148 = EDGE_CURVE('',#4124,#4055,#4149,.T.);
#4149 = SURFACE_CURVE('',#4150,(#4155,#4162),.PCURVE_S1.);
#4150 = CIRCLE('',#4151,2.35);
#4151 = AXIS2_PLACEMENT_3D('',#4152,#4153,#4154);
#4152 = CARTESIAN_POINT('',(158.,60.,22.));
#4153 = DIRECTION('',(-1.,-0.,0.));
#4154 = DIRECTION('',(0.,-0.707106781187,0.707106781187));
#4155 = PCURVE('',#2769,#4156);
#4156 = DEFINITIONAL_REPRESENTATION('',(#4157),#4161);
#4157 = LINE('',#4158,#4159);
#4158 = CARTESIAN_POINT('',(-6.28318530718,-4.));
#4159 = VECTOR('',#4160,1.);
#4160 = DIRECTION('',(1.,-0.));
#4161 = ( GEOMETRIC_REPRESENTATION_CONTEXT(2) 
PARAMETRIC_REPRESENTATION_CONTEXT() REPRESENTATION_CONTEXT('2D SPACE',''
  ) );
#4162 = PCURVE('',#3073,#4163);
#4163 = DEFINITIONAL_REPRESENTATION('',(#4164),#4172);
#4164 = ( BOUNDED_CURVE() B_SPLINE_CURVE(2,(#4165,#4166,#4167,#4168,
#4169,#4170,#4171),.UNSPECIFIED.,.T.,.F.) B_SPLINE_CURVE_WITH_KNOTS((1,2
    ,2,2,2,1),(-2.094395102393,0.,2.094395102393,4.188790204786,
6.28318530718,8.377580409573),.UNSPECIFIED.) CURVE() 
GEOMETRIC_REPRESENTATION_ITEM() RATIONAL_B_SPLINE_CURVE((1.,0.5,1.,0.5,
1.,0.5,1.)) REPRESENTATION_ITEM('') );
#4165 = CARTESIAN_POINT('',(0.835436244467,1.661700935788));
#4166 = CARTESIAN_POINT('',(3.713586692237,-1.216449511982));
#4167 = CARTESIAN_POINT('',(-0.218039935331,-2.269925691779));
#4168 = CARTESIAN_POINT('',(-4.149666562898,-3.323401871577));
#4169 = CARTESIAN_POINT('',(-3.096190383101,0.608224755991));
#4170 = CARTESIAN_POINT('',(-2.042714203303,4.539851383559));
#4171 = CARTESIAN_POINT('',(0.835436244467,1.661700935788));
#4172 = ( GEOMETRIC_REPRESENTATION_CONTEXT(2) 
PARAMETRIC_REPRESENTATION_CONTEXT() REPRESENTATION_CONTEXT('2D SPACE',''
  ) );
#4173 = ADVANCED_FACE('',(#4174),#2739,.T.);
#4174 = FACE_BOUND('',#4175,.T.);
#4175 = EDGE_LOOP('',(#4176,#4177,#4178,#4179));
#4176 = ORIENTED_EDGE('',*,*,#4078,.F.);
#4177 = ORIENTED_EDGE('',*,*,#2724,.T.);
#4178 = ORIENTED_EDGE('',*,*,#4123,.T.);
#4179 = ORIENTED_EDGE('',*,*,#4180,.T.);
#4180 = EDGE_CURVE('',#4124,#4079,#4181,.T.);
#4181 = SURFACE_CURVE('',#4182,(#4186,#4192),.PCURVE_S1.);
#4182 = LINE('',#4183,#4184);
#4183 = CARTESIAN_POINT('',(158.,61.455134762958,23.868267108619));
#4184 = VECTOR('',#4185,1.);
#4185 = DIRECTION('',(0.,-0.707106781187,0.707106781187));
#4186 = PCURVE('',#2739,#4187);
#4187 = DEFINITIONAL_REPRESENTATION('',(#4188),#4191);
#4188 = B_SPLINE_CURVE_WITH_KNOTS('',1,(#4189,#4190),.UNSPECIFIED.,.F.,
  .F.,(2,2),(-0.292128683144,2.057871316856),.PIECEWISE_BEZIER_KNOTS.);
#4189 = CARTESIAN_POINT('',(0.,-4.));
#4190 = CARTESIAN_POINT('',(2.35,-4.));
#4191 = ( GEOMETRIC_REPRESENTATION_CONTEXT(2) 
PARAMETRIC_REPRESENTATION_CONTEXT() REPRESENTATION_CONTEXT('2D SPACE',''
  ) );
#4192 = PCURVE('',#3073,#4193);
#4193 = DEFINITIONAL_REPRESENTATION('',(#4194),#4197);
#4194 = B_SPLINE_CURVE_WITH_KNOTS('',1,(#4195,#4196),.UNSPECIFIED.,.F.,
  .F.,(2,2),(-0.292128683144,2.057871316856),.PIECEWISE_BEZIER_KNOTS.);
#4195 = CARTESIAN_POINT('',(0.835436244467,-1.661700935788));
#4196 = CARTESIAN_POINT('',(2.497137180255,2.22044604925E-15));
#4197 = ( GEOMETRIC_REPRESENTATION_CONTEXT(2) 
PARAMETRIC_REPRESENTATION_CONTEXT() REPRESENTATION_CONTEXT('2D SPACE',''
  ) );
#4198 = ADVANCED_FACE('',(#4199),#2800,.T.);
#4199 = FACE_BOUND('',#4200,.T.);
#4200 = EDGE_LOOP('',(#4201,#4224,#4225,#4248));
#4201 = ORIENTED_EDGE('',*,*,#4202,.F.);
#4202 = EDGE_CURVE('',#2784,#4203,#4205,.T.);
#4203 = VERTEX_POINT('',#4204);
#4204 = CARTESIAN_POINT('',(158.,18.338299064212,23.661700935788));
#4205 = SURFACE_CURVE('',#4206,(#4210,#4217),.PCURVE_S1.);
#4206 = LINE('',#4207,#4208);
#4207 = CARTESIAN_POINT('',(154.,18.338299064212,23.661700935788));
#4208 = VECTOR('',#4209,1.);
#4209 = DIRECTION('',(1.,0.,0.));
#4210 = PCURVE('',#2800,#4211);
#4211 = DEFINITIONAL_REPRESENTATION('',(#4212),#4216);
#4212 = LINE('',#4213,#4214);
#4213 = CARTESIAN_POINT('',(2.35,0.));
#4214 = VECTOR('',#4215,1.);
#4215 = DIRECTION('',(0.,-1.));
#4216 = ( GEOMETRIC_REPRESENTATION_CONTEXT(2) 
PARAMETRIC_REPRESENTATION_CONTEXT() REPRESENTATION_CONTEXT('2D SPACE',''
  ) );
#4217 = PCURVE('',#2856,#4218);
#4218 = DEFINITIONAL_REPRESENTATION('',(#4219),#4223);
#4219 = LINE('',#4220,#4221);
#4220 = CARTESIAN_POINT('',(-0.,0.));
#4221 = VECTOR('',#4222,1.);
#4222 = DIRECTION('',(-0.,-1.));
#4223 = ( GEOMETRIC_REPRESENTATION_CONTEXT(2) 
PARAMETRIC_REPRESENTATION_CONTEXT() REPRESENTATION_CONTEXT('2D SPACE',''
  ) );
#4224 = ORIENTED_EDGE('',*,*,#2783,.T.);
#4225 = ORIENTED_EDGE('',*,*,#4226,.T.);
#4226 = EDGE_CURVE('',#2786,#4227,#4229,.T.);
#4227 = VERTEX_POINT('',#4228);
#4228 = CARTESIAN_POINT('',(158.,20.,25.323401871577));
#4229 = SURFACE_CURVE('',#4230,(#4234,#4241),.PCURVE_S1.);
#4230 = LINE('',#4231,#4232);
#4231 = CARTESIAN_POINT('',(154.,20.,25.323401871577));
#4232 = VECTOR('',#4233,1.);
#4233 = DIRECTION('',(1.,0.,0.));
#4234 = PCURVE('',#2800,#4235);
#4235 = DEFINITIONAL_REPRESENTATION('',(#4236),#4240);
#4236 = LINE('',#4237,#4238);
#4237 = CARTESIAN_POINT('',(0.,0.));
#4238 = VECTOR('',#4239,1.);
#4239 = DIRECTION('',(0.,-1.));
#4240 = ( GEOMETRIC_REPRESENTATION_CONTEXT(2) 
PARAMETRIC_REPRESENTATION_CONTEXT() REPRESENTATION_CONTEXT('2D SPACE',''
  ) );
#4241 = PCURVE('',#2826,#4242);
#4242 = DEFINITIONAL_REPRESENTATION('',(#4243),#4247);
#4243 = LINE('',#4244,#4245);
#4244 = CARTESIAN_POINT('',(2.35,0.));
#4245 = VECTOR('',#4246,1.);
#4246 = DIRECTION('',(0.,-1.));
#4247 = ( GEOMETRIC_REPRESENTATION_CONTEXT(2) 
PARAMETRIC_REPRESENTATION_CONTEXT() REPRESENTATION_CONTEXT('2D SPACE',''
  ) );
#4248 = ORIENTED_EDGE('',*,*,#4249,.T.);
#4249 = EDGE_CURVE('',#4227,#4203,#4250,.T.);
#4250 = SURFACE_CURVE('',#4251,(#4255,#4261),.PCURVE_S1.);
#4251 = LINE('',#4252,#4253);
#4252 = CARTESIAN_POINT('',(158.,19.375715704936,24.699117576513));
#4253 = VECTOR('',#4254,1.);
#4254 = DIRECTION('',(0.,-0.707106781187,-0.707106781187));
#4255 = PCURVE('',#2800,#4256);
#4256 = DEFINITIONAL_REPRESENTATION('',(#4257),#4260);
#4257 = B_SPLINE_CURVE_WITH_KNOTS('',1,(#4258,#4259),.UNSPECIFIED.,.F.,
  .F.,(2,2),(-0.882871316856,1.467128683144),.PIECEWISE_BEZIER_KNOTS.);
#4258 = CARTESIAN_POINT('',(0.,-4.));
#4259 = CARTESIAN_POINT('',(2.35,-4.));
#4260 = ( GEOMETRIC_REPRESENTATION_CONTEXT(2) 
PARAMETRIC_REPRESENTATION_CONTEXT() REPRESENTATION_CONTEXT('2D SPACE',''
  ) );
#4261 = PCURVE('',#3292,#4262);
#4262 = DEFINITIONAL_REPRESENTATION('',(#4263),#4266);
#4263 = B_SPLINE_CURVE_WITH_KNOTS('',1,(#4264,#4265),.UNSPECIFIED.,.F.,
  .F.,(2,2),(-0.882871316856,1.467128683144),.PIECEWISE_BEZIER_KNOTS.);
#4264 = CARTESIAN_POINT('',(2.497137180255,-2.886579864025E-15));
#4265 = CARTESIAN_POINT('',(0.835436244467,1.661700935788));
#4266 = ( GEOMETRIC_REPRESENTATION_CONTEXT(2) 
PARAMETRIC_REPRESENTATION_CONTEXT() REPRESENTATION_CONTEXT('2D SPACE',''
  ) );
#4267 = ADVANCED_FACE('',(#4268),#2856,.F.);
#4268 = FACE_BOUND('',#4269,.T.);
#4269 = EDGE_LOOP('',(#4270,#4293,#4294,#4295));
#4270 = ORIENTED_EDGE('',*,*,#4271,.F.);
#4271 = EDGE_CURVE('',#2812,#4272,#4274,.T.);
#4272 = VERTEX_POINT('',#4273);
#4273 = CARTESIAN_POINT('',(158.,21.661700935788,23.661700935788));
#4274 = SURFACE_CURVE('',#4275,(#4279,#4286),.PCURVE_S1.);
#4275 = LINE('',#4276,#4277);
#4276 = CARTESIAN_POINT('',(154.,21.661700935788,23.661700935788));
#4277 = VECTOR('',#4278,1.);
#4278 = DIRECTION('',(1.,0.,0.));
#4279 = PCURVE('',#2856,#4280);
#4280 = DEFINITIONAL_REPRESENTATION('',(#4281),#4285);
#4281 = LINE('',#4282,#4283);
#4282 = CARTESIAN_POINT('',(-4.712388980385,0.));
#4283 = VECTOR('',#4284,1.);
#4284 = DIRECTION('',(-0.,-1.));
#4285 = ( GEOMETRIC_REPRESENTATION_CONTEXT(2) 
PARAMETRIC_REPRESENTATION_CONTEXT() REPRESENTATION_CONTEXT('2D SPACE',''
  ) );
#4286 = PCURVE('',#2826,#4287);
#4287 = DEFINITIONAL_REPRESENTATION('',(#4288),#4292);
#4288 = LINE('',#4289,#4290);
#4289 = CARTESIAN_POINT('',(0.,0.));
#4290 = VECTOR('',#4291,1.);
#4291 = DIRECTION('',(0.,-1.));
#4292 = ( GEOMETRIC_REPRESENTATION_CONTEXT(2) 
PARAMETRIC_REPRESENTATION_CONTEXT() REPRESENTATION_CONTEXT('2D SPACE',''
  ) );
#4293 = ORIENTED_EDGE('',*,*,#2837,.T.);
#4294 = ORIENTED_EDGE('',*,*,#4202,.T.);
#4295 = ORIENTED_EDGE('',*,*,#4296,.F.);
#4296 = EDGE_CURVE('',#4272,#4203,#4297,.T.);
#4297 = SURFACE_CURVE('',#4298,(#4303,#4310),.PCURVE_S1.);
#4298 = CIRCLE('',#4299,2.35);
#4299 = AXIS2_PLACEMENT_3D('',#4300,#4301,#4302);
#4300 = CARTESIAN_POINT('',(158.,20.,22.));
#4301 = DIRECTION('',(-1.,-0.,0.));
#4302 = DIRECTION('',(0.,-0.707106781187,0.707106781187));
#4303 = PCURVE('',#2856,#4304);
#4304 = DEFINITIONAL_REPRESENTATION('',(#4305),#4309);
#4305 = LINE('',#4306,#4307);
#4306 = CARTESIAN_POINT('',(-6.28318530718,-4.));
#4307 = VECTOR('',#4308,1.);
#4308 = DIRECTION('',(1.,-0.));
#4309 = ( GEOMETRIC_REPRESENTATION_CONTEXT(2) 
PARAMETRIC_REPRESENTATION_CONTEXT() REPRESENTATION_CONTEXT('2D SPACE',''
  ) );
#4310 = PCURVE('',#3292,#4311);
#4311 = DEFINITIONAL_REPRESENTATION('',(#4312),#4320);
#4312 = ( BOUNDED_CURVE() B_SPLINE_CURVE(2,(#4313,#4314,#4315,#4316,
#4317,#4318,#4319),.UNSPECIFIED.,.T.,.F.) B_SPLINE_CURVE_WITH_KNOTS((1,2
    ,2,2,2,1),(-2.094395102393,0.,2.094395102393,4.188790204786,
6.28318530718,8.377580409573),.UNSPECIFIED.) CURVE() 
GEOMETRIC_REPRESENTATION_ITEM() RATIONAL_B_SPLINE_CURVE((1.,0.5,1.,0.5,
1.,0.5,1.)) REPRESENTATION_ITEM('') );
#4313 = CARTESIAN_POINT('',(0.835436244467,1.661700935788));
#4314 = CARTESIAN_POINT('',(3.713586692237,-1.216449511982));
#4315 = CARTESIAN_POINT('',(-0.218039935331,-2.269925691779));
#4316 = CARTESIAN_POINT('',(-4.149666562898,-3.323401871577));
#4317 = CARTESIAN_POINT('',(-3.096190383101,0.608224755991));
#4318 = CARTESIAN_POINT('',(-2.042714203303,4.539851383559));
#4319 = CARTESIAN_POINT('',(0.835436244467,1.661700935788));
#4320 = ( GEOMETRIC_REPRESENTATION_CONTEXT(2) 
PARAMETRIC_REPRESENTATION_CONTEXT() REPRESENTATION_CONTEXT('2D SPACE',''
  ) );
#4321 = ADVANCED_FACE('',(#4322),#2826,.T.);
#4322 = FACE_BOUND('',#4323,.T.);
#4323 = EDGE_LOOP('',(#4324,#4325,#4326,#4327));
#4324 = ORIENTED_EDGE('',*,*,#4226,.F.);
#4325 = ORIENTED_EDGE('',*,*,#2811,.T.);
#4326 = ORIENTED_EDGE('',*,*,#4271,.T.);
#4327 = ORIENTED_EDGE('',*,*,#4328,.T.);
#4328 = EDGE_CURVE('',#4272,#4227,#4329,.T.);
#4329 = SURFACE_CURVE('',#4330,(#4334,#4340),.PCURVE_S1.);
#4330 = LINE('',#4331,#4332);
#4331 = CARTESIAN_POINT('',(158.,21.455134762958,23.868267108619));
#4332 = VECTOR('',#4333,1.);
#4333 = DIRECTION('',(0.,-0.707106781187,0.707106781187));
#4334 = PCURVE('',#2826,#4335);
#4335 = DEFINITIONAL_REPRESENTATION('',(#4336),#4339);
#4336 = B_SPLINE_CURVE_WITH_KNOTS('',1,(#4337,#4338),.UNSPECIFIED.,.F.,
  .F.,(2,2),(-0.292128683144,2.057871316856),.PIECEWISE_BEZIER_KNOTS.);
#4337 = CARTESIAN_POINT('',(0.,-4.));
#4338 = CARTESIAN_POINT('',(2.35,-4.));
#4339 = ( GEOMETRIC_REPRESENTATION_CONTEXT(2) 
PARAMETRIC_REPRESENTATION_CONTEXT() REPRESENTATION_CONTEXT('2D SPACE',''
  ) );
#4340 = PCURVE('',#3292,#4341);
#4341 = DEFINITIONAL_REPRESENTATION('',(#4342),#4345);
#4342 = B_SPLINE_CURVE_WITH_KNOTS('',1,(#4343,#4344),.UNSPECIFIED.,.F.,
  .F.,(2,2),(-0.292128683144,2.057871316856),.PIECEWISE_BEZIER_KNOTS.);
#4343 = CARTESIAN_POINT('',(0.835436244467,-1.661700935788));
#4344 = CARTESIAN_POINT('',(2.497137180255,-3.330669073875E-15));
#4345 = ( GEOMETRIC_REPRESENTATION_CONTEXT(2) 
PARAMETRIC_REPRESENTATION_CONTEXT() REPRESENTATION_CONTEXT('2D SPACE',''
  ) );
#4346 = ADVANCED_FACE('',(#4347,#4352),#3073,.T.);
#4347 = FACE_BOUND('',#4348,.T.);
#4348 = EDGE_LOOP('',(#4349,#4350,#4351));
#4349 = ORIENTED_EDGE('',*,*,#3055,.T.);
#4350 = ORIENTED_EDGE('',*,*,#3132,.T.);
#4351 = ORIENTED_EDGE('',*,*,#3181,.T.);
#4352 = FACE_BOUND('',#4353,.T.);
#4353 = EDGE_LOOP('',(#4354,#4355,#4356));
#4354 = ORIENTED_EDGE('',*,*,#4180,.F.);
#4355 = ORIENTED_EDGE('',*,*,#4148,.T.);
#4356 = ORIENTED_EDGE('',*,*,#4101,.F.);
#4357 = ADVANCED_FACE('',(#4358,#4363),#3292,.T.);
#4358 = FACE_BOUND('',#4359,.T.);
#4359 = EDGE_LOOP('',(#4360,#4361,#4362));
#4360 = ORIENTED_EDGE('',*,*,#3400,.T.);
#4361 = ORIENTED_EDGE('',*,*,#3274,.T.);
#4362 = ORIENTED_EDGE('',*,*,#3350,.T.);
#4363 = FACE_BOUND('',#4364,.T.);
#4364 = EDGE_LOOP('',(#4365,#4366,#4367));
#4365 = ORIENTED_EDGE('',*,*,#4249,.F.);
#4366 = ORIENTED_EDGE('',*,*,#4328,.F.);
#4367 = ORIENTED_EDGE('',*,*,#4296,.T.);
#4368 = ( GEOMETRIC_REPRESENTATION_CONTEXT(3) 
GLOBAL_UNCERTAINTY_ASSIGNED_CONTEXT((#4372)) 
GLOBAL_UNIT_ASSIGNED_CONTEXT((#4369,#4370,#4371)) REPRESENTATION_CONTEXT
('Context #1','3D Context with UNIT and UNCERTAINTY') );
#4369 = ( LENGTH_UNIT() NAMED_UNIT(*) SI_UNIT(.MILLI.,.METRE.) );
#4370 = ( NAMED_UNIT(*) PLANE_ANGLE_UNIT() SI_UNIT($,.RADIAN.) );
#4371 = ( NAMED_UNIT(*) SI_UNIT($,.STERADIAN.) SOLID_ANGLE_UNIT() );
#4372 = UNCERTAINTY_MEASURE_WITH_UNIT(LENGTH_MEASURE(1.E-07),#4369,
  'distance_accuracy_value','confusion accuracy');
#4373 = PRODUCT_RELATED_PRODUCT_CATEGORY('part',$,(#7));
ENDSEC;
END-ISO-10303-21;
