ISO-10303-21;
HEADER;
FILE_DESCRIPTION(('Open CASCADE Model'),'2;1');
FILE_NAME('Open CASCADE Shape Model','2026-10-06T21:35:30',('Author'),(
    'Open CASCADE'),'Open CASCADE STEP processor 7.9','Open CASCADE 7.9'
  ,'Unknown');
FILE_SCHEMA(('AUTOMOTIVE_DESIGN { 1 0 10303 214 1 1 1 1 }'));
ENDSEC;
DATA;
#1 = APPLICATION_PROTOCOL_DEFINITION('international standard',
  'automotive_design',2000,#2);
#2 = APPLICATION_CONTEXT(
  'core data for automotive mechanical design processes');
#3 = SHAPE_DEFINITION_REPRESENTATION(#4,#10);
#4 = PRODUCT_DEFINITION_SHAPE('','',#5);
#5 = PRODUCT_DEFINITION('design','',#6,#9);
#6 = PRODUCT_DEFINITION_FORMATION('','',#7);
#7 = PRODUCT('Open CASCADE STEP translator 7.9 1',
  'Open CASCADE STEP translator 7.9 1','',(#8));
#8 = PRODUCT_CONTEXT('',#2,'mechanical');
#9 = PRODUCT_DEFINITION_CONTEXT('part definition',#2,'design');
#10 = ADVANCED_BREP_SHAPE_REPRESENTATION('',(#11,#15),#11260);
#11 = AXIS2_PLACEMENT_3D('',#12,#13,#14);
#12 = CARTESIAN_POINT('',(0.,0.,0.));
#13 = DIRECTION('',(0.,0.,1.));
#14 = DIRECTION('',(1.,0.,-0.));
#15 = MANIFOLD_SOLID_BREP('',#16);
#16 = CLOSED_SHELL('',(#17,#135,#855,#904,#1050,#1536,#2336,#2430,#2477,
    #2580,#2646,#3531,#3593,#3746,#3813,#4197,#4271,#4384,#5268,#5679,
    #5706,#5998,#6561,#6623,#6670,#6717,#7193,#7254,#7418,#7445,#7470,
    #7497,#7524,#7551,#7558,#7605,#7632,#7659,#7686,#7693,#7740,#7767,
    #7794,#7821,#7828,#7882,#7931,#7980,#8032,#8123,#8177,#8226,#8275,
    #8307,#8388,#8435,#8482,#8529,#8561,#8642,#8689,#8736,#8783,#8815,
    #8889,#8936,#8968,#9042,#9089,#9121,#9130,#9170,#9217,#9224,#9271,
    #9298,#9305,#9352,#9379,#9386,#9433,#9460,#9487,#9494,#9541,#9568,
    #9595,#9602,#9649,#9676,#9683,#9730,#9757,#9764,#9811,#9838,#9865,
    #9872,#9919,#9946,#9953,#10000,#10027,#10054,#10061,#10108,#10135,
    #10162,#10169,#10176,#10248,#10297,#10346,#10395,#10423,#10495,
    #10544,#10593,#10643,#10670,#10679,#10726,#10754,#10762,#10809,
    #10837,#10845,#10872,#10945,#10994,#11022,#11095,#11144,#11172,
    #11201,#11208,#11223,#11238,#11249));
#17 = ADVANCED_FACE('',(#18),#32,.F.);
#18 = FACE_BOUND('',#19,.F.);
#19 = EDGE_LOOP('',(#20,#55,#83,#111));
#20 = ORIENTED_EDGE('',*,*,#21,.F.);
#21 = EDGE_CURVE('',#22,#24,#26,.T.);
#22 = VERTEX_POINT('',#23);
#23 = CARTESIAN_POINT('',(158.,0.,43.8));
#24 = VERTEX_POINT('',#25);
#25 = CARTESIAN_POINT('',(158.,3.2,43.8));
#26 = SURFACE_CURVE('',#27,(#31,#43),.PCURVE_S1.);
#27 = LINE('',#28,#29);
#28 = CARTESIAN_POINT('',(158.,0.,43.8));
#29 = VECTOR('',#30,1.);
#30 = DIRECTION('',(0.,1.,0.));
#31 = PCURVE('',#32,#37);
#32 = PLANE('',#33);
#33 = AXIS2_PLACEMENT_3D('',#34,#35,#36);
#34 = CARTESIAN_POINT('',(158.,0.,0.2));
#35 = DIRECTION('',(1.,0.,0.));
#36 = DIRECTION('',(0.,0.,1.));
#37 = DEFINITIONAL_REPRESENTATION('',(#38),#42);
#38 = LINE('',#39,#40);
#39 = CARTESIAN_POINT('',(43.6,0.));
#40 = VECTOR('',#41,1.);
#41 = DIRECTION('',(0.,-1.));
#42 = ( GEOMETRIC_REPRESENTATION_CONTEXT(2) 
PARAMETRIC_REPRESENTATION_CONTEXT() REPRESENTATION_CONTEXT('2D SPACE',''
  ) );
#43 = PCURVE('',#44,#49);
#44 = PLANE('',#45);
#45 = AXIS2_PLACEMENT_3D('',#46,#47,#48);
#46 = CARTESIAN_POINT('',(158.,0.,43.8));
#47 = DIRECTION('',(0.,0.,1.));
#48 = DIRECTION('',(1.,0.,0.));
#49 = DEFINITIONAL_REPRESENTATION('',(#50),#54);
#50 = LINE('',#51,#52);
#51 = CARTESIAN_POINT('',(0.,0.));
#52 = VECTOR('',#53,1.);
#53 = DIRECTION('',(0.,1.));
#54 = ( GEOMETRIC_REPRESENTATION_CONTEXT(2) 
PARAMETRIC_REPRESENTATION_CONTEXT() REPRESENTATION_CONTEXT('2D SPACE',''
  ) );
#55 = ORIENTED_EDGE('',*,*,#56,.F.);
#56 = EDGE_CURVE('',#57,#22,#59,.T.);
#57 = VERTEX_POINT('',#58);
#58 = CARTESIAN_POINT('',(158.,0.,0.2));
#59 = SURFACE_CURVE('',#60,(#64,#71),.PCURVE_S1.);
#60 = LINE('',#61,#62);
#61 = CARTESIAN_POINT('',(158.,0.,0.2));
#62 = VECTOR('',#63,1.);
#63 = DIRECTION('',(0.,0.,1.));
#64 = PCURVE('',#32,#65);
#65 = DEFINITIONAL_REPRESENTATION('',(#66),#70);
#66 = LINE('',#67,#68);
#67 = CARTESIAN_POINT('',(0.,0.));
#68 = VECTOR('',#69,1.);
#69 = DIRECTION('',(1.,0.));
#70 = ( GEOMETRIC_REPRESENTATION_CONTEXT(2) 
PARAMETRIC_REPRESENTATION_CONTEXT() REPRESENTATION_CONTEXT('2D SPACE',''
  ) );
#71 = PCURVE('',#72,#77);
#72 = PLANE('',#73);
#73 = AXIS2_PLACEMENT_3D('',#74,#75,#76);
#74 = CARTESIAN_POINT('',(158.,0.,0.2));
#75 = DIRECTION('',(0.,1.,0.));
#76 = DIRECTION('',(0.,0.,1.));
#77 = DEFINITIONAL_REPRESENTATION('',(#78),#82);
#78 = LINE('',#79,#80);
#79 = CARTESIAN_POINT('',(0.,0.));
#80 = VECTOR('',#81,1.);
#81 = DIRECTION('',(1.,0.));
#82 = ( GEOMETRIC_REPRESENTATION_CONTEXT(2) 
PARAMETRIC_REPRESENTATION_CONTEXT() REPRESENTATION_CONTEXT('2D SPACE',''
  ) );
#83 = ORIENTED_EDGE('',*,*,#84,.T.);
#84 = EDGE_CURVE('',#57,#85,#87,.T.);
#85 = VERTEX_POINT('',#86);
#86 = CARTESIAN_POINT('',(158.,3.2,0.2));
#87 = SURFACE_CURVE('',#88,(#92,#99),.PCURVE_S1.);
#88 = LINE('',#89,#90);
#89 = CARTESIAN_POINT('',(158.,0.,0.2));
#90 = VECTOR('',#91,1.);
#91 = DIRECTION('',(0.,1.,0.));
#92 = PCURVE('',#32,#93);
#93 = DEFINITIONAL_REPRESENTATION('',(#94),#98);
#94 = LINE('',#95,#96);
#95 = CARTESIAN_POINT('',(0.,0.));
#96 = VECTOR('',#97,1.);
#97 = DIRECTION('',(0.,-1.));
#98 = ( GEOMETRIC_REPRESENTATION_CONTEXT(2) 
PARAMETRIC_REPRESENTATION_CONTEXT() REPRESENTATION_CONTEXT('2D SPACE',''
  ) );
#99 = PCURVE('',#100,#105);
#100 = PLANE('',#101);
#101 = AXIS2_PLACEMENT_3D('',#102,#103,#104);
#102 = CARTESIAN_POINT('',(158.,0.,0.2));
#103 = DIRECTION('',(0.,0.,1.));
#104 = DIRECTION('',(1.,0.,0.));
#105 = DEFINITIONAL_REPRESENTATION('',(#106),#110);
#106 = LINE('',#107,#108);
#107 = CARTESIAN_POINT('',(0.,0.));
#108 = VECTOR('',#109,1.);
#109 = DIRECTION('',(0.,1.));
#110 = ( GEOMETRIC_REPRESENTATION_CONTEXT(2) 
PARAMETRIC_REPRESENTATION_CONTEXT() REPRESENTATION_CONTEXT('2D SPACE',''
  ) );
#111 = ORIENTED_EDGE('',*,*,#112,.T.);
#112 = EDGE_CURVE('',#85,#24,#113,.T.);
#113 = SURFACE_CURVE('',#114,(#118,#124),.PCURVE_S1.);
#114 = LINE('',#115,#116);
#115 = CARTESIAN_POINT('',(158.,3.2,0.2));
#116 = VECTOR('',#117,1.);
#117 = DIRECTION('',(0.,0.,1.));
#118 = PCURVE('',#32,#119);
#119 = DEFINITIONAL_REPRESENTATION('',(#120),#123);
#120 = B_SPLINE_CURVE_WITH_KNOTS('',1,(#121,#122),.UNSPECIFIED.,.F.,.F.,
  (2,2),(0.,43.6),.PIECEWISE_BEZIER_KNOTS.);
#121 = CARTESIAN_POINT('',(0.,-3.2));
#122 = CARTESIAN_POINT('',(43.6,-3.2));
#123 = ( GEOMETRIC_REPRESENTATION_CONTEXT(2) 
PARAMETRIC_REPRESENTATION_CONTEXT() REPRESENTATION_CONTEXT('2D SPACE',''
  ) );
#124 = PCURVE('',#125,#130);
#125 = PLANE('',#126);
#126 = AXIS2_PLACEMENT_3D('',#127,#128,#129);
#127 = CARTESIAN_POINT('',(155.,3.2,0.2));
#128 = DIRECTION('',(0.,1.,0.));
#129 = DIRECTION('',(0.,0.,1.));
#130 = DEFINITIONAL_REPRESENTATION('',(#131),#134);
#131 = B_SPLINE_CURVE_WITH_KNOTS('',1,(#132,#133),.UNSPECIFIED.,.F.,.F.,
  (2,2),(0.,43.6),.PIECEWISE_BEZIER_KNOTS.);
#132 = CARTESIAN_POINT('',(0.,3.));
#133 = CARTESIAN_POINT('',(43.6,3.));
#134 = ( GEOMETRIC_REPRESENTATION_CONTEXT(2) 
PARAMETRIC_REPRESENTATION_CONTEXT() REPRESENTATION_CONTEXT('2D SPACE',''
  ) );
#135 = ADVANCED_FACE('',(#136,#625),#44,.T.);
#136 = FACE_BOUND('',#137,.T.);
#137 = EDGE_LOOP('',(#138,#139,#162,#188,#216,#244,#272,#300,#327,#355,
    #384,#412,#441,#469,#498,#526,#554,#581,#604));
#138 = ORIENTED_EDGE('',*,*,#21,.F.);
#139 = ORIENTED_EDGE('',*,*,#140,.T.);
#140 = EDGE_CURVE('',#22,#141,#143,.T.);
#141 = VERTEX_POINT('',#142);
#142 = CARTESIAN_POINT('',(231.63383117545,0.,43.8));
#143 = SURFACE_CURVE('',#144,(#148,#155),.PCURVE_S1.);
#144 = LINE('',#145,#146);
#145 = CARTESIAN_POINT('',(158.,0.,43.8));
#146 = VECTOR('',#147,1.);
#147 = DIRECTION('',(1.,0.,0.));
#148 = PCURVE('',#44,#149);
#149 = DEFINITIONAL_REPRESENTATION('',(#150),#154);
#150 = LINE('',#151,#152);
#151 = CARTESIAN_POINT('',(0.,0.));
#152 = VECTOR('',#153,1.);
#153 = DIRECTION('',(1.,0.));
#154 = ( GEOMETRIC_REPRESENTATION_CONTEXT(2) 
PARAMETRIC_REPRESENTATION_CONTEXT() REPRESENTATION_CONTEXT('2D SPACE',''
  ) );
#155 = PCURVE('',#72,#156);
#156 = DEFINITIONAL_REPRESENTATION('',(#157),#161);
#157 = LINE('',#158,#159);
#158 = CARTESIAN_POINT('',(43.6,0.));
#159 = VECTOR('',#160,1.);
#160 = DIRECTION('',(0.,1.));
#161 = ( GEOMETRIC_REPRESENTATION_CONTEXT(2) 
PARAMETRIC_REPRESENTATION_CONTEXT() REPRESENTATION_CONTEXT('2D SPACE',''
  ) );
#162 = ORIENTED_EDGE('',*,*,#163,.F.);
#163 = EDGE_CURVE('',#164,#141,#166,.T.);
#164 = VERTEX_POINT('',#165);
#165 = CARTESIAN_POINT('',(231.63383117545,10.,43.8));
#166 = SURFACE_CURVE('',#167,(#171,#177),.PCURVE_S1.);
#167 = LINE('',#168,#169);
#168 = CARTESIAN_POINT('',(231.63383117545,-0.5,43.8));
#169 = VECTOR('',#170,1.);
#170 = DIRECTION('',(0.,-1.,0.));
#171 = PCURVE('',#44,#172);
#172 = DEFINITIONAL_REPRESENTATION('',(#173),#176);
#173 = B_SPLINE_CURVE_WITH_KNOTS('',1,(#174,#175),.UNSPECIFIED.,.F.,.F.,
  (2,2),(-11.5,-0.5),.PIECEWISE_BEZIER_KNOTS.);
#174 = CARTESIAN_POINT('',(73.633831175457,11.));
#175 = CARTESIAN_POINT('',(73.633831175457,0.));
#176 = ( GEOMETRIC_REPRESENTATION_CONTEXT(2) 
PARAMETRIC_REPRESENTATION_CONTEXT() REPRESENTATION_CONTEXT('2D SPACE',''
  ) );
#177 = PCURVE('',#178,#183);
#178 = PLANE('',#179);
#179 = AXIS2_PLACEMENT_3D('',#180,#181,#182);
#180 = CARTESIAN_POINT('',(232.55,-1.,44.716168824543));
#181 = DIRECTION('',(-0.707106781187,0.,0.707106781187));
#182 = DIRECTION('',(-0.707106781187,0.,-0.707106781187));
#183 = DEFINITIONAL_REPRESENTATION('',(#184),#187);
#184 = B_SPLINE_CURVE_WITH_KNOTS('',1,(#185,#186),.UNSPECIFIED.,.F.,.F.,
  (2,2),(-11.5,-0.5),.PIECEWISE_BEZIER_KNOTS.);
#185 = CARTESIAN_POINT('',(1.295658377092,-12.));
#186 = CARTESIAN_POINT('',(1.295658377092,-1.));
#187 = ( GEOMETRIC_REPRESENTATION_CONTEXT(2) 
PARAMETRIC_REPRESENTATION_CONTEXT() REPRESENTATION_CONTEXT('2D SPACE',''
  ) );
#188 = ORIENTED_EDGE('',*,*,#189,.T.);
#189 = EDGE_CURVE('',#164,#190,#192,.T.);
#190 = VERTEX_POINT('',#191);
#191 = CARTESIAN_POINT('',(222.,10.,43.8));
#192 = SURFACE_CURVE('',#193,(#197,#204),.PCURVE_S1.);
#193 = LINE('',#194,#195);
#194 = CARTESIAN_POINT('',(241.3,10.,43.8));
#195 = VECTOR('',#196,1.);
#196 = DIRECTION('',(-1.,0.,0.));
#197 = PCURVE('',#44,#198);
#198 = DEFINITIONAL_REPRESENTATION('',(#199),#203);
#199 = LINE('',#200,#201);
#200 = CARTESIAN_POINT('',(83.3,10.));
#201 = VECTOR('',#202,1.);
#202 = DIRECTION('',(-1.,0.));
#203 = ( GEOMETRIC_REPRESENTATION_CONTEXT(2) 
PARAMETRIC_REPRESENTATION_CONTEXT() REPRESENTATION_CONTEXT('2D SPACE',''
  ) );
#204 = PCURVE('',#205,#210);
#205 = PLANE('',#206);
#206 = AXIS2_PLACEMENT_3D('',#207,#208,#209);
#207 = CARTESIAN_POINT('',(158.,10.,0.2));
#208 = DIRECTION('',(0.,1.,0.));
#209 = DIRECTION('',(0.,0.,1.));
#210 = DEFINITIONAL_REPRESENTATION('',(#211),#215);
#211 = LINE('',#212,#213);
#212 = CARTESIAN_POINT('',(43.6,83.3));
#213 = VECTOR('',#214,1.);
#214 = DIRECTION('',(0.,-1.));
#215 = ( GEOMETRIC_REPRESENTATION_CONTEXT(2) 
PARAMETRIC_REPRESENTATION_CONTEXT() REPRESENTATION_CONTEXT('2D SPACE',''
  ) );
#216 = ORIENTED_EDGE('',*,*,#217,.T.);
#217 = EDGE_CURVE('',#190,#218,#220,.T.);
#218 = VERTEX_POINT('',#219);
#219 = CARTESIAN_POINT('',(222.,206.,43.8));
#220 = SURFACE_CURVE('',#221,(#225,#232),.PCURVE_S1.);
#221 = LINE('',#222,#223);
#222 = CARTESIAN_POINT('',(222.,9.99,43.8));
#223 = VECTOR('',#224,1.);
#224 = DIRECTION('',(0.,1.,0.));
#225 = PCURVE('',#44,#226);
#226 = DEFINITIONAL_REPRESENTATION('',(#227),#231);
#227 = LINE('',#228,#229);
#228 = CARTESIAN_POINT('',(64.,9.99));
#229 = VECTOR('',#230,1.);
#230 = DIRECTION('',(0.,1.));
#231 = ( GEOMETRIC_REPRESENTATION_CONTEXT(2) 
PARAMETRIC_REPRESENTATION_CONTEXT() REPRESENTATION_CONTEXT('2D SPACE',''
  ) );
#232 = PCURVE('',#233,#238);
#233 = PLANE('',#234);
#234 = AXIS2_PLACEMENT_3D('',#235,#236,#237);
#235 = CARTESIAN_POINT('',(222.,9.99,0.2));
#236 = DIRECTION('',(1.,0.,0.));
#237 = DIRECTION('',(0.,0.,1.));
#238 = DEFINITIONAL_REPRESENTATION('',(#239),#243);
#239 = LINE('',#240,#241);
#240 = CARTESIAN_POINT('',(43.6,0.));
#241 = VECTOR('',#242,1.);
#242 = DIRECTION('',(0.,-1.));
#243 = ( GEOMETRIC_REPRESENTATION_CONTEXT(2) 
PARAMETRIC_REPRESENTATION_CONTEXT() REPRESENTATION_CONTEXT('2D SPACE',''
  ) );
#244 = ORIENTED_EDGE('',*,*,#245,.T.);
#245 = EDGE_CURVE('',#218,#246,#248,.T.);
#246 = VERTEX_POINT('',#247);
#247 = CARTESIAN_POINT('',(155.,206.,43.8));
#248 = SURFACE_CURVE('',#249,(#253,#260),.PCURVE_S1.);
#249 = LINE('',#250,#251);
#250 = CARTESIAN_POINT('',(222.,206.,43.8));
#251 = VECTOR('',#252,1.);
#252 = DIRECTION('',(-1.,0.,0.));
#253 = PCURVE('',#44,#254);
#254 = DEFINITIONAL_REPRESENTATION('',(#255),#259);
#255 = LINE('',#256,#257);
#256 = CARTESIAN_POINT('',(64.,206.));
#257 = VECTOR('',#258,1.);
#258 = DIRECTION('',(-1.,0.));
#259 = ( GEOMETRIC_REPRESENTATION_CONTEXT(2) 
PARAMETRIC_REPRESENTATION_CONTEXT() REPRESENTATION_CONTEXT('2D SPACE',''
  ) );
#260 = PCURVE('',#261,#266);
#261 = PLANE('',#262);
#262 = AXIS2_PLACEMENT_3D('',#263,#264,#265);
#263 = CARTESIAN_POINT('',(216.,206.,0.2));
#264 = DIRECTION('',(0.,1.,0.));
#265 = DIRECTION('',(0.,0.,1.));
#266 = DEFINITIONAL_REPRESENTATION('',(#267),#271);
#267 = LINE('',#268,#269);
#268 = CARTESIAN_POINT('',(43.6,6.));
#269 = VECTOR('',#270,1.);
#270 = DIRECTION('',(0.,-1.));
#271 = ( GEOMETRIC_REPRESENTATION_CONTEXT(2) 
PARAMETRIC_REPRESENTATION_CONTEXT() REPRESENTATION_CONTEXT('2D SPACE',''
  ) );
#272 = ORIENTED_EDGE('',*,*,#273,.F.);
#273 = EDGE_CURVE('',#274,#246,#276,.T.);
#274 = VERTEX_POINT('',#275);
#275 = CARTESIAN_POINT('',(155.,174.2,43.8));
#276 = SURFACE_CURVE('',#277,(#281,#288),.PCURVE_S1.);
#277 = LINE('',#278,#279);
#278 = CARTESIAN_POINT('',(155.,3.2,43.8));
#279 = VECTOR('',#280,1.);
#280 = DIRECTION('',(0.,1.,0.));
#281 = PCURVE('',#44,#282);
#282 = DEFINITIONAL_REPRESENTATION('',(#283),#287);
#283 = LINE('',#284,#285);
#284 = CARTESIAN_POINT('',(-3.,3.2));
#285 = VECTOR('',#286,1.);
#286 = DIRECTION('',(0.,1.));
#287 = ( GEOMETRIC_REPRESENTATION_CONTEXT(2) 
PARAMETRIC_REPRESENTATION_CONTEXT() REPRESENTATION_CONTEXT('2D SPACE',''
  ) );
#288 = PCURVE('',#289,#294);
#289 = PLANE('',#290);
#290 = AXIS2_PLACEMENT_3D('',#291,#292,#293);
#291 = CARTESIAN_POINT('',(155.,3.2,0.2));
#292 = DIRECTION('',(1.,0.,0.));
#293 = DIRECTION('',(0.,0.,1.));
#294 = DEFINITIONAL_REPRESENTATION('',(#295),#299);
#295 = LINE('',#296,#297);
#296 = CARTESIAN_POINT('',(43.6,0.));
#297 = VECTOR('',#298,1.);
#298 = DIRECTION('',(0.,-1.));
#299 = ( GEOMETRIC_REPRESENTATION_CONTEXT(2) 
PARAMETRIC_REPRESENTATION_CONTEXT() REPRESENTATION_CONTEXT('2D SPACE',''
  ) );
#300 = ORIENTED_EDGE('',*,*,#301,.F.);
#301 = EDGE_CURVE('',#302,#274,#304,.T.);
#302 = VERTEX_POINT('',#303);
#303 = CARTESIAN_POINT('',(161.,174.2,43.8));
#304 = SURFACE_CURVE('',#305,(#309,#316),.PCURVE_S1.);
#305 = LINE('',#306,#307);
#306 = CARTESIAN_POINT('',(154.5,174.2,43.8));
#307 = VECTOR('',#308,1.);
#308 = DIRECTION('',(-1.,0.,0.));
#309 = PCURVE('',#44,#310);
#310 = DEFINITIONAL_REPRESENTATION('',(#311),#315);
#311 = LINE('',#312,#313);
#312 = CARTESIAN_POINT('',(-3.5,174.2));
#313 = VECTOR('',#314,1.);
#314 = DIRECTION('',(-1.,0.));
#315 = ( GEOMETRIC_REPRESENTATION_CONTEXT(2) 
PARAMETRIC_REPRESENTATION_CONTEXT() REPRESENTATION_CONTEXT('2D SPACE',''
  ) );
#316 = PCURVE('',#317,#322);
#317 = PLANE('',#318);
#318 = AXIS2_PLACEMENT_3D('',#319,#320,#321);
#319 = CARTESIAN_POINT('',(154.,174.2,5.9));
#320 = DIRECTION('',(0.,1.,0.));
#321 = DIRECTION('',(0.,0.,1.));
#322 = DEFINITIONAL_REPRESENTATION('',(#323),#326);
#323 = B_SPLINE_CURVE_WITH_KNOTS('',1,(#324,#325),.UNSPECIFIED.,.F.,.F.,
  (2,2),(-6.5,-0.5),.PIECEWISE_BEZIER_KNOTS.);
#324 = CARTESIAN_POINT('',(37.9,7.));
#325 = CARTESIAN_POINT('',(37.9,1.));
#326 = ( GEOMETRIC_REPRESENTATION_CONTEXT(2) 
PARAMETRIC_REPRESENTATION_CONTEXT() REPRESENTATION_CONTEXT('2D SPACE',''
  ) );
#327 = ORIENTED_EDGE('',*,*,#328,.T.);
#328 = EDGE_CURVE('',#302,#329,#331,.T.);
#329 = VERTEX_POINT('',#330);
#330 = CARTESIAN_POINT('',(161.,200.,43.8));
#331 = SURFACE_CURVE('',#332,(#336,#343),.PCURVE_S1.);
#332 = LINE('',#333,#334);
#333 = CARTESIAN_POINT('',(161.,3.2,43.8));
#334 = VECTOR('',#335,1.);
#335 = DIRECTION('',(0.,1.,0.));
#336 = PCURVE('',#44,#337);
#337 = DEFINITIONAL_REPRESENTATION('',(#338),#342);
#338 = LINE('',#339,#340);
#339 = CARTESIAN_POINT('',(3.,3.2));
#340 = VECTOR('',#341,1.);
#341 = DIRECTION('',(0.,1.));
#342 = ( GEOMETRIC_REPRESENTATION_CONTEXT(2) 
PARAMETRIC_REPRESENTATION_CONTEXT() REPRESENTATION_CONTEXT('2D SPACE',''
  ) );
#343 = PCURVE('',#344,#349);
#344 = PLANE('',#345);
#345 = AXIS2_PLACEMENT_3D('',#346,#347,#348);
#346 = CARTESIAN_POINT('',(161.,3.2,0.2));
#347 = DIRECTION('',(1.,0.,0.));
#348 = DIRECTION('',(0.,0.,1.));
#349 = DEFINITIONAL_REPRESENTATION('',(#350),#354);
#350 = LINE('',#351,#352);
#351 = CARTESIAN_POINT('',(43.6,0.));
#352 = VECTOR('',#353,1.);
#353 = DIRECTION('',(0.,-1.));
#354 = ( GEOMETRIC_REPRESENTATION_CONTEXT(2) 
PARAMETRIC_REPRESENTATION_CONTEXT() REPRESENTATION_CONTEXT('2D SPACE',''
  ) );
#355 = ORIENTED_EDGE('',*,*,#356,.F.);
#356 = EDGE_CURVE('',#357,#329,#359,.T.);
#357 = VERTEX_POINT('',#358);
#358 = CARTESIAN_POINT('',(163.,202.,43.8));
#359 = SURFACE_CURVE('',#360,(#365,#372),.PCURVE_S1.);
#360 = CIRCLE('',#361,2.);
#361 = AXIS2_PLACEMENT_3D('',#362,#363,#364);
#362 = CARTESIAN_POINT('',(163.,200.,43.8));
#363 = DIRECTION('',(0.,0.,1.));
#364 = DIRECTION('',(1.,0.,0.));
#365 = PCURVE('',#44,#366);
#366 = DEFINITIONAL_REPRESENTATION('',(#367),#371);
#367 = CIRCLE('',#368,2.);
#368 = AXIS2_PLACEMENT_2D('',#369,#370);
#369 = CARTESIAN_POINT('',(5.,200.));
#370 = DIRECTION('',(1.,0.));
#371 = ( GEOMETRIC_REPRESENTATION_CONTEXT(2) 
PARAMETRIC_REPRESENTATION_CONTEXT() REPRESENTATION_CONTEXT('2D SPACE',''
  ) );
#372 = PCURVE('',#373,#378);
#373 = CYLINDRICAL_SURFACE('',#374,2.);
#374 = AXIS2_PLACEMENT_3D('',#375,#376,#377);
#375 = CARTESIAN_POINT('',(163.,200.,2.8));
#376 = DIRECTION('',(-0.,-0.,-1.));
#377 = DIRECTION('',(1.,0.,0.));
#378 = DEFINITIONAL_REPRESENTATION('',(#379),#383);
#379 = LINE('',#380,#381);
#380 = CARTESIAN_POINT('',(-0.,-41.));
#381 = VECTOR('',#382,1.);
#382 = DIRECTION('',(-1.,0.));
#383 = ( GEOMETRIC_REPRESENTATION_CONTEXT(2) 
PARAMETRIC_REPRESENTATION_CONTEXT() REPRESENTATION_CONTEXT('2D SPACE',''
  ) );
#384 = ORIENTED_EDGE('',*,*,#385,.T.);
#385 = EDGE_CURVE('',#357,#386,#388,.T.);
#386 = VERTEX_POINT('',#387);
#387 = CARTESIAN_POINT('',(214.,202.,43.8));
#388 = SURFACE_CURVE('',#389,(#393,#400),.PCURVE_S1.);
#389 = LINE('',#390,#391);
#390 = CARTESIAN_POINT('',(160.99,202.,43.8));
#391 = VECTOR('',#392,1.);
#392 = DIRECTION('',(1.,0.,0.));
#393 = PCURVE('',#44,#394);
#394 = DEFINITIONAL_REPRESENTATION('',(#395),#399);
#395 = LINE('',#396,#397);
#396 = CARTESIAN_POINT('',(2.99,202.));
#397 = VECTOR('',#398,1.);
#398 = DIRECTION('',(1.,0.));
#399 = ( GEOMETRIC_REPRESENTATION_CONTEXT(2) 
PARAMETRIC_REPRESENTATION_CONTEXT() REPRESENTATION_CONTEXT('2D SPACE',''
  ) );
#400 = PCURVE('',#401,#406);
#401 = PLANE('',#402);
#402 = AXIS2_PLACEMENT_3D('',#403,#404,#405);
#403 = CARTESIAN_POINT('',(160.99,202.,0.2));
#404 = DIRECTION('',(0.,1.,0.));
#405 = DIRECTION('',(0.,0.,1.));
#406 = DEFINITIONAL_REPRESENTATION('',(#407),#411);
#407 = LINE('',#408,#409);
#408 = CARTESIAN_POINT('',(43.6,0.));
#409 = VECTOR('',#410,1.);
#410 = DIRECTION('',(0.,1.));
#411 = ( GEOMETRIC_REPRESENTATION_CONTEXT(2) 
PARAMETRIC_REPRESENTATION_CONTEXT() REPRESENTATION_CONTEXT('2D SPACE',''
  ) );
#412 = ORIENTED_EDGE('',*,*,#413,.F.);
#413 = EDGE_CURVE('',#414,#386,#416,.T.);
#414 = VERTEX_POINT('',#415);
#415 = CARTESIAN_POINT('',(216.,200.,43.8));
#416 = SURFACE_CURVE('',#417,(#422,#429),.PCURVE_S1.);
#417 = CIRCLE('',#418,2.);
#418 = AXIS2_PLACEMENT_3D('',#419,#420,#421);
#419 = CARTESIAN_POINT('',(214.,200.,43.8));
#420 = DIRECTION('',(0.,0.,1.));
#421 = DIRECTION('',(1.,0.,0.));
#422 = PCURVE('',#44,#423);
#423 = DEFINITIONAL_REPRESENTATION('',(#424),#428);
#424 = CIRCLE('',#425,2.);
#425 = AXIS2_PLACEMENT_2D('',#426,#427);
#426 = CARTESIAN_POINT('',(56.,200.));
#427 = DIRECTION('',(1.,0.));
#428 = ( GEOMETRIC_REPRESENTATION_CONTEXT(2) 
PARAMETRIC_REPRESENTATION_CONTEXT() REPRESENTATION_CONTEXT('2D SPACE',''
  ) );
#429 = PCURVE('',#430,#435);
#430 = CYLINDRICAL_SURFACE('',#431,2.);
#431 = AXIS2_PLACEMENT_3D('',#432,#433,#434);
#432 = CARTESIAN_POINT('',(214.,200.,2.8));
#433 = DIRECTION('',(-0.,-0.,-1.));
#434 = DIRECTION('',(1.,0.,0.));
#435 = DEFINITIONAL_REPRESENTATION('',(#436),#440);
#436 = LINE('',#437,#438);
#437 = CARTESIAN_POINT('',(-0.,-41.));
#438 = VECTOR('',#439,1.);
#439 = DIRECTION('',(-1.,0.));
#440 = ( GEOMETRIC_REPRESENTATION_CONTEXT(2) 
PARAMETRIC_REPRESENTATION_CONTEXT() REPRESENTATION_CONTEXT('2D SPACE',''
  ) );
#441 = ORIENTED_EDGE('',*,*,#442,.F.);
#442 = EDGE_CURVE('',#443,#414,#445,.T.);
#443 = VERTEX_POINT('',#444);
#444 = CARTESIAN_POINT('',(216.,36.,43.8));
#445 = SURFACE_CURVE('',#446,(#450,#457),.PCURVE_S1.);
#446 = LINE('',#447,#448);
#447 = CARTESIAN_POINT('',(216.,9.99,43.8));
#448 = VECTOR('',#449,1.);
#449 = DIRECTION('',(0.,1.,0.));
#450 = PCURVE('',#44,#451);
#451 = DEFINITIONAL_REPRESENTATION('',(#452),#456);
#452 = LINE('',#453,#454);
#453 = CARTESIAN_POINT('',(58.,9.99));
#454 = VECTOR('',#455,1.);
#455 = DIRECTION('',(0.,1.));
#456 = ( GEOMETRIC_REPRESENTATION_CONTEXT(2) 
PARAMETRIC_REPRESENTATION_CONTEXT() REPRESENTATION_CONTEXT('2D SPACE',''
  ) );
#457 = PCURVE('',#458,#463);
#458 = PLANE('',#459);
#459 = AXIS2_PLACEMENT_3D('',#460,#461,#462);
#460 = CARTESIAN_POINT('',(216.,9.99,0.2));
#461 = DIRECTION('',(1.,0.,0.));
#462 = DIRECTION('',(0.,0.,1.));
#463 = DEFINITIONAL_REPRESENTATION('',(#464),#468);
#464 = LINE('',#465,#466);
#465 = CARTESIAN_POINT('',(43.6,0.));
#466 = VECTOR('',#467,1.);
#467 = DIRECTION('',(0.,-1.));
#468 = ( GEOMETRIC_REPRESENTATION_CONTEXT(2) 
PARAMETRIC_REPRESENTATION_CONTEXT() REPRESENTATION_CONTEXT('2D SPACE',''
  ) );
#469 = ORIENTED_EDGE('',*,*,#470,.F.);
#470 = EDGE_CURVE('',#471,#443,#473,.T.);
#471 = VERTEX_POINT('',#472);
#472 = CARTESIAN_POINT('',(214.,34.,43.8));
#473 = SURFACE_CURVE('',#474,(#479,#486),.PCURVE_S1.);
#474 = CIRCLE('',#475,2.);
#475 = AXIS2_PLACEMENT_3D('',#476,#477,#478);
#476 = CARTESIAN_POINT('',(214.,36.,43.8));
#477 = DIRECTION('',(0.,0.,1.));
#478 = DIRECTION('',(1.,0.,0.));
#479 = PCURVE('',#44,#480);
#480 = DEFINITIONAL_REPRESENTATION('',(#481),#485);
#481 = CIRCLE('',#482,2.);
#482 = AXIS2_PLACEMENT_2D('',#483,#484);
#483 = CARTESIAN_POINT('',(56.,36.));
#484 = DIRECTION('',(1.,0.));
#485 = ( GEOMETRIC_REPRESENTATION_CONTEXT(2) 
PARAMETRIC_REPRESENTATION_CONTEXT() REPRESENTATION_CONTEXT('2D SPACE',''
  ) );
#486 = PCURVE('',#487,#492);
#487 = CYLINDRICAL_SURFACE('',#488,2.);
#488 = AXIS2_PLACEMENT_3D('',#489,#490,#491);
#489 = CARTESIAN_POINT('',(214.,36.,2.8));
#490 = DIRECTION('',(-0.,-0.,-1.));
#491 = DIRECTION('',(1.,0.,0.));
#492 = DEFINITIONAL_REPRESENTATION('',(#493),#497);
#493 = LINE('',#494,#495);
#494 = CARTESIAN_POINT('',(-0.,-41.));
#495 = VECTOR('',#496,1.);
#496 = DIRECTION('',(-1.,0.));
#497 = ( GEOMETRIC_REPRESENTATION_CONTEXT(2) 
PARAMETRIC_REPRESENTATION_CONTEXT() REPRESENTATION_CONTEXT('2D SPACE',''
  ) );
#498 = ORIENTED_EDGE('',*,*,#499,.F.);
#499 = EDGE_CURVE('',#500,#471,#502,.T.);
#500 = VERTEX_POINT('',#501);
#501 = CARTESIAN_POINT('',(161.,34.,43.8));
#502 = SURFACE_CURVE('',#503,(#507,#514),.PCURVE_S1.);
#503 = LINE('',#504,#505);
#504 = CARTESIAN_POINT('',(160.99,34.,43.8));
#505 = VECTOR('',#506,1.);
#506 = DIRECTION('',(1.,0.,0.));
#507 = PCURVE('',#44,#508);
#508 = DEFINITIONAL_REPRESENTATION('',(#509),#513);
#509 = LINE('',#510,#511);
#510 = CARTESIAN_POINT('',(2.99,34.));
#511 = VECTOR('',#512,1.);
#512 = DIRECTION('',(1.,0.));
#513 = ( GEOMETRIC_REPRESENTATION_CONTEXT(2) 
PARAMETRIC_REPRESENTATION_CONTEXT() REPRESENTATION_CONTEXT('2D SPACE',''
  ) );
#514 = PCURVE('',#515,#520);
#515 = PLANE('',#516);
#516 = AXIS2_PLACEMENT_3D('',#517,#518,#519);
#517 = CARTESIAN_POINT('',(160.99,34.,0.2));
#518 = DIRECTION('',(0.,1.,0.));
#519 = DIRECTION('',(0.,0.,1.));
#520 = DEFINITIONAL_REPRESENTATION('',(#521),#525);
#521 = LINE('',#522,#523);
#522 = CARTESIAN_POINT('',(43.6,0.));
#523 = VECTOR('',#524,1.);
#524 = DIRECTION('',(0.,1.));
#525 = ( GEOMETRIC_REPRESENTATION_CONTEXT(2) 
PARAMETRIC_REPRESENTATION_CONTEXT() REPRESENTATION_CONTEXT('2D SPACE',''
  ) );
#526 = ORIENTED_EDGE('',*,*,#527,.T.);
#527 = EDGE_CURVE('',#500,#528,#530,.T.);
#528 = VERTEX_POINT('',#529);
#529 = CARTESIAN_POINT('',(161.,35.8,43.8));
#530 = SURFACE_CURVE('',#531,(#535,#542),.PCURVE_S1.);
#531 = LINE('',#532,#533);
#532 = CARTESIAN_POINT('',(161.,3.2,43.8));
#533 = VECTOR('',#534,1.);
#534 = DIRECTION('',(0.,1.,0.));
#535 = PCURVE('',#44,#536);
#536 = DEFINITIONAL_REPRESENTATION('',(#537),#541);
#537 = LINE('',#538,#539);
#538 = CARTESIAN_POINT('',(3.,3.2));
#539 = VECTOR('',#540,1.);
#540 = DIRECTION('',(0.,1.));
#541 = ( GEOMETRIC_REPRESENTATION_CONTEXT(2) 
PARAMETRIC_REPRESENTATION_CONTEXT() REPRESENTATION_CONTEXT('2D SPACE',''
  ) );
#542 = PCURVE('',#543,#548);
#543 = PLANE('',#544);
#544 = AXIS2_PLACEMENT_3D('',#545,#546,#547);
#545 = CARTESIAN_POINT('',(161.,3.2,0.2));
#546 = DIRECTION('',(1.,0.,0.));
#547 = DIRECTION('',(0.,0.,1.));
#548 = DEFINITIONAL_REPRESENTATION('',(#549),#553);
#549 = LINE('',#550,#551);
#550 = CARTESIAN_POINT('',(43.6,0.));
#551 = VECTOR('',#552,1.);
#552 = DIRECTION('',(0.,-1.));
#553 = ( GEOMETRIC_REPRESENTATION_CONTEXT(2) 
PARAMETRIC_REPRESENTATION_CONTEXT() REPRESENTATION_CONTEXT('2D SPACE',''
  ) );
#554 = ORIENTED_EDGE('',*,*,#555,.T.);
#555 = EDGE_CURVE('',#528,#556,#558,.T.);
#556 = VERTEX_POINT('',#557);
#557 = CARTESIAN_POINT('',(155.,35.8,43.8));
#558 = SURFACE_CURVE('',#559,(#563,#570),.PCURVE_S1.);
#559 = LINE('',#560,#561);
#560 = CARTESIAN_POINT('',(154.5,35.8,43.8));
#561 = VECTOR('',#562,1.);
#562 = DIRECTION('',(-1.,0.,0.));
#563 = PCURVE('',#44,#564);
#564 = DEFINITIONAL_REPRESENTATION('',(#565),#569);
#565 = LINE('',#566,#567);
#566 = CARTESIAN_POINT('',(-3.5,35.8));
#567 = VECTOR('',#568,1.);
#568 = DIRECTION('',(-1.,0.));
#569 = ( GEOMETRIC_REPRESENTATION_CONTEXT(2) 
PARAMETRIC_REPRESENTATION_CONTEXT() REPRESENTATION_CONTEXT('2D SPACE',''
  ) );
#570 = PCURVE('',#571,#576);
#571 = PLANE('',#572);
#572 = AXIS2_PLACEMENT_3D('',#573,#574,#575);
#573 = CARTESIAN_POINT('',(154.,35.8,5.9));
#574 = DIRECTION('',(0.,1.,0.));
#575 = DIRECTION('',(0.,0.,1.));
#576 = DEFINITIONAL_REPRESENTATION('',(#577),#580);
#577 = B_SPLINE_CURVE_WITH_KNOTS('',1,(#578,#579),.UNSPECIFIED.,.F.,.F.,
  (2,2),(-6.5,-0.5),.PIECEWISE_BEZIER_KNOTS.);
#578 = CARTESIAN_POINT('',(37.9,7.));
#579 = CARTESIAN_POINT('',(37.9,1.));
#580 = ( GEOMETRIC_REPRESENTATION_CONTEXT(2) 
PARAMETRIC_REPRESENTATION_CONTEXT() REPRESENTATION_CONTEXT('2D SPACE',''
  ) );
#581 = ORIENTED_EDGE('',*,*,#582,.T.);
#582 = EDGE_CURVE('',#556,#583,#585,.T.);
#583 = VERTEX_POINT('',#584);
#584 = CARTESIAN_POINT('',(155.,3.2,43.8));
#585 = SURFACE_CURVE('',#586,(#590,#597),.PCURVE_S1.);
#586 = LINE('',#587,#588);
#587 = CARTESIAN_POINT('',(155.,35.8,43.8));
#588 = VECTOR('',#589,1.);
#589 = DIRECTION('',(0.,-1.,0.));
#590 = PCURVE('',#44,#591);
#591 = DEFINITIONAL_REPRESENTATION('',(#592),#596);
#592 = LINE('',#593,#594);
#593 = CARTESIAN_POINT('',(-3.,35.8));
#594 = VECTOR('',#595,1.);
#595 = DIRECTION('',(0.,-1.));
#596 = ( GEOMETRIC_REPRESENTATION_CONTEXT(2) 
PARAMETRIC_REPRESENTATION_CONTEXT() REPRESENTATION_CONTEXT('2D SPACE',''
  ) );
#597 = PCURVE('',#289,#598);
#598 = DEFINITIONAL_REPRESENTATION('',(#599),#603);
#599 = LINE('',#600,#601);
#600 = CARTESIAN_POINT('',(43.6,-32.6));
#601 = VECTOR('',#602,1.);
#602 = DIRECTION('',(0.,1.));
#603 = ( GEOMETRIC_REPRESENTATION_CONTEXT(2) 
PARAMETRIC_REPRESENTATION_CONTEXT() REPRESENTATION_CONTEXT('2D SPACE',''
  ) );
#604 = ORIENTED_EDGE('',*,*,#605,.T.);
#605 = EDGE_CURVE('',#583,#24,#606,.T.);
#606 = SURFACE_CURVE('',#607,(#611,#618),.PCURVE_S1.);
#607 = LINE('',#608,#609);
#608 = CARTESIAN_POINT('',(155.,3.2,43.8));
#609 = VECTOR('',#610,1.);
#610 = DIRECTION('',(1.,0.,0.));
#611 = PCURVE('',#44,#612);
#612 = DEFINITIONAL_REPRESENTATION('',(#613),#617);
#613 = LINE('',#614,#615);
#614 = CARTESIAN_POINT('',(-3.,3.2));
#615 = VECTOR('',#616,1.);
#616 = DIRECTION('',(1.,0.));
#617 = ( GEOMETRIC_REPRESENTATION_CONTEXT(2) 
PARAMETRIC_REPRESENTATION_CONTEXT() REPRESENTATION_CONTEXT('2D SPACE',''
  ) );
#618 = PCURVE('',#125,#619);
#619 = DEFINITIONAL_REPRESENTATION('',(#620),#624);
#620 = LINE('',#621,#622);
#621 = CARTESIAN_POINT('',(43.6,0.));
#622 = VECTOR('',#623,1.);
#623 = DIRECTION('',(0.,1.));
#624 = ( GEOMETRIC_REPRESENTATION_CONTEXT(2) 
PARAMETRIC_REPRESENTATION_CONTEXT() REPRESENTATION_CONTEXT('2D SPACE',''
  ) );
#625 = FACE_BOUND('',#626,.T.);
#626 = EDGE_LOOP('',(#627,#657,#686,#714,#743,#771,#800,#828));
#627 = ORIENTED_EDGE('',*,*,#628,.T.);
#628 = EDGE_CURVE('',#629,#631,#633,.T.);
#629 = VERTEX_POINT('',#630);
#630 = CARTESIAN_POINT('',(161.,16.,43.8));
#631 = VERTEX_POINT('',#632);
#632 = CARTESIAN_POINT('',(161.,28.,43.8));
#633 = SURFACE_CURVE('',#634,(#638,#645),.PCURVE_S1.);
#634 = LINE('',#635,#636);
#635 = CARTESIAN_POINT('',(161.,3.2,43.8));
#636 = VECTOR('',#637,1.);
#637 = DIRECTION('',(0.,1.,0.));
#638 = PCURVE('',#44,#639);
#639 = DEFINITIONAL_REPRESENTATION('',(#640),#644);
#640 = LINE('',#641,#642);
#641 = CARTESIAN_POINT('',(3.,3.2));
#642 = VECTOR('',#643,1.);
#643 = DIRECTION('',(0.,1.));
#644 = ( GEOMETRIC_REPRESENTATION_CONTEXT(2) 
PARAMETRIC_REPRESENTATION_CONTEXT() REPRESENTATION_CONTEXT('2D SPACE',''
  ) );
#645 = PCURVE('',#646,#651);
#646 = PLANE('',#647);
#647 = AXIS2_PLACEMENT_3D('',#648,#649,#650);
#648 = CARTESIAN_POINT('',(161.,3.2,0.2));
#649 = DIRECTION('',(1.,0.,0.));
#650 = DIRECTION('',(0.,0.,1.));
#651 = DEFINITIONAL_REPRESENTATION('',(#652),#656);
#652 = LINE('',#653,#654);
#653 = CARTESIAN_POINT('',(43.6,0.));
#654 = VECTOR('',#655,1.);
#655 = DIRECTION('',(0.,-1.));
#656 = ( GEOMETRIC_REPRESENTATION_CONTEXT(2) 
PARAMETRIC_REPRESENTATION_CONTEXT() REPRESENTATION_CONTEXT('2D SPACE',''
  ) );
#657 = ORIENTED_EDGE('',*,*,#658,.F.);
#658 = EDGE_CURVE('',#659,#631,#661,.T.);
#659 = VERTEX_POINT('',#660);
#660 = CARTESIAN_POINT('',(163.,30.,43.8));
#661 = SURFACE_CURVE('',#662,(#667,#674),.PCURVE_S1.);
#662 = CIRCLE('',#663,2.);
#663 = AXIS2_PLACEMENT_3D('',#664,#665,#666);
#664 = CARTESIAN_POINT('',(163.,28.,43.8));
#665 = DIRECTION('',(0.,0.,1.));
#666 = DIRECTION('',(1.,0.,0.));
#667 = PCURVE('',#44,#668);
#668 = DEFINITIONAL_REPRESENTATION('',(#669),#673);
#669 = CIRCLE('',#670,2.);
#670 = AXIS2_PLACEMENT_2D('',#671,#672);
#671 = CARTESIAN_POINT('',(5.,28.));
#672 = DIRECTION('',(1.,0.));
#673 = ( GEOMETRIC_REPRESENTATION_CONTEXT(2) 
PARAMETRIC_REPRESENTATION_CONTEXT() REPRESENTATION_CONTEXT('2D SPACE',''
  ) );
#674 = PCURVE('',#675,#680);
#675 = CYLINDRICAL_SURFACE('',#676,2.);
#676 = AXIS2_PLACEMENT_3D('',#677,#678,#679);
#677 = CARTESIAN_POINT('',(163.,28.,2.8));
#678 = DIRECTION('',(-0.,-0.,-1.));
#679 = DIRECTION('',(1.,0.,0.));
#680 = DEFINITIONAL_REPRESENTATION('',(#681),#685);
#681 = LINE('',#682,#683);
#682 = CARTESIAN_POINT('',(-0.,-41.));
#683 = VECTOR('',#684,1.);
#684 = DIRECTION('',(-1.,0.));
#685 = ( GEOMETRIC_REPRESENTATION_CONTEXT(2) 
PARAMETRIC_REPRESENTATION_CONTEXT() REPRESENTATION_CONTEXT('2D SPACE',''
  ) );
#686 = ORIENTED_EDGE('',*,*,#687,.T.);
#687 = EDGE_CURVE('',#659,#688,#690,.T.);
#688 = VERTEX_POINT('',#689);
#689 = CARTESIAN_POINT('',(214.,30.,43.8));
#690 = SURFACE_CURVE('',#691,(#695,#702),.PCURVE_S1.);
#691 = LINE('',#692,#693);
#692 = CARTESIAN_POINT('',(160.99,30.,43.8));
#693 = VECTOR('',#694,1.);
#694 = DIRECTION('',(1.,0.,0.));
#695 = PCURVE('',#44,#696);
#696 = DEFINITIONAL_REPRESENTATION('',(#697),#701);
#697 = LINE('',#698,#699);
#698 = CARTESIAN_POINT('',(2.99,30.));
#699 = VECTOR('',#700,1.);
#700 = DIRECTION('',(1.,0.));
#701 = ( GEOMETRIC_REPRESENTATION_CONTEXT(2) 
PARAMETRIC_REPRESENTATION_CONTEXT() REPRESENTATION_CONTEXT('2D SPACE',''
  ) );
#702 = PCURVE('',#703,#708);
#703 = PLANE('',#704);
#704 = AXIS2_PLACEMENT_3D('',#705,#706,#707);
#705 = CARTESIAN_POINT('',(160.99,30.,0.2));
#706 = DIRECTION('',(0.,1.,0.));
#707 = DIRECTION('',(0.,0.,1.));
#708 = DEFINITIONAL_REPRESENTATION('',(#709),#713);
#709 = LINE('',#710,#711);
#710 = CARTESIAN_POINT('',(43.6,0.));
#711 = VECTOR('',#712,1.);
#712 = DIRECTION('',(0.,1.));
#713 = ( GEOMETRIC_REPRESENTATION_CONTEXT(2) 
PARAMETRIC_REPRESENTATION_CONTEXT() REPRESENTATION_CONTEXT('2D SPACE',''
  ) );
#714 = ORIENTED_EDGE('',*,*,#715,.F.);
#715 = EDGE_CURVE('',#716,#688,#718,.T.);
#716 = VERTEX_POINT('',#717);
#717 = CARTESIAN_POINT('',(216.,28.,43.8));
#718 = SURFACE_CURVE('',#719,(#724,#731),.PCURVE_S1.);
#719 = CIRCLE('',#720,2.);
#720 = AXIS2_PLACEMENT_3D('',#721,#722,#723);
#721 = CARTESIAN_POINT('',(214.,28.,43.8));
#722 = DIRECTION('',(0.,0.,1.));
#723 = DIRECTION('',(1.,0.,0.));
#724 = PCURVE('',#44,#725);
#725 = DEFINITIONAL_REPRESENTATION('',(#726),#730);
#726 = CIRCLE('',#727,2.);
#727 = AXIS2_PLACEMENT_2D('',#728,#729);
#728 = CARTESIAN_POINT('',(56.,28.));
#729 = DIRECTION('',(1.,0.));
#730 = ( GEOMETRIC_REPRESENTATION_CONTEXT(2) 
PARAMETRIC_REPRESENTATION_CONTEXT() REPRESENTATION_CONTEXT('2D SPACE',''
  ) );
#731 = PCURVE('',#732,#737);
#732 = CYLINDRICAL_SURFACE('',#733,2.);
#733 = AXIS2_PLACEMENT_3D('',#734,#735,#736);
#734 = CARTESIAN_POINT('',(214.,28.,2.8));
#735 = DIRECTION('',(-0.,-0.,-1.));
#736 = DIRECTION('',(1.,0.,0.));
#737 = DEFINITIONAL_REPRESENTATION('',(#738),#742);
#738 = LINE('',#739,#740);
#739 = CARTESIAN_POINT('',(-0.,-41.));
#740 = VECTOR('',#741,1.);
#741 = DIRECTION('',(-1.,0.));
#742 = ( GEOMETRIC_REPRESENTATION_CONTEXT(2) 
PARAMETRIC_REPRESENTATION_CONTEXT() REPRESENTATION_CONTEXT('2D SPACE',''
  ) );
#743 = ORIENTED_EDGE('',*,*,#744,.F.);
#744 = EDGE_CURVE('',#745,#716,#747,.T.);
#745 = VERTEX_POINT('',#746);
#746 = CARTESIAN_POINT('',(216.,16.,43.8));
#747 = SURFACE_CURVE('',#748,(#752,#759),.PCURVE_S1.);
#748 = LINE('',#749,#750);
#749 = CARTESIAN_POINT('',(216.,9.99,43.8));
#750 = VECTOR('',#751,1.);
#751 = DIRECTION('',(0.,1.,0.));
#752 = PCURVE('',#44,#753);
#753 = DEFINITIONAL_REPRESENTATION('',(#754),#758);
#754 = LINE('',#755,#756);
#755 = CARTESIAN_POINT('',(58.,9.99));
#756 = VECTOR('',#757,1.);
#757 = DIRECTION('',(0.,1.));
#758 = ( GEOMETRIC_REPRESENTATION_CONTEXT(2) 
PARAMETRIC_REPRESENTATION_CONTEXT() REPRESENTATION_CONTEXT('2D SPACE',''
  ) );
#759 = PCURVE('',#760,#765);
#760 = PLANE('',#761);
#761 = AXIS2_PLACEMENT_3D('',#762,#763,#764);
#762 = CARTESIAN_POINT('',(216.,9.99,0.2));
#763 = DIRECTION('',(1.,0.,0.));
#764 = DIRECTION('',(0.,0.,1.));
#765 = DEFINITIONAL_REPRESENTATION('',(#766),#770);
#766 = LINE('',#767,#768);
#767 = CARTESIAN_POINT('',(43.6,0.));
#768 = VECTOR('',#769,1.);
#769 = DIRECTION('',(0.,-1.));
#770 = ( GEOMETRIC_REPRESENTATION_CONTEXT(2) 
PARAMETRIC_REPRESENTATION_CONTEXT() REPRESENTATION_CONTEXT('2D SPACE',''
  ) );
#771 = ORIENTED_EDGE('',*,*,#772,.F.);
#772 = EDGE_CURVE('',#773,#745,#775,.T.);
#773 = VERTEX_POINT('',#774);
#774 = CARTESIAN_POINT('',(210.,10.,43.8));
#775 = SURFACE_CURVE('',#776,(#781,#788),.PCURVE_S1.);
#776 = CIRCLE('',#777,6.);
#777 = AXIS2_PLACEMENT_3D('',#778,#779,#780);
#778 = CARTESIAN_POINT('',(210.,16.,43.8));
#779 = DIRECTION('',(0.,0.,1.));
#780 = DIRECTION('',(1.,0.,0.));
#781 = PCURVE('',#44,#782);
#782 = DEFINITIONAL_REPRESENTATION('',(#783),#787);
#783 = CIRCLE('',#784,6.);
#784 = AXIS2_PLACEMENT_2D('',#785,#786);
#785 = CARTESIAN_POINT('',(52.,16.));
#786 = DIRECTION('',(1.,0.));
#787 = ( GEOMETRIC_REPRESENTATION_CONTEXT(2) 
PARAMETRIC_REPRESENTATION_CONTEXT() REPRESENTATION_CONTEXT('2D SPACE',''
  ) );
#788 = PCURVE('',#789,#794);
#789 = CYLINDRICAL_SURFACE('',#790,6.);
#790 = AXIS2_PLACEMENT_3D('',#791,#792,#793);
#791 = CARTESIAN_POINT('',(210.,16.,2.8));
#792 = DIRECTION('',(-0.,-0.,-1.));
#793 = DIRECTION('',(1.,0.,0.));
#794 = DEFINITIONAL_REPRESENTATION('',(#795),#799);
#795 = LINE('',#796,#797);
#796 = CARTESIAN_POINT('',(-0.,-41.));
#797 = VECTOR('',#798,1.);
#798 = DIRECTION('',(-1.,0.));
#799 = ( GEOMETRIC_REPRESENTATION_CONTEXT(2) 
PARAMETRIC_REPRESENTATION_CONTEXT() REPRESENTATION_CONTEXT('2D SPACE',''
  ) );
#800 = ORIENTED_EDGE('',*,*,#801,.T.);
#801 = EDGE_CURVE('',#773,#802,#804,.T.);
#802 = VERTEX_POINT('',#803);
#803 = CARTESIAN_POINT('',(167.,10.,43.8));
#804 = SURFACE_CURVE('',#805,(#809,#816),.PCURVE_S1.);
#805 = LINE('',#806,#807);
#806 = CARTESIAN_POINT('',(241.3,10.,43.8));
#807 = VECTOR('',#808,1.);
#808 = DIRECTION('',(-1.,0.,0.));
#809 = PCURVE('',#44,#810);
#810 = DEFINITIONAL_REPRESENTATION('',(#811),#815);
#811 = LINE('',#812,#813);
#812 = CARTESIAN_POINT('',(83.3,10.));
#813 = VECTOR('',#814,1.);
#814 = DIRECTION('',(-1.,0.));
#815 = ( GEOMETRIC_REPRESENTATION_CONTEXT(2) 
PARAMETRIC_REPRESENTATION_CONTEXT() REPRESENTATION_CONTEXT('2D SPACE',''
  ) );
#816 = PCURVE('',#817,#822);
#817 = PLANE('',#818);
#818 = AXIS2_PLACEMENT_3D('',#819,#820,#821);
#819 = CARTESIAN_POINT('',(158.,10.,0.2));
#820 = DIRECTION('',(0.,1.,0.));
#821 = DIRECTION('',(0.,0.,1.));
#822 = DEFINITIONAL_REPRESENTATION('',(#823),#827);
#823 = LINE('',#824,#825);
#824 = CARTESIAN_POINT('',(43.6,83.3));
#825 = VECTOR('',#826,1.);
#826 = DIRECTION('',(0.,-1.));
#827 = ( GEOMETRIC_REPRESENTATION_CONTEXT(2) 
PARAMETRIC_REPRESENTATION_CONTEXT() REPRESENTATION_CONTEXT('2D SPACE',''
  ) );
#828 = ORIENTED_EDGE('',*,*,#829,.F.);
#829 = EDGE_CURVE('',#629,#802,#830,.T.);
#830 = SURFACE_CURVE('',#831,(#836,#843),.PCURVE_S1.);
#831 = CIRCLE('',#832,6.);
#832 = AXIS2_PLACEMENT_3D('',#833,#834,#835);
#833 = CARTESIAN_POINT('',(167.,16.,43.8));
#834 = DIRECTION('',(0.,0.,1.));
#835 = DIRECTION('',(1.,0.,0.));
#836 = PCURVE('',#44,#837);
#837 = DEFINITIONAL_REPRESENTATION('',(#838),#842);
#838 = CIRCLE('',#839,6.);
#839 = AXIS2_PLACEMENT_2D('',#840,#841);
#840 = CARTESIAN_POINT('',(9.,16.));
#841 = DIRECTION('',(1.,0.));
#842 = ( GEOMETRIC_REPRESENTATION_CONTEXT(2) 
PARAMETRIC_REPRESENTATION_CONTEXT() REPRESENTATION_CONTEXT('2D SPACE',''
  ) );
#843 = PCURVE('',#844,#849);
#844 = CYLINDRICAL_SURFACE('',#845,6.);
#845 = AXIS2_PLACEMENT_3D('',#846,#847,#848);
#846 = CARTESIAN_POINT('',(167.,16.,2.8));
#847 = DIRECTION('',(-0.,-0.,-1.));
#848 = DIRECTION('',(1.,0.,0.));
#849 = DEFINITIONAL_REPRESENTATION('',(#850),#854);
#850 = LINE('',#851,#852);
#851 = CARTESIAN_POINT('',(-0.,-41.));
#852 = VECTOR('',#853,1.);
#853 = DIRECTION('',(-1.,0.));
#854 = ( GEOMETRIC_REPRESENTATION_CONTEXT(2) 
PARAMETRIC_REPRESENTATION_CONTEXT() REPRESENTATION_CONTEXT('2D SPACE',''
  ) );
#855 = ADVANCED_FACE('',(#856),#125,.F.);
#856 = FACE_BOUND('',#857,.F.);
#857 = EDGE_LOOP('',(#858,#881,#902,#903));
#858 = ORIENTED_EDGE('',*,*,#859,.F.);
#859 = EDGE_CURVE('',#860,#85,#862,.T.);
#860 = VERTEX_POINT('',#861);
#861 = CARTESIAN_POINT('',(155.,3.2,0.2));
#862 = SURFACE_CURVE('',#863,(#867,#874),.PCURVE_S1.);
#863 = LINE('',#864,#865);
#864 = CARTESIAN_POINT('',(155.,3.2,0.2));
#865 = VECTOR('',#866,1.);
#866 = DIRECTION('',(1.,0.,0.));
#867 = PCURVE('',#125,#868);
#868 = DEFINITIONAL_REPRESENTATION('',(#869),#873);
#869 = LINE('',#870,#871);
#870 = CARTESIAN_POINT('',(0.,0.));
#871 = VECTOR('',#872,1.);
#872 = DIRECTION('',(0.,1.));
#873 = ( GEOMETRIC_REPRESENTATION_CONTEXT(2) 
PARAMETRIC_REPRESENTATION_CONTEXT() REPRESENTATION_CONTEXT('2D SPACE',''
  ) );
#874 = PCURVE('',#100,#875);
#875 = DEFINITIONAL_REPRESENTATION('',(#876),#880);
#876 = LINE('',#877,#878);
#877 = CARTESIAN_POINT('',(-3.,3.2));
#878 = VECTOR('',#879,1.);
#879 = DIRECTION('',(1.,0.));
#880 = ( GEOMETRIC_REPRESENTATION_CONTEXT(2) 
PARAMETRIC_REPRESENTATION_CONTEXT() REPRESENTATION_CONTEXT('2D SPACE',''
  ) );
#881 = ORIENTED_EDGE('',*,*,#882,.T.);
#882 = EDGE_CURVE('',#860,#583,#883,.T.);
#883 = SURFACE_CURVE('',#884,(#888,#895),.PCURVE_S1.);
#884 = LINE('',#885,#886);
#885 = CARTESIAN_POINT('',(155.,3.2,0.2));
#886 = VECTOR('',#887,1.);
#887 = DIRECTION('',(0.,0.,1.));
#888 = PCURVE('',#125,#889);
#889 = DEFINITIONAL_REPRESENTATION('',(#890),#894);
#890 = LINE('',#891,#892);
#891 = CARTESIAN_POINT('',(0.,0.));
#892 = VECTOR('',#893,1.);
#893 = DIRECTION('',(1.,0.));
#894 = ( GEOMETRIC_REPRESENTATION_CONTEXT(2) 
PARAMETRIC_REPRESENTATION_CONTEXT() REPRESENTATION_CONTEXT('2D SPACE',''
  ) );
#895 = PCURVE('',#289,#896);
#896 = DEFINITIONAL_REPRESENTATION('',(#897),#901);
#897 = LINE('',#898,#899);
#898 = CARTESIAN_POINT('',(0.,0.));
#899 = VECTOR('',#900,1.);
#900 = DIRECTION('',(1.,0.));
#901 = ( GEOMETRIC_REPRESENTATION_CONTEXT(2) 
PARAMETRIC_REPRESENTATION_CONTEXT() REPRESENTATION_CONTEXT('2D SPACE',''
  ) );
#902 = ORIENTED_EDGE('',*,*,#605,.T.);
#903 = ORIENTED_EDGE('',*,*,#112,.F.);
#904 = ADVANCED_FACE('',(#905),#100,.F.);
#905 = FACE_BOUND('',#906,.F.);
#906 = EDGE_LOOP('',(#907,#908,#931,#959,#982,#1005,#1028,#1049));
#907 = ORIENTED_EDGE('',*,*,#84,.F.);
#908 = ORIENTED_EDGE('',*,*,#909,.T.);
#909 = EDGE_CURVE('',#57,#910,#912,.T.);
#910 = VERTEX_POINT('',#911);
#911 = CARTESIAN_POINT('',(241.3,0.,0.2));
#912 = SURFACE_CURVE('',#913,(#917,#924),.PCURVE_S1.);
#913 = LINE('',#914,#915);
#914 = CARTESIAN_POINT('',(158.,0.,0.2));
#915 = VECTOR('',#916,1.);
#916 = DIRECTION('',(1.,0.,0.));
#917 = PCURVE('',#100,#918);
#918 = DEFINITIONAL_REPRESENTATION('',(#919),#923);
#919 = LINE('',#920,#921);
#920 = CARTESIAN_POINT('',(0.,0.));
#921 = VECTOR('',#922,1.);
#922 = DIRECTION('',(1.,0.));
#923 = ( GEOMETRIC_REPRESENTATION_CONTEXT(2) 
PARAMETRIC_REPRESENTATION_CONTEXT() REPRESENTATION_CONTEXT('2D SPACE',''
  ) );
#924 = PCURVE('',#72,#925);
#925 = DEFINITIONAL_REPRESENTATION('',(#926),#930);
#926 = LINE('',#927,#928);
#927 = CARTESIAN_POINT('',(0.,0.));
#928 = VECTOR('',#929,1.);
#929 = DIRECTION('',(0.,1.));
#930 = ( GEOMETRIC_REPRESENTATION_CONTEXT(2) 
PARAMETRIC_REPRESENTATION_CONTEXT() REPRESENTATION_CONTEXT('2D SPACE',''
  ) );
#931 = ORIENTED_EDGE('',*,*,#932,.T.);
#932 = EDGE_CURVE('',#910,#933,#935,.T.);
#933 = VERTEX_POINT('',#934);
#934 = CARTESIAN_POINT('',(241.3,10.,0.2));
#935 = SURFACE_CURVE('',#936,(#940,#947),.PCURVE_S1.);
#936 = LINE('',#937,#938);
#937 = CARTESIAN_POINT('',(241.3,0.,0.2));
#938 = VECTOR('',#939,1.);
#939 = DIRECTION('',(0.,1.,0.));
#940 = PCURVE('',#100,#941);
#941 = DEFINITIONAL_REPRESENTATION('',(#942),#946);
#942 = LINE('',#943,#944);
#943 = CARTESIAN_POINT('',(83.3,0.));
#944 = VECTOR('',#945,1.);
#945 = DIRECTION('',(0.,1.));
#946 = ( GEOMETRIC_REPRESENTATION_CONTEXT(2) 
PARAMETRIC_REPRESENTATION_CONTEXT() REPRESENTATION_CONTEXT('2D SPACE',''
  ) );
#947 = PCURVE('',#948,#953);
#948 = PLANE('',#949);
#949 = AXIS2_PLACEMENT_3D('',#950,#951,#952);
#950 = CARTESIAN_POINT('',(241.3,0.,0.2));
#951 = DIRECTION('',(1.,0.,0.));
#952 = DIRECTION('',(0.,0.,1.));
#953 = DEFINITIONAL_REPRESENTATION('',(#954),#958);
#954 = LINE('',#955,#956);
#955 = CARTESIAN_POINT('',(0.,0.));
#956 = VECTOR('',#957,1.);
#957 = DIRECTION('',(0.,-1.));
#958 = ( GEOMETRIC_REPRESENTATION_CONTEXT(2) 
PARAMETRIC_REPRESENTATION_CONTEXT() REPRESENTATION_CONTEXT('2D SPACE',''
  ) );
#959 = ORIENTED_EDGE('',*,*,#960,.F.);
#960 = EDGE_CURVE('',#961,#933,#963,.T.);
#961 = VERTEX_POINT('',#962);
#962 = CARTESIAN_POINT('',(222.,10.,0.2));
#963 = SURFACE_CURVE('',#964,(#968,#975),.PCURVE_S1.);
#964 = LINE('',#965,#966);
#965 = CARTESIAN_POINT('',(155.,10.,0.2));
#966 = VECTOR('',#967,1.);
#967 = DIRECTION('',(1.,0.,0.));
#968 = PCURVE('',#100,#969);
#969 = DEFINITIONAL_REPRESENTATION('',(#970),#974);
#970 = LINE('',#971,#972);
#971 = CARTESIAN_POINT('',(-3.,10.));
#972 = VECTOR('',#973,1.);
#973 = DIRECTION('',(1.,0.));
#974 = ( GEOMETRIC_REPRESENTATION_CONTEXT(2) 
PARAMETRIC_REPRESENTATION_CONTEXT() REPRESENTATION_CONTEXT('2D SPACE',''
  ) );
#975 = PCURVE('',#205,#976);
#976 = DEFINITIONAL_REPRESENTATION('',(#977),#981);
#977 = LINE('',#978,#979);
#978 = CARTESIAN_POINT('',(0.,-3.));
#979 = VECTOR('',#980,1.);
#980 = DIRECTION('',(0.,1.));
#981 = ( GEOMETRIC_REPRESENTATION_CONTEXT(2) 
PARAMETRIC_REPRESENTATION_CONTEXT() REPRESENTATION_CONTEXT('2D SPACE',''
  ) );
#982 = ORIENTED_EDGE('',*,*,#983,.T.);
#983 = EDGE_CURVE('',#961,#984,#986,.T.);
#984 = VERTEX_POINT('',#985);
#985 = CARTESIAN_POINT('',(222.,206.,0.2));
#986 = SURFACE_CURVE('',#987,(#991,#998),.PCURVE_S1.);
#987 = LINE('',#988,#989);
#988 = CARTESIAN_POINT('',(222.,9.99,0.2));
#989 = VECTOR('',#990,1.);
#990 = DIRECTION('',(0.,1.,0.));
#991 = PCURVE('',#100,#992);
#992 = DEFINITIONAL_REPRESENTATION('',(#993),#997);
#993 = LINE('',#994,#995);
#994 = CARTESIAN_POINT('',(64.,9.99));
#995 = VECTOR('',#996,1.);
#996 = DIRECTION('',(0.,1.));
#997 = ( GEOMETRIC_REPRESENTATION_CONTEXT(2) 
PARAMETRIC_REPRESENTATION_CONTEXT() REPRESENTATION_CONTEXT('2D SPACE',''
  ) );
#998 = PCURVE('',#233,#999);
#999 = DEFINITIONAL_REPRESENTATION('',(#1000),#1004);
#1000 = LINE('',#1001,#1002);
#1001 = CARTESIAN_POINT('',(0.,0.));
#1002 = VECTOR('',#1003,1.);
#1003 = DIRECTION('',(0.,-1.));
#1004 = ( GEOMETRIC_REPRESENTATION_CONTEXT(2) 
PARAMETRIC_REPRESENTATION_CONTEXT() REPRESENTATION_CONTEXT('2D SPACE',''
  ) );
#1005 = ORIENTED_EDGE('',*,*,#1006,.F.);
#1006 = EDGE_CURVE('',#1007,#984,#1009,.T.);
#1007 = VERTEX_POINT('',#1008);
#1008 = CARTESIAN_POINT('',(155.,206.,0.2));
#1009 = SURFACE_CURVE('',#1010,(#1014,#1021),.PCURVE_S1.);
#1010 = LINE('',#1011,#1012);
#1011 = CARTESIAN_POINT('',(155.,206.,0.2));
#1012 = VECTOR('',#1013,1.);
#1013 = DIRECTION('',(1.,0.,-4.142623226213E-19));
#1014 = PCURVE('',#100,#1015);
#1015 = DEFINITIONAL_REPRESENTATION('',(#1016),#1020);
#1016 = LINE('',#1017,#1018);
#1017 = CARTESIAN_POINT('',(-3.,206.));
#1018 = VECTOR('',#1019,1.);
#1019 = DIRECTION('',(1.,0.));
#1020 = ( GEOMETRIC_REPRESENTATION_CONTEXT(2) 
PARAMETRIC_REPRESENTATION_CONTEXT() REPRESENTATION_CONTEXT('2D SPACE',''
  ) );
#1021 = PCURVE('',#261,#1022);
#1022 = DEFINITIONAL_REPRESENTATION('',(#1023),#1027);
#1023 = LINE('',#1024,#1025);
#1024 = CARTESIAN_POINT('',(2.775557561563E-17,-61.));
#1025 = VECTOR('',#1026,1.);
#1026 = DIRECTION('',(-4.142623226213E-19,1.));
#1027 = ( GEOMETRIC_REPRESENTATION_CONTEXT(2) 
PARAMETRIC_REPRESENTATION_CONTEXT() REPRESENTATION_CONTEXT('2D SPACE',''
  ) );
#1028 = ORIENTED_EDGE('',*,*,#1029,.F.);
#1029 = EDGE_CURVE('',#860,#1007,#1030,.T.);
#1030 = SURFACE_CURVE('',#1031,(#1035,#1042),.PCURVE_S1.);
#1031 = LINE('',#1032,#1033);
#1032 = CARTESIAN_POINT('',(155.,3.2,0.2));
#1033 = VECTOR('',#1034,1.);
#1034 = DIRECTION('',(0.,1.,1.368618127003E-19));
#1035 = PCURVE('',#100,#1036);
#1036 = DEFINITIONAL_REPRESENTATION('',(#1037),#1041);
#1037 = LINE('',#1038,#1039);
#1038 = CARTESIAN_POINT('',(-3.,3.2));
#1039 = VECTOR('',#1040,1.);
#1040 = DIRECTION('',(0.,1.));
#1041 = ( GEOMETRIC_REPRESENTATION_CONTEXT(2) 
PARAMETRIC_REPRESENTATION_CONTEXT() REPRESENTATION_CONTEXT('2D SPACE',''
  ) );
#1042 = PCURVE('',#289,#1043);
#1043 = DEFINITIONAL_REPRESENTATION('',(#1044),#1048);
#1044 = LINE('',#1045,#1046);
#1045 = CARTESIAN_POINT('',(0.,0.));
#1046 = VECTOR('',#1047,1.);
#1047 = DIRECTION('',(1.368618127003E-19,-1.));
#1048 = ( GEOMETRIC_REPRESENTATION_CONTEXT(2) 
PARAMETRIC_REPRESENTATION_CONTEXT() REPRESENTATION_CONTEXT('2D SPACE',''
  ) );
#1049 = ORIENTED_EDGE('',*,*,#859,.T.);
#1050 = ADVANCED_FACE('',(#1051,#1244,#1390),#72,.F.);
#1051 = FACE_BOUND('',#1052,.F.);
#1052 = EDGE_LOOP('',(#1053,#1076,#1077,#1078,#1079,#1100,#1133,#1159,
    #1192,#1218));
#1053 = ORIENTED_EDGE('',*,*,#1054,.F.);
#1054 = EDGE_CURVE('',#910,#1055,#1057,.T.);
#1055 = VERTEX_POINT('',#1056);
#1056 = CARTESIAN_POINT('',(241.3,0.,43.8));
#1057 = SURFACE_CURVE('',#1058,(#1062,#1069),.PCURVE_S1.);
#1058 = LINE('',#1059,#1060);
#1059 = CARTESIAN_POINT('',(241.3,0.,0.2));
#1060 = VECTOR('',#1061,1.);
#1061 = DIRECTION('',(0.,0.,1.));
#1062 = PCURVE('',#72,#1063);
#1063 = DEFINITIONAL_REPRESENTATION('',(#1064),#1068);
#1064 = LINE('',#1065,#1066);
#1065 = CARTESIAN_POINT('',(0.,83.3));
#1066 = VECTOR('',#1067,1.);
#1067 = DIRECTION('',(1.,0.));
#1068 = ( GEOMETRIC_REPRESENTATION_CONTEXT(2) 
PARAMETRIC_REPRESENTATION_CONTEXT() REPRESENTATION_CONTEXT('2D SPACE',''
  ) );
#1069 = PCURVE('',#948,#1070);
#1070 = DEFINITIONAL_REPRESENTATION('',(#1071),#1075);
#1071 = LINE('',#1072,#1073);
#1072 = CARTESIAN_POINT('',(0.,0.));
#1073 = VECTOR('',#1074,1.);
#1074 = DIRECTION('',(1.,0.));
#1075 = ( GEOMETRIC_REPRESENTATION_CONTEXT(2) 
PARAMETRIC_REPRESENTATION_CONTEXT() REPRESENTATION_CONTEXT('2D SPACE',''
  ) );
#1076 = ORIENTED_EDGE('',*,*,#909,.F.);
#1077 = ORIENTED_EDGE('',*,*,#56,.T.);
#1078 = ORIENTED_EDGE('',*,*,#140,.T.);
#1079 = ORIENTED_EDGE('',*,*,#1080,.F.);
#1080 = EDGE_CURVE('',#1081,#141,#1083,.T.);
#1081 = VERTEX_POINT('',#1082);
#1082 = CARTESIAN_POINT('',(228.25441558772,0.,40.420584412272));
#1083 = SURFACE_CURVE('',#1084,(#1088,#1094),.PCURVE_S1.);
#1084 = LINE('',#1085,#1086);
#1085 = CARTESIAN_POINT('',(202.78345779386,0.,14.949626618407));
#1086 = VECTOR('',#1087,1.);
#1087 = DIRECTION('',(0.707106781187,-0.,0.707106781187));
#1088 = PCURVE('',#72,#1089);
#1089 = DEFINITIONAL_REPRESENTATION('',(#1090),#1093);
#1090 = B_SPLINE_CURVE_WITH_KNOTS('',1,(#1091,#1092),.UNSPECIFIED.,.F.,
  .F.,(2,2),(36.021373958715,40.800589315776),.PIECEWISE_BEZIER_KNOTS.);
#1091 = CARTESIAN_POINT('',(40.220584412272,70.254415587728));
#1092 = CARTESIAN_POINT('',(43.6,73.633831175457));
#1093 = ( GEOMETRIC_REPRESENTATION_CONTEXT(2) 
PARAMETRIC_REPRESENTATION_CONTEXT() REPRESENTATION_CONTEXT('2D SPACE',''
  ) );
#1094 = PCURVE('',#178,#1095);
#1095 = DEFINITIONAL_REPRESENTATION('',(#1096),#1099);
#1096 = B_SPLINE_CURVE_WITH_KNOTS('',1,(#1097,#1098),.UNSPECIFIED.,.F.,
  .F.,(2,2),(36.021373958715,40.800589315776),.PIECEWISE_BEZIER_KNOTS.);
#1097 = CARTESIAN_POINT('',(6.074873734153,-1.));
#1098 = CARTESIAN_POINT('',(1.295658377092,-1.));
#1099 = ( GEOMETRIC_REPRESENTATION_CONTEXT(2) 
PARAMETRIC_REPRESENTATION_CONTEXT() REPRESENTATION_CONTEXT('2D SPACE',''
  ) );
#1100 = ORIENTED_EDGE('',*,*,#1101,.T.);
#1101 = EDGE_CURVE('',#1081,#1102,#1104,.T.);
#1102 = VERTEX_POINT('',#1103);
#1103 = CARTESIAN_POINT('',(230.8,0.,34.275));
#1104 = SURFACE_CURVE('',#1105,(#1110,#1121),.PCURVE_S1.);
#1105 = CIRCLE('',#1106,3.6);
#1106 = AXIS2_PLACEMENT_3D('',#1107,#1108,#1109);
#1107 = CARTESIAN_POINT('',(230.8,0.,37.875));
#1108 = DIRECTION('',(0.,-1.,-0.));
#1109 = DIRECTION('',(-0.707106781187,-0.,0.707106781187));
#1110 = PCURVE('',#72,#1111);
#1111 = DEFINITIONAL_REPRESENTATION('',(#1112),#1120);
#1112 = ( BOUNDED_CURVE() B_SPLINE_CURVE(2,(#1113,#1114,#1115,#1116,
#1117,#1118,#1119),.UNSPECIFIED.,.T.,.F.) B_SPLINE_CURVE_WITH_KNOTS((1,2
    ,2,2,2,1),(-2.094395102393,0.,2.094395102393,4.188790204786,
6.28318530718,8.377580409573),.UNSPECIFIED.) CURVE() 
GEOMETRIC_REPRESENTATION_ITEM() RATIONAL_B_SPLINE_CURVE((1.,0.5,1.,0.5,
1.,0.5,1.)) REPRESENTATION_ITEM('') );
#1113 = CARTESIAN_POINT('',(40.220584412272,70.254415587728));
#1114 = CARTESIAN_POINT('',(35.811502875262,65.845334050719));
#1115 = CARTESIAN_POINT('',(34.197667025359,71.868251437631));
#1116 = CARTESIAN_POINT('',(32.583831175457,77.891168824543));
#1117 = CARTESIAN_POINT('',(38.606748562369,76.277332974641));
#1118 = CARTESIAN_POINT('',(44.629665949281,74.663497124738));
#1119 = CARTESIAN_POINT('',(40.220584412272,70.254415587728));
#1120 = ( GEOMETRIC_REPRESENTATION_CONTEXT(2) 
PARAMETRIC_REPRESENTATION_CONTEXT() REPRESENTATION_CONTEXT('2D SPACE',''
  ) );
#1121 = PCURVE('',#1122,#1127);
#1122 = CYLINDRICAL_SURFACE('',#1123,3.6);
#1123 = AXIS2_PLACEMENT_3D('',#1124,#1125,#1126);
#1124 = CARTESIAN_POINT('',(230.8,-1.,37.875));
#1125 = DIRECTION('',(0.,-1.,-0.));
#1126 = DIRECTION('',(-0.707106781187,-0.,0.707106781187));
#1127 = DEFINITIONAL_REPRESENTATION('',(#1128),#1132);
#1128 = LINE('',#1129,#1130);
#1129 = CARTESIAN_POINT('',(0.,-1.));
#1130 = VECTOR('',#1131,1.);
#1131 = DIRECTION('',(1.,0.));
#1132 = ( GEOMETRIC_REPRESENTATION_CONTEXT(2) 
PARAMETRIC_REPRESENTATION_CONTEXT() REPRESENTATION_CONTEXT('2D SPACE',''
  ) );
#1133 = ORIENTED_EDGE('',*,*,#1134,.F.);
#1134 = EDGE_CURVE('',#1135,#1102,#1137,.T.);
#1135 = VERTEX_POINT('',#1136);
#1136 = CARTESIAN_POINT('',(234.3,0.,34.275));
#1137 = SURFACE_CURVE('',#1138,(#1142,#1148),.PCURVE_S1.);
#1138 = LINE('',#1139,#1140);
#1139 = CARTESIAN_POINT('',(194.4,0.,34.275));
#1140 = VECTOR('',#1141,1.);
#1141 = DIRECTION('',(-1.,0.,0.));
#1142 = PCURVE('',#72,#1143);
#1143 = DEFINITIONAL_REPRESENTATION('',(#1144),#1147);
#1144 = B_SPLINE_CURVE_WITH_KNOTS('',1,(#1145,#1146),.UNSPECIFIED.,.F.,
  .F.,(2,2),(-39.9,-36.4),.PIECEWISE_BEZIER_KNOTS.);
#1145 = CARTESIAN_POINT('',(34.075,76.3));
#1146 = CARTESIAN_POINT('',(34.075,72.8));
#1147 = ( GEOMETRIC_REPRESENTATION_CONTEXT(2) 
PARAMETRIC_REPRESENTATION_CONTEXT() REPRESENTATION_CONTEXT('2D SPACE',''
  ) );
#1148 = PCURVE('',#1149,#1154);
#1149 = PLANE('',#1150);
#1150 = AXIS2_PLACEMENT_3D('',#1151,#1152,#1153);
#1151 = CARTESIAN_POINT('',(230.8,-1.,34.275));
#1152 = DIRECTION('',(0.,0.,-1.));
#1153 = DIRECTION('',(1.,0.,0.));
#1154 = DEFINITIONAL_REPRESENTATION('',(#1155),#1158);
#1155 = B_SPLINE_CURVE_WITH_KNOTS('',1,(#1156,#1157),.UNSPECIFIED.,.F.,
  .F.,(2,2),(-39.9,-36.4),.PIECEWISE_BEZIER_KNOTS.);
#1156 = CARTESIAN_POINT('',(3.5,-1.));
#1157 = CARTESIAN_POINT('',(0.,-1.));
#1158 = ( GEOMETRIC_REPRESENTATION_CONTEXT(2) 
PARAMETRIC_REPRESENTATION_CONTEXT() REPRESENTATION_CONTEXT('2D SPACE',''
  ) );
#1159 = ORIENTED_EDGE('',*,*,#1160,.T.);
#1160 = EDGE_CURVE('',#1135,#1161,#1163,.T.);
#1161 = VERTEX_POINT('',#1162);
#1162 = CARTESIAN_POINT('',(236.84558441227,0.,40.420584412272));
#1163 = SURFACE_CURVE('',#1164,(#1169,#1180),.PCURVE_S1.);
#1164 = CIRCLE('',#1165,3.6);
#1165 = AXIS2_PLACEMENT_3D('',#1166,#1167,#1168);
#1166 = CARTESIAN_POINT('',(234.3,0.,37.875));
#1167 = DIRECTION('',(0.,-1.,0.));
#1168 = DIRECTION('',(0.,0.,-1.));
#1169 = PCURVE('',#72,#1170);
#1170 = DEFINITIONAL_REPRESENTATION('',(#1171),#1179);
#1171 = ( BOUNDED_CURVE() B_SPLINE_CURVE(2,(#1172,#1173,#1174,#1175,
#1176,#1177,#1178),.UNSPECIFIED.,.T.,.F.) B_SPLINE_CURVE_WITH_KNOTS((1,2
    ,2,2,2,1),(-2.094395102393,0.,2.094395102393,4.188790204786,
6.28318530718,8.377580409573),.UNSPECIFIED.) CURVE() 
GEOMETRIC_REPRESENTATION_ITEM() RATIONAL_B_SPLINE_CURVE((1.,0.5,1.,0.5,
1.,0.5,1.)) REPRESENTATION_ITEM('') );
#1172 = CARTESIAN_POINT('',(34.075,76.3));
#1173 = CARTESIAN_POINT('',(34.075,82.535382907248));
#1174 = CARTESIAN_POINT('',(39.475,79.417691453624));
#1175 = CARTESIAN_POINT('',(44.875,76.3));
#1176 = CARTESIAN_POINT('',(39.475,73.182308546376));
#1177 = CARTESIAN_POINT('',(34.075,70.064617092752));
#1178 = CARTESIAN_POINT('',(34.075,76.3));
#1179 = ( GEOMETRIC_REPRESENTATION_CONTEXT(2) 
PARAMETRIC_REPRESENTATION_CONTEXT() REPRESENTATION_CONTEXT('2D SPACE',''
  ) );
#1180 = PCURVE('',#1181,#1186);
#1181 = CYLINDRICAL_SURFACE('',#1182,3.6);
#1182 = AXIS2_PLACEMENT_3D('',#1183,#1184,#1185);
#1183 = CARTESIAN_POINT('',(234.3,-1.,37.875));
#1184 = DIRECTION('',(0.,-1.,0.));
#1185 = DIRECTION('',(0.,0.,-1.));
#1186 = DEFINITIONAL_REPRESENTATION('',(#1187),#1191);
#1187 = LINE('',#1188,#1189);
#1188 = CARTESIAN_POINT('',(0.,-1.));
#1189 = VECTOR('',#1190,1.);
#1190 = DIRECTION('',(1.,0.));
#1191 = ( GEOMETRIC_REPRESENTATION_CONTEXT(2) 
PARAMETRIC_REPRESENTATION_CONTEXT() REPRESENTATION_CONTEXT('2D SPACE',''
  ) );
#1192 = ORIENTED_EDGE('',*,*,#1193,.F.);
#1193 = EDGE_CURVE('',#1194,#1161,#1196,.T.);
#1194 = VERTEX_POINT('',#1195);
#1195 = CARTESIAN_POINT('',(233.46616882454,0.,43.8));
#1196 = SURFACE_CURVE('',#1197,(#1201,#1207),.PCURVE_S1.);
#1197 = LINE('',#1198,#1199);
#1198 = CARTESIAN_POINT('',(227.18933441227,0.,50.076834412272));
#1199 = VECTOR('',#1200,1.);
#1200 = DIRECTION('',(0.707106781187,0.,-0.707106781187));
#1201 = PCURVE('',#72,#1202);
#1202 = DEFINITIONAL_REPRESENTATION('',(#1203),#1206);
#1203 = B_SPLINE_CURVE_WITH_KNOTS('',1,(#1204,#1205),.UNSPECIFIED.,.F.,
  .F.,(2,2),(8.876784354605,13.655999711665),.PIECEWISE_BEZIER_KNOTS.);
#1204 = CARTESIAN_POINT('',(43.6,75.466168824543));
#1205 = CARTESIAN_POINT('',(40.220584412272,78.845584412272));
#1206 = ( GEOMETRIC_REPRESENTATION_CONTEXT(2) 
PARAMETRIC_REPRESENTATION_CONTEXT() REPRESENTATION_CONTEXT('2D SPACE',''
  ) );
#1207 = PCURVE('',#1208,#1213);
#1208 = PLANE('',#1209);
#1209 = AXIS2_PLACEMENT_3D('',#1210,#1211,#1212);
#1210 = CARTESIAN_POINT('',(236.84558441227,-1.,40.420584412272));
#1211 = DIRECTION('',(0.707106781187,0.,0.707106781187));
#1212 = DIRECTION('',(-0.707106781187,0.,0.707106781187));
#1213 = DEFINITIONAL_REPRESENTATION('',(#1214),#1217);
#1214 = B_SPLINE_CURVE_WITH_KNOTS('',1,(#1215,#1216),.UNSPECIFIED.,.F.,
  .F.,(2,2),(8.876784354605,13.655999711665),.PIECEWISE_BEZIER_KNOTS.);
#1215 = CARTESIAN_POINT('',(4.779215357061,-1.));
#1216 = CARTESIAN_POINT('',(0.,-1.));
#1217 = ( GEOMETRIC_REPRESENTATION_CONTEXT(2) 
PARAMETRIC_REPRESENTATION_CONTEXT() REPRESENTATION_CONTEXT('2D SPACE',''
  ) );
#1218 = ORIENTED_EDGE('',*,*,#1219,.T.);
#1219 = EDGE_CURVE('',#1194,#1055,#1220,.T.);
#1220 = SURFACE_CURVE('',#1221,(#1225,#1232),.PCURVE_S1.);
#1221 = LINE('',#1222,#1223);
#1222 = CARTESIAN_POINT('',(158.,0.,43.8));
#1223 = VECTOR('',#1224,1.);
#1224 = DIRECTION('',(1.,0.,0.));
#1225 = PCURVE('',#72,#1226);
#1226 = DEFINITIONAL_REPRESENTATION('',(#1227),#1231);
#1227 = LINE('',#1228,#1229);
#1228 = CARTESIAN_POINT('',(43.6,0.));
#1229 = VECTOR('',#1230,1.);
#1230 = DIRECTION('',(0.,1.));
#1231 = ( GEOMETRIC_REPRESENTATION_CONTEXT(2) 
PARAMETRIC_REPRESENTATION_CONTEXT() REPRESENTATION_CONTEXT('2D SPACE',''
  ) );
#1232 = PCURVE('',#1233,#1238);
#1233 = PLANE('',#1234);
#1234 = AXIS2_PLACEMENT_3D('',#1235,#1236,#1237);
#1235 = CARTESIAN_POINT('',(158.,0.,43.8));
#1236 = DIRECTION('',(0.,0.,1.));
#1237 = DIRECTION('',(1.,0.,0.));
#1238 = DEFINITIONAL_REPRESENTATION('',(#1239),#1243);
#1239 = LINE('',#1240,#1241);
#1240 = CARTESIAN_POINT('',(0.,0.));
#1241 = VECTOR('',#1242,1.);
#1242 = DIRECTION('',(1.,0.));
#1243 = ( GEOMETRIC_REPRESENTATION_CONTEXT(2) 
PARAMETRIC_REPRESENTATION_CONTEXT() REPRESENTATION_CONTEXT('2D SPACE',''
  ) );
#1244 = FACE_BOUND('',#1245,.F.);
#1245 = EDGE_LOOP('',(#1246,#1274,#1307,#1333,#1359));
#1246 = ORIENTED_EDGE('',*,*,#1247,.F.);
#1247 = EDGE_CURVE('',#1248,#1250,#1252,.T.);
#1248 = VERTEX_POINT('',#1249);
#1249 = CARTESIAN_POINT('',(234.3,0.,2.525));
#1250 = VERTEX_POINT('',#1251);
#1251 = CARTESIAN_POINT('',(230.8,0.,2.525));
#1252 = SURFACE_CURVE('',#1253,(#1257,#1263),.PCURVE_S1.);
#1253 = LINE('',#1254,#1255);
#1254 = CARTESIAN_POINT('',(194.4,0.,2.525));
#1255 = VECTOR('',#1256,1.);
#1256 = DIRECTION('',(-1.,0.,0.));
#1257 = PCURVE('',#72,#1258);
#1258 = DEFINITIONAL_REPRESENTATION('',(#1259),#1262);
#1259 = B_SPLINE_CURVE_WITH_KNOTS('',1,(#1260,#1261),.UNSPECIFIED.,.F.,
  .F.,(2,2),(-39.9,-36.4),.PIECEWISE_BEZIER_KNOTS.);
#1260 = CARTESIAN_POINT('',(2.325,76.3));
#1261 = CARTESIAN_POINT('',(2.325,72.8));
#1262 = ( GEOMETRIC_REPRESENTATION_CONTEXT(2) 
PARAMETRIC_REPRESENTATION_CONTEXT() REPRESENTATION_CONTEXT('2D SPACE',''
  ) );
#1263 = PCURVE('',#1264,#1269);
#1264 = PLANE('',#1265);
#1265 = AXIS2_PLACEMENT_3D('',#1266,#1267,#1268);
#1266 = CARTESIAN_POINT('',(230.8,-1.,2.525));
#1267 = DIRECTION('',(0.,0.,-1.));
#1268 = DIRECTION('',(1.,0.,0.));
#1269 = DEFINITIONAL_REPRESENTATION('',(#1270),#1273);
#1270 = B_SPLINE_CURVE_WITH_KNOTS('',1,(#1271,#1272),.UNSPECIFIED.,.F.,
  .F.,(2,2),(-39.9,-36.4),.PIECEWISE_BEZIER_KNOTS.);
#1271 = CARTESIAN_POINT('',(3.5,-1.));
#1272 = CARTESIAN_POINT('',(0.,-1.));
#1273 = ( GEOMETRIC_REPRESENTATION_CONTEXT(2) 
PARAMETRIC_REPRESENTATION_CONTEXT() REPRESENTATION_CONTEXT('2D SPACE',''
  ) );
#1274 = ORIENTED_EDGE('',*,*,#1275,.T.);
#1275 = EDGE_CURVE('',#1248,#1276,#1278,.T.);
#1276 = VERTEX_POINT('',#1277);
#1277 = CARTESIAN_POINT('',(236.84558441227,0.,8.670584412272));
#1278 = SURFACE_CURVE('',#1279,(#1284,#1295),.PCURVE_S1.);
#1279 = CIRCLE('',#1280,3.6);
#1280 = AXIS2_PLACEMENT_3D('',#1281,#1282,#1283);
#1281 = CARTESIAN_POINT('',(234.3,0.,6.125));
#1282 = DIRECTION('',(0.,-1.,0.));
#1283 = DIRECTION('',(0.,0.,-1.));
#1284 = PCURVE('',#72,#1285);
#1285 = DEFINITIONAL_REPRESENTATION('',(#1286),#1294);
#1286 = ( BOUNDED_CURVE() B_SPLINE_CURVE(2,(#1287,#1288,#1289,#1290,
#1291,#1292,#1293),.UNSPECIFIED.,.T.,.F.) B_SPLINE_CURVE_WITH_KNOTS((1,2
    ,2,2,2,1),(-2.094395102393,0.,2.094395102393,4.188790204786,
6.28318530718,8.377580409573),.UNSPECIFIED.) CURVE() 
GEOMETRIC_REPRESENTATION_ITEM() RATIONAL_B_SPLINE_CURVE((1.,0.5,1.,0.5,
1.,0.5,1.)) REPRESENTATION_ITEM('') );
#1287 = CARTESIAN_POINT('',(2.325,76.3));
#1288 = CARTESIAN_POINT('',(2.325,82.535382907248));
#1289 = CARTESIAN_POINT('',(7.725,79.417691453624));
#1290 = CARTESIAN_POINT('',(13.125,76.3));
#1291 = CARTESIAN_POINT('',(7.725,73.182308546376));
#1292 = CARTESIAN_POINT('',(2.325,70.064617092752));
#1293 = CARTESIAN_POINT('',(2.325,76.3));
#1294 = ( GEOMETRIC_REPRESENTATION_CONTEXT(2) 
PARAMETRIC_REPRESENTATION_CONTEXT() REPRESENTATION_CONTEXT('2D SPACE',''
  ) );
#1295 = PCURVE('',#1296,#1301);
#1296 = CYLINDRICAL_SURFACE('',#1297,3.6);
#1297 = AXIS2_PLACEMENT_3D('',#1298,#1299,#1300);
#1298 = CARTESIAN_POINT('',(234.3,-1.,6.125));
#1299 = DIRECTION('',(0.,-1.,0.));
#1300 = DIRECTION('',(0.,0.,-1.));
#1301 = DEFINITIONAL_REPRESENTATION('',(#1302),#1306);
#1302 = LINE('',#1303,#1304);
#1303 = CARTESIAN_POINT('',(0.,-1.));
#1304 = VECTOR('',#1305,1.);
#1305 = DIRECTION('',(1.,0.));
#1306 = ( GEOMETRIC_REPRESENTATION_CONTEXT(2) 
PARAMETRIC_REPRESENTATION_CONTEXT() REPRESENTATION_CONTEXT('2D SPACE',''
  ) );
#1307 = ORIENTED_EDGE('',*,*,#1308,.F.);
#1308 = EDGE_CURVE('',#1309,#1276,#1311,.T.);
#1309 = VERTEX_POINT('',#1310);
#1310 = CARTESIAN_POINT('',(232.55,0.,12.966168824543));
#1311 = SURFACE_CURVE('',#1312,(#1316,#1322),.PCURVE_S1.);
#1312 = LINE('',#1313,#1314);
#1313 = CARTESIAN_POINT('',(219.25183441227,1.110223024625E-16,
    26.264334412272));
#1314 = VECTOR('',#1315,1.);
#1315 = DIRECTION('',(0.707106781187,0.,-0.707106781187));
#1316 = PCURVE('',#72,#1317);
#1317 = DEFINITIONAL_REPRESENTATION('',(#1318),#1321);
#1318 = B_SPLINE_CURVE_WITH_KNOTS('',1,(#1319,#1320),.UNSPECIFIED.,.F.,
  .F.,(2,2),(18.806446128849,24.881319863002),.PIECEWISE_BEZIER_KNOTS.);
#1319 = CARTESIAN_POINT('',(12.766168824543,74.55));
#1320 = CARTESIAN_POINT('',(8.470584412272,78.845584412272));
#1321 = ( GEOMETRIC_REPRESENTATION_CONTEXT(2) 
PARAMETRIC_REPRESENTATION_CONTEXT() REPRESENTATION_CONTEXT('2D SPACE',''
  ) );
#1322 = PCURVE('',#1323,#1328);
#1323 = PLANE('',#1324);
#1324 = AXIS2_PLACEMENT_3D('',#1325,#1326,#1327);
#1325 = CARTESIAN_POINT('',(236.84558441227,-1.,8.670584412272));
#1326 = DIRECTION('',(0.707106781187,0.,0.707106781187));
#1327 = DIRECTION('',(-0.707106781187,0.,0.707106781187));
#1328 = DEFINITIONAL_REPRESENTATION('',(#1329),#1332);
#1329 = B_SPLINE_CURVE_WITH_KNOTS('',1,(#1330,#1331),.UNSPECIFIED.,.F.,
  .F.,(2,2),(18.806446128849,24.881319863002),.PIECEWISE_BEZIER_KNOTS.);
#1330 = CARTESIAN_POINT('',(6.074873734153,-1.));
#1331 = CARTESIAN_POINT('',(0.,-1.));
#1332 = ( GEOMETRIC_REPRESENTATION_CONTEXT(2) 
PARAMETRIC_REPRESENTATION_CONTEXT() REPRESENTATION_CONTEXT('2D SPACE',''
  ) );
#1333 = ORIENTED_EDGE('',*,*,#1334,.F.);
#1334 = EDGE_CURVE('',#1335,#1309,#1337,.T.);
#1335 = VERTEX_POINT('',#1336);
#1336 = CARTESIAN_POINT('',(228.25441558772,0.,8.670584412272));
#1337 = SURFACE_CURVE('',#1338,(#1342,#1348),.PCURVE_S1.);
#1338 = LINE('',#1339,#1340);
#1339 = CARTESIAN_POINT('',(210.72095779386,1.110223024625E-16,
    -8.862873381593));
#1340 = VECTOR('',#1341,1.);
#1341 = DIRECTION('',(0.707106781187,-0.,0.707106781187));
#1342 = PCURVE('',#72,#1343);
#1343 = DEFINITIONAL_REPRESENTATION('',(#1344),#1347);
#1344 = B_SPLINE_CURVE_WITH_KNOTS('',1,(#1345,#1346),.UNSPECIFIED.,.F.,
  .F.,(2,2),(24.796053807379,30.870927541532),.PIECEWISE_BEZIER_KNOTS.);
#1345 = CARTESIAN_POINT('',(8.470584412272,70.254415587728));
#1346 = CARTESIAN_POINT('',(12.766168824543,74.55));
#1347 = ( GEOMETRIC_REPRESENTATION_CONTEXT(2) 
PARAMETRIC_REPRESENTATION_CONTEXT() REPRESENTATION_CONTEXT('2D SPACE',''
  ) );
#1348 = PCURVE('',#1349,#1354);
#1349 = PLANE('',#1350);
#1350 = AXIS2_PLACEMENT_3D('',#1351,#1352,#1353);
#1351 = CARTESIAN_POINT('',(232.55,-1.,12.966168824543));
#1352 = DIRECTION('',(-0.707106781187,0.,0.707106781187));
#1353 = DIRECTION('',(-0.707106781187,0.,-0.707106781187));
#1354 = DEFINITIONAL_REPRESENTATION('',(#1355),#1358);
#1355 = B_SPLINE_CURVE_WITH_KNOTS('',1,(#1356,#1357),.UNSPECIFIED.,.F.,
  .F.,(2,2),(24.796053807379,30.870927541532),.PIECEWISE_BEZIER_KNOTS.);
#1356 = CARTESIAN_POINT('',(6.074873734153,-1.));
#1357 = CARTESIAN_POINT('',(0.,-1.));
#1358 = ( GEOMETRIC_REPRESENTATION_CONTEXT(2) 
PARAMETRIC_REPRESENTATION_CONTEXT() REPRESENTATION_CONTEXT('2D SPACE',''
  ) );
#1359 = ORIENTED_EDGE('',*,*,#1360,.T.);
#1360 = EDGE_CURVE('',#1335,#1250,#1361,.T.);
#1361 = SURFACE_CURVE('',#1362,(#1367,#1378),.PCURVE_S1.);
#1362 = CIRCLE('',#1363,3.6);
#1363 = AXIS2_PLACEMENT_3D('',#1364,#1365,#1366);
#1364 = CARTESIAN_POINT('',(230.8,0.,6.125));
#1365 = DIRECTION('',(0.,-1.,-0.));
#1366 = DIRECTION('',(-0.707106781187,-0.,0.707106781187));
#1367 = PCURVE('',#72,#1368);
#1368 = DEFINITIONAL_REPRESENTATION('',(#1369),#1377);
#1369 = ( BOUNDED_CURVE() B_SPLINE_CURVE(2,(#1370,#1371,#1372,#1373,
#1374,#1375,#1376),.UNSPECIFIED.,.T.,.F.) B_SPLINE_CURVE_WITH_KNOTS((1,2
    ,2,2,2,1),(-2.094395102393,0.,2.094395102393,4.188790204786,
6.28318530718,8.377580409573),.UNSPECIFIED.) CURVE() 
GEOMETRIC_REPRESENTATION_ITEM() RATIONAL_B_SPLINE_CURVE((1.,0.5,1.,0.5,
1.,0.5,1.)) REPRESENTATION_ITEM('') );
#1370 = CARTESIAN_POINT('',(8.470584412272,70.254415587728));
#1371 = CARTESIAN_POINT('',(4.061502875262,65.845334050719));
#1372 = CARTESIAN_POINT('',(2.447667025359,71.868251437631));
#1373 = CARTESIAN_POINT('',(0.833831175457,77.891168824543));
#1374 = CARTESIAN_POINT('',(6.856748562369,76.277332974641));
#1375 = CARTESIAN_POINT('',(12.879665949281,74.663497124738));
#1376 = CARTESIAN_POINT('',(8.470584412272,70.254415587728));
#1377 = ( GEOMETRIC_REPRESENTATION_CONTEXT(2) 
PARAMETRIC_REPRESENTATION_CONTEXT() REPRESENTATION_CONTEXT('2D SPACE',''
  ) );
#1378 = PCURVE('',#1379,#1384);
#1379 = CYLINDRICAL_SURFACE('',#1380,3.6);
#1380 = AXIS2_PLACEMENT_3D('',#1381,#1382,#1383);
#1381 = CARTESIAN_POINT('',(230.8,-1.,6.125));
#1382 = DIRECTION('',(0.,-1.,-0.));
#1383 = DIRECTION('',(-0.707106781187,-0.,0.707106781187));
#1384 = DEFINITIONAL_REPRESENTATION('',(#1385),#1389);
#1385 = LINE('',#1386,#1387);
#1386 = CARTESIAN_POINT('',(0.,-1.));
#1387 = VECTOR('',#1388,1.);
#1388 = DIRECTION('',(1.,0.));
#1389 = ( GEOMETRIC_REPRESENTATION_CONTEXT(2) 
PARAMETRIC_REPRESENTATION_CONTEXT() REPRESENTATION_CONTEXT('2D SPACE',''
  ) );
#1390 = FACE_BOUND('',#1391,.F.);
#1391 = EDGE_LOOP('',(#1392,#1420,#1453,#1479,#1505));
#1392 = ORIENTED_EDGE('',*,*,#1393,.F.);
#1393 = EDGE_CURVE('',#1394,#1396,#1398,.T.);
#1394 = VERTEX_POINT('',#1395);
#1395 = CARTESIAN_POINT('',(234.3,0.,18.4));
#1396 = VERTEX_POINT('',#1397);
#1397 = CARTESIAN_POINT('',(230.8,0.,18.4));
#1398 = SURFACE_CURVE('',#1399,(#1403,#1409),.PCURVE_S1.);
#1399 = LINE('',#1400,#1401);
#1400 = CARTESIAN_POINT('',(194.4,0.,18.4));
#1401 = VECTOR('',#1402,1.);
#1402 = DIRECTION('',(-1.,0.,0.));
#1403 = PCURVE('',#72,#1404);
#1404 = DEFINITIONAL_REPRESENTATION('',(#1405),#1408);
#1405 = B_SPLINE_CURVE_WITH_KNOTS('',1,(#1406,#1407),.UNSPECIFIED.,.F.,
  .F.,(2,2),(-39.9,-36.4),.PIECEWISE_BEZIER_KNOTS.);
#1406 = CARTESIAN_POINT('',(18.2,76.3));
#1407 = CARTESIAN_POINT('',(18.2,72.8));
#1408 = ( GEOMETRIC_REPRESENTATION_CONTEXT(2) 
PARAMETRIC_REPRESENTATION_CONTEXT() REPRESENTATION_CONTEXT('2D SPACE',''
  ) );
#1409 = PCURVE('',#1410,#1415);
#1410 = PLANE('',#1411);
#1411 = AXIS2_PLACEMENT_3D('',#1412,#1413,#1414);
#1412 = CARTESIAN_POINT('',(230.8,-1.,18.4));
#1413 = DIRECTION('',(0.,0.,-1.));
#1414 = DIRECTION('',(1.,0.,0.));
#1415 = DEFINITIONAL_REPRESENTATION('',(#1416),#1419);
#1416 = B_SPLINE_CURVE_WITH_KNOTS('',1,(#1417,#1418),.UNSPECIFIED.,.F.,
  .F.,(2,2),(-39.9,-36.4),.PIECEWISE_BEZIER_KNOTS.);
#1417 = CARTESIAN_POINT('',(3.5,-1.));
#1418 = CARTESIAN_POINT('',(0.,-1.));
#1419 = ( GEOMETRIC_REPRESENTATION_CONTEXT(2) 
PARAMETRIC_REPRESENTATION_CONTEXT() REPRESENTATION_CONTEXT('2D SPACE',''
  ) );
#1420 = ORIENTED_EDGE('',*,*,#1421,.T.);
#1421 = EDGE_CURVE('',#1394,#1422,#1424,.T.);
#1422 = VERTEX_POINT('',#1423);
#1423 = CARTESIAN_POINT('',(236.84558441227,0.,24.545584412272));
#1424 = SURFACE_CURVE('',#1425,(#1430,#1441),.PCURVE_S1.);
#1425 = CIRCLE('',#1426,3.6);
#1426 = AXIS2_PLACEMENT_3D('',#1427,#1428,#1429);
#1427 = CARTESIAN_POINT('',(234.3,0.,22.));
#1428 = DIRECTION('',(0.,-1.,0.));
#1429 = DIRECTION('',(0.,0.,-1.));
#1430 = PCURVE('',#72,#1431);
#1431 = DEFINITIONAL_REPRESENTATION('',(#1432),#1440);
#1432 = ( BOUNDED_CURVE() B_SPLINE_CURVE(2,(#1433,#1434,#1435,#1436,
#1437,#1438,#1439),.UNSPECIFIED.,.T.,.F.) B_SPLINE_CURVE_WITH_KNOTS((1,2
    ,2,2,2,1),(-2.094395102393,0.,2.094395102393,4.188790204786,
6.28318530718,8.377580409573),.UNSPECIFIED.) CURVE() 
GEOMETRIC_REPRESENTATION_ITEM() RATIONAL_B_SPLINE_CURVE((1.,0.5,1.,0.5,
1.,0.5,1.)) REPRESENTATION_ITEM('') );
#1433 = CARTESIAN_POINT('',(18.2,76.3));
#1434 = CARTESIAN_POINT('',(18.2,82.535382907248));
#1435 = CARTESIAN_POINT('',(23.6,79.417691453624));
#1436 = CARTESIAN_POINT('',(29.,76.3));
#1437 = CARTESIAN_POINT('',(23.6,73.182308546376));
#1438 = CARTESIAN_POINT('',(18.2,70.064617092752));
#1439 = CARTESIAN_POINT('',(18.2,76.3));
#1440 = ( GEOMETRIC_REPRESENTATION_CONTEXT(2) 
PARAMETRIC_REPRESENTATION_CONTEXT() REPRESENTATION_CONTEXT('2D SPACE',''
  ) );
#1441 = PCURVE('',#1442,#1447);
#1442 = CYLINDRICAL_SURFACE('',#1443,3.6);
#1443 = AXIS2_PLACEMENT_3D('',#1444,#1445,#1446);
#1444 = CARTESIAN_POINT('',(234.3,-1.,22.));
#1445 = DIRECTION('',(0.,-1.,0.));
#1446 = DIRECTION('',(0.,0.,-1.));
#1447 = DEFINITIONAL_REPRESENTATION('',(#1448),#1452);
#1448 = LINE('',#1449,#1450);
#1449 = CARTESIAN_POINT('',(0.,-1.));
#1450 = VECTOR('',#1451,1.);
#1451 = DIRECTION('',(1.,0.));
#1452 = ( GEOMETRIC_REPRESENTATION_CONTEXT(2) 
PARAMETRIC_REPRESENTATION_CONTEXT() REPRESENTATION_CONTEXT('2D SPACE',''
  ) );
#1453 = ORIENTED_EDGE('',*,*,#1454,.F.);
#1454 = EDGE_CURVE('',#1455,#1422,#1457,.T.);
#1455 = VERTEX_POINT('',#1456);
#1456 = CARTESIAN_POINT('',(232.55,0.,28.841168824543));
#1457 = SURFACE_CURVE('',#1458,(#1462,#1468),.PCURVE_S1.);
#1458 = LINE('',#1459,#1460);
#1459 = CARTESIAN_POINT('',(223.22058441227,1.110223024625E-16,
    38.170584412272));
#1460 = VECTOR('',#1461,1.);
#1461 = DIRECTION('',(0.707106781187,0.,-0.707106781187));
#1462 = PCURVE('',#72,#1463);
#1463 = DEFINITIONAL_REPRESENTATION('',(#1464),#1467);
#1464 = B_SPLINE_CURVE_WITH_KNOTS('',1,(#1465,#1466),.UNSPECIFIED.,.F.,
  .F.,(2,2),(13.193786053181,19.268659787333),.PIECEWISE_BEZIER_KNOTS.);
#1465 = CARTESIAN_POINT('',(28.641168824543,74.55));
#1466 = CARTESIAN_POINT('',(24.345584412272,78.845584412272));
#1467 = ( GEOMETRIC_REPRESENTATION_CONTEXT(2) 
PARAMETRIC_REPRESENTATION_CONTEXT() REPRESENTATION_CONTEXT('2D SPACE',''
  ) );
#1468 = PCURVE('',#1469,#1474);
#1469 = PLANE('',#1470);
#1470 = AXIS2_PLACEMENT_3D('',#1471,#1472,#1473);
#1471 = CARTESIAN_POINT('',(236.84558441227,-1.,24.545584412272));
#1472 = DIRECTION('',(0.707106781187,0.,0.707106781187));
#1473 = DIRECTION('',(-0.707106781187,0.,0.707106781187));
#1474 = DEFINITIONAL_REPRESENTATION('',(#1475),#1478);
#1475 = B_SPLINE_CURVE_WITH_KNOTS('',1,(#1476,#1477),.UNSPECIFIED.,.F.,
  .F.,(2,2),(13.193786053181,19.268659787333),.PIECEWISE_BEZIER_KNOTS.);
#1476 = CARTESIAN_POINT('',(6.074873734153,-1.));
#1477 = CARTESIAN_POINT('',(0.,-1.));
#1478 = ( GEOMETRIC_REPRESENTATION_CONTEXT(2) 
PARAMETRIC_REPRESENTATION_CONTEXT() REPRESENTATION_CONTEXT('2D SPACE',''
  ) );
#1479 = ORIENTED_EDGE('',*,*,#1480,.F.);
#1480 = EDGE_CURVE('',#1481,#1455,#1483,.T.);
#1481 = VERTEX_POINT('',#1482);
#1482 = CARTESIAN_POINT('',(228.25441558772,0.,24.545584412272));
#1483 = SURFACE_CURVE('',#1484,(#1488,#1494),.PCURVE_S1.);
#1484 = LINE('',#1485,#1486);
#1485 = CARTESIAN_POINT('',(206.75220779386,0.,3.043376618407));
#1486 = VECTOR('',#1487,1.);
#1487 = DIRECTION('',(0.707106781187,-0.,0.707106781187));
#1488 = PCURVE('',#72,#1489);
#1489 = DEFINITIONAL_REPRESENTATION('',(#1490),#1493);
#1490 = B_SPLINE_CURVE_WITH_KNOTS('',1,(#1491,#1492),.UNSPECIFIED.,.F.,
  .F.,(2,2),(30.408713883047,36.4835876172),.PIECEWISE_BEZIER_KNOTS.);
#1491 = CARTESIAN_POINT('',(24.345584412272,70.254415587728));
#1492 = CARTESIAN_POINT('',(28.641168824543,74.55));
#1493 = ( GEOMETRIC_REPRESENTATION_CONTEXT(2) 
PARAMETRIC_REPRESENTATION_CONTEXT() REPRESENTATION_CONTEXT('2D SPACE',''
  ) );
#1494 = PCURVE('',#1495,#1500);
#1495 = PLANE('',#1496);
#1496 = AXIS2_PLACEMENT_3D('',#1497,#1498,#1499);
#1497 = CARTESIAN_POINT('',(232.55,-1.,28.841168824543));
#1498 = DIRECTION('',(-0.707106781187,0.,0.707106781187));
#1499 = DIRECTION('',(-0.707106781187,0.,-0.707106781187));
#1500 = DEFINITIONAL_REPRESENTATION('',(#1501),#1504);
#1501 = B_SPLINE_CURVE_WITH_KNOTS('',1,(#1502,#1503),.UNSPECIFIED.,.F.,
  .F.,(2,2),(30.408713883047,36.4835876172),.PIECEWISE_BEZIER_KNOTS.);
#1502 = CARTESIAN_POINT('',(6.074873734153,-1.));
#1503 = CARTESIAN_POINT('',(0.,-1.));
#1504 = ( GEOMETRIC_REPRESENTATION_CONTEXT(2) 
PARAMETRIC_REPRESENTATION_CONTEXT() REPRESENTATION_CONTEXT('2D SPACE',''
  ) );
#1505 = ORIENTED_EDGE('',*,*,#1506,.T.);
#1506 = EDGE_CURVE('',#1481,#1396,#1507,.T.);
#1507 = SURFACE_CURVE('',#1508,(#1513,#1524),.PCURVE_S1.);
#1508 = CIRCLE('',#1509,3.6);
#1509 = AXIS2_PLACEMENT_3D('',#1510,#1511,#1512);
#1510 = CARTESIAN_POINT('',(230.8,0.,22.));
#1511 = DIRECTION('',(0.,-1.,-0.));
#1512 = DIRECTION('',(-0.707106781187,-0.,0.707106781187));
#1513 = PCURVE('',#72,#1514);
#1514 = DEFINITIONAL_REPRESENTATION('',(#1515),#1523);
#1515 = ( BOUNDED_CURVE() B_SPLINE_CURVE(2,(#1516,#1517,#1518,#1519,
#1520,#1521,#1522),.UNSPECIFIED.,.T.,.F.) B_SPLINE_CURVE_WITH_KNOTS((1,2
    ,2,2,2,1),(-2.094395102393,0.,2.094395102393,4.188790204786,
6.28318530718,8.377580409573),.UNSPECIFIED.) CURVE() 
GEOMETRIC_REPRESENTATION_ITEM() RATIONAL_B_SPLINE_CURVE((1.,0.5,1.,0.5,
1.,0.5,1.)) REPRESENTATION_ITEM('') );
#1516 = CARTESIAN_POINT('',(24.345584412272,70.254415587728));
#1517 = CARTESIAN_POINT('',(19.936502875262,65.845334050719));
#1518 = CARTESIAN_POINT('',(18.322667025359,71.868251437631));
#1519 = CARTESIAN_POINT('',(16.708831175457,77.891168824543));
#1520 = CARTESIAN_POINT('',(22.731748562369,76.277332974641));
#1521 = CARTESIAN_POINT('',(28.754665949281,74.663497124738));
#1522 = CARTESIAN_POINT('',(24.345584412272,70.254415587728));
#1523 = ( GEOMETRIC_REPRESENTATION_CONTEXT(2) 
PARAMETRIC_REPRESENTATION_CONTEXT() REPRESENTATION_CONTEXT('2D SPACE',''
  ) );
#1524 = PCURVE('',#1525,#1530);
#1525 = CYLINDRICAL_SURFACE('',#1526,3.6);
#1526 = AXIS2_PLACEMENT_3D('',#1527,#1528,#1529);
#1527 = CARTESIAN_POINT('',(230.8,-1.,22.));
#1528 = DIRECTION('',(0.,-1.,-0.));
#1529 = DIRECTION('',(-0.707106781187,-0.,0.707106781187));
#1530 = DEFINITIONAL_REPRESENTATION('',(#1531),#1535);
#1531 = LINE('',#1532,#1533);
#1532 = CARTESIAN_POINT('',(0.,-1.));
#1533 = VECTOR('',#1534,1.);
#1534 = DIRECTION('',(1.,0.));
#1535 = ( GEOMETRIC_REPRESENTATION_CONTEXT(2) 
PARAMETRIC_REPRESENTATION_CONTEXT() REPRESENTATION_CONTEXT('2D SPACE',''
  ) );
#1536 = ADVANCED_FACE('',(#1537,#1870,#2016,#2162,#2249),#289,.F.);
#1537 = FACE_BOUND('',#1538,.F.);
#1538 = EDGE_LOOP('',(#1539,#1540,#1541,#1562,#1563,#1585,#1618,#1644,
    #1670,#1703,#1731,#1764,#1790,#1816,#1849,#1869));
#1539 = ORIENTED_EDGE('',*,*,#882,.F.);
#1540 = ORIENTED_EDGE('',*,*,#1029,.T.);
#1541 = ORIENTED_EDGE('',*,*,#1542,.T.);
#1542 = EDGE_CURVE('',#1007,#246,#1543,.T.);
#1543 = SURFACE_CURVE('',#1544,(#1548,#1555),.PCURVE_S1.);
#1544 = LINE('',#1545,#1546);
#1545 = CARTESIAN_POINT('',(155.,206.,0.2));
#1546 = VECTOR('',#1547,1.);
#1547 = DIRECTION('',(0.,0.,1.));
#1548 = PCURVE('',#289,#1549);
#1549 = DEFINITIONAL_REPRESENTATION('',(#1550),#1554);
#1550 = LINE('',#1551,#1552);
#1551 = CARTESIAN_POINT('',(2.775557561563E-17,-202.8));
#1552 = VECTOR('',#1553,1.);
#1553 = DIRECTION('',(1.,0.));
#1554 = ( GEOMETRIC_REPRESENTATION_CONTEXT(2) 
PARAMETRIC_REPRESENTATION_CONTEXT() REPRESENTATION_CONTEXT('2D SPACE',''
  ) );
#1555 = PCURVE('',#261,#1556);
#1556 = DEFINITIONAL_REPRESENTATION('',(#1557),#1561);
#1557 = LINE('',#1558,#1559);
#1558 = CARTESIAN_POINT('',(2.775557561563E-17,-61.));
#1559 = VECTOR('',#1560,1.);
#1560 = DIRECTION('',(1.,0.));
#1561 = ( GEOMETRIC_REPRESENTATION_CONTEXT(2) 
PARAMETRIC_REPRESENTATION_CONTEXT() REPRESENTATION_CONTEXT('2D SPACE',''
  ) );
#1562 = ORIENTED_EDGE('',*,*,#273,.F.);
#1563 = ORIENTED_EDGE('',*,*,#1564,.F.);
#1564 = EDGE_CURVE('',#1565,#274,#1567,.T.);
#1565 = VERTEX_POINT('',#1566);
#1566 = CARTESIAN_POINT('',(155.,174.2,7.948912529314));
#1567 = SURFACE_CURVE('',#1568,(#1572,#1579),.PCURVE_S1.);
#1568 = LINE('',#1569,#1570);
#1569 = CARTESIAN_POINT('',(155.,174.2,3.05));
#1570 = VECTOR('',#1571,1.);
#1571 = DIRECTION('',(0.,0.,1.));
#1572 = PCURVE('',#289,#1573);
#1573 = DEFINITIONAL_REPRESENTATION('',(#1574),#1578);
#1574 = LINE('',#1575,#1576);
#1575 = CARTESIAN_POINT('',(2.85,-171.));
#1576 = VECTOR('',#1577,1.);
#1577 = DIRECTION('',(1.,0.));
#1578 = ( GEOMETRIC_REPRESENTATION_CONTEXT(2) 
PARAMETRIC_REPRESENTATION_CONTEXT() REPRESENTATION_CONTEXT('2D SPACE',''
  ) );
#1579 = PCURVE('',#317,#1580);
#1580 = DEFINITIONAL_REPRESENTATION('',(#1581),#1584);
#1581 = B_SPLINE_CURVE_WITH_KNOTS('',1,(#1582,#1583),.UNSPECIFIED.,.F.,
  .F.,(2,2),(2.85,40.75),.PIECEWISE_BEZIER_KNOTS.);
#1582 = CARTESIAN_POINT('',(0.,1.));
#1583 = CARTESIAN_POINT('',(37.9,1.));
#1584 = ( GEOMETRIC_REPRESENTATION_CONTEXT(2) 
PARAMETRIC_REPRESENTATION_CONTEXT() REPRESENTATION_CONTEXT('2D SPACE',''
  ) );
#1585 = ORIENTED_EDGE('',*,*,#1586,.T.);
#1586 = EDGE_CURVE('',#1565,#1587,#1589,.T.);
#1587 = VERTEX_POINT('',#1588);
#1588 = CARTESIAN_POINT('',(155.,174.99583694396,9.204163056034));
#1589 = SURFACE_CURVE('',#1590,(#1595,#1606),.PCURVE_S1.);
#1590 = CIRCLE('',#1591,3.4);
#1591 = AXIS2_PLACEMENT_3D('',#1592,#1593,#1594);
#1592 = CARTESIAN_POINT('',(155.,177.4,6.8));
#1593 = DIRECTION('',(-1.,-0.,0.));
#1594 = DIRECTION('',(0.,-8.35932630306E-15,-1.));
#1595 = PCURVE('',#289,#1596);
#1596 = DEFINITIONAL_REPRESENTATION('',(#1597),#1605);
#1597 = ( BOUNDED_CURVE() B_SPLINE_CURVE(2,(#1598,#1599,#1600,#1601,
#1602,#1603,#1604),.UNSPECIFIED.,.T.,.F.) B_SPLINE_CURVE_WITH_KNOTS((1,2
    ,2,2,2,1),(-2.094395102393,0.,2.094395102393,4.188790204786,
6.28318530718,8.377580409573),.UNSPECIFIED.) CURVE() 
GEOMETRIC_REPRESENTATION_ITEM() RATIONAL_B_SPLINE_CURVE((1.,0.5,1.,0.5,
1.,0.5,1.)) REPRESENTATION_ITEM('') );
#1598 = CARTESIAN_POINT('',(3.2,-174.2));
#1599 = CARTESIAN_POINT('',(3.2,-168.3110272542));
#1600 = CARTESIAN_POINT('',(8.3,-171.2555136271));
#1601 = CARTESIAN_POINT('',(13.4,-174.2));
#1602 = CARTESIAN_POINT('',(8.3,-177.1444863728));
#1603 = CARTESIAN_POINT('',(3.2,-180.0889727457));
#1604 = CARTESIAN_POINT('',(3.2,-174.2));
#1605 = ( GEOMETRIC_REPRESENTATION_CONTEXT(2) 
PARAMETRIC_REPRESENTATION_CONTEXT() REPRESENTATION_CONTEXT('2D SPACE',''
  ) );
#1606 = PCURVE('',#1607,#1612);
#1607 = CYLINDRICAL_SURFACE('',#1608,3.4);
#1608 = AXIS2_PLACEMENT_3D('',#1609,#1610,#1611);
#1609 = CARTESIAN_POINT('',(154.,177.4,6.8));
#1610 = DIRECTION('',(-1.,-0.,-0.));
#1611 = DIRECTION('',(0.,-8.35932630306E-15,-1.));
#1612 = DEFINITIONAL_REPRESENTATION('',(#1613),#1617);
#1613 = LINE('',#1614,#1615);
#1614 = CARTESIAN_POINT('',(-6.28318530718,-1.));
#1615 = VECTOR('',#1616,1.);
#1616 = DIRECTION('',(1.,-0.));
#1617 = ( GEOMETRIC_REPRESENTATION_CONTEXT(2) 
PARAMETRIC_REPRESENTATION_CONTEXT() REPRESENTATION_CONTEXT('2D SPACE',''
  ) );
#1618 = ORIENTED_EDGE('',*,*,#1619,.T.);
#1619 = EDGE_CURVE('',#1587,#1620,#1622,.T.);
#1620 = VERTEX_POINT('',#1621);
#1621 = CARTESIAN_POINT('',(155.,177.4,11.608326112069));
#1622 = SURFACE_CURVE('',#1623,(#1627,#1633),.PCURVE_S1.);
#1623 = LINE('',#1624,#1625);
#1624 = CARTESIAN_POINT('',(155.,130.99791847198,-34.79375541594));
#1625 = VECTOR('',#1626,1.);
#1626 = DIRECTION('',(-0.,0.707106781187,0.707106781187));
#1627 = PCURVE('',#289,#1628);
#1628 = DEFINITIONAL_REPRESENTATION('',(#1629),#1632);
#1629 = B_SPLINE_CURVE_WITH_KNOTS('',1,(#1630,#1631),.UNSPECIFIED.,.F.,
  .F.,(2,2),(62.222453019264,65.622453019264),.PIECEWISE_BEZIER_KNOTS.);
#1630 = CARTESIAN_POINT('',(9.004163056034,-171.7958369439));
#1631 = CARTESIAN_POINT('',(11.408326112069,-174.2));
#1632 = ( GEOMETRIC_REPRESENTATION_CONTEXT(2) 
PARAMETRIC_REPRESENTATION_CONTEXT() REPRESENTATION_CONTEXT('2D SPACE',''
  ) );
#1633 = PCURVE('',#1634,#1639);
#1634 = PLANE('',#1635);
#1635 = AXIS2_PLACEMENT_3D('',#1636,#1637,#1638);
#1636 = CARTESIAN_POINT('',(154.,177.4,11.608326112069));
#1637 = DIRECTION('',(0.,0.707106781187,-0.707106781187));
#1638 = DIRECTION('',(0.,-0.707106781187,-0.707106781187));
#1639 = DEFINITIONAL_REPRESENTATION('',(#1640),#1643);
#1640 = B_SPLINE_CURVE_WITH_KNOTS('',1,(#1641,#1642),.UNSPECIFIED.,.F.,
  .F.,(2,2),(62.222453019264,65.622453019264),.PIECEWISE_BEZIER_KNOTS.);
#1641 = CARTESIAN_POINT('',(3.4,-1.));
#1642 = CARTESIAN_POINT('',(0.,-1.));
#1643 = ( GEOMETRIC_REPRESENTATION_CONTEXT(2) 
PARAMETRIC_REPRESENTATION_CONTEXT() REPRESENTATION_CONTEXT('2D SPACE',''
  ) );
#1644 = ORIENTED_EDGE('',*,*,#1645,.T.);
#1645 = EDGE_CURVE('',#1620,#1646,#1648,.T.);
#1646 = VERTEX_POINT('',#1647);
#1647 = CARTESIAN_POINT('',(155.,179.80416305603,9.204163056034));
#1648 = SURFACE_CURVE('',#1649,(#1653,#1659),.PCURVE_S1.);
#1649 = LINE('',#1650,#1651);
#1650 = CARTESIAN_POINT('',(155.,137.90416305603,51.104163056034));
#1651 = VECTOR('',#1652,1.);
#1652 = DIRECTION('',(0.,0.707106781187,-0.707106781187));
#1653 = PCURVE('',#289,#1654);
#1654 = DEFINITIONAL_REPRESENTATION('',(#1655),#1658);
#1655 = B_SPLINE_CURVE_WITH_KNOTS('',1,(#1656,#1657),.UNSPECIFIED.,.F.,
  .F.,(2,2),(55.855548263433,59.255548263433),.PIECEWISE_BEZIER_KNOTS.);
#1656 = CARTESIAN_POINT('',(11.408326112069,-174.2));
#1657 = CARTESIAN_POINT('',(9.004163056034,-176.604163056));
#1658 = ( GEOMETRIC_REPRESENTATION_CONTEXT(2) 
PARAMETRIC_REPRESENTATION_CONTEXT() REPRESENTATION_CONTEXT('2D SPACE',''
  ) );
#1659 = PCURVE('',#1660,#1665);
#1660 = PLANE('',#1661);
#1661 = AXIS2_PLACEMENT_3D('',#1662,#1663,#1664);
#1662 = CARTESIAN_POINT('',(154.,179.80416305603,9.204163056034));
#1663 = DIRECTION('',(0.,-0.707106781187,-0.707106781187));
#1664 = DIRECTION('',(0.,-0.707106781187,0.707106781187));
#1665 = DEFINITIONAL_REPRESENTATION('',(#1666),#1669);
#1666 = B_SPLINE_CURVE_WITH_KNOTS('',1,(#1667,#1668),.UNSPECIFIED.,.F.,
  .F.,(2,2),(55.855548263433,59.255548263433),.PIECEWISE_BEZIER_KNOTS.);
#1667 = CARTESIAN_POINT('',(3.4,-1.));
#1668 = CARTESIAN_POINT('',(0.,-1.));
#1669 = ( GEOMETRIC_REPRESENTATION_CONTEXT(2) 
PARAMETRIC_REPRESENTATION_CONTEXT() REPRESENTATION_CONTEXT('2D SPACE',''
  ) );
#1670 = ORIENTED_EDGE('',*,*,#1671,.T.);
#1671 = EDGE_CURVE('',#1646,#1672,#1674,.T.);
#1672 = VERTEX_POINT('',#1673);
#1673 = CARTESIAN_POINT('',(155.,174.12128073784,5.9));
#1674 = SURFACE_CURVE('',#1675,(#1680,#1691),.PCURVE_S1.);
#1675 = CIRCLE('',#1676,3.4);
#1676 = AXIS2_PLACEMENT_3D('',#1677,#1678,#1679);
#1677 = CARTESIAN_POINT('',(155.,177.4,6.8));
#1678 = DIRECTION('',(-1.,-0.,0.));
#1679 = DIRECTION('',(0.,-8.35932630306E-15,-1.));
#1680 = PCURVE('',#289,#1681);
#1681 = DEFINITIONAL_REPRESENTATION('',(#1682),#1690);
#1682 = ( BOUNDED_CURVE() B_SPLINE_CURVE(2,(#1683,#1684,#1685,#1686,
#1687,#1688,#1689),.UNSPECIFIED.,.T.,.F.) B_SPLINE_CURVE_WITH_KNOTS((1,2
    ,2,2,2,1),(-2.094395102393,0.,2.094395102393,4.188790204786,
6.28318530718,8.377580409573),.UNSPECIFIED.) CURVE() 
GEOMETRIC_REPRESENTATION_ITEM() RATIONAL_B_SPLINE_CURVE((1.,0.5,1.,0.5,
1.,0.5,1.)) REPRESENTATION_ITEM('') );
#1683 = CARTESIAN_POINT('',(3.2,-174.2));
#1684 = CARTESIAN_POINT('',(3.2,-168.3110272542));
#1685 = CARTESIAN_POINT('',(8.3,-171.2555136271));
#1686 = CARTESIAN_POINT('',(13.4,-174.2));
#1687 = CARTESIAN_POINT('',(8.3,-177.1444863728));
#1688 = CARTESIAN_POINT('',(3.2,-180.0889727457));
#1689 = CARTESIAN_POINT('',(3.2,-174.2));
#1690 = ( GEOMETRIC_REPRESENTATION_CONTEXT(2) 
PARAMETRIC_REPRESENTATION_CONTEXT() REPRESENTATION_CONTEXT('2D SPACE',''
  ) );
#1691 = PCURVE('',#1692,#1697);
#1692 = CYLINDRICAL_SURFACE('',#1693,3.4);
#1693 = AXIS2_PLACEMENT_3D('',#1694,#1695,#1696);
#1694 = CARTESIAN_POINT('',(154.,177.4,6.8));
#1695 = DIRECTION('',(-1.,-0.,-0.));
#1696 = DIRECTION('',(0.,-8.35932630306E-15,-1.));
#1697 = DEFINITIONAL_REPRESENTATION('',(#1698),#1702);
#1698 = LINE('',#1699,#1700);
#1699 = CARTESIAN_POINT('',(-6.28318530718,-1.));
#1700 = VECTOR('',#1701,1.);
#1701 = DIRECTION('',(1.,-0.));
#1702 = ( GEOMETRIC_REPRESENTATION_CONTEXT(2) 
PARAMETRIC_REPRESENTATION_CONTEXT() REPRESENTATION_CONTEXT('2D SPACE',''
  ) );
#1703 = ORIENTED_EDGE('',*,*,#1704,.T.);
#1704 = EDGE_CURVE('',#1672,#1705,#1707,.T.);
#1705 = VERTEX_POINT('',#1706);
#1706 = CARTESIAN_POINT('',(155.,35.878719262151,5.9));
#1707 = SURFACE_CURVE('',#1708,(#1712,#1719),.PCURVE_S1.);
#1708 = LINE('',#1709,#1710);
#1709 = CARTESIAN_POINT('',(155.,19.5,5.9));
#1710 = VECTOR('',#1711,1.);
#1711 = DIRECTION('',(0.,-1.,0.));
#1712 = PCURVE('',#289,#1713);
#1713 = DEFINITIONAL_REPRESENTATION('',(#1714),#1718);
#1714 = LINE('',#1715,#1716);
#1715 = CARTESIAN_POINT('',(5.7,-16.3));
#1716 = VECTOR('',#1717,1.);
#1717 = DIRECTION('',(0.,1.));
#1718 = ( GEOMETRIC_REPRESENTATION_CONTEXT(2) 
PARAMETRIC_REPRESENTATION_CONTEXT() REPRESENTATION_CONTEXT('2D SPACE',''
  ) );
#1719 = PCURVE('',#1720,#1725);
#1720 = PLANE('',#1721);
#1721 = AXIS2_PLACEMENT_3D('',#1722,#1723,#1724);
#1722 = CARTESIAN_POINT('',(154.,35.8,5.9));
#1723 = DIRECTION('',(0.,0.,1.));
#1724 = DIRECTION('',(1.,0.,0.));
#1725 = DEFINITIONAL_REPRESENTATION('',(#1726),#1730);
#1726 = LINE('',#1727,#1728);
#1727 = CARTESIAN_POINT('',(1.,-16.3));
#1728 = VECTOR('',#1729,1.);
#1729 = DIRECTION('',(0.,-1.));
#1730 = ( GEOMETRIC_REPRESENTATION_CONTEXT(2) 
PARAMETRIC_REPRESENTATION_CONTEXT() REPRESENTATION_CONTEXT('2D SPACE',''
  ) );
#1731 = ORIENTED_EDGE('',*,*,#1732,.T.);
#1732 = EDGE_CURVE('',#1705,#1733,#1735,.T.);
#1733 = VERTEX_POINT('',#1734);
#1734 = CARTESIAN_POINT('',(155.,30.195836943966,9.204163056034));
#1735 = SURFACE_CURVE('',#1736,(#1741,#1752),.PCURVE_S1.);
#1736 = CIRCLE('',#1737,3.4);
#1737 = AXIS2_PLACEMENT_3D('',#1738,#1739,#1740);
#1738 = CARTESIAN_POINT('',(155.,32.6,6.8));
#1739 = DIRECTION('',(-1.,-0.,0.));
#1740 = DIRECTION('',(-0.,2.089831575765E-15,-1.));
#1741 = PCURVE('',#289,#1742);
#1742 = DEFINITIONAL_REPRESENTATION('',(#1743),#1751);
#1743 = ( BOUNDED_CURVE() B_SPLINE_CURVE(2,(#1744,#1745,#1746,#1747,
#1748,#1749,#1750),.UNSPECIFIED.,.T.,.F.) B_SPLINE_CURVE_WITH_KNOTS((1,2
    ,2,2,2,1),(-2.094395102393,0.,2.094395102393,4.188790204786,
6.28318530718,8.377580409573),.UNSPECIFIED.) CURVE() 
GEOMETRIC_REPRESENTATION_ITEM() RATIONAL_B_SPLINE_CURVE((1.,0.5,1.,0.5,
1.,0.5,1.)) REPRESENTATION_ITEM('') );
#1744 = CARTESIAN_POINT('',(3.2,-29.4));
#1745 = CARTESIAN_POINT('',(3.2,-23.51102725426));
#1746 = CARTESIAN_POINT('',(8.3,-26.45551362713));
#1747 = CARTESIAN_POINT('',(13.4,-29.4));
#1748 = CARTESIAN_POINT('',(8.3,-32.34448637286));
#1749 = CARTESIAN_POINT('',(3.2,-35.28897274573));
#1750 = CARTESIAN_POINT('',(3.2,-29.4));
#1751 = ( GEOMETRIC_REPRESENTATION_CONTEXT(2) 
PARAMETRIC_REPRESENTATION_CONTEXT() REPRESENTATION_CONTEXT('2D SPACE',''
  ) );
#1752 = PCURVE('',#1753,#1758);
#1753 = CYLINDRICAL_SURFACE('',#1754,3.4);
#1754 = AXIS2_PLACEMENT_3D('',#1755,#1756,#1757);
#1755 = CARTESIAN_POINT('',(154.,32.6,6.8));
#1756 = DIRECTION('',(-1.,-0.,0.));
#1757 = DIRECTION('',(-0.,2.089831575765E-15,-1.));
#1758 = DEFINITIONAL_REPRESENTATION('',(#1759),#1763);
#1759 = LINE('',#1760,#1761);
#1760 = CARTESIAN_POINT('',(-12.56637061435,-1.));
#1761 = VECTOR('',#1762,1.);
#1762 = DIRECTION('',(1.,-0.));
#1763 = ( GEOMETRIC_REPRESENTATION_CONTEXT(2) 
PARAMETRIC_REPRESENTATION_CONTEXT() REPRESENTATION_CONTEXT('2D SPACE',''
  ) );
#1764 = ORIENTED_EDGE('',*,*,#1765,.T.);
#1765 = EDGE_CURVE('',#1733,#1766,#1768,.T.);
#1766 = VERTEX_POINT('',#1767);
#1767 = CARTESIAN_POINT('',(155.,32.6,11.608326112069));
#1768 = SURFACE_CURVE('',#1769,(#1773,#1779),.PCURVE_S1.);
#1769 = LINE('',#1770,#1771);
#1770 = CARTESIAN_POINT('',(155.,22.397918471983,1.406244584051));
#1771 = VECTOR('',#1772,1.);
#1772 = DIRECTION('',(-0.,0.707106781187,0.707106781187));
#1773 = PCURVE('',#289,#1774);
#1774 = DEFINITIONAL_REPRESENTATION('',(#1775),#1778);
#1775 = B_SPLINE_CURVE_WITH_KNOTS('',1,(#1776,#1777),.UNSPECIFIED.,.F.,
  .F.,(2,2),(11.027922061358,14.427922061358),.PIECEWISE_BEZIER_KNOTS.);
#1776 = CARTESIAN_POINT('',(9.004163056034,-26.99583694396));
#1777 = CARTESIAN_POINT('',(11.408326112069,-29.4));
#1778 = ( GEOMETRIC_REPRESENTATION_CONTEXT(2) 
PARAMETRIC_REPRESENTATION_CONTEXT() REPRESENTATION_CONTEXT('2D SPACE',''
  ) );
#1779 = PCURVE('',#1780,#1785);
#1780 = PLANE('',#1781);
#1781 = AXIS2_PLACEMENT_3D('',#1782,#1783,#1784);
#1782 = CARTESIAN_POINT('',(154.,32.6,11.608326112069));
#1783 = DIRECTION('',(0.,0.707106781187,-0.707106781187));
#1784 = DIRECTION('',(0.,-0.707106781187,-0.707106781187));
#1785 = DEFINITIONAL_REPRESENTATION('',(#1786),#1789);
#1786 = B_SPLINE_CURVE_WITH_KNOTS('',1,(#1787,#1788),.UNSPECIFIED.,.F.,
  .F.,(2,2),(11.027922061358,14.427922061358),.PIECEWISE_BEZIER_KNOTS.);
#1787 = CARTESIAN_POINT('',(3.4,-1.));
#1788 = CARTESIAN_POINT('',(0.,-1.));
#1789 = ( GEOMETRIC_REPRESENTATION_CONTEXT(2) 
PARAMETRIC_REPRESENTATION_CONTEXT() REPRESENTATION_CONTEXT('2D SPACE',''
  ) );
#1790 = ORIENTED_EDGE('',*,*,#1791,.T.);
#1791 = EDGE_CURVE('',#1766,#1792,#1794,.T.);
#1792 = VERTEX_POINT('',#1793);
#1793 = CARTESIAN_POINT('',(155.,35.004163056034,9.204163056034));
#1794 = SURFACE_CURVE('',#1795,(#1799,#1805),.PCURVE_S1.);
#1795 = LINE('',#1796,#1797);
#1796 = CARTESIAN_POINT('',(155.,29.304163056034,14.904163056034));
#1797 = VECTOR('',#1798,1.);
#1798 = DIRECTION('',(0.,0.707106781187,-0.707106781187));
#1799 = PCURVE('',#289,#1800);
#1800 = DEFINITIONAL_REPRESENTATION('',(#1801),#1804);
#1801 = B_SPLINE_CURVE_WITH_KNOTS('',1,(#1802,#1803),.UNSPECIFIED.,.F.,
  .F.,(2,2),(4.661017305527,8.061017305527),.PIECEWISE_BEZIER_KNOTS.);
#1802 = CARTESIAN_POINT('',(11.408326112069,-29.4));
#1803 = CARTESIAN_POINT('',(9.004163056034,-31.80416305603));
#1804 = ( GEOMETRIC_REPRESENTATION_CONTEXT(2) 
PARAMETRIC_REPRESENTATION_CONTEXT() REPRESENTATION_CONTEXT('2D SPACE',''
  ) );
#1805 = PCURVE('',#1806,#1811);
#1806 = PLANE('',#1807);
#1807 = AXIS2_PLACEMENT_3D('',#1808,#1809,#1810);
#1808 = CARTESIAN_POINT('',(154.,35.004163056034,9.204163056034));
#1809 = DIRECTION('',(0.,-0.707106781187,-0.707106781187));
#1810 = DIRECTION('',(0.,-0.707106781187,0.707106781187));
#1811 = DEFINITIONAL_REPRESENTATION('',(#1812),#1815);
#1812 = B_SPLINE_CURVE_WITH_KNOTS('',1,(#1813,#1814),.UNSPECIFIED.,.F.,
  .F.,(2,2),(4.661017305527,8.061017305527),.PIECEWISE_BEZIER_KNOTS.);
#1813 = CARTESIAN_POINT('',(3.4,-1.));
#1814 = CARTESIAN_POINT('',(0.,-1.));
#1815 = ( GEOMETRIC_REPRESENTATION_CONTEXT(2) 
PARAMETRIC_REPRESENTATION_CONTEXT() REPRESENTATION_CONTEXT('2D SPACE',''
  ) );
#1816 = ORIENTED_EDGE('',*,*,#1817,.T.);
#1817 = EDGE_CURVE('',#1792,#1818,#1820,.T.);
#1818 = VERTEX_POINT('',#1819);
#1819 = CARTESIAN_POINT('',(155.,35.8,7.948912529308));
#1820 = SURFACE_CURVE('',#1821,(#1826,#1837),.PCURVE_S1.);
#1821 = CIRCLE('',#1822,3.4);
#1822 = AXIS2_PLACEMENT_3D('',#1823,#1824,#1825);
#1823 = CARTESIAN_POINT('',(155.,32.6,6.8));
#1824 = DIRECTION('',(-1.,-0.,0.));
#1825 = DIRECTION('',(-0.,2.089831575765E-15,-1.));
#1826 = PCURVE('',#289,#1827);
#1827 = DEFINITIONAL_REPRESENTATION('',(#1828),#1836);
#1828 = ( BOUNDED_CURVE() B_SPLINE_CURVE(2,(#1829,#1830,#1831,#1832,
#1833,#1834,#1835),.UNSPECIFIED.,.T.,.F.) B_SPLINE_CURVE_WITH_KNOTS((1,2
    ,2,2,2,1),(-2.094395102393,0.,2.094395102393,4.188790204786,
6.28318530718,8.377580409573),.UNSPECIFIED.) CURVE() 
GEOMETRIC_REPRESENTATION_ITEM() RATIONAL_B_SPLINE_CURVE((1.,0.5,1.,0.5,
1.,0.5,1.)) REPRESENTATION_ITEM('') );
#1829 = CARTESIAN_POINT('',(3.2,-29.4));
#1830 = CARTESIAN_POINT('',(3.2,-23.51102725426));
#1831 = CARTESIAN_POINT('',(8.3,-26.45551362713));
#1832 = CARTESIAN_POINT('',(13.4,-29.4));
#1833 = CARTESIAN_POINT('',(8.3,-32.34448637286));
#1834 = CARTESIAN_POINT('',(3.2,-35.28897274573));
#1835 = CARTESIAN_POINT('',(3.2,-29.4));
#1836 = ( GEOMETRIC_REPRESENTATION_CONTEXT(2) 
PARAMETRIC_REPRESENTATION_CONTEXT() REPRESENTATION_CONTEXT('2D SPACE',''
  ) );
#1837 = PCURVE('',#1838,#1843);
#1838 = CYLINDRICAL_SURFACE('',#1839,3.4);
#1839 = AXIS2_PLACEMENT_3D('',#1840,#1841,#1842);
#1840 = CARTESIAN_POINT('',(154.,32.6,6.8));
#1841 = DIRECTION('',(-1.,-0.,0.));
#1842 = DIRECTION('',(-0.,2.089831575765E-15,-1.));
#1843 = DEFINITIONAL_REPRESENTATION('',(#1844),#1848);
#1844 = LINE('',#1845,#1846);
#1845 = CARTESIAN_POINT('',(-12.56637061435,-1.));
#1846 = VECTOR('',#1847,1.);
#1847 = DIRECTION('',(1.,-0.));
#1848 = ( GEOMETRIC_REPRESENTATION_CONTEXT(2) 
PARAMETRIC_REPRESENTATION_CONTEXT() REPRESENTATION_CONTEXT('2D SPACE',''
  ) );
#1849 = ORIENTED_EDGE('',*,*,#1850,.T.);
#1850 = EDGE_CURVE('',#1818,#556,#1851,.T.);
#1851 = SURFACE_CURVE('',#1852,(#1856,#1863),.PCURVE_S1.);
#1852 = LINE('',#1853,#1854);
#1853 = CARTESIAN_POINT('',(155.,35.8,3.05));
#1854 = VECTOR('',#1855,1.);
#1855 = DIRECTION('',(0.,0.,1.));
#1856 = PCURVE('',#289,#1857);
#1857 = DEFINITIONAL_REPRESENTATION('',(#1858),#1862);
#1858 = LINE('',#1859,#1860);
#1859 = CARTESIAN_POINT('',(2.85,-32.6));
#1860 = VECTOR('',#1861,1.);
#1861 = DIRECTION('',(1.,0.));
#1862 = ( GEOMETRIC_REPRESENTATION_CONTEXT(2) 
PARAMETRIC_REPRESENTATION_CONTEXT() REPRESENTATION_CONTEXT('2D SPACE',''
  ) );
#1863 = PCURVE('',#571,#1864);
#1864 = DEFINITIONAL_REPRESENTATION('',(#1865),#1868);
#1865 = B_SPLINE_CURVE_WITH_KNOTS('',1,(#1866,#1867),.UNSPECIFIED.,.F.,
  .F.,(2,2),(2.85,40.75),.PIECEWISE_BEZIER_KNOTS.);
#1866 = CARTESIAN_POINT('',(0.,1.));
#1867 = CARTESIAN_POINT('',(37.9,1.));
#1868 = ( GEOMETRIC_REPRESENTATION_CONTEXT(2) 
PARAMETRIC_REPRESENTATION_CONTEXT() REPRESENTATION_CONTEXT('2D SPACE',''
  ) );
#1869 = ORIENTED_EDGE('',*,*,#582,.T.);
#1870 = FACE_BOUND('',#1871,.F.);
#1871 = EDGE_LOOP('',(#1872,#1907,#1933,#1966,#1992));
#1872 = ORIENTED_EDGE('',*,*,#1873,.T.);
#1873 = EDGE_CURVE('',#1874,#1876,#1878,.T.);
#1874 = VERTEX_POINT('',#1875);
#1875 = CARTESIAN_POINT('',(155.,194.98492424049,10.984924240492));
#1876 = VERTEX_POINT('',#1877);
#1877 = CARTESIAN_POINT('',(155.,193.5,7.4));
#1878 = SURFACE_CURVE('',#1879,(#1884,#1895),.PCURVE_S1.);
#1879 = CIRCLE('',#1880,2.1);
#1880 = AXIS2_PLACEMENT_3D('',#1881,#1882,#1883);
#1881 = CARTESIAN_POINT('',(155.,193.5,9.5));
#1882 = DIRECTION('',(-1.,-0.,0.));
#1883 = DIRECTION('',(0.,-0.,-1.));
#1884 = PCURVE('',#289,#1885);
#1885 = DEFINITIONAL_REPRESENTATION('',(#1886),#1894);
#1886 = ( BOUNDED_CURVE() B_SPLINE_CURVE(2,(#1887,#1888,#1889,#1890,
#1891,#1892,#1893),.UNSPECIFIED.,.T.,.F.) B_SPLINE_CURVE_WITH_KNOTS((1,2
    ,2,2,2,1),(-2.094395102393,0.,2.094395102393,4.188790204786,
6.28318530718,8.377580409573),.UNSPECIFIED.) CURVE() 
GEOMETRIC_REPRESENTATION_ITEM() RATIONAL_B_SPLINE_CURVE((1.,0.5,1.,0.5,
1.,0.5,1.)) REPRESENTATION_ITEM('') );
#1887 = CARTESIAN_POINT('',(7.2,-190.3));
#1888 = CARTESIAN_POINT('',(7.2,-186.6626933041));
#1889 = CARTESIAN_POINT('',(10.35,-188.481346652));
#1890 = CARTESIAN_POINT('',(13.5,-190.3));
#1891 = CARTESIAN_POINT('',(10.35,-192.1186533479));
#1892 = CARTESIAN_POINT('',(7.2,-193.9373066958));
#1893 = CARTESIAN_POINT('',(7.2,-190.3));
#1894 = ( GEOMETRIC_REPRESENTATION_CONTEXT(2) 
PARAMETRIC_REPRESENTATION_CONTEXT() REPRESENTATION_CONTEXT('2D SPACE',''
  ) );
#1895 = PCURVE('',#1896,#1901);
#1896 = CYLINDRICAL_SURFACE('',#1897,2.1);
#1897 = AXIS2_PLACEMENT_3D('',#1898,#1899,#1900);
#1898 = CARTESIAN_POINT('',(154.,193.5,9.5));
#1899 = DIRECTION('',(-1.,-0.,-0.));
#1900 = DIRECTION('',(0.,-0.,-1.));
#1901 = DEFINITIONAL_REPRESENTATION('',(#1902),#1906);
#1902 = LINE('',#1903,#1904);
#1903 = CARTESIAN_POINT('',(-6.28318530718,-1.));
#1904 = VECTOR('',#1905,1.);
#1905 = DIRECTION('',(1.,-0.));
#1906 = ( GEOMETRIC_REPRESENTATION_CONTEXT(2) 
PARAMETRIC_REPRESENTATION_CONTEXT() REPRESENTATION_CONTEXT('2D SPACE',''
  ) );
#1907 = ORIENTED_EDGE('',*,*,#1908,.T.);
#1908 = EDGE_CURVE('',#1876,#1909,#1911,.T.);
#1909 = VERTEX_POINT('',#1910);
#1910 = CARTESIAN_POINT('',(155.,191.5,7.4));
#1911 = SURFACE_CURVE('',#1912,(#1916,#1922),.PCURVE_S1.);
#1912 = LINE('',#1913,#1914);
#1913 = CARTESIAN_POINT('',(155.,97.35,7.4));
#1914 = VECTOR('',#1915,1.);
#1915 = DIRECTION('',(0.,-1.,0.));
#1916 = PCURVE('',#289,#1917);
#1917 = DEFINITIONAL_REPRESENTATION('',(#1918),#1921);
#1918 = B_SPLINE_CURVE_WITH_KNOTS('',1,(#1919,#1920),.UNSPECIFIED.,.F.,
  .F.,(2,2),(-96.15,-94.15),.PIECEWISE_BEZIER_KNOTS.);
#1919 = CARTESIAN_POINT('',(7.2,-190.3));
#1920 = CARTESIAN_POINT('',(7.2,-188.3));
#1921 = ( GEOMETRIC_REPRESENTATION_CONTEXT(2) 
PARAMETRIC_REPRESENTATION_CONTEXT() REPRESENTATION_CONTEXT('2D SPACE',''
  ) );
#1922 = PCURVE('',#1923,#1928);
#1923 = PLANE('',#1924);
#1924 = AXIS2_PLACEMENT_3D('',#1925,#1926,#1927);
#1925 = CARTESIAN_POINT('',(154.,191.5,7.4));
#1926 = DIRECTION('',(0.,0.,1.));
#1927 = DIRECTION('',(0.,1.,0.));
#1928 = DEFINITIONAL_REPRESENTATION('',(#1929),#1932);
#1929 = B_SPLINE_CURVE_WITH_KNOTS('',1,(#1930,#1931),.UNSPECIFIED.,.F.,
  .F.,(2,2),(-96.15,-94.15),.PIECEWISE_BEZIER_KNOTS.);
#1930 = CARTESIAN_POINT('',(2.,-1.));
#1931 = CARTESIAN_POINT('',(0.,-1.));
#1932 = ( GEOMETRIC_REPRESENTATION_CONTEXT(2) 
PARAMETRIC_REPRESENTATION_CONTEXT() REPRESENTATION_CONTEXT('2D SPACE',''
  ) );
#1933 = ORIENTED_EDGE('',*,*,#1934,.T.);
#1934 = EDGE_CURVE('',#1909,#1935,#1937,.T.);
#1935 = VERTEX_POINT('',#1936);
#1936 = CARTESIAN_POINT('',(155.,190.0150757595,10.984924240492));
#1937 = SURFACE_CURVE('',#1938,(#1943,#1954),.PCURVE_S1.);
#1938 = CIRCLE('',#1939,2.1);
#1939 = AXIS2_PLACEMENT_3D('',#1940,#1941,#1942);
#1940 = CARTESIAN_POINT('',(155.,191.5,9.5));
#1941 = DIRECTION('',(-1.,-0.,0.));
#1942 = DIRECTION('',(0.,-0.707106781187,0.707106781187));
#1943 = PCURVE('',#289,#1944);
#1944 = DEFINITIONAL_REPRESENTATION('',(#1945),#1953);
#1945 = ( BOUNDED_CURVE() B_SPLINE_CURVE(2,(#1946,#1947,#1948,#1949,
#1950,#1951,#1952),.UNSPECIFIED.,.T.,.F.) B_SPLINE_CURVE_WITH_KNOTS((1,2
    ,2,2,2,1),(-2.094395102393,0.,2.094395102393,4.188790204786,
6.28318530718,8.377580409573),.UNSPECIFIED.) CURVE() 
GEOMETRIC_REPRESENTATION_ITEM() RATIONAL_B_SPLINE_CURVE((1.,0.5,1.,0.5,
1.,0.5,1.)) REPRESENTATION_ITEM('') );
#1946 = CARTESIAN_POINT('',(10.784924240492,-186.8150757595));
#1947 = CARTESIAN_POINT('',(13.356888470414,-189.3870399894));
#1948 = CARTESIAN_POINT('',(9.843519994715,-190.3284442352));
#1949 = CARTESIAN_POINT('',(6.330151519017,-191.2698484809));
#1950 = CARTESIAN_POINT('',(7.271555764793,-187.7564800052));
#1951 = CARTESIAN_POINT('',(8.212960010569,-184.2431115295));
#1952 = CARTESIAN_POINT('',(10.784924240492,-186.8150757595));
#1953 = ( GEOMETRIC_REPRESENTATION_CONTEXT(2) 
PARAMETRIC_REPRESENTATION_CONTEXT() REPRESENTATION_CONTEXT('2D SPACE',''
  ) );
#1954 = PCURVE('',#1955,#1960);
#1955 = CYLINDRICAL_SURFACE('',#1956,2.1);
#1956 = AXIS2_PLACEMENT_3D('',#1957,#1958,#1959);
#1957 = CARTESIAN_POINT('',(154.,191.5,9.5));
#1958 = DIRECTION('',(-1.,-0.,-0.));
#1959 = DIRECTION('',(0.,-0.707106781187,0.707106781187));
#1960 = DEFINITIONAL_REPRESENTATION('',(#1961),#1965);
#1961 = LINE('',#1962,#1963);
#1962 = CARTESIAN_POINT('',(-6.28318530718,-1.));
#1963 = VECTOR('',#1964,1.);
#1964 = DIRECTION('',(1.,-0.));
#1965 = ( GEOMETRIC_REPRESENTATION_CONTEXT(2) 
PARAMETRIC_REPRESENTATION_CONTEXT() REPRESENTATION_CONTEXT('2D SPACE',''
  ) );
#1966 = ORIENTED_EDGE('',*,*,#1967,.T.);
#1967 = EDGE_CURVE('',#1935,#1968,#1970,.T.);
#1968 = VERTEX_POINT('',#1969);
#1969 = CARTESIAN_POINT('',(155.,192.5,13.469848480984));
#1970 = SURFACE_CURVE('',#1971,(#1975,#1981),.PCURVE_S1.);
#1971 = LINE('',#1972,#1973);
#1972 = CARTESIAN_POINT('',(155.,141.85753787975,-37.17261363926));
#1973 = VECTOR('',#1974,1.);
#1974 = DIRECTION('',(-0.,0.707106781187,0.707106781187));
#1975 = PCURVE('',#289,#1976);
#1976 = DEFINITIONAL_REPRESENTATION('',(#1977),#1980);
#1977 = B_SPLINE_CURVE_WITH_KNOTS('',1,(#1978,#1979),.UNSPECIFIED.,.F.,
  .F.,(2,2),(68.105043200044,71.619256762417),.PIECEWISE_BEZIER_KNOTS.);
#1978 = CARTESIAN_POINT('',(10.784924240492,-186.8150757595));
#1979 = CARTESIAN_POINT('',(13.269848480983,-189.3));
#1980 = ( GEOMETRIC_REPRESENTATION_CONTEXT(2) 
PARAMETRIC_REPRESENTATION_CONTEXT() REPRESENTATION_CONTEXT('2D SPACE',''
  ) );
#1981 = PCURVE('',#1982,#1987);
#1982 = PLANE('',#1983);
#1983 = AXIS2_PLACEMENT_3D('',#1984,#1985,#1986);
#1984 = CARTESIAN_POINT('',(154.,192.5,13.469848480984));
#1985 = DIRECTION('',(0.,0.707106781187,-0.707106781187));
#1986 = DIRECTION('',(0.,-0.707106781187,-0.707106781187));
#1987 = DEFINITIONAL_REPRESENTATION('',(#1988),#1991);
#1988 = B_SPLINE_CURVE_WITH_KNOTS('',1,(#1989,#1990),.UNSPECIFIED.,.F.,
  .F.,(2,2),(68.105043200044,71.619256762417),.PIECEWISE_BEZIER_KNOTS.);
#1989 = CARTESIAN_POINT('',(3.514213562373,-1.));
#1990 = CARTESIAN_POINT('',(0.,-1.));
#1991 = ( GEOMETRIC_REPRESENTATION_CONTEXT(2) 
PARAMETRIC_REPRESENTATION_CONTEXT() REPRESENTATION_CONTEXT('2D SPACE',''
  ) );
#1992 = ORIENTED_EDGE('',*,*,#1993,.T.);
#1993 = EDGE_CURVE('',#1968,#1874,#1994,.T.);
#1994 = SURFACE_CURVE('',#1995,(#1999,#2005),.PCURVE_S1.);
#1995 = LINE('',#1996,#1997);
#1996 = CARTESIAN_POINT('',(155.,149.73492424049,56.234924240492));
#1997 = VECTOR('',#1998,1.);
#1998 = DIRECTION('',(0.,0.707106781187,-0.707106781187));
#1999 = PCURVE('',#289,#2000);
#2000 = DEFINITIONAL_REPRESENTATION('',(#2001),#2004);
#2001 = B_SPLINE_CURVE_WITH_KNOTS('',1,(#2002,#2003),.UNSPECIFIED.,.F.,
  .F.,(2,2),(60.478950135009,63.993163697383),.PIECEWISE_BEZIER_KNOTS.);
#2002 = CARTESIAN_POINT('',(13.269848480984,-189.3));
#2003 = CARTESIAN_POINT('',(10.784924240492,-191.7849242404));
#2004 = ( GEOMETRIC_REPRESENTATION_CONTEXT(2) 
PARAMETRIC_REPRESENTATION_CONTEXT() REPRESENTATION_CONTEXT('2D SPACE',''
  ) );
#2005 = PCURVE('',#2006,#2011);
#2006 = PLANE('',#2007);
#2007 = AXIS2_PLACEMENT_3D('',#2008,#2009,#2010);
#2008 = CARTESIAN_POINT('',(154.,194.98492424049,10.984924240492));
#2009 = DIRECTION('',(0.,-0.707106781187,-0.707106781187));
#2010 = DIRECTION('',(0.,-0.707106781187,0.707106781187));
#2011 = DEFINITIONAL_REPRESENTATION('',(#2012),#2015);
#2012 = B_SPLINE_CURVE_WITH_KNOTS('',1,(#2013,#2014),.UNSPECIFIED.,.F.,
  .F.,(2,2),(60.478950135009,63.993163697383),.PIECEWISE_BEZIER_KNOTS.);
#2013 = CARTESIAN_POINT('',(3.514213562373,-1.));
#2014 = CARTESIAN_POINT('',(0.,-1.));
#2015 = ( GEOMETRIC_REPRESENTATION_CONTEXT(2) 
PARAMETRIC_REPRESENTATION_CONTEXT() REPRESENTATION_CONTEXT('2D SPACE',''
  ) );
#2016 = FACE_BOUND('',#2017,.F.);
#2017 = EDGE_LOOP('',(#2018,#2053,#2079,#2112,#2138));
#2018 = ORIENTED_EDGE('',*,*,#2019,.T.);
#2019 = EDGE_CURVE('',#2020,#2022,#2024,.T.);
#2020 = VERTEX_POINT('',#2021);
#2021 = CARTESIAN_POINT('',(155.,194.98492424049,35.984924240492));
#2022 = VERTEX_POINT('',#2023);
#2023 = CARTESIAN_POINT('',(155.,193.5,32.4));
#2024 = SURFACE_CURVE('',#2025,(#2030,#2041),.PCURVE_S1.);
#2025 = CIRCLE('',#2026,2.1);
#2026 = AXIS2_PLACEMENT_3D('',#2027,#2028,#2029);
#2027 = CARTESIAN_POINT('',(155.,193.5,34.5));
#2028 = DIRECTION('',(-1.,-0.,0.));
#2029 = DIRECTION('',(0.,-0.,-1.));
#2030 = PCURVE('',#289,#2031);
#2031 = DEFINITIONAL_REPRESENTATION('',(#2032),#2040);
#2032 = ( BOUNDED_CURVE() B_SPLINE_CURVE(2,(#2033,#2034,#2035,#2036,
#2037,#2038,#2039),.UNSPECIFIED.,.T.,.F.) B_SPLINE_CURVE_WITH_KNOTS((1,2
    ,2,2,2,1),(-2.094395102393,0.,2.094395102393,4.188790204786,
6.28318530718,8.377580409573),.UNSPECIFIED.) CURVE() 
GEOMETRIC_REPRESENTATION_ITEM() RATIONAL_B_SPLINE_CURVE((1.,0.5,1.,0.5,
1.,0.5,1.)) REPRESENTATION_ITEM('') );
#2033 = CARTESIAN_POINT('',(32.2,-190.3));
#2034 = CARTESIAN_POINT('',(32.2,-186.6626933041));
#2035 = CARTESIAN_POINT('',(35.35,-188.481346652));
#2036 = CARTESIAN_POINT('',(38.5,-190.3));
#2037 = CARTESIAN_POINT('',(35.35,-192.1186533479));
#2038 = CARTESIAN_POINT('',(32.2,-193.9373066958));
#2039 = CARTESIAN_POINT('',(32.2,-190.3));
#2040 = ( GEOMETRIC_REPRESENTATION_CONTEXT(2) 
PARAMETRIC_REPRESENTATION_CONTEXT() REPRESENTATION_CONTEXT('2D SPACE',''
  ) );
#2041 = PCURVE('',#2042,#2047);
#2042 = CYLINDRICAL_SURFACE('',#2043,2.1);
#2043 = AXIS2_PLACEMENT_3D('',#2044,#2045,#2046);
#2044 = CARTESIAN_POINT('',(154.,193.5,34.5));
#2045 = DIRECTION('',(-1.,-0.,-0.));
#2046 = DIRECTION('',(0.,-0.,-1.));
#2047 = DEFINITIONAL_REPRESENTATION('',(#2048),#2052);
#2048 = LINE('',#2049,#2050);
#2049 = CARTESIAN_POINT('',(-6.28318530718,-1.));
#2050 = VECTOR('',#2051,1.);
#2051 = DIRECTION('',(1.,-0.));
#2052 = ( GEOMETRIC_REPRESENTATION_CONTEXT(2) 
PARAMETRIC_REPRESENTATION_CONTEXT() REPRESENTATION_CONTEXT('2D SPACE',''
  ) );
#2053 = ORIENTED_EDGE('',*,*,#2054,.T.);
#2054 = EDGE_CURVE('',#2022,#2055,#2057,.T.);
#2055 = VERTEX_POINT('',#2056);
#2056 = CARTESIAN_POINT('',(155.,191.5,32.4));
#2057 = SURFACE_CURVE('',#2058,(#2062,#2068),.PCURVE_S1.);
#2058 = LINE('',#2059,#2060);
#2059 = CARTESIAN_POINT('',(155.,97.35,32.4));
#2060 = VECTOR('',#2061,1.);
#2061 = DIRECTION('',(0.,-1.,0.));
#2062 = PCURVE('',#289,#2063);
#2063 = DEFINITIONAL_REPRESENTATION('',(#2064),#2067);
#2064 = B_SPLINE_CURVE_WITH_KNOTS('',1,(#2065,#2066),.UNSPECIFIED.,.F.,
  .F.,(2,2),(-96.15,-94.15),.PIECEWISE_BEZIER_KNOTS.);
#2065 = CARTESIAN_POINT('',(32.2,-190.3));
#2066 = CARTESIAN_POINT('',(32.2,-188.3));
#2067 = ( GEOMETRIC_REPRESENTATION_CONTEXT(2) 
PARAMETRIC_REPRESENTATION_CONTEXT() REPRESENTATION_CONTEXT('2D SPACE',''
  ) );
#2068 = PCURVE('',#2069,#2074);
#2069 = PLANE('',#2070);
#2070 = AXIS2_PLACEMENT_3D('',#2071,#2072,#2073);
#2071 = CARTESIAN_POINT('',(154.,191.5,32.4));
#2072 = DIRECTION('',(0.,0.,1.));
#2073 = DIRECTION('',(0.,1.,0.));
#2074 = DEFINITIONAL_REPRESENTATION('',(#2075),#2078);
#2075 = B_SPLINE_CURVE_WITH_KNOTS('',1,(#2076,#2077),.UNSPECIFIED.,.F.,
  .F.,(2,2),(-96.15,-94.15),.PIECEWISE_BEZIER_KNOTS.);
#2076 = CARTESIAN_POINT('',(2.,-1.));
#2077 = CARTESIAN_POINT('',(0.,-1.));
#2078 = ( GEOMETRIC_REPRESENTATION_CONTEXT(2) 
PARAMETRIC_REPRESENTATION_CONTEXT() REPRESENTATION_CONTEXT('2D SPACE',''
  ) );
#2079 = ORIENTED_EDGE('',*,*,#2080,.T.);
#2080 = EDGE_CURVE('',#2055,#2081,#2083,.T.);
#2081 = VERTEX_POINT('',#2082);
#2082 = CARTESIAN_POINT('',(155.,190.0150757595,35.984924240492));
#2083 = SURFACE_CURVE('',#2084,(#2089,#2100),.PCURVE_S1.);
#2084 = CIRCLE('',#2085,2.1);
#2085 = AXIS2_PLACEMENT_3D('',#2086,#2087,#2088);
#2086 = CARTESIAN_POINT('',(155.,191.5,34.5));
#2087 = DIRECTION('',(-1.,-0.,0.));
#2088 = DIRECTION('',(0.,-0.707106781187,0.707106781187));
#2089 = PCURVE('',#289,#2090);
#2090 = DEFINITIONAL_REPRESENTATION('',(#2091),#2099);
#2091 = ( BOUNDED_CURVE() B_SPLINE_CURVE(2,(#2092,#2093,#2094,#2095,
#2096,#2097,#2098),.UNSPECIFIED.,.T.,.F.) B_SPLINE_CURVE_WITH_KNOTS((1,2
    ,2,2,2,1),(-2.094395102393,0.,2.094395102393,4.188790204786,
6.28318530718,8.377580409573),.UNSPECIFIED.) CURVE() 
GEOMETRIC_REPRESENTATION_ITEM() RATIONAL_B_SPLINE_CURVE((1.,0.5,1.,0.5,
1.,0.5,1.)) REPRESENTATION_ITEM('') );
#2092 = CARTESIAN_POINT('',(35.784924240492,-186.8150757595));
#2093 = CARTESIAN_POINT('',(38.356888470414,-189.3870399894));
#2094 = CARTESIAN_POINT('',(34.843519994715,-190.3284442352));
#2095 = CARTESIAN_POINT('',(31.330151519017,-191.2698484809));
#2096 = CARTESIAN_POINT('',(32.271555764793,-187.7564800052));
#2097 = CARTESIAN_POINT('',(33.212960010569,-184.2431115295));
#2098 = CARTESIAN_POINT('',(35.784924240492,-186.8150757595));
#2099 = ( GEOMETRIC_REPRESENTATION_CONTEXT(2) 
PARAMETRIC_REPRESENTATION_CONTEXT() REPRESENTATION_CONTEXT('2D SPACE',''
  ) );
#2100 = PCURVE('',#2101,#2106);
#2101 = CYLINDRICAL_SURFACE('',#2102,2.1);
#2102 = AXIS2_PLACEMENT_3D('',#2103,#2104,#2105);
#2103 = CARTESIAN_POINT('',(154.,191.5,34.5));
#2104 = DIRECTION('',(-1.,-0.,-0.));
#2105 = DIRECTION('',(0.,-0.707106781187,0.707106781187));
#2106 = DEFINITIONAL_REPRESENTATION('',(#2107),#2111);
#2107 = LINE('',#2108,#2109);
#2108 = CARTESIAN_POINT('',(-6.28318530718,-1.));
#2109 = VECTOR('',#2110,1.);
#2110 = DIRECTION('',(1.,-0.));
#2111 = ( GEOMETRIC_REPRESENTATION_CONTEXT(2) 
PARAMETRIC_REPRESENTATION_CONTEXT() REPRESENTATION_CONTEXT('2D SPACE',''
  ) );
#2112 = ORIENTED_EDGE('',*,*,#2113,.T.);
#2113 = EDGE_CURVE('',#2081,#2114,#2116,.T.);
#2114 = VERTEX_POINT('',#2115);
#2115 = CARTESIAN_POINT('',(155.,192.5,38.469848480984));
#2116 = SURFACE_CURVE('',#2117,(#2121,#2127),.PCURVE_S1.);
#2117 = LINE('',#2118,#2119);
#2118 = CARTESIAN_POINT('',(155.,135.60753787975,-18.42261363926));
#2119 = VECTOR('',#2120,1.);
#2120 = DIRECTION('',(-0.,0.707106781187,0.707106781187));
#2121 = PCURVE('',#289,#2122);
#2122 = DEFINITIONAL_REPRESENTATION('',(#2123),#2126);
#2123 = B_SPLINE_CURVE_WITH_KNOTS('',1,(#2124,#2125),.UNSPECIFIED.,.F.,
  .F.,(2,2),(76.943877964876,80.458091527249),.PIECEWISE_BEZIER_KNOTS.);
#2124 = CARTESIAN_POINT('',(35.784924240492,-186.8150757595));
#2125 = CARTESIAN_POINT('',(38.269848480983,-189.3));
#2126 = ( GEOMETRIC_REPRESENTATION_CONTEXT(2) 
PARAMETRIC_REPRESENTATION_CONTEXT() REPRESENTATION_CONTEXT('2D SPACE',''
  ) );
#2127 = PCURVE('',#2128,#2133);
#2128 = PLANE('',#2129);
#2129 = AXIS2_PLACEMENT_3D('',#2130,#2131,#2132);
#2130 = CARTESIAN_POINT('',(154.,192.5,38.469848480984));
#2131 = DIRECTION('',(0.,0.707106781187,-0.707106781187));
#2132 = DIRECTION('',(0.,-0.707106781187,-0.707106781187));
#2133 = DEFINITIONAL_REPRESENTATION('',(#2134),#2137);
#2134 = B_SPLINE_CURVE_WITH_KNOTS('',1,(#2135,#2136),.UNSPECIFIED.,.F.,
  .F.,(2,2),(76.943877964876,80.458091527249),.PIECEWISE_BEZIER_KNOTS.);
#2135 = CARTESIAN_POINT('',(3.514213562373,-1.));
#2136 = CARTESIAN_POINT('',(0.,-1.));
#2137 = ( GEOMETRIC_REPRESENTATION_CONTEXT(2) 
PARAMETRIC_REPRESENTATION_CONTEXT() REPRESENTATION_CONTEXT('2D SPACE',''
  ) );
#2138 = ORIENTED_EDGE('',*,*,#2139,.T.);
#2139 = EDGE_CURVE('',#2114,#2020,#2140,.T.);
#2140 = SURFACE_CURVE('',#2141,(#2145,#2151),.PCURVE_S1.);
#2141 = LINE('',#2142,#2143);
#2142 = CARTESIAN_POINT('',(155.,155.98492424049,74.984924240492));
#2143 = VECTOR('',#2144,1.);
#2144 = DIRECTION('',(0.,0.707106781187,-0.707106781187));
#2145 = PCURVE('',#289,#2146);
#2146 = DEFINITIONAL_REPRESENTATION('',(#2147),#2150);
#2147 = B_SPLINE_CURVE_WITH_KNOTS('',1,(#2148,#2149),.UNSPECIFIED.,.F.,
  .F.,(2,2),(51.640115370178,55.154328932551),.PIECEWISE_BEZIER_KNOTS.);
#2148 = CARTESIAN_POINT('',(38.269848480983,-189.3));
#2149 = CARTESIAN_POINT('',(35.784924240492,-191.7849242404));
#2150 = ( GEOMETRIC_REPRESENTATION_CONTEXT(2) 
PARAMETRIC_REPRESENTATION_CONTEXT() REPRESENTATION_CONTEXT('2D SPACE',''
  ) );
#2151 = PCURVE('',#2152,#2157);
#2152 = PLANE('',#2153);
#2153 = AXIS2_PLACEMENT_3D('',#2154,#2155,#2156);
#2154 = CARTESIAN_POINT('',(154.,194.98492424049,35.984924240492));
#2155 = DIRECTION('',(0.,-0.707106781187,-0.707106781187));
#2156 = DIRECTION('',(0.,-0.707106781187,0.707106781187));
#2157 = DEFINITIONAL_REPRESENTATION('',(#2158),#2161);
#2158 = B_SPLINE_CURVE_WITH_KNOTS('',1,(#2159,#2160),.UNSPECIFIED.,.F.,
  .F.,(2,2),(51.640115370178,55.154328932551),.PIECEWISE_BEZIER_KNOTS.);
#2159 = CARTESIAN_POINT('',(3.514213562373,-1.));
#2160 = CARTESIAN_POINT('',(0.,-1.));
#2161 = ( GEOMETRIC_REPRESENTATION_CONTEXT(2) 
PARAMETRIC_REPRESENTATION_CONTEXT() REPRESENTATION_CONTEXT('2D SPACE',''
  ) );
#2162 = FACE_BOUND('',#2163,.F.);
#2163 = EDGE_LOOP('',(#2164,#2192,#2225));
#2164 = ORIENTED_EDGE('',*,*,#2165,.T.);
#2165 = EDGE_CURVE('',#2166,#2168,#2170,.T.);
#2166 = VERTEX_POINT('',#2167);
#2167 = CARTESIAN_POINT('',(155.,17.5,12.469848480984));
#2168 = VERTEX_POINT('',#2169);
#2169 = CARTESIAN_POINT('',(155.,18.984924240492,10.984924240492));
#2170 = SURFACE_CURVE('',#2171,(#2175,#2181),.PCURVE_S1.);
#2171 = LINE('',#2172,#2173);
#2172 = CARTESIAN_POINT('',(155.,17.734924240492,12.234924240492));
#2173 = VECTOR('',#2174,1.);
#2174 = DIRECTION('',(0.,0.707106781187,-0.707106781187));
#2175 = PCURVE('',#289,#2176);
#2176 = DEFINITIONAL_REPRESENTATION('',(#2177),#2180);
#2177 = B_SPLINE_CURVE_WITH_KNOTS('',1,(#2178,#2179),.UNSPECIFIED.,.F.,
  .F.,(2,2),(-0.332233047034,1.767766952966),.PIECEWISE_BEZIER_KNOTS.);
#2178 = CARTESIAN_POINT('',(12.269848480984,-14.3));
#2179 = CARTESIAN_POINT('',(10.784924240492,-15.78492424049));
#2180 = ( GEOMETRIC_REPRESENTATION_CONTEXT(2) 
PARAMETRIC_REPRESENTATION_CONTEXT() REPRESENTATION_CONTEXT('2D SPACE',''
  ) );
#2181 = PCURVE('',#2182,#2187);
#2182 = PLANE('',#2183);
#2183 = AXIS2_PLACEMENT_3D('',#2184,#2185,#2186);
#2184 = CARTESIAN_POINT('',(154.,18.984924240492,10.984924240492));
#2185 = DIRECTION('',(0.,-0.707106781187,-0.707106781187));
#2186 = DIRECTION('',(0.,-0.707106781187,0.707106781187));
#2187 = DEFINITIONAL_REPRESENTATION('',(#2188),#2191);
#2188 = B_SPLINE_CURVE_WITH_KNOTS('',1,(#2189,#2190),.UNSPECIFIED.,.F.,
  .F.,(2,2),(-0.332233047034,1.767766952966),.PIECEWISE_BEZIER_KNOTS.);
#2189 = CARTESIAN_POINT('',(2.1,-1.));
#2190 = CARTESIAN_POINT('',(0.,-1.));
#2191 = ( GEOMETRIC_REPRESENTATION_CONTEXT(2) 
PARAMETRIC_REPRESENTATION_CONTEXT() REPRESENTATION_CONTEXT('2D SPACE',''
  ) );
#2192 = ORIENTED_EDGE('',*,*,#2193,.T.);
#2193 = EDGE_CURVE('',#2168,#2194,#2196,.T.);
#2194 = VERTEX_POINT('',#2195);
#2195 = CARTESIAN_POINT('',(155.,16.015075759508,10.984924240492));
#2196 = SURFACE_CURVE('',#2197,(#2202,#2213),.PCURVE_S1.);
#2197 = CIRCLE('',#2198,2.1);
#2198 = AXIS2_PLACEMENT_3D('',#2199,#2200,#2201);
#2199 = CARTESIAN_POINT('',(155.,17.5,9.5));
#2200 = DIRECTION('',(-1.,-0.,0.));
#2201 = DIRECTION('',(0.,-0.,-1.));
#2202 = PCURVE('',#289,#2203);
#2203 = DEFINITIONAL_REPRESENTATION('',(#2204),#2212);
#2204 = ( BOUNDED_CURVE() B_SPLINE_CURVE(2,(#2205,#2206,#2207,#2208,
#2209,#2210,#2211),.UNSPECIFIED.,.T.,.F.) B_SPLINE_CURVE_WITH_KNOTS((1,2
    ,2,2,2,1),(-2.094395102393,0.,2.094395102393,4.188790204786,
6.28318530718,8.377580409573),.UNSPECIFIED.) CURVE() 
GEOMETRIC_REPRESENTATION_ITEM() RATIONAL_B_SPLINE_CURVE((1.,0.5,1.,0.5,
1.,0.5,1.)) REPRESENTATION_ITEM('') );
#2205 = CARTESIAN_POINT('',(7.2,-14.3));
#2206 = CARTESIAN_POINT('',(7.2,-10.6626933041));
#2207 = CARTESIAN_POINT('',(10.35,-12.48134665205));
#2208 = CARTESIAN_POINT('',(13.5,-14.3));
#2209 = CARTESIAN_POINT('',(10.35,-16.11865334794));
#2210 = CARTESIAN_POINT('',(7.2,-17.93730669589));
#2211 = CARTESIAN_POINT('',(7.2,-14.3));
#2212 = ( GEOMETRIC_REPRESENTATION_CONTEXT(2) 
PARAMETRIC_REPRESENTATION_CONTEXT() REPRESENTATION_CONTEXT('2D SPACE',''
  ) );
#2213 = PCURVE('',#2214,#2219);
#2214 = CYLINDRICAL_SURFACE('',#2215,2.1);
#2215 = AXIS2_PLACEMENT_3D('',#2216,#2217,#2218);
#2216 = CARTESIAN_POINT('',(154.,17.5,9.5));
#2217 = DIRECTION('',(-1.,-0.,-0.));
#2218 = DIRECTION('',(0.,-0.,-1.));
#2219 = DEFINITIONAL_REPRESENTATION('',(#2220),#2224);
#2220 = LINE('',#2221,#2222);
#2221 = CARTESIAN_POINT('',(-6.28318530718,-1.));
#2222 = VECTOR('',#2223,1.);
#2223 = DIRECTION('',(1.,-0.));
#2224 = ( GEOMETRIC_REPRESENTATION_CONTEXT(2) 
PARAMETRIC_REPRESENTATION_CONTEXT() REPRESENTATION_CONTEXT('2D SPACE',''
  ) );
#2225 = ORIENTED_EDGE('',*,*,#2226,.T.);
#2226 = EDGE_CURVE('',#2194,#2166,#2227,.T.);
#2227 = SURFACE_CURVE('',#2228,(#2232,#2238),.PCURVE_S1.);
#2228 = LINE('',#2229,#2230);
#2229 = CARTESIAN_POINT('',(155.,10.857537879754,5.827386360738));
#2230 = VECTOR('',#2231,1.);
#2231 = DIRECTION('',(-0.,0.707106781187,0.707106781187));
#2232 = PCURVE('',#289,#2233);
#2233 = DEFINITIONAL_REPRESENTATION('',(#2234),#2237);
#2234 = B_SPLINE_CURVE_WITH_KNOTS('',1,(#2235,#2236),.UNSPECIFIED.,.F.,
  .F.,(2,2),(7.293860018001,9.393860018001),.PIECEWISE_BEZIER_KNOTS.);
#2235 = CARTESIAN_POINT('',(10.784924240492,-12.8150757595));
#2236 = CARTESIAN_POINT('',(12.269848480984,-14.3));
#2237 = ( GEOMETRIC_REPRESENTATION_CONTEXT(2) 
PARAMETRIC_REPRESENTATION_CONTEXT() REPRESENTATION_CONTEXT('2D SPACE',''
  ) );
#2238 = PCURVE('',#2239,#2244);
#2239 = PLANE('',#2240);
#2240 = AXIS2_PLACEMENT_3D('',#2241,#2242,#2243);
#2241 = CARTESIAN_POINT('',(154.,17.5,12.469848480984));
#2242 = DIRECTION('',(0.,0.707106781187,-0.707106781187));
#2243 = DIRECTION('',(0.,-0.707106781187,-0.707106781187));
#2244 = DEFINITIONAL_REPRESENTATION('',(#2245),#2248);
#2245 = B_SPLINE_CURVE_WITH_KNOTS('',1,(#2246,#2247),.UNSPECIFIED.,.F.,
  .F.,(2,2),(7.293860018001,9.393860018001),.PIECEWISE_BEZIER_KNOTS.);
#2246 = CARTESIAN_POINT('',(2.1,-1.));
#2247 = CARTESIAN_POINT('',(0.,-1.));
#2248 = ( GEOMETRIC_REPRESENTATION_CONTEXT(2) 
PARAMETRIC_REPRESENTATION_CONTEXT() REPRESENTATION_CONTEXT('2D SPACE',''
  ) );
#2249 = FACE_BOUND('',#2250,.F.);
#2250 = EDGE_LOOP('',(#2251,#2279,#2312));
#2251 = ORIENTED_EDGE('',*,*,#2252,.T.);
#2252 = EDGE_CURVE('',#2253,#2255,#2257,.T.);
#2253 = VERTEX_POINT('',#2254);
#2254 = CARTESIAN_POINT('',(155.,17.5,37.469848480984));
#2255 = VERTEX_POINT('',#2256);
#2256 = CARTESIAN_POINT('',(155.,18.984924240492,35.984924240492));
#2257 = SURFACE_CURVE('',#2258,(#2262,#2268),.PCURVE_S1.);
#2258 = LINE('',#2259,#2260);
#2259 = CARTESIAN_POINT('',(155.,23.984924240492,30.984924240492));
#2260 = VECTOR('',#2261,1.);
#2261 = DIRECTION('',(0.,0.707106781187,-0.707106781187));
#2262 = PCURVE('',#289,#2263);
#2263 = DEFINITIONAL_REPRESENTATION('',(#2264),#2267);
#2264 = B_SPLINE_CURVE_WITH_KNOTS('',1,(#2265,#2266),.UNSPECIFIED.,.F.,
  .F.,(2,2),(-9.171067811865,-7.071067811865),.PIECEWISE_BEZIER_KNOTS.);
#2265 = CARTESIAN_POINT('',(37.269848480984,-14.3));
#2266 = CARTESIAN_POINT('',(35.784924240492,-15.78492424049));
#2267 = ( GEOMETRIC_REPRESENTATION_CONTEXT(2) 
PARAMETRIC_REPRESENTATION_CONTEXT() REPRESENTATION_CONTEXT('2D SPACE',''
  ) );
#2268 = PCURVE('',#2269,#2274);
#2269 = PLANE('',#2270);
#2270 = AXIS2_PLACEMENT_3D('',#2271,#2272,#2273);
#2271 = CARTESIAN_POINT('',(154.,18.984924240492,35.984924240492));
#2272 = DIRECTION('',(0.,-0.707106781187,-0.707106781187));
#2273 = DIRECTION('',(0.,-0.707106781187,0.707106781187));
#2274 = DEFINITIONAL_REPRESENTATION('',(#2275),#2278);
#2275 = B_SPLINE_CURVE_WITH_KNOTS('',1,(#2276,#2277),.UNSPECIFIED.,.F.,
  .F.,(2,2),(-9.171067811865,-7.071067811865),.PIECEWISE_BEZIER_KNOTS.);
#2276 = CARTESIAN_POINT('',(2.1,-1.));
#2277 = CARTESIAN_POINT('',(0.,-1.));
#2278 = ( GEOMETRIC_REPRESENTATION_CONTEXT(2) 
PARAMETRIC_REPRESENTATION_CONTEXT() REPRESENTATION_CONTEXT('2D SPACE',''
  ) );
#2279 = ORIENTED_EDGE('',*,*,#2280,.T.);
#2280 = EDGE_CURVE('',#2255,#2281,#2283,.T.);
#2281 = VERTEX_POINT('',#2282);
#2282 = CARTESIAN_POINT('',(155.,16.015075759508,35.984924240492));
#2283 = SURFACE_CURVE('',#2284,(#2289,#2300),.PCURVE_S1.);
#2284 = CIRCLE('',#2285,2.1);
#2285 = AXIS2_PLACEMENT_3D('',#2286,#2287,#2288);
#2286 = CARTESIAN_POINT('',(155.,17.5,34.5));
#2287 = DIRECTION('',(-1.,-0.,0.));
#2288 = DIRECTION('',(0.,-1.691768418476E-15,-1.));
#2289 = PCURVE('',#289,#2290);
#2290 = DEFINITIONAL_REPRESENTATION('',(#2291),#2299);
#2291 = ( BOUNDED_CURVE() B_SPLINE_CURVE(2,(#2292,#2293,#2294,#2295,
#2296,#2297,#2298),.UNSPECIFIED.,.T.,.F.) B_SPLINE_CURVE_WITH_KNOTS((1,2
    ,2,2,2,1),(-2.094395102393,0.,2.094395102393,4.188790204786,
6.28318530718,8.377580409573),.UNSPECIFIED.) CURVE() 
GEOMETRIC_REPRESENTATION_ITEM() RATIONAL_B_SPLINE_CURVE((1.,0.5,1.,0.5,
1.,0.5,1.)) REPRESENTATION_ITEM('') );
#2292 = CARTESIAN_POINT('',(32.2,-14.3));
#2293 = CARTESIAN_POINT('',(32.2,-10.6626933041));
#2294 = CARTESIAN_POINT('',(35.35,-12.48134665205));
#2295 = CARTESIAN_POINT('',(38.5,-14.3));
#2296 = CARTESIAN_POINT('',(35.35,-16.11865334794));
#2297 = CARTESIAN_POINT('',(32.2,-17.93730669589));
#2298 = CARTESIAN_POINT('',(32.2,-14.3));
#2299 = ( GEOMETRIC_REPRESENTATION_CONTEXT(2) 
PARAMETRIC_REPRESENTATION_CONTEXT() REPRESENTATION_CONTEXT('2D SPACE',''
  ) );
#2300 = PCURVE('',#2301,#2306);
#2301 = CYLINDRICAL_SURFACE('',#2302,2.1);
#2302 = AXIS2_PLACEMENT_3D('',#2303,#2304,#2305);
#2303 = CARTESIAN_POINT('',(154.,17.5,34.5));
#2304 = DIRECTION('',(-1.,-0.,-0.));
#2305 = DIRECTION('',(0.,-1.691768418476E-15,-1.));
#2306 = DEFINITIONAL_REPRESENTATION('',(#2307),#2311);
#2307 = LINE('',#2308,#2309);
#2308 = CARTESIAN_POINT('',(-6.28318530718,-1.));
#2309 = VECTOR('',#2310,1.);
#2310 = DIRECTION('',(1.,-0.));
#2311 = ( GEOMETRIC_REPRESENTATION_CONTEXT(2) 
PARAMETRIC_REPRESENTATION_CONTEXT() REPRESENTATION_CONTEXT('2D SPACE',''
  ) );
#2312 = ORIENTED_EDGE('',*,*,#2313,.T.);
#2313 = EDGE_CURVE('',#2281,#2253,#2314,.T.);
#2314 = SURFACE_CURVE('',#2315,(#2319,#2325),.PCURVE_S1.);
#2315 = LINE('',#2316,#2317);
#2316 = CARTESIAN_POINT('',(155.,4.607537879754,24.577386360738));
#2317 = VECTOR('',#2318,1.);
#2318 = DIRECTION('',(-0.,0.707106781187,0.707106781187));
#2319 = PCURVE('',#289,#2320);
#2320 = DEFINITIONAL_REPRESENTATION('',(#2321),#2324);
#2321 = B_SPLINE_CURVE_WITH_KNOTS('',1,(#2322,#2323),.UNSPECIFIED.,.F.,
  .F.,(2,2),(16.132694782833,18.232694782833),.PIECEWISE_BEZIER_KNOTS.);
#2322 = CARTESIAN_POINT('',(35.784924240492,-12.8150757595));
#2323 = CARTESIAN_POINT('',(37.269848480984,-14.3));
#2324 = ( GEOMETRIC_REPRESENTATION_CONTEXT(2) 
PARAMETRIC_REPRESENTATION_CONTEXT() REPRESENTATION_CONTEXT('2D SPACE',''
  ) );
#2325 = PCURVE('',#2326,#2331);
#2326 = PLANE('',#2327);
#2327 = AXIS2_PLACEMENT_3D('',#2328,#2329,#2330);
#2328 = CARTESIAN_POINT('',(154.,17.5,37.469848480984));
#2329 = DIRECTION('',(0.,0.707106781187,-0.707106781187));
#2330 = DIRECTION('',(0.,-0.707106781187,-0.707106781187));
#2331 = DEFINITIONAL_REPRESENTATION('',(#2332),#2335);
#2332 = B_SPLINE_CURVE_WITH_KNOTS('',1,(#2333,#2334),.UNSPECIFIED.,.F.,
  .F.,(2,2),(16.132694782833,18.232694782833),.PIECEWISE_BEZIER_KNOTS.);
#2333 = CARTESIAN_POINT('',(2.1,-1.));
#2334 = CARTESIAN_POINT('',(0.,-1.));
#2335 = ( GEOMETRIC_REPRESENTATION_CONTEXT(2) 
PARAMETRIC_REPRESENTATION_CONTEXT() REPRESENTATION_CONTEXT('2D SPACE',''
  ) );
#2336 = ADVANCED_FACE('',(#2337),#571,.T.);
#2337 = FACE_BOUND('',#2338,.T.);
#2338 = EDGE_LOOP('',(#2339,#2364,#2390,#2409,#2410,#2411));
#2339 = ORIENTED_EDGE('',*,*,#2340,.F.);
#2340 = EDGE_CURVE('',#2341,#2343,#2345,.T.);
#2341 = VERTEX_POINT('',#2342);
#2342 = CARTESIAN_POINT('',(158.,35.8,5.9));
#2343 = VERTEX_POINT('',#2344);
#2344 = CARTESIAN_POINT('',(161.,35.8,5.9));
#2345 = SURFACE_CURVE('',#2346,(#2350,#2357),.PCURVE_S1.);
#2346 = LINE('',#2347,#2348);
#2347 = CARTESIAN_POINT('',(154.,35.8,5.9));
#2348 = VECTOR('',#2349,1.);
#2349 = DIRECTION('',(1.,0.,0.));
#2350 = PCURVE('',#571,#2351);
#2351 = DEFINITIONAL_REPRESENTATION('',(#2352),#2356);
#2352 = LINE('',#2353,#2354);
#2353 = CARTESIAN_POINT('',(0.,0.));
#2354 = VECTOR('',#2355,1.);
#2355 = DIRECTION('',(0.,1.));
#2356 = ( GEOMETRIC_REPRESENTATION_CONTEXT(2) 
PARAMETRIC_REPRESENTATION_CONTEXT() REPRESENTATION_CONTEXT('2D SPACE',''
  ) );
#2357 = PCURVE('',#1720,#2358);
#2358 = DEFINITIONAL_REPRESENTATION('',(#2359),#2363);
#2359 = LINE('',#2360,#2361);
#2360 = CARTESIAN_POINT('',(0.,0.));
#2361 = VECTOR('',#2362,1.);
#2362 = DIRECTION('',(1.,0.));
#2363 = ( GEOMETRIC_REPRESENTATION_CONTEXT(2) 
PARAMETRIC_REPRESENTATION_CONTEXT() REPRESENTATION_CONTEXT('2D SPACE',''
  ) );
#2364 = ORIENTED_EDGE('',*,*,#2365,.F.);
#2365 = EDGE_CURVE('',#2366,#2341,#2368,.T.);
#2366 = VERTEX_POINT('',#2367);
#2367 = CARTESIAN_POINT('',(158.,35.8,7.948912529308));
#2368 = SURFACE_CURVE('',#2369,(#2373,#2379),.PCURVE_S1.);
#2369 = LINE('',#2370,#2371);
#2370 = CARTESIAN_POINT('',(158.,35.8,6.560110023068));
#2371 = VECTOR('',#2372,1.);
#2372 = DIRECTION('',(0.,0.,-1.));
#2373 = PCURVE('',#571,#2374);
#2374 = DEFINITIONAL_REPRESENTATION('',(#2375),#2378);
#2375 = B_SPLINE_CURVE_WITH_KNOTS('',1,(#2376,#2377),.UNSPECIFIED.,.F.,
  .F.,(2,2),(-5.048216089,0.660110023068),.PIECEWISE_BEZIER_KNOTS.);
#2376 = CARTESIAN_POINT('',(5.708326112069,4.));
#2377 = CARTESIAN_POINT('',(0.,4.));
#2378 = ( GEOMETRIC_REPRESENTATION_CONTEXT(2) 
PARAMETRIC_REPRESENTATION_CONTEXT() REPRESENTATION_CONTEXT('2D SPACE',''
  ) );
#2379 = PCURVE('',#2380,#2385);
#2380 = PLANE('',#2381);
#2381 = AXIS2_PLACEMENT_3D('',#2382,#2383,#2384);
#2382 = CARTESIAN_POINT('',(158.,32.6,7.220220046137));
#2383 = DIRECTION('',(1.,0.,0.));
#2384 = DIRECTION('',(-0.,0.,1.));
#2385 = DEFINITIONAL_REPRESENTATION('',(#2386),#2389);
#2386 = B_SPLINE_CURVE_WITH_KNOTS('',1,(#2387,#2388),.UNSPECIFIED.,.F.,
  .F.,(2,2),(-5.048216089,0.660110023068),.PIECEWISE_BEZIER_KNOTS.);
#2387 = CARTESIAN_POINT('',(4.388106065932,-3.2));
#2388 = CARTESIAN_POINT('',(-1.320220046137,-3.2));
#2389 = ( GEOMETRIC_REPRESENTATION_CONTEXT(2) 
PARAMETRIC_REPRESENTATION_CONTEXT() REPRESENTATION_CONTEXT('2D SPACE',''
  ) );
#2390 = ORIENTED_EDGE('',*,*,#2391,.T.);
#2391 = EDGE_CURVE('',#2366,#1818,#2392,.T.);
#2392 = SURFACE_CURVE('',#2393,(#2397,#2403),.PCURVE_S1.);
#2393 = LINE('',#2394,#2395);
#2394 = CARTESIAN_POINT('',(154.,35.8,7.948912529308));
#2395 = VECTOR('',#2396,1.);
#2396 = DIRECTION('',(-1.,-0.,0.));
#2397 = PCURVE('',#571,#2398);
#2398 = DEFINITIONAL_REPRESENTATION('',(#2399),#2402);
#2399 = B_SPLINE_CURVE_WITH_KNOTS('',1,(#2400,#2401),.UNSPECIFIED.,.F.,
  .F.,(2,2),(-4.0000006,-0.4),.PIECEWISE_BEZIER_KNOTS.);
#2400 = CARTESIAN_POINT('',(2.048912529308,4.0000006));
#2401 = CARTESIAN_POINT('',(2.048912529308,0.4));
#2402 = ( GEOMETRIC_REPRESENTATION_CONTEXT(2) 
PARAMETRIC_REPRESENTATION_CONTEXT() REPRESENTATION_CONTEXT('2D SPACE',''
  ) );
#2403 = PCURVE('',#1838,#2404);
#2404 = DEFINITIONAL_REPRESENTATION('',(#2405),#2408);
#2405 = B_SPLINE_CURVE_WITH_KNOTS('',1,(#2406,#2407),.UNSPECIFIED.,.F.,
  .F.,(2,2),(-4.0000006,-0.4),.PIECEWISE_BEZIER_KNOTS.);
#2406 = CARTESIAN_POINT('',(-8.198682813773,-4.0000006));
#2407 = CARTESIAN_POINT('',(-8.198682813773,-0.4));
#2408 = ( GEOMETRIC_REPRESENTATION_CONTEXT(2) 
PARAMETRIC_REPRESENTATION_CONTEXT() REPRESENTATION_CONTEXT('2D SPACE',''
  ) );
#2409 = ORIENTED_EDGE('',*,*,#1850,.T.);
#2410 = ORIENTED_EDGE('',*,*,#555,.F.);
#2411 = ORIENTED_EDGE('',*,*,#2412,.F.);
#2412 = EDGE_CURVE('',#2343,#528,#2413,.T.);
#2413 = SURFACE_CURVE('',#2414,(#2418,#2424),.PCURVE_S1.);
#2414 = LINE('',#2415,#2416);
#2415 = CARTESIAN_POINT('',(161.,35.8,3.05));
#2416 = VECTOR('',#2417,1.);
#2417 = DIRECTION('',(0.,0.,1.));
#2418 = PCURVE('',#571,#2419);
#2419 = DEFINITIONAL_REPRESENTATION('',(#2420),#2423);
#2420 = B_SPLINE_CURVE_WITH_KNOTS('',1,(#2421,#2422),.UNSPECIFIED.,.F.,
  .F.,(2,2),(2.85,40.75),.PIECEWISE_BEZIER_KNOTS.);
#2421 = CARTESIAN_POINT('',(0.,7.));
#2422 = CARTESIAN_POINT('',(37.9,7.));
#2423 = ( GEOMETRIC_REPRESENTATION_CONTEXT(2) 
PARAMETRIC_REPRESENTATION_CONTEXT() REPRESENTATION_CONTEXT('2D SPACE',''
  ) );
#2424 = PCURVE('',#543,#2425);
#2425 = DEFINITIONAL_REPRESENTATION('',(#2426),#2429);
#2426 = B_SPLINE_CURVE_WITH_KNOTS('',1,(#2427,#2428),.UNSPECIFIED.,.F.,
  .F.,(2,2),(2.85,40.75),.PIECEWISE_BEZIER_KNOTS.);
#2427 = CARTESIAN_POINT('',(5.7,-32.6));
#2428 = CARTESIAN_POINT('',(43.6,-32.6));
#2429 = ( GEOMETRIC_REPRESENTATION_CONTEXT(2) 
PARAMETRIC_REPRESENTATION_CONTEXT() REPRESENTATION_CONTEXT('2D SPACE',''
  ) );
#2430 = ADVANCED_FACE('',(#2431),#543,.T.);
#2431 = FACE_BOUND('',#2432,.T.);
#2432 = EDGE_LOOP('',(#2433,#2434,#2455,#2476));
#2433 = ORIENTED_EDGE('',*,*,#527,.F.);
#2434 = ORIENTED_EDGE('',*,*,#2435,.F.);
#2435 = EDGE_CURVE('',#2436,#500,#2438,.T.);
#2436 = VERTEX_POINT('',#2437);
#2437 = CARTESIAN_POINT('',(161.,34.,5.9));
#2438 = SURFACE_CURVE('',#2439,(#2443,#2449),.PCURVE_S1.);
#2439 = LINE('',#2440,#2441);
#2440 = CARTESIAN_POINT('',(161.,34.,0.2));
#2441 = VECTOR('',#2442,1.);
#2442 = DIRECTION('',(0.,0.,1.));
#2443 = PCURVE('',#543,#2444);
#2444 = DEFINITIONAL_REPRESENTATION('',(#2445),#2448);
#2445 = B_SPLINE_CURVE_WITH_KNOTS('',1,(#2446,#2447),.UNSPECIFIED.,.F.,
  .F.,(2,2),(2.6,43.6),.PIECEWISE_BEZIER_KNOTS.);
#2446 = CARTESIAN_POINT('',(2.6,-30.8));
#2447 = CARTESIAN_POINT('',(43.6,-30.8));
#2448 = ( GEOMETRIC_REPRESENTATION_CONTEXT(2) 
PARAMETRIC_REPRESENTATION_CONTEXT() REPRESENTATION_CONTEXT('2D SPACE',''
  ) );
#2449 = PCURVE('',#515,#2450);
#2450 = DEFINITIONAL_REPRESENTATION('',(#2451),#2454);
#2451 = B_SPLINE_CURVE_WITH_KNOTS('',1,(#2452,#2453),.UNSPECIFIED.,.F.,
  .F.,(2,2),(2.6,43.6),.PIECEWISE_BEZIER_KNOTS.);
#2452 = CARTESIAN_POINT('',(2.6,9.999999999991E-03));
#2453 = CARTESIAN_POINT('',(43.6,9.999999999991E-03));
#2454 = ( GEOMETRIC_REPRESENTATION_CONTEXT(2) 
PARAMETRIC_REPRESENTATION_CONTEXT() REPRESENTATION_CONTEXT('2D SPACE',''
  ) );
#2455 = ORIENTED_EDGE('',*,*,#2456,.T.);
#2456 = EDGE_CURVE('',#2436,#2343,#2457,.T.);
#2457 = SURFACE_CURVE('',#2458,(#2462,#2469),.PCURVE_S1.);
#2458 = LINE('',#2459,#2460);
#2459 = CARTESIAN_POINT('',(161.,34.,5.9));
#2460 = VECTOR('',#2461,1.);
#2461 = DIRECTION('',(0.,1.,0.));
#2462 = PCURVE('',#543,#2463);
#2463 = DEFINITIONAL_REPRESENTATION('',(#2464),#2468);
#2464 = LINE('',#2465,#2466);
#2465 = CARTESIAN_POINT('',(5.7,-30.8));
#2466 = VECTOR('',#2467,1.);
#2467 = DIRECTION('',(0.,-1.));
#2468 = ( GEOMETRIC_REPRESENTATION_CONTEXT(2) 
PARAMETRIC_REPRESENTATION_CONTEXT() REPRESENTATION_CONTEXT('2D SPACE',''
  ) );
#2469 = PCURVE('',#1720,#2470);
#2470 = DEFINITIONAL_REPRESENTATION('',(#2471),#2475);
#2471 = LINE('',#2472,#2473);
#2472 = CARTESIAN_POINT('',(7.,-1.8));
#2473 = VECTOR('',#2474,1.);
#2474 = DIRECTION('',(0.,1.));
#2475 = ( GEOMETRIC_REPRESENTATION_CONTEXT(2) 
PARAMETRIC_REPRESENTATION_CONTEXT() REPRESENTATION_CONTEXT('2D SPACE',''
  ) );
#2476 = ORIENTED_EDGE('',*,*,#2412,.T.);
#2477 = ADVANCED_FACE('',(#2478),#515,.T.);
#2478 = FACE_BOUND('',#2479,.T.);
#2479 = EDGE_LOOP('',(#2480,#2503,#2504,#2505,#2528,#2554));
#2480 = ORIENTED_EDGE('',*,*,#2481,.F.);
#2481 = EDGE_CURVE('',#2436,#2482,#2484,.T.);
#2482 = VERTEX_POINT('',#2483);
#2483 = CARTESIAN_POINT('',(163.,34.,5.9));
#2484 = SURFACE_CURVE('',#2485,(#2489,#2496),.PCURVE_S1.);
#2485 = LINE('',#2486,#2487);
#2486 = CARTESIAN_POINT('',(161.,34.,5.9));
#2487 = VECTOR('',#2488,1.);
#2488 = DIRECTION('',(1.,0.,0.));
#2489 = PCURVE('',#515,#2490);
#2490 = DEFINITIONAL_REPRESENTATION('',(#2491),#2495);
#2491 = LINE('',#2492,#2493);
#2492 = CARTESIAN_POINT('',(5.7,9.999999999991E-03));
#2493 = VECTOR('',#2494,1.);
#2494 = DIRECTION('',(0.,1.));
#2495 = ( GEOMETRIC_REPRESENTATION_CONTEXT(2) 
PARAMETRIC_REPRESENTATION_CONTEXT() REPRESENTATION_CONTEXT('2D SPACE',''
  ) );
#2496 = PCURVE('',#1720,#2497);
#2497 = DEFINITIONAL_REPRESENTATION('',(#2498),#2502);
#2498 = LINE('',#2499,#2500);
#2499 = CARTESIAN_POINT('',(7.,-1.8));
#2500 = VECTOR('',#2501,1.);
#2501 = DIRECTION('',(1.,0.));
#2502 = ( GEOMETRIC_REPRESENTATION_CONTEXT(2) 
PARAMETRIC_REPRESENTATION_CONTEXT() REPRESENTATION_CONTEXT('2D SPACE',''
  ) );
#2503 = ORIENTED_EDGE('',*,*,#2435,.T.);
#2504 = ORIENTED_EDGE('',*,*,#499,.T.);
#2505 = ORIENTED_EDGE('',*,*,#2506,.F.);
#2506 = EDGE_CURVE('',#2507,#471,#2509,.T.);
#2507 = VERTEX_POINT('',#2508);
#2508 = CARTESIAN_POINT('',(214.,34.,2.8));
#2509 = SURFACE_CURVE('',#2510,(#2514,#2521),.PCURVE_S1.);
#2510 = LINE('',#2511,#2512);
#2511 = CARTESIAN_POINT('',(214.,34.,2.8));
#2512 = VECTOR('',#2513,1.);
#2513 = DIRECTION('',(0.,0.,1.));
#2514 = PCURVE('',#515,#2515);
#2515 = DEFINITIONAL_REPRESENTATION('',(#2516),#2520);
#2516 = LINE('',#2517,#2518);
#2517 = CARTESIAN_POINT('',(2.6,53.01));
#2518 = VECTOR('',#2519,1.);
#2519 = DIRECTION('',(1.,0.));
#2520 = ( GEOMETRIC_REPRESENTATION_CONTEXT(2) 
PARAMETRIC_REPRESENTATION_CONTEXT() REPRESENTATION_CONTEXT('2D SPACE',''
  ) );
#2521 = PCURVE('',#487,#2522);
#2522 = DEFINITIONAL_REPRESENTATION('',(#2523),#2527);
#2523 = LINE('',#2524,#2525);
#2524 = CARTESIAN_POINT('',(-4.712388980385,0.));
#2525 = VECTOR('',#2526,1.);
#2526 = DIRECTION('',(-0.,-1.));
#2527 = ( GEOMETRIC_REPRESENTATION_CONTEXT(2) 
PARAMETRIC_REPRESENTATION_CONTEXT() REPRESENTATION_CONTEXT('2D SPACE',''
  ) );
#2528 = ORIENTED_EDGE('',*,*,#2529,.T.);
#2529 = EDGE_CURVE('',#2507,#2530,#2532,.T.);
#2530 = VERTEX_POINT('',#2531);
#2531 = CARTESIAN_POINT('',(163.,34.,2.8));
#2532 = SURFACE_CURVE('',#2533,(#2537,#2543),.PCURVE_S1.);
#2533 = LINE('',#2534,#2535);
#2534 = CARTESIAN_POINT('',(157.995,34.,2.8));
#2535 = VECTOR('',#2536,1.);
#2536 = DIRECTION('',(-1.,0.,0.));
#2537 = PCURVE('',#515,#2538);
#2538 = DEFINITIONAL_REPRESENTATION('',(#2539),#2542);
#2539 = B_SPLINE_CURVE_WITH_KNOTS('',1,(#2540,#2541),.UNSPECIFIED.,.F.,
  .F.,(2,2),(-58.005,-3.005),.PIECEWISE_BEZIER_KNOTS.);
#2540 = CARTESIAN_POINT('',(2.6,55.01));
#2541 = CARTESIAN_POINT('',(2.6,9.999999999991E-03));
#2542 = ( GEOMETRIC_REPRESENTATION_CONTEXT(2) 
PARAMETRIC_REPRESENTATION_CONTEXT() REPRESENTATION_CONTEXT('2D SPACE',''
  ) );
#2543 = PCURVE('',#2544,#2549);
#2544 = PLANE('',#2545);
#2545 = AXIS2_PLACEMENT_3D('',#2546,#2547,#2548);
#2546 = CARTESIAN_POINT('',(155.,9.99,2.8));
#2547 = DIRECTION('',(0.,0.,1.));
#2548 = DIRECTION('',(1.,0.,0.));
#2549 = DEFINITIONAL_REPRESENTATION('',(#2550),#2553);
#2550 = B_SPLINE_CURVE_WITH_KNOTS('',1,(#2551,#2552),.UNSPECIFIED.,.F.,
  .F.,(2,2),(-58.005,-3.005),.PIECEWISE_BEZIER_KNOTS.);
#2551 = CARTESIAN_POINT('',(61.,24.01));
#2552 = CARTESIAN_POINT('',(6.,24.01));
#2553 = ( GEOMETRIC_REPRESENTATION_CONTEXT(2) 
PARAMETRIC_REPRESENTATION_CONTEXT() REPRESENTATION_CONTEXT('2D SPACE',''
  ) );
#2554 = ORIENTED_EDGE('',*,*,#2555,.T.);
#2555 = EDGE_CURVE('',#2530,#2482,#2556,.T.);
#2556 = SURFACE_CURVE('',#2557,(#2561,#2568),.PCURVE_S1.);
#2557 = LINE('',#2558,#2559);
#2558 = CARTESIAN_POINT('',(163.,34.,2.8));
#2559 = VECTOR('',#2560,1.);
#2560 = DIRECTION('',(0.,0.,1.));
#2561 = PCURVE('',#515,#2562);
#2562 = DEFINITIONAL_REPRESENTATION('',(#2563),#2567);
#2563 = LINE('',#2564,#2565);
#2564 = CARTESIAN_POINT('',(2.6,2.01));
#2565 = VECTOR('',#2566,1.);
#2566 = DIRECTION('',(1.,0.));
#2567 = ( GEOMETRIC_REPRESENTATION_CONTEXT(2) 
PARAMETRIC_REPRESENTATION_CONTEXT() REPRESENTATION_CONTEXT('2D SPACE',''
  ) );
#2568 = PCURVE('',#2569,#2574);
#2569 = CYLINDRICAL_SURFACE('',#2570,2.);
#2570 = AXIS2_PLACEMENT_3D('',#2571,#2572,#2573);
#2571 = CARTESIAN_POINT('',(163.,36.,2.8));
#2572 = DIRECTION('',(-0.,-0.,-1.));
#2573 = DIRECTION('',(1.,0.,0.));
#2574 = DEFINITIONAL_REPRESENTATION('',(#2575),#2579);
#2575 = LINE('',#2576,#2577);
#2576 = CARTESIAN_POINT('',(-4.712388980385,0.));
#2577 = VECTOR('',#2578,1.);
#2578 = DIRECTION('',(-0.,-1.));
#2579 = ( GEOMETRIC_REPRESENTATION_CONTEXT(2) 
PARAMETRIC_REPRESENTATION_CONTEXT() REPRESENTATION_CONTEXT('2D SPACE',''
  ) );
#2580 = ADVANCED_FACE('',(#2581),#487,.F.);
#2581 = FACE_BOUND('',#2582,.T.);
#2582 = EDGE_LOOP('',(#2583,#2584,#2606,#2645));
#2583 = ORIENTED_EDGE('',*,*,#470,.T.);
#2584 = ORIENTED_EDGE('',*,*,#2585,.F.);
#2585 = EDGE_CURVE('',#2586,#443,#2588,.T.);
#2586 = VERTEX_POINT('',#2587);
#2587 = CARTESIAN_POINT('',(216.,36.,4.8));
#2588 = SURFACE_CURVE('',#2589,(#2593,#2599),.PCURVE_S1.);
#2589 = LINE('',#2590,#2591);
#2590 = CARTESIAN_POINT('',(216.,36.,2.8));
#2591 = VECTOR('',#2592,1.);
#2592 = DIRECTION('',(0.,0.,1.));
#2593 = PCURVE('',#487,#2594);
#2594 = DEFINITIONAL_REPRESENTATION('',(#2595),#2598);
#2595 = B_SPLINE_CURVE_WITH_KNOTS('',1,(#2596,#2597),.UNSPECIFIED.,.F.,
  .F.,(2,2),(0.,41.),.PIECEWISE_BEZIER_KNOTS.);
#2596 = CARTESIAN_POINT('',(-6.28318530718,0.));
#2597 = CARTESIAN_POINT('',(-6.28318530718,-41.));
#2598 = ( GEOMETRIC_REPRESENTATION_CONTEXT(2) 
PARAMETRIC_REPRESENTATION_CONTEXT() REPRESENTATION_CONTEXT('2D SPACE',''
  ) );
#2599 = PCURVE('',#458,#2600);
#2600 = DEFINITIONAL_REPRESENTATION('',(#2601),#2605);
#2601 = LINE('',#2602,#2603);
#2602 = CARTESIAN_POINT('',(2.6,-26.01));
#2603 = VECTOR('',#2604,1.);
#2604 = DIRECTION('',(1.,0.));
#2605 = ( GEOMETRIC_REPRESENTATION_CONTEXT(2) 
PARAMETRIC_REPRESENTATION_CONTEXT() REPRESENTATION_CONTEXT('2D SPACE',''
  ) );
#2606 = ORIENTED_EDGE('',*,*,#2607,.T.);
#2607 = EDGE_CURVE('',#2586,#2507,#2608,.T.);
#2608 = SURFACE_CURVE('',#2609,(#2614,#2627),.PCURVE_S1.);
#2609 = ELLIPSE('',#2610,2.828427124746,2.);
#2610 = AXIS2_PLACEMENT_3D('',#2611,#2612,#2613);
#2611 = CARTESIAN_POINT('',(214.,36.,4.8));
#2612 = DIRECTION('',(-0.,0.707106781187,-0.707106781187));
#2613 = DIRECTION('',(0.,-0.707106781187,-0.707106781187));
#2614 = PCURVE('',#487,#2615);
#2615 = DEFINITIONAL_REPRESENTATION('',(#2616),#2626);
#2616 = B_SPLINE_CURVE_WITH_KNOTS('',8,(#2617,#2618,#2619,#2620,#2621,
    #2622,#2623,#2624,#2625),.UNSPECIFIED.,.F.,.F.,(9,9),(4.712388980385
    ,6.28318530718),.PIECEWISE_BEZIER_KNOTS.);
#2617 = CARTESIAN_POINT('',(-6.28318530718,-2.));
#2618 = CARTESIAN_POINT('',(-6.08683576633,-1.607300918301));
#2619 = CARTESIAN_POINT('',(-5.890486225481,-1.214601743364));
#2620 = CARTESIAN_POINT('',(-5.694136684631,-0.844973477578));
#2621 = CARTESIAN_POINT('',(-5.497787143784,-0.521482498846));
#2622 = CARTESIAN_POINT('',(-5.301437602934,-0.26436390732));
#2623 = CARTESIAN_POINT('',(-5.105088062084,-8.812155197256E-02));
#2624 = CARTESIAN_POINT('',(-4.908738521234,-5.402727445362E-16));
#2625 = CARTESIAN_POINT('',(-4.712388980385,-4.440892098501E-16));
#2626 = ( GEOMETRIC_REPRESENTATION_CONTEXT(2) 
PARAMETRIC_REPRESENTATION_CONTEXT() REPRESENTATION_CONTEXT('2D SPACE',''
  ) );
#2627 = PCURVE('',#2628,#2633);
#2628 = CYLINDRICAL_SURFACE('',#2629,2.);
#2629 = AXIS2_PLACEMENT_3D('',#2630,#2631,#2632);
#2630 = CARTESIAN_POINT('',(214.,10.,4.8));
#2631 = DIRECTION('',(0.,-1.,0.));
#2632 = DIRECTION('',(1.,0.,0.));
#2633 = DEFINITIONAL_REPRESENTATION('',(#2634),#2644);
#2634 = B_SPLINE_CURVE_WITH_KNOTS('',8,(#2635,#2636,#2637,#2638,#2639,
    #2640,#2641,#2642,#2643),.UNSPECIFIED.,.F.,.F.,(9,9),(4.712388980385
    ,6.28318530718),.PIECEWISE_BEZIER_KNOTS.);
#2635 = CARTESIAN_POINT('',(6.28318530718,-26.));
#2636 = CARTESIAN_POINT('',(6.08683576633,-25.6073009183));
#2637 = CARTESIAN_POINT('',(5.890486225482,-25.21460174337));
#2638 = CARTESIAN_POINT('',(5.694136684631,-24.8449734775));
#2639 = CARTESIAN_POINT('',(5.497787143788,-24.52148249888));
#2640 = CARTESIAN_POINT('',(5.301437602933,-24.26436390727));
#2641 = CARTESIAN_POINT('',(5.105088062084,-24.08812155197));
#2642 = CARTESIAN_POINT('',(4.908738521234,-24.));
#2643 = CARTESIAN_POINT('',(4.712388980385,-24.));
#2644 = ( GEOMETRIC_REPRESENTATION_CONTEXT(2) 
PARAMETRIC_REPRESENTATION_CONTEXT() REPRESENTATION_CONTEXT('2D SPACE',''
  ) );
#2645 = ORIENTED_EDGE('',*,*,#2506,.T.);
#2646 = ADVANCED_FACE('',(#2647,#2693,#2780,#2860,#2966,#3072,#3159,
    #3239,#3345,#3425),#458,.F.);
#2647 = FACE_BOUND('',#2648,.F.);
#2648 = EDGE_LOOP('',(#2649,#2650,#2651,#2673));
#2649 = ORIENTED_EDGE('',*,*,#442,.F.);
#2650 = ORIENTED_EDGE('',*,*,#2585,.F.);
#2651 = ORIENTED_EDGE('',*,*,#2652,.T.);
#2652 = EDGE_CURVE('',#2586,#2653,#2655,.T.);
#2653 = VERTEX_POINT('',#2654);
#2654 = CARTESIAN_POINT('',(216.,200.,4.8));
#2655 = SURFACE_CURVE('',#2656,(#2660,#2667),.PCURVE_S1.);
#2656 = LINE('',#2657,#2658);
#2657 = CARTESIAN_POINT('',(216.,10.,4.8));
#2658 = VECTOR('',#2659,1.);
#2659 = DIRECTION('',(0.,1.,0.));
#2660 = PCURVE('',#458,#2661);
#2661 = DEFINITIONAL_REPRESENTATION('',(#2662),#2666);
#2662 = LINE('',#2663,#2664);
#2663 = CARTESIAN_POINT('',(4.6,-1.E-02));
#2664 = VECTOR('',#2665,1.);
#2665 = DIRECTION('',(0.,-1.));
#2666 = ( GEOMETRIC_REPRESENTATION_CONTEXT(2) 
PARAMETRIC_REPRESENTATION_CONTEXT() REPRESENTATION_CONTEXT('2D SPACE',''
  ) );
#2667 = PCURVE('',#2628,#2668);
#2668 = DEFINITIONAL_REPRESENTATION('',(#2669),#2672);
#2669 = B_SPLINE_CURVE_WITH_KNOTS('',1,(#2670,#2671),.UNSPECIFIED.,.F.,
  .F.,(2,2),(0.,196.),.PIECEWISE_BEZIER_KNOTS.);
#2670 = CARTESIAN_POINT('',(6.28318530718,0.));
#2671 = CARTESIAN_POINT('',(6.28318530718,-196.));
#2672 = ( GEOMETRIC_REPRESENTATION_CONTEXT(2) 
PARAMETRIC_REPRESENTATION_CONTEXT() REPRESENTATION_CONTEXT('2D SPACE',''
  ) );
#2673 = ORIENTED_EDGE('',*,*,#2674,.T.);
#2674 = EDGE_CURVE('',#2653,#414,#2675,.T.);
#2675 = SURFACE_CURVE('',#2676,(#2680,#2687),.PCURVE_S1.);
#2676 = LINE('',#2677,#2678);
#2677 = CARTESIAN_POINT('',(216.,200.,2.8));
#2678 = VECTOR('',#2679,1.);
#2679 = DIRECTION('',(0.,0.,1.));
#2680 = PCURVE('',#458,#2681);
#2681 = DEFINITIONAL_REPRESENTATION('',(#2682),#2686);
#2682 = LINE('',#2683,#2684);
#2683 = CARTESIAN_POINT('',(2.6,-190.01));
#2684 = VECTOR('',#2685,1.);
#2685 = DIRECTION('',(1.,0.));
#2686 = ( GEOMETRIC_REPRESENTATION_CONTEXT(2) 
PARAMETRIC_REPRESENTATION_CONTEXT() REPRESENTATION_CONTEXT('2D SPACE',''
  ) );
#2687 = PCURVE('',#430,#2688);
#2688 = DEFINITIONAL_REPRESENTATION('',(#2689),#2692);
#2689 = B_SPLINE_CURVE_WITH_KNOTS('',1,(#2690,#2691),.UNSPECIFIED.,.F.,
  .F.,(2,2),(0.,41.),.PIECEWISE_BEZIER_KNOTS.);
#2690 = CARTESIAN_POINT('',(0.,0.));
#2691 = CARTESIAN_POINT('',(0.,-41.));
#2692 = ( GEOMETRIC_REPRESENTATION_CONTEXT(2) 
PARAMETRIC_REPRESENTATION_CONTEXT() REPRESENTATION_CONTEXT('2D SPACE',''
  ) );
#2693 = FACE_BOUND('',#2694,.F.);
#2694 = EDGE_LOOP('',(#2695,#2723,#2756));
#2695 = ORIENTED_EDGE('',*,*,#2696,.T.);
#2696 = EDGE_CURVE('',#2697,#2699,#2701,.T.);
#2697 = VERTEX_POINT('',#2698);
#2698 = CARTESIAN_POINT('',(216.,192.5,15.581118318204));
#2699 = VERTEX_POINT('',#2700);
#2700 = CARTESIAN_POINT('',(216.,195.5405591591,12.540559159102));
#2701 = SURFACE_CURVE('',#2702,(#2706,#2712),.PCURVE_S1.);
#2702 = LINE('',#2703,#2704);
#2703 = CARTESIAN_POINT('',(216.,152.2380591591,55.843059159102));
#2704 = VECTOR('',#2705,1.);
#2705 = DIRECTION('',(0.,0.707106781187,-0.707106781187));
#2706 = PCURVE('',#458,#2707);
#2707 = DEFINITIONAL_REPRESENTATION('',(#2708),#2711);
#2708 = B_SPLINE_CURVE_WITH_KNOTS('',1,(#2709,#2710),.UNSPECIFIED.,.F.,
  .F.,(2,2),(56.938982784661,61.238982784661),.PIECEWISE_BEZIER_KNOTS.);
#2709 = CARTESIAN_POINT('',(15.381118318204,-182.51));
#2710 = CARTESIAN_POINT('',(12.340559159102,-185.5505591591));
#2711 = ( GEOMETRIC_REPRESENTATION_CONTEXT(2) 
PARAMETRIC_REPRESENTATION_CONTEXT() REPRESENTATION_CONTEXT('2D SPACE',''
  ) );
#2712 = PCURVE('',#2713,#2718);
#2713 = PLANE('',#2714);
#2714 = AXIS2_PLACEMENT_3D('',#2715,#2716,#2717);
#2715 = CARTESIAN_POINT('',(215.,195.5405591591,12.540559159102));
#2716 = DIRECTION('',(0.,-0.707106781187,-0.707106781187));
#2717 = DIRECTION('',(0.,-0.707106781187,0.707106781187));
#2718 = DEFINITIONAL_REPRESENTATION('',(#2719),#2722);
#2719 = B_SPLINE_CURVE_WITH_KNOTS('',1,(#2720,#2721),.UNSPECIFIED.,.F.,
  .F.,(2,2),(56.938982784661,61.238982784661),.PIECEWISE_BEZIER_KNOTS.);
#2720 = CARTESIAN_POINT('',(4.3,-1.));
#2721 = CARTESIAN_POINT('',(0.,-1.));
#2722 = ( GEOMETRIC_REPRESENTATION_CONTEXT(2) 
PARAMETRIC_REPRESENTATION_CONTEXT() REPRESENTATION_CONTEXT('2D SPACE',''
  ) );
#2723 = ORIENTED_EDGE('',*,*,#2724,.T.);
#2724 = EDGE_CURVE('',#2699,#2725,#2727,.T.);
#2725 = VERTEX_POINT('',#2726);
#2726 = CARTESIAN_POINT('',(216.,189.45944084089,12.540559159102));
#2727 = SURFACE_CURVE('',#2728,(#2733,#2744),.PCURVE_S1.);
#2728 = CIRCLE('',#2729,4.3);
#2729 = AXIS2_PLACEMENT_3D('',#2730,#2731,#2732);
#2730 = CARTESIAN_POINT('',(216.,192.5,9.5));
#2731 = DIRECTION('',(-1.,-0.,0.));
#2732 = DIRECTION('',(0.,-6.609699867536E-15,-1.));
#2733 = PCURVE('',#458,#2734);
#2734 = DEFINITIONAL_REPRESENTATION('',(#2735),#2743);
#2735 = ( BOUNDED_CURVE() B_SPLINE_CURVE(2,(#2736,#2737,#2738,#2739,
#2740,#2741,#2742),.UNSPECIFIED.,.T.,.F.) B_SPLINE_CURVE_WITH_KNOTS((1,2
    ,2,2,2,1),(-2.094395102393,0.,2.094395102393,4.188790204786,
6.28318530718,8.377580409573),.UNSPECIFIED.) CURVE() 
GEOMETRIC_REPRESENTATION_ITEM() RATIONAL_B_SPLINE_CURVE((1.,0.5,1.,0.5,
1.,0.5,1.)) REPRESENTATION_ITEM('') );
#2736 = CARTESIAN_POINT('',(5.,-182.51));
#2737 = CARTESIAN_POINT('',(5.,-175.0621815274));
#2738 = CARTESIAN_POINT('',(11.45,-178.7860907637));
#2739 = CARTESIAN_POINT('',(17.9,-182.51));
#2740 = CARTESIAN_POINT('',(11.45,-186.2339092362));
#2741 = CARTESIAN_POINT('',(5.,-189.9578184725));
#2742 = CARTESIAN_POINT('',(5.,-182.51));
#2743 = ( GEOMETRIC_REPRESENTATION_CONTEXT(2) 
PARAMETRIC_REPRESENTATION_CONTEXT() REPRESENTATION_CONTEXT('2D SPACE',''
  ) );
#2744 = PCURVE('',#2745,#2750);
#2745 = CYLINDRICAL_SURFACE('',#2746,4.3);
#2746 = AXIS2_PLACEMENT_3D('',#2747,#2748,#2749);
#2747 = CARTESIAN_POINT('',(215.,192.5,9.5));
#2748 = DIRECTION('',(-1.,-0.,-0.));
#2749 = DIRECTION('',(0.,-6.609699867536E-15,-1.));
#2750 = DEFINITIONAL_REPRESENTATION('',(#2751),#2755);
#2751 = LINE('',#2752,#2753);
#2752 = CARTESIAN_POINT('',(-6.28318530718,-1.));
#2753 = VECTOR('',#2754,1.);
#2754 = DIRECTION('',(1.,-0.));
#2755 = ( GEOMETRIC_REPRESENTATION_CONTEXT(2) 
PARAMETRIC_REPRESENTATION_CONTEXT() REPRESENTATION_CONTEXT('2D SPACE',''
  ) );
#2756 = ORIENTED_EDGE('',*,*,#2757,.T.);
#2757 = EDGE_CURVE('',#2725,#2697,#2758,.T.);
#2758 = SURFACE_CURVE('',#2759,(#2763,#2769),.PCURVE_S1.);
#2759 = LINE('',#2760,#2761);
#2760 = CARTESIAN_POINT('',(216.,143.02722042044,-33.89166126134));
#2761 = VECTOR('',#2762,1.);
#2762 = DIRECTION('',(-0.,0.707106781187,0.707106781187));
#2763 = PCURVE('',#458,#2764);
#2764 = DEFINITIONAL_REPRESENTATION('',(#2765),#2768);
#2765 = B_SPLINE_CURVE_WITH_KNOTS('',1,(#2766,#2767),.UNSPECIFIED.,.F.,
  .F.,(2,2),(65.665075849696,69.965075849696),.PIECEWISE_BEZIER_KNOTS.);
#2766 = CARTESIAN_POINT('',(12.340559159102,-179.4694408408));
#2767 = CARTESIAN_POINT('',(15.381118318204,-182.51));
#2768 = ( GEOMETRIC_REPRESENTATION_CONTEXT(2) 
PARAMETRIC_REPRESENTATION_CONTEXT() REPRESENTATION_CONTEXT('2D SPACE',''
  ) );
#2769 = PCURVE('',#2770,#2775);
#2770 = PLANE('',#2771);
#2771 = AXIS2_PLACEMENT_3D('',#2772,#2773,#2774);
#2772 = CARTESIAN_POINT('',(215.,192.5,15.581118318204));
#2773 = DIRECTION('',(0.,0.707106781187,-0.707106781187));
#2774 = DIRECTION('',(0.,-0.707106781187,-0.707106781187));
#2775 = DEFINITIONAL_REPRESENTATION('',(#2776),#2779);
#2776 = B_SPLINE_CURVE_WITH_KNOTS('',1,(#2777,#2778),.UNSPECIFIED.,.F.,
  .F.,(2,2),(65.665075849696,69.965075849696),.PIECEWISE_BEZIER_KNOTS.);
#2777 = CARTESIAN_POINT('',(4.3,-1.));
#2778 = CARTESIAN_POINT('',(0.,-1.));
#2779 = ( GEOMETRIC_REPRESENTATION_CONTEXT(2) 
PARAMETRIC_REPRESENTATION_CONTEXT() REPRESENTATION_CONTEXT('2D SPACE',''
  ) );
#2780 = FACE_BOUND('',#2781,.F.);
#2781 = EDGE_LOOP('',(#2782,#2810,#2836));
#2782 = ORIENTED_EDGE('',*,*,#2783,.T.);
#2783 = EDGE_CURVE('',#2784,#2786,#2788,.T.);
#2784 = VERTEX_POINT('',#2785);
#2785 = CARTESIAN_POINT('',(216.,138.34264068711,18.67867965644));
#2786 = VERTEX_POINT('',#2787);
#2787 = CARTESIAN_POINT('',(216.,151.82132034356,5.2));
#2788 = SURFACE_CURVE('',#2789,(#2793,#2799),.PCURVE_S1.);
#2789 = LINE('',#2790,#2791);
#2790 = CARTESIAN_POINT('',(216.,117.61349025767,39.40783008589));
#2791 = VECTOR('',#2792,1.);
#2792 = DIRECTION('',(0.,0.707106781187,-0.707106781187));
#2793 = PCURVE('',#458,#2794);
#2794 = DEFINITIONAL_REPRESENTATION('',(#2795),#2798);
#2795 = B_SPLINE_CURVE_WITH_KNOTS('',1,(#2796,#2797),.UNSPECIFIED.,.F.,
  .F.,(2,2),(29.3154456738,48.37717724682),.PIECEWISE_BEZIER_KNOTS.);
#2796 = CARTESIAN_POINT('',(18.47867965644,-128.3526406871));
#2797 = CARTESIAN_POINT('',(5.,-141.8313203435));
#2798 = ( GEOMETRIC_REPRESENTATION_CONTEXT(2) 
PARAMETRIC_REPRESENTATION_CONTEXT() REPRESENTATION_CONTEXT('2D SPACE',''
  ) );
#2799 = PCURVE('',#2800,#2805);
#2800 = PLANE('',#2801);
#2801 = AXIS2_PLACEMENT_3D('',#2802,#2803,#2804);
#2802 = CARTESIAN_POINT('',(215.,151.82132034356,5.2));
#2803 = DIRECTION('',(0.,-0.707106781187,-0.707106781187));
#2804 = DIRECTION('',(0.,-0.707106781187,0.707106781187));
#2805 = DEFINITIONAL_REPRESENTATION('',(#2806),#2809);
#2806 = B_SPLINE_CURVE_WITH_KNOTS('',1,(#2807,#2808),.UNSPECIFIED.,.F.,
  .F.,(2,2),(29.3154456738,48.37717724682),.PIECEWISE_BEZIER_KNOTS.);
#2807 = CARTESIAN_POINT('',(19.06173157302,-1.));
#2808 = CARTESIAN_POINT('',(0.,-1.));
#2809 = ( GEOMETRIC_REPRESENTATION_CONTEXT(2) 
PARAMETRIC_REPRESENTATION_CONTEXT() REPRESENTATION_CONTEXT('2D SPACE',''
  ) );
#2810 = ORIENTED_EDGE('',*,*,#2811,.T.);
#2811 = EDGE_CURVE('',#2786,#2812,#2814,.T.);
#2812 = VERTEX_POINT('',#2813);
#2813 = CARTESIAN_POINT('',(216.,124.86396103067,5.2));
#2814 = SURFACE_CURVE('',#2815,(#2819,#2825),.PCURVE_S1.);
#2815 = LINE('',#2816,#2817);
#2816 = CARTESIAN_POINT('',(216.,67.426980515339,5.2));
#2817 = VECTOR('',#2818,1.);
#2818 = DIRECTION('',(0.,-1.,0.));
#2819 = PCURVE('',#458,#2820);
#2820 = DEFINITIONAL_REPRESENTATION('',(#2821),#2824);
#2821 = B_SPLINE_CURVE_WITH_KNOTS('',1,(#2822,#2823),.UNSPECIFIED.,.F.,
  .F.,(2,2),(-84.39433982822,-57.43698051533),.PIECEWISE_BEZIER_KNOTS.);
#2822 = CARTESIAN_POINT('',(5.,-141.8313203435));
#2823 = CARTESIAN_POINT('',(5.,-114.8739610306));
#2824 = ( GEOMETRIC_REPRESENTATION_CONTEXT(2) 
PARAMETRIC_REPRESENTATION_CONTEXT() REPRESENTATION_CONTEXT('2D SPACE',''
  ) );
#2825 = PCURVE('',#2826,#2831);
#2826 = PLANE('',#2827);
#2827 = AXIS2_PLACEMENT_3D('',#2828,#2829,#2830);
#2828 = CARTESIAN_POINT('',(215.,124.86396103067,5.2));
#2829 = DIRECTION('',(0.,0.,1.));
#2830 = DIRECTION('',(0.,1.,0.));
#2831 = DEFINITIONAL_REPRESENTATION('',(#2832),#2835);
#2832 = B_SPLINE_CURVE_WITH_KNOTS('',1,(#2833,#2834),.UNSPECIFIED.,.F.,
  .F.,(2,2),(-84.39433982822,-57.43698051533),.PIECEWISE_BEZIER_KNOTS.);
#2833 = CARTESIAN_POINT('',(26.957359312881,-1.));
#2834 = CARTESIAN_POINT('',(0.,-1.));
#2835 = ( GEOMETRIC_REPRESENTATION_CONTEXT(2) 
PARAMETRIC_REPRESENTATION_CONTEXT() REPRESENTATION_CONTEXT('2D SPACE',''
  ) );
#2836 = ORIENTED_EDGE('',*,*,#2837,.T.);
#2837 = EDGE_CURVE('',#2812,#2784,#2838,.T.);
#2838 = SURFACE_CURVE('',#2839,(#2843,#2849),.PCURVE_S1.);
#2839 = LINE('',#2840,#2841);
#2840 = CARTESIAN_POINT('',(216.,101.63481060122,-18.02915042945));
#2841 = VECTOR('',#2842,1.);
#2842 = DIRECTION('',(-0.,0.707106781187,0.707106781187));
#2843 = PCURVE('',#458,#2844);
#2844 = DEFINITIONAL_REPRESENTATION('',(#2845),#2848);
#2845 = B_SPLINE_CURVE_WITH_KNOTS('',1,(#2846,#2847),.UNSPECIFIED.,.F.,
  .F.,(2,2),(32.850979579732,51.912711152753),.PIECEWISE_BEZIER_KNOTS.);
#2846 = CARTESIAN_POINT('',(5.,-114.8739610306));
#2847 = CARTESIAN_POINT('',(18.47867965644,-128.3526406871));
#2848 = ( GEOMETRIC_REPRESENTATION_CONTEXT(2) 
PARAMETRIC_REPRESENTATION_CONTEXT() REPRESENTATION_CONTEXT('2D SPACE',''
  ) );
#2849 = PCURVE('',#2850,#2855);
#2850 = PLANE('',#2851);
#2851 = AXIS2_PLACEMENT_3D('',#2852,#2853,#2854);
#2852 = CARTESIAN_POINT('',(215.,138.34264068711,18.67867965644));
#2853 = DIRECTION('',(0.,0.707106781187,-0.707106781187));
#2854 = DIRECTION('',(0.,-0.707106781187,-0.707106781187));
#2855 = DEFINITIONAL_REPRESENTATION('',(#2856),#2859);
#2856 = B_SPLINE_CURVE_WITH_KNOTS('',1,(#2857,#2858),.UNSPECIFIED.,.F.,
  .F.,(2,2),(32.850979579732,51.912711152753),.PIECEWISE_BEZIER_KNOTS.);
#2857 = CARTESIAN_POINT('',(19.06173157302,-1.));
#2858 = CARTESIAN_POINT('',(0.,-1.));
#2859 = ( GEOMETRIC_REPRESENTATION_CONTEXT(2) 
PARAMETRIC_REPRESENTATION_CONTEXT() REPRESENTATION_CONTEXT('2D SPACE',''
  ) );
#2860 = FACE_BOUND('',#2861,.F.);
#2861 = EDGE_LOOP('',(#2862,#2890,#2916,#2942));
#2862 = ORIENTED_EDGE('',*,*,#2863,.T.);
#2863 = EDGE_CURVE('',#2864,#2866,#2868,.T.);
#2864 = VERTEX_POINT('',#2865);
#2865 = CARTESIAN_POINT('',(216.,170.46396103067,20.8));
#2866 = VERTEX_POINT('',#2867);
#2867 = CARTESIAN_POINT('',(216.,155.46396103067,5.8));
#2868 = SURFACE_CURVE('',#2869,(#2873,#2879),.PCURVE_S1.);
#2869 = LINE('',#2870,#2871);
#2870 = CARTESIAN_POINT('',(216.,117.695470773,-31.96849025767));
#2871 = VECTOR('',#2872,1.);
#2872 = DIRECTION('',(0.,-0.707106781187,-0.707106781187));
#2873 = PCURVE('',#458,#2874);
#2874 = DEFINITIONAL_REPRESENTATION('',(#2875),#2878);
#2875 = B_SPLINE_CURVE_WITH_KNOTS('',1,(#2876,#2877),.UNSPECIFIED.,.F.,
  .F.,(2,2),(-74.62591458834,-53.41271115275),.PIECEWISE_BEZIER_KNOTS.);
#2876 = CARTESIAN_POINT('',(20.6,-160.4739610306));
#2877 = CARTESIAN_POINT('',(5.6,-145.4739610306));
#2878 = ( GEOMETRIC_REPRESENTATION_CONTEXT(2) 
PARAMETRIC_REPRESENTATION_CONTEXT() REPRESENTATION_CONTEXT('2D SPACE',''
  ) );
#2879 = PCURVE('',#2880,#2885);
#2880 = PLANE('',#2881);
#2881 = AXIS2_PLACEMENT_3D('',#2882,#2883,#2884);
#2882 = CARTESIAN_POINT('',(215.,155.46396103067,5.8));
#2883 = DIRECTION('',(0.,-0.707106781187,0.707106781187));
#2884 = DIRECTION('',(0.,0.707106781187,0.707106781187));
#2885 = DEFINITIONAL_REPRESENTATION('',(#2886),#2889);
#2886 = B_SPLINE_CURVE_WITH_KNOTS('',1,(#2887,#2888),.UNSPECIFIED.,.F.,
  .F.,(2,2),(-74.62591458834,-53.41271115275),.PIECEWISE_BEZIER_KNOTS.);
#2887 = CARTESIAN_POINT('',(21.213203435596,-1.));
#2888 = CARTESIAN_POINT('',(0.,-1.));
#2889 = ( GEOMETRIC_REPRESENTATION_CONTEXT(2) 
PARAMETRIC_REPRESENTATION_CONTEXT() REPRESENTATION_CONTEXT('2D SPACE',''
  ) );
#2890 = ORIENTED_EDGE('',*,*,#2891,.T.);
#2891 = EDGE_CURVE('',#2866,#2892,#2894,.T.);
#2892 = VERTEX_POINT('',#2893);
#2893 = CARTESIAN_POINT('',(216.,140.46396103067,20.8));
#2894 = SURFACE_CURVE('',#2895,(#2899,#2905),.PCURVE_S1.);
#2895 = LINE('',#2896,#2897);
#2896 = CARTESIAN_POINT('',(216.,112.995470773,48.26849025767));
#2897 = VECTOR('',#2898,1.);
#2898 = DIRECTION('',(0.,-0.707106781187,0.707106781187));
#2899 = PCURVE('',#458,#2900);
#2900 = DEFINITIONAL_REPRESENTATION('',(#2901),#2904);
#2901 = B_SPLINE_CURVE_WITH_KNOTS('',1,(#2902,#2903),.UNSPECIFIED.,.F.,
  .F.,(2,2),(-60.0595148959,-38.84631146031),.PIECEWISE_BEZIER_KNOTS.);
#2902 = CARTESIAN_POINT('',(5.6,-145.4739610306));
#2903 = CARTESIAN_POINT('',(20.6,-130.4739610306));
#2904 = ( GEOMETRIC_REPRESENTATION_CONTEXT(2) 
PARAMETRIC_REPRESENTATION_CONTEXT() REPRESENTATION_CONTEXT('2D SPACE',''
  ) );
#2905 = PCURVE('',#2906,#2911);
#2906 = PLANE('',#2907);
#2907 = AXIS2_PLACEMENT_3D('',#2908,#2909,#2910);
#2908 = CARTESIAN_POINT('',(215.,140.46396103067,20.8));
#2909 = DIRECTION('',(-0.,0.707106781187,0.707106781187));
#2910 = DIRECTION('',(0.,0.707106781187,-0.707106781187));
#2911 = DEFINITIONAL_REPRESENTATION('',(#2912),#2915);
#2912 = B_SPLINE_CURVE_WITH_KNOTS('',1,(#2913,#2914),.UNSPECIFIED.,.F.,
  .F.,(2,2),(-60.0595148959,-38.84631146031),.PIECEWISE_BEZIER_KNOTS.);
#2913 = CARTESIAN_POINT('',(21.213203435596,-1.));
#2914 = CARTESIAN_POINT('',(0.,-1.));
#2915 = ( GEOMETRIC_REPRESENTATION_CONTEXT(2) 
PARAMETRIC_REPRESENTATION_CONTEXT() REPRESENTATION_CONTEXT('2D SPACE',''
  ) );
#2916 = ORIENTED_EDGE('',*,*,#2917,.T.);
#2917 = EDGE_CURVE('',#2892,#2918,#2920,.T.);
#2918 = VERTEX_POINT('',#2919);
#2919 = CARTESIAN_POINT('',(216.,155.46396103067,35.8));
#2920 = SURFACE_CURVE('',#2921,(#2925,#2931),.PCURVE_S1.);
#2921 = LINE('',#2922,#2923);
#2922 = CARTESIAN_POINT('',(216.,110.195470773,-9.46849025767));
#2923 = VECTOR('',#2924,1.);
#2924 = DIRECTION('',(-0.,0.707106781187,0.707106781187));
#2925 = PCURVE('',#458,#2926);
#2926 = DEFINITIONAL_REPRESENTATION('',(#2927),#2930);
#2927 = B_SPLINE_CURVE_WITH_KNOTS('',1,(#2928,#2929),.UNSPECIFIED.,.F.,
  .F.,(2,2),(42.806109434954,64.019312870551),.PIECEWISE_BEZIER_KNOTS.);
#2928 = CARTESIAN_POINT('',(20.6,-130.4739610306));
#2929 = CARTESIAN_POINT('',(35.6,-145.4739610306));
#2930 = ( GEOMETRIC_REPRESENTATION_CONTEXT(2) 
PARAMETRIC_REPRESENTATION_CONTEXT() REPRESENTATION_CONTEXT('2D SPACE',''
  ) );
#2931 = PCURVE('',#2932,#2937);
#2932 = PLANE('',#2933);
#2933 = AXIS2_PLACEMENT_3D('',#2934,#2935,#2936);
#2934 = CARTESIAN_POINT('',(215.,155.46396103067,35.8));
#2935 = DIRECTION('',(0.,0.707106781187,-0.707106781187));
#2936 = DIRECTION('',(0.,-0.707106781187,-0.707106781187));
#2937 = DEFINITIONAL_REPRESENTATION('',(#2938),#2941);
#2938 = B_SPLINE_CURVE_WITH_KNOTS('',1,(#2939,#2940),.UNSPECIFIED.,.F.,
  .F.,(2,2),(42.806109434954,64.019312870551),.PIECEWISE_BEZIER_KNOTS.);
#2939 = CARTESIAN_POINT('',(21.213203435596,-1.));
#2940 = CARTESIAN_POINT('',(0.,-1.));
#2941 = ( GEOMETRIC_REPRESENTATION_CONTEXT(2) 
PARAMETRIC_REPRESENTATION_CONTEXT() REPRESENTATION_CONTEXT('2D SPACE',''
  ) );
#2942 = ORIENTED_EDGE('',*,*,#2943,.T.);
#2943 = EDGE_CURVE('',#2918,#2864,#2944,.T.);
#2944 = SURFACE_CURVE('',#2945,(#2949,#2955),.PCURVE_S1.);
#2945 = LINE('',#2946,#2947);
#2946 = CARTESIAN_POINT('',(216.,135.495470773,55.76849025767));
#2947 = VECTOR('',#2948,1.);
#2948 = DIRECTION('',(0.,0.707106781187,-0.707106781187));
#2949 = PCURVE('',#458,#2950);
#2950 = DEFINITIONAL_REPRESENTATION('',(#2951),#2954);
#2951 = B_SPLINE_CURVE_WITH_KNOTS('',1,(#2952,#2953),.UNSPECIFIED.,.F.,
  .F.,(2,2),(28.239709742512,49.452913178108),.PIECEWISE_BEZIER_KNOTS.);
#2952 = CARTESIAN_POINT('',(35.6,-145.4739610306));
#2953 = CARTESIAN_POINT('',(20.6,-160.4739610306));
#2954 = ( GEOMETRIC_REPRESENTATION_CONTEXT(2) 
PARAMETRIC_REPRESENTATION_CONTEXT() REPRESENTATION_CONTEXT('2D SPACE',''
  ) );
#2955 = PCURVE('',#2956,#2961);
#2956 = PLANE('',#2957);
#2957 = AXIS2_PLACEMENT_3D('',#2958,#2959,#2960);
#2958 = CARTESIAN_POINT('',(215.,170.46396103067,20.8));
#2959 = DIRECTION('',(0.,-0.707106781187,-0.707106781187));
#2960 = DIRECTION('',(0.,-0.707106781187,0.707106781187));
#2961 = DEFINITIONAL_REPRESENTATION('',(#2962),#2965);
#2962 = B_SPLINE_CURVE_WITH_KNOTS('',1,(#2963,#2964),.UNSPECIFIED.,.F.,
  .F.,(2,2),(28.239709742512,49.452913178108),.PIECEWISE_BEZIER_KNOTS.);
#2963 = CARTESIAN_POINT('',(21.213203435596,-1.));
#2964 = CARTESIAN_POINT('',(0.,-1.));
#2965 = ( GEOMETRIC_REPRESENTATION_CONTEXT(2) 
PARAMETRIC_REPRESENTATION_CONTEXT() REPRESENTATION_CONTEXT('2D SPACE',''
  ) );
#2966 = FACE_BOUND('',#2967,.F.);
#2967 = EDGE_LOOP('',(#2968,#2996,#3022,#3048));
#2968 = ORIENTED_EDGE('',*,*,#2969,.T.);
#2969 = EDGE_CURVE('',#2970,#2972,#2974,.T.);
#2970 = VERTEX_POINT('',#2971);
#2971 = CARTESIAN_POINT('',(216.,136.22132034356,20.8));
#2972 = VERTEX_POINT('',#2973);
#2973 = CARTESIAN_POINT('',(216.,121.22132034356,5.8));
#2974 = SURFACE_CURVE('',#2975,(#2979,#2985),.PCURVE_S1.);
#2975 = LINE('',#2976,#2977);
#2976 = CARTESIAN_POINT('',(216.,92.01349025767,-23.40783008589));
#2977 = VECTOR('',#2978,1.);
#2978 = DIRECTION('',(0.,-0.707106781187,-0.707106781187));
#2979 = PCURVE('',#458,#2980);
#2980 = DEFINITIONAL_REPRESENTATION('',(#2981),#2984);
#2981 = B_SPLINE_CURVE_WITH_KNOTS('',1,(#2982,#2983),.UNSPECIFIED.,.F.,
  .F.,(2,2),(-62.51931287055,-41.30610943495),.PIECEWISE_BEZIER_KNOTS.);
#2982 = CARTESIAN_POINT('',(20.6,-126.2313203435));
#2983 = CARTESIAN_POINT('',(5.6,-111.2313203435));
#2984 = ( GEOMETRIC_REPRESENTATION_CONTEXT(2) 
PARAMETRIC_REPRESENTATION_CONTEXT() REPRESENTATION_CONTEXT('2D SPACE',''
  ) );
#2985 = PCURVE('',#2986,#2991);
#2986 = PLANE('',#2987);
#2987 = AXIS2_PLACEMENT_3D('',#2988,#2989,#2990);
#2988 = CARTESIAN_POINT('',(215.,121.22132034356,5.8));
#2989 = DIRECTION('',(0.,-0.707106781187,0.707106781187));
#2990 = DIRECTION('',(0.,0.707106781187,0.707106781187));
#2991 = DEFINITIONAL_REPRESENTATION('',(#2992),#2995);
#2992 = B_SPLINE_CURVE_WITH_KNOTS('',1,(#2993,#2994),.UNSPECIFIED.,.F.,
  .F.,(2,2),(-62.51931287055,-41.30610943495),.PIECEWISE_BEZIER_KNOTS.);
#2993 = CARTESIAN_POINT('',(21.213203435596,-1.));
#2994 = CARTESIAN_POINT('',(0.,-1.));
#2995 = ( GEOMETRIC_REPRESENTATION_CONTEXT(2) 
PARAMETRIC_REPRESENTATION_CONTEXT() REPRESENTATION_CONTEXT('2D SPACE',''
  ) );
#2996 = ORIENTED_EDGE('',*,*,#2997,.T.);
#2997 = EDGE_CURVE('',#2972,#2998,#3000,.T.);
#2998 = VERTEX_POINT('',#2999);
#2999 = CARTESIAN_POINT('',(216.,106.22132034356,20.8));
#3000 = SURFACE_CURVE('',#3001,(#3005,#3011),.PCURVE_S1.);
#3001 = LINE('',#3002,#3003);
#3002 = CARTESIAN_POINT('',(216.,87.31349025767,39.70783008589));
#3003 = VECTOR('',#3004,1.);
#3004 = DIRECTION('',(0.,-0.707106781187,0.707106781187));
#3005 = PCURVE('',#458,#3006);
#3006 = DEFINITIONAL_REPRESENTATION('',(#3007),#3010);
#3007 = B_SPLINE_CURVE_WITH_KNOTS('',1,(#3008,#3009),.UNSPECIFIED.,.F.,
  .F.,(2,2),(-47.9529131781,-26.73970974251),.PIECEWISE_BEZIER_KNOTS.);
#3008 = CARTESIAN_POINT('',(5.6,-111.2313203435));
#3009 = CARTESIAN_POINT('',(20.6,-96.23132034356));
#3010 = ( GEOMETRIC_REPRESENTATION_CONTEXT(2) 
PARAMETRIC_REPRESENTATION_CONTEXT() REPRESENTATION_CONTEXT('2D SPACE',''
  ) );
#3011 = PCURVE('',#3012,#3017);
#3012 = PLANE('',#3013);
#3013 = AXIS2_PLACEMENT_3D('',#3014,#3015,#3016);
#3014 = CARTESIAN_POINT('',(215.,106.22132034356,20.8));
#3015 = DIRECTION('',(-0.,0.707106781187,0.707106781187));
#3016 = DIRECTION('',(0.,0.707106781187,-0.707106781187));
#3017 = DEFINITIONAL_REPRESENTATION('',(#3018),#3021);
#3018 = B_SPLINE_CURVE_WITH_KNOTS('',1,(#3019,#3020),.UNSPECIFIED.,.F.,
  .F.,(2,2),(-47.9529131781,-26.73970974251),.PIECEWISE_BEZIER_KNOTS.);
#3019 = CARTESIAN_POINT('',(21.213203435596,-1.));
#3020 = CARTESIAN_POINT('',(0.,-1.));
#3021 = ( GEOMETRIC_REPRESENTATION_CONTEXT(2) 
PARAMETRIC_REPRESENTATION_CONTEXT() REPRESENTATION_CONTEXT('2D SPACE',''
  ) );
#3022 = ORIENTED_EDGE('',*,*,#3023,.T.);
#3023 = EDGE_CURVE('',#2998,#3024,#3026,.T.);
#3024 = VERTEX_POINT('',#3025);
#3025 = CARTESIAN_POINT('',(216.,121.22132034356,35.8));
#3026 = SURFACE_CURVE('',#3027,(#3031,#3037),.PCURVE_S1.);
#3027 = LINE('',#3028,#3029);
#3028 = CARTESIAN_POINT('',(216.,84.51349025767,-0.90783008589));
#3029 = VECTOR('',#3030,1.);
#3030 = DIRECTION('',(-0.,0.707106781187,0.707106781187));
#3031 = PCURVE('',#458,#3032);
#3032 = DEFINITIONAL_REPRESENTATION('',(#3033),#3036);
#3033 = B_SPLINE_CURVE_WITH_KNOTS('',1,(#3034,#3035),.UNSPECIFIED.,.F.,
  .F.,(2,2),(30.699507717156,51.912711152753),.PIECEWISE_BEZIER_KNOTS.);
#3034 = CARTESIAN_POINT('',(20.6,-96.23132034356));
#3035 = CARTESIAN_POINT('',(35.6,-111.2313203435));
#3036 = ( GEOMETRIC_REPRESENTATION_CONTEXT(2) 
PARAMETRIC_REPRESENTATION_CONTEXT() REPRESENTATION_CONTEXT('2D SPACE',''
  ) );
#3037 = PCURVE('',#3038,#3043);
#3038 = PLANE('',#3039);
#3039 = AXIS2_PLACEMENT_3D('',#3040,#3041,#3042);
#3040 = CARTESIAN_POINT('',(215.,121.22132034356,35.8));
#3041 = DIRECTION('',(0.,0.707106781187,-0.707106781187));
#3042 = DIRECTION('',(0.,-0.707106781187,-0.707106781187));
#3043 = DEFINITIONAL_REPRESENTATION('',(#3044),#3047);
#3044 = B_SPLINE_CURVE_WITH_KNOTS('',1,(#3045,#3046),.UNSPECIFIED.,.F.,
  .F.,(2,2),(30.699507717156,51.912711152753),.PIECEWISE_BEZIER_KNOTS.);
#3045 = CARTESIAN_POINT('',(21.213203435596,-1.));
#3046 = CARTESIAN_POINT('',(0.,-1.));
#3047 = ( GEOMETRIC_REPRESENTATION_CONTEXT(2) 
PARAMETRIC_REPRESENTATION_CONTEXT() REPRESENTATION_CONTEXT('2D SPACE',''
  ) );
#3048 = ORIENTED_EDGE('',*,*,#3049,.T.);
#3049 = EDGE_CURVE('',#3024,#2970,#3050,.T.);
#3050 = SURFACE_CURVE('',#3051,(#3055,#3061),.PCURVE_S1.);
#3051 = LINE('',#3052,#3053);
#3052 = CARTESIAN_POINT('',(216.,109.81349025767,47.20783008589));
#3053 = VECTOR('',#3054,1.);
#3054 = DIRECTION('',(0.,0.707106781187,-0.707106781187));
#3055 = PCURVE('',#458,#3056);
#3056 = DEFINITIONAL_REPRESENTATION('',(#3057),#3060);
#3057 = B_SPLINE_CURVE_WITH_KNOTS('',1,(#3058,#3059),.UNSPECIFIED.,.F.,
  .F.,(2,2),(16.133108024713,37.34631146031),.PIECEWISE_BEZIER_KNOTS.);
#3058 = CARTESIAN_POINT('',(35.6,-111.2313203435));
#3059 = CARTESIAN_POINT('',(20.6,-126.2313203435));
#3060 = ( GEOMETRIC_REPRESENTATION_CONTEXT(2) 
PARAMETRIC_REPRESENTATION_CONTEXT() REPRESENTATION_CONTEXT('2D SPACE',''
  ) );
#3061 = PCURVE('',#3062,#3067);
#3062 = PLANE('',#3063);
#3063 = AXIS2_PLACEMENT_3D('',#3064,#3065,#3066);
#3064 = CARTESIAN_POINT('',(215.,136.22132034356,20.8));
#3065 = DIRECTION('',(0.,-0.707106781187,-0.707106781187));
#3066 = DIRECTION('',(0.,-0.707106781187,0.707106781187));
#3067 = DEFINITIONAL_REPRESENTATION('',(#3068),#3071);
#3068 = B_SPLINE_CURVE_WITH_KNOTS('',1,(#3069,#3070),.UNSPECIFIED.,.F.,
  .F.,(2,2),(16.133108024713,37.34631146031),.PIECEWISE_BEZIER_KNOTS.);
#3069 = CARTESIAN_POINT('',(21.213203435596,-1.));
#3070 = CARTESIAN_POINT('',(0.,-1.));
#3071 = ( GEOMETRIC_REPRESENTATION_CONTEXT(2) 
PARAMETRIC_REPRESENTATION_CONTEXT() REPRESENTATION_CONTEXT('2D SPACE',''
  ) );
#3072 = FACE_BOUND('',#3073,.F.);
#3073 = EDGE_LOOP('',(#3074,#3102,#3135));
#3074 = ORIENTED_EDGE('',*,*,#3075,.T.);
#3075 = EDGE_CURVE('',#3076,#3078,#3080,.T.);
#3076 = VERTEX_POINT('',#3077);
#3077 = CARTESIAN_POINT('',(216.,192.5,40.581118318204));
#3078 = VERTEX_POINT('',#3079);
#3079 = CARTESIAN_POINT('',(216.,195.5405591591,37.540559159102));
#3080 = SURFACE_CURVE('',#3081,(#3085,#3091),.PCURVE_S1.);
#3081 = LINE('',#3082,#3083);
#3082 = CARTESIAN_POINT('',(216.,158.4880591591,74.593059159102));
#3083 = VECTOR('',#3084,1.);
#3084 = DIRECTION('',(0.,0.707106781187,-0.707106781187));
#3085 = PCURVE('',#458,#3086);
#3086 = DEFINITIONAL_REPRESENTATION('',(#3087),#3090);
#3087 = B_SPLINE_CURVE_WITH_KNOTS('',1,(#3088,#3089),.UNSPECIFIED.,.F.,
  .F.,(2,2),(48.100148019829,52.400148019829),.PIECEWISE_BEZIER_KNOTS.);
#3088 = CARTESIAN_POINT('',(40.381118318204,-182.51));
#3089 = CARTESIAN_POINT('',(37.340559159102,-185.5505591591));
#3090 = ( GEOMETRIC_REPRESENTATION_CONTEXT(2) 
PARAMETRIC_REPRESENTATION_CONTEXT() REPRESENTATION_CONTEXT('2D SPACE',''
  ) );
#3091 = PCURVE('',#3092,#3097);
#3092 = PLANE('',#3093);
#3093 = AXIS2_PLACEMENT_3D('',#3094,#3095,#3096);
#3094 = CARTESIAN_POINT('',(215.,195.5405591591,37.540559159102));
#3095 = DIRECTION('',(0.,-0.707106781187,-0.707106781187));
#3096 = DIRECTION('',(0.,-0.707106781187,0.707106781187));
#3097 = DEFINITIONAL_REPRESENTATION('',(#3098),#3101);
#3098 = B_SPLINE_CURVE_WITH_KNOTS('',1,(#3099,#3100),.UNSPECIFIED.,.F.,
  .F.,(2,2),(48.100148019829,52.400148019829),.PIECEWISE_BEZIER_KNOTS.);
#3099 = CARTESIAN_POINT('',(4.3,-1.));
#3100 = CARTESIAN_POINT('',(0.,-1.));
#3101 = ( GEOMETRIC_REPRESENTATION_CONTEXT(2) 
PARAMETRIC_REPRESENTATION_CONTEXT() REPRESENTATION_CONTEXT('2D SPACE',''
  ) );
#3102 = ORIENTED_EDGE('',*,*,#3103,.T.);
#3103 = EDGE_CURVE('',#3078,#3104,#3106,.T.);
#3104 = VERTEX_POINT('',#3105);
#3105 = CARTESIAN_POINT('',(216.,189.45944084089,37.540559159102));
#3106 = SURFACE_CURVE('',#3107,(#3112,#3123),.PCURVE_S1.);
#3107 = CIRCLE('',#3108,4.3);
#3108 = AXIS2_PLACEMENT_3D('',#3109,#3110,#3111);
#3109 = CARTESIAN_POINT('',(216.,192.5,34.5));
#3110 = DIRECTION('',(-1.,-0.,0.));
#3111 = DIRECTION('',(0.,-6.609699867536E-15,-1.));
#3112 = PCURVE('',#458,#3113);
#3113 = DEFINITIONAL_REPRESENTATION('',(#3114),#3122);
#3114 = ( BOUNDED_CURVE() B_SPLINE_CURVE(2,(#3115,#3116,#3117,#3118,
#3119,#3120,#3121),.UNSPECIFIED.,.T.,.F.) B_SPLINE_CURVE_WITH_KNOTS((1,2
    ,2,2,2,1),(-2.094395102393,0.,2.094395102393,4.188790204786,
6.28318530718,8.377580409573),.UNSPECIFIED.) CURVE() 
GEOMETRIC_REPRESENTATION_ITEM() RATIONAL_B_SPLINE_CURVE((1.,0.5,1.,0.5,
1.,0.5,1.)) REPRESENTATION_ITEM('') );
#3115 = CARTESIAN_POINT('',(30.,-182.51));
#3116 = CARTESIAN_POINT('',(30.,-175.0621815274));
#3117 = CARTESIAN_POINT('',(36.45,-178.7860907637));
#3118 = CARTESIAN_POINT('',(42.9,-182.51));
#3119 = CARTESIAN_POINT('',(36.45,-186.2339092362));
#3120 = CARTESIAN_POINT('',(30.,-189.9578184725));
#3121 = CARTESIAN_POINT('',(30.,-182.51));
#3122 = ( GEOMETRIC_REPRESENTATION_CONTEXT(2) 
PARAMETRIC_REPRESENTATION_CONTEXT() REPRESENTATION_CONTEXT('2D SPACE',''
  ) );
#3123 = PCURVE('',#3124,#3129);
#3124 = CYLINDRICAL_SURFACE('',#3125,4.3);
#3125 = AXIS2_PLACEMENT_3D('',#3126,#3127,#3128);
#3126 = CARTESIAN_POINT('',(215.,192.5,34.5));
#3127 = DIRECTION('',(-1.,-0.,-0.));
#3128 = DIRECTION('',(0.,-6.609699867536E-15,-1.));
#3129 = DEFINITIONAL_REPRESENTATION('',(#3130),#3134);
#3130 = LINE('',#3131,#3132);
#3131 = CARTESIAN_POINT('',(-6.28318530718,-1.));
#3132 = VECTOR('',#3133,1.);
#3133 = DIRECTION('',(1.,-0.));
#3134 = ( GEOMETRIC_REPRESENTATION_CONTEXT(2) 
PARAMETRIC_REPRESENTATION_CONTEXT() REPRESENTATION_CONTEXT('2D SPACE',''
  ) );
#3135 = ORIENTED_EDGE('',*,*,#3136,.T.);
#3136 = EDGE_CURVE('',#3104,#3076,#3137,.T.);
#3137 = SURFACE_CURVE('',#3138,(#3142,#3148),.PCURVE_S1.);
#3138 = LINE('',#3139,#3140);
#3139 = CARTESIAN_POINT('',(216.,136.77722042044,-15.14166126134));
#3140 = VECTOR('',#3141,1.);
#3141 = DIRECTION('',(-0.,0.707106781187,0.707106781187));
#3142 = PCURVE('',#458,#3143);
#3143 = DEFINITIONAL_REPRESENTATION('',(#3144),#3147);
#3144 = B_SPLINE_CURVE_WITH_KNOTS('',1,(#3145,#3146),.UNSPECIFIED.,.F.,
  .F.,(2,2),(74.503910614528,78.803910614528),.PIECEWISE_BEZIER_KNOTS.);
#3145 = CARTESIAN_POINT('',(37.340559159102,-179.4694408408));
#3146 = CARTESIAN_POINT('',(40.381118318204,-182.51));
#3147 = ( GEOMETRIC_REPRESENTATION_CONTEXT(2) 
PARAMETRIC_REPRESENTATION_CONTEXT() REPRESENTATION_CONTEXT('2D SPACE',''
  ) );
#3148 = PCURVE('',#3149,#3154);
#3149 = PLANE('',#3150);
#3150 = AXIS2_PLACEMENT_3D('',#3151,#3152,#3153);
#3151 = CARTESIAN_POINT('',(215.,192.5,40.581118318204));
#3152 = DIRECTION('',(0.,0.707106781187,-0.707106781187));
#3153 = DIRECTION('',(0.,-0.707106781187,-0.707106781187));
#3154 = DEFINITIONAL_REPRESENTATION('',(#3155),#3158);
#3155 = B_SPLINE_CURVE_WITH_KNOTS('',1,(#3156,#3157),.UNSPECIFIED.,.F.,
  .F.,(2,2),(74.503910614528,78.803910614528),.PIECEWISE_BEZIER_KNOTS.);
#3156 = CARTESIAN_POINT('',(4.3,-1.));
#3157 = CARTESIAN_POINT('',(0.,-1.));
#3158 = ( GEOMETRIC_REPRESENTATION_CONTEXT(2) 
PARAMETRIC_REPRESENTATION_CONTEXT() REPRESENTATION_CONTEXT('2D SPACE',''
  ) );
#3159 = FACE_BOUND('',#3160,.F.);
#3160 = EDGE_LOOP('',(#3161,#3189,#3215));
#3161 = ORIENTED_EDGE('',*,*,#3162,.T.);
#3162 = EDGE_CURVE('',#3163,#3165,#3167,.T.);
#3163 = VERTEX_POINT('',#3164);
#3164 = CARTESIAN_POINT('',(216.,104.1,18.67867965644));
#3165 = VERTEX_POINT('',#3166);
#3166 = CARTESIAN_POINT('',(216.,117.57867965644,5.2));
#3167 = SURFACE_CURVE('',#3168,(#3172,#3178),.PCURVE_S1.);
#3168 = LINE('',#3169,#3170);
#3169 = CARTESIAN_POINT('',(216.,91.93150974233,30.84716991411));
#3170 = VECTOR('',#3171,1.);
#3171 = DIRECTION('',(0.,0.707106781187,-0.707106781187));
#3172 = PCURVE('',#458,#3173);
#3173 = DEFINITIONAL_REPRESENTATION('',(#3174),#3177);
#3174 = B_SPLINE_CURVE_WITH_KNOTS('',1,(#3175,#3176),.UNSPECIFIED.,.F.,
  .F.,(2,2),(17.208843956001,36.270575529022),.PIECEWISE_BEZIER_KNOTS.);
#3175 = CARTESIAN_POINT('',(18.47867965644,-94.11));
#3176 = CARTESIAN_POINT('',(5.,-107.5886796564));
#3177 = ( GEOMETRIC_REPRESENTATION_CONTEXT(2) 
PARAMETRIC_REPRESENTATION_CONTEXT() REPRESENTATION_CONTEXT('2D SPACE',''
  ) );
#3178 = PCURVE('',#3179,#3184);
#3179 = PLANE('',#3180);
#3180 = AXIS2_PLACEMENT_3D('',#3181,#3182,#3183);
#3181 = CARTESIAN_POINT('',(215.,117.57867965644,5.2));
#3182 = DIRECTION('',(0.,-0.707106781187,-0.707106781187));
#3183 = DIRECTION('',(0.,-0.707106781187,0.707106781187));
#3184 = DEFINITIONAL_REPRESENTATION('',(#3185),#3188);
#3185 = B_SPLINE_CURVE_WITH_KNOTS('',1,(#3186,#3187),.UNSPECIFIED.,.F.,
  .F.,(2,2),(17.208843956001,36.270575529022),.PIECEWISE_BEZIER_KNOTS.);
#3186 = CARTESIAN_POINT('',(19.06173157302,-1.));
#3187 = CARTESIAN_POINT('',(0.,-1.));
#3188 = ( GEOMETRIC_REPRESENTATION_CONTEXT(2) 
PARAMETRIC_REPRESENTATION_CONTEXT() REPRESENTATION_CONTEXT('2D SPACE',''
  ) );
#3189 = ORIENTED_EDGE('',*,*,#3190,.T.);
#3190 = EDGE_CURVE('',#3165,#3191,#3193,.T.);
#3191 = VERTEX_POINT('',#3192);
#3192 = CARTESIAN_POINT('',(216.,90.62132034356,5.2));
#3193 = SURFACE_CURVE('',#3194,(#3198,#3204),.PCURVE_S1.);
#3194 = LINE('',#3195,#3196);
#3195 = CARTESIAN_POINT('',(216.,50.30566017178,5.2));
#3196 = VECTOR('',#3197,1.);
#3197 = DIRECTION('',(0.,-1.,0.));
#3198 = PCURVE('',#458,#3199);
#3199 = DEFINITIONAL_REPRESENTATION('',(#3200),#3203);
#3200 = B_SPLINE_CURVE_WITH_KNOTS('',1,(#3201,#3202),.UNSPECIFIED.,.F.,
  .F.,(2,2),(-67.27301948466,-40.31566017178),.PIECEWISE_BEZIER_KNOTS.);
#3201 = CARTESIAN_POINT('',(5.,-107.5886796564));
#3202 = CARTESIAN_POINT('',(5.,-80.63132034356));
#3203 = ( GEOMETRIC_REPRESENTATION_CONTEXT(2) 
PARAMETRIC_REPRESENTATION_CONTEXT() REPRESENTATION_CONTEXT('2D SPACE',''
  ) );
#3204 = PCURVE('',#3205,#3210);
#3205 = PLANE('',#3206);
#3206 = AXIS2_PLACEMENT_3D('',#3207,#3208,#3209);
#3207 = CARTESIAN_POINT('',(215.,90.62132034356,5.2));
#3208 = DIRECTION('',(0.,0.,1.));
#3209 = DIRECTION('',(0.,1.,0.));
#3210 = DEFINITIONAL_REPRESENTATION('',(#3211),#3214);
#3211 = B_SPLINE_CURVE_WITH_KNOTS('',1,(#3212,#3213),.UNSPECIFIED.,.F.,
  .F.,(2,2),(-67.27301948466,-40.31566017178),.PIECEWISE_BEZIER_KNOTS.);
#3212 = CARTESIAN_POINT('',(26.957359312881,-1.));
#3213 = CARTESIAN_POINT('',(0.,-1.));
#3214 = ( GEOMETRIC_REPRESENTATION_CONTEXT(2) 
PARAMETRIC_REPRESENTATION_CONTEXT() REPRESENTATION_CONTEXT('2D SPACE',''
  ) );
#3215 = ORIENTED_EDGE('',*,*,#3216,.T.);
#3216 = EDGE_CURVE('',#3191,#3163,#3217,.T.);
#3217 = SURFACE_CURVE('',#3218,(#3222,#3228),.PCURVE_S1.);
#3218 = LINE('',#3219,#3220);
#3219 = CARTESIAN_POINT('',(216.,75.95283008589,-9.46849025767));
#3220 = VECTOR('',#3221,1.);
#3221 = DIRECTION('',(-0.,0.707106781187,0.707106781187));
#3222 = PCURVE('',#458,#3223);
#3223 = DEFINITIONAL_REPRESENTATION('',(#3224),#3227);
#3224 = B_SPLINE_CURVE_WITH_KNOTS('',1,(#3225,#3226),.UNSPECIFIED.,.F.,
  .F.,(2,2),(20.744377861934,39.806109434954),.PIECEWISE_BEZIER_KNOTS.);
#3225 = CARTESIAN_POINT('',(5.,-80.63132034356));
#3226 = CARTESIAN_POINT('',(18.47867965644,-94.11));
#3227 = ( GEOMETRIC_REPRESENTATION_CONTEXT(2) 
PARAMETRIC_REPRESENTATION_CONTEXT() REPRESENTATION_CONTEXT('2D SPACE',''
  ) );
#3228 = PCURVE('',#3229,#3234);
#3229 = PLANE('',#3230);
#3230 = AXIS2_PLACEMENT_3D('',#3231,#3232,#3233);
#3231 = CARTESIAN_POINT('',(215.,104.1,18.67867965644));
#3232 = DIRECTION('',(0.,0.707106781187,-0.707106781187));
#3233 = DIRECTION('',(0.,-0.707106781187,-0.707106781187));
#3234 = DEFINITIONAL_REPRESENTATION('',(#3235),#3238);
#3235 = B_SPLINE_CURVE_WITH_KNOTS('',1,(#3236,#3237),.UNSPECIFIED.,.F.,
  .F.,(2,2),(20.744377861934,39.806109434954),.PIECEWISE_BEZIER_KNOTS.);
#3236 = CARTESIAN_POINT('',(19.06173157302,-1.));
#3237 = CARTESIAN_POINT('',(0.,-1.));
#3238 = ( GEOMETRIC_REPRESENTATION_CONTEXT(2) 
PARAMETRIC_REPRESENTATION_CONTEXT() REPRESENTATION_CONTEXT('2D SPACE',''
  ) );
#3239 = FACE_BOUND('',#3240,.F.);
#3240 = EDGE_LOOP('',(#3241,#3269,#3295,#3321));
#3241 = ORIENTED_EDGE('',*,*,#3242,.T.);
#3242 = EDGE_CURVE('',#3243,#3245,#3247,.T.);
#3243 = VERTEX_POINT('',#3244);
#3244 = CARTESIAN_POINT('',(216.,101.97867965644,20.8));
#3245 = VERTEX_POINT('',#3246);
#3246 = CARTESIAN_POINT('',(216.,86.97867965644,5.8));
#3247 = SURFACE_CURVE('',#3248,(#3252,#3258),.PCURVE_S1.);
#3248 = LINE('',#3249,#3250);
#3249 = CARTESIAN_POINT('',(216.,66.33150974233,-14.84716991411));
#3250 = VECTOR('',#3251,1.);
#3251 = DIRECTION('',(0.,-0.707106781187,-0.707106781187));
#3252 = PCURVE('',#458,#3253);
#3253 = DEFINITIONAL_REPRESENTATION('',(#3254),#3257);
#3254 = B_SPLINE_CURVE_WITH_KNOTS('',1,(#3255,#3256),.UNSPECIFIED.,.F.,
  .F.,(2,2),(-50.41271115275,-29.19950771715),.PIECEWISE_BEZIER_KNOTS.);
#3255 = CARTESIAN_POINT('',(20.6,-91.98867965644));
#3256 = CARTESIAN_POINT('',(5.6,-76.98867965644));
#3257 = ( GEOMETRIC_REPRESENTATION_CONTEXT(2) 
PARAMETRIC_REPRESENTATION_CONTEXT() REPRESENTATION_CONTEXT('2D SPACE',''
  ) );
#3258 = PCURVE('',#3259,#3264);
#3259 = PLANE('',#3260);
#3260 = AXIS2_PLACEMENT_3D('',#3261,#3262,#3263);
#3261 = CARTESIAN_POINT('',(215.,86.97867965644,5.8));
#3262 = DIRECTION('',(0.,-0.707106781187,0.707106781187));
#3263 = DIRECTION('',(0.,0.707106781187,0.707106781187));
#3264 = DEFINITIONAL_REPRESENTATION('',(#3265),#3268);
#3265 = B_SPLINE_CURVE_WITH_KNOTS('',1,(#3266,#3267),.UNSPECIFIED.,.F.,
  .F.,(2,2),(-50.41271115275,-29.19950771715),.PIECEWISE_BEZIER_KNOTS.);
#3266 = CARTESIAN_POINT('',(21.213203435596,-1.));
#3267 = CARTESIAN_POINT('',(0.,-1.));
#3268 = ( GEOMETRIC_REPRESENTATION_CONTEXT(2) 
PARAMETRIC_REPRESENTATION_CONTEXT() REPRESENTATION_CONTEXT('2D SPACE',''
  ) );
#3269 = ORIENTED_EDGE('',*,*,#3270,.T.);
#3270 = EDGE_CURVE('',#3245,#3271,#3273,.T.);
#3271 = VERTEX_POINT('',#3272);
#3272 = CARTESIAN_POINT('',(216.,71.97867965644,20.8));
#3273 = SURFACE_CURVE('',#3274,(#3278,#3284),.PCURVE_S1.);
#3274 = LINE('',#3275,#3276);
#3275 = CARTESIAN_POINT('',(216.,61.63150974233,31.14716991411));
#3276 = VECTOR('',#3277,1.);
#3277 = DIRECTION('',(0.,-0.707106781187,0.707106781187));
#3278 = PCURVE('',#458,#3279);
#3279 = DEFINITIONAL_REPRESENTATION('',(#3280),#3283);
#3280 = B_SPLINE_CURVE_WITH_KNOTS('',1,(#3281,#3282),.UNSPECIFIED.,.F.,
  .F.,(2,2),(-35.84631146031,-14.63310802471),.PIECEWISE_BEZIER_KNOTS.);
#3281 = CARTESIAN_POINT('',(5.6,-76.98867965644));
#3282 = CARTESIAN_POINT('',(20.6,-61.98867965644));
#3283 = ( GEOMETRIC_REPRESENTATION_CONTEXT(2) 
PARAMETRIC_REPRESENTATION_CONTEXT() REPRESENTATION_CONTEXT('2D SPACE',''
  ) );
#3284 = PCURVE('',#3285,#3290);
#3285 = PLANE('',#3286);
#3286 = AXIS2_PLACEMENT_3D('',#3287,#3288,#3289);
#3287 = CARTESIAN_POINT('',(215.,71.97867965644,20.8));
#3288 = DIRECTION('',(-0.,0.707106781187,0.707106781187));
#3289 = DIRECTION('',(0.,0.707106781187,-0.707106781187));
#3290 = DEFINITIONAL_REPRESENTATION('',(#3291),#3294);
#3291 = B_SPLINE_CURVE_WITH_KNOTS('',1,(#3292,#3293),.UNSPECIFIED.,.F.,
  .F.,(2,2),(-35.84631146031,-14.63310802471),.PIECEWISE_BEZIER_KNOTS.);
#3292 = CARTESIAN_POINT('',(21.213203435596,-1.));
#3293 = CARTESIAN_POINT('',(0.,-1.));
#3294 = ( GEOMETRIC_REPRESENTATION_CONTEXT(2) 
PARAMETRIC_REPRESENTATION_CONTEXT() REPRESENTATION_CONTEXT('2D SPACE',''
  ) );
#3295 = ORIENTED_EDGE('',*,*,#3296,.T.);
#3296 = EDGE_CURVE('',#3271,#3297,#3299,.T.);
#3297 = VERTEX_POINT('',#3298);
#3298 = CARTESIAN_POINT('',(216.,86.97867965644,35.8));
#3299 = SURFACE_CURVE('',#3300,(#3304,#3310),.PCURVE_S1.);
#3300 = LINE('',#3301,#3302);
#3301 = CARTESIAN_POINT('',(216.,58.83150974233,7.65283008589));
#3302 = VECTOR('',#3303,1.);
#3303 = DIRECTION('',(-0.,0.707106781187,0.707106781187));
#3304 = PCURVE('',#458,#3305);
#3305 = DEFINITIONAL_REPRESENTATION('',(#3306),#3309);
#3306 = B_SPLINE_CURVE_WITH_KNOTS('',1,(#3307,#3308),.UNSPECIFIED.,.F.,
  .F.,(2,2),(18.592905999358,39.806109434954),.PIECEWISE_BEZIER_KNOTS.);
#3307 = CARTESIAN_POINT('',(20.6,-61.98867965644));
#3308 = CARTESIAN_POINT('',(35.6,-76.98867965644));
#3309 = ( GEOMETRIC_REPRESENTATION_CONTEXT(2) 
PARAMETRIC_REPRESENTATION_CONTEXT() REPRESENTATION_CONTEXT('2D SPACE',''
  ) );
#3310 = PCURVE('',#3311,#3316);
#3311 = PLANE('',#3312);
#3312 = AXIS2_PLACEMENT_3D('',#3313,#3314,#3315);
#3313 = CARTESIAN_POINT('',(215.,86.97867965644,35.8));
#3314 = DIRECTION('',(0.,0.707106781187,-0.707106781187));
#3315 = DIRECTION('',(0.,-0.707106781187,-0.707106781187));
#3316 = DEFINITIONAL_REPRESENTATION('',(#3317),#3320);
#3317 = B_SPLINE_CURVE_WITH_KNOTS('',1,(#3318,#3319),.UNSPECIFIED.,.F.,
  .F.,(2,2),(18.592905999358,39.806109434954),.PIECEWISE_BEZIER_KNOTS.);
#3318 = CARTESIAN_POINT('',(21.213203435596,-1.));
#3319 = CARTESIAN_POINT('',(0.,-1.));
#3320 = ( GEOMETRIC_REPRESENTATION_CONTEXT(2) 
PARAMETRIC_REPRESENTATION_CONTEXT() REPRESENTATION_CONTEXT('2D SPACE',''
  ) );
#3321 = ORIENTED_EDGE('',*,*,#3322,.T.);
#3322 = EDGE_CURVE('',#3297,#3243,#3323,.T.);
#3323 = SURFACE_CURVE('',#3324,(#3328,#3334),.PCURVE_S1.);
#3324 = LINE('',#3325,#3326);
#3325 = CARTESIAN_POINT('',(216.,84.13150974233,38.64716991411));
#3326 = VECTOR('',#3327,1.);
#3327 = DIRECTION('',(0.,0.707106781187,-0.707106781187));
#3328 = PCURVE('',#458,#3329);
#3329 = DEFINITIONAL_REPRESENTATION('',(#3330),#3333);
#3330 = B_SPLINE_CURVE_WITH_KNOTS('',1,(#3331,#3332),.UNSPECIFIED.,.F.,
  .F.,(2,2),(4.026506306915,25.239709742512),.PIECEWISE_BEZIER_KNOTS.);
#3331 = CARTESIAN_POINT('',(35.6,-76.98867965644));
#3332 = CARTESIAN_POINT('',(20.6,-91.98867965644));
#3333 = ( GEOMETRIC_REPRESENTATION_CONTEXT(2) 
PARAMETRIC_REPRESENTATION_CONTEXT() REPRESENTATION_CONTEXT('2D SPACE',''
  ) );
#3334 = PCURVE('',#3335,#3340);
#3335 = PLANE('',#3336);
#3336 = AXIS2_PLACEMENT_3D('',#3337,#3338,#3339);
#3337 = CARTESIAN_POINT('',(215.,101.97867965644,20.8));
#3338 = DIRECTION('',(0.,-0.707106781187,-0.707106781187));
#3339 = DIRECTION('',(0.,-0.707106781187,0.707106781187));
#3340 = DEFINITIONAL_REPRESENTATION('',(#3341),#3344);
#3341 = B_SPLINE_CURVE_WITH_KNOTS('',1,(#3342,#3343),.UNSPECIFIED.,.F.,
  .F.,(2,2),(4.026506306915,25.239709742512),.PIECEWISE_BEZIER_KNOTS.);
#3342 = CARTESIAN_POINT('',(21.213203435596,-1.));
#3343 = CARTESIAN_POINT('',(0.,-1.));
#3344 = ( GEOMETRIC_REPRESENTATION_CONTEXT(2) 
PARAMETRIC_REPRESENTATION_CONTEXT() REPRESENTATION_CONTEXT('2D SPACE',''
  ) );
#3345 = FACE_BOUND('',#3346,.F.);
#3346 = EDGE_LOOP('',(#3347,#3375,#3401));
#3347 = ORIENTED_EDGE('',*,*,#3348,.T.);
#3348 = EDGE_CURVE('',#3349,#3351,#3353,.T.);
#3349 = VERTEX_POINT('',#3350);
#3350 = CARTESIAN_POINT('',(216.,69.857359312881,18.67867965644));
#3351 = VERTEX_POINT('',#3352);
#3352 = CARTESIAN_POINT('',(216.,83.336038969321,5.2));
#3353 = SURFACE_CURVE('',#3354,(#3358,#3364),.PCURVE_S1.);
#3354 = LINE('',#3355,#3356);
#3355 = CARTESIAN_POINT('',(216.,66.249529226991,22.28650974233));
#3356 = VECTOR('',#3357,1.);
#3357 = DIRECTION('',(0.,0.707106781187,-0.707106781187));
#3358 = PCURVE('',#458,#3359);
#3359 = DEFINITIONAL_REPRESENTATION('',(#3360),#3363);
#3360 = B_SPLINE_CURVE_WITH_KNOTS('',1,(#3361,#3362),.UNSPECIFIED.,.F.,
  .F.,(2,2),(5.102242238203,24.163973811223),.PIECEWISE_BEZIER_KNOTS.);
#3361 = CARTESIAN_POINT('',(18.47867965644,-59.86735931288));
#3362 = CARTESIAN_POINT('',(5.,-73.34603896932));
#3363 = ( GEOMETRIC_REPRESENTATION_CONTEXT(2) 
PARAMETRIC_REPRESENTATION_CONTEXT() REPRESENTATION_CONTEXT('2D SPACE',''
  ) );
#3364 = PCURVE('',#3365,#3370);
#3365 = PLANE('',#3366);
#3366 = AXIS2_PLACEMENT_3D('',#3367,#3368,#3369);
#3367 = CARTESIAN_POINT('',(215.,83.336038969321,5.2));
#3368 = DIRECTION('',(0.,-0.707106781187,-0.707106781187));
#3369 = DIRECTION('',(0.,-0.707106781187,0.707106781187));
#3370 = DEFINITIONAL_REPRESENTATION('',(#3371),#3374);
#3371 = B_SPLINE_CURVE_WITH_KNOTS('',1,(#3372,#3373),.UNSPECIFIED.,.F.,
  .F.,(2,2),(5.102242238203,24.163973811223),.PIECEWISE_BEZIER_KNOTS.);
#3372 = CARTESIAN_POINT('',(19.06173157302,-1.));
#3373 = CARTESIAN_POINT('',(0.,-1.));
#3374 = ( GEOMETRIC_REPRESENTATION_CONTEXT(2) 
PARAMETRIC_REPRESENTATION_CONTEXT() REPRESENTATION_CONTEXT('2D SPACE',''
  ) );
#3375 = ORIENTED_EDGE('',*,*,#3376,.T.);
#3376 = EDGE_CURVE('',#3351,#3377,#3379,.T.);
#3377 = VERTEX_POINT('',#3378);
#3378 = CARTESIAN_POINT('',(216.,56.37867965644,5.2));
#3379 = SURFACE_CURVE('',#3380,(#3384,#3390),.PCURVE_S1.);
#3380 = LINE('',#3381,#3382);
#3381 = CARTESIAN_POINT('',(216.,33.18433982822,5.2));
#3382 = VECTOR('',#3383,1.);
#3383 = DIRECTION('',(0.,-1.,0.));
#3384 = PCURVE('',#458,#3385);
#3385 = DEFINITIONAL_REPRESENTATION('',(#3386),#3389);
#3386 = B_SPLINE_CURVE_WITH_KNOTS('',1,(#3387,#3388),.UNSPECIFIED.,.F.,
  .F.,(2,2),(-50.1516991411,-23.19433982822),.PIECEWISE_BEZIER_KNOTS.);
#3387 = CARTESIAN_POINT('',(5.,-73.34603896932));
#3388 = CARTESIAN_POINT('',(5.,-46.38867965644));
#3389 = ( GEOMETRIC_REPRESENTATION_CONTEXT(2) 
PARAMETRIC_REPRESENTATION_CONTEXT() REPRESENTATION_CONTEXT('2D SPACE',''
  ) );
#3390 = PCURVE('',#3391,#3396);
#3391 = PLANE('',#3392);
#3392 = AXIS2_PLACEMENT_3D('',#3393,#3394,#3395);
#3393 = CARTESIAN_POINT('',(215.,56.37867965644,5.2));
#3394 = DIRECTION('',(0.,0.,1.));
#3395 = DIRECTION('',(0.,1.,0.));
#3396 = DEFINITIONAL_REPRESENTATION('',(#3397),#3400);
#3397 = B_SPLINE_CURVE_WITH_KNOTS('',1,(#3398,#3399),.UNSPECIFIED.,.F.,
  .F.,(2,2),(-50.1516991411,-23.19433982822),.PIECEWISE_BEZIER_KNOTS.);
#3398 = CARTESIAN_POINT('',(26.957359312881,-1.));
#3399 = CARTESIAN_POINT('',(0.,-1.));
#3400 = ( GEOMETRIC_REPRESENTATION_CONTEXT(2) 
PARAMETRIC_REPRESENTATION_CONTEXT() REPRESENTATION_CONTEXT('2D SPACE',''
  ) );
#3401 = ORIENTED_EDGE('',*,*,#3402,.T.);
#3402 = EDGE_CURVE('',#3377,#3349,#3403,.T.);
#3403 = SURFACE_CURVE('',#3404,(#3408,#3414),.PCURVE_S1.);
#3404 = LINE('',#3405,#3406);
#3405 = CARTESIAN_POINT('',(216.,50.27084957055,-0.90783008589));
#3406 = VECTOR('',#3407,1.);
#3407 = DIRECTION('',(-0.,0.707106781187,0.707106781187));
#3408 = PCURVE('',#458,#3409);
#3409 = DEFINITIONAL_REPRESENTATION('',(#3410),#3413);
#3410 = B_SPLINE_CURVE_WITH_KNOTS('',1,(#3411,#3412),.UNSPECIFIED.,.F.,
  .F.,(2,2),(8.637776144136,27.699507717156),.PIECEWISE_BEZIER_KNOTS.);
#3411 = CARTESIAN_POINT('',(5.,-46.38867965644));
#3412 = CARTESIAN_POINT('',(18.47867965644,-59.86735931288));
#3413 = ( GEOMETRIC_REPRESENTATION_CONTEXT(2) 
PARAMETRIC_REPRESENTATION_CONTEXT() REPRESENTATION_CONTEXT('2D SPACE',''
  ) );
#3414 = PCURVE('',#3415,#3420);
#3415 = PLANE('',#3416);
#3416 = AXIS2_PLACEMENT_3D('',#3417,#3418,#3419);
#3417 = CARTESIAN_POINT('',(215.,69.857359312881,18.67867965644));
#3418 = DIRECTION('',(0.,0.707106781187,-0.707106781187));
#3419 = DIRECTION('',(0.,-0.707106781187,-0.707106781187));
#3420 = DEFINITIONAL_REPRESENTATION('',(#3421),#3424);
#3421 = B_SPLINE_CURVE_WITH_KNOTS('',1,(#3422,#3423),.UNSPECIFIED.,.F.,
  .F.,(2,2),(8.637776144136,27.699507717156),.PIECEWISE_BEZIER_KNOTS.);
#3422 = CARTESIAN_POINT('',(19.06173157302,-1.));
#3423 = CARTESIAN_POINT('',(0.,-1.));
#3424 = ( GEOMETRIC_REPRESENTATION_CONTEXT(2) 
PARAMETRIC_REPRESENTATION_CONTEXT() REPRESENTATION_CONTEXT('2D SPACE',''
  ) );
#3425 = FACE_BOUND('',#3426,.F.);
#3426 = EDGE_LOOP('',(#3427,#3455,#3481,#3507));
#3427 = ORIENTED_EDGE('',*,*,#3428,.T.);
#3428 = EDGE_CURVE('',#3429,#3431,#3433,.T.);
#3429 = VERTEX_POINT('',#3430);
#3430 = CARTESIAN_POINT('',(216.,67.736038969321,20.8));
#3431 = VERTEX_POINT('',#3432);
#3432 = CARTESIAN_POINT('',(216.,52.736038969321,5.8));
#3433 = SURFACE_CURVE('',#3434,(#3438,#3444),.PCURVE_S1.);
#3434 = LINE('',#3435,#3436);
#3435 = CARTESIAN_POINT('',(216.,40.649529226991,-6.28650974233));
#3436 = VECTOR('',#3437,1.);
#3437 = DIRECTION('',(0.,-0.707106781187,-0.707106781187));
#3438 = PCURVE('',#458,#3439);
#3439 = DEFINITIONAL_REPRESENTATION('',(#3440),#3443);
#3440 = B_SPLINE_CURVE_WITH_KNOTS('',1,(#3441,#3442),.UNSPECIFIED.,.F.,
  .F.,(2,2),(-38.30610943495,-17.09290599935),.PIECEWISE_BEZIER_KNOTS.);
#3441 = CARTESIAN_POINT('',(20.6,-57.74603896932));
#3442 = CARTESIAN_POINT('',(5.6,-42.74603896932));
#3443 = ( GEOMETRIC_REPRESENTATION_CONTEXT(2) 
PARAMETRIC_REPRESENTATION_CONTEXT() REPRESENTATION_CONTEXT('2D SPACE',''
  ) );
#3444 = PCURVE('',#3445,#3450);
#3445 = PLANE('',#3446);
#3446 = AXIS2_PLACEMENT_3D('',#3447,#3448,#3449);
#3447 = CARTESIAN_POINT('',(215.,52.736038969321,5.8));
#3448 = DIRECTION('',(0.,-0.707106781187,0.707106781187));
#3449 = DIRECTION('',(0.,0.707106781187,0.707106781187));
#3450 = DEFINITIONAL_REPRESENTATION('',(#3451),#3454);
#3451 = B_SPLINE_CURVE_WITH_KNOTS('',1,(#3452,#3453),.UNSPECIFIED.,.F.,
  .F.,(2,2),(-38.30610943495,-17.09290599935),.PIECEWISE_BEZIER_KNOTS.);
#3452 = CARTESIAN_POINT('',(21.213203435596,-1.));
#3453 = CARTESIAN_POINT('',(0.,-1.));
#3454 = ( GEOMETRIC_REPRESENTATION_CONTEXT(2) 
PARAMETRIC_REPRESENTATION_CONTEXT() REPRESENTATION_CONTEXT('2D SPACE',''
  ) );
#3455 = ORIENTED_EDGE('',*,*,#3456,.T.);
#3456 = EDGE_CURVE('',#3431,#3457,#3459,.T.);
#3457 = VERTEX_POINT('',#3458);
#3458 = CARTESIAN_POINT('',(216.,37.736038969321,20.8));
#3459 = SURFACE_CURVE('',#3460,(#3464,#3470),.PCURVE_S1.);
#3460 = LINE('',#3461,#3462);
#3461 = CARTESIAN_POINT('',(216.,35.949529226991,22.58650974233));
#3462 = VECTOR('',#3463,1.);
#3463 = DIRECTION('',(0.,-0.707106781187,0.707106781187));
#3464 = PCURVE('',#458,#3465);
#3465 = DEFINITIONAL_REPRESENTATION('',(#3466),#3469);
#3466 = B_SPLINE_CURVE_WITH_KNOTS('',1,(#3467,#3468),.UNSPECIFIED.,.F.,
  .F.,(2,2),(-23.73970974251,-2.526506306915),.PIECEWISE_BEZIER_KNOTS.);
#3467 = CARTESIAN_POINT('',(5.6,-42.74603896932));
#3468 = CARTESIAN_POINT('',(20.6,-27.74603896932));
#3469 = ( GEOMETRIC_REPRESENTATION_CONTEXT(2) 
PARAMETRIC_REPRESENTATION_CONTEXT() REPRESENTATION_CONTEXT('2D SPACE',''
  ) );
#3470 = PCURVE('',#3471,#3476);
#3471 = PLANE('',#3472);
#3472 = AXIS2_PLACEMENT_3D('',#3473,#3474,#3475);
#3473 = CARTESIAN_POINT('',(215.,37.736038969321,20.8));
#3474 = DIRECTION('',(-0.,0.707106781187,0.707106781187));
#3475 = DIRECTION('',(0.,0.707106781187,-0.707106781187));
#3476 = DEFINITIONAL_REPRESENTATION('',(#3477),#3480);
#3477 = B_SPLINE_CURVE_WITH_KNOTS('',1,(#3478,#3479),.UNSPECIFIED.,.F.,
  .F.,(2,2),(-23.73970974251,-2.526506306915),.PIECEWISE_BEZIER_KNOTS.);
#3478 = CARTESIAN_POINT('',(21.213203435596,-1.));
#3479 = CARTESIAN_POINT('',(0.,-1.));
#3480 = ( GEOMETRIC_REPRESENTATION_CONTEXT(2) 
PARAMETRIC_REPRESENTATION_CONTEXT() REPRESENTATION_CONTEXT('2D SPACE',''
  ) );
#3481 = ORIENTED_EDGE('',*,*,#3482,.T.);
#3482 = EDGE_CURVE('',#3457,#3483,#3485,.T.);
#3483 = VERTEX_POINT('',#3484);
#3484 = CARTESIAN_POINT('',(216.,52.736038969321,35.8));
#3485 = SURFACE_CURVE('',#3486,(#3490,#3496),.PCURVE_S1.);
#3486 = LINE('',#3487,#3488);
#3487 = CARTESIAN_POINT('',(216.,33.149529226991,16.21349025767));
#3488 = VECTOR('',#3489,1.);
#3489 = DIRECTION('',(-0.,0.707106781187,0.707106781187));
#3490 = PCURVE('',#458,#3491);
#3491 = DEFINITIONAL_REPRESENTATION('',(#3492),#3495);
#3492 = B_SPLINE_CURVE_WITH_KNOTS('',1,(#3493,#3494),.UNSPECIFIED.,.F.,
  .F.,(2,2),(6.48630428156,27.699507717156),.PIECEWISE_BEZIER_KNOTS.);
#3493 = CARTESIAN_POINT('',(20.6,-27.74603896932));
#3494 = CARTESIAN_POINT('',(35.6,-42.74603896932));
#3495 = ( GEOMETRIC_REPRESENTATION_CONTEXT(2) 
PARAMETRIC_REPRESENTATION_CONTEXT() REPRESENTATION_CONTEXT('2D SPACE',''
  ) );
#3496 = PCURVE('',#3497,#3502);
#3497 = PLANE('',#3498);
#3498 = AXIS2_PLACEMENT_3D('',#3499,#3500,#3501);
#3499 = CARTESIAN_POINT('',(215.,52.736038969321,35.8));
#3500 = DIRECTION('',(0.,0.707106781187,-0.707106781187));
#3501 = DIRECTION('',(0.,-0.707106781187,-0.707106781187));
#3502 = DEFINITIONAL_REPRESENTATION('',(#3503),#3506);
#3503 = B_SPLINE_CURVE_WITH_KNOTS('',1,(#3504,#3505),.UNSPECIFIED.,.F.,
  .F.,(2,2),(6.48630428156,27.699507717156),.PIECEWISE_BEZIER_KNOTS.);
#3504 = CARTESIAN_POINT('',(21.213203435596,-1.));
#3505 = CARTESIAN_POINT('',(0.,-1.));
#3506 = ( GEOMETRIC_REPRESENTATION_CONTEXT(2) 
PARAMETRIC_REPRESENTATION_CONTEXT() REPRESENTATION_CONTEXT('2D SPACE',''
  ) );
#3507 = ORIENTED_EDGE('',*,*,#3508,.T.);
#3508 = EDGE_CURVE('',#3483,#3429,#3509,.T.);
#3509 = SURFACE_CURVE('',#3510,(#3514,#3520),.PCURVE_S1.);
#3510 = LINE('',#3511,#3512);
#3511 = CARTESIAN_POINT('',(216.,58.449529226991,30.08650974233));
#3512 = VECTOR('',#3513,1.);
#3513 = DIRECTION('',(0.,0.707106781187,-0.707106781187));
#3514 = PCURVE('',#458,#3515);
#3515 = DEFINITIONAL_REPRESENTATION('',(#3516),#3519);
#3516 = B_SPLINE_CURVE_WITH_KNOTS('',1,(#3517,#3518),.UNSPECIFIED.,.F.,
  .F.,(2,2),(-8.080095410883,13.133108024713),.PIECEWISE_BEZIER_KNOTS.);
#3517 = CARTESIAN_POINT('',(35.6,-42.74603896932));
#3518 = CARTESIAN_POINT('',(20.6,-57.74603896932));
#3519 = ( GEOMETRIC_REPRESENTATION_CONTEXT(2) 
PARAMETRIC_REPRESENTATION_CONTEXT() REPRESENTATION_CONTEXT('2D SPACE',''
  ) );
#3520 = PCURVE('',#3521,#3526);
#3521 = PLANE('',#3522);
#3522 = AXIS2_PLACEMENT_3D('',#3523,#3524,#3525);
#3523 = CARTESIAN_POINT('',(215.,67.736038969321,20.8));
#3524 = DIRECTION('',(0.,-0.707106781187,-0.707106781187));
#3525 = DIRECTION('',(0.,-0.707106781187,0.707106781187));
#3526 = DEFINITIONAL_REPRESENTATION('',(#3527),#3530);
#3527 = B_SPLINE_CURVE_WITH_KNOTS('',1,(#3528,#3529),.UNSPECIFIED.,.F.,
  .F.,(2,2),(-8.080095410883,13.133108024713),.PIECEWISE_BEZIER_KNOTS.);
#3528 = CARTESIAN_POINT('',(21.213203435596,-1.));
#3529 = CARTESIAN_POINT('',(0.,-1.));
#3530 = ( GEOMETRIC_REPRESENTATION_CONTEXT(2) 
PARAMETRIC_REPRESENTATION_CONTEXT() REPRESENTATION_CONTEXT('2D SPACE',''
  ) );
#3531 = ADVANCED_FACE('',(#3532),#430,.F.);
#3532 = FACE_BOUND('',#3533,.T.);
#3533 = EDGE_LOOP('',(#3534,#3557,#3591,#3592));
#3534 = ORIENTED_EDGE('',*,*,#3535,.F.);
#3535 = EDGE_CURVE('',#3536,#386,#3538,.T.);
#3536 = VERTEX_POINT('',#3537);
#3537 = CARTESIAN_POINT('',(214.,202.,2.8));
#3538 = SURFACE_CURVE('',#3539,(#3543,#3550),.PCURVE_S1.);
#3539 = LINE('',#3540,#3541);
#3540 = CARTESIAN_POINT('',(214.,202.,2.8));
#3541 = VECTOR('',#3542,1.);
#3542 = DIRECTION('',(0.,0.,1.));
#3543 = PCURVE('',#430,#3544);
#3544 = DEFINITIONAL_REPRESENTATION('',(#3545),#3549);
#3545 = LINE('',#3546,#3547);
#3546 = CARTESIAN_POINT('',(-1.570796326795,0.));
#3547 = VECTOR('',#3548,1.);
#3548 = DIRECTION('',(-0.,-1.));
#3549 = ( GEOMETRIC_REPRESENTATION_CONTEXT(2) 
PARAMETRIC_REPRESENTATION_CONTEXT() REPRESENTATION_CONTEXT('2D SPACE',''
  ) );
#3550 = PCURVE('',#401,#3551);
#3551 = DEFINITIONAL_REPRESENTATION('',(#3552),#3556);
#3552 = LINE('',#3553,#3554);
#3553 = CARTESIAN_POINT('',(2.6,53.01));
#3554 = VECTOR('',#3555,1.);
#3555 = DIRECTION('',(1.,0.));
#3556 = ( GEOMETRIC_REPRESENTATION_CONTEXT(2) 
PARAMETRIC_REPRESENTATION_CONTEXT() REPRESENTATION_CONTEXT('2D SPACE',''
  ) );
#3557 = ORIENTED_EDGE('',*,*,#3558,.T.);
#3558 = EDGE_CURVE('',#3536,#2653,#3559,.T.);
#3559 = SURFACE_CURVE('',#3560,(#3565,#3578),.PCURVE_S1.);
#3560 = ELLIPSE('',#3561,2.828427124746,2.);
#3561 = AXIS2_PLACEMENT_3D('',#3562,#3563,#3564);
#3562 = CARTESIAN_POINT('',(214.,200.,4.8));
#3563 = DIRECTION('',(0.,-0.707106781187,-0.707106781187));
#3564 = DIRECTION('',(-0.,0.707106781187,-0.707106781187));
#3565 = PCURVE('',#430,#3566);
#3566 = DEFINITIONAL_REPRESENTATION('',(#3567),#3577);
#3567 = B_SPLINE_CURVE_WITH_KNOTS('',8,(#3568,#3569,#3570,#3571,#3572,
    #3573,#3574,#3575,#3576),.UNSPECIFIED.,.F.,.F.,(9,9),(0.,
    1.570796326795),.PIECEWISE_BEZIER_KNOTS.);
#3568 = CARTESIAN_POINT('',(-1.570796326795,-4.440892098501E-16));
#3569 = CARTESIAN_POINT('',(-1.374446785946,-4.440892098501E-16));
#3570 = CARTESIAN_POINT('',(-1.178097245096,-8.812155197211E-02));
#3571 = CARTESIAN_POINT('',(-0.981747704246,-0.26436390732));
#3572 = CARTESIAN_POINT('',(-0.785398163398,-0.521482498846));
#3573 = CARTESIAN_POINT('',(-0.589048622546,-0.844973477577));
#3574 = CARTESIAN_POINT('',(-0.392699081699,-1.214601743363));
#3575 = CARTESIAN_POINT('',(-0.196349540849,-1.607300918301));
#3576 = CARTESIAN_POINT('',(0.,-2.));
#3577 = ( GEOMETRIC_REPRESENTATION_CONTEXT(2) 
PARAMETRIC_REPRESENTATION_CONTEXT() REPRESENTATION_CONTEXT('2D SPACE',''
  ) );
#3578 = PCURVE('',#2628,#3579);
#3579 = DEFINITIONAL_REPRESENTATION('',(#3580),#3590);
#3580 = B_SPLINE_CURVE_WITH_KNOTS('',8,(#3581,#3582,#3583,#3584,#3585,
    #3586,#3587,#3588,#3589),.UNSPECIFIED.,.F.,.F.,(9,9),(0.,
    1.570796326795),.PIECEWISE_BEZIER_KNOTS.);
#3581 = CARTESIAN_POINT('',(4.712388980385,-192.));
#3582 = CARTESIAN_POINT('',(4.908738521234,-192.));
#3583 = CARTESIAN_POINT('',(5.105088062084,-191.911878448));
#3584 = CARTESIAN_POINT('',(5.301437602936,-191.7356360919));
#3585 = CARTESIAN_POINT('',(5.497787143781,-191.4785175016));
#3586 = CARTESIAN_POINT('',(5.694136684635,-191.1550265211));
#3587 = CARTESIAN_POINT('',(5.890486225481,-190.7853982567));
#3588 = CARTESIAN_POINT('',(6.08683576633,-190.3926990816));
#3589 = CARTESIAN_POINT('',(6.28318530718,-190.));
#3590 = ( GEOMETRIC_REPRESENTATION_CONTEXT(2) 
PARAMETRIC_REPRESENTATION_CONTEXT() REPRESENTATION_CONTEXT('2D SPACE',''
  ) );
#3591 = ORIENTED_EDGE('',*,*,#2674,.T.);
#3592 = ORIENTED_EDGE('',*,*,#413,.T.);
#3593 = ADVANCED_FACE('',(#3594,#3640),#401,.F.);
#3594 = FACE_BOUND('',#3595,.F.);
#3595 = EDGE_LOOP('',(#3596,#3619,#3620,#3621));
#3596 = ORIENTED_EDGE('',*,*,#3597,.T.);
#3597 = EDGE_CURVE('',#3598,#357,#3600,.T.);
#3598 = VERTEX_POINT('',#3599);
#3599 = CARTESIAN_POINT('',(163.,202.,2.8));
#3600 = SURFACE_CURVE('',#3601,(#3605,#3612),.PCURVE_S1.);
#3601 = LINE('',#3602,#3603);
#3602 = CARTESIAN_POINT('',(163.,202.,2.8));
#3603 = VECTOR('',#3604,1.);
#3604 = DIRECTION('',(0.,0.,1.));
#3605 = PCURVE('',#401,#3606);
#3606 = DEFINITIONAL_REPRESENTATION('',(#3607),#3611);
#3607 = LINE('',#3608,#3609);
#3608 = CARTESIAN_POINT('',(2.6,2.01));
#3609 = VECTOR('',#3610,1.);
#3610 = DIRECTION('',(1.,0.));
#3611 = ( GEOMETRIC_REPRESENTATION_CONTEXT(2) 
PARAMETRIC_REPRESENTATION_CONTEXT() REPRESENTATION_CONTEXT('2D SPACE',''
  ) );
#3612 = PCURVE('',#373,#3613);
#3613 = DEFINITIONAL_REPRESENTATION('',(#3614),#3618);
#3614 = LINE('',#3615,#3616);
#3615 = CARTESIAN_POINT('',(-1.570796326795,0.));
#3616 = VECTOR('',#3617,1.);
#3617 = DIRECTION('',(-0.,-1.));
#3618 = ( GEOMETRIC_REPRESENTATION_CONTEXT(2) 
PARAMETRIC_REPRESENTATION_CONTEXT() REPRESENTATION_CONTEXT('2D SPACE',''
  ) );
#3619 = ORIENTED_EDGE('',*,*,#385,.T.);
#3620 = ORIENTED_EDGE('',*,*,#3535,.F.);
#3621 = ORIENTED_EDGE('',*,*,#3622,.T.);
#3622 = EDGE_CURVE('',#3536,#3598,#3623,.T.);
#3623 = SURFACE_CURVE('',#3624,(#3628,#3634),.PCURVE_S1.);
#3624 = LINE('',#3625,#3626);
#3625 = CARTESIAN_POINT('',(157.995,202.,2.8));
#3626 = VECTOR('',#3627,1.);
#3627 = DIRECTION('',(-1.,0.,0.));
#3628 = PCURVE('',#401,#3629);
#3629 = DEFINITIONAL_REPRESENTATION('',(#3630),#3633);
#3630 = B_SPLINE_CURVE_WITH_KNOTS('',1,(#3631,#3632),.UNSPECIFIED.,.F.,
  .F.,(2,2),(-58.005,-3.005),.PIECEWISE_BEZIER_KNOTS.);
#3631 = CARTESIAN_POINT('',(2.6,55.01));
#3632 = CARTESIAN_POINT('',(2.6,9.999999999991E-03));
#3633 = ( GEOMETRIC_REPRESENTATION_CONTEXT(2) 
PARAMETRIC_REPRESENTATION_CONTEXT() REPRESENTATION_CONTEXT('2D SPACE',''
  ) );
#3634 = PCURVE('',#2544,#3635);
#3635 = DEFINITIONAL_REPRESENTATION('',(#3636),#3639);
#3636 = B_SPLINE_CURVE_WITH_KNOTS('',1,(#3637,#3638),.UNSPECIFIED.,.F.,
  .F.,(2,2),(-58.005,-3.005),.PIECEWISE_BEZIER_KNOTS.);
#3637 = CARTESIAN_POINT('',(61.,192.01));
#3638 = CARTESIAN_POINT('',(6.,192.01));
#3639 = ( GEOMETRIC_REPRESENTATION_CONTEXT(2) 
PARAMETRIC_REPRESENTATION_CONTEXT() REPRESENTATION_CONTEXT('2D SPACE',''
  ) );
#3640 = FACE_BOUND('',#3641,.F.);
#3641 = EDGE_LOOP('',(#3642,#3670,#3696,#3722));
#3642 = ORIENTED_EDGE('',*,*,#3643,.F.);
#3643 = EDGE_CURVE('',#3644,#3646,#3648,.T.);
#3644 = VERTEX_POINT('',#3645);
#3645 = CARTESIAN_POINT('',(188.5,202.,7.8));
#3646 = VERTEX_POINT('',#3647);
#3647 = CARTESIAN_POINT('',(173.,202.,23.3));
#3648 = SURFACE_CURVE('',#3649,(#3653,#3659),.PCURVE_S1.);
#3649 = LINE('',#3650,#3651);
#3650 = CARTESIAN_POINT('',(175.7725,202.,20.5275));
#3651 = VECTOR('',#3652,1.);
#3652 = DIRECTION('',(-0.707106781187,0.,0.707106781187));
#3653 = PCURVE('',#401,#3654);
#3654 = DEFINITIONAL_REPRESENTATION('',(#3655),#3658);
#3655 = B_SPLINE_CURVE_WITH_KNOTS('',1,(#3656,#3657),.UNSPECIFIED.,.F.,
  .F.,(2,2),(-17.9994031151,3.920907101679),.PIECEWISE_BEZIER_KNOTS.);
#3656 = CARTESIAN_POINT('',(7.6,27.51));
#3657 = CARTESIAN_POINT('',(23.1,12.01));
#3658 = ( GEOMETRIC_REPRESENTATION_CONTEXT(2) 
PARAMETRIC_REPRESENTATION_CONTEXT() REPRESENTATION_CONTEXT('2D SPACE',''
  ) );
#3659 = PCURVE('',#3660,#3665);
#3660 = PLANE('',#3661);
#3661 = AXIS2_PLACEMENT_3D('',#3662,#3663,#3664);
#3662 = CARTESIAN_POINT('',(173.,201.,23.3));
#3663 = DIRECTION('',(-0.707106781187,-0.,-0.707106781187));
#3664 = DIRECTION('',(0.707106781187,0.,-0.707106781187));
#3665 = DEFINITIONAL_REPRESENTATION('',(#3666),#3669);
#3666 = B_SPLINE_CURVE_WITH_KNOTS('',1,(#3667,#3668),.UNSPECIFIED.,.F.,
  .F.,(2,2),(-17.9994031151,3.920907101679),.PIECEWISE_BEZIER_KNOTS.);
#3667 = CARTESIAN_POINT('',(21.920310216783,-1.));
#3668 = CARTESIAN_POINT('',(0.,-1.));
#3669 = ( GEOMETRIC_REPRESENTATION_CONTEXT(2) 
PARAMETRIC_REPRESENTATION_CONTEXT() REPRESENTATION_CONTEXT('2D SPACE',''
  ) );
#3670 = ORIENTED_EDGE('',*,*,#3671,.F.);
#3671 = EDGE_CURVE('',#3672,#3644,#3674,.T.);
#3672 = VERTEX_POINT('',#3673);
#3673 = CARTESIAN_POINT('',(204.,202.,23.3));
#3674 = SURFACE_CURVE('',#3675,(#3679,#3685),.PCURVE_S1.);
#3675 = LINE('',#3676,#3677);
#3676 = CARTESIAN_POINT('',(179.7225,202.,-0.9775));
#3677 = VECTOR('',#3678,1.);
#3678 = DIRECTION('',(-0.707106781187,0.,-0.707106781187));
#3679 = PCURVE('',#401,#3680);
#3680 = DEFINITIONAL_REPRESENTATION('',(#3681),#3684);
#3681 = B_SPLINE_CURVE_WITH_KNOTS('',1,(#3682,#3683),.UNSPECIFIED.,.F.,
  .F.,(2,2),(-34.33356976051,-12.41325954373),.PIECEWISE_BEZIER_KNOTS.);
#3682 = CARTESIAN_POINT('',(23.1,43.01));
#3683 = CARTESIAN_POINT('',(7.6,27.51));
#3684 = ( GEOMETRIC_REPRESENTATION_CONTEXT(2) 
PARAMETRIC_REPRESENTATION_CONTEXT() REPRESENTATION_CONTEXT('2D SPACE',''
  ) );
#3685 = PCURVE('',#3686,#3691);
#3686 = PLANE('',#3687);
#3687 = AXIS2_PLACEMENT_3D('',#3688,#3689,#3690);
#3688 = CARTESIAN_POINT('',(188.5,201.,7.8));
#3689 = DIRECTION('',(0.707106781187,0.,-0.707106781187));
#3690 = DIRECTION('',(0.707106781187,0.,0.707106781187));
#3691 = DEFINITIONAL_REPRESENTATION('',(#3692),#3695);
#3692 = B_SPLINE_CURVE_WITH_KNOTS('',1,(#3693,#3694),.UNSPECIFIED.,.F.,
  .F.,(2,2),(-34.33356976051,-12.41325954373),.PIECEWISE_BEZIER_KNOTS.);
#3693 = CARTESIAN_POINT('',(21.920310216783,-1.));
#3694 = CARTESIAN_POINT('',(0.,-1.));
#3695 = ( GEOMETRIC_REPRESENTATION_CONTEXT(2) 
PARAMETRIC_REPRESENTATION_CONTEXT() REPRESENTATION_CONTEXT('2D SPACE',''
  ) );
#3696 = ORIENTED_EDGE('',*,*,#3697,.F.);
#3697 = EDGE_CURVE('',#3698,#3672,#3700,.T.);
#3698 = VERTEX_POINT('',#3699);
#3699 = CARTESIAN_POINT('',(188.5,202.,38.8));
#3700 = SURFACE_CURVE('',#3701,(#3705,#3711),.PCURVE_S1.);
#3701 = LINE('',#3702,#3703);
#3702 = CARTESIAN_POINT('',(199.0225,202.,28.2775));
#3703 = VECTOR('',#3704,1.);
#3704 = DIRECTION('',(0.707106781187,0.,-0.707106781187));
#3705 = PCURVE('',#401,#3706);
#3706 = DEFINITIONAL_REPRESENTATION('',(#3707),#3710);
#3707 = B_SPLINE_CURVE_WITH_KNOTS('',1,(#3708,#3709),.UNSPECIFIED.,.F.,
  .F.,(2,2),(-14.88106221007,7.039248006712),.PIECEWISE_BEZIER_KNOTS.);
#3708 = CARTESIAN_POINT('',(38.6,27.51));
#3709 = CARTESIAN_POINT('',(23.1,43.01));
#3710 = ( GEOMETRIC_REPRESENTATION_CONTEXT(2) 
PARAMETRIC_REPRESENTATION_CONTEXT() REPRESENTATION_CONTEXT('2D SPACE',''
  ) );
#3711 = PCURVE('',#3712,#3717);
#3712 = PLANE('',#3713);
#3713 = AXIS2_PLACEMENT_3D('',#3714,#3715,#3716);
#3714 = CARTESIAN_POINT('',(204.,201.,23.3));
#3715 = DIRECTION('',(0.707106781187,0.,0.707106781187));
#3716 = DIRECTION('',(-0.707106781187,0.,0.707106781187));
#3717 = DEFINITIONAL_REPRESENTATION('',(#3718),#3721);
#3718 = B_SPLINE_CURVE_WITH_KNOTS('',1,(#3719,#3720),.UNSPECIFIED.,.F.,
  .F.,(2,2),(-14.88106221007,7.039248006712),.PIECEWISE_BEZIER_KNOTS.);
#3719 = CARTESIAN_POINT('',(21.920310216783,-1.));
#3720 = CARTESIAN_POINT('',(0.,-1.));
#3721 = ( GEOMETRIC_REPRESENTATION_CONTEXT(2) 
PARAMETRIC_REPRESENTATION_CONTEXT() REPRESENTATION_CONTEXT('2D SPACE',''
  ) );
#3722 = ORIENTED_EDGE('',*,*,#3723,.F.);
#3723 = EDGE_CURVE('',#3646,#3698,#3724,.T.);
#3724 = SURFACE_CURVE('',#3725,(#3729,#3735),.PCURVE_S1.);
#3725 = LINE('',#3726,#3727);
#3726 = CARTESIAN_POINT('',(171.9725,202.,22.2725));
#3727 = VECTOR('',#3728,1.);
#3728 = DIRECTION('',(0.707106781187,-0.,0.707106781187));
#3729 = PCURVE('',#401,#3730);
#3730 = DEFINITIONAL_REPRESENTATION('',(#3731),#3734);
#3731 = B_SPLINE_CURVE_WITH_KNOTS('',1,(#3732,#3733),.UNSPECIFIED.,.F.,
  .F.,(2,2),(1.453104435338,23.373414652121),.PIECEWISE_BEZIER_KNOTS.);
#3732 = CARTESIAN_POINT('',(23.1,12.01));
#3733 = CARTESIAN_POINT('',(38.6,27.51));
#3734 = ( GEOMETRIC_REPRESENTATION_CONTEXT(2) 
PARAMETRIC_REPRESENTATION_CONTEXT() REPRESENTATION_CONTEXT('2D SPACE',''
  ) );
#3735 = PCURVE('',#3736,#3741);
#3736 = PLANE('',#3737);
#3737 = AXIS2_PLACEMENT_3D('',#3738,#3739,#3740);
#3738 = CARTESIAN_POINT('',(188.5,201.,38.8));
#3739 = DIRECTION('',(-0.707106781187,0.,0.707106781187));
#3740 = DIRECTION('',(-0.707106781187,0.,-0.707106781187));
#3741 = DEFINITIONAL_REPRESENTATION('',(#3742),#3745);
#3742 = B_SPLINE_CURVE_WITH_KNOTS('',1,(#3743,#3744),.UNSPECIFIED.,.F.,
  .F.,(2,2),(1.453104435338,23.373414652121),.PIECEWISE_BEZIER_KNOTS.);
#3743 = CARTESIAN_POINT('',(21.920310216783,-1.));
#3744 = CARTESIAN_POINT('',(0.,-1.));
#3745 = ( GEOMETRIC_REPRESENTATION_CONTEXT(2) 
PARAMETRIC_REPRESENTATION_CONTEXT() REPRESENTATION_CONTEXT('2D SPACE',''
  ) );
#3746 = ADVANCED_FACE('',(#3747),#373,.F.);
#3747 = FACE_BOUND('',#3748,.T.);
#3748 = EDGE_LOOP('',(#3749,#3790,#3791,#3792));
#3749 = ORIENTED_EDGE('',*,*,#3750,.T.);
#3750 = EDGE_CURVE('',#3751,#3598,#3753,.T.);
#3751 = VERTEX_POINT('',#3752);
#3752 = CARTESIAN_POINT('',(161.,200.,4.8));
#3753 = SURFACE_CURVE('',#3754,(#3759,#3772),.PCURVE_S1.);
#3754 = ELLIPSE('',#3755,2.828427124746,2.);
#3755 = AXIS2_PLACEMENT_3D('',#3756,#3757,#3758);
#3756 = CARTESIAN_POINT('',(163.,200.,4.8));
#3757 = DIRECTION('',(0.,-0.707106781187,-0.707106781187));
#3758 = DIRECTION('',(-0.,0.707106781187,-0.707106781187));
#3759 = PCURVE('',#373,#3760);
#3760 = DEFINITIONAL_REPRESENTATION('',(#3761),#3771);
#3761 = B_SPLINE_CURVE_WITH_KNOTS('',8,(#3762,#3763,#3764,#3765,#3766,
    #3767,#3768,#3769,#3770),.UNSPECIFIED.,.F.,.F.,(9,9),(4.712388980385
    ,6.28318530718),.PIECEWISE_BEZIER_KNOTS.);
#3762 = CARTESIAN_POINT('',(-3.14159265359,-2.));
#3763 = CARTESIAN_POINT('',(-2.94524311274,-1.607300918301));
#3764 = CARTESIAN_POINT('',(-2.748893571889,-1.214601743364));
#3765 = CARTESIAN_POINT('',(-2.552544031041,-0.844973477578));
#3766 = CARTESIAN_POINT('',(-2.356194490188,-0.521482498846));
#3767 = CARTESIAN_POINT('',(-2.159844949343,-0.26436390732));
#3768 = CARTESIAN_POINT('',(-1.963495408492,-8.812155197256E-02));
#3769 = CARTESIAN_POINT('',(-1.767145867644,-5.402727445362E-16));
#3770 = CARTESIAN_POINT('',(-1.570796326795,-4.440892098501E-16));
#3771 = ( GEOMETRIC_REPRESENTATION_CONTEXT(2) 
PARAMETRIC_REPRESENTATION_CONTEXT() REPRESENTATION_CONTEXT('2D SPACE',''
  ) );
#3772 = PCURVE('',#3773,#3778);
#3773 = CYLINDRICAL_SURFACE('',#3774,2.);
#3774 = AXIS2_PLACEMENT_3D('',#3775,#3776,#3777);
#3775 = CARTESIAN_POINT('',(163.,10.,4.8));
#3776 = DIRECTION('',(0.,-1.,0.));
#3777 = DIRECTION('',(1.,0.,0.));
#3778 = DEFINITIONAL_REPRESENTATION('',(#3779),#3789);
#3779 = B_SPLINE_CURVE_WITH_KNOTS('',8,(#3780,#3781,#3782,#3783,#3784,
    #3785,#3786,#3787,#3788),.UNSPECIFIED.,.F.,.F.,(9,9),(4.712388980385
    ,6.28318530718),.PIECEWISE_BEZIER_KNOTS.);
#3780 = CARTESIAN_POINT('',(3.14159265359,-190.));
#3781 = CARTESIAN_POINT('',(3.337942194439,-190.3926990816));
#3782 = CARTESIAN_POINT('',(3.534291735283,-190.7853982563));
#3783 = CARTESIAN_POINT('',(3.730641276145,-191.1550265231));
#3784 = CARTESIAN_POINT('',(3.92699081697,-191.4785174999));
#3785 = CARTESIAN_POINT('',(4.123340357848,-191.7356360933));
#3786 = CARTESIAN_POINT('',(4.319689898682,-191.9118784478));
#3787 = CARTESIAN_POINT('',(4.516039439535,-192.));
#3788 = CARTESIAN_POINT('',(4.712388980385,-192.));
#3789 = ( GEOMETRIC_REPRESENTATION_CONTEXT(2) 
PARAMETRIC_REPRESENTATION_CONTEXT() REPRESENTATION_CONTEXT('2D SPACE',''
  ) );
#3790 = ORIENTED_EDGE('',*,*,#3597,.T.);
#3791 = ORIENTED_EDGE('',*,*,#356,.T.);
#3792 = ORIENTED_EDGE('',*,*,#3793,.F.);
#3793 = EDGE_CURVE('',#3751,#329,#3794,.T.);
#3794 = SURFACE_CURVE('',#3795,(#3799,#3806),.PCURVE_S1.);
#3795 = LINE('',#3796,#3797);
#3796 = CARTESIAN_POINT('',(161.,200.,2.8));
#3797 = VECTOR('',#3798,1.);
#3798 = DIRECTION('',(0.,0.,1.));
#3799 = PCURVE('',#373,#3800);
#3800 = DEFINITIONAL_REPRESENTATION('',(#3801),#3805);
#3801 = LINE('',#3802,#3803);
#3802 = CARTESIAN_POINT('',(-3.14159265359,0.));
#3803 = VECTOR('',#3804,1.);
#3804 = DIRECTION('',(-0.,-1.));
#3805 = ( GEOMETRIC_REPRESENTATION_CONTEXT(2) 
PARAMETRIC_REPRESENTATION_CONTEXT() REPRESENTATION_CONTEXT('2D SPACE',''
  ) );
#3806 = PCURVE('',#344,#3807);
#3807 = DEFINITIONAL_REPRESENTATION('',(#3808),#3812);
#3808 = LINE('',#3809,#3810);
#3809 = CARTESIAN_POINT('',(2.6,-196.8));
#3810 = VECTOR('',#3811,1.);
#3811 = DIRECTION('',(1.,0.));
#3812 = ( GEOMETRIC_REPRESENTATION_CONTEXT(2) 
PARAMETRIC_REPRESENTATION_CONTEXT() REPRESENTATION_CONTEXT('2D SPACE',''
  ) );
#3813 = ADVANCED_FACE('',(#3814,#3905,#4051),#344,.T.);
#3814 = FACE_BOUND('',#3815,.T.);
#3815 = EDGE_LOOP('',(#3816,#3837,#3859,#3882,#3903,#3904));
#3816 = ORIENTED_EDGE('',*,*,#3817,.F.);
#3817 = EDGE_CURVE('',#3818,#302,#3820,.T.);
#3818 = VERTEX_POINT('',#3819);
#3819 = CARTESIAN_POINT('',(161.,174.2,5.9));
#3820 = SURFACE_CURVE('',#3821,(#3825,#3831),.PCURVE_S1.);
#3821 = LINE('',#3822,#3823);
#3822 = CARTESIAN_POINT('',(161.,174.2,3.05));
#3823 = VECTOR('',#3824,1.);
#3824 = DIRECTION('',(0.,0.,1.));
#3825 = PCURVE('',#344,#3826);
#3826 = DEFINITIONAL_REPRESENTATION('',(#3827),#3830);
#3827 = B_SPLINE_CURVE_WITH_KNOTS('',1,(#3828,#3829),.UNSPECIFIED.,.F.,
  .F.,(2,2),(2.85,40.75),.PIECEWISE_BEZIER_KNOTS.);
#3828 = CARTESIAN_POINT('',(5.7,-171.));
#3829 = CARTESIAN_POINT('',(43.6,-171.));
#3830 = ( GEOMETRIC_REPRESENTATION_CONTEXT(2) 
PARAMETRIC_REPRESENTATION_CONTEXT() REPRESENTATION_CONTEXT('2D SPACE',''
  ) );
#3831 = PCURVE('',#317,#3832);
#3832 = DEFINITIONAL_REPRESENTATION('',(#3833),#3836);
#3833 = B_SPLINE_CURVE_WITH_KNOTS('',1,(#3834,#3835),.UNSPECIFIED.,.F.,
  .F.,(2,2),(2.85,40.75),.PIECEWISE_BEZIER_KNOTS.);
#3834 = CARTESIAN_POINT('',(0.,7.));
#3835 = CARTESIAN_POINT('',(37.9,7.));
#3836 = ( GEOMETRIC_REPRESENTATION_CONTEXT(2) 
PARAMETRIC_REPRESENTATION_CONTEXT() REPRESENTATION_CONTEXT('2D SPACE',''
  ) );
#3837 = ORIENTED_EDGE('',*,*,#3838,.T.);
#3838 = EDGE_CURVE('',#3818,#3839,#3841,.T.);
#3839 = VERTEX_POINT('',#3840);
#3840 = CARTESIAN_POINT('',(161.,36.,5.9));
#3841 = SURFACE_CURVE('',#3842,(#3846,#3852),.PCURVE_S1.);
#3842 = LINE('',#3843,#3844);
#3843 = CARTESIAN_POINT('',(161.,19.5,5.9));
#3844 = VECTOR('',#3845,1.);
#3845 = DIRECTION('',(0.,-1.,0.));
#3846 = PCURVE('',#344,#3847);
#3847 = DEFINITIONAL_REPRESENTATION('',(#3848),#3851);
#3848 = B_SPLINE_CURVE_WITH_KNOTS('',1,(#3849,#3850),.UNSPECIFIED.,.F.,
  .F.,(2,2),(-154.7,-16.3),.PIECEWISE_BEZIER_KNOTS.);
#3849 = CARTESIAN_POINT('',(5.7,-171.));
#3850 = CARTESIAN_POINT('',(5.7,-32.6));
#3851 = ( GEOMETRIC_REPRESENTATION_CONTEXT(2) 
PARAMETRIC_REPRESENTATION_CONTEXT() REPRESENTATION_CONTEXT('2D SPACE',''
  ) );
#3852 = PCURVE('',#1720,#3853);
#3853 = DEFINITIONAL_REPRESENTATION('',(#3854),#3858);
#3854 = LINE('',#3855,#3856);
#3855 = CARTESIAN_POINT('',(7.,-16.3));
#3856 = VECTOR('',#3857,1.);
#3857 = DIRECTION('',(0.,-1.));
#3858 = ( GEOMETRIC_REPRESENTATION_CONTEXT(2) 
PARAMETRIC_REPRESENTATION_CONTEXT() REPRESENTATION_CONTEXT('2D SPACE',''
  ) );
#3859 = ORIENTED_EDGE('',*,*,#3860,.F.);
#3860 = EDGE_CURVE('',#3861,#3839,#3863,.T.);
#3861 = VERTEX_POINT('',#3862);
#3862 = CARTESIAN_POINT('',(161.,36.,4.8));
#3863 = SURFACE_CURVE('',#3864,(#3868,#3875),.PCURVE_S1.);
#3864 = LINE('',#3865,#3866);
#3865 = CARTESIAN_POINT('',(161.,36.,2.8));
#3866 = VECTOR('',#3867,1.);
#3867 = DIRECTION('',(0.,0.,1.));
#3868 = PCURVE('',#344,#3869);
#3869 = DEFINITIONAL_REPRESENTATION('',(#3870),#3874);
#3870 = LINE('',#3871,#3872);
#3871 = CARTESIAN_POINT('',(2.6,-32.8));
#3872 = VECTOR('',#3873,1.);
#3873 = DIRECTION('',(1.,0.));
#3874 = ( GEOMETRIC_REPRESENTATION_CONTEXT(2) 
PARAMETRIC_REPRESENTATION_CONTEXT() REPRESENTATION_CONTEXT('2D SPACE',''
  ) );
#3875 = PCURVE('',#2569,#3876);
#3876 = DEFINITIONAL_REPRESENTATION('',(#3877),#3881);
#3877 = LINE('',#3878,#3879);
#3878 = CARTESIAN_POINT('',(-3.14159265359,0.));
#3879 = VECTOR('',#3880,1.);
#3880 = DIRECTION('',(-0.,-1.));
#3881 = ( GEOMETRIC_REPRESENTATION_CONTEXT(2) 
PARAMETRIC_REPRESENTATION_CONTEXT() REPRESENTATION_CONTEXT('2D SPACE',''
  ) );
#3882 = ORIENTED_EDGE('',*,*,#3883,.T.);
#3883 = EDGE_CURVE('',#3861,#3751,#3884,.T.);
#3884 = SURFACE_CURVE('',#3885,(#3889,#3896),.PCURVE_S1.);
#3885 = LINE('',#3886,#3887);
#3886 = CARTESIAN_POINT('',(161.,10.,4.8));
#3887 = VECTOR('',#3888,1.);
#3888 = DIRECTION('',(0.,1.,0.));
#3889 = PCURVE('',#344,#3890);
#3890 = DEFINITIONAL_REPRESENTATION('',(#3891),#3895);
#3891 = LINE('',#3892,#3893);
#3892 = CARTESIAN_POINT('',(4.6,-6.8));
#3893 = VECTOR('',#3894,1.);
#3894 = DIRECTION('',(0.,-1.));
#3895 = ( GEOMETRIC_REPRESENTATION_CONTEXT(2) 
PARAMETRIC_REPRESENTATION_CONTEXT() REPRESENTATION_CONTEXT('2D SPACE',''
  ) );
#3896 = PCURVE('',#3773,#3897);
#3897 = DEFINITIONAL_REPRESENTATION('',(#3898),#3902);
#3898 = LINE('',#3899,#3900);
#3899 = CARTESIAN_POINT('',(3.14159265359,0.));
#3900 = VECTOR('',#3901,1.);
#3901 = DIRECTION('',(0.,-1.));
#3902 = ( GEOMETRIC_REPRESENTATION_CONTEXT(2) 
PARAMETRIC_REPRESENTATION_CONTEXT() REPRESENTATION_CONTEXT('2D SPACE',''
  ) );
#3903 = ORIENTED_EDGE('',*,*,#3793,.T.);
#3904 = ORIENTED_EDGE('',*,*,#328,.F.);
#3905 = FACE_BOUND('',#3906,.T.);
#3906 = EDGE_LOOP('',(#3907,#3942,#3968,#4001,#4027));
#3907 = ORIENTED_EDGE('',*,*,#3908,.T.);
#3908 = EDGE_CURVE('',#3909,#3911,#3913,.T.);
#3909 = VERTEX_POINT('',#3910);
#3910 = CARTESIAN_POINT('',(161.,196.25771644662,12.257716446628));
#3911 = VERTEX_POINT('',#3912);
#3912 = CARTESIAN_POINT('',(161.,193.5,5.6));
#3913 = SURFACE_CURVE('',#3914,(#3919,#3930),.PCURVE_S1.);
#3914 = CIRCLE('',#3915,3.9);
#3915 = AXIS2_PLACEMENT_3D('',#3916,#3917,#3918);
#3916 = CARTESIAN_POINT('',(161.,193.5,9.5));
#3917 = DIRECTION('',(-1.,-0.,0.));
#3918 = DIRECTION('',(0.,-0.,-1.));
#3919 = PCURVE('',#344,#3920);
#3920 = DEFINITIONAL_REPRESENTATION('',(#3921),#3929);
#3921 = ( BOUNDED_CURVE() B_SPLINE_CURVE(2,(#3922,#3923,#3924,#3925,
#3926,#3927,#3928),.UNSPECIFIED.,.T.,.F.) B_SPLINE_CURVE_WITH_KNOTS((1,2
    ,2,2,2,1),(-2.094395102393,0.,2.094395102393,4.188790204786,
6.28318530718,8.377580409573),.UNSPECIFIED.) CURVE() 
GEOMETRIC_REPRESENTATION_ITEM() RATIONAL_B_SPLINE_CURVE((1.,0.5,1.,0.5,
1.,0.5,1.)) REPRESENTATION_ITEM('') );
#3922 = CARTESIAN_POINT('',(5.4,-190.3));
#3923 = CARTESIAN_POINT('',(5.4,-183.5450018504));
#3924 = CARTESIAN_POINT('',(11.25,-186.9225009252));
#3925 = CARTESIAN_POINT('',(17.1,-190.3));
#3926 = CARTESIAN_POINT('',(11.25,-193.6774990747));
#3927 = CARTESIAN_POINT('',(5.4,-197.0549981495));
#3928 = CARTESIAN_POINT('',(5.4,-190.3));
#3929 = ( GEOMETRIC_REPRESENTATION_CONTEXT(2) 
PARAMETRIC_REPRESENTATION_CONTEXT() REPRESENTATION_CONTEXT('2D SPACE',''
  ) );
#3930 = PCURVE('',#3931,#3936);
#3931 = CYLINDRICAL_SURFACE('',#3932,3.9);
#3932 = AXIS2_PLACEMENT_3D('',#3933,#3934,#3935);
#3933 = CARTESIAN_POINT('',(157.4,193.5,9.5));
#3934 = DIRECTION('',(-1.,-0.,-0.));
#3935 = DIRECTION('',(0.,-0.,-1.));
#3936 = DEFINITIONAL_REPRESENTATION('',(#3937),#3941);
#3937 = LINE('',#3938,#3939);
#3938 = CARTESIAN_POINT('',(-6.28318530718,-3.6));
#3939 = VECTOR('',#3940,1.);
#3940 = DIRECTION('',(1.,-0.));
#3941 = ( GEOMETRIC_REPRESENTATION_CONTEXT(2) 
PARAMETRIC_REPRESENTATION_CONTEXT() REPRESENTATION_CONTEXT('2D SPACE',''
  ) );
#3942 = ORIENTED_EDGE('',*,*,#3943,.T.);
#3943 = EDGE_CURVE('',#3911,#3944,#3946,.T.);
#3944 = VERTEX_POINT('',#3945);
#3945 = CARTESIAN_POINT('',(161.,191.5,5.6));
#3946 = SURFACE_CURVE('',#3947,(#3951,#3957),.PCURVE_S1.);
#3947 = LINE('',#3948,#3949);
#3948 = CARTESIAN_POINT('',(161.,97.35,5.6));
#3949 = VECTOR('',#3950,1.);
#3950 = DIRECTION('',(0.,-1.,0.));
#3951 = PCURVE('',#344,#3952);
#3952 = DEFINITIONAL_REPRESENTATION('',(#3953),#3956);
#3953 = B_SPLINE_CURVE_WITH_KNOTS('',1,(#3954,#3955),.UNSPECIFIED.,.F.,
  .F.,(2,2),(-96.15,-94.15),.PIECEWISE_BEZIER_KNOTS.);
#3954 = CARTESIAN_POINT('',(5.4,-190.3));
#3955 = CARTESIAN_POINT('',(5.4,-188.3));
#3956 = ( GEOMETRIC_REPRESENTATION_CONTEXT(2) 
PARAMETRIC_REPRESENTATION_CONTEXT() REPRESENTATION_CONTEXT('2D SPACE',''
  ) );
#3957 = PCURVE('',#3958,#3963);
#3958 = PLANE('',#3959);
#3959 = AXIS2_PLACEMENT_3D('',#3960,#3961,#3962);
#3960 = CARTESIAN_POINT('',(157.4,191.5,5.6));
#3961 = DIRECTION('',(0.,0.,1.));
#3962 = DIRECTION('',(0.,1.,0.));
#3963 = DEFINITIONAL_REPRESENTATION('',(#3964),#3967);
#3964 = B_SPLINE_CURVE_WITH_KNOTS('',1,(#3965,#3966),.UNSPECIFIED.,.F.,
  .F.,(2,2),(-96.15,-94.15),.PIECEWISE_BEZIER_KNOTS.);
#3965 = CARTESIAN_POINT('',(2.,-3.6));
#3966 = CARTESIAN_POINT('',(0.,-3.6));
#3967 = ( GEOMETRIC_REPRESENTATION_CONTEXT(2) 
PARAMETRIC_REPRESENTATION_CONTEXT() REPRESENTATION_CONTEXT('2D SPACE',''
  ) );
#3968 = ORIENTED_EDGE('',*,*,#3969,.T.);
#3969 = EDGE_CURVE('',#3944,#3970,#3972,.T.);
#3970 = VERTEX_POINT('',#3971);
#3971 = CARTESIAN_POINT('',(161.,188.74228355337,12.257716446628));
#3972 = SURFACE_CURVE('',#3973,(#3978,#3989),.PCURVE_S1.);
#3973 = CIRCLE('',#3974,3.9);
#3974 = AXIS2_PLACEMENT_3D('',#3975,#3976,#3977);
#3975 = CARTESIAN_POINT('',(161.,191.5,9.5));
#3976 = DIRECTION('',(-1.,-0.,0.));
#3977 = DIRECTION('',(0.,-0.707106781187,0.707106781187));
#3978 = PCURVE('',#344,#3979);
#3979 = DEFINITIONAL_REPRESENTATION('',(#3980),#3988);
#3980 = ( BOUNDED_CURVE() B_SPLINE_CURVE(2,(#3981,#3982,#3983,#3984,
#3985,#3986,#3987),.UNSPECIFIED.,.T.,.F.) B_SPLINE_CURVE_WITH_KNOTS((1,2
    ,2,2,2,1),(-2.094395102393,0.,2.094395102393,4.188790204786,
6.28318530718,8.377580409573),.UNSPECIFIED.) CURVE() 
GEOMETRIC_REPRESENTATION_ITEM() RATIONAL_B_SPLINE_CURVE((1.,0.5,1.,0.5,
1.,0.5,1.)) REPRESENTATION_ITEM('') );
#3981 = CARTESIAN_POINT('',(12.057716446628,-185.5422835533));
#3982 = CARTESIAN_POINT('',(16.834221445055,-190.3187885518));
#3983 = CARTESIAN_POINT('',(10.3093942759,-192.0671107225));
#3984 = CARTESIAN_POINT('',(3.784567106745,-193.8154328932));
#3985 = CARTESIAN_POINT('',(5.532889277473,-187.2906057241));
#3986 = CARTESIAN_POINT('',(7.2812114482,-180.7657785549));
#3987 = CARTESIAN_POINT('',(12.057716446628,-185.5422835533));
#3988 = ( GEOMETRIC_REPRESENTATION_CONTEXT(2) 
PARAMETRIC_REPRESENTATION_CONTEXT() REPRESENTATION_CONTEXT('2D SPACE',''
  ) );
#3989 = PCURVE('',#3990,#3995);
#3990 = CYLINDRICAL_SURFACE('',#3991,3.9);
#3991 = AXIS2_PLACEMENT_3D('',#3992,#3993,#3994);
#3992 = CARTESIAN_POINT('',(157.4,191.5,9.5));
#3993 = DIRECTION('',(-1.,-0.,-0.));
#3994 = DIRECTION('',(0.,-0.707106781187,0.707106781187));
#3995 = DEFINITIONAL_REPRESENTATION('',(#3996),#4000);
#3996 = LINE('',#3997,#3998);
#3997 = CARTESIAN_POINT('',(-6.28318530718,-3.6));
#3998 = VECTOR('',#3999,1.);
#3999 = DIRECTION('',(1.,-0.));
#4000 = ( GEOMETRIC_REPRESENTATION_CONTEXT(2) 
PARAMETRIC_REPRESENTATION_CONTEXT() REPRESENTATION_CONTEXT('2D SPACE',''
  ) );
#4001 = ORIENTED_EDGE('',*,*,#4002,.T.);
#4002 = EDGE_CURVE('',#3970,#4003,#4005,.T.);
#4003 = VERTEX_POINT('',#4004);
#4004 = CARTESIAN_POINT('',(161.,192.5,16.015432893255));
#4005 = SURFACE_CURVE('',#4006,(#4010,#4016),.PCURVE_S1.);
#4006 = LINE('',#4007,#4008);
#4007 = CARTESIAN_POINT('',(161.,141.22114177668,-35.26342533005));
#4008 = VECTOR('',#4009,1.);
#4009 = DIRECTION('',(-0.,0.707106781187,0.707106781187));
#4010 = PCURVE('',#344,#4011);
#4011 = DEFINITIONAL_REPRESENTATION('',(#4012),#4015);
#4012 = B_SPLINE_CURVE_WITH_KNOTS('',1,(#4013,#4014),.UNSPECIFIED.,.F.,
  .F.,(2,2),(67.205043200044,72.519256762417),.PIECEWISE_BEZIER_KNOTS.);
#4013 = CARTESIAN_POINT('',(12.057716446628,-185.5422835533));
#4014 = CARTESIAN_POINT('',(15.815432893255,-189.3));
#4015 = ( GEOMETRIC_REPRESENTATION_CONTEXT(2) 
PARAMETRIC_REPRESENTATION_CONTEXT() REPRESENTATION_CONTEXT('2D SPACE',''
  ) );
#4016 = PCURVE('',#4017,#4022);
#4017 = PLANE('',#4018);
#4018 = AXIS2_PLACEMENT_3D('',#4019,#4020,#4021);
#4019 = CARTESIAN_POINT('',(157.4,192.5,16.015432893255));
#4020 = DIRECTION('',(0.,0.707106781187,-0.707106781187));
#4021 = DIRECTION('',(0.,-0.707106781187,-0.707106781187));
#4022 = DEFINITIONAL_REPRESENTATION('',(#4023),#4026);
#4023 = B_SPLINE_CURVE_WITH_KNOTS('',1,(#4024,#4025),.UNSPECIFIED.,.F.,
  .F.,(2,2),(67.205043200044,72.519256762417),.PIECEWISE_BEZIER_KNOTS.);
#4024 = CARTESIAN_POINT('',(5.314213562373,-3.6));
#4025 = CARTESIAN_POINT('',(0.,-3.6));
#4026 = ( GEOMETRIC_REPRESENTATION_CONTEXT(2) 
PARAMETRIC_REPRESENTATION_CONTEXT() REPRESENTATION_CONTEXT('2D SPACE',''
  ) );
#4027 = ORIENTED_EDGE('',*,*,#4028,.T.);
#4028 = EDGE_CURVE('',#4003,#3909,#4029,.T.);
#4029 = SURFACE_CURVE('',#4030,(#4034,#4040),.PCURVE_S1.);
#4030 = LINE('',#4031,#4032);
#4031 = CARTESIAN_POINT('',(161.,151.00771644662,57.507716446628));
#4032 = VECTOR('',#4033,1.);
#4033 = DIRECTION('',(0.,0.707106781187,-0.707106781187));
#4034 = PCURVE('',#344,#4035);
#4035 = DEFINITIONAL_REPRESENTATION('',(#4036),#4039);
#4036 = B_SPLINE_CURVE_WITH_KNOTS('',1,(#4037,#4038),.UNSPECIFIED.,.F.,
  .F.,(2,2),(58.678950135009,63.993163697383),.PIECEWISE_BEZIER_KNOTS.);
#4037 = CARTESIAN_POINT('',(15.815432893255,-189.3));
#4038 = CARTESIAN_POINT('',(12.057716446628,-193.0577164466));
#4039 = ( GEOMETRIC_REPRESENTATION_CONTEXT(2) 
PARAMETRIC_REPRESENTATION_CONTEXT() REPRESENTATION_CONTEXT('2D SPACE',''
  ) );
#4040 = PCURVE('',#4041,#4046);
#4041 = PLANE('',#4042);
#4042 = AXIS2_PLACEMENT_3D('',#4043,#4044,#4045);
#4043 = CARTESIAN_POINT('',(157.4,196.25771644662,12.257716446628));
#4044 = DIRECTION('',(0.,-0.707106781187,-0.707106781187));
#4045 = DIRECTION('',(0.,-0.707106781187,0.707106781187));
#4046 = DEFINITIONAL_REPRESENTATION('',(#4047),#4050);
#4047 = B_SPLINE_CURVE_WITH_KNOTS('',1,(#4048,#4049),.UNSPECIFIED.,.F.,
  .F.,(2,2),(58.678950135009,63.993163697383),.PIECEWISE_BEZIER_KNOTS.);
#4048 = CARTESIAN_POINT('',(5.314213562373,-3.6));
#4049 = CARTESIAN_POINT('',(0.,-3.6));
#4050 = ( GEOMETRIC_REPRESENTATION_CONTEXT(2) 
PARAMETRIC_REPRESENTATION_CONTEXT() REPRESENTATION_CONTEXT('2D SPACE',''
  ) );
#4051 = FACE_BOUND('',#4052,.T.);
#4052 = EDGE_LOOP('',(#4053,#4088,#4114,#4147,#4173));
#4053 = ORIENTED_EDGE('',*,*,#4054,.T.);
#4054 = EDGE_CURVE('',#4055,#4057,#4059,.T.);
#4055 = VERTEX_POINT('',#4056);
#4056 = CARTESIAN_POINT('',(161.,196.25771644662,37.257716446628));
#4057 = VERTEX_POINT('',#4058);
#4058 = CARTESIAN_POINT('',(161.,193.5,30.6));
#4059 = SURFACE_CURVE('',#4060,(#4065,#4076),.PCURVE_S1.);
#4060 = CIRCLE('',#4061,3.9);
#4061 = AXIS2_PLACEMENT_3D('',#4062,#4063,#4064);
#4062 = CARTESIAN_POINT('',(161.,193.5,34.5));
#4063 = DIRECTION('',(-1.,-0.,0.));
#4064 = DIRECTION('',(0.,-0.,-1.));
#4065 = PCURVE('',#344,#4066);
#4066 = DEFINITIONAL_REPRESENTATION('',(#4067),#4075);
#4067 = ( BOUNDED_CURVE() B_SPLINE_CURVE(2,(#4068,#4069,#4070,#4071,
#4072,#4073,#4074),.UNSPECIFIED.,.T.,.F.) B_SPLINE_CURVE_WITH_KNOTS((1,2
    ,2,2,2,1),(-2.094395102393,0.,2.094395102393,4.188790204786,
6.28318530718,8.377580409573),.UNSPECIFIED.) CURVE() 
GEOMETRIC_REPRESENTATION_ITEM() RATIONAL_B_SPLINE_CURVE((1.,0.5,1.,0.5,
1.,0.5,1.)) REPRESENTATION_ITEM('') );
#4068 = CARTESIAN_POINT('',(30.4,-190.3));
#4069 = CARTESIAN_POINT('',(30.4,-183.5450018504));
#4070 = CARTESIAN_POINT('',(36.25,-186.9225009252));
#4071 = CARTESIAN_POINT('',(42.1,-190.3));
#4072 = CARTESIAN_POINT('',(36.25,-193.6774990747));
#4073 = CARTESIAN_POINT('',(30.4,-197.0549981495));
#4074 = CARTESIAN_POINT('',(30.4,-190.3));
#4075 = ( GEOMETRIC_REPRESENTATION_CONTEXT(2) 
PARAMETRIC_REPRESENTATION_CONTEXT() REPRESENTATION_CONTEXT('2D SPACE',''
  ) );
#4076 = PCURVE('',#4077,#4082);
#4077 = CYLINDRICAL_SURFACE('',#4078,3.9);
#4078 = AXIS2_PLACEMENT_3D('',#4079,#4080,#4081);
#4079 = CARTESIAN_POINT('',(157.4,193.5,34.5));
#4080 = DIRECTION('',(-1.,-0.,-0.));
#4081 = DIRECTION('',(0.,-0.,-1.));
#4082 = DEFINITIONAL_REPRESENTATION('',(#4083),#4087);
#4083 = LINE('',#4084,#4085);
#4084 = CARTESIAN_POINT('',(-6.28318530718,-3.6));
#4085 = VECTOR('',#4086,1.);
#4086 = DIRECTION('',(1.,-0.));
#4087 = ( GEOMETRIC_REPRESENTATION_CONTEXT(2) 
PARAMETRIC_REPRESENTATION_CONTEXT() REPRESENTATION_CONTEXT('2D SPACE',''
  ) );
#4088 = ORIENTED_EDGE('',*,*,#4089,.T.);
#4089 = EDGE_CURVE('',#4057,#4090,#4092,.T.);
#4090 = VERTEX_POINT('',#4091);
#4091 = CARTESIAN_POINT('',(161.,191.5,30.6));
#4092 = SURFACE_CURVE('',#4093,(#4097,#4103),.PCURVE_S1.);
#4093 = LINE('',#4094,#4095);
#4094 = CARTESIAN_POINT('',(161.,97.35,30.6));
#4095 = VECTOR('',#4096,1.);
#4096 = DIRECTION('',(0.,-1.,0.));
#4097 = PCURVE('',#344,#4098);
#4098 = DEFINITIONAL_REPRESENTATION('',(#4099),#4102);
#4099 = B_SPLINE_CURVE_WITH_KNOTS('',1,(#4100,#4101),.UNSPECIFIED.,.F.,
  .F.,(2,2),(-96.15,-94.15),.PIECEWISE_BEZIER_KNOTS.);
#4100 = CARTESIAN_POINT('',(30.4,-190.3));
#4101 = CARTESIAN_POINT('',(30.4,-188.3));
#4102 = ( GEOMETRIC_REPRESENTATION_CONTEXT(2) 
PARAMETRIC_REPRESENTATION_CONTEXT() REPRESENTATION_CONTEXT('2D SPACE',''
  ) );
#4103 = PCURVE('',#4104,#4109);
#4104 = PLANE('',#4105);
#4105 = AXIS2_PLACEMENT_3D('',#4106,#4107,#4108);
#4106 = CARTESIAN_POINT('',(157.4,191.5,30.6));
#4107 = DIRECTION('',(0.,0.,1.));
#4108 = DIRECTION('',(0.,1.,0.));
#4109 = DEFINITIONAL_REPRESENTATION('',(#4110),#4113);
#4110 = B_SPLINE_CURVE_WITH_KNOTS('',1,(#4111,#4112),.UNSPECIFIED.,.F.,
  .F.,(2,2),(-96.15,-94.15),.PIECEWISE_BEZIER_KNOTS.);
#4111 = CARTESIAN_POINT('',(2.,-3.6));
#4112 = CARTESIAN_POINT('',(0.,-3.6));
#4113 = ( GEOMETRIC_REPRESENTATION_CONTEXT(2) 
PARAMETRIC_REPRESENTATION_CONTEXT() REPRESENTATION_CONTEXT('2D SPACE',''
  ) );
#4114 = ORIENTED_EDGE('',*,*,#4115,.T.);
#4115 = EDGE_CURVE('',#4090,#4116,#4118,.T.);
#4116 = VERTEX_POINT('',#4117);
#4117 = CARTESIAN_POINT('',(161.,188.74228355337,37.257716446628));
#4118 = SURFACE_CURVE('',#4119,(#4124,#4135),.PCURVE_S1.);
#4119 = CIRCLE('',#4120,3.9);
#4120 = AXIS2_PLACEMENT_3D('',#4121,#4122,#4123);
#4121 = CARTESIAN_POINT('',(161.,191.5,34.5));
#4122 = DIRECTION('',(-1.,-0.,0.));
#4123 = DIRECTION('',(0.,-0.707106781187,0.707106781187));
#4124 = PCURVE('',#344,#4125);
#4125 = DEFINITIONAL_REPRESENTATION('',(#4126),#4134);
#4126 = ( BOUNDED_CURVE() B_SPLINE_CURVE(2,(#4127,#4128,#4129,#4130,
#4131,#4132,#4133),.UNSPECIFIED.,.T.,.F.) B_SPLINE_CURVE_WITH_KNOTS((1,2
    ,2,2,2,1),(-2.094395102393,0.,2.094395102393,4.188790204786,
6.28318530718,8.377580409573),.UNSPECIFIED.) CURVE() 
GEOMETRIC_REPRESENTATION_ITEM() RATIONAL_B_SPLINE_CURVE((1.,0.5,1.,0.5,
1.,0.5,1.)) REPRESENTATION_ITEM('') );
#4127 = CARTESIAN_POINT('',(37.057716446628,-185.5422835533));
#4128 = CARTESIAN_POINT('',(41.834221445055,-190.3187885518));
#4129 = CARTESIAN_POINT('',(35.3093942759,-192.0671107225));
#4130 = CARTESIAN_POINT('',(28.784567106745,-193.8154328932));
#4131 = CARTESIAN_POINT('',(30.532889277473,-187.2906057241));
#4132 = CARTESIAN_POINT('',(32.2812114482,-180.7657785549));
#4133 = CARTESIAN_POINT('',(37.057716446628,-185.5422835533));
#4134 = ( GEOMETRIC_REPRESENTATION_CONTEXT(2) 
PARAMETRIC_REPRESENTATION_CONTEXT() REPRESENTATION_CONTEXT('2D SPACE',''
  ) );
#4135 = PCURVE('',#4136,#4141);
#4136 = CYLINDRICAL_SURFACE('',#4137,3.9);
#4137 = AXIS2_PLACEMENT_3D('',#4138,#4139,#4140);
#4138 = CARTESIAN_POINT('',(157.4,191.5,34.5));
#4139 = DIRECTION('',(-1.,-0.,-0.));
#4140 = DIRECTION('',(0.,-0.707106781187,0.707106781187));
#4141 = DEFINITIONAL_REPRESENTATION('',(#4142),#4146);
#4142 = LINE('',#4143,#4144);
#4143 = CARTESIAN_POINT('',(-6.28318530718,-3.6));
#4144 = VECTOR('',#4145,1.);
#4145 = DIRECTION('',(1.,-0.));
#4146 = ( GEOMETRIC_REPRESENTATION_CONTEXT(2) 
PARAMETRIC_REPRESENTATION_CONTEXT() REPRESENTATION_CONTEXT('2D SPACE',''
  ) );
#4147 = ORIENTED_EDGE('',*,*,#4148,.T.);
#4148 = EDGE_CURVE('',#4116,#4149,#4151,.T.);
#4149 = VERTEX_POINT('',#4150);
#4150 = CARTESIAN_POINT('',(161.,192.5,41.015432893255));
#4151 = SURFACE_CURVE('',#4152,(#4156,#4162),.PCURVE_S1.);
#4152 = LINE('',#4153,#4154);
#4153 = CARTESIAN_POINT('',(161.,134.97114177668,-16.51342533005));
#4154 = VECTOR('',#4155,1.);
#4155 = DIRECTION('',(-0.,0.707106781187,0.707106781187));
#4156 = PCURVE('',#344,#4157);
#4157 = DEFINITIONAL_REPRESENTATION('',(#4158),#4161);
#4158 = B_SPLINE_CURVE_WITH_KNOTS('',1,(#4159,#4160),.UNSPECIFIED.,.F.,
  .F.,(2,2),(76.043877964876,81.358091527249),.PIECEWISE_BEZIER_KNOTS.);
#4159 = CARTESIAN_POINT('',(37.057716446628,-185.5422835533));
#4160 = CARTESIAN_POINT('',(40.815432893255,-189.3));
#4161 = ( GEOMETRIC_REPRESENTATION_CONTEXT(2) 
PARAMETRIC_REPRESENTATION_CONTEXT() REPRESENTATION_CONTEXT('2D SPACE',''
  ) );
#4162 = PCURVE('',#4163,#4168);
#4163 = PLANE('',#4164);
#4164 = AXIS2_PLACEMENT_3D('',#4165,#4166,#4167);
#4165 = CARTESIAN_POINT('',(157.4,192.5,41.015432893255));
#4166 = DIRECTION('',(0.,0.707106781187,-0.707106781187));
#4167 = DIRECTION('',(0.,-0.707106781187,-0.707106781187));
#4168 = DEFINITIONAL_REPRESENTATION('',(#4169),#4172);
#4169 = B_SPLINE_CURVE_WITH_KNOTS('',1,(#4170,#4171),.UNSPECIFIED.,.F.,
  .F.,(2,2),(76.043877964876,81.358091527249),.PIECEWISE_BEZIER_KNOTS.);
#4170 = CARTESIAN_POINT('',(5.314213562373,-3.6));
#4171 = CARTESIAN_POINT('',(0.,-3.6));
#4172 = ( GEOMETRIC_REPRESENTATION_CONTEXT(2) 
PARAMETRIC_REPRESENTATION_CONTEXT() REPRESENTATION_CONTEXT('2D SPACE',''
  ) );
#4173 = ORIENTED_EDGE('',*,*,#4174,.T.);
#4174 = EDGE_CURVE('',#4149,#4055,#4175,.T.);
#4175 = SURFACE_CURVE('',#4176,(#4180,#4186),.PCURVE_S1.);
#4176 = LINE('',#4177,#4178);
#4177 = CARTESIAN_POINT('',(161.,157.25771644662,76.257716446628));
#4178 = VECTOR('',#4179,1.);
#4179 = DIRECTION('',(0.,0.707106781187,-0.707106781187));
#4180 = PCURVE('',#344,#4181);
#4181 = DEFINITIONAL_REPRESENTATION('',(#4182),#4185);
#4182 = B_SPLINE_CURVE_WITH_KNOTS('',1,(#4183,#4184),.UNSPECIFIED.,.F.,
  .F.,(2,2),(49.840115370178,55.154328932551),.PIECEWISE_BEZIER_KNOTS.);
#4183 = CARTESIAN_POINT('',(40.815432893255,-189.3));
#4184 = CARTESIAN_POINT('',(37.057716446628,-193.0577164466));
#4185 = ( GEOMETRIC_REPRESENTATION_CONTEXT(2) 
PARAMETRIC_REPRESENTATION_CONTEXT() REPRESENTATION_CONTEXT('2D SPACE',''
  ) );
#4186 = PCURVE('',#4187,#4192);
#4187 = PLANE('',#4188);
#4188 = AXIS2_PLACEMENT_3D('',#4189,#4190,#4191);
#4189 = CARTESIAN_POINT('',(157.4,196.25771644662,37.257716446628));
#4190 = DIRECTION('',(0.,-0.707106781187,-0.707106781187));
#4191 = DIRECTION('',(0.,-0.707106781187,0.707106781187));
#4192 = DEFINITIONAL_REPRESENTATION('',(#4193),#4196);
#4193 = B_SPLINE_CURVE_WITH_KNOTS('',1,(#4194,#4195),.UNSPECIFIED.,.F.,
  .F.,(2,2),(49.840115370178,55.154328932551),.PIECEWISE_BEZIER_KNOTS.);
#4194 = CARTESIAN_POINT('',(5.314213562373,-3.6));
#4195 = CARTESIAN_POINT('',(0.,-3.6));
#4196 = ( GEOMETRIC_REPRESENTATION_CONTEXT(2) 
PARAMETRIC_REPRESENTATION_CONTEXT() REPRESENTATION_CONTEXT('2D SPACE',''
  ) );
#4197 = ADVANCED_FACE('',(#4198),#317,.F.);
#4198 = FACE_BOUND('',#4199,.F.);
#4199 = EDGE_LOOP('',(#4200,#4223,#4249,#4268,#4269,#4270));
#4200 = ORIENTED_EDGE('',*,*,#4201,.F.);
#4201 = EDGE_CURVE('',#4202,#3818,#4204,.T.);
#4202 = VERTEX_POINT('',#4203);
#4203 = CARTESIAN_POINT('',(158.,174.2,5.9));
#4204 = SURFACE_CURVE('',#4205,(#4209,#4216),.PCURVE_S1.);
#4205 = LINE('',#4206,#4207);
#4206 = CARTESIAN_POINT('',(154.,174.2,5.9));
#4207 = VECTOR('',#4208,1.);
#4208 = DIRECTION('',(1.,0.,0.));
#4209 = PCURVE('',#317,#4210);
#4210 = DEFINITIONAL_REPRESENTATION('',(#4211),#4215);
#4211 = LINE('',#4212,#4213);
#4212 = CARTESIAN_POINT('',(0.,0.));
#4213 = VECTOR('',#4214,1.);
#4214 = DIRECTION('',(0.,1.));
#4215 = ( GEOMETRIC_REPRESENTATION_CONTEXT(2) 
PARAMETRIC_REPRESENTATION_CONTEXT() REPRESENTATION_CONTEXT('2D SPACE',''
  ) );
#4216 = PCURVE('',#1720,#4217);
#4217 = DEFINITIONAL_REPRESENTATION('',(#4218),#4222);
#4218 = LINE('',#4219,#4220);
#4219 = CARTESIAN_POINT('',(0.,138.4));
#4220 = VECTOR('',#4221,1.);
#4221 = DIRECTION('',(1.,0.));
#4222 = ( GEOMETRIC_REPRESENTATION_CONTEXT(2) 
PARAMETRIC_REPRESENTATION_CONTEXT() REPRESENTATION_CONTEXT('2D SPACE',''
  ) );
#4223 = ORIENTED_EDGE('',*,*,#4224,.F.);
#4224 = EDGE_CURVE('',#4225,#4202,#4227,.T.);
#4225 = VERTEX_POINT('',#4226);
#4226 = CARTESIAN_POINT('',(158.,174.2,7.948912529307));
#4227 = SURFACE_CURVE('',#4228,(#4232,#4238),.PCURVE_S1.);
#4228 = LINE('',#4229,#4230);
#4229 = CARTESIAN_POINT('',(158.,174.2,6.560110023068));
#4230 = VECTOR('',#4231,1.);
#4231 = DIRECTION('',(0.,0.,-1.));
#4232 = PCURVE('',#317,#4233);
#4233 = DEFINITIONAL_REPRESENTATION('',(#4234),#4237);
#4234 = B_SPLINE_CURVE_WITH_KNOTS('',1,(#4235,#4236),.UNSPECIFIED.,.F.,
  .F.,(2,2),(-5.048216089,0.660110023068),.PIECEWISE_BEZIER_KNOTS.);
#4235 = CARTESIAN_POINT('',(5.708326112069,4.));
#4236 = CARTESIAN_POINT('',(0.,4.));
#4237 = ( GEOMETRIC_REPRESENTATION_CONTEXT(2) 
PARAMETRIC_REPRESENTATION_CONTEXT() REPRESENTATION_CONTEXT('2D SPACE',''
  ) );
#4238 = PCURVE('',#4239,#4244);
#4239 = PLANE('',#4240);
#4240 = AXIS2_PLACEMENT_3D('',#4241,#4242,#4243);
#4241 = CARTESIAN_POINT('',(158.,177.4,7.220220046137));
#4242 = DIRECTION('',(1.,0.,0.));
#4243 = DIRECTION('',(-0.,0.,1.));
#4244 = DEFINITIONAL_REPRESENTATION('',(#4245),#4248);
#4245 = B_SPLINE_CURVE_WITH_KNOTS('',1,(#4246,#4247),.UNSPECIFIED.,.F.,
  .F.,(2,2),(-5.048216089,0.660110023068),.PIECEWISE_BEZIER_KNOTS.);
#4246 = CARTESIAN_POINT('',(4.388106065932,3.2));
#4247 = CARTESIAN_POINT('',(-1.320220046137,3.2));
#4248 = ( GEOMETRIC_REPRESENTATION_CONTEXT(2) 
PARAMETRIC_REPRESENTATION_CONTEXT() REPRESENTATION_CONTEXT('2D SPACE',''
  ) );
#4249 = ORIENTED_EDGE('',*,*,#4250,.T.);
#4250 = EDGE_CURVE('',#4225,#1565,#4251,.T.);
#4251 = SURFACE_CURVE('',#4252,(#4256,#4262),.PCURVE_S1.);
#4252 = LINE('',#4253,#4254);
#4253 = CARTESIAN_POINT('',(154.,174.2,7.948912529307));
#4254 = VECTOR('',#4255,1.);
#4255 = DIRECTION('',(-1.,-0.,-0.));
#4256 = PCURVE('',#317,#4257);
#4257 = DEFINITIONAL_REPRESENTATION('',(#4258),#4261);
#4258 = B_SPLINE_CURVE_WITH_KNOTS('',1,(#4259,#4260),.UNSPECIFIED.,.F.,
  .F.,(2,2),(-4.0000006,-0.4),.PIECEWISE_BEZIER_KNOTS.);
#4259 = CARTESIAN_POINT('',(2.048912529307,4.0000006));
#4260 = CARTESIAN_POINT('',(2.048912529307,0.4));
#4261 = ( GEOMETRIC_REPRESENTATION_CONTEXT(2) 
PARAMETRIC_REPRESENTATION_CONTEXT() REPRESENTATION_CONTEXT('2D SPACE',''
  ) );
#4262 = PCURVE('',#1607,#4263);
#4263 = DEFINITIONAL_REPRESENTATION('',(#4264),#4267);
#4264 = B_SPLINE_CURVE_WITH_KNOTS('',1,(#4265,#4266),.UNSPECIFIED.,.F.,
  .F.,(2,2),(-4.0000006,-0.4),.PIECEWISE_BEZIER_KNOTS.);
#4265 = CARTESIAN_POINT('',(1.915497506593,-4.0000006));
#4266 = CARTESIAN_POINT('',(1.915497506593,-0.4));
#4267 = ( GEOMETRIC_REPRESENTATION_CONTEXT(2) 
PARAMETRIC_REPRESENTATION_CONTEXT() REPRESENTATION_CONTEXT('2D SPACE',''
  ) );
#4268 = ORIENTED_EDGE('',*,*,#1564,.T.);
#4269 = ORIENTED_EDGE('',*,*,#301,.F.);
#4270 = ORIENTED_EDGE('',*,*,#3817,.F.);
#4271 = ADVANCED_FACE('',(#4272,#4298),#261,.T.);
#4272 = FACE_BOUND('',#4273,.T.);
#4273 = EDGE_LOOP('',(#4274,#4295,#4296,#4297));
#4274 = ORIENTED_EDGE('',*,*,#4275,.F.);
#4275 = EDGE_CURVE('',#984,#218,#4276,.T.);
#4276 = SURFACE_CURVE('',#4277,(#4281,#4288),.PCURVE_S1.);
#4277 = LINE('',#4278,#4279);
#4278 = CARTESIAN_POINT('',(222.,206.,0.2));
#4279 = VECTOR('',#4280,1.);
#4280 = DIRECTION('',(0.,0.,1.));
#4281 = PCURVE('',#261,#4282);
#4282 = DEFINITIONAL_REPRESENTATION('',(#4283),#4287);
#4283 = LINE('',#4284,#4285);
#4284 = CARTESIAN_POINT('',(0.,6.));
#4285 = VECTOR('',#4286,1.);
#4286 = DIRECTION('',(1.,0.));
#4287 = ( GEOMETRIC_REPRESENTATION_CONTEXT(2) 
PARAMETRIC_REPRESENTATION_CONTEXT() REPRESENTATION_CONTEXT('2D SPACE',''
  ) );
#4288 = PCURVE('',#233,#4289);
#4289 = DEFINITIONAL_REPRESENTATION('',(#4290),#4294);
#4290 = LINE('',#4291,#4292);
#4291 = CARTESIAN_POINT('',(0.,-196.01));
#4292 = VECTOR('',#4293,1.);
#4293 = DIRECTION('',(1.,0.));
#4294 = ( GEOMETRIC_REPRESENTATION_CONTEXT(2) 
PARAMETRIC_REPRESENTATION_CONTEXT() REPRESENTATION_CONTEXT('2D SPACE',''
  ) );
#4295 = ORIENTED_EDGE('',*,*,#1006,.F.);
#4296 = ORIENTED_EDGE('',*,*,#1542,.T.);
#4297 = ORIENTED_EDGE('',*,*,#245,.F.);
#4298 = FACE_BOUND('',#4299,.T.);
#4299 = EDGE_LOOP('',(#4300,#4323,#4344,#4365));
#4300 = ORIENTED_EDGE('',*,*,#4301,.F.);
#4301 = EDGE_CURVE('',#4302,#4304,#4306,.T.);
#4302 = VERTEX_POINT('',#4303);
#4303 = CARTESIAN_POINT('',(188.5,206.,7.8));
#4304 = VERTEX_POINT('',#4305);
#4305 = CARTESIAN_POINT('',(173.,206.,23.3));
#4306 = SURFACE_CURVE('',#4307,(#4311,#4317),.PCURVE_S1.);
#4307 = LINE('',#4308,#4309);
#4308 = CARTESIAN_POINT('',(189.525,206.,6.775));
#4309 = VECTOR('',#4310,1.);
#4310 = DIRECTION('',(-0.707106781187,0.,0.707106781187));
#4311 = PCURVE('',#261,#4312);
#4312 = DEFINITIONAL_REPRESENTATION('',(#4313),#4316);
#4313 = B_SPLINE_CURVE_WITH_KNOTS('',1,(#4314,#4315),.UNSPECIFIED.,.F.,
  .F.,(2,2),(1.449568901432,23.369879118215),.PIECEWISE_BEZIER_KNOTS.);
#4314 = CARTESIAN_POINT('',(7.6,-27.5));
#4315 = CARTESIAN_POINT('',(23.1,-43.));
#4316 = ( GEOMETRIC_REPRESENTATION_CONTEXT(2) 
PARAMETRIC_REPRESENTATION_CONTEXT() REPRESENTATION_CONTEXT('2D SPACE',''
  ) );
#4317 = PCURVE('',#3660,#4318);
#4318 = DEFINITIONAL_REPRESENTATION('',(#4319),#4322);
#4319 = B_SPLINE_CURVE_WITH_KNOTS('',1,(#4320,#4321),.UNSPECIFIED.,.F.,
  .F.,(2,2),(1.449568901432,23.369879118215),.PIECEWISE_BEZIER_KNOTS.);
#4320 = CARTESIAN_POINT('',(21.920310216783,-5.));
#4321 = CARTESIAN_POINT('',(0.,-5.));
#4322 = ( GEOMETRIC_REPRESENTATION_CONTEXT(2) 
PARAMETRIC_REPRESENTATION_CONTEXT() REPRESENTATION_CONTEXT('2D SPACE',''
  ) );
#4323 = ORIENTED_EDGE('',*,*,#4324,.F.);
#4324 = EDGE_CURVE('',#4325,#4302,#4327,.T.);
#4325 = VERTEX_POINT('',#4326);
#4326 = CARTESIAN_POINT('',(204.,206.,23.3));
#4327 = SURFACE_CURVE('',#4328,(#4332,#4338),.PCURVE_S1.);
#4328 = LINE('',#4329,#4330);
#4329 = CARTESIAN_POINT('',(193.475,206.,12.775));
#4330 = VECTOR('',#4331,1.);
#4331 = DIRECTION('',(-0.707106781187,0.,-0.707106781187));
#4332 = PCURVE('',#261,#4333);
#4333 = DEFINITIONAL_REPRESENTATION('',(#4334),#4337);
#4334 = B_SPLINE_CURVE_WITH_KNOTS('',1,(#4335,#4336),.UNSPECIFIED.,.F.,
  .F.,(2,2),(-14.88459774397,7.035712472806),.PIECEWISE_BEZIER_KNOTS.);
#4335 = CARTESIAN_POINT('',(23.1,-12.));
#4336 = CARTESIAN_POINT('',(7.6,-27.5));
#4337 = ( GEOMETRIC_REPRESENTATION_CONTEXT(2) 
PARAMETRIC_REPRESENTATION_CONTEXT() REPRESENTATION_CONTEXT('2D SPACE',''
  ) );
#4338 = PCURVE('',#3686,#4339);
#4339 = DEFINITIONAL_REPRESENTATION('',(#4340),#4343);
#4340 = B_SPLINE_CURVE_WITH_KNOTS('',1,(#4341,#4342),.UNSPECIFIED.,.F.,
  .F.,(2,2),(-14.88459774397,7.035712472806),.PIECEWISE_BEZIER_KNOTS.);
#4341 = CARTESIAN_POINT('',(21.920310216783,-5.));
#4342 = CARTESIAN_POINT('',(0.,-5.));
#4343 = ( GEOMETRIC_REPRESENTATION_CONTEXT(2) 
PARAMETRIC_REPRESENTATION_CONTEXT() REPRESENTATION_CONTEXT('2D SPACE',''
  ) );
#4344 = ORIENTED_EDGE('',*,*,#4345,.F.);
#4345 = EDGE_CURVE('',#4346,#4325,#4348,.T.);
#4346 = VERTEX_POINT('',#4347);
#4347 = CARTESIAN_POINT('',(188.5,206.,38.8));
#4348 = SURFACE_CURVE('',#4349,(#4353,#4359),.PCURVE_S1.);
#4349 = LINE('',#4350,#4351);
#4350 = CARTESIAN_POINT('',(212.775,206.,14.525));
#4351 = VECTOR('',#4352,1.);
#4352 = DIRECTION('',(0.707106781187,0.,-0.707106781187));
#4353 = PCURVE('',#261,#4354);
#4354 = DEFINITIONAL_REPRESENTATION('',(#4355),#4358);
#4355 = B_SPLINE_CURVE_WITH_KNOTS('',1,(#4356,#4357),.UNSPECIFIED.,.F.,
  .F.,(2,2),(-34.3300342266,-12.40972400982),.PIECEWISE_BEZIER_KNOTS.);
#4356 = CARTESIAN_POINT('',(38.6,-27.5));
#4357 = CARTESIAN_POINT('',(23.1,-12.));
#4358 = ( GEOMETRIC_REPRESENTATION_CONTEXT(2) 
PARAMETRIC_REPRESENTATION_CONTEXT() REPRESENTATION_CONTEXT('2D SPACE',''
  ) );
#4359 = PCURVE('',#3712,#4360);
#4360 = DEFINITIONAL_REPRESENTATION('',(#4361),#4364);
#4361 = B_SPLINE_CURVE_WITH_KNOTS('',1,(#4362,#4363),.UNSPECIFIED.,.F.,
  .F.,(2,2),(-34.3300342266,-12.40972400982),.PIECEWISE_BEZIER_KNOTS.);
#4362 = CARTESIAN_POINT('',(21.920310216783,-5.));
#4363 = CARTESIAN_POINT('',(0.,-5.));
#4364 = ( GEOMETRIC_REPRESENTATION_CONTEXT(2) 
PARAMETRIC_REPRESENTATION_CONTEXT() REPRESENTATION_CONTEXT('2D SPACE',''
  ) );
#4365 = ORIENTED_EDGE('',*,*,#4366,.F.);
#4366 = EDGE_CURVE('',#4304,#4346,#4367,.T.);
#4367 = SURFACE_CURVE('',#4368,(#4372,#4378),.PCURVE_S1.);
#4368 = LINE('',#4369,#4370);
#4369 = CARTESIAN_POINT('',(185.725,206.,36.025));
#4370 = VECTOR('',#4371,1.);
#4371 = DIRECTION('',(0.707106781187,-0.,0.707106781187));
#4372 = PCURVE('',#261,#4373);
#4373 = DEFINITIONAL_REPRESENTATION('',(#4374),#4377);
#4374 = B_SPLINE_CURVE_WITH_KNOTS('',1,(#4375,#4376),.UNSPECIFIED.,.F.,
  .F.,(2,2),(-17.99586758119,3.924442635585),.PIECEWISE_BEZIER_KNOTS.);
#4375 = CARTESIAN_POINT('',(23.1,-43.));
#4376 = CARTESIAN_POINT('',(38.6,-27.5));
#4377 = ( GEOMETRIC_REPRESENTATION_CONTEXT(2) 
PARAMETRIC_REPRESENTATION_CONTEXT() REPRESENTATION_CONTEXT('2D SPACE',''
  ) );
#4378 = PCURVE('',#3736,#4379);
#4379 = DEFINITIONAL_REPRESENTATION('',(#4380),#4383);
#4380 = B_SPLINE_CURVE_WITH_KNOTS('',1,(#4381,#4382),.UNSPECIFIED.,.F.,
  .F.,(2,2),(-17.99586758119,3.924442635585),.PIECEWISE_BEZIER_KNOTS.);
#4381 = CARTESIAN_POINT('',(21.920310216783,-5.));
#4382 = CARTESIAN_POINT('',(0.,-5.));
#4383 = ( GEOMETRIC_REPRESENTATION_CONTEXT(2) 
PARAMETRIC_REPRESENTATION_CONTEXT() REPRESENTATION_CONTEXT('2D SPACE',''
  ) );
#4384 = ADVANCED_FACE('',(#4385,#4411,#4483,#4569,#4634,#4720,#4792,
    #4857,#4922,#5008,#5095,#5181),#233,.T.);
#4385 = FACE_BOUND('',#4386,.T.);
#4386 = EDGE_LOOP('',(#4387,#4388,#4409,#4410));
#4387 = ORIENTED_EDGE('',*,*,#217,.F.);
#4388 = ORIENTED_EDGE('',*,*,#4389,.F.);
#4389 = EDGE_CURVE('',#961,#190,#4390,.T.);
#4390 = SURFACE_CURVE('',#4391,(#4395,#4402),.PCURVE_S1.);
#4391 = LINE('',#4392,#4393);
#4392 = CARTESIAN_POINT('',(222.,10.,0.2));
#4393 = VECTOR('',#4394,1.);
#4394 = DIRECTION('',(0.,0.,1.));
#4395 = PCURVE('',#233,#4396);
#4396 = DEFINITIONAL_REPRESENTATION('',(#4397),#4401);
#4397 = LINE('',#4398,#4399);
#4398 = CARTESIAN_POINT('',(0.,-1.E-02));
#4399 = VECTOR('',#4400,1.);
#4400 = DIRECTION('',(1.,0.));
#4401 = ( GEOMETRIC_REPRESENTATION_CONTEXT(2) 
PARAMETRIC_REPRESENTATION_CONTEXT() REPRESENTATION_CONTEXT('2D SPACE',''
  ) );
#4402 = PCURVE('',#205,#4403);
#4403 = DEFINITIONAL_REPRESENTATION('',(#4404),#4408);
#4404 = LINE('',#4405,#4406);
#4405 = CARTESIAN_POINT('',(0.,64.));
#4406 = VECTOR('',#4407,1.);
#4407 = DIRECTION('',(1.,0.));
#4408 = ( GEOMETRIC_REPRESENTATION_CONTEXT(2) 
PARAMETRIC_REPRESENTATION_CONTEXT() REPRESENTATION_CONTEXT('2D SPACE',''
  ) );
#4409 = ORIENTED_EDGE('',*,*,#983,.T.);
#4410 = ORIENTED_EDGE('',*,*,#4275,.T.);
#4411 = FACE_BOUND('',#4412,.T.);
#4412 = EDGE_LOOP('',(#4413,#4436,#4464));
#4413 = ORIENTED_EDGE('',*,*,#4414,.T.);
#4414 = EDGE_CURVE('',#4415,#4417,#4419,.T.);
#4415 = VERTEX_POINT('',#4416);
#4416 = CARTESIAN_POINT('',(222.,192.5,15.581118318204));
#4417 = VERTEX_POINT('',#4418);
#4418 = CARTESIAN_POINT('',(222.,195.5405591591,12.540559159102));
#4419 = SURFACE_CURVE('',#4420,(#4424,#4430),.PCURVE_S1.);
#4420 = LINE('',#4421,#4422);
#4421 = CARTESIAN_POINT('',(222.,152.2380591591,55.843059159102));
#4422 = VECTOR('',#4423,1.);
#4423 = DIRECTION('',(0.,0.707106781187,-0.707106781187));
#4424 = PCURVE('',#233,#4425);
#4425 = DEFINITIONAL_REPRESENTATION('',(#4426),#4429);
#4426 = B_SPLINE_CURVE_WITH_KNOTS('',1,(#4427,#4428),.UNSPECIFIED.,.F.,
  .F.,(2,2),(56.938982784661,61.238982784661),.PIECEWISE_BEZIER_KNOTS.);
#4427 = CARTESIAN_POINT('',(15.381118318204,-182.51));
#4428 = CARTESIAN_POINT('',(12.340559159102,-185.5505591591));
#4429 = ( GEOMETRIC_REPRESENTATION_CONTEXT(2) 
PARAMETRIC_REPRESENTATION_CONTEXT() REPRESENTATION_CONTEXT('2D SPACE',''
  ) );
#4430 = PCURVE('',#2713,#4431);
#4431 = DEFINITIONAL_REPRESENTATION('',(#4432),#4435);
#4432 = B_SPLINE_CURVE_WITH_KNOTS('',1,(#4433,#4434),.UNSPECIFIED.,.F.,
  .F.,(2,2),(56.938982784661,61.238982784661),.PIECEWISE_BEZIER_KNOTS.);
#4433 = CARTESIAN_POINT('',(4.3,-7.));
#4434 = CARTESIAN_POINT('',(0.,-7.));
#4435 = ( GEOMETRIC_REPRESENTATION_CONTEXT(2) 
PARAMETRIC_REPRESENTATION_CONTEXT() REPRESENTATION_CONTEXT('2D SPACE',''
  ) );
#4436 = ORIENTED_EDGE('',*,*,#4437,.T.);
#4437 = EDGE_CURVE('',#4417,#4438,#4440,.T.);
#4438 = VERTEX_POINT('',#4439);
#4439 = CARTESIAN_POINT('',(222.,189.45944084089,12.540559159102));
#4440 = SURFACE_CURVE('',#4441,(#4446,#4457),.PCURVE_S1.);
#4441 = CIRCLE('',#4442,4.3);
#4442 = AXIS2_PLACEMENT_3D('',#4443,#4444,#4445);
#4443 = CARTESIAN_POINT('',(222.,192.5,9.5));
#4444 = DIRECTION('',(-1.,-0.,0.));
#4445 = DIRECTION('',(0.,-6.609699867536E-15,-1.));
#4446 = PCURVE('',#233,#4447);
#4447 = DEFINITIONAL_REPRESENTATION('',(#4448),#4456);
#4448 = ( BOUNDED_CURVE() B_SPLINE_CURVE(2,(#4449,#4450,#4451,#4452,
#4453,#4454,#4455),.UNSPECIFIED.,.T.,.F.) B_SPLINE_CURVE_WITH_KNOTS((1,2
    ,2,2,2,1),(-2.094395102393,0.,2.094395102393,4.188790204786,
6.28318530718,8.377580409573),.UNSPECIFIED.) CURVE() 
GEOMETRIC_REPRESENTATION_ITEM() RATIONAL_B_SPLINE_CURVE((1.,0.5,1.,0.5,
1.,0.5,1.)) REPRESENTATION_ITEM('') );
#4449 = CARTESIAN_POINT('',(5.,-182.51));
#4450 = CARTESIAN_POINT('',(5.,-175.0621815274));
#4451 = CARTESIAN_POINT('',(11.45,-178.7860907637));
#4452 = CARTESIAN_POINT('',(17.9,-182.51));
#4453 = CARTESIAN_POINT('',(11.45,-186.2339092362));
#4454 = CARTESIAN_POINT('',(5.,-189.9578184725));
#4455 = CARTESIAN_POINT('',(5.,-182.51));
#4456 = ( GEOMETRIC_REPRESENTATION_CONTEXT(2) 
PARAMETRIC_REPRESENTATION_CONTEXT() REPRESENTATION_CONTEXT('2D SPACE',''
  ) );
#4457 = PCURVE('',#2745,#4458);
#4458 = DEFINITIONAL_REPRESENTATION('',(#4459),#4463);
#4459 = LINE('',#4460,#4461);
#4460 = CARTESIAN_POINT('',(-6.28318530718,-7.));
#4461 = VECTOR('',#4462,1.);
#4462 = DIRECTION('',(1.,-0.));
#4463 = ( GEOMETRIC_REPRESENTATION_CONTEXT(2) 
PARAMETRIC_REPRESENTATION_CONTEXT() REPRESENTATION_CONTEXT('2D SPACE',''
  ) );
#4464 = ORIENTED_EDGE('',*,*,#4465,.T.);
#4465 = EDGE_CURVE('',#4438,#4415,#4466,.T.);
#4466 = SURFACE_CURVE('',#4467,(#4471,#4477),.PCURVE_S1.);
#4467 = LINE('',#4468,#4469);
#4468 = CARTESIAN_POINT('',(222.,143.02722042044,-33.89166126134));
#4469 = VECTOR('',#4470,1.);
#4470 = DIRECTION('',(-0.,0.707106781187,0.707106781187));
#4471 = PCURVE('',#233,#4472);
#4472 = DEFINITIONAL_REPRESENTATION('',(#4473),#4476);
#4473 = B_SPLINE_CURVE_WITH_KNOTS('',1,(#4474,#4475),.UNSPECIFIED.,.F.,
  .F.,(2,2),(65.665075849696,69.965075849696),.PIECEWISE_BEZIER_KNOTS.);
#4474 = CARTESIAN_POINT('',(12.340559159102,-179.4694408408));
#4475 = CARTESIAN_POINT('',(15.381118318204,-182.51));
#4476 = ( GEOMETRIC_REPRESENTATION_CONTEXT(2) 
PARAMETRIC_REPRESENTATION_CONTEXT() REPRESENTATION_CONTEXT('2D SPACE',''
  ) );
#4477 = PCURVE('',#2770,#4478);
#4478 = DEFINITIONAL_REPRESENTATION('',(#4479),#4482);
#4479 = B_SPLINE_CURVE_WITH_KNOTS('',1,(#4480,#4481),.UNSPECIFIED.,.F.,
  .F.,(2,2),(65.665075849696,69.965075849696),.PIECEWISE_BEZIER_KNOTS.);
#4480 = CARTESIAN_POINT('',(4.3,-7.));
#4481 = CARTESIAN_POINT('',(0.,-7.));
#4482 = ( GEOMETRIC_REPRESENTATION_CONTEXT(2) 
PARAMETRIC_REPRESENTATION_CONTEXT() REPRESENTATION_CONTEXT('2D SPACE',''
  ) );
#4483 = FACE_BOUND('',#4484,.T.);
#4484 = EDGE_LOOP('',(#4485,#4508,#4529,#4550));
#4485 = ORIENTED_EDGE('',*,*,#4486,.T.);
#4486 = EDGE_CURVE('',#4487,#4489,#4491,.T.);
#4487 = VERTEX_POINT('',#4488);
#4488 = CARTESIAN_POINT('',(222.,170.46396103067,20.8));
#4489 = VERTEX_POINT('',#4490);
#4490 = CARTESIAN_POINT('',(222.,155.46396103067,5.8));
#4491 = SURFACE_CURVE('',#4492,(#4496,#4502),.PCURVE_S1.);
#4492 = LINE('',#4493,#4494);
#4493 = CARTESIAN_POINT('',(222.,117.695470773,-31.96849025767));
#4494 = VECTOR('',#4495,1.);
#4495 = DIRECTION('',(0.,-0.707106781187,-0.707106781187));
#4496 = PCURVE('',#233,#4497);
#4497 = DEFINITIONAL_REPRESENTATION('',(#4498),#4501);
#4498 = B_SPLINE_CURVE_WITH_KNOTS('',1,(#4499,#4500),.UNSPECIFIED.,.F.,
  .F.,(2,2),(-74.62591458834,-53.41271115275),.PIECEWISE_BEZIER_KNOTS.);
#4499 = CARTESIAN_POINT('',(20.6,-160.4739610306));
#4500 = CARTESIAN_POINT('',(5.6,-145.4739610306));
#4501 = ( GEOMETRIC_REPRESENTATION_CONTEXT(2) 
PARAMETRIC_REPRESENTATION_CONTEXT() REPRESENTATION_CONTEXT('2D SPACE',''
  ) );
#4502 = PCURVE('',#2880,#4503);
#4503 = DEFINITIONAL_REPRESENTATION('',(#4504),#4507);
#4504 = B_SPLINE_CURVE_WITH_KNOTS('',1,(#4505,#4506),.UNSPECIFIED.,.F.,
  .F.,(2,2),(-74.62591458834,-53.41271115275),.PIECEWISE_BEZIER_KNOTS.);
#4505 = CARTESIAN_POINT('',(21.213203435596,-7.));
#4506 = CARTESIAN_POINT('',(0.,-7.));
#4507 = ( GEOMETRIC_REPRESENTATION_CONTEXT(2) 
PARAMETRIC_REPRESENTATION_CONTEXT() REPRESENTATION_CONTEXT('2D SPACE',''
  ) );
#4508 = ORIENTED_EDGE('',*,*,#4509,.T.);
#4509 = EDGE_CURVE('',#4489,#4510,#4512,.T.);
#4510 = VERTEX_POINT('',#4511);
#4511 = CARTESIAN_POINT('',(222.,140.46396103067,20.8));
#4512 = SURFACE_CURVE('',#4513,(#4517,#4523),.PCURVE_S1.);
#4513 = LINE('',#4514,#4515);
#4514 = CARTESIAN_POINT('',(222.,112.995470773,48.26849025767));
#4515 = VECTOR('',#4516,1.);
#4516 = DIRECTION('',(0.,-0.707106781187,0.707106781187));
#4517 = PCURVE('',#233,#4518);
#4518 = DEFINITIONAL_REPRESENTATION('',(#4519),#4522);
#4519 = B_SPLINE_CURVE_WITH_KNOTS('',1,(#4520,#4521),.UNSPECIFIED.,.F.,
  .F.,(2,2),(-60.0595148959,-38.84631146031),.PIECEWISE_BEZIER_KNOTS.);
#4520 = CARTESIAN_POINT('',(5.6,-145.4739610306));
#4521 = CARTESIAN_POINT('',(20.6,-130.4739610306));
#4522 = ( GEOMETRIC_REPRESENTATION_CONTEXT(2) 
PARAMETRIC_REPRESENTATION_CONTEXT() REPRESENTATION_CONTEXT('2D SPACE',''
  ) );
#4523 = PCURVE('',#2906,#4524);
#4524 = DEFINITIONAL_REPRESENTATION('',(#4525),#4528);
#4525 = B_SPLINE_CURVE_WITH_KNOTS('',1,(#4526,#4527),.UNSPECIFIED.,.F.,
  .F.,(2,2),(-60.0595148959,-38.84631146031),.PIECEWISE_BEZIER_KNOTS.);
#4526 = CARTESIAN_POINT('',(21.213203435596,-7.));
#4527 = CARTESIAN_POINT('',(0.,-7.));
#4528 = ( GEOMETRIC_REPRESENTATION_CONTEXT(2) 
PARAMETRIC_REPRESENTATION_CONTEXT() REPRESENTATION_CONTEXT('2D SPACE',''
  ) );
#4529 = ORIENTED_EDGE('',*,*,#4530,.T.);
#4530 = EDGE_CURVE('',#4510,#4531,#4533,.T.);
#4531 = VERTEX_POINT('',#4532);
#4532 = CARTESIAN_POINT('',(222.,155.46396103067,35.8));
#4533 = SURFACE_CURVE('',#4534,(#4538,#4544),.PCURVE_S1.);
#4534 = LINE('',#4535,#4536);
#4535 = CARTESIAN_POINT('',(222.,110.195470773,-9.46849025767));
#4536 = VECTOR('',#4537,1.);
#4537 = DIRECTION('',(-0.,0.707106781187,0.707106781187));
#4538 = PCURVE('',#233,#4539);
#4539 = DEFINITIONAL_REPRESENTATION('',(#4540),#4543);
#4540 = B_SPLINE_CURVE_WITH_KNOTS('',1,(#4541,#4542),.UNSPECIFIED.,.F.,
  .F.,(2,2),(42.806109434954,64.019312870551),.PIECEWISE_BEZIER_KNOTS.);
#4541 = CARTESIAN_POINT('',(20.6,-130.4739610306));
#4542 = CARTESIAN_POINT('',(35.6,-145.4739610306));
#4543 = ( GEOMETRIC_REPRESENTATION_CONTEXT(2) 
PARAMETRIC_REPRESENTATION_CONTEXT() REPRESENTATION_CONTEXT('2D SPACE',''
  ) );
#4544 = PCURVE('',#2932,#4545);
#4545 = DEFINITIONAL_REPRESENTATION('',(#4546),#4549);
#4546 = B_SPLINE_CURVE_WITH_KNOTS('',1,(#4547,#4548),.UNSPECIFIED.,.F.,
  .F.,(2,2),(42.806109434954,64.019312870551),.PIECEWISE_BEZIER_KNOTS.);
#4547 = CARTESIAN_POINT('',(21.213203435596,-7.));
#4548 = CARTESIAN_POINT('',(0.,-7.));
#4549 = ( GEOMETRIC_REPRESENTATION_CONTEXT(2) 
PARAMETRIC_REPRESENTATION_CONTEXT() REPRESENTATION_CONTEXT('2D SPACE',''
  ) );
#4550 = ORIENTED_EDGE('',*,*,#4551,.T.);
#4551 = EDGE_CURVE('',#4531,#4487,#4552,.T.);
#4552 = SURFACE_CURVE('',#4553,(#4557,#4563),.PCURVE_S1.);
#4553 = LINE('',#4554,#4555);
#4554 = CARTESIAN_POINT('',(222.,135.495470773,55.76849025767));
#4555 = VECTOR('',#4556,1.);
#4556 = DIRECTION('',(0.,0.707106781187,-0.707106781187));
#4557 = PCURVE('',#233,#4558);
#4558 = DEFINITIONAL_REPRESENTATION('',(#4559),#4562);
#4559 = B_SPLINE_CURVE_WITH_KNOTS('',1,(#4560,#4561),.UNSPECIFIED.,.F.,
  .F.,(2,2),(28.239709742512,49.452913178108),.PIECEWISE_BEZIER_KNOTS.);
#4560 = CARTESIAN_POINT('',(35.6,-145.4739610306));
#4561 = CARTESIAN_POINT('',(20.6,-160.4739610306));
#4562 = ( GEOMETRIC_REPRESENTATION_CONTEXT(2) 
PARAMETRIC_REPRESENTATION_CONTEXT() REPRESENTATION_CONTEXT('2D SPACE',''
  ) );
#4563 = PCURVE('',#2956,#4564);
#4564 = DEFINITIONAL_REPRESENTATION('',(#4565),#4568);
#4565 = B_SPLINE_CURVE_WITH_KNOTS('',1,(#4566,#4567),.UNSPECIFIED.,.F.,
  .F.,(2,2),(28.239709742512,49.452913178108),.PIECEWISE_BEZIER_KNOTS.);
#4566 = CARTESIAN_POINT('',(21.213203435596,-7.));
#4567 = CARTESIAN_POINT('',(0.,-7.));
#4568 = ( GEOMETRIC_REPRESENTATION_CONTEXT(2) 
PARAMETRIC_REPRESENTATION_CONTEXT() REPRESENTATION_CONTEXT('2D SPACE',''
  ) );
#4569 = FACE_BOUND('',#4570,.T.);
#4570 = EDGE_LOOP('',(#4571,#4594,#4615));
#4571 = ORIENTED_EDGE('',*,*,#4572,.T.);
#4572 = EDGE_CURVE('',#4573,#4575,#4577,.T.);
#4573 = VERTEX_POINT('',#4574);
#4574 = CARTESIAN_POINT('',(222.,138.34264068711,18.67867965644));
#4575 = VERTEX_POINT('',#4576);
#4576 = CARTESIAN_POINT('',(222.,151.82132034356,5.2));
#4577 = SURFACE_CURVE('',#4578,(#4582,#4588),.PCURVE_S1.);
#4578 = LINE('',#4579,#4580);
#4579 = CARTESIAN_POINT('',(222.,117.61349025767,39.40783008589));
#4580 = VECTOR('',#4581,1.);
#4581 = DIRECTION('',(0.,0.707106781187,-0.707106781187));
#4582 = PCURVE('',#233,#4583);
#4583 = DEFINITIONAL_REPRESENTATION('',(#4584),#4587);
#4584 = B_SPLINE_CURVE_WITH_KNOTS('',1,(#4585,#4586),.UNSPECIFIED.,.F.,
  .F.,(2,2),(29.3154456738,48.37717724682),.PIECEWISE_BEZIER_KNOTS.);
#4585 = CARTESIAN_POINT('',(18.47867965644,-128.3526406871));
#4586 = CARTESIAN_POINT('',(5.,-141.8313203435));
#4587 = ( GEOMETRIC_REPRESENTATION_CONTEXT(2) 
PARAMETRIC_REPRESENTATION_CONTEXT() REPRESENTATION_CONTEXT('2D SPACE',''
  ) );
#4588 = PCURVE('',#2800,#4589);
#4589 = DEFINITIONAL_REPRESENTATION('',(#4590),#4593);
#4590 = B_SPLINE_CURVE_WITH_KNOTS('',1,(#4591,#4592),.UNSPECIFIED.,.F.,
  .F.,(2,2),(29.3154456738,48.37717724682),.PIECEWISE_BEZIER_KNOTS.);
#4591 = CARTESIAN_POINT('',(19.06173157302,-7.));
#4592 = CARTESIAN_POINT('',(0.,-7.));
#4593 = ( GEOMETRIC_REPRESENTATION_CONTEXT(2) 
PARAMETRIC_REPRESENTATION_CONTEXT() REPRESENTATION_CONTEXT('2D SPACE',''
  ) );
#4594 = ORIENTED_EDGE('',*,*,#4595,.T.);
#4595 = EDGE_CURVE('',#4575,#4596,#4598,.T.);
#4596 = VERTEX_POINT('',#4597);
#4597 = CARTESIAN_POINT('',(222.,124.86396103067,5.2));
#4598 = SURFACE_CURVE('',#4599,(#4603,#4609),.PCURVE_S1.);
#4599 = LINE('',#4600,#4601);
#4600 = CARTESIAN_POINT('',(222.,67.426980515339,5.2));
#4601 = VECTOR('',#4602,1.);
#4602 = DIRECTION('',(0.,-1.,0.));
#4603 = PCURVE('',#233,#4604);
#4604 = DEFINITIONAL_REPRESENTATION('',(#4605),#4608);
#4605 = B_SPLINE_CURVE_WITH_KNOTS('',1,(#4606,#4607),.UNSPECIFIED.,.F.,
  .F.,(2,2),(-84.39433982822,-57.43698051533),.PIECEWISE_BEZIER_KNOTS.);
#4606 = CARTESIAN_POINT('',(5.,-141.8313203435));
#4607 = CARTESIAN_POINT('',(5.,-114.8739610306));
#4608 = ( GEOMETRIC_REPRESENTATION_CONTEXT(2) 
PARAMETRIC_REPRESENTATION_CONTEXT() REPRESENTATION_CONTEXT('2D SPACE',''
  ) );
#4609 = PCURVE('',#2826,#4610);
#4610 = DEFINITIONAL_REPRESENTATION('',(#4611),#4614);
#4611 = B_SPLINE_CURVE_WITH_KNOTS('',1,(#4612,#4613),.UNSPECIFIED.,.F.,
  .F.,(2,2),(-84.39433982822,-57.43698051533),.PIECEWISE_BEZIER_KNOTS.);
#4612 = CARTESIAN_POINT('',(26.957359312881,-7.));
#4613 = CARTESIAN_POINT('',(0.,-7.));
#4614 = ( GEOMETRIC_REPRESENTATION_CONTEXT(2) 
PARAMETRIC_REPRESENTATION_CONTEXT() REPRESENTATION_CONTEXT('2D SPACE',''
  ) );
#4615 = ORIENTED_EDGE('',*,*,#4616,.T.);
#4616 = EDGE_CURVE('',#4596,#4573,#4617,.T.);
#4617 = SURFACE_CURVE('',#4618,(#4622,#4628),.PCURVE_S1.);
#4618 = LINE('',#4619,#4620);
#4619 = CARTESIAN_POINT('',(222.,101.63481060122,-18.02915042945));
#4620 = VECTOR('',#4621,1.);
#4621 = DIRECTION('',(-0.,0.707106781187,0.707106781187));
#4622 = PCURVE('',#233,#4623);
#4623 = DEFINITIONAL_REPRESENTATION('',(#4624),#4627);
#4624 = B_SPLINE_CURVE_WITH_KNOTS('',1,(#4625,#4626),.UNSPECIFIED.,.F.,
  .F.,(2,2),(32.850979579732,51.912711152753),.PIECEWISE_BEZIER_KNOTS.);
#4625 = CARTESIAN_POINT('',(5.,-114.8739610306));
#4626 = CARTESIAN_POINT('',(18.47867965644,-128.3526406871));
#4627 = ( GEOMETRIC_REPRESENTATION_CONTEXT(2) 
PARAMETRIC_REPRESENTATION_CONTEXT() REPRESENTATION_CONTEXT('2D SPACE',''
  ) );
#4628 = PCURVE('',#2850,#4629);
#4629 = DEFINITIONAL_REPRESENTATION('',(#4630),#4633);
#4630 = B_SPLINE_CURVE_WITH_KNOTS('',1,(#4631,#4632),.UNSPECIFIED.,.F.,
  .F.,(2,2),(32.850979579732,51.912711152753),.PIECEWISE_BEZIER_KNOTS.);
#4631 = CARTESIAN_POINT('',(19.06173157302,-7.));
#4632 = CARTESIAN_POINT('',(0.,-7.));
#4633 = ( GEOMETRIC_REPRESENTATION_CONTEXT(2) 
PARAMETRIC_REPRESENTATION_CONTEXT() REPRESENTATION_CONTEXT('2D SPACE',''
  ) );
#4634 = FACE_BOUND('',#4635,.T.);
#4635 = EDGE_LOOP('',(#4636,#4659,#4680,#4701));
#4636 = ORIENTED_EDGE('',*,*,#4637,.T.);
#4637 = EDGE_CURVE('',#4638,#4640,#4642,.T.);
#4638 = VERTEX_POINT('',#4639);
#4639 = CARTESIAN_POINT('',(222.,136.22132034356,20.8));
#4640 = VERTEX_POINT('',#4641);
#4641 = CARTESIAN_POINT('',(222.,121.22132034356,5.8));
#4642 = SURFACE_CURVE('',#4643,(#4647,#4653),.PCURVE_S1.);
#4643 = LINE('',#4644,#4645);
#4644 = CARTESIAN_POINT('',(222.,92.01349025767,-23.40783008589));
#4645 = VECTOR('',#4646,1.);
#4646 = DIRECTION('',(0.,-0.707106781187,-0.707106781187));
#4647 = PCURVE('',#233,#4648);
#4648 = DEFINITIONAL_REPRESENTATION('',(#4649),#4652);
#4649 = B_SPLINE_CURVE_WITH_KNOTS('',1,(#4650,#4651),.UNSPECIFIED.,.F.,
  .F.,(2,2),(-62.51931287055,-41.30610943495),.PIECEWISE_BEZIER_KNOTS.);
#4650 = CARTESIAN_POINT('',(20.6,-126.2313203435));
#4651 = CARTESIAN_POINT('',(5.6,-111.2313203435));
#4652 = ( GEOMETRIC_REPRESENTATION_CONTEXT(2) 
PARAMETRIC_REPRESENTATION_CONTEXT() REPRESENTATION_CONTEXT('2D SPACE',''
  ) );
#4653 = PCURVE('',#2986,#4654);
#4654 = DEFINITIONAL_REPRESENTATION('',(#4655),#4658);
#4655 = B_SPLINE_CURVE_WITH_KNOTS('',1,(#4656,#4657),.UNSPECIFIED.,.F.,
  .F.,(2,2),(-62.51931287055,-41.30610943495),.PIECEWISE_BEZIER_KNOTS.);
#4656 = CARTESIAN_POINT('',(21.213203435596,-7.));
#4657 = CARTESIAN_POINT('',(0.,-7.));
#4658 = ( GEOMETRIC_REPRESENTATION_CONTEXT(2) 
PARAMETRIC_REPRESENTATION_CONTEXT() REPRESENTATION_CONTEXT('2D SPACE',''
  ) );
#4659 = ORIENTED_EDGE('',*,*,#4660,.T.);
#4660 = EDGE_CURVE('',#4640,#4661,#4663,.T.);
#4661 = VERTEX_POINT('',#4662);
#4662 = CARTESIAN_POINT('',(222.,106.22132034356,20.8));
#4663 = SURFACE_CURVE('',#4664,(#4668,#4674),.PCURVE_S1.);
#4664 = LINE('',#4665,#4666);
#4665 = CARTESIAN_POINT('',(222.,87.31349025767,39.70783008589));
#4666 = VECTOR('',#4667,1.);
#4667 = DIRECTION('',(0.,-0.707106781187,0.707106781187));
#4668 = PCURVE('',#233,#4669);
#4669 = DEFINITIONAL_REPRESENTATION('',(#4670),#4673);
#4670 = B_SPLINE_CURVE_WITH_KNOTS('',1,(#4671,#4672),.UNSPECIFIED.,.F.,
  .F.,(2,2),(-47.9529131781,-26.73970974251),.PIECEWISE_BEZIER_KNOTS.);
#4671 = CARTESIAN_POINT('',(5.6,-111.2313203435));
#4672 = CARTESIAN_POINT('',(20.6,-96.23132034356));
#4673 = ( GEOMETRIC_REPRESENTATION_CONTEXT(2) 
PARAMETRIC_REPRESENTATION_CONTEXT() REPRESENTATION_CONTEXT('2D SPACE',''
  ) );
#4674 = PCURVE('',#3012,#4675);
#4675 = DEFINITIONAL_REPRESENTATION('',(#4676),#4679);
#4676 = B_SPLINE_CURVE_WITH_KNOTS('',1,(#4677,#4678),.UNSPECIFIED.,.F.,
  .F.,(2,2),(-47.9529131781,-26.73970974251),.PIECEWISE_BEZIER_KNOTS.);
#4677 = CARTESIAN_POINT('',(21.213203435596,-7.));
#4678 = CARTESIAN_POINT('',(0.,-7.));
#4679 = ( GEOMETRIC_REPRESENTATION_CONTEXT(2) 
PARAMETRIC_REPRESENTATION_CONTEXT() REPRESENTATION_CONTEXT('2D SPACE',''
  ) );
#4680 = ORIENTED_EDGE('',*,*,#4681,.T.);
#4681 = EDGE_CURVE('',#4661,#4682,#4684,.T.);
#4682 = VERTEX_POINT('',#4683);
#4683 = CARTESIAN_POINT('',(222.,121.22132034356,35.8));
#4684 = SURFACE_CURVE('',#4685,(#4689,#4695),.PCURVE_S1.);
#4685 = LINE('',#4686,#4687);
#4686 = CARTESIAN_POINT('',(222.,84.51349025767,-0.90783008589));
#4687 = VECTOR('',#4688,1.);
#4688 = DIRECTION('',(-0.,0.707106781187,0.707106781187));
#4689 = PCURVE('',#233,#4690);
#4690 = DEFINITIONAL_REPRESENTATION('',(#4691),#4694);
#4691 = B_SPLINE_CURVE_WITH_KNOTS('',1,(#4692,#4693),.UNSPECIFIED.,.F.,
  .F.,(2,2),(30.699507717156,51.912711152753),.PIECEWISE_BEZIER_KNOTS.);
#4692 = CARTESIAN_POINT('',(20.6,-96.23132034356));
#4693 = CARTESIAN_POINT('',(35.6,-111.2313203435));
#4694 = ( GEOMETRIC_REPRESENTATION_CONTEXT(2) 
PARAMETRIC_REPRESENTATION_CONTEXT() REPRESENTATION_CONTEXT('2D SPACE',''
  ) );
#4695 = PCURVE('',#3038,#4696);
#4696 = DEFINITIONAL_REPRESENTATION('',(#4697),#4700);
#4697 = B_SPLINE_CURVE_WITH_KNOTS('',1,(#4698,#4699),.UNSPECIFIED.,.F.,
  .F.,(2,2),(30.699507717156,51.912711152753),.PIECEWISE_BEZIER_KNOTS.);
#4698 = CARTESIAN_POINT('',(21.213203435596,-7.));
#4699 = CARTESIAN_POINT('',(0.,-7.));
#4700 = ( GEOMETRIC_REPRESENTATION_CONTEXT(2) 
PARAMETRIC_REPRESENTATION_CONTEXT() REPRESENTATION_CONTEXT('2D SPACE',''
  ) );
#4701 = ORIENTED_EDGE('',*,*,#4702,.T.);
#4702 = EDGE_CURVE('',#4682,#4638,#4703,.T.);
#4703 = SURFACE_CURVE('',#4704,(#4708,#4714),.PCURVE_S1.);
#4704 = LINE('',#4705,#4706);
#4705 = CARTESIAN_POINT('',(222.,109.81349025767,47.20783008589));
#4706 = VECTOR('',#4707,1.);
#4707 = DIRECTION('',(0.,0.707106781187,-0.707106781187));
#4708 = PCURVE('',#233,#4709);
#4709 = DEFINITIONAL_REPRESENTATION('',(#4710),#4713);
#4710 = B_SPLINE_CURVE_WITH_KNOTS('',1,(#4711,#4712),.UNSPECIFIED.,.F.,
  .F.,(2,2),(16.133108024713,37.34631146031),.PIECEWISE_BEZIER_KNOTS.);
#4711 = CARTESIAN_POINT('',(35.6,-111.2313203435));
#4712 = CARTESIAN_POINT('',(20.6,-126.2313203435));
#4713 = ( GEOMETRIC_REPRESENTATION_CONTEXT(2) 
PARAMETRIC_REPRESENTATION_CONTEXT() REPRESENTATION_CONTEXT('2D SPACE',''
  ) );
#4714 = PCURVE('',#3062,#4715);
#4715 = DEFINITIONAL_REPRESENTATION('',(#4716),#4719);
#4716 = B_SPLINE_CURVE_WITH_KNOTS('',1,(#4717,#4718),.UNSPECIFIED.,.F.,
  .F.,(2,2),(16.133108024713,37.34631146031),.PIECEWISE_BEZIER_KNOTS.);
#4717 = CARTESIAN_POINT('',(21.213203435596,-7.));
#4718 = CARTESIAN_POINT('',(0.,-7.));
#4719 = ( GEOMETRIC_REPRESENTATION_CONTEXT(2) 
PARAMETRIC_REPRESENTATION_CONTEXT() REPRESENTATION_CONTEXT('2D SPACE',''
  ) );
#4720 = FACE_BOUND('',#4721,.T.);
#4721 = EDGE_LOOP('',(#4722,#4745,#4773));
#4722 = ORIENTED_EDGE('',*,*,#4723,.T.);
#4723 = EDGE_CURVE('',#4724,#4726,#4728,.T.);
#4724 = VERTEX_POINT('',#4725);
#4725 = CARTESIAN_POINT('',(222.,192.5,40.581118318204));
#4726 = VERTEX_POINT('',#4727);
#4727 = CARTESIAN_POINT('',(222.,195.5405591591,37.540559159102));
#4728 = SURFACE_CURVE('',#4729,(#4733,#4739),.PCURVE_S1.);
#4729 = LINE('',#4730,#4731);
#4730 = CARTESIAN_POINT('',(222.,158.4880591591,74.593059159102));
#4731 = VECTOR('',#4732,1.);
#4732 = DIRECTION('',(0.,0.707106781187,-0.707106781187));
#4733 = PCURVE('',#233,#4734);
#4734 = DEFINITIONAL_REPRESENTATION('',(#4735),#4738);
#4735 = B_SPLINE_CURVE_WITH_KNOTS('',1,(#4736,#4737),.UNSPECIFIED.,.F.,
  .F.,(2,2),(48.100148019829,52.400148019829),.PIECEWISE_BEZIER_KNOTS.);
#4736 = CARTESIAN_POINT('',(40.381118318204,-182.51));
#4737 = CARTESIAN_POINT('',(37.340559159102,-185.5505591591));
#4738 = ( GEOMETRIC_REPRESENTATION_CONTEXT(2) 
PARAMETRIC_REPRESENTATION_CONTEXT() REPRESENTATION_CONTEXT('2D SPACE',''
  ) );
#4739 = PCURVE('',#3092,#4740);
#4740 = DEFINITIONAL_REPRESENTATION('',(#4741),#4744);
#4741 = B_SPLINE_CURVE_WITH_KNOTS('',1,(#4742,#4743),.UNSPECIFIED.,.F.,
  .F.,(2,2),(48.100148019829,52.400148019829),.PIECEWISE_BEZIER_KNOTS.);
#4742 = CARTESIAN_POINT('',(4.3,-7.));
#4743 = CARTESIAN_POINT('',(0.,-7.));
#4744 = ( GEOMETRIC_REPRESENTATION_CONTEXT(2) 
PARAMETRIC_REPRESENTATION_CONTEXT() REPRESENTATION_CONTEXT('2D SPACE',''
  ) );
#4745 = ORIENTED_EDGE('',*,*,#4746,.T.);
#4746 = EDGE_CURVE('',#4726,#4747,#4749,.T.);
#4747 = VERTEX_POINT('',#4748);
#4748 = CARTESIAN_POINT('',(222.,189.45944084089,37.540559159102));
#4749 = SURFACE_CURVE('',#4750,(#4755,#4766),.PCURVE_S1.);
#4750 = CIRCLE('',#4751,4.3);
#4751 = AXIS2_PLACEMENT_3D('',#4752,#4753,#4754);
#4752 = CARTESIAN_POINT('',(222.,192.5,34.5));
#4753 = DIRECTION('',(-1.,-0.,0.));
#4754 = DIRECTION('',(0.,-6.609699867536E-15,-1.));
#4755 = PCURVE('',#233,#4756);
#4756 = DEFINITIONAL_REPRESENTATION('',(#4757),#4765);
#4757 = ( BOUNDED_CURVE() B_SPLINE_CURVE(2,(#4758,#4759,#4760,#4761,
#4762,#4763,#4764),.UNSPECIFIED.,.T.,.F.) B_SPLINE_CURVE_WITH_KNOTS((1,2
    ,2,2,2,1),(-2.094395102393,0.,2.094395102393,4.188790204786,
6.28318530718,8.377580409573),.UNSPECIFIED.) CURVE() 
GEOMETRIC_REPRESENTATION_ITEM() RATIONAL_B_SPLINE_CURVE((1.,0.5,1.,0.5,
1.,0.5,1.)) REPRESENTATION_ITEM('') );
#4758 = CARTESIAN_POINT('',(30.,-182.51));
#4759 = CARTESIAN_POINT('',(30.,-175.0621815274));
#4760 = CARTESIAN_POINT('',(36.45,-178.7860907637));
#4761 = CARTESIAN_POINT('',(42.9,-182.51));
#4762 = CARTESIAN_POINT('',(36.45,-186.2339092362));
#4763 = CARTESIAN_POINT('',(30.,-189.9578184725));
#4764 = CARTESIAN_POINT('',(30.,-182.51));
#4765 = ( GEOMETRIC_REPRESENTATION_CONTEXT(2) 
PARAMETRIC_REPRESENTATION_CONTEXT() REPRESENTATION_CONTEXT('2D SPACE',''
  ) );
#4766 = PCURVE('',#3124,#4767);
#4767 = DEFINITIONAL_REPRESENTATION('',(#4768),#4772);
#4768 = LINE('',#4769,#4770);
#4769 = CARTESIAN_POINT('',(-6.28318530718,-7.));
#4770 = VECTOR('',#4771,1.);
#4771 = DIRECTION('',(1.,-0.));
#4772 = ( GEOMETRIC_REPRESENTATION_CONTEXT(2) 
PARAMETRIC_REPRESENTATION_CONTEXT() REPRESENTATION_CONTEXT('2D SPACE',''
  ) );
#4773 = ORIENTED_EDGE('',*,*,#4774,.T.);
#4774 = EDGE_CURVE('',#4747,#4724,#4775,.T.);
#4775 = SURFACE_CURVE('',#4776,(#4780,#4786),.PCURVE_S1.);
#4776 = LINE('',#4777,#4778);
#4777 = CARTESIAN_POINT('',(222.,136.77722042044,-15.14166126134));
#4778 = VECTOR('',#4779,1.);
#4779 = DIRECTION('',(-0.,0.707106781187,0.707106781187));
#4780 = PCURVE('',#233,#4781);
#4781 = DEFINITIONAL_REPRESENTATION('',(#4782),#4785);
#4782 = B_SPLINE_CURVE_WITH_KNOTS('',1,(#4783,#4784),.UNSPECIFIED.,.F.,
  .F.,(2,2),(74.503910614528,78.803910614528),.PIECEWISE_BEZIER_KNOTS.);
#4783 = CARTESIAN_POINT('',(37.340559159102,-179.4694408408));
#4784 = CARTESIAN_POINT('',(40.381118318204,-182.51));
#4785 = ( GEOMETRIC_REPRESENTATION_CONTEXT(2) 
PARAMETRIC_REPRESENTATION_CONTEXT() REPRESENTATION_CONTEXT('2D SPACE',''
  ) );
#4786 = PCURVE('',#3149,#4787);
#4787 = DEFINITIONAL_REPRESENTATION('',(#4788),#4791);
#4788 = B_SPLINE_CURVE_WITH_KNOTS('',1,(#4789,#4790),.UNSPECIFIED.,.F.,
  .F.,(2,2),(74.503910614528,78.803910614528),.PIECEWISE_BEZIER_KNOTS.);
#4789 = CARTESIAN_POINT('',(4.3,-7.));
#4790 = CARTESIAN_POINT('',(0.,-7.));
#4791 = ( GEOMETRIC_REPRESENTATION_CONTEXT(2) 
PARAMETRIC_REPRESENTATION_CONTEXT() REPRESENTATION_CONTEXT('2D SPACE',''
  ) );
#4792 = FACE_BOUND('',#4793,.T.);
#4793 = EDGE_LOOP('',(#4794,#4817,#4838));
#4794 = ORIENTED_EDGE('',*,*,#4795,.T.);
#4795 = EDGE_CURVE('',#4796,#4798,#4800,.T.);
#4796 = VERTEX_POINT('',#4797);
#4797 = CARTESIAN_POINT('',(222.,104.1,18.67867965644));
#4798 = VERTEX_POINT('',#4799);
#4799 = CARTESIAN_POINT('',(222.,117.57867965644,5.2));
#4800 = SURFACE_CURVE('',#4801,(#4805,#4811),.PCURVE_S1.);
#4801 = LINE('',#4802,#4803);
#4802 = CARTESIAN_POINT('',(222.,91.93150974233,30.84716991411));
#4803 = VECTOR('',#4804,1.);
#4804 = DIRECTION('',(0.,0.707106781187,-0.707106781187));
#4805 = PCURVE('',#233,#4806);
#4806 = DEFINITIONAL_REPRESENTATION('',(#4807),#4810);
#4807 = B_SPLINE_CURVE_WITH_KNOTS('',1,(#4808,#4809),.UNSPECIFIED.,.F.,
  .F.,(2,2),(17.208843956001,36.270575529022),.PIECEWISE_BEZIER_KNOTS.);
#4808 = CARTESIAN_POINT('',(18.47867965644,-94.11));
#4809 = CARTESIAN_POINT('',(5.,-107.5886796564));
#4810 = ( GEOMETRIC_REPRESENTATION_CONTEXT(2) 
PARAMETRIC_REPRESENTATION_CONTEXT() REPRESENTATION_CONTEXT('2D SPACE',''
  ) );
#4811 = PCURVE('',#3179,#4812);
#4812 = DEFINITIONAL_REPRESENTATION('',(#4813),#4816);
#4813 = B_SPLINE_CURVE_WITH_KNOTS('',1,(#4814,#4815),.UNSPECIFIED.,.F.,
  .F.,(2,2),(17.208843956001,36.270575529022),.PIECEWISE_BEZIER_KNOTS.);
#4814 = CARTESIAN_POINT('',(19.06173157302,-7.));
#4815 = CARTESIAN_POINT('',(0.,-7.));
#4816 = ( GEOMETRIC_REPRESENTATION_CONTEXT(2) 
PARAMETRIC_REPRESENTATION_CONTEXT() REPRESENTATION_CONTEXT('2D SPACE',''
  ) );
#4817 = ORIENTED_EDGE('',*,*,#4818,.T.);
#4818 = EDGE_CURVE('',#4798,#4819,#4821,.T.);
#4819 = VERTEX_POINT('',#4820);
#4820 = CARTESIAN_POINT('',(222.,90.62132034356,5.2));
#4821 = SURFACE_CURVE('',#4822,(#4826,#4832),.PCURVE_S1.);
#4822 = LINE('',#4823,#4824);
#4823 = CARTESIAN_POINT('',(222.,50.30566017178,5.2));
#4824 = VECTOR('',#4825,1.);
#4825 = DIRECTION('',(0.,-1.,0.));
#4826 = PCURVE('',#233,#4827);
#4827 = DEFINITIONAL_REPRESENTATION('',(#4828),#4831);
#4828 = B_SPLINE_CURVE_WITH_KNOTS('',1,(#4829,#4830),.UNSPECIFIED.,.F.,
  .F.,(2,2),(-67.27301948466,-40.31566017178),.PIECEWISE_BEZIER_KNOTS.);
#4829 = CARTESIAN_POINT('',(5.,-107.5886796564));
#4830 = CARTESIAN_POINT('',(5.,-80.63132034356));
#4831 = ( GEOMETRIC_REPRESENTATION_CONTEXT(2) 
PARAMETRIC_REPRESENTATION_CONTEXT() REPRESENTATION_CONTEXT('2D SPACE',''
  ) );
#4832 = PCURVE('',#3205,#4833);
#4833 = DEFINITIONAL_REPRESENTATION('',(#4834),#4837);
#4834 = B_SPLINE_CURVE_WITH_KNOTS('',1,(#4835,#4836),.UNSPECIFIED.,.F.,
  .F.,(2,2),(-67.27301948466,-40.31566017178),.PIECEWISE_BEZIER_KNOTS.);
#4835 = CARTESIAN_POINT('',(26.957359312881,-7.));
#4836 = CARTESIAN_POINT('',(0.,-7.));
#4837 = ( GEOMETRIC_REPRESENTATION_CONTEXT(2) 
PARAMETRIC_REPRESENTATION_CONTEXT() REPRESENTATION_CONTEXT('2D SPACE',''
  ) );
#4838 = ORIENTED_EDGE('',*,*,#4839,.T.);
#4839 = EDGE_CURVE('',#4819,#4796,#4840,.T.);
#4840 = SURFACE_CURVE('',#4841,(#4845,#4851),.PCURVE_S1.);
#4841 = LINE('',#4842,#4843);
#4842 = CARTESIAN_POINT('',(222.,75.95283008589,-9.46849025767));
#4843 = VECTOR('',#4844,1.);
#4844 = DIRECTION('',(-0.,0.707106781187,0.707106781187));
#4845 = PCURVE('',#233,#4846);
#4846 = DEFINITIONAL_REPRESENTATION('',(#4847),#4850);
#4847 = B_SPLINE_CURVE_WITH_KNOTS('',1,(#4848,#4849),.UNSPECIFIED.,.F.,
  .F.,(2,2),(20.744377861934,39.806109434954),.PIECEWISE_BEZIER_KNOTS.);
#4848 = CARTESIAN_POINT('',(5.,-80.63132034356));
#4849 = CARTESIAN_POINT('',(18.47867965644,-94.11));
#4850 = ( GEOMETRIC_REPRESENTATION_CONTEXT(2) 
PARAMETRIC_REPRESENTATION_CONTEXT() REPRESENTATION_CONTEXT('2D SPACE',''
  ) );
#4851 = PCURVE('',#3229,#4852);
#4852 = DEFINITIONAL_REPRESENTATION('',(#4853),#4856);
#4853 = B_SPLINE_CURVE_WITH_KNOTS('',1,(#4854,#4855),.UNSPECIFIED.,.F.,
  .F.,(2,2),(20.744377861934,39.806109434954),.PIECEWISE_BEZIER_KNOTS.);
#4854 = CARTESIAN_POINT('',(19.06173157302,-7.));
#4855 = CARTESIAN_POINT('',(0.,-7.));
#4856 = ( GEOMETRIC_REPRESENTATION_CONTEXT(2) 
PARAMETRIC_REPRESENTATION_CONTEXT() REPRESENTATION_CONTEXT('2D SPACE',''
  ) );
#4857 = FACE_BOUND('',#4858,.T.);
#4858 = EDGE_LOOP('',(#4859,#4882,#4903));
#4859 = ORIENTED_EDGE('',*,*,#4860,.T.);
#4860 = EDGE_CURVE('',#4861,#4863,#4865,.T.);
#4861 = VERTEX_POINT('',#4862);
#4862 = CARTESIAN_POINT('',(222.,69.857359312881,18.67867965644));
#4863 = VERTEX_POINT('',#4864);
#4864 = CARTESIAN_POINT('',(222.,83.336038969321,5.2));
#4865 = SURFACE_CURVE('',#4866,(#4870,#4876),.PCURVE_S1.);
#4866 = LINE('',#4867,#4868);
#4867 = CARTESIAN_POINT('',(222.,66.249529226991,22.28650974233));
#4868 = VECTOR('',#4869,1.);
#4869 = DIRECTION('',(0.,0.707106781187,-0.707106781187));
#4870 = PCURVE('',#233,#4871);
#4871 = DEFINITIONAL_REPRESENTATION('',(#4872),#4875);
#4872 = B_SPLINE_CURVE_WITH_KNOTS('',1,(#4873,#4874),.UNSPECIFIED.,.F.,
  .F.,(2,2),(5.102242238203,24.163973811223),.PIECEWISE_BEZIER_KNOTS.);
#4873 = CARTESIAN_POINT('',(18.47867965644,-59.86735931288));
#4874 = CARTESIAN_POINT('',(5.,-73.34603896932));
#4875 = ( GEOMETRIC_REPRESENTATION_CONTEXT(2) 
PARAMETRIC_REPRESENTATION_CONTEXT() REPRESENTATION_CONTEXT('2D SPACE',''
  ) );
#4876 = PCURVE('',#3365,#4877);
#4877 = DEFINITIONAL_REPRESENTATION('',(#4878),#4881);
#4878 = B_SPLINE_CURVE_WITH_KNOTS('',1,(#4879,#4880),.UNSPECIFIED.,.F.,
  .F.,(2,2),(5.102242238203,24.163973811223),.PIECEWISE_BEZIER_KNOTS.);
#4879 = CARTESIAN_POINT('',(19.06173157302,-7.));
#4880 = CARTESIAN_POINT('',(0.,-7.));
#4881 = ( GEOMETRIC_REPRESENTATION_CONTEXT(2) 
PARAMETRIC_REPRESENTATION_CONTEXT() REPRESENTATION_CONTEXT('2D SPACE',''
  ) );
#4882 = ORIENTED_EDGE('',*,*,#4883,.T.);
#4883 = EDGE_CURVE('',#4863,#4884,#4886,.T.);
#4884 = VERTEX_POINT('',#4885);
#4885 = CARTESIAN_POINT('',(222.,56.37867965644,5.2));
#4886 = SURFACE_CURVE('',#4887,(#4891,#4897),.PCURVE_S1.);
#4887 = LINE('',#4888,#4889);
#4888 = CARTESIAN_POINT('',(222.,33.18433982822,5.2));
#4889 = VECTOR('',#4890,1.);
#4890 = DIRECTION('',(0.,-1.,0.));
#4891 = PCURVE('',#233,#4892);
#4892 = DEFINITIONAL_REPRESENTATION('',(#4893),#4896);
#4893 = B_SPLINE_CURVE_WITH_KNOTS('',1,(#4894,#4895),.UNSPECIFIED.,.F.,
  .F.,(2,2),(-50.1516991411,-23.19433982822),.PIECEWISE_BEZIER_KNOTS.);
#4894 = CARTESIAN_POINT('',(5.,-73.34603896932));
#4895 = CARTESIAN_POINT('',(5.,-46.38867965644));
#4896 = ( GEOMETRIC_REPRESENTATION_CONTEXT(2) 
PARAMETRIC_REPRESENTATION_CONTEXT() REPRESENTATION_CONTEXT('2D SPACE',''
  ) );
#4897 = PCURVE('',#3391,#4898);
#4898 = DEFINITIONAL_REPRESENTATION('',(#4899),#4902);
#4899 = B_SPLINE_CURVE_WITH_KNOTS('',1,(#4900,#4901),.UNSPECIFIED.,.F.,
  .F.,(2,2),(-50.1516991411,-23.19433982822),.PIECEWISE_BEZIER_KNOTS.);
#4900 = CARTESIAN_POINT('',(26.957359312881,-7.));
#4901 = CARTESIAN_POINT('',(0.,-7.));
#4902 = ( GEOMETRIC_REPRESENTATION_CONTEXT(2) 
PARAMETRIC_REPRESENTATION_CONTEXT() REPRESENTATION_CONTEXT('2D SPACE',''
  ) );
#4903 = ORIENTED_EDGE('',*,*,#4904,.T.);
#4904 = EDGE_CURVE('',#4884,#4861,#4905,.T.);
#4905 = SURFACE_CURVE('',#4906,(#4910,#4916),.PCURVE_S1.);
#4906 = LINE('',#4907,#4908);
#4907 = CARTESIAN_POINT('',(222.,50.27084957055,-0.90783008589));
#4908 = VECTOR('',#4909,1.);
#4909 = DIRECTION('',(-0.,0.707106781187,0.707106781187));
#4910 = PCURVE('',#233,#4911);
#4911 = DEFINITIONAL_REPRESENTATION('',(#4912),#4915);
#4912 = B_SPLINE_CURVE_WITH_KNOTS('',1,(#4913,#4914),.UNSPECIFIED.,.F.,
  .F.,(2,2),(8.637776144136,27.699507717156),.PIECEWISE_BEZIER_KNOTS.);
#4913 = CARTESIAN_POINT('',(5.,-46.38867965644));
#4914 = CARTESIAN_POINT('',(18.47867965644,-59.86735931288));
#4915 = ( GEOMETRIC_REPRESENTATION_CONTEXT(2) 
PARAMETRIC_REPRESENTATION_CONTEXT() REPRESENTATION_CONTEXT('2D SPACE',''
  ) );
#4916 = PCURVE('',#3415,#4917);
#4917 = DEFINITIONAL_REPRESENTATION('',(#4918),#4921);
#4918 = B_SPLINE_CURVE_WITH_KNOTS('',1,(#4919,#4920),.UNSPECIFIED.,.F.,
  .F.,(2,2),(8.637776144136,27.699507717156),.PIECEWISE_BEZIER_KNOTS.);
#4919 = CARTESIAN_POINT('',(19.06173157302,-7.));
#4920 = CARTESIAN_POINT('',(0.,-7.));
#4921 = ( GEOMETRIC_REPRESENTATION_CONTEXT(2) 
PARAMETRIC_REPRESENTATION_CONTEXT() REPRESENTATION_CONTEXT('2D SPACE',''
  ) );
#4922 = FACE_BOUND('',#4923,.T.);
#4923 = EDGE_LOOP('',(#4924,#4947,#4968,#4989));
#4924 = ORIENTED_EDGE('',*,*,#4925,.T.);
#4925 = EDGE_CURVE('',#4926,#4928,#4930,.T.);
#4926 = VERTEX_POINT('',#4927);
#4927 = CARTESIAN_POINT('',(222.,101.97867965644,20.8));
#4928 = VERTEX_POINT('',#4929);
#4929 = CARTESIAN_POINT('',(222.,86.97867965644,5.8));
#4930 = SURFACE_CURVE('',#4931,(#4935,#4941),.PCURVE_S1.);
#4931 = LINE('',#4932,#4933);
#4932 = CARTESIAN_POINT('',(222.,66.33150974233,-14.84716991411));
#4933 = VECTOR('',#4934,1.);
#4934 = DIRECTION('',(0.,-0.707106781187,-0.707106781187));
#4935 = PCURVE('',#233,#4936);
#4936 = DEFINITIONAL_REPRESENTATION('',(#4937),#4940);
#4937 = B_SPLINE_CURVE_WITH_KNOTS('',1,(#4938,#4939),.UNSPECIFIED.,.F.,
  .F.,(2,2),(-50.41271115275,-29.19950771715),.PIECEWISE_BEZIER_KNOTS.);
#4938 = CARTESIAN_POINT('',(20.6,-91.98867965644));
#4939 = CARTESIAN_POINT('',(5.6,-76.98867965644));
#4940 = ( GEOMETRIC_REPRESENTATION_CONTEXT(2) 
PARAMETRIC_REPRESENTATION_CONTEXT() REPRESENTATION_CONTEXT('2D SPACE',''
  ) );
#4941 = PCURVE('',#3259,#4942);
#4942 = DEFINITIONAL_REPRESENTATION('',(#4943),#4946);
#4943 = B_SPLINE_CURVE_WITH_KNOTS('',1,(#4944,#4945),.UNSPECIFIED.,.F.,
  .F.,(2,2),(-50.41271115275,-29.19950771715),.PIECEWISE_BEZIER_KNOTS.);
#4944 = CARTESIAN_POINT('',(21.213203435596,-7.));
#4945 = CARTESIAN_POINT('',(0.,-7.));
#4946 = ( GEOMETRIC_REPRESENTATION_CONTEXT(2) 
PARAMETRIC_REPRESENTATION_CONTEXT() REPRESENTATION_CONTEXT('2D SPACE',''
  ) );
#4947 = ORIENTED_EDGE('',*,*,#4948,.T.);
#4948 = EDGE_CURVE('',#4928,#4949,#4951,.T.);
#4949 = VERTEX_POINT('',#4950);
#4950 = CARTESIAN_POINT('',(222.,71.97867965644,20.8));
#4951 = SURFACE_CURVE('',#4952,(#4956,#4962),.PCURVE_S1.);
#4952 = LINE('',#4953,#4954);
#4953 = CARTESIAN_POINT('',(222.,61.63150974233,31.14716991411));
#4954 = VECTOR('',#4955,1.);
#4955 = DIRECTION('',(0.,-0.707106781187,0.707106781187));
#4956 = PCURVE('',#233,#4957);
#4957 = DEFINITIONAL_REPRESENTATION('',(#4958),#4961);
#4958 = B_SPLINE_CURVE_WITH_KNOTS('',1,(#4959,#4960),.UNSPECIFIED.,.F.,
  .F.,(2,2),(-35.84631146031,-14.63310802471),.PIECEWISE_BEZIER_KNOTS.);
#4959 = CARTESIAN_POINT('',(5.6,-76.98867965644));
#4960 = CARTESIAN_POINT('',(20.6,-61.98867965644));
#4961 = ( GEOMETRIC_REPRESENTATION_CONTEXT(2) 
PARAMETRIC_REPRESENTATION_CONTEXT() REPRESENTATION_CONTEXT('2D SPACE',''
  ) );
#4962 = PCURVE('',#3285,#4963);
#4963 = DEFINITIONAL_REPRESENTATION('',(#4964),#4967);
#4964 = B_SPLINE_CURVE_WITH_KNOTS('',1,(#4965,#4966),.UNSPECIFIED.,.F.,
  .F.,(2,2),(-35.84631146031,-14.63310802471),.PIECEWISE_BEZIER_KNOTS.);
#4965 = CARTESIAN_POINT('',(21.213203435596,-7.));
#4966 = CARTESIAN_POINT('',(0.,-7.));
#4967 = ( GEOMETRIC_REPRESENTATION_CONTEXT(2) 
PARAMETRIC_REPRESENTATION_CONTEXT() REPRESENTATION_CONTEXT('2D SPACE',''
  ) );
#4968 = ORIENTED_EDGE('',*,*,#4969,.T.);
#4969 = EDGE_CURVE('',#4949,#4970,#4972,.T.);
#4970 = VERTEX_POINT('',#4971);
#4971 = CARTESIAN_POINT('',(222.,86.97867965644,35.8));
#4972 = SURFACE_CURVE('',#4973,(#4977,#4983),.PCURVE_S1.);
#4973 = LINE('',#4974,#4975);
#4974 = CARTESIAN_POINT('',(222.,58.83150974233,7.65283008589));
#4975 = VECTOR('',#4976,1.);
#4976 = DIRECTION('',(-0.,0.707106781187,0.707106781187));
#4977 = PCURVE('',#233,#4978);
#4978 = DEFINITIONAL_REPRESENTATION('',(#4979),#4982);
#4979 = B_SPLINE_CURVE_WITH_KNOTS('',1,(#4980,#4981),.UNSPECIFIED.,.F.,
  .F.,(2,2),(18.592905999358,39.806109434954),.PIECEWISE_BEZIER_KNOTS.);
#4980 = CARTESIAN_POINT('',(20.6,-61.98867965644));
#4981 = CARTESIAN_POINT('',(35.6,-76.98867965644));
#4982 = ( GEOMETRIC_REPRESENTATION_CONTEXT(2) 
PARAMETRIC_REPRESENTATION_CONTEXT() REPRESENTATION_CONTEXT('2D SPACE',''
  ) );
#4983 = PCURVE('',#3311,#4984);
#4984 = DEFINITIONAL_REPRESENTATION('',(#4985),#4988);
#4985 = B_SPLINE_CURVE_WITH_KNOTS('',1,(#4986,#4987),.UNSPECIFIED.,.F.,
  .F.,(2,2),(18.592905999358,39.806109434954),.PIECEWISE_BEZIER_KNOTS.);
#4986 = CARTESIAN_POINT('',(21.213203435596,-7.));
#4987 = CARTESIAN_POINT('',(0.,-7.));
#4988 = ( GEOMETRIC_REPRESENTATION_CONTEXT(2) 
PARAMETRIC_REPRESENTATION_CONTEXT() REPRESENTATION_CONTEXT('2D SPACE',''
  ) );
#4989 = ORIENTED_EDGE('',*,*,#4990,.T.);
#4990 = EDGE_CURVE('',#4970,#4926,#4991,.T.);
#4991 = SURFACE_CURVE('',#4992,(#4996,#5002),.PCURVE_S1.);
#4992 = LINE('',#4993,#4994);
#4993 = CARTESIAN_POINT('',(222.,84.13150974233,38.64716991411));
#4994 = VECTOR('',#4995,1.);
#4995 = DIRECTION('',(0.,0.707106781187,-0.707106781187));
#4996 = PCURVE('',#233,#4997);
#4997 = DEFINITIONAL_REPRESENTATION('',(#4998),#5001);
#4998 = B_SPLINE_CURVE_WITH_KNOTS('',1,(#4999,#5000),.UNSPECIFIED.,.F.,
  .F.,(2,2),(4.026506306915,25.239709742512),.PIECEWISE_BEZIER_KNOTS.);
#4999 = CARTESIAN_POINT('',(35.6,-76.98867965644));
#5000 = CARTESIAN_POINT('',(20.6,-91.98867965644));
#5001 = ( GEOMETRIC_REPRESENTATION_CONTEXT(2) 
PARAMETRIC_REPRESENTATION_CONTEXT() REPRESENTATION_CONTEXT('2D SPACE',''
  ) );
#5002 = PCURVE('',#3335,#5003);
#5003 = DEFINITIONAL_REPRESENTATION('',(#5004),#5007);
#5004 = B_SPLINE_CURVE_WITH_KNOTS('',1,(#5005,#5006),.UNSPECIFIED.,.F.,
  .F.,(2,2),(4.026506306915,25.239709742512),.PIECEWISE_BEZIER_KNOTS.);
#5005 = CARTESIAN_POINT('',(21.213203435596,-7.));
#5006 = CARTESIAN_POINT('',(0.,-7.));
#5007 = ( GEOMETRIC_REPRESENTATION_CONTEXT(2) 
PARAMETRIC_REPRESENTATION_CONTEXT() REPRESENTATION_CONTEXT('2D SPACE',''
  ) );
#5008 = FACE_BOUND('',#5009,.T.);
#5009 = EDGE_LOOP('',(#5010,#5038,#5071));
#5010 = ORIENTED_EDGE('',*,*,#5011,.T.);
#5011 = EDGE_CURVE('',#5012,#5014,#5016,.T.);
#5012 = VERTEX_POINT('',#5013);
#5013 = CARTESIAN_POINT('',(222.,17.5,15.581118318204));
#5014 = VERTEX_POINT('',#5015);
#5015 = CARTESIAN_POINT('',(222.,20.540559159102,12.540559159102));
#5016 = SURFACE_CURVE('',#5017,(#5021,#5027),.PCURVE_S1.);
#5017 = LINE('',#5018,#5019);
#5018 = CARTESIAN_POINT('',(222.,20.988059159102,12.093059159102));
#5019 = VECTOR('',#5020,1.);
#5020 = DIRECTION('',(0.,0.707106781187,-0.707106781187));
#5021 = PCURVE('',#233,#5022);
#5022 = DEFINITIONAL_REPRESENTATION('',(#5023),#5026);
#5023 = B_SPLINE_CURVE_WITH_KNOTS('',1,(#5024,#5025),.UNSPECIFIED.,.F.,
  .F.,(2,2),(-4.932860569162,-0.632860569162),.PIECEWISE_BEZIER_KNOTS.);
#5024 = CARTESIAN_POINT('',(15.381118318204,-7.51));
#5025 = CARTESIAN_POINT('',(12.340559159102,-10.5505591591));
#5026 = ( GEOMETRIC_REPRESENTATION_CONTEXT(2) 
PARAMETRIC_REPRESENTATION_CONTEXT() REPRESENTATION_CONTEXT('2D SPACE',''
  ) );
#5027 = PCURVE('',#5028,#5033);
#5028 = PLANE('',#5029);
#5029 = AXIS2_PLACEMENT_3D('',#5030,#5031,#5032);
#5030 = CARTESIAN_POINT('',(215.,20.540559159102,12.540559159102));
#5031 = DIRECTION('',(0.,-0.707106781187,-0.707106781187));
#5032 = DIRECTION('',(0.,-0.707106781187,0.707106781187));
#5033 = DEFINITIONAL_REPRESENTATION('',(#5034),#5037);
#5034 = B_SPLINE_CURVE_WITH_KNOTS('',1,(#5035,#5036),.UNSPECIFIED.,.F.,
  .F.,(2,2),(-4.932860569162,-0.632860569162),.PIECEWISE_BEZIER_KNOTS.);
#5035 = CARTESIAN_POINT('',(4.3,-7.));
#5036 = CARTESIAN_POINT('',(0.,-7.));
#5037 = ( GEOMETRIC_REPRESENTATION_CONTEXT(2) 
PARAMETRIC_REPRESENTATION_CONTEXT() REPRESENTATION_CONTEXT('2D SPACE',''
  ) );
#5038 = ORIENTED_EDGE('',*,*,#5039,.T.);
#5039 = EDGE_CURVE('',#5014,#5040,#5042,.T.);
#5040 = VERTEX_POINT('',#5041);
#5041 = CARTESIAN_POINT('',(222.,14.459440840898,12.540559159102));
#5042 = SURFACE_CURVE('',#5043,(#5048,#5059),.PCURVE_S1.);
#5043 = CIRCLE('',#5044,4.3);
#5044 = AXIS2_PLACEMENT_3D('',#5045,#5046,#5047);
#5045 = CARTESIAN_POINT('',(222.,17.5,9.5));
#5046 = DIRECTION('',(-1.,-0.,0.));
#5047 = DIRECTION('',(0.,-0.,-1.));
#5048 = PCURVE('',#233,#5049);
#5049 = DEFINITIONAL_REPRESENTATION('',(#5050),#5058);
#5050 = ( BOUNDED_CURVE() B_SPLINE_CURVE(2,(#5051,#5052,#5053,#5054,
#5055,#5056,#5057),.UNSPECIFIED.,.T.,.F.) B_SPLINE_CURVE_WITH_KNOTS((1,2
    ,2,2,2,1),(-2.094395102393,0.,2.094395102393,4.188790204786,
6.28318530718,8.377580409573),.UNSPECIFIED.) CURVE() 
GEOMETRIC_REPRESENTATION_ITEM() RATIONAL_B_SPLINE_CURVE((1.,0.5,1.,0.5,
1.,0.5,1.)) REPRESENTATION_ITEM('') );
#5051 = CARTESIAN_POINT('',(5.,-7.51));
#5052 = CARTESIAN_POINT('',(5.,-6.218152745383E-02));
#5053 = CARTESIAN_POINT('',(11.45,-3.786090763727));
#5054 = CARTESIAN_POINT('',(17.9,-7.51));
#5055 = CARTESIAN_POINT('',(11.45,-11.23390923627));
#5056 = CARTESIAN_POINT('',(5.,-14.95781847254));
#5057 = CARTESIAN_POINT('',(5.,-7.51));
#5058 = ( GEOMETRIC_REPRESENTATION_CONTEXT(2) 
PARAMETRIC_REPRESENTATION_CONTEXT() REPRESENTATION_CONTEXT('2D SPACE',''
  ) );
#5059 = PCURVE('',#5060,#5065);
#5060 = CYLINDRICAL_SURFACE('',#5061,4.3);
#5061 = AXIS2_PLACEMENT_3D('',#5062,#5063,#5064);
#5062 = CARTESIAN_POINT('',(215.,17.5,9.5));
#5063 = DIRECTION('',(-1.,-0.,-0.));
#5064 = DIRECTION('',(0.,-0.,-1.));
#5065 = DEFINITIONAL_REPRESENTATION('',(#5066),#5070);
#5066 = LINE('',#5067,#5068);
#5067 = CARTESIAN_POINT('',(-12.56637061435,-7.));
#5068 = VECTOR('',#5069,1.);
#5069 = DIRECTION('',(1.,-0.));
#5070 = ( GEOMETRIC_REPRESENTATION_CONTEXT(2) 
PARAMETRIC_REPRESENTATION_CONTEXT() REPRESENTATION_CONTEXT('2D SPACE',''
  ) );
#5071 = ORIENTED_EDGE('',*,*,#5072,.T.);
#5072 = EDGE_CURVE('',#5040,#5012,#5073,.T.);
#5073 = SURFACE_CURVE('',#5074,(#5078,#5084),.PCURVE_S1.);
#5074 = LINE('',#5075,#5076);
#5075 = CARTESIAN_POINT('',(222.,11.777220420449,9.858338738653));
#5076 = VECTOR('',#5077,1.);
#5077 = DIRECTION('',(-0.,0.707106781187,0.707106781187));
#5078 = PCURVE('',#233,#5079);
#5079 = DEFINITIONAL_REPRESENTATION('',(#5080),#5083);
#5080 = B_SPLINE_CURVE_WITH_KNOTS('',1,(#5081,#5082),.UNSPECIFIED.,.F.,
  .F.,(2,2),(3.793232495873,8.093232495873),.PIECEWISE_BEZIER_KNOTS.);
#5081 = CARTESIAN_POINT('',(12.340559159102,-4.469440840898));
#5082 = CARTESIAN_POINT('',(15.381118318204,-7.51));
#5083 = ( GEOMETRIC_REPRESENTATION_CONTEXT(2) 
PARAMETRIC_REPRESENTATION_CONTEXT() REPRESENTATION_CONTEXT('2D SPACE',''
  ) );
#5084 = PCURVE('',#5085,#5090);
#5085 = PLANE('',#5086);
#5086 = AXIS2_PLACEMENT_3D('',#5087,#5088,#5089);
#5087 = CARTESIAN_POINT('',(215.,17.5,15.581118318204));
#5088 = DIRECTION('',(0.,0.707106781187,-0.707106781187));
#5089 = DIRECTION('',(0.,-0.707106781187,-0.707106781187));
#5090 = DEFINITIONAL_REPRESENTATION('',(#5091),#5094);
#5091 = B_SPLINE_CURVE_WITH_KNOTS('',1,(#5092,#5093),.UNSPECIFIED.,.F.,
  .F.,(2,2),(3.793232495873,8.093232495873),.PIECEWISE_BEZIER_KNOTS.);
#5092 = CARTESIAN_POINT('',(4.3,-7.));
#5093 = CARTESIAN_POINT('',(0.,-7.));
#5094 = ( GEOMETRIC_REPRESENTATION_CONTEXT(2) 
PARAMETRIC_REPRESENTATION_CONTEXT() REPRESENTATION_CONTEXT('2D SPACE',''
  ) );
#5095 = FACE_BOUND('',#5096,.T.);
#5096 = EDGE_LOOP('',(#5097,#5120,#5141,#5162));
#5097 = ORIENTED_EDGE('',*,*,#5098,.T.);
#5098 = EDGE_CURVE('',#5099,#5101,#5103,.T.);
#5099 = VERTEX_POINT('',#5100);
#5100 = CARTESIAN_POINT('',(222.,67.736038969321,20.8));
#5101 = VERTEX_POINT('',#5102);
#5102 = CARTESIAN_POINT('',(222.,52.736038969321,5.8));
#5103 = SURFACE_CURVE('',#5104,(#5108,#5114),.PCURVE_S1.);
#5104 = LINE('',#5105,#5106);
#5105 = CARTESIAN_POINT('',(222.,40.649529226991,-6.28650974233));
#5106 = VECTOR('',#5107,1.);
#5107 = DIRECTION('',(0.,-0.707106781187,-0.707106781187));
#5108 = PCURVE('',#233,#5109);
#5109 = DEFINITIONAL_REPRESENTATION('',(#5110),#5113);
#5110 = B_SPLINE_CURVE_WITH_KNOTS('',1,(#5111,#5112),.UNSPECIFIED.,.F.,
  .F.,(2,2),(-38.30610943495,-17.09290599935),.PIECEWISE_BEZIER_KNOTS.);
#5111 = CARTESIAN_POINT('',(20.6,-57.74603896932));
#5112 = CARTESIAN_POINT('',(5.6,-42.74603896932));
#5113 = ( GEOMETRIC_REPRESENTATION_CONTEXT(2) 
PARAMETRIC_REPRESENTATION_CONTEXT() REPRESENTATION_CONTEXT('2D SPACE',''
  ) );
#5114 = PCURVE('',#3445,#5115);
#5115 = DEFINITIONAL_REPRESENTATION('',(#5116),#5119);
#5116 = B_SPLINE_CURVE_WITH_KNOTS('',1,(#5117,#5118),.UNSPECIFIED.,.F.,
  .F.,(2,2),(-38.30610943495,-17.09290599935),.PIECEWISE_BEZIER_KNOTS.);
#5117 = CARTESIAN_POINT('',(21.213203435596,-7.));
#5118 = CARTESIAN_POINT('',(0.,-7.));
#5119 = ( GEOMETRIC_REPRESENTATION_CONTEXT(2) 
PARAMETRIC_REPRESENTATION_CONTEXT() REPRESENTATION_CONTEXT('2D SPACE',''
  ) );
#5120 = ORIENTED_EDGE('',*,*,#5121,.T.);
#5121 = EDGE_CURVE('',#5101,#5122,#5124,.T.);
#5122 = VERTEX_POINT('',#5123);
#5123 = CARTESIAN_POINT('',(222.,37.736038969321,20.8));
#5124 = SURFACE_CURVE('',#5125,(#5129,#5135),.PCURVE_S1.);
#5125 = LINE('',#5126,#5127);
#5126 = CARTESIAN_POINT('',(222.,35.949529226991,22.58650974233));
#5127 = VECTOR('',#5128,1.);
#5128 = DIRECTION('',(0.,-0.707106781187,0.707106781187));
#5129 = PCURVE('',#233,#5130);
#5130 = DEFINITIONAL_REPRESENTATION('',(#5131),#5134);
#5131 = B_SPLINE_CURVE_WITH_KNOTS('',1,(#5132,#5133),.UNSPECIFIED.,.F.,
  .F.,(2,2),(-23.73970974251,-2.526506306915),.PIECEWISE_BEZIER_KNOTS.);
#5132 = CARTESIAN_POINT('',(5.6,-42.74603896932));
#5133 = CARTESIAN_POINT('',(20.6,-27.74603896932));
#5134 = ( GEOMETRIC_REPRESENTATION_CONTEXT(2) 
PARAMETRIC_REPRESENTATION_CONTEXT() REPRESENTATION_CONTEXT('2D SPACE',''
  ) );
#5135 = PCURVE('',#3471,#5136);
#5136 = DEFINITIONAL_REPRESENTATION('',(#5137),#5140);
#5137 = B_SPLINE_CURVE_WITH_KNOTS('',1,(#5138,#5139),.UNSPECIFIED.,.F.,
  .F.,(2,2),(-23.73970974251,-2.526506306915),.PIECEWISE_BEZIER_KNOTS.);
#5138 = CARTESIAN_POINT('',(21.213203435596,-7.));
#5139 = CARTESIAN_POINT('',(0.,-7.));
#5140 = ( GEOMETRIC_REPRESENTATION_CONTEXT(2) 
PARAMETRIC_REPRESENTATION_CONTEXT() REPRESENTATION_CONTEXT('2D SPACE',''
  ) );
#5141 = ORIENTED_EDGE('',*,*,#5142,.T.);
#5142 = EDGE_CURVE('',#5122,#5143,#5145,.T.);
#5143 = VERTEX_POINT('',#5144);
#5144 = CARTESIAN_POINT('',(222.,52.736038969321,35.8));
#5145 = SURFACE_CURVE('',#5146,(#5150,#5156),.PCURVE_S1.);
#5146 = LINE('',#5147,#5148);
#5147 = CARTESIAN_POINT('',(222.,33.149529226991,16.21349025767));
#5148 = VECTOR('',#5149,1.);
#5149 = DIRECTION('',(-0.,0.707106781187,0.707106781187));
#5150 = PCURVE('',#233,#5151);
#5151 = DEFINITIONAL_REPRESENTATION('',(#5152),#5155);
#5152 = B_SPLINE_CURVE_WITH_KNOTS('',1,(#5153,#5154),.UNSPECIFIED.,.F.,
  .F.,(2,2),(6.48630428156,27.699507717156),.PIECEWISE_BEZIER_KNOTS.);
#5153 = CARTESIAN_POINT('',(20.6,-27.74603896932));
#5154 = CARTESIAN_POINT('',(35.6,-42.74603896932));
#5155 = ( GEOMETRIC_REPRESENTATION_CONTEXT(2) 
PARAMETRIC_REPRESENTATION_CONTEXT() REPRESENTATION_CONTEXT('2D SPACE',''
  ) );
#5156 = PCURVE('',#3497,#5157);
#5157 = DEFINITIONAL_REPRESENTATION('',(#5158),#5161);
#5158 = B_SPLINE_CURVE_WITH_KNOTS('',1,(#5159,#5160),.UNSPECIFIED.,.F.,
  .F.,(2,2),(6.48630428156,27.699507717156),.PIECEWISE_BEZIER_KNOTS.);
#5159 = CARTESIAN_POINT('',(21.213203435596,-7.));
#5160 = CARTESIAN_POINT('',(0.,-7.));
#5161 = ( GEOMETRIC_REPRESENTATION_CONTEXT(2) 
PARAMETRIC_REPRESENTATION_CONTEXT() REPRESENTATION_CONTEXT('2D SPACE',''
  ) );
#5162 = ORIENTED_EDGE('',*,*,#5163,.T.);
#5163 = EDGE_CURVE('',#5143,#5099,#5164,.T.);
#5164 = SURFACE_CURVE('',#5165,(#5169,#5175),.PCURVE_S1.);
#5165 = LINE('',#5166,#5167);
#5166 = CARTESIAN_POINT('',(222.,58.449529226991,30.08650974233));
#5167 = VECTOR('',#5168,1.);
#5168 = DIRECTION('',(0.,0.707106781187,-0.707106781187));
#5169 = PCURVE('',#233,#5170);
#5170 = DEFINITIONAL_REPRESENTATION('',(#5171),#5174);
#5171 = B_SPLINE_CURVE_WITH_KNOTS('',1,(#5172,#5173),.UNSPECIFIED.,.F.,
  .F.,(2,2),(-8.080095410883,13.133108024713),.PIECEWISE_BEZIER_KNOTS.);
#5172 = CARTESIAN_POINT('',(35.6,-42.74603896932));
#5173 = CARTESIAN_POINT('',(20.6,-57.74603896932));
#5174 = ( GEOMETRIC_REPRESENTATION_CONTEXT(2) 
PARAMETRIC_REPRESENTATION_CONTEXT() REPRESENTATION_CONTEXT('2D SPACE',''
  ) );
#5175 = PCURVE('',#3521,#5176);
#5176 = DEFINITIONAL_REPRESENTATION('',(#5177),#5180);
#5177 = B_SPLINE_CURVE_WITH_KNOTS('',1,(#5178,#5179),.UNSPECIFIED.,.F.,
  .F.,(2,2),(-8.080095410883,13.133108024713),.PIECEWISE_BEZIER_KNOTS.);
#5178 = CARTESIAN_POINT('',(21.213203435596,-7.));
#5179 = CARTESIAN_POINT('',(0.,-7.));
#5180 = ( GEOMETRIC_REPRESENTATION_CONTEXT(2) 
PARAMETRIC_REPRESENTATION_CONTEXT() REPRESENTATION_CONTEXT('2D SPACE',''
  ) );
#5181 = FACE_BOUND('',#5182,.T.);
#5182 = EDGE_LOOP('',(#5183,#5211,#5244));
#5183 = ORIENTED_EDGE('',*,*,#5184,.T.);
#5184 = EDGE_CURVE('',#5185,#5187,#5189,.T.);
#5185 = VERTEX_POINT('',#5186);
#5186 = CARTESIAN_POINT('',(222.,17.5,40.581118318204));
#5187 = VERTEX_POINT('',#5188);
#5188 = CARTESIAN_POINT('',(222.,20.540559159102,37.540559159102));
#5189 = SURFACE_CURVE('',#5190,(#5194,#5200),.PCURVE_S1.);
#5190 = LINE('',#5191,#5192);
#5191 = CARTESIAN_POINT('',(222.,27.238059159102,30.843059159102));
#5192 = VECTOR('',#5193,1.);
#5193 = DIRECTION('',(0.,0.707106781187,-0.707106781187));
#5194 = PCURVE('',#233,#5195);
#5195 = DEFINITIONAL_REPRESENTATION('',(#5196),#5199);
#5196 = B_SPLINE_CURVE_WITH_KNOTS('',1,(#5197,#5198),.UNSPECIFIED.,.F.,
  .F.,(2,2),(-13.77169533399,-9.471695333994),.PIECEWISE_BEZIER_KNOTS.);
#5197 = CARTESIAN_POINT('',(40.381118318204,-7.51));
#5198 = CARTESIAN_POINT('',(37.340559159102,-10.5505591591));
#5199 = ( GEOMETRIC_REPRESENTATION_CONTEXT(2) 
PARAMETRIC_REPRESENTATION_CONTEXT() REPRESENTATION_CONTEXT('2D SPACE',''
  ) );
#5200 = PCURVE('',#5201,#5206);
#5201 = PLANE('',#5202);
#5202 = AXIS2_PLACEMENT_3D('',#5203,#5204,#5205);
#5203 = CARTESIAN_POINT('',(215.,20.540559159102,37.540559159102));
#5204 = DIRECTION('',(0.,-0.707106781187,-0.707106781187));
#5205 = DIRECTION('',(0.,-0.707106781187,0.707106781187));
#5206 = DEFINITIONAL_REPRESENTATION('',(#5207),#5210);
#5207 = B_SPLINE_CURVE_WITH_KNOTS('',1,(#5208,#5209),.UNSPECIFIED.,.F.,
  .F.,(2,2),(-13.77169533399,-9.471695333994),.PIECEWISE_BEZIER_KNOTS.);
#5208 = CARTESIAN_POINT('',(4.3,-7.));
#5209 = CARTESIAN_POINT('',(0.,-7.));
#5210 = ( GEOMETRIC_REPRESENTATION_CONTEXT(2) 
PARAMETRIC_REPRESENTATION_CONTEXT() REPRESENTATION_CONTEXT('2D SPACE',''
  ) );
#5211 = ORIENTED_EDGE('',*,*,#5212,.T.);
#5212 = EDGE_CURVE('',#5187,#5213,#5215,.T.);
#5213 = VERTEX_POINT('',#5214);
#5214 = CARTESIAN_POINT('',(222.,14.459440840898,37.540559159102));
#5215 = SURFACE_CURVE('',#5216,(#5221,#5232),.PCURVE_S1.);
#5216 = CIRCLE('',#5217,4.3);
#5217 = AXIS2_PLACEMENT_3D('',#5218,#5219,#5220);
#5218 = CARTESIAN_POINT('',(222.,17.5,34.5));
#5219 = DIRECTION('',(-1.,-0.,0.));
#5220 = DIRECTION('',(0.,-1.652424966884E-15,-1.));
#5221 = PCURVE('',#233,#5222);
#5222 = DEFINITIONAL_REPRESENTATION('',(#5223),#5231);
#5223 = ( BOUNDED_CURVE() B_SPLINE_CURVE(2,(#5224,#5225,#5226,#5227,
#5228,#5229,#5230),.UNSPECIFIED.,.T.,.F.) B_SPLINE_CURVE_WITH_KNOTS((1,2
    ,2,2,2,1),(-2.094395102393,0.,2.094395102393,4.188790204786,
6.28318530718,8.377580409573),.UNSPECIFIED.) CURVE() 
GEOMETRIC_REPRESENTATION_ITEM() RATIONAL_B_SPLINE_CURVE((1.,0.5,1.,0.5,
1.,0.5,1.)) REPRESENTATION_ITEM('') );
#5224 = CARTESIAN_POINT('',(30.,-7.51));
#5225 = CARTESIAN_POINT('',(30.,-6.218152745384E-02));
#5226 = CARTESIAN_POINT('',(36.45,-3.786090763727));
#5227 = CARTESIAN_POINT('',(42.9,-7.51));
#5228 = CARTESIAN_POINT('',(36.45,-11.23390923627));
#5229 = CARTESIAN_POINT('',(30.,-14.95781847254));
#5230 = CARTESIAN_POINT('',(30.,-7.51));
#5231 = ( GEOMETRIC_REPRESENTATION_CONTEXT(2) 
PARAMETRIC_REPRESENTATION_CONTEXT() REPRESENTATION_CONTEXT('2D SPACE',''
  ) );
#5232 = PCURVE('',#5233,#5238);
#5233 = CYLINDRICAL_SURFACE('',#5234,4.3);
#5234 = AXIS2_PLACEMENT_3D('',#5235,#5236,#5237);
#5235 = CARTESIAN_POINT('',(215.,17.5,34.5));
#5236 = DIRECTION('',(-1.,-0.,-0.));
#5237 = DIRECTION('',(0.,-1.652424966884E-15,-1.));
#5238 = DEFINITIONAL_REPRESENTATION('',(#5239),#5243);
#5239 = LINE('',#5240,#5241);
#5240 = CARTESIAN_POINT('',(-6.28318530718,-7.));
#5241 = VECTOR('',#5242,1.);
#5242 = DIRECTION('',(1.,-0.));
#5243 = ( GEOMETRIC_REPRESENTATION_CONTEXT(2) 
PARAMETRIC_REPRESENTATION_CONTEXT() REPRESENTATION_CONTEXT('2D SPACE',''
  ) );
#5244 = ORIENTED_EDGE('',*,*,#5245,.T.);
#5245 = EDGE_CURVE('',#5213,#5185,#5246,.T.);
#5246 = SURFACE_CURVE('',#5247,(#5251,#5257),.PCURVE_S1.);
#5247 = LINE('',#5248,#5249);
#5248 = CARTESIAN_POINT('',(222.,5.527220420449,28.608338738653));
#5249 = VECTOR('',#5250,1.);
#5250 = DIRECTION('',(-0.,0.707106781187,0.707106781187));
#5251 = PCURVE('',#233,#5252);
#5252 = DEFINITIONAL_REPRESENTATION('',(#5253),#5256);
#5253 = B_SPLINE_CURVE_WITH_KNOTS('',1,(#5254,#5255),.UNSPECIFIED.,.F.,
  .F.,(2,2),(12.632067260705,16.932067260705),.PIECEWISE_BEZIER_KNOTS.);
#5254 = CARTESIAN_POINT('',(37.340559159102,-4.469440840898));
#5255 = CARTESIAN_POINT('',(40.381118318204,-7.51));
#5256 = ( GEOMETRIC_REPRESENTATION_CONTEXT(2) 
PARAMETRIC_REPRESENTATION_CONTEXT() REPRESENTATION_CONTEXT('2D SPACE',''
  ) );
#5257 = PCURVE('',#5258,#5263);
#5258 = PLANE('',#5259);
#5259 = AXIS2_PLACEMENT_3D('',#5260,#5261,#5262);
#5260 = CARTESIAN_POINT('',(215.,17.5,40.581118318204));
#5261 = DIRECTION('',(0.,0.707106781187,-0.707106781187));
#5262 = DIRECTION('',(0.,-0.707106781187,-0.707106781187));
#5263 = DEFINITIONAL_REPRESENTATION('',(#5264),#5267);
#5264 = B_SPLINE_CURVE_WITH_KNOTS('',1,(#5265,#5266),.UNSPECIFIED.,.F.,
  .F.,(2,2),(12.632067260705,16.932067260705),.PIECEWISE_BEZIER_KNOTS.);
#5265 = CARTESIAN_POINT('',(4.3,-7.));
#5266 = CARTESIAN_POINT('',(0.,-7.));
#5267 = ( GEOMETRIC_REPRESENTATION_CONTEXT(2) 
PARAMETRIC_REPRESENTATION_CONTEXT() REPRESENTATION_CONTEXT('2D SPACE',''
  ) );
#5268 = ADVANCED_FACE('',(#5269,#5437,#5558),#205,.T.);
#5269 = FACE_BOUND('',#5270,.T.);
#5270 = EDGE_LOOP('',(#5271,#5272,#5273,#5274,#5295,#5323,#5344,#5372,
    #5393,#5416));
#5271 = ORIENTED_EDGE('',*,*,#960,.F.);
#5272 = ORIENTED_EDGE('',*,*,#4389,.T.);
#5273 = ORIENTED_EDGE('',*,*,#189,.F.);
#5274 = ORIENTED_EDGE('',*,*,#5275,.F.);
#5275 = EDGE_CURVE('',#5276,#164,#5278,.T.);
#5276 = VERTEX_POINT('',#5277);
#5277 = CARTESIAN_POINT('',(228.25441558772,10.,40.420584412272));
#5278 = SURFACE_CURVE('',#5279,(#5283,#5289),.PCURVE_S1.);
#5279 = LINE('',#5280,#5281);
#5280 = CARTESIAN_POINT('',(202.78345779386,10.,14.949626618407));
#5281 = VECTOR('',#5282,1.);
#5282 = DIRECTION('',(0.707106781187,-0.,0.707106781187));
#5283 = PCURVE('',#205,#5284);
#5284 = DEFINITIONAL_REPRESENTATION('',(#5285),#5288);
#5285 = B_SPLINE_CURVE_WITH_KNOTS('',1,(#5286,#5287),.UNSPECIFIED.,.F.,
  .F.,(2,2),(36.021373958715,40.800589315776),.PIECEWISE_BEZIER_KNOTS.);
#5286 = CARTESIAN_POINT('',(40.220584412272,70.254415587728));
#5287 = CARTESIAN_POINT('',(43.6,73.633831175457));
#5288 = ( GEOMETRIC_REPRESENTATION_CONTEXT(2) 
PARAMETRIC_REPRESENTATION_CONTEXT() REPRESENTATION_CONTEXT('2D SPACE',''
  ) );
#5289 = PCURVE('',#178,#5290);
#5290 = DEFINITIONAL_REPRESENTATION('',(#5291),#5294);
#5291 = B_SPLINE_CURVE_WITH_KNOTS('',1,(#5292,#5293),.UNSPECIFIED.,.F.,
  .F.,(2,2),(36.021373958715,40.800589315776),.PIECEWISE_BEZIER_KNOTS.);
#5292 = CARTESIAN_POINT('',(6.074873734153,-11.));
#5293 = CARTESIAN_POINT('',(1.295658377092,-11.));
#5294 = ( GEOMETRIC_REPRESENTATION_CONTEXT(2) 
PARAMETRIC_REPRESENTATION_CONTEXT() REPRESENTATION_CONTEXT('2D SPACE',''
  ) );
#5295 = ORIENTED_EDGE('',*,*,#5296,.T.);
#5296 = EDGE_CURVE('',#5276,#5297,#5299,.T.);
#5297 = VERTEX_POINT('',#5298);
#5298 = CARTESIAN_POINT('',(230.8,10.,34.275));
#5299 = SURFACE_CURVE('',#5300,(#5305,#5316),.PCURVE_S1.);
#5300 = CIRCLE('',#5301,3.6);
#5301 = AXIS2_PLACEMENT_3D('',#5302,#5303,#5304);
#5302 = CARTESIAN_POINT('',(230.8,10.,37.875));
#5303 = DIRECTION('',(0.,-1.,-0.));
#5304 = DIRECTION('',(-0.707106781187,-0.,0.707106781187));
#5305 = PCURVE('',#205,#5306);
#5306 = DEFINITIONAL_REPRESENTATION('',(#5307),#5315);
#5307 = ( BOUNDED_CURVE() B_SPLINE_CURVE(2,(#5308,#5309,#5310,#5311,
#5312,#5313,#5314),.UNSPECIFIED.,.T.,.F.) B_SPLINE_CURVE_WITH_KNOTS((1,2
    ,2,2,2,1),(-2.094395102393,0.,2.094395102393,4.188790204786,
6.28318530718,8.377580409573),.UNSPECIFIED.) CURVE() 
GEOMETRIC_REPRESENTATION_ITEM() RATIONAL_B_SPLINE_CURVE((1.,0.5,1.,0.5,
1.,0.5,1.)) REPRESENTATION_ITEM('') );
#5308 = CARTESIAN_POINT('',(40.220584412272,70.254415587728));
#5309 = CARTESIAN_POINT('',(35.811502875262,65.845334050719));
#5310 = CARTESIAN_POINT('',(34.197667025359,71.868251437631));
#5311 = CARTESIAN_POINT('',(32.583831175457,77.891168824543));
#5312 = CARTESIAN_POINT('',(38.606748562369,76.277332974641));
#5313 = CARTESIAN_POINT('',(44.629665949281,74.663497124738));
#5314 = CARTESIAN_POINT('',(40.220584412272,70.254415587728));
#5315 = ( GEOMETRIC_REPRESENTATION_CONTEXT(2) 
PARAMETRIC_REPRESENTATION_CONTEXT() REPRESENTATION_CONTEXT('2D SPACE',''
  ) );
#5316 = PCURVE('',#1122,#5317);
#5317 = DEFINITIONAL_REPRESENTATION('',(#5318),#5322);
#5318 = LINE('',#5319,#5320);
#5319 = CARTESIAN_POINT('',(0.,-11.));
#5320 = VECTOR('',#5321,1.);
#5321 = DIRECTION('',(1.,0.));
#5322 = ( GEOMETRIC_REPRESENTATION_CONTEXT(2) 
PARAMETRIC_REPRESENTATION_CONTEXT() REPRESENTATION_CONTEXT('2D SPACE',''
  ) );
#5323 = ORIENTED_EDGE('',*,*,#5324,.F.);
#5324 = EDGE_CURVE('',#5325,#5297,#5327,.T.);
#5325 = VERTEX_POINT('',#5326);
#5326 = CARTESIAN_POINT('',(234.3,10.,34.275));
#5327 = SURFACE_CURVE('',#5328,(#5332,#5338),.PCURVE_S1.);
#5328 = LINE('',#5329,#5330);
#5329 = CARTESIAN_POINT('',(194.4,10.,34.275));
#5330 = VECTOR('',#5331,1.);
#5331 = DIRECTION('',(-1.,0.,0.));
#5332 = PCURVE('',#205,#5333);
#5333 = DEFINITIONAL_REPRESENTATION('',(#5334),#5337);
#5334 = B_SPLINE_CURVE_WITH_KNOTS('',1,(#5335,#5336),.UNSPECIFIED.,.F.,
  .F.,(2,2),(-39.9,-36.4),.PIECEWISE_BEZIER_KNOTS.);
#5335 = CARTESIAN_POINT('',(34.075,76.3));
#5336 = CARTESIAN_POINT('',(34.075,72.8));
#5337 = ( GEOMETRIC_REPRESENTATION_CONTEXT(2) 
PARAMETRIC_REPRESENTATION_CONTEXT() REPRESENTATION_CONTEXT('2D SPACE',''
  ) );
#5338 = PCURVE('',#1149,#5339);
#5339 = DEFINITIONAL_REPRESENTATION('',(#5340),#5343);
#5340 = B_SPLINE_CURVE_WITH_KNOTS('',1,(#5341,#5342),.UNSPECIFIED.,.F.,
  .F.,(2,2),(-39.9,-36.4),.PIECEWISE_BEZIER_KNOTS.);
#5341 = CARTESIAN_POINT('',(3.5,-11.));
#5342 = CARTESIAN_POINT('',(0.,-11.));
#5343 = ( GEOMETRIC_REPRESENTATION_CONTEXT(2) 
PARAMETRIC_REPRESENTATION_CONTEXT() REPRESENTATION_CONTEXT('2D SPACE',''
  ) );
#5344 = ORIENTED_EDGE('',*,*,#5345,.T.);
#5345 = EDGE_CURVE('',#5325,#5346,#5348,.T.);
#5346 = VERTEX_POINT('',#5347);
#5347 = CARTESIAN_POINT('',(236.84558441227,10.,40.420584412272));
#5348 = SURFACE_CURVE('',#5349,(#5354,#5365),.PCURVE_S1.);
#5349 = CIRCLE('',#5350,3.6);
#5350 = AXIS2_PLACEMENT_3D('',#5351,#5352,#5353);
#5351 = CARTESIAN_POINT('',(234.3,10.,37.875));
#5352 = DIRECTION('',(0.,-1.,0.));
#5353 = DIRECTION('',(0.,0.,-1.));
#5354 = PCURVE('',#205,#5355);
#5355 = DEFINITIONAL_REPRESENTATION('',(#5356),#5364);
#5356 = ( BOUNDED_CURVE() B_SPLINE_CURVE(2,(#5357,#5358,#5359,#5360,
#5361,#5362,#5363),.UNSPECIFIED.,.T.,.F.) B_SPLINE_CURVE_WITH_KNOTS((1,2
    ,2,2,2,1),(-2.094395102393,0.,2.094395102393,4.188790204786,
6.28318530718,8.377580409573),.UNSPECIFIED.) CURVE() 
GEOMETRIC_REPRESENTATION_ITEM() RATIONAL_B_SPLINE_CURVE((1.,0.5,1.,0.5,
1.,0.5,1.)) REPRESENTATION_ITEM('') );
#5357 = CARTESIAN_POINT('',(34.075,76.3));
#5358 = CARTESIAN_POINT('',(34.075,82.535382907248));
#5359 = CARTESIAN_POINT('',(39.475,79.417691453624));
#5360 = CARTESIAN_POINT('',(44.875,76.3));
#5361 = CARTESIAN_POINT('',(39.475,73.182308546376));
#5362 = CARTESIAN_POINT('',(34.075,70.064617092752));
#5363 = CARTESIAN_POINT('',(34.075,76.3));
#5364 = ( GEOMETRIC_REPRESENTATION_CONTEXT(2) 
PARAMETRIC_REPRESENTATION_CONTEXT() REPRESENTATION_CONTEXT('2D SPACE',''
  ) );
#5365 = PCURVE('',#1181,#5366);
#5366 = DEFINITIONAL_REPRESENTATION('',(#5367),#5371);
#5367 = LINE('',#5368,#5369);
#5368 = CARTESIAN_POINT('',(0.,-11.));
#5369 = VECTOR('',#5370,1.);
#5370 = DIRECTION('',(1.,0.));
#5371 = ( GEOMETRIC_REPRESENTATION_CONTEXT(2) 
PARAMETRIC_REPRESENTATION_CONTEXT() REPRESENTATION_CONTEXT('2D SPACE',''
  ) );
#5372 = ORIENTED_EDGE('',*,*,#5373,.F.);
#5373 = EDGE_CURVE('',#5374,#5346,#5376,.T.);
#5374 = VERTEX_POINT('',#5375);
#5375 = CARTESIAN_POINT('',(233.46616882454,10.,43.8));
#5376 = SURFACE_CURVE('',#5377,(#5381,#5387),.PCURVE_S1.);
#5377 = LINE('',#5378,#5379);
#5378 = CARTESIAN_POINT('',(227.18933441227,10.,50.076834412272));
#5379 = VECTOR('',#5380,1.);
#5380 = DIRECTION('',(0.707106781187,0.,-0.707106781187));
#5381 = PCURVE('',#205,#5382);
#5382 = DEFINITIONAL_REPRESENTATION('',(#5383),#5386);
#5383 = B_SPLINE_CURVE_WITH_KNOTS('',1,(#5384,#5385),.UNSPECIFIED.,.F.,
  .F.,(2,2),(8.876784354605,13.655999711665),.PIECEWISE_BEZIER_KNOTS.);
#5384 = CARTESIAN_POINT('',(43.6,75.466168824543));
#5385 = CARTESIAN_POINT('',(40.220584412272,78.845584412272));
#5386 = ( GEOMETRIC_REPRESENTATION_CONTEXT(2) 
PARAMETRIC_REPRESENTATION_CONTEXT() REPRESENTATION_CONTEXT('2D SPACE',''
  ) );
#5387 = PCURVE('',#1208,#5388);
#5388 = DEFINITIONAL_REPRESENTATION('',(#5389),#5392);
#5389 = B_SPLINE_CURVE_WITH_KNOTS('',1,(#5390,#5391),.UNSPECIFIED.,.F.,
  .F.,(2,2),(8.876784354605,13.655999711665),.PIECEWISE_BEZIER_KNOTS.);
#5390 = CARTESIAN_POINT('',(4.779215357061,-11.));
#5391 = CARTESIAN_POINT('',(0.,-11.));
#5392 = ( GEOMETRIC_REPRESENTATION_CONTEXT(2) 
PARAMETRIC_REPRESENTATION_CONTEXT() REPRESENTATION_CONTEXT('2D SPACE',''
  ) );
#5393 = ORIENTED_EDGE('',*,*,#5394,.F.);
#5394 = EDGE_CURVE('',#5395,#5374,#5397,.T.);
#5395 = VERTEX_POINT('',#5396);
#5396 = CARTESIAN_POINT('',(241.3,10.,43.8));
#5397 = SURFACE_CURVE('',#5398,(#5402,#5409),.PCURVE_S1.);
#5398 = LINE('',#5399,#5400);
#5399 = CARTESIAN_POINT('',(241.3,10.,43.8));
#5400 = VECTOR('',#5401,1.);
#5401 = DIRECTION('',(-1.,0.,0.));
#5402 = PCURVE('',#205,#5403);
#5403 = DEFINITIONAL_REPRESENTATION('',(#5404),#5408);
#5404 = LINE('',#5405,#5406);
#5405 = CARTESIAN_POINT('',(43.6,83.3));
#5406 = VECTOR('',#5407,1.);
#5407 = DIRECTION('',(0.,-1.));
#5408 = ( GEOMETRIC_REPRESENTATION_CONTEXT(2) 
PARAMETRIC_REPRESENTATION_CONTEXT() REPRESENTATION_CONTEXT('2D SPACE',''
  ) );
#5409 = PCURVE('',#1233,#5410);
#5410 = DEFINITIONAL_REPRESENTATION('',(#5411),#5415);
#5411 = LINE('',#5412,#5413);
#5412 = CARTESIAN_POINT('',(83.3,10.));
#5413 = VECTOR('',#5414,1.);
#5414 = DIRECTION('',(-1.,0.));
#5415 = ( GEOMETRIC_REPRESENTATION_CONTEXT(2) 
PARAMETRIC_REPRESENTATION_CONTEXT() REPRESENTATION_CONTEXT('2D SPACE',''
  ) );
#5416 = ORIENTED_EDGE('',*,*,#5417,.F.);
#5417 = EDGE_CURVE('',#933,#5395,#5418,.T.);
#5418 = SURFACE_CURVE('',#5419,(#5423,#5430),.PCURVE_S1.);
#5419 = LINE('',#5420,#5421);
#5420 = CARTESIAN_POINT('',(241.3,10.,0.2));
#5421 = VECTOR('',#5422,1.);
#5422 = DIRECTION('',(0.,0.,1.));
#5423 = PCURVE('',#205,#5424);
#5424 = DEFINITIONAL_REPRESENTATION('',(#5425),#5429);
#5425 = LINE('',#5426,#5427);
#5426 = CARTESIAN_POINT('',(0.,83.3));
#5427 = VECTOR('',#5428,1.);
#5428 = DIRECTION('',(1.,0.));
#5429 = ( GEOMETRIC_REPRESENTATION_CONTEXT(2) 
PARAMETRIC_REPRESENTATION_CONTEXT() REPRESENTATION_CONTEXT('2D SPACE',''
  ) );
#5430 = PCURVE('',#948,#5431);
#5431 = DEFINITIONAL_REPRESENTATION('',(#5432),#5436);
#5432 = LINE('',#5433,#5434);
#5433 = CARTESIAN_POINT('',(0.,-10.));
#5434 = VECTOR('',#5435,1.);
#5435 = DIRECTION('',(1.,0.));
#5436 = ( GEOMETRIC_REPRESENTATION_CONTEXT(2) 
PARAMETRIC_REPRESENTATION_CONTEXT() REPRESENTATION_CONTEXT('2D SPACE',''
  ) );
#5437 = FACE_BOUND('',#5438,.T.);
#5438 = EDGE_LOOP('',(#5439,#5462,#5490,#5511,#5532));
#5439 = ORIENTED_EDGE('',*,*,#5440,.F.);
#5440 = EDGE_CURVE('',#5441,#5443,#5445,.T.);
#5441 = VERTEX_POINT('',#5442);
#5442 = CARTESIAN_POINT('',(234.3,10.,2.525));
#5443 = VERTEX_POINT('',#5444);
#5444 = CARTESIAN_POINT('',(230.8,10.,2.525));
#5445 = SURFACE_CURVE('',#5446,(#5450,#5456),.PCURVE_S1.);
#5446 = LINE('',#5447,#5448);
#5447 = CARTESIAN_POINT('',(194.4,10.,2.525));
#5448 = VECTOR('',#5449,1.);
#5449 = DIRECTION('',(-1.,0.,0.));
#5450 = PCURVE('',#205,#5451);
#5451 = DEFINITIONAL_REPRESENTATION('',(#5452),#5455);
#5452 = B_SPLINE_CURVE_WITH_KNOTS('',1,(#5453,#5454),.UNSPECIFIED.,.F.,
  .F.,(2,2),(-39.9,-36.4),.PIECEWISE_BEZIER_KNOTS.);
#5453 = CARTESIAN_POINT('',(2.325,76.3));
#5454 = CARTESIAN_POINT('',(2.325,72.8));
#5455 = ( GEOMETRIC_REPRESENTATION_CONTEXT(2) 
PARAMETRIC_REPRESENTATION_CONTEXT() REPRESENTATION_CONTEXT('2D SPACE',''
  ) );
#5456 = PCURVE('',#1264,#5457);
#5457 = DEFINITIONAL_REPRESENTATION('',(#5458),#5461);
#5458 = B_SPLINE_CURVE_WITH_KNOTS('',1,(#5459,#5460),.UNSPECIFIED.,.F.,
  .F.,(2,2),(-39.9,-36.4),.PIECEWISE_BEZIER_KNOTS.);
#5459 = CARTESIAN_POINT('',(3.5,-11.));
#5460 = CARTESIAN_POINT('',(0.,-11.));
#5461 = ( GEOMETRIC_REPRESENTATION_CONTEXT(2) 
PARAMETRIC_REPRESENTATION_CONTEXT() REPRESENTATION_CONTEXT('2D SPACE',''
  ) );
#5462 = ORIENTED_EDGE('',*,*,#5463,.T.);
#5463 = EDGE_CURVE('',#5441,#5464,#5466,.T.);
#5464 = VERTEX_POINT('',#5465);
#5465 = CARTESIAN_POINT('',(236.84558441227,10.,8.670584412272));
#5466 = SURFACE_CURVE('',#5467,(#5472,#5483),.PCURVE_S1.);
#5467 = CIRCLE('',#5468,3.6);
#5468 = AXIS2_PLACEMENT_3D('',#5469,#5470,#5471);
#5469 = CARTESIAN_POINT('',(234.3,10.,6.125));
#5470 = DIRECTION('',(0.,-1.,0.));
#5471 = DIRECTION('',(0.,0.,-1.));
#5472 = PCURVE('',#205,#5473);
#5473 = DEFINITIONAL_REPRESENTATION('',(#5474),#5482);
#5474 = ( BOUNDED_CURVE() B_SPLINE_CURVE(2,(#5475,#5476,#5477,#5478,
#5479,#5480,#5481),.UNSPECIFIED.,.T.,.F.) B_SPLINE_CURVE_WITH_KNOTS((1,2
    ,2,2,2,1),(-2.094395102393,0.,2.094395102393,4.188790204786,
6.28318530718,8.377580409573),.UNSPECIFIED.) CURVE() 
GEOMETRIC_REPRESENTATION_ITEM() RATIONAL_B_SPLINE_CURVE((1.,0.5,1.,0.5,
1.,0.5,1.)) REPRESENTATION_ITEM('') );
#5475 = CARTESIAN_POINT('',(2.325,76.3));
#5476 = CARTESIAN_POINT('',(2.325,82.535382907248));
#5477 = CARTESIAN_POINT('',(7.725,79.417691453624));
#5478 = CARTESIAN_POINT('',(13.125,76.3));
#5479 = CARTESIAN_POINT('',(7.725,73.182308546376));
#5480 = CARTESIAN_POINT('',(2.325,70.064617092752));
#5481 = CARTESIAN_POINT('',(2.325,76.3));
#5482 = ( GEOMETRIC_REPRESENTATION_CONTEXT(2) 
PARAMETRIC_REPRESENTATION_CONTEXT() REPRESENTATION_CONTEXT('2D SPACE',''
  ) );
#5483 = PCURVE('',#1296,#5484);
#5484 = DEFINITIONAL_REPRESENTATION('',(#5485),#5489);
#5485 = LINE('',#5486,#5487);
#5486 = CARTESIAN_POINT('',(0.,-11.));
#5487 = VECTOR('',#5488,1.);
#5488 = DIRECTION('',(1.,0.));
#5489 = ( GEOMETRIC_REPRESENTATION_CONTEXT(2) 
PARAMETRIC_REPRESENTATION_CONTEXT() REPRESENTATION_CONTEXT('2D SPACE',''
  ) );
#5490 = ORIENTED_EDGE('',*,*,#5491,.F.);
#5491 = EDGE_CURVE('',#5492,#5464,#5494,.T.);
#5492 = VERTEX_POINT('',#5493);
#5493 = CARTESIAN_POINT('',(232.55,10.,12.966168824543));
#5494 = SURFACE_CURVE('',#5495,(#5499,#5505),.PCURVE_S1.);
#5495 = LINE('',#5496,#5497);
#5496 = CARTESIAN_POINT('',(219.25183441227,10.,26.264334412272));
#5497 = VECTOR('',#5498,1.);
#5498 = DIRECTION('',(0.707106781187,0.,-0.707106781187));
#5499 = PCURVE('',#205,#5500);
#5500 = DEFINITIONAL_REPRESENTATION('',(#5501),#5504);
#5501 = B_SPLINE_CURVE_WITH_KNOTS('',1,(#5502,#5503),.UNSPECIFIED.,.F.,
  .F.,(2,2),(18.806446128849,24.881319863002),.PIECEWISE_BEZIER_KNOTS.);
#5502 = CARTESIAN_POINT('',(12.766168824543,74.55));
#5503 = CARTESIAN_POINT('',(8.470584412272,78.845584412272));
#5504 = ( GEOMETRIC_REPRESENTATION_CONTEXT(2) 
PARAMETRIC_REPRESENTATION_CONTEXT() REPRESENTATION_CONTEXT('2D SPACE',''
  ) );
#5505 = PCURVE('',#1323,#5506);
#5506 = DEFINITIONAL_REPRESENTATION('',(#5507),#5510);
#5507 = B_SPLINE_CURVE_WITH_KNOTS('',1,(#5508,#5509),.UNSPECIFIED.,.F.,
  .F.,(2,2),(18.806446128849,24.881319863002),.PIECEWISE_BEZIER_KNOTS.);
#5508 = CARTESIAN_POINT('',(6.074873734153,-11.));
#5509 = CARTESIAN_POINT('',(0.,-11.));
#5510 = ( GEOMETRIC_REPRESENTATION_CONTEXT(2) 
PARAMETRIC_REPRESENTATION_CONTEXT() REPRESENTATION_CONTEXT('2D SPACE',''
  ) );
#5511 = ORIENTED_EDGE('',*,*,#5512,.F.);
#5512 = EDGE_CURVE('',#5513,#5492,#5515,.T.);
#5513 = VERTEX_POINT('',#5514);
#5514 = CARTESIAN_POINT('',(228.25441558772,10.,8.670584412272));
#5515 = SURFACE_CURVE('',#5516,(#5520,#5526),.PCURVE_S1.);
#5516 = LINE('',#5517,#5518);
#5517 = CARTESIAN_POINT('',(210.72095779386,10.,-8.862873381593));
#5518 = VECTOR('',#5519,1.);
#5519 = DIRECTION('',(0.707106781187,-0.,0.707106781187));
#5520 = PCURVE('',#205,#5521);
#5521 = DEFINITIONAL_REPRESENTATION('',(#5522),#5525);
#5522 = B_SPLINE_CURVE_WITH_KNOTS('',1,(#5523,#5524),.UNSPECIFIED.,.F.,
  .F.,(2,2),(24.796053807379,30.870927541532),.PIECEWISE_BEZIER_KNOTS.);
#5523 = CARTESIAN_POINT('',(8.470584412272,70.254415587728));
#5524 = CARTESIAN_POINT('',(12.766168824543,74.55));
#5525 = ( GEOMETRIC_REPRESENTATION_CONTEXT(2) 
PARAMETRIC_REPRESENTATION_CONTEXT() REPRESENTATION_CONTEXT('2D SPACE',''
  ) );
#5526 = PCURVE('',#1349,#5527);
#5527 = DEFINITIONAL_REPRESENTATION('',(#5528),#5531);
#5528 = B_SPLINE_CURVE_WITH_KNOTS('',1,(#5529,#5530),.UNSPECIFIED.,.F.,
  .F.,(2,2),(24.796053807379,30.870927541532),.PIECEWISE_BEZIER_KNOTS.);
#5529 = CARTESIAN_POINT('',(6.074873734153,-11.));
#5530 = CARTESIAN_POINT('',(0.,-11.));
#5531 = ( GEOMETRIC_REPRESENTATION_CONTEXT(2) 
PARAMETRIC_REPRESENTATION_CONTEXT() REPRESENTATION_CONTEXT('2D SPACE',''
  ) );
#5532 = ORIENTED_EDGE('',*,*,#5533,.T.);
#5533 = EDGE_CURVE('',#5513,#5443,#5534,.T.);
#5534 = SURFACE_CURVE('',#5535,(#5540,#5551),.PCURVE_S1.);
#5535 = CIRCLE('',#5536,3.6);
#5536 = AXIS2_PLACEMENT_3D('',#5537,#5538,#5539);
#5537 = CARTESIAN_POINT('',(230.8,10.,6.125));
#5538 = DIRECTION('',(0.,-1.,-0.));
#5539 = DIRECTION('',(-0.707106781187,-0.,0.707106781187));
#5540 = PCURVE('',#205,#5541);
#5541 = DEFINITIONAL_REPRESENTATION('',(#5542),#5550);
#5542 = ( BOUNDED_CURVE() B_SPLINE_CURVE(2,(#5543,#5544,#5545,#5546,
#5547,#5548,#5549),.UNSPECIFIED.,.T.,.F.) B_SPLINE_CURVE_WITH_KNOTS((1,2
    ,2,2,2,1),(-2.094395102393,0.,2.094395102393,4.188790204786,
6.28318530718,8.377580409573),.UNSPECIFIED.) CURVE() 
GEOMETRIC_REPRESENTATION_ITEM() RATIONAL_B_SPLINE_CURVE((1.,0.5,1.,0.5,
1.,0.5,1.)) REPRESENTATION_ITEM('') );
#5543 = CARTESIAN_POINT('',(8.470584412272,70.254415587728));
#5544 = CARTESIAN_POINT('',(4.061502875262,65.845334050719));
#5545 = CARTESIAN_POINT('',(2.447667025359,71.868251437631));
#5546 = CARTESIAN_POINT('',(0.833831175457,77.891168824543));
#5547 = CARTESIAN_POINT('',(6.856748562369,76.277332974641));
#5548 = CARTESIAN_POINT('',(12.879665949281,74.663497124738));
#5549 = CARTESIAN_POINT('',(8.470584412272,70.254415587728));
#5550 = ( GEOMETRIC_REPRESENTATION_CONTEXT(2) 
PARAMETRIC_REPRESENTATION_CONTEXT() REPRESENTATION_CONTEXT('2D SPACE',''
  ) );
#5551 = PCURVE('',#1379,#5552);
#5552 = DEFINITIONAL_REPRESENTATION('',(#5553),#5557);
#5553 = LINE('',#5554,#5555);
#5554 = CARTESIAN_POINT('',(0.,-11.));
#5555 = VECTOR('',#5556,1.);
#5556 = DIRECTION('',(1.,0.));
#5557 = ( GEOMETRIC_REPRESENTATION_CONTEXT(2) 
PARAMETRIC_REPRESENTATION_CONTEXT() REPRESENTATION_CONTEXT('2D SPACE',''
  ) );
#5558 = FACE_BOUND('',#5559,.T.);
#5559 = EDGE_LOOP('',(#5560,#5583,#5611,#5632,#5653));
#5560 = ORIENTED_EDGE('',*,*,#5561,.F.);
#5561 = EDGE_CURVE('',#5562,#5564,#5566,.T.);
#5562 = VERTEX_POINT('',#5563);
#5563 = CARTESIAN_POINT('',(234.3,10.,18.4));
#5564 = VERTEX_POINT('',#5565);
#5565 = CARTESIAN_POINT('',(230.8,10.,18.4));
#5566 = SURFACE_CURVE('',#5567,(#5571,#5577),.PCURVE_S1.);
#5567 = LINE('',#5568,#5569);
#5568 = CARTESIAN_POINT('',(194.4,10.,18.4));
#5569 = VECTOR('',#5570,1.);
#5570 = DIRECTION('',(-1.,0.,0.));
#5571 = PCURVE('',#205,#5572);
#5572 = DEFINITIONAL_REPRESENTATION('',(#5573),#5576);
#5573 = B_SPLINE_CURVE_WITH_KNOTS('',1,(#5574,#5575),.UNSPECIFIED.,.F.,
  .F.,(2,2),(-39.9,-36.4),.PIECEWISE_BEZIER_KNOTS.);
#5574 = CARTESIAN_POINT('',(18.2,76.3));
#5575 = CARTESIAN_POINT('',(18.2,72.8));
#5576 = ( GEOMETRIC_REPRESENTATION_CONTEXT(2) 
PARAMETRIC_REPRESENTATION_CONTEXT() REPRESENTATION_CONTEXT('2D SPACE',''
  ) );
#5577 = PCURVE('',#1410,#5578);
#5578 = DEFINITIONAL_REPRESENTATION('',(#5579),#5582);
#5579 = B_SPLINE_CURVE_WITH_KNOTS('',1,(#5580,#5581),.UNSPECIFIED.,.F.,
  .F.,(2,2),(-39.9,-36.4),.PIECEWISE_BEZIER_KNOTS.);
#5580 = CARTESIAN_POINT('',(3.5,-11.));
#5581 = CARTESIAN_POINT('',(0.,-11.));
#5582 = ( GEOMETRIC_REPRESENTATION_CONTEXT(2) 
PARAMETRIC_REPRESENTATION_CONTEXT() REPRESENTATION_CONTEXT('2D SPACE',''
  ) );
#5583 = ORIENTED_EDGE('',*,*,#5584,.T.);
#5584 = EDGE_CURVE('',#5562,#5585,#5587,.T.);
#5585 = VERTEX_POINT('',#5586);
#5586 = CARTESIAN_POINT('',(236.84558441227,10.,24.545584412272));
#5587 = SURFACE_CURVE('',#5588,(#5593,#5604),.PCURVE_S1.);
#5588 = CIRCLE('',#5589,3.6);
#5589 = AXIS2_PLACEMENT_3D('',#5590,#5591,#5592);
#5590 = CARTESIAN_POINT('',(234.3,10.,22.));
#5591 = DIRECTION('',(0.,-1.,0.));
#5592 = DIRECTION('',(0.,0.,-1.));
#5593 = PCURVE('',#205,#5594);
#5594 = DEFINITIONAL_REPRESENTATION('',(#5595),#5603);
#5595 = ( BOUNDED_CURVE() B_SPLINE_CURVE(2,(#5596,#5597,#5598,#5599,
#5600,#5601,#5602),.UNSPECIFIED.,.T.,.F.) B_SPLINE_CURVE_WITH_KNOTS((1,2
    ,2,2,2,1),(-2.094395102393,0.,2.094395102393,4.188790204786,
6.28318530718,8.377580409573),.UNSPECIFIED.) CURVE() 
GEOMETRIC_REPRESENTATION_ITEM() RATIONAL_B_SPLINE_CURVE((1.,0.5,1.,0.5,
1.,0.5,1.)) REPRESENTATION_ITEM('') );
#5596 = CARTESIAN_POINT('',(18.2,76.3));
#5597 = CARTESIAN_POINT('',(18.2,82.535382907248));
#5598 = CARTESIAN_POINT('',(23.6,79.417691453624));
#5599 = CARTESIAN_POINT('',(29.,76.3));
#5600 = CARTESIAN_POINT('',(23.6,73.182308546376));
#5601 = CARTESIAN_POINT('',(18.2,70.064617092752));
#5602 = CARTESIAN_POINT('',(18.2,76.3));
#5603 = ( GEOMETRIC_REPRESENTATION_CONTEXT(2) 
PARAMETRIC_REPRESENTATION_CONTEXT() REPRESENTATION_CONTEXT('2D SPACE',''
  ) );
#5604 = PCURVE('',#1442,#5605);
#5605 = DEFINITIONAL_REPRESENTATION('',(#5606),#5610);
#5606 = LINE('',#5607,#5608);
#5607 = CARTESIAN_POINT('',(0.,-11.));
#5608 = VECTOR('',#5609,1.);
#5609 = DIRECTION('',(1.,0.));
#5610 = ( GEOMETRIC_REPRESENTATION_CONTEXT(2) 
PARAMETRIC_REPRESENTATION_CONTEXT() REPRESENTATION_CONTEXT('2D SPACE',''
  ) );
#5611 = ORIENTED_EDGE('',*,*,#5612,.F.);
#5612 = EDGE_CURVE('',#5613,#5585,#5615,.T.);
#5613 = VERTEX_POINT('',#5614);
#5614 = CARTESIAN_POINT('',(232.55,10.,28.841168824543));
#5615 = SURFACE_CURVE('',#5616,(#5620,#5626),.PCURVE_S1.);
#5616 = LINE('',#5617,#5618);
#5617 = CARTESIAN_POINT('',(223.22058441227,10.,38.170584412272));
#5618 = VECTOR('',#5619,1.);
#5619 = DIRECTION('',(0.707106781187,0.,-0.707106781187));
#5620 = PCURVE('',#205,#5621);
#5621 = DEFINITIONAL_REPRESENTATION('',(#5622),#5625);
#5622 = B_SPLINE_CURVE_WITH_KNOTS('',1,(#5623,#5624),.UNSPECIFIED.,.F.,
  .F.,(2,2),(13.193786053181,19.268659787333),.PIECEWISE_BEZIER_KNOTS.);
#5623 = CARTESIAN_POINT('',(28.641168824543,74.55));
#5624 = CARTESIAN_POINT('',(24.345584412272,78.845584412272));
#5625 = ( GEOMETRIC_REPRESENTATION_CONTEXT(2) 
PARAMETRIC_REPRESENTATION_CONTEXT() REPRESENTATION_CONTEXT('2D SPACE',''
  ) );
#5626 = PCURVE('',#1469,#5627);
#5627 = DEFINITIONAL_REPRESENTATION('',(#5628),#5631);
#5628 = B_SPLINE_CURVE_WITH_KNOTS('',1,(#5629,#5630),.UNSPECIFIED.,.F.,
  .F.,(2,2),(13.193786053181,19.268659787333),.PIECEWISE_BEZIER_KNOTS.);
#5629 = CARTESIAN_POINT('',(6.074873734153,-11.));
#5630 = CARTESIAN_POINT('',(0.,-11.));
#5631 = ( GEOMETRIC_REPRESENTATION_CONTEXT(2) 
PARAMETRIC_REPRESENTATION_CONTEXT() REPRESENTATION_CONTEXT('2D SPACE',''
  ) );
#5632 = ORIENTED_EDGE('',*,*,#5633,.F.);
#5633 = EDGE_CURVE('',#5634,#5613,#5636,.T.);
#5634 = VERTEX_POINT('',#5635);
#5635 = CARTESIAN_POINT('',(228.25441558772,10.,24.545584412272));
#5636 = SURFACE_CURVE('',#5637,(#5641,#5647),.PCURVE_S1.);
#5637 = LINE('',#5638,#5639);
#5638 = CARTESIAN_POINT('',(206.75220779386,10.,3.043376618407));
#5639 = VECTOR('',#5640,1.);
#5640 = DIRECTION('',(0.707106781187,-0.,0.707106781187));
#5641 = PCURVE('',#205,#5642);
#5642 = DEFINITIONAL_REPRESENTATION('',(#5643),#5646);
#5643 = B_SPLINE_CURVE_WITH_KNOTS('',1,(#5644,#5645),.UNSPECIFIED.,.F.,
  .F.,(2,2),(30.408713883047,36.4835876172),.PIECEWISE_BEZIER_KNOTS.);
#5644 = CARTESIAN_POINT('',(24.345584412272,70.254415587728));
#5645 = CARTESIAN_POINT('',(28.641168824543,74.55));
#5646 = ( GEOMETRIC_REPRESENTATION_CONTEXT(2) 
PARAMETRIC_REPRESENTATION_CONTEXT() REPRESENTATION_CONTEXT('2D SPACE',''
  ) );
#5647 = PCURVE('',#1495,#5648);
#5648 = DEFINITIONAL_REPRESENTATION('',(#5649),#5652);
#5649 = B_SPLINE_CURVE_WITH_KNOTS('',1,(#5650,#5651),.UNSPECIFIED.,.F.,
  .F.,(2,2),(30.408713883047,36.4835876172),.PIECEWISE_BEZIER_KNOTS.);
#5650 = CARTESIAN_POINT('',(6.074873734153,-11.));
#5651 = CARTESIAN_POINT('',(0.,-11.));
#5652 = ( GEOMETRIC_REPRESENTATION_CONTEXT(2) 
PARAMETRIC_REPRESENTATION_CONTEXT() REPRESENTATION_CONTEXT('2D SPACE',''
  ) );
#5653 = ORIENTED_EDGE('',*,*,#5654,.T.);
#5654 = EDGE_CURVE('',#5634,#5564,#5655,.T.);
#5655 = SURFACE_CURVE('',#5656,(#5661,#5672),.PCURVE_S1.);
#5656 = CIRCLE('',#5657,3.6);
#5657 = AXIS2_PLACEMENT_3D('',#5658,#5659,#5660);
#5658 = CARTESIAN_POINT('',(230.8,10.,22.));
#5659 = DIRECTION('',(0.,-1.,-0.));
#5660 = DIRECTION('',(-0.707106781187,-0.,0.707106781187));
#5661 = PCURVE('',#205,#5662);
#5662 = DEFINITIONAL_REPRESENTATION('',(#5663),#5671);
#5663 = ( BOUNDED_CURVE() B_SPLINE_CURVE(2,(#5664,#5665,#5666,#5667,
#5668,#5669,#5670),.UNSPECIFIED.,.T.,.F.) B_SPLINE_CURVE_WITH_KNOTS((1,2
    ,2,2,2,1),(-2.094395102393,0.,2.094395102393,4.188790204786,
6.28318530718,8.377580409573),.UNSPECIFIED.) CURVE() 
GEOMETRIC_REPRESENTATION_ITEM() RATIONAL_B_SPLINE_CURVE((1.,0.5,1.,0.5,
1.,0.5,1.)) REPRESENTATION_ITEM('') );
#5664 = CARTESIAN_POINT('',(24.345584412272,70.254415587728));
#5665 = CARTESIAN_POINT('',(19.936502875262,65.845334050719));
#5666 = CARTESIAN_POINT('',(18.322667025359,71.868251437631));
#5667 = CARTESIAN_POINT('',(16.708831175457,77.891168824543));
#5668 = CARTESIAN_POINT('',(22.731748562369,76.277332974641));
#5669 = CARTESIAN_POINT('',(28.754665949281,74.663497124738));
#5670 = CARTESIAN_POINT('',(24.345584412272,70.254415587728));
#5671 = ( GEOMETRIC_REPRESENTATION_CONTEXT(2) 
PARAMETRIC_REPRESENTATION_CONTEXT() REPRESENTATION_CONTEXT('2D SPACE',''
  ) );
#5672 = PCURVE('',#1525,#5673);
#5673 = DEFINITIONAL_REPRESENTATION('',(#5674),#5678);
#5674 = LINE('',#5675,#5676);
#5675 = CARTESIAN_POINT('',(0.,-11.));
#5676 = VECTOR('',#5677,1.);
#5677 = DIRECTION('',(1.,0.));
#5678 = ( GEOMETRIC_REPRESENTATION_CONTEXT(2) 
PARAMETRIC_REPRESENTATION_CONTEXT() REPRESENTATION_CONTEXT('2D SPACE',''
  ) );
#5679 = ADVANCED_FACE('',(#5680),#178,.F.);
#5680 = FACE_BOUND('',#5681,.F.);
#5681 = EDGE_LOOP('',(#5682,#5703,#5704,#5705));
#5682 = ORIENTED_EDGE('',*,*,#5683,.F.);
#5683 = EDGE_CURVE('',#1081,#5276,#5684,.T.);
#5684 = SURFACE_CURVE('',#5685,(#5689,#5696),.PCURVE_S1.);
#5685 = LINE('',#5686,#5687);
#5686 = CARTESIAN_POINT('',(228.25441558772,-1.,40.420584412272));
#5687 = VECTOR('',#5688,1.);
#5688 = DIRECTION('',(-0.,1.,-0.));
#5689 = PCURVE('',#178,#5690);
#5690 = DEFINITIONAL_REPRESENTATION('',(#5691),#5695);
#5691 = LINE('',#5692,#5693);
#5692 = CARTESIAN_POINT('',(6.074873734153,0.));
#5693 = VECTOR('',#5694,1.);
#5694 = DIRECTION('',(0.,-1.));
#5695 = ( GEOMETRIC_REPRESENTATION_CONTEXT(2) 
PARAMETRIC_REPRESENTATION_CONTEXT() REPRESENTATION_CONTEXT('2D SPACE',''
  ) );
#5696 = PCURVE('',#1122,#5697);
#5697 = DEFINITIONAL_REPRESENTATION('',(#5698),#5702);
#5698 = LINE('',#5699,#5700);
#5699 = CARTESIAN_POINT('',(0.,0.));
#5700 = VECTOR('',#5701,1.);
#5701 = DIRECTION('',(0.,-1.));
#5702 = ( GEOMETRIC_REPRESENTATION_CONTEXT(2) 
PARAMETRIC_REPRESENTATION_CONTEXT() REPRESENTATION_CONTEXT('2D SPACE',''
  ) );
#5703 = ORIENTED_EDGE('',*,*,#1080,.T.);
#5704 = ORIENTED_EDGE('',*,*,#163,.F.);
#5705 = ORIENTED_EDGE('',*,*,#5275,.F.);
#5706 = ADVANCED_FACE('',(#5707),#646,.T.);
#5707 = FACE_BOUND('',#5708,.T.);
#5708 = EDGE_LOOP('',(#5709,#5710,#5733,#5759,#5785,#5818,#5841,#5867,
    #5893,#5926,#5949,#5977));
#5709 = ORIENTED_EDGE('',*,*,#628,.F.);
#5710 = ORIENTED_EDGE('',*,*,#5711,.F.);
#5711 = EDGE_CURVE('',#5712,#629,#5714,.T.);
#5712 = VERTEX_POINT('',#5713);
#5713 = CARTESIAN_POINT('',(161.,16.,38.515432893255));
#5714 = SURFACE_CURVE('',#5715,(#5719,#5726),.PCURVE_S1.);
#5715 = LINE('',#5716,#5717);
#5716 = CARTESIAN_POINT('',(161.,16.,2.8));
#5717 = VECTOR('',#5718,1.);
#5718 = DIRECTION('',(0.,0.,1.));
#5719 = PCURVE('',#646,#5720);
#5720 = DEFINITIONAL_REPRESENTATION('',(#5721),#5725);
#5721 = LINE('',#5722,#5723);
#5722 = CARTESIAN_POINT('',(2.6,-12.8));
#5723 = VECTOR('',#5724,1.);
#5724 = DIRECTION('',(1.,0.));
#5725 = ( GEOMETRIC_REPRESENTATION_CONTEXT(2) 
PARAMETRIC_REPRESENTATION_CONTEXT() REPRESENTATION_CONTEXT('2D SPACE',''
  ) );
#5726 = PCURVE('',#844,#5727);
#5727 = DEFINITIONAL_REPRESENTATION('',(#5728),#5732);
#5728 = LINE('',#5729,#5730);
#5729 = CARTESIAN_POINT('',(-3.14159265359,0.));
#5730 = VECTOR('',#5731,1.);
#5731 = DIRECTION('',(-0.,-1.));
#5732 = ( GEOMETRIC_REPRESENTATION_CONTEXT(2) 
PARAMETRIC_REPRESENTATION_CONTEXT() REPRESENTATION_CONTEXT('2D SPACE',''
  ) );
#5733 = ORIENTED_EDGE('',*,*,#5734,.T.);
#5734 = EDGE_CURVE('',#5712,#5735,#5737,.T.);
#5735 = VERTEX_POINT('',#5736);
#5736 = CARTESIAN_POINT('',(161.,17.5,40.015432893255));
#5737 = SURFACE_CURVE('',#5738,(#5742,#5748),.PCURVE_S1.);
#5738 = LINE('',#5739,#5740);
#5739 = CARTESIAN_POINT('',(161.,3.971141776686,26.486574669941));
#5740 = VECTOR('',#5741,1.);
#5741 = DIRECTION('',(-0.,0.707106781187,0.707106781187));
#5742 = PCURVE('',#646,#5743);
#5743 = DEFINITIONAL_REPRESENTATION('',(#5744),#5747);
#5744 = B_SPLINE_CURVE_WITH_KNOTS('',1,(#5745,#5746),.UNSPECIFIED.,.F.,
  .F.,(2,2),(17.011374439273,19.132694782833),.PIECEWISE_BEZIER_KNOTS.);
#5745 = CARTESIAN_POINT('',(38.315432893255,-12.8));
#5746 = CARTESIAN_POINT('',(39.815432893255,-14.3));
#5747 = ( GEOMETRIC_REPRESENTATION_CONTEXT(2) 
PARAMETRIC_REPRESENTATION_CONTEXT() REPRESENTATION_CONTEXT('2D SPACE',''
  ) );
#5748 = PCURVE('',#5749,#5754);
#5749 = PLANE('',#5750);
#5750 = AXIS2_PLACEMENT_3D('',#5751,#5752,#5753);
#5751 = CARTESIAN_POINT('',(157.4,17.5,40.015432893255));
#5752 = DIRECTION('',(0.,0.707106781187,-0.707106781187));
#5753 = DIRECTION('',(0.,-0.707106781187,-0.707106781187));
#5754 = DEFINITIONAL_REPRESENTATION('',(#5755),#5758);
#5755 = B_SPLINE_CURVE_WITH_KNOTS('',1,(#5756,#5757),.UNSPECIFIED.,.F.,
  .F.,(2,2),(17.011374439273,19.132694782833),.PIECEWISE_BEZIER_KNOTS.);
#5756 = CARTESIAN_POINT('',(2.12132034356,-3.6));
#5757 = CARTESIAN_POINT('',(0.,-3.6));
#5758 = ( GEOMETRIC_REPRESENTATION_CONTEXT(2) 
PARAMETRIC_REPRESENTATION_CONTEXT() REPRESENTATION_CONTEXT('2D SPACE',''
  ) );
#5759 = ORIENTED_EDGE('',*,*,#5760,.T.);
#5760 = EDGE_CURVE('',#5735,#5761,#5763,.T.);
#5761 = VERTEX_POINT('',#5762);
#5762 = CARTESIAN_POINT('',(161.,20.257716446628,37.257716446628));
#5763 = SURFACE_CURVE('',#5764,(#5768,#5774),.PCURVE_S1.);
#5764 = LINE('',#5765,#5766);
#5765 = CARTESIAN_POINT('',(161.,25.257716446628,32.257716446628));
#5766 = VECTOR('',#5767,1.);
#5767 = DIRECTION('',(0.,0.707106781187,-0.707106781187));
#5768 = PCURVE('',#646,#5769);
#5769 = DEFINITIONAL_REPRESENTATION('',(#5770),#5773);
#5770 = B_SPLINE_CURVE_WITH_KNOTS('',1,(#5771,#5772),.UNSPECIFIED.,.F.,
  .F.,(2,2),(-10.97106781186,-7.071067811866),.PIECEWISE_BEZIER_KNOTS.);
#5771 = CARTESIAN_POINT('',(39.815432893255,-14.3));
#5772 = CARTESIAN_POINT('',(37.057716446628,-17.05771644662));
#5773 = ( GEOMETRIC_REPRESENTATION_CONTEXT(2) 
PARAMETRIC_REPRESENTATION_CONTEXT() REPRESENTATION_CONTEXT('2D SPACE',''
  ) );
#5774 = PCURVE('',#5775,#5780);
#5775 = PLANE('',#5776);
#5776 = AXIS2_PLACEMENT_3D('',#5777,#5778,#5779);
#5777 = CARTESIAN_POINT('',(157.4,20.257716446628,37.257716446628));
#5778 = DIRECTION('',(0.,-0.707106781187,-0.707106781187));
#5779 = DIRECTION('',(0.,-0.707106781187,0.707106781187));
#5780 = DEFINITIONAL_REPRESENTATION('',(#5781),#5784);
#5781 = B_SPLINE_CURVE_WITH_KNOTS('',1,(#5782,#5783),.UNSPECIFIED.,.F.,
  .F.,(2,2),(-10.97106781186,-7.071067811866),.PIECEWISE_BEZIER_KNOTS.);
#5782 = CARTESIAN_POINT('',(3.9,-3.6));
#5783 = CARTESIAN_POINT('',(0.,-3.6));
#5784 = ( GEOMETRIC_REPRESENTATION_CONTEXT(2) 
PARAMETRIC_REPRESENTATION_CONTEXT() REPRESENTATION_CONTEXT('2D SPACE',''
  ) );
#5785 = ORIENTED_EDGE('',*,*,#5786,.T.);
#5786 = EDGE_CURVE('',#5761,#5787,#5789,.T.);
#5787 = VERTEX_POINT('',#5788);
#5788 = CARTESIAN_POINT('',(161.,16.,30.9));
#5789 = SURFACE_CURVE('',#5790,(#5795,#5806),.PCURVE_S1.);
#5790 = CIRCLE('',#5791,3.9);
#5791 = AXIS2_PLACEMENT_3D('',#5792,#5793,#5794);
#5792 = CARTESIAN_POINT('',(161.,17.5,34.5));
#5793 = DIRECTION('',(-1.,-0.,0.));
#5794 = DIRECTION('',(-0.,9.109522253335E-16,-1.));
#5795 = PCURVE('',#646,#5796);
#5796 = DEFINITIONAL_REPRESENTATION('',(#5797),#5805);
#5797 = ( BOUNDED_CURVE() B_SPLINE_CURVE(2,(#5798,#5799,#5800,#5801,
#5802,#5803,#5804),.UNSPECIFIED.,.T.,.F.) B_SPLINE_CURVE_WITH_KNOTS((1,2
    ,2,2,2,1),(-2.094395102393,0.,2.094395102393,4.188790204786,
6.28318530718,8.377580409573),.UNSPECIFIED.) CURVE() 
GEOMETRIC_REPRESENTATION_ITEM() RATIONAL_B_SPLINE_CURVE((1.,0.5,1.,0.5,
1.,0.5,1.)) REPRESENTATION_ITEM('') );
#5798 = CARTESIAN_POINT('',(30.4,-14.3));
#5799 = CARTESIAN_POINT('',(30.4,-7.545001850481));
#5800 = CARTESIAN_POINT('',(36.25,-10.92250092524));
#5801 = CARTESIAN_POINT('',(42.1,-14.3));
#5802 = CARTESIAN_POINT('',(36.25,-17.67749907475));
#5803 = CARTESIAN_POINT('',(30.4,-21.05499814951));
#5804 = CARTESIAN_POINT('',(30.4,-14.3));
#5805 = ( GEOMETRIC_REPRESENTATION_CONTEXT(2) 
PARAMETRIC_REPRESENTATION_CONTEXT() REPRESENTATION_CONTEXT('2D SPACE',''
  ) );
#5806 = PCURVE('',#5807,#5812);
#5807 = CYLINDRICAL_SURFACE('',#5808,3.9);
#5808 = AXIS2_PLACEMENT_3D('',#5809,#5810,#5811);
#5809 = CARTESIAN_POINT('',(157.4,17.5,34.5));
#5810 = DIRECTION('',(-1.,-0.,0.));
#5811 = DIRECTION('',(-0.,9.109522253335E-16,-1.));
#5812 = DEFINITIONAL_REPRESENTATION('',(#5813),#5817);
#5813 = LINE('',#5814,#5815);
#5814 = CARTESIAN_POINT('',(-12.56637061435,-3.6));
#5815 = VECTOR('',#5816,1.);
#5816 = DIRECTION('',(1.,-0.));
#5817 = ( GEOMETRIC_REPRESENTATION_CONTEXT(2) 
PARAMETRIC_REPRESENTATION_CONTEXT() REPRESENTATION_CONTEXT('2D SPACE',''
  ) );
#5818 = ORIENTED_EDGE('',*,*,#5819,.F.);
#5819 = EDGE_CURVE('',#5820,#5787,#5822,.T.);
#5820 = VERTEX_POINT('',#5821);
#5821 = CARTESIAN_POINT('',(161.,16.,13.515432893255));
#5822 = SURFACE_CURVE('',#5823,(#5827,#5834),.PCURVE_S1.);
#5823 = LINE('',#5824,#5825);
#5824 = CARTESIAN_POINT('',(161.,16.,2.8));
#5825 = VECTOR('',#5826,1.);
#5826 = DIRECTION('',(0.,0.,1.));
#5827 = PCURVE('',#646,#5828);
#5828 = DEFINITIONAL_REPRESENTATION('',(#5829),#5833);
#5829 = LINE('',#5830,#5831);
#5830 = CARTESIAN_POINT('',(2.6,-12.8));
#5831 = VECTOR('',#5832,1.);
#5832 = DIRECTION('',(1.,0.));
#5833 = ( GEOMETRIC_REPRESENTATION_CONTEXT(2) 
PARAMETRIC_REPRESENTATION_CONTEXT() REPRESENTATION_CONTEXT('2D SPACE',''
  ) );
#5834 = PCURVE('',#844,#5835);
#5835 = DEFINITIONAL_REPRESENTATION('',(#5836),#5840);
#5836 = LINE('',#5837,#5838);
#5837 = CARTESIAN_POINT('',(-3.14159265359,0.));
#5838 = VECTOR('',#5839,1.);
#5839 = DIRECTION('',(-0.,-1.));
#5840 = ( GEOMETRIC_REPRESENTATION_CONTEXT(2) 
PARAMETRIC_REPRESENTATION_CONTEXT() REPRESENTATION_CONTEXT('2D SPACE',''
  ) );
#5841 = ORIENTED_EDGE('',*,*,#5842,.T.);
#5842 = EDGE_CURVE('',#5820,#5843,#5845,.T.);
#5843 = VERTEX_POINT('',#5844);
#5844 = CARTESIAN_POINT('',(161.,17.5,15.015432893255));
#5845 = SURFACE_CURVE('',#5846,(#5850,#5856),.PCURVE_S1.);
#5846 = LINE('',#5847,#5848);
#5847 = CARTESIAN_POINT('',(161.,10.221141776686,7.736574669941));
#5848 = VECTOR('',#5849,1.);
#5849 = DIRECTION('',(-0.,0.707106781187,0.707106781187));
#5850 = PCURVE('',#646,#5851);
#5851 = DEFINITIONAL_REPRESENTATION('',(#5852),#5855);
#5852 = B_SPLINE_CURVE_WITH_KNOTS('',1,(#5853,#5854),.UNSPECIFIED.,.F.,
  .F.,(2,2),(8.172539674442,10.293860018001),.PIECEWISE_BEZIER_KNOTS.);
#5853 = CARTESIAN_POINT('',(13.315432893255,-12.8));
#5854 = CARTESIAN_POINT('',(14.815432893255,-14.3));
#5855 = ( GEOMETRIC_REPRESENTATION_CONTEXT(2) 
PARAMETRIC_REPRESENTATION_CONTEXT() REPRESENTATION_CONTEXT('2D SPACE',''
  ) );
#5856 = PCURVE('',#5857,#5862);
#5857 = PLANE('',#5858);
#5858 = AXIS2_PLACEMENT_3D('',#5859,#5860,#5861);
#5859 = CARTESIAN_POINT('',(157.4,17.5,15.015432893255));
#5860 = DIRECTION('',(0.,0.707106781187,-0.707106781187));
#5861 = DIRECTION('',(0.,-0.707106781187,-0.707106781187));
#5862 = DEFINITIONAL_REPRESENTATION('',(#5863),#5866);
#5863 = B_SPLINE_CURVE_WITH_KNOTS('',1,(#5864,#5865),.UNSPECIFIED.,.F.,
  .F.,(2,2),(8.172539674442,10.293860018001),.PIECEWISE_BEZIER_KNOTS.);
#5864 = CARTESIAN_POINT('',(2.12132034356,-3.6));
#5865 = CARTESIAN_POINT('',(0.,-3.6));
#5866 = ( GEOMETRIC_REPRESENTATION_CONTEXT(2) 
PARAMETRIC_REPRESENTATION_CONTEXT() REPRESENTATION_CONTEXT('2D SPACE',''
  ) );
#5867 = ORIENTED_EDGE('',*,*,#5868,.T.);
#5868 = EDGE_CURVE('',#5843,#5869,#5871,.T.);
#5869 = VERTEX_POINT('',#5870);
#5870 = CARTESIAN_POINT('',(161.,20.257716446628,12.257716446628));
#5871 = SURFACE_CURVE('',#5872,(#5876,#5882),.PCURVE_S1.);
#5872 = LINE('',#5873,#5874);
#5873 = CARTESIAN_POINT('',(161.,19.007716446628,13.507716446628));
#5874 = VECTOR('',#5875,1.);
#5875 = DIRECTION('',(0.,0.707106781187,-0.707106781187));
#5876 = PCURVE('',#646,#5877);
#5877 = DEFINITIONAL_REPRESENTATION('',(#5878),#5881);
#5878 = B_SPLINE_CURVE_WITH_KNOTS('',1,(#5879,#5880),.UNSPECIFIED.,.F.,
  .F.,(2,2),(-2.132233047034,1.767766952966),.PIECEWISE_BEZIER_KNOTS.);
#5879 = CARTESIAN_POINT('',(14.815432893255,-14.3));
#5880 = CARTESIAN_POINT('',(12.057716446628,-17.05771644662));
#5881 = ( GEOMETRIC_REPRESENTATION_CONTEXT(2) 
PARAMETRIC_REPRESENTATION_CONTEXT() REPRESENTATION_CONTEXT('2D SPACE',''
  ) );
#5882 = PCURVE('',#5883,#5888);
#5883 = PLANE('',#5884);
#5884 = AXIS2_PLACEMENT_3D('',#5885,#5886,#5887);
#5885 = CARTESIAN_POINT('',(157.4,20.257716446628,12.257716446628));
#5886 = DIRECTION('',(0.,-0.707106781187,-0.707106781187));
#5887 = DIRECTION('',(0.,-0.707106781187,0.707106781187));
#5888 = DEFINITIONAL_REPRESENTATION('',(#5889),#5892);
#5889 = B_SPLINE_CURVE_WITH_KNOTS('',1,(#5890,#5891),.UNSPECIFIED.,.F.,
  .F.,(2,2),(-2.132233047034,1.767766952966),.PIECEWISE_BEZIER_KNOTS.);
#5890 = CARTESIAN_POINT('',(3.9,-3.6));
#5891 = CARTESIAN_POINT('',(0.,-3.6));
#5892 = ( GEOMETRIC_REPRESENTATION_CONTEXT(2) 
PARAMETRIC_REPRESENTATION_CONTEXT() REPRESENTATION_CONTEXT('2D SPACE',''
  ) );
#5893 = ORIENTED_EDGE('',*,*,#5894,.T.);
#5894 = EDGE_CURVE('',#5869,#5895,#5897,.T.);
#5895 = VERTEX_POINT('',#5896);
#5896 = CARTESIAN_POINT('',(161.,16.,5.9));
#5897 = SURFACE_CURVE('',#5898,(#5903,#5914),.PCURVE_S1.);
#5898 = CIRCLE('',#5899,3.9);
#5899 = AXIS2_PLACEMENT_3D('',#5900,#5901,#5902);
#5900 = CARTESIAN_POINT('',(161.,17.5,9.5));
#5901 = DIRECTION('',(-1.,-0.,0.));
#5902 = DIRECTION('',(0.,-0.,-1.));
#5903 = PCURVE('',#646,#5904);
#5904 = DEFINITIONAL_REPRESENTATION('',(#5905),#5913);
#5905 = ( BOUNDED_CURVE() B_SPLINE_CURVE(2,(#5906,#5907,#5908,#5909,
#5910,#5911,#5912),.UNSPECIFIED.,.T.,.F.) B_SPLINE_CURVE_WITH_KNOTS((1,2
    ,2,2,2,1),(-2.094395102393,0.,2.094395102393,4.188790204786,
6.28318530718,8.377580409573),.UNSPECIFIED.) CURVE() 
GEOMETRIC_REPRESENTATION_ITEM() RATIONAL_B_SPLINE_CURVE((1.,0.5,1.,0.5,
1.,0.5,1.)) REPRESENTATION_ITEM('') );
#5906 = CARTESIAN_POINT('',(5.4,-14.3));
#5907 = CARTESIAN_POINT('',(5.4,-7.545001850481));
#5908 = CARTESIAN_POINT('',(11.25,-10.92250092524));
#5909 = CARTESIAN_POINT('',(17.1,-14.3));
#5910 = CARTESIAN_POINT('',(11.25,-17.67749907475));
#5911 = CARTESIAN_POINT('',(5.4,-21.05499814951));
#5912 = CARTESIAN_POINT('',(5.4,-14.3));
#5913 = ( GEOMETRIC_REPRESENTATION_CONTEXT(2) 
PARAMETRIC_REPRESENTATION_CONTEXT() REPRESENTATION_CONTEXT('2D SPACE',''
  ) );
#5914 = PCURVE('',#5915,#5920);
#5915 = CYLINDRICAL_SURFACE('',#5916,3.9);
#5916 = AXIS2_PLACEMENT_3D('',#5917,#5918,#5919);
#5917 = CARTESIAN_POINT('',(157.4,17.5,9.5));
#5918 = DIRECTION('',(-1.,-0.,-0.));
#5919 = DIRECTION('',(0.,-0.,-1.));
#5920 = DEFINITIONAL_REPRESENTATION('',(#5921),#5925);
#5921 = LINE('',#5922,#5923);
#5922 = CARTESIAN_POINT('',(-6.28318530718,-3.6));
#5923 = VECTOR('',#5924,1.);
#5924 = DIRECTION('',(1.,-0.));
#5925 = ( GEOMETRIC_REPRESENTATION_CONTEXT(2) 
PARAMETRIC_REPRESENTATION_CONTEXT() REPRESENTATION_CONTEXT('2D SPACE',''
  ) );
#5926 = ORIENTED_EDGE('',*,*,#5927,.F.);
#5927 = EDGE_CURVE('',#5928,#5895,#5930,.T.);
#5928 = VERTEX_POINT('',#5929);
#5929 = CARTESIAN_POINT('',(161.,16.,4.8));
#5930 = SURFACE_CURVE('',#5931,(#5935,#5942),.PCURVE_S1.);
#5931 = LINE('',#5932,#5933);
#5932 = CARTESIAN_POINT('',(161.,16.,2.8));
#5933 = VECTOR('',#5934,1.);
#5934 = DIRECTION('',(0.,0.,1.));
#5935 = PCURVE('',#646,#5936);
#5936 = DEFINITIONAL_REPRESENTATION('',(#5937),#5941);
#5937 = LINE('',#5938,#5939);
#5938 = CARTESIAN_POINT('',(2.6,-12.8));
#5939 = VECTOR('',#5940,1.);
#5940 = DIRECTION('',(1.,0.));
#5941 = ( GEOMETRIC_REPRESENTATION_CONTEXT(2) 
PARAMETRIC_REPRESENTATION_CONTEXT() REPRESENTATION_CONTEXT('2D SPACE',''
  ) );
#5942 = PCURVE('',#844,#5943);
#5943 = DEFINITIONAL_REPRESENTATION('',(#5944),#5948);
#5944 = LINE('',#5945,#5946);
#5945 = CARTESIAN_POINT('',(-3.14159265359,0.));
#5946 = VECTOR('',#5947,1.);
#5947 = DIRECTION('',(-0.,-1.));
#5948 = ( GEOMETRIC_REPRESENTATION_CONTEXT(2) 
PARAMETRIC_REPRESENTATION_CONTEXT() REPRESENTATION_CONTEXT('2D SPACE',''
  ) );
#5949 = ORIENTED_EDGE('',*,*,#5950,.T.);
#5950 = EDGE_CURVE('',#5928,#5951,#5953,.T.);
#5951 = VERTEX_POINT('',#5952);
#5952 = CARTESIAN_POINT('',(161.,28.,4.8));
#5953 = SURFACE_CURVE('',#5954,(#5958,#5965),.PCURVE_S1.);
#5954 = LINE('',#5955,#5956);
#5955 = CARTESIAN_POINT('',(161.,10.,4.8));
#5956 = VECTOR('',#5957,1.);
#5957 = DIRECTION('',(0.,1.,0.));
#5958 = PCURVE('',#646,#5959);
#5959 = DEFINITIONAL_REPRESENTATION('',(#5960),#5964);
#5960 = LINE('',#5961,#5962);
#5961 = CARTESIAN_POINT('',(4.6,-6.8));
#5962 = VECTOR('',#5963,1.);
#5963 = DIRECTION('',(0.,-1.));
#5964 = ( GEOMETRIC_REPRESENTATION_CONTEXT(2) 
PARAMETRIC_REPRESENTATION_CONTEXT() REPRESENTATION_CONTEXT('2D SPACE',''
  ) );
#5965 = PCURVE('',#5966,#5971);
#5966 = CYLINDRICAL_SURFACE('',#5967,2.);
#5967 = AXIS2_PLACEMENT_3D('',#5968,#5969,#5970);
#5968 = CARTESIAN_POINT('',(163.,10.,4.8));
#5969 = DIRECTION('',(0.,-1.,0.));
#5970 = DIRECTION('',(1.,0.,0.));
#5971 = DEFINITIONAL_REPRESENTATION('',(#5972),#5976);
#5972 = LINE('',#5973,#5974);
#5973 = CARTESIAN_POINT('',(3.14159265359,0.));
#5974 = VECTOR('',#5975,1.);
#5975 = DIRECTION('',(0.,-1.));
#5976 = ( GEOMETRIC_REPRESENTATION_CONTEXT(2) 
PARAMETRIC_REPRESENTATION_CONTEXT() REPRESENTATION_CONTEXT('2D SPACE',''
  ) );
#5977 = ORIENTED_EDGE('',*,*,#5978,.T.);
#5978 = EDGE_CURVE('',#5951,#631,#5979,.T.);
#5979 = SURFACE_CURVE('',#5980,(#5984,#5991),.PCURVE_S1.);
#5980 = LINE('',#5981,#5982);
#5981 = CARTESIAN_POINT('',(161.,28.,2.8));
#5982 = VECTOR('',#5983,1.);
#5983 = DIRECTION('',(0.,0.,1.));
#5984 = PCURVE('',#646,#5985);
#5985 = DEFINITIONAL_REPRESENTATION('',(#5986),#5990);
#5986 = LINE('',#5987,#5988);
#5987 = CARTESIAN_POINT('',(2.6,-24.8));
#5988 = VECTOR('',#5989,1.);
#5989 = DIRECTION('',(1.,0.));
#5990 = ( GEOMETRIC_REPRESENTATION_CONTEXT(2) 
PARAMETRIC_REPRESENTATION_CONTEXT() REPRESENTATION_CONTEXT('2D SPACE',''
  ) );
#5991 = PCURVE('',#675,#5992);
#5992 = DEFINITIONAL_REPRESENTATION('',(#5993),#5997);
#5993 = LINE('',#5994,#5995);
#5994 = CARTESIAN_POINT('',(-3.14159265359,0.));
#5995 = VECTOR('',#5996,1.);
#5996 = DIRECTION('',(-0.,-1.));
#5997 = ( GEOMETRIC_REPRESENTATION_CONTEXT(2) 
PARAMETRIC_REPRESENTATION_CONTEXT() REPRESENTATION_CONTEXT('2D SPACE',''
  ) );
#5998 = ADVANCED_FACE('',(#5999),#844,.F.);
#5999 = FACE_BOUND('',#6000,.T.);
#6000 = EDGE_LOOP('',(#6001,#6032,#6266,#6267,#6377,#6402,#6403,#6513,
    #6538,#6539,#6540));
#6001 = ORIENTED_EDGE('',*,*,#6002,.F.);
#6002 = EDGE_CURVE('',#6003,#6005,#6007,.T.);
#6003 = VERTEX_POINT('',#6004);
#6004 = CARTESIAN_POINT('',(163.,11.527864045,2.8));
#6005 = VERTEX_POINT('',#6006);
#6006 = CARTESIAN_POINT('',(167.,10.,2.8));
#6007 = SURFACE_CURVE('',#6008,(#6013,#6020),.PCURVE_S1.);
#6008 = CIRCLE('',#6009,6.);
#6009 = AXIS2_PLACEMENT_3D('',#6010,#6011,#6012);
#6010 = CARTESIAN_POINT('',(167.,16.,2.8));
#6011 = DIRECTION('',(0.,0.,1.));
#6012 = DIRECTION('',(1.,0.,0.));
#6013 = PCURVE('',#844,#6014);
#6014 = DEFINITIONAL_REPRESENTATION('',(#6015),#6019);
#6015 = LINE('',#6016,#6017);
#6016 = CARTESIAN_POINT('',(-0.,0.));
#6017 = VECTOR('',#6018,1.);
#6018 = DIRECTION('',(-1.,0.));
#6019 = ( GEOMETRIC_REPRESENTATION_CONTEXT(2) 
PARAMETRIC_REPRESENTATION_CONTEXT() REPRESENTATION_CONTEXT('2D SPACE',''
  ) );
#6020 = PCURVE('',#6021,#6026);
#6021 = PLANE('',#6022);
#6022 = AXIS2_PLACEMENT_3D('',#6023,#6024,#6025);
#6023 = CARTESIAN_POINT('',(155.,9.99,2.8));
#6024 = DIRECTION('',(0.,0.,1.));
#6025 = DIRECTION('',(1.,0.,0.));
#6026 = DEFINITIONAL_REPRESENTATION('',(#6027),#6031);
#6027 = CIRCLE('',#6028,6.);
#6028 = AXIS2_PLACEMENT_2D('',#6029,#6030);
#6029 = CARTESIAN_POINT('',(12.,6.01));
#6030 = DIRECTION('',(1.,0.));
#6031 = ( GEOMETRIC_REPRESENTATION_CONTEXT(2) 
PARAMETRIC_REPRESENTATION_CONTEXT() REPRESENTATION_CONTEXT('2D SPACE',''
  ) );
#6032 = ORIENTED_EDGE('',*,*,#6033,.F.);
#6033 = EDGE_CURVE('',#5928,#6003,#6034,.T.);
#6034 = SURFACE_CURVE('',#6035,(#6110,#6188),.PCURVE_S1.);
#6035 = B_SPLINE_CURVE_WITH_KNOTS('',7,(#6036,#6037,#6038,#6039,#6040,
    #6041,#6042,#6043,#6044,#6045,#6046,#6047,#6048,#6049,#6050,#6051,
    #6052,#6053,#6054,#6055,#6056,#6057,#6058,#6059,#6060,#6061,#6062,
    #6063,#6064,#6065,#6066,#6067,#6068,#6069,#6070,#6071,#6072,#6073,
    #6074,#6075,#6076,#6077,#6078,#6079,#6080,#6081,#6082,#6083,#6084,
    #6085,#6086,#6087,#6088,#6089,#6090,#6091,#6092,#6093,#6094,#6095,
    #6096,#6097,#6098,#6099,#6100,#6101,#6102,#6103,#6104,#6105,#6106,
    #6107,#6108,#6109),.UNSPECIFIED.,.F.,.F.,(8,6,6,6,6,6,6,6,6,6,6,6,8)
  ,(0.,6.734000505991E-04,1.346799844412E-03,1.996978471197E-03,
    2.67037701204E-03,3.320553950297E-03,3.993950246302E-03,
    4.644124538265E-03,5.271076759108E-03,5.921247589799E-03,
    0.450400941488,0.827944003298,1.),.UNSPECIFIED.);
#6036 = CARTESIAN_POINT('',(161.,16.,4.8));
#6037 = CARTESIAN_POINT('',(161.,15.999559708327,4.799745797489));
#6038 = CARTESIAN_POINT('',(161.00000003769,15.999119416658,
    4.799491594974));
#6039 = CARTESIAN_POINT('',(161.00000011308,15.998679124989,
    4.799237392461));
#6040 = CARTESIAN_POINT('',(161.00000022616,15.99823883332,
    4.798983189955));
#6041 = CARTESIAN_POINT('',(161.00000037694,15.997798541651,
    4.798728987462));
#6042 = CARTESIAN_POINT('',(161.00000056541,15.997358249982,
    4.798474784983));
#6043 = CARTESIAN_POINT('',(161.00000101774,15.996477666815,
    4.797966380155));
#6044 = CARTESIAN_POINT('',(161.0000012816,15.996037375317,
    4.797712177808));
#6045 = CARTESIAN_POINT('',(161.00000158316,15.99559708382,
    4.797457975481));
#6046 = CARTESIAN_POINT('',(161.00000192241,15.995156792324,
    4.797203773178));
#6047 = CARTESIAN_POINT('',(161.00000229935,15.994716500831,
    4.796949570903));
#6048 = CARTESIAN_POINT('',(161.00000271399,15.994276209339,
    4.796695368659));
#6049 = CARTESIAN_POINT('',(161.00000360306,15.993410809141,
    4.796195730018));
#6050 = CARTESIAN_POINT('',(161.00000407493,15.992985700436,
    4.795950293617));
#6051 = CARTESIAN_POINT('',(161.00000458194,15.992560591732,
    4.795704857253));
#6052 = CARTESIAN_POINT('',(161.0000051241,15.992135483031,
    4.795459420927));
#6053 = CARTESIAN_POINT('',(161.00000570139,15.991710374332,
    4.795213984643));
#6054 = CARTESIAN_POINT('',(161.00000631382,15.991285265636,
    4.794968548403));
#6055 = CARTESIAN_POINT('',(161.00000763209,15.990419866288,
    4.794468910726));
#6056 = CARTESIAN_POINT('',(161.00000834049,15.989979575636,
    4.794214709292));
#6057 = CARTESIAN_POINT('',(161.00000908657,15.989539284987,
    4.793960507913));
#6058 = CARTESIAN_POINT('',(161.00000987035,15.989098994342,
    4.793706306592));
#6059 = CARTESIAN_POINT('',(161.00001069183,15.988658703701,
    4.793452105333));
#6060 = CARTESIAN_POINT('',(161.000011551,15.988218413064,4.79319790414)
  );
#6061 = CARTESIAN_POINT('',(161.0000133138,15.987353014863,4.79269826781
    ));
#6062 = CARTESIAN_POINT('',(161.00001421488,15.986927907299,
    4.79245283267));
#6063 = CARTESIAN_POINT('',(161.0000151511,15.98650279974,4.792207397597
    ));
#6064 = CARTESIAN_POINT('',(161.00001612245,15.986077692185,
    4.791961962594));
#6065 = CARTESIAN_POINT('',(161.00001712895,15.985652584634,
    4.791716527665));
#6066 = CARTESIAN_POINT('',(161.00001817058,15.985227477088,
    4.791471092813));
#6067 = CARTESIAN_POINT('',(161.00002036259,15.984362080409,
    4.790971458211));
#6068 = CARTESIAN_POINT('',(161.00002151551,15.983921791276,
    4.790717258468));
#6069 = CARTESIAN_POINT('',(161.00002270613,15.983481502149,
    4.790463058814));
#6070 = CARTESIAN_POINT('',(161.00002393444,15.983041213028,
    4.790208859252));
#6071 = CARTESIAN_POINT('',(161.00002520044,15.982600923912,
    4.789954659787));
#6072 = CARTESIAN_POINT('',(161.00002650415,15.982160634803,
    4.789700460421));
#6073 = CARTESIAN_POINT('',(161.00002914068,15.981295239922,
    4.789200827932));
#6074 = CARTESIAN_POINT('',(161.00003047095,15.980870134151,
    4.788955394802));
#6075 = CARTESIAN_POINT('',(161.00003183637,15.980445028385,
    4.788709961771));
#6076 = CARTESIAN_POINT('',(161.00003323693,15.980019922626,
    4.788464528842));
#6077 = CARTESIAN_POINT('',(161.00003467262,15.979594816874,
    4.788219096019));
#6078 = CARTESIAN_POINT('',(161.00003614346,15.979169711128,
    4.787973663304));
#6079 = CARTESIAN_POINT('',(161.00003910162,15.978334683018,
    4.787491564138));
#6080 = CARTESIAN_POINT('',(161.00004058648,15.977924760653,
    4.787254897679));
#6081 = CARTESIAN_POINT('',(161.00004210401,15.977514838295,
    4.787018231326));
#6082 = CARTESIAN_POINT('',(161.00004365422,15.977104915944,
    4.786781565082));
#6083 = CARTESIAN_POINT('',(161.0000452371,15.976694993599,
    4.786544898951));
#6084 = CARTESIAN_POINT('',(161.00004685266,15.976285071262,
    4.786308232935));
#6085 = CARTESIAN_POINT('',(161.00005021017,15.975450045498,
    4.785826136431));
#6086 = CARTESIAN_POINT('',(161.00005195458,15.975024942072,
    4.785580705952));
#6087 = CARTESIAN_POINT('',(161.00005373413,15.974599838654,
    4.785335275603));
#6088 = CARTESIAN_POINT('',(161.00005554882,15.974174735244,
    4.785089845387));
#6089 = CARTESIAN_POINT('',(161.00005739866,15.973749631843,
    4.784844415307));
#6090 = CARTESIAN_POINT('',(161.00005928363,15.97332452845,
    4.784598985367));
#6091 = CARTESIAN_POINT('',(161.00137385902,15.682283769619,
    4.616569096006));
#6092 = CARTESIAN_POINT('',(161.01910757776,15.392030886796,
    4.449059129975));
#6093 = CARTESIAN_POINT('',(161.05320534244,15.101875654313,
    4.282630462503));
#6094 = CARTESIAN_POINT('',(161.10398094072,14.811659858994,
    4.118160065943));
#6095 = CARTESIAN_POINT('',(161.17205812657,14.521438967643,
    3.956757783287));
#6096 = CARTESIAN_POINT('',(161.25829599424,14.231570811601,
    3.799965030222));
#6097 = CARTESIAN_POINT('',(161.45323168429,13.697491217325,
    3.522599598925));
#6098 = CARTESIAN_POINT('',(161.55633746541,13.453673644786,
    3.40048996493));
#6099 = CARTESIAN_POINT('',(161.67398441195,13.210425186514,
    3.28426796368));
#6100 = CARTESIAN_POINT('',(161.80746660892,12.967570723049,
    3.17529124084));
#6101 = CARTESIAN_POINT('',(161.95814722449,12.725699990924,
    3.075861440987));
#6102 = CARTESIAN_POINT('',(162.12722195063,12.486240956571,
    2.989402760282));
#6103 = CARTESIAN_POINT('',(162.40077866945,12.144360990009,
    2.889701061781));
#6104 = CARTESIAN_POINT('',(162.49050078407,12.038077556986,
    2.86215888868));
#6105 = CARTESIAN_POINT('',(162.58435017801,11.932786398105,
    2.838796250324));
#6106 = CARTESIAN_POINT('',(162.68232685513,11.828775828493,
    2.820194740034));
#6107 = CARTESIAN_POINT('',(162.78437237679,11.726373331865,
    2.807013798851));
#6108 = CARTESIAN_POINT('',(162.89034724171,11.625940453582,2.8));
#6109 = CARTESIAN_POINT('',(163.,11.527864045,2.8));
#6110 = PCURVE('',#844,#6111);
#6111 = DEFINITIONAL_REPRESENTATION('',(#6112),#6187);
#6112 = B_SPLINE_CURVE_WITH_KNOTS('',7,(#6113,#6114,#6115,#6116,#6117,
    #6118,#6119,#6120,#6121,#6122,#6123,#6124,#6125,#6126,#6127,#6128,
    #6129,#6130,#6131,#6132,#6133,#6134,#6135,#6136,#6137,#6138,#6139,
    #6140,#6141,#6142,#6143,#6144,#6145,#6146,#6147,#6148,#6149,#6150,
    #6151,#6152,#6153,#6154,#6155,#6156,#6157,#6158,#6159,#6160,#6161,
    #6162,#6163,#6164,#6165,#6166,#6167,#6168,#6169,#6170,#6171,#6172,
    #6173,#6174,#6175,#6176,#6177,#6178,#6179,#6180,#6181,#6182,#6183,
    #6184,#6185,#6186),.UNSPECIFIED.,.F.,.F.,(8,6,6,6,6,6,6,6,6,6,6,6,8)
  ,(0.,6.734000505991E-04,1.346799844412E-03,1.996978471197E-03,
    2.67037701204E-03,3.320553950297E-03,3.993950246302E-03,
    4.644124538265E-03,5.271076759108E-03,5.921247589799E-03,
    0.450400941488,0.827944003298,1.),.UNSPECIFIED.);
#6113 = CARTESIAN_POINT('',(-3.14159265359,-2.));
#6114 = CARTESIAN_POINT('',(-3.141666035535,-1.999745797489));
#6115 = CARTESIAN_POINT('',(-3.14173941748,-1.999491594974));
#6116 = CARTESIAN_POINT('',(-3.141812799426,-1.999237392461));
#6117 = CARTESIAN_POINT('',(-3.141886181372,-1.998983189955));
#6118 = CARTESIAN_POINT('',(-3.141959563321,-1.998728987462));
#6119 = CARTESIAN_POINT('',(-3.142032945272,-1.998474784983));
#6120 = CARTESIAN_POINT('',(-3.142179709153,-1.997966380155));
#6121 = CARTESIAN_POINT('',(-3.142253091082,-1.997712177808));
#6122 = CARTESIAN_POINT('',(-3.142326473015,-1.997457975481));
#6123 = CARTESIAN_POINT('',(-3.142399854952,-1.997203773178));
#6124 = CARTESIAN_POINT('',(-3.142473236894,-1.996949570903));
#6125 = CARTESIAN_POINT('',(-3.142546618842,-1.996695368659));
#6126 = CARTESIAN_POINT('',(-3.142690852284,-1.996195730018));
#6127 = CARTESIAN_POINT('',(-3.142761703779,-1.995950293617));
#6128 = CARTESIAN_POINT('',(-3.142832555279,-1.995704857253));
#6129 = CARTESIAN_POINT('',(-3.142903406787,-1.995459420927));
#6130 = CARTESIAN_POINT('',(-3.142974258301,-1.995213984643));
#6131 = CARTESIAN_POINT('',(-3.143045109824,-1.994968548403));
#6132 = CARTESIAN_POINT('',(-3.143189343216,-1.994468910726));
#6133 = CARTESIAN_POINT('',(-3.143262725086,-1.994214709292));
#6134 = CARTESIAN_POINT('',(-3.143336106966,-1.993960507913));
#6135 = CARTESIAN_POINT('',(-3.143409488856,-1.993706306592));
#6136 = CARTESIAN_POINT('',(-3.143482870757,-1.993452105333));
#6137 = CARTESIAN_POINT('',(-3.143556252669,-1.99319790414));
#6138 = CARTESIAN_POINT('',(-3.143700486002,-1.99269826781));
#6139 = CARTESIAN_POINT('',(-3.143771337421,-1.99245283267));
#6140 = CARTESIAN_POINT('',(-3.143842188852,-1.992207397597));
#6141 = CARTESIAN_POINT('',(-3.143913040296,-1.991961962594));
#6142 = CARTESIAN_POINT('',(-3.143983891753,-1.991716527665));
#6143 = CARTESIAN_POINT('',(-3.144054743223,-1.991471092813));
#6144 = CARTESIAN_POINT('',(-3.144198976465,-1.990971458211));
#6145 = CARTESIAN_POINT('',(-3.144272358239,-1.990717258468));
#6146 = CARTESIAN_POINT('',(-3.144345740028,-1.990463058814));
#6147 = CARTESIAN_POINT('',(-3.144419121833,-1.990208859252));
#6148 = CARTESIAN_POINT('',(-3.144492503655,-1.989954659787));
#6149 = CARTESIAN_POINT('',(-3.144565885495,-1.989700460421));
#6150 = CARTESIAN_POINT('',(-3.144710118645,-1.989200827932));
#6151 = CARTESIAN_POINT('',(-3.144780969953,-1.988955394802));
#6152 = CARTESIAN_POINT('',(-3.144851821279,-1.988709961771));
#6153 = CARTESIAN_POINT('',(-3.144922672623,-1.988464528842));
#6154 = CARTESIAN_POINT('',(-3.144993523986,-1.988219096019));
#6155 = CARTESIAN_POINT('',(-3.145064375367,-1.987973663304));
#6156 = CARTESIAN_POINT('',(-3.145203547592,-1.987491564138));
#6157 = CARTESIAN_POINT('',(-3.145271868434,-1.987254897679));
#6158 = CARTESIAN_POINT('',(-3.145340189295,-1.987018231326));
#6159 = CARTESIAN_POINT('',(-3.145408510175,-1.986781565082));
#6160 = CARTESIAN_POINT('',(-3.145476831075,-1.986544898951));
#6161 = CARTESIAN_POINT('',(-3.145545151995,-1.986308232935));
#6162 = CARTESIAN_POINT('',(-3.14568432408,-1.985826136431));
#6163 = CARTESIAN_POINT('',(-3.145755175248,-1.985580705952));
#6164 = CARTESIAN_POINT('',(-3.145826026438,-1.985335275603));
#6165 = CARTESIAN_POINT('',(-3.145896877651,-1.985089845387));
#6166 = CARTESIAN_POINT('',(-3.145967728888,-1.984844415307));
#6167 = CARTESIAN_POINT('',(-3.14603858015,-1.984598985367));
#6168 = CARTESIAN_POINT('',(-3.194545868093,-1.816569096006));
#6169 = CARTESIAN_POINT('',(-3.242934222507,-1.649059129975));
#6170 = CARTESIAN_POINT('',(-3.291504143396,-1.482630462503));
#6171 = CARTESIAN_POINT('',(-3.340466442543,-1.318160065943));
#6172 = CARTESIAN_POINT('',(-3.390014441084,-1.156757783287));
#6173 = CARTESIAN_POINT('',(-3.440325388491,-0.999965030222));
#6174 = CARTESIAN_POINT('',(-3.53508252488,-0.722599598925));
#6175 = CARTESIAN_POINT('',(-3.579147542725,-0.600489964929));
#6176 = CARTESIAN_POINT('',(-3.624088843282,-0.48426796368));
#6177 = CARTESIAN_POINT('',(-3.670158425237,-0.37529124084));
#6178 = CARTESIAN_POINT('',(-3.717530281295,-0.275861440987));
#6179 = CARTESIAN_POINT('',(-3.766297683199,-0.189402760282));
#6180 = CARTESIAN_POINT('',(-3.839273171844,-8.970106178107E-02));
#6181 = CARTESIAN_POINT('',(-3.862446954016,-6.215888867992E-02));
#6182 = CARTESIAN_POINT('',(-3.885940869059,-3.879625032379E-02));
#6183 = CARTESIAN_POINT('',(-3.909739330302,-2.01947400337E-02));
#6184 = CARTESIAN_POINT('',(-3.93381818416,-7.01379885053E-03));
#6185 = CARTESIAN_POINT('',(-3.958142222012,-4.440892098501E-16));
#6186 = CARTESIAN_POINT('',(-3.982661324158,-4.440892098501E-16));
#6187 = ( GEOMETRIC_REPRESENTATION_CONTEXT(2) 
PARAMETRIC_REPRESENTATION_CONTEXT() REPRESENTATION_CONTEXT('2D SPACE',''
  ) );
#6188 = PCURVE('',#5966,#6189);
#6189 = DEFINITIONAL_REPRESENTATION('',(#6190),#6265);
#6190 = B_SPLINE_CURVE_WITH_KNOTS('',7,(#6191,#6192,#6193,#6194,#6195,
    #6196,#6197,#6198,#6199,#6200,#6201,#6202,#6203,#6204,#6205,#6206,
    #6207,#6208,#6209,#6210,#6211,#6212,#6213,#6214,#6215,#6216,#6217,
    #6218,#6219,#6220,#6221,#6222,#6223,#6224,#6225,#6226,#6227,#6228,
    #6229,#6230,#6231,#6232,#6233,#6234,#6235,#6236,#6237,#6238,#6239,
    #6240,#6241,#6242,#6243,#6244,#6245,#6246,#6247,#6248,#6249,#6250,
    #6251,#6252,#6253,#6254,#6255,#6256,#6257,#6258,#6259,#6260,#6261,
    #6262,#6263,#6264),.UNSPECIFIED.,.F.,.F.,(8,6,6,6,6,6,6,6,6,6,6,6,8)
  ,(0.,6.734000505991E-04,1.346799844412E-03,1.996978471197E-03,
    2.67037701204E-03,3.320553950297E-03,3.993950246302E-03,
    4.644124538265E-03,5.271076759108E-03,5.921247589799E-03,
    0.450400941488,0.827944003298,1.),.UNSPECIFIED.);
#6191 = CARTESIAN_POINT('',(3.14159265359,-6.));
#6192 = CARTESIAN_POINT('',(3.141719754845,-5.999559708327));
#6193 = CARTESIAN_POINT('',(3.141846856103,-5.999119416658));
#6194 = CARTESIAN_POINT('',(3.141973957363,-5.998679124989));
#6195 = CARTESIAN_POINT('',(3.142101058625,-5.99823883332));
#6196 = CARTESIAN_POINT('',(3.142228159892,-5.997798541651));
#6197 = CARTESIAN_POINT('',(3.142355261165,-5.997358249982));
#6198 = CARTESIAN_POINT('',(3.14260946368,-5.996477666815));
#6199 = CARTESIAN_POINT('',(3.142736564921,-5.996037375317));
#6200 = CARTESIAN_POINT('',(3.142863666171,-5.99559708382));
#6201 = CARTESIAN_POINT('',(3.142990767433,-5.995156792324));
#6202 = CARTESIAN_POINT('',(3.143117868709,-5.994716500831));
#6203 = CARTESIAN_POINT('',(3.143244969998,-5.994276209339));
#6204 = CARTESIAN_POINT('',(3.143494789714,-5.993410809141));
#6205 = CARTESIAN_POINT('',(3.14361750814,-5.992985700436));
#6206 = CARTESIAN_POINT('',(3.143740226582,-5.992560591732));
#6207 = CARTESIAN_POINT('',(3.143862945042,-5.992135483031));
#6208 = CARTESIAN_POINT('',(3.143985663522,-5.991710374332));
#6209 = CARTESIAN_POINT('',(3.144108382022,-5.991285265636));
#6210 = CARTESIAN_POINT('',(3.14435820173,-5.990419866288));
#6211 = CARTESIAN_POINT('',(3.14448530294,-5.989979575636));
#6212 = CARTESIAN_POINT('',(3.144612404174,-5.989539284987));
#6213 = CARTESIAN_POINT('',(3.144739505437,-5.989098994342));
#6214 = CARTESIAN_POINT('',(3.144866606727,-5.988658703701));
#6215 = CARTESIAN_POINT('',(3.144993708049,-5.988218413064));
#6216 = CARTESIAN_POINT('',(3.145243527768,-5.987353014863));
#6217 = CARTESIAN_POINT('',(3.145366246164,-5.986927907299));
#6218 = CARTESIAN_POINT('',(3.145488964592,-5.98650279974));
#6219 = CARTESIAN_POINT('',(3.145611683052,-5.986077692185));
#6220 = CARTESIAN_POINT('',(3.145734401546,-5.985652584634));
#6221 = CARTESIAN_POINT('',(3.145857120076,-5.985227477088));
#6222 = CARTESIAN_POINT('',(3.146106939781,-5.984362080409));
#6223 = CARTESIAN_POINT('',(3.146234040958,-5.983921791276));
#6224 = CARTESIAN_POINT('',(3.146361142177,-5.983481502149));
#6225 = CARTESIAN_POINT('',(3.146488243439,-5.983041213028));
#6226 = CARTESIAN_POINT('',(3.146615344746,-5.982600923912));
#6227 = CARTESIAN_POINT('',(3.146742446099,-5.982160634803));
#6228 = CARTESIAN_POINT('',(3.146992265822,-5.981295239922));
#6229 = CARTESIAN_POINT('',(3.147114984188,-5.980870134151));
#6230 = CARTESIAN_POINT('',(3.147237702601,-5.980445028385));
#6231 = CARTESIAN_POINT('',(3.147360421061,-5.980019922626));
#6232 = CARTESIAN_POINT('',(3.14748313957,-5.979594816874));
#6233 = CARTESIAN_POINT('',(3.14760585813,-5.979169711128));
#6234 = CARTESIAN_POINT('',(3.147846912251,-5.978334683018));
#6235 = CARTESIAN_POINT('',(3.147965247808,-5.977924760653));
#6236 = CARTESIAN_POINT('',(3.148083583416,-5.977514838295));
#6237 = CARTESIAN_POINT('',(3.148201919074,-5.977104915944));
#6238 = CARTESIAN_POINT('',(3.148320254784,-5.976694993599));
#6239 = CARTESIAN_POINT('',(3.148438590548,-5.976285071262));
#6240 = CARTESIAN_POINT('',(3.148679644646,-5.975450045498));
#6241 = CARTESIAN_POINT('',(3.148802362984,-5.975024942072));
#6242 = CARTESIAN_POINT('',(3.148925081382,-5.974599838654));
#6243 = CARTESIAN_POINT('',(3.149047799842,-5.974174735244));
#6244 = CARTESIAN_POINT('',(3.149170518365,-5.973749631843));
#6245 = CARTESIAN_POINT('',(3.149293236954,-5.97332452845));
#6246 = CARTESIAN_POINT('',(3.233310752727,-5.682283769619));
#6247 = CARTESIAN_POINT('',(3.31713326101,-5.392030886796));
#6248 = CARTESIAN_POINT('',(3.40144042324,-5.101875654313));
#6249 = CARTESIAN_POINT('',(3.486760805987,-4.811659858994));
#6250 = CARTESIAN_POINT('',(3.573613557622,-4.521438967643));
#6251 = CARTESIAN_POINT('',(3.662547909601,-4.231570811601));
#6252 = CARTESIAN_POINT('',(3.832055657015,-3.697491217325));
#6253 = CARTESIAN_POINT('',(3.911650616783,-3.453673644786));
#6254 = CARTESIAN_POINT('',(3.993789659766,-3.210425186514));
#6255 = CARTESIAN_POINT('',(4.07921062503,-2.96757072305));
#6256 = CARTESIAN_POINT('',(4.168652161884,-2.725699990924));
#6257 = CARTESIAN_POINT('',(4.262881937883,-2.486240956571));
#6258 = CARTESIAN_POINT('',(4.408461561366,-2.144360990009));
#6259 = CARTESIAN_POINT('',(4.455326151324,-2.038077556986));
#6260 = CARTESIAN_POINT('',(4.503568421231,-1.932786398105));
#6261 = CARTESIAN_POINT('',(4.553283369412,-1.828775828493));
#6262 = CARTESIAN_POINT('',(4.604575117168,-1.726373331865));
#6263 = CARTESIAN_POINT('',(4.65756260124,-1.625940453582));
#6264 = CARTESIAN_POINT('',(4.712388980385,-1.527864045));
#6265 = ( GEOMETRIC_REPRESENTATION_CONTEXT(2) 
PARAMETRIC_REPRESENTATION_CONTEXT() REPRESENTATION_CONTEXT('2D SPACE',''
  ) );
#6266 = ORIENTED_EDGE('',*,*,#5927,.T.);
#6267 = ORIENTED_EDGE('',*,*,#6268,.F.);
#6268 = EDGE_CURVE('',#6269,#5895,#6271,.T.);
#6269 = VERTEX_POINT('',#6270);
#6270 = CARTESIAN_POINT('',(161.13330166619,14.742283553372,
    12.257716446628));
#6271 = SURFACE_CURVE('',#6272,(#6305,#6341),.PCURVE_S1.);
#6272 = B_SPLINE_CURVE_WITH_KNOTS('',6,(#6273,#6274,#6275,#6276,#6277,
    #6278,#6279,#6280,#6281,#6282,#6283,#6284,#6285,#6286,#6287,#6288,
    #6289,#6290,#6291,#6292,#6293,#6294,#6295,#6296,#6297,#6298,#6299,
    #6300,#6301,#6302,#6303,#6304),.UNSPECIFIED.,.F.,.F.,(7,5,5,5,5,5,7)
  ,(0.,0.232594475559,0.411988211141,0.590674374914,0.826213117863,
    0.896380229245,1.),.UNSPECIFIED.);
#6273 = CARTESIAN_POINT('',(161.13330166619,14.742283553372,
    12.257716446628));
#6274 = CARTESIAN_POINT('',(161.18075330196,14.520942381215,
    12.03637527447));
#6275 = CARTESIAN_POINT('',(161.23261500333,14.327920980255,
    11.800718121264));
#6276 = CARTESIAN_POINT('',(161.28455713249,14.161745981172,
    11.554320721477));
#6277 = CARTESIAN_POINT('',(161.33342699335,14.021069572741,
    11.299538667798));
#6278 = CARTESIAN_POINT('',(161.37681107362,13.904877381768,
    11.037891427531));
#6279 = CARTESIAN_POINT('',(161.44070845178,13.741659313979,
    10.564177673261));
#6280 = CARTESIAN_POINT('',(161.46416691899,13.684933319357,
    10.354580299968));
#6281 = CARTESIAN_POINT('',(161.48237778353,13.642460599362,
    10.142572580858));
#6282 = CARTESIAN_POINT('',(161.49472886016,13.614160897879,
    9.92896955106));
#6283 = CARTESIAN_POINT('',(161.50090916605,13.6,9.714529675823));
#6284 = CARTESIAN_POINT('',(161.50090916605,13.6,9.28631648054));
#6285 = CARTESIAN_POINT('',(161.49477796369,13.61404977677,
    9.072721109781));
#6286 = CARTESIAN_POINT('',(161.48252273382,13.642125971784,
    8.859952708046));
#6287 = CARTESIAN_POINT('',(161.46445384314,13.684265583281,
    8.648761444338));
#6288 = CARTESIAN_POINT('',(161.44116984182,13.740543874984,
    8.439952720436));
#6289 = CARTESIAN_POINT('',(161.37712486253,13.903994356361,7.9635185584
    ));
#6290 = CARTESIAN_POINT('',(161.33319118205,14.021581407765,
    7.698553541101));
#6291 = CARTESIAN_POINT('',(161.28362986129,14.1642631804,7.440626206015
    ));
#6292 = CARTESIAN_POINT('',(161.2309447167,14.333102065758,
    7.191305249105));
#6293 = CARTESIAN_POINT('',(161.17841969262,14.529509171933,
    6.953048670742));
#6294 = CARTESIAN_POINT('',(161.11633743026,14.822192414505,
    6.663049181564));
#6295 = CARTESIAN_POINT('',(161.10250029623,14.891972849221,
    6.59778234662));
#6296 = CARTESIAN_POINT('',(161.08919640308,14.96439455521,
    6.533916510237));
#6297 = CARTESIAN_POINT('',(161.07655793577,15.03949333053,
    6.471569801459));
#6298 = CARTESIAN_POINT('',(161.06472831554,15.11730183727,
    6.410872754063));
#6299 = CARTESIAN_POINT('',(161.03781558779,15.31679907381,
    6.264980753183));
#6300 = CARTESIAN_POINT('',(161.02385185226,15.441859797744,
    6.181801879692));
#6301 = CARTESIAN_POINT('',(161.01251284426,15.572909067005,
    6.103087108253));
#6302 = CARTESIAN_POINT('',(161.00436736187,15.709772007009,
    6.029471154095));
#6303 = CARTESIAN_POINT('',(161.,15.852225148315,5.961572854869));
#6304 = CARTESIAN_POINT('',(161.,16.,5.9));
#6305 = PCURVE('',#844,#6306);
#6306 = DEFINITIONAL_REPRESENTATION('',(#6307),#6340);
#6307 = B_SPLINE_CURVE_WITH_KNOTS('',6,(#6308,#6309,#6310,#6311,#6312,
    #6313,#6314,#6315,#6316,#6317,#6318,#6319,#6320,#6321,#6322,#6323,
    #6324,#6325,#6326,#6327,#6328,#6329,#6330,#6331,#6332,#6333,#6334,
    #6335,#6336,#6337,#6338,#6339),.UNSPECIFIED.,.F.,.F.,(7,5,5,5,5,5,7)
  ,(0.,0.232594475559,0.411988211141,0.590674374914,0.826213117863,
    0.896380229245,1.),.UNSPECIFIED.);
#6308 = CARTESIAN_POINT('',(-3.352778357145,-9.457716446628));
#6309 = CARTESIAN_POINT('',(-3.390506762385,-9.23637527447));
#6310 = CARTESIAN_POINT('',(-3.423774226674,-9.000718121264));
#6311 = CARTESIAN_POINT('',(-3.452765641436,-8.754320721478));
#6312 = CARTESIAN_POINT('',(-3.477575209126,-8.499538667798));
#6313 = CARTESIAN_POINT('',(-3.498243946707,-8.237891427531));
#6314 = CARTESIAN_POINT('',(-3.527457248752,-7.764177673261));
#6315 = CARTESIAN_POINT('',(-3.537686262616,-7.554580299968));
#6316 = CARTESIAN_POINT('',(-3.545388098742,-7.342572580858));
#6317 = CARTESIAN_POINT('',(-3.550534369553,-7.12896955106));
#6318 = CARTESIAN_POINT('',(-3.553109499657,-6.914529675823));
#6319 = CARTESIAN_POINT('',(-3.553109499657,-6.48631648054));
#6320 = CARTESIAN_POINT('',(-3.550554741798,-6.272721109781));
#6321 = CARTESIAN_POINT('',(-3.545448652528,-6.059952708046));
#6322 = CARTESIAN_POINT('',(-3.537807514,-5.848761444338));
#6323 = CARTESIAN_POINT('',(-3.527658395717,-5.639952720436));
#6324 = CARTESIAN_POINT('',(-3.49840005444,-5.1635185584));
#6325 = CARTESIAN_POINT('',(-3.477481533314,-4.898553541101));
#6326 = CARTESIAN_POINT('',(-3.452318848622,-4.640626206016));
#6327 = CARTESIAN_POINT('',(-3.422867877062,-4.391305249105));
#6328 = CARTESIAN_POINT('',(-3.389029245665,-4.153048670742));
#6329 = CARTESIAN_POINT('',(-3.339163401258,-3.863049181564));
#6330 = CARTESIAN_POINT('',(-3.327307865261,-3.79778234662));
#6331 = CARTESIAN_POINT('',(-3.315037553584,-3.733916510237));
#6332 = CARTESIAN_POINT('',(-3.302347429434,-3.671569801459));
#6333 = CARTESIAN_POINT('',(-3.289232112797,-3.610872754063));
#6334 = CARTESIAN_POINT('',(-3.255681387395,-3.464980753183));
#6335 = CARTESIAN_POINT('',(-3.234713900964,-3.381801879692));
#6336 = CARTESIAN_POINT('',(-3.212801380634,-3.303087108253));
#6337 = CARTESIAN_POINT('',(-3.189963977453,-3.229471154095));
#6338 = CARTESIAN_POINT('',(-3.166221795537,-3.161572854869));
#6339 = CARTESIAN_POINT('',(-3.14159265359,-3.1));
#6340 = ( GEOMETRIC_REPRESENTATION_CONTEXT(2) 
PARAMETRIC_REPRESENTATION_CONTEXT() REPRESENTATION_CONTEXT('2D SPACE',''
  ) );
#6341 = PCURVE('',#5915,#6342);
#6342 = DEFINITIONAL_REPRESENTATION('',(#6343),#6376);
#6343 = B_SPLINE_CURVE_WITH_KNOTS('',6,(#6344,#6345,#6346,#6347,#6348,
    #6349,#6350,#6351,#6352,#6353,#6354,#6355,#6356,#6357,#6358,#6359,
    #6360,#6361,#6362,#6363,#6364,#6365,#6366,#6367,#6368,#6369,#6370,
    #6371,#6372,#6373,#6374,#6375),.UNSPECIFIED.,.F.,.F.,(7,5,5,5,5,5,7)
  ,(0.,0.232594475559,0.411988211141,0.590674374914,0.826213117863,
    0.896380229245,1.),.UNSPECIFIED.);
#6344 = CARTESIAN_POINT('',(2.356194490192,-3.733301666194));
#6345 = CARTESIAN_POINT('',(2.275932006198,-3.780753301969));
#6346 = CARTESIAN_POINT('',(2.198208348752,-3.832615003339));
#6347 = CARTESIAN_POINT('',(2.122475427625,-3.884557132493));
#6348 = CARTESIAN_POINT('',(2.048274027065,-3.933426993351));
#6349 = CARTESIAN_POINT('',(1.97513900819,-3.976811073621));
#6350 = CARTESIAN_POINT('',(1.846666246861,-4.040708451785));
#6351 = CARTESIAN_POINT('',(1.791116635142,-4.064166918998));
#6352 = CARTESIAN_POINT('',(1.735858123525,-4.082377783531));
#6353 = CARTESIAN_POINT('',(1.680788519854,-4.094728860168));
#6354 = CARTESIAN_POINT('',(1.62580393598,-4.100909166053));
#6355 = CARTESIAN_POINT('',(1.51600568078,-4.100909166053));
#6356 = CARTESIAN_POINT('',(1.461237599942,-4.09477796369));
#6357 = CARTESIAN_POINT('',(1.406385636928,-4.082522733823));
#6358 = CARTESIAN_POINT('',(1.351346931623,-4.064453843142));
#6359 = CARTESIAN_POINT('',(1.296020932199,-4.041169841821));
#6360 = CARTESIAN_POINT('',(1.166869152662,-3.977124862532));
#6361 = CARTESIAN_POINT('',(1.092821782975,-3.933191182059));
#6362 = CARTESIAN_POINT('',(1.017681722608,-3.883629861292));
#6363 = CARTESIAN_POINT('',(0.940963770609,-3.830944716705));
#6364 = CARTESIAN_POINT('',(0.862190716055,-3.778419692622));
#6365 = CARTESIAN_POINT('',(0.756543720889,-3.716337430267));
#6366 = CARTESIAN_POINT('',(0.732054750577,-3.70250029623));
#6367 = CARTESIAN_POINT('',(0.707312102146,-3.68919640308));
#6368 = CARTESIAN_POINT('',(0.68230214287,-3.676557935777));
#6369 = CARTESIAN_POINT('',(0.657010933081,-3.664728315543));
#6370 = CARTESIAN_POINT('',(0.593638878423,-3.637815587793));
#6371 = CARTESIAN_POINT('',(0.555165180339,-3.623851852266));
#6372 = CARTESIAN_POINT('',(0.516030480001,-3.61251284426));
#6373 = CARTESIAN_POINT('',(0.476252530486,-3.604367361874));
#6374 = CARTESIAN_POINT('',(0.435839689612,-3.6));
#6375 = CARTESIAN_POINT('',(0.3947911197,-3.6));
#6376 = ( GEOMETRIC_REPRESENTATION_CONTEXT(2) 
PARAMETRIC_REPRESENTATION_CONTEXT() REPRESENTATION_CONTEXT('2D SPACE',''
  ) );
#6377 = ORIENTED_EDGE('',*,*,#6378,.T.);
#6378 = EDGE_CURVE('',#6269,#5820,#6379,.T.);
#6379 = SURFACE_CURVE('',#6380,(#6385,#6395),.PCURVE_S1.);
#6380 = ELLIPSE('',#6381,8.485281374239,6.);
#6381 = AXIS2_PLACEMENT_3D('',#6382,#6383,#6384);
#6382 = CARTESIAN_POINT('',(167.,16.,13.515432893255));
#6383 = DIRECTION('',(0.,0.707106781187,-0.707106781187));
#6384 = DIRECTION('',(0.,-0.707106781187,-0.707106781187));
#6385 = PCURVE('',#844,#6386);
#6386 = DEFINITIONAL_REPRESENTATION('',(#6387),#6394);
#6387 = B_SPLINE_CURVE_WITH_KNOTS('',5,(#6388,#6389,#6390,#6391,#6392,
    #6393),.UNSPECIFIED.,.F.,.F.,(6,6),(1.312347351487,1.570796326795),
  .PIECEWISE_BEZIER_KNOTS.);
#6388 = CARTESIAN_POINT('',(-3.400041628898,-9.181944801965));
#6389 = CARTESIAN_POINT('',(-3.348351833836,-9.481783105123));
#6390 = CARTESIAN_POINT('',(-3.296662038774,-9.786742934277));
#6391 = CARTESIAN_POINT('',(-3.244972243713,-10.09515534629));
#6392 = CARTESIAN_POINT('',(-3.193282448651,-10.40529412288));
#6393 = CARTESIAN_POINT('',(-3.14159265359,-10.71543289325));
#6394 = ( GEOMETRIC_REPRESENTATION_CONTEXT(2) 
PARAMETRIC_REPRESENTATION_CONTEXT() REPRESENTATION_CONTEXT('2D SPACE',''
  ) );
#6395 = PCURVE('',#5857,#6396);
#6396 = DEFINITIONAL_REPRESENTATION('',(#6397),#6401);
#6397 = ELLIPSE('',#6398,8.485281374239,6.);
#6398 = AXIS2_PLACEMENT_2D('',#6399,#6400);
#6399 = CARTESIAN_POINT('',(2.12132034356,-9.6));
#6400 = DIRECTION('',(1.,0.));
#6401 = ( GEOMETRIC_REPRESENTATION_CONTEXT(2) 
PARAMETRIC_REPRESENTATION_CONTEXT() REPRESENTATION_CONTEXT('2D SPACE',''
  ) );
#6402 = ORIENTED_EDGE('',*,*,#5819,.T.);
#6403 = ORIENTED_EDGE('',*,*,#6404,.F.);
#6404 = EDGE_CURVE('',#6405,#5787,#6407,.T.);
#6405 = VERTEX_POINT('',#6406);
#6406 = CARTESIAN_POINT('',(161.13330166619,14.742283553372,
    37.257716446628));
#6407 = SURFACE_CURVE('',#6408,(#6441,#6477),.PCURVE_S1.);
#6408 = B_SPLINE_CURVE_WITH_KNOTS('',6,(#6409,#6410,#6411,#6412,#6413,
    #6414,#6415,#6416,#6417,#6418,#6419,#6420,#6421,#6422,#6423,#6424,
    #6425,#6426,#6427,#6428,#6429,#6430,#6431,#6432,#6433,#6434,#6435,
    #6436,#6437,#6438,#6439,#6440),.UNSPECIFIED.,.F.,.F.,(7,5,5,5,5,5,7)
  ,(0.,0.232594475559,0.411988211142,0.590674374915,0.826213117864,
    0.896380229246,1.),.UNSPECIFIED.);
#6409 = CARTESIAN_POINT('',(161.13330166619,14.742283553372,
    37.257716446628));
#6410 = CARTESIAN_POINT('',(161.18075330196,14.520942381215,
    37.036375274471));
#6411 = CARTESIAN_POINT('',(161.23261500333,14.327920980255,
    36.800718121264));
#6412 = CARTESIAN_POINT('',(161.28455713249,14.161745981172,
    36.554320721478));
#6413 = CARTESIAN_POINT('',(161.33342699335,14.021069572741,
    36.299538667798));
#6414 = CARTESIAN_POINT('',(161.37681107362,13.904877381768,
    36.037891427531));
#6415 = CARTESIAN_POINT('',(161.44070845178,13.741659313979,
    35.564177673261));
#6416 = CARTESIAN_POINT('',(161.46416691899,13.684933319357,
    35.354580299968));
#6417 = CARTESIAN_POINT('',(161.48237778353,13.642460599362,
    35.142572580858));
#6418 = CARTESIAN_POINT('',(161.49472886016,13.614160897879,
    34.92896955106));
#6419 = CARTESIAN_POINT('',(161.50090916605,13.6,34.714529675823));
#6420 = CARTESIAN_POINT('',(161.50090916605,13.6,34.28631648054));
#6421 = CARTESIAN_POINT('',(161.49477796369,13.61404977677,
    34.072721109781));
#6422 = CARTESIAN_POINT('',(161.48252273382,13.642125971784,
    33.859952708045));
#6423 = CARTESIAN_POINT('',(161.46445384314,13.684265583281,
    33.648761444338));
#6424 = CARTESIAN_POINT('',(161.44116984182,13.740543874984,
    33.439952720436));
#6425 = CARTESIAN_POINT('',(161.37712486253,13.903994356361,
    32.9635185584));
#6426 = CARTESIAN_POINT('',(161.33319118205,14.021581407765,
    32.698553541101));
#6427 = CARTESIAN_POINT('',(161.28362986129,14.1642631804,
    32.440626206016));
#6428 = CARTESIAN_POINT('',(161.2309447167,14.333102065758,
    32.191305249105));
#6429 = CARTESIAN_POINT('',(161.17841969262,14.529509171933,
    31.953048670742));
#6430 = CARTESIAN_POINT('',(161.11633743026,14.822192414505,
    31.663049181564));
#6431 = CARTESIAN_POINT('',(161.10250029623,14.891972849221,
    31.597782346619));
#6432 = CARTESIAN_POINT('',(161.08919640308,14.96439455521,
    31.533916510237));
#6433 = CARTESIAN_POINT('',(161.07655793577,15.03949333053,
    31.471569801459));
#6434 = CARTESIAN_POINT('',(161.06472831554,15.11730183727,
    31.410872754063));
#6435 = CARTESIAN_POINT('',(161.03781558779,15.316799073809,
    31.264980753184));
#6436 = CARTESIAN_POINT('',(161.02385185226,15.441859797745,
    31.181801879691));
#6437 = CARTESIAN_POINT('',(161.01251284425,15.572909067008,
    31.103087108251));
#6438 = CARTESIAN_POINT('',(161.00436736187,15.70977200701,
    31.029471154095));
#6439 = CARTESIAN_POINT('',(161.,15.852225148312,30.96157285487));
#6440 = CARTESIAN_POINT('',(161.,16.,30.9));
#6441 = PCURVE('',#844,#6442);
#6442 = DEFINITIONAL_REPRESENTATION('',(#6443),#6476);
#6443 = B_SPLINE_CURVE_WITH_KNOTS('',6,(#6444,#6445,#6446,#6447,#6448,
    #6449,#6450,#6451,#6452,#6453,#6454,#6455,#6456,#6457,#6458,#6459,
    #6460,#6461,#6462,#6463,#6464,#6465,#6466,#6467,#6468,#6469,#6470,
    #6471,#6472,#6473,#6474,#6475),.UNSPECIFIED.,.F.,.F.,(7,5,5,5,5,5,7)
  ,(0.,0.232594475559,0.411988211142,0.590674374915,0.826213117864,
    0.896380229246,1.),.UNSPECIFIED.);
#6444 = CARTESIAN_POINT('',(-3.352778357145,-34.45771644662));
#6445 = CARTESIAN_POINT('',(-3.390506762385,-34.23637527447));
#6446 = CARTESIAN_POINT('',(-3.423774226674,-34.00071812126));
#6447 = CARTESIAN_POINT('',(-3.452765641436,-33.75432072147));
#6448 = CARTESIAN_POINT('',(-3.477575209126,-33.49953866779));
#6449 = CARTESIAN_POINT('',(-3.498243946707,-33.23789142753));
#6450 = CARTESIAN_POINT('',(-3.527457248752,-32.76417767326));
#6451 = CARTESIAN_POINT('',(-3.537686262616,-32.55458029996));
#6452 = CARTESIAN_POINT('',(-3.545388098742,-32.34257258085));
#6453 = CARTESIAN_POINT('',(-3.550534369553,-32.12896955106));
#6454 = CARTESIAN_POINT('',(-3.553109499657,-31.91452967582));
#6455 = CARTESIAN_POINT('',(-3.553109499657,-31.48631648054));
#6456 = CARTESIAN_POINT('',(-3.550554741798,-31.27272110978));
#6457 = CARTESIAN_POINT('',(-3.545448652528,-31.05995270804));
#6458 = CARTESIAN_POINT('',(-3.537807514,-30.84876144433));
#6459 = CARTESIAN_POINT('',(-3.527658395717,-30.63995272043));
#6460 = CARTESIAN_POINT('',(-3.49840005444,-30.1635185584));
#6461 = CARTESIAN_POINT('',(-3.477481533314,-29.8985535411));
#6462 = CARTESIAN_POINT('',(-3.452318848622,-29.64062620601));
#6463 = CARTESIAN_POINT('',(-3.422867877062,-29.3913052491));
#6464 = CARTESIAN_POINT('',(-3.389029245665,-29.15304867074));
#6465 = CARTESIAN_POINT('',(-3.339163401258,-28.86304918156));
#6466 = CARTESIAN_POINT('',(-3.327307865261,-28.79778234661));
#6467 = CARTESIAN_POINT('',(-3.315037553584,-28.73391651023));
#6468 = CARTESIAN_POINT('',(-3.302347429434,-28.67156980145));
#6469 = CARTESIAN_POINT('',(-3.289232112797,-28.61087275406));
#6470 = CARTESIAN_POINT('',(-3.255681387395,-28.46498075318));
#6471 = CARTESIAN_POINT('',(-3.234713900964,-28.38180187969));
#6472 = CARTESIAN_POINT('',(-3.212801380634,-28.30308710825));
#6473 = CARTESIAN_POINT('',(-3.189963977453,-28.22947115409));
#6474 = CARTESIAN_POINT('',(-3.166221795538,-28.16157285487));
#6475 = CARTESIAN_POINT('',(-3.14159265359,-28.1));
#6476 = ( GEOMETRIC_REPRESENTATION_CONTEXT(2) 
PARAMETRIC_REPRESENTATION_CONTEXT() REPRESENTATION_CONTEXT('2D SPACE',''
  ) );
#6477 = PCURVE('',#5807,#6478);
#6478 = DEFINITIONAL_REPRESENTATION('',(#6479),#6512);
#6479 = B_SPLINE_CURVE_WITH_KNOTS('',6,(#6480,#6481,#6482,#6483,#6484,
    #6485,#6486,#6487,#6488,#6489,#6490,#6491,#6492,#6493,#6494,#6495,
    #6496,#6497,#6498,#6499,#6500,#6501,#6502,#6503,#6504,#6505,#6506,
    #6507,#6508,#6509,#6510,#6511),.UNSPECIFIED.,.F.,.F.,(7,5,5,5,5,5,7)
  ,(0.,0.232594475559,0.411988211142,0.590674374915,0.826213117864,
    0.896380229246,1.),.UNSPECIFIED.);
#6480 = CARTESIAN_POINT('',(-3.926990816987,-3.733301666194));
#6481 = CARTESIAN_POINT('',(-4.007253300981,-3.780753301969));
#6482 = CARTESIAN_POINT('',(-4.084976958428,-3.832615003339));
#6483 = CARTESIAN_POINT('',(-4.160709879555,-3.884557132493));
#6484 = CARTESIAN_POINT('',(-4.234911280115,-3.933426993351));
#6485 = CARTESIAN_POINT('',(-4.308046298989,-3.976811073621));
#6486 = CARTESIAN_POINT('',(-4.436519060318,-4.040708451785));
#6487 = CARTESIAN_POINT('',(-4.492068672037,-4.064166918998));
#6488 = CARTESIAN_POINT('',(-4.547327183655,-4.082377783531));
#6489 = CARTESIAN_POINT('',(-4.602396787326,-4.094728860168));
#6490 = CARTESIAN_POINT('',(-4.657381371199,-4.100909166053));
#6491 = CARTESIAN_POINT('',(-4.7671796264,-4.100909166053));
#6492 = CARTESIAN_POINT('',(-4.821947707237,-4.09477796369));
#6493 = CARTESIAN_POINT('',(-4.876799670252,-4.082522733823));
#6494 = CARTESIAN_POINT('',(-4.931838375557,-4.064453843142));
#6495 = CARTESIAN_POINT('',(-4.987164374981,-4.041169841821));
#6496 = CARTESIAN_POINT('',(-5.116316154517,-3.977124862532));
#6497 = CARTESIAN_POINT('',(-5.190363524205,-3.933191182059));
#6498 = CARTESIAN_POINT('',(-5.265503584572,-3.883629861292));
#6499 = CARTESIAN_POINT('',(-5.342221536571,-3.830944716705));
#6500 = CARTESIAN_POINT('',(-5.420994591125,-3.778419692622));
#6501 = CARTESIAN_POINT('',(-5.52664158629,-3.716337430267));
#6502 = CARTESIAN_POINT('',(-5.551130556603,-3.70250029623));
#6503 = CARTESIAN_POINT('',(-5.575873205033,-3.68919640308));
#6504 = CARTESIAN_POINT('',(-5.60088316431,-3.676557935777));
#6505 = CARTESIAN_POINT('',(-5.626174374099,-3.664728315543));
#6506 = CARTESIAN_POINT('',(-5.689546428756,-3.637815587793));
#6507 = CARTESIAN_POINT('',(-5.728020126841,-3.623851852266));
#6508 = CARTESIAN_POINT('',(-5.767154827179,-3.612512844259));
#6509 = CARTESIAN_POINT('',(-5.806932776694,-3.604367361874));
#6510 = CARTESIAN_POINT('',(-5.847345617566,-3.6));
#6511 = CARTESIAN_POINT('',(-5.88839418748,-3.6));
#6512 = ( GEOMETRIC_REPRESENTATION_CONTEXT(2) 
PARAMETRIC_REPRESENTATION_CONTEXT() REPRESENTATION_CONTEXT('2D SPACE',''
  ) );
#6513 = ORIENTED_EDGE('',*,*,#6514,.T.);
#6514 = EDGE_CURVE('',#6405,#5712,#6515,.T.);
#6515 = SURFACE_CURVE('',#6516,(#6521,#6531),.PCURVE_S1.);
#6516 = ELLIPSE('',#6517,8.485281374239,6.);
#6517 = AXIS2_PLACEMENT_3D('',#6518,#6519,#6520);
#6518 = CARTESIAN_POINT('',(167.,16.,38.515432893255));
#6519 = DIRECTION('',(0.,0.707106781187,-0.707106781187));
#6520 = DIRECTION('',(0.,-0.707106781187,-0.707106781187));
#6521 = PCURVE('',#844,#6522);
#6522 = DEFINITIONAL_REPRESENTATION('',(#6523),#6530);
#6523 = B_SPLINE_CURVE_WITH_KNOTS('',5,(#6524,#6525,#6526,#6527,#6528,
    #6529),.UNSPECIFIED.,.F.,.F.,(6,6),(1.312347351487,1.570796326795),
  .PIECEWISE_BEZIER_KNOTS.);
#6524 = CARTESIAN_POINT('',(-3.400041628898,-34.18194480196));
#6525 = CARTESIAN_POINT('',(-3.348351833836,-34.48178310512));
#6526 = CARTESIAN_POINT('',(-3.296662038775,-34.78674293427));
#6527 = CARTESIAN_POINT('',(-3.244972243713,-35.09515534629));
#6528 = CARTESIAN_POINT('',(-3.193282448651,-35.40529412288));
#6529 = CARTESIAN_POINT('',(-3.14159265359,-35.71543289325));
#6530 = ( GEOMETRIC_REPRESENTATION_CONTEXT(2) 
PARAMETRIC_REPRESENTATION_CONTEXT() REPRESENTATION_CONTEXT('2D SPACE',''
  ) );
#6531 = PCURVE('',#5749,#6532);
#6532 = DEFINITIONAL_REPRESENTATION('',(#6533),#6537);
#6533 = ELLIPSE('',#6534,8.485281374239,6.);
#6534 = AXIS2_PLACEMENT_2D('',#6535,#6536);
#6535 = CARTESIAN_POINT('',(2.12132034356,-9.6));
#6536 = DIRECTION('',(1.,0.));
#6537 = ( GEOMETRIC_REPRESENTATION_CONTEXT(2) 
PARAMETRIC_REPRESENTATION_CONTEXT() REPRESENTATION_CONTEXT('2D SPACE',''
  ) );
#6538 = ORIENTED_EDGE('',*,*,#5711,.T.);
#6539 = ORIENTED_EDGE('',*,*,#829,.T.);
#6540 = ORIENTED_EDGE('',*,*,#6541,.F.);
#6541 = EDGE_CURVE('',#6005,#802,#6542,.T.);
#6542 = SURFACE_CURVE('',#6543,(#6547,#6554),.PCURVE_S1.);
#6543 = LINE('',#6544,#6545);
#6544 = CARTESIAN_POINT('',(167.,10.,2.8));
#6545 = VECTOR('',#6546,1.);
#6546 = DIRECTION('',(0.,0.,1.));
#6547 = PCURVE('',#844,#6548);
#6548 = DEFINITIONAL_REPRESENTATION('',(#6549),#6553);
#6549 = LINE('',#6550,#6551);
#6550 = CARTESIAN_POINT('',(-4.712388980385,0.));
#6551 = VECTOR('',#6552,1.);
#6552 = DIRECTION('',(-0.,-1.));
#6553 = ( GEOMETRIC_REPRESENTATION_CONTEXT(2) 
PARAMETRIC_REPRESENTATION_CONTEXT() REPRESENTATION_CONTEXT('2D SPACE',''
  ) );
#6554 = PCURVE('',#817,#6555);
#6555 = DEFINITIONAL_REPRESENTATION('',(#6556),#6560);
#6556 = LINE('',#6557,#6558);
#6557 = CARTESIAN_POINT('',(2.6,9.));
#6558 = VECTOR('',#6559,1.);
#6559 = DIRECTION('',(1.,0.));
#6560 = ( GEOMETRIC_REPRESENTATION_CONTEXT(2) 
PARAMETRIC_REPRESENTATION_CONTEXT() REPRESENTATION_CONTEXT('2D SPACE',''
  ) );
#6561 = ADVANCED_FACE('',(#6562),#675,.F.);
#6562 = FACE_BOUND('',#6563,.T.);
#6563 = EDGE_LOOP('',(#6564,#6600,#6621,#6622));
#6564 = ORIENTED_EDGE('',*,*,#6565,.T.);
#6565 = EDGE_CURVE('',#5951,#6566,#6568,.T.);
#6566 = VERTEX_POINT('',#6567);
#6567 = CARTESIAN_POINT('',(163.,30.,2.8));
#6568 = SURFACE_CURVE('',#6569,(#6574,#6587),.PCURVE_S1.);
#6569 = ELLIPSE('',#6570,2.828427124746,2.);
#6570 = AXIS2_PLACEMENT_3D('',#6571,#6572,#6573);
#6571 = CARTESIAN_POINT('',(163.,28.,4.8));
#6572 = DIRECTION('',(0.,-0.707106781187,-0.707106781187));
#6573 = DIRECTION('',(-0.,0.707106781187,-0.707106781187));
#6574 = PCURVE('',#675,#6575);
#6575 = DEFINITIONAL_REPRESENTATION('',(#6576),#6586);
#6576 = B_SPLINE_CURVE_WITH_KNOTS('',8,(#6577,#6578,#6579,#6580,#6581,
    #6582,#6583,#6584,#6585),.UNSPECIFIED.,.F.,.F.,(9,9),(4.712388980385
    ,6.28318530718),.PIECEWISE_BEZIER_KNOTS.);
#6577 = CARTESIAN_POINT('',(-3.14159265359,-2.));
#6578 = CARTESIAN_POINT('',(-2.94524311274,-1.607300918301));
#6579 = CARTESIAN_POINT('',(-2.748893571889,-1.214601743364));
#6580 = CARTESIAN_POINT('',(-2.552544031047,-0.844973477578));
#6581 = CARTESIAN_POINT('',(-2.356194490174,-0.521482498846));
#6582 = CARTESIAN_POINT('',(-2.159844949348,-0.26436390732));
#6583 = CARTESIAN_POINT('',(-1.963495408491,-8.812155197256E-02));
#6584 = CARTESIAN_POINT('',(-1.767145867644,-5.402727445362E-16));
#6585 = CARTESIAN_POINT('',(-1.570796326795,-4.440892098501E-16));
#6586 = ( GEOMETRIC_REPRESENTATION_CONTEXT(2) 
PARAMETRIC_REPRESENTATION_CONTEXT() REPRESENTATION_CONTEXT('2D SPACE',''
  ) );
#6587 = PCURVE('',#5966,#6588);
#6588 = DEFINITIONAL_REPRESENTATION('',(#6589),#6599);
#6589 = B_SPLINE_CURVE_WITH_KNOTS('',8,(#6590,#6591,#6592,#6593,#6594,
    #6595,#6596,#6597,#6598),.UNSPECIFIED.,.F.,.F.,(9,9),(4.712388980385
    ,6.28318530718),.PIECEWISE_BEZIER_KNOTS.);
#6590 = CARTESIAN_POINT('',(3.14159265359,-18.));
#6591 = CARTESIAN_POINT('',(3.337942194439,-18.39269908169));
#6592 = CARTESIAN_POINT('',(3.534291735283,-18.78539825664));
#6593 = CARTESIAN_POINT('',(3.730641276145,-19.15502652232));
#6594 = CARTESIAN_POINT('',(3.92699081697,-19.47851750122));
#6595 = CARTESIAN_POINT('',(4.123340357848,-19.73563609251));
#6596 = CARTESIAN_POINT('',(4.319689898682,-19.91187844804));
#6597 = CARTESIAN_POINT('',(4.516039439535,-20.));
#6598 = CARTESIAN_POINT('',(4.712388980385,-20.));
#6599 = ( GEOMETRIC_REPRESENTATION_CONTEXT(2) 
PARAMETRIC_REPRESENTATION_CONTEXT() REPRESENTATION_CONTEXT('2D SPACE',''
  ) );
#6600 = ORIENTED_EDGE('',*,*,#6601,.T.);
#6601 = EDGE_CURVE('',#6566,#659,#6602,.T.);
#6602 = SURFACE_CURVE('',#6603,(#6607,#6614),.PCURVE_S1.);
#6603 = LINE('',#6604,#6605);
#6604 = CARTESIAN_POINT('',(163.,30.,2.8));
#6605 = VECTOR('',#6606,1.);
#6606 = DIRECTION('',(0.,0.,1.));
#6607 = PCURVE('',#675,#6608);
#6608 = DEFINITIONAL_REPRESENTATION('',(#6609),#6613);
#6609 = LINE('',#6610,#6611);
#6610 = CARTESIAN_POINT('',(-1.570796326795,0.));
#6611 = VECTOR('',#6612,1.);
#6612 = DIRECTION('',(-0.,-1.));
#6613 = ( GEOMETRIC_REPRESENTATION_CONTEXT(2) 
PARAMETRIC_REPRESENTATION_CONTEXT() REPRESENTATION_CONTEXT('2D SPACE',''
  ) );
#6614 = PCURVE('',#703,#6615);
#6615 = DEFINITIONAL_REPRESENTATION('',(#6616),#6620);
#6616 = LINE('',#6617,#6618);
#6617 = CARTESIAN_POINT('',(2.6,2.01));
#6618 = VECTOR('',#6619,1.);
#6619 = DIRECTION('',(1.,0.));
#6620 = ( GEOMETRIC_REPRESENTATION_CONTEXT(2) 
PARAMETRIC_REPRESENTATION_CONTEXT() REPRESENTATION_CONTEXT('2D SPACE',''
  ) );
#6621 = ORIENTED_EDGE('',*,*,#658,.T.);
#6622 = ORIENTED_EDGE('',*,*,#5978,.F.);
#6623 = ADVANCED_FACE('',(#6624),#817,.T.);
#6624 = FACE_BOUND('',#6625,.T.);
#6625 = EDGE_LOOP('',(#6626,#6647,#6648,#6649));
#6626 = ORIENTED_EDGE('',*,*,#6627,.F.);
#6627 = EDGE_CURVE('',#6005,#6628,#6630,.T.);
#6628 = VERTEX_POINT('',#6629);
#6629 = CARTESIAN_POINT('',(210.,10.,2.8));
#6630 = SURFACE_CURVE('',#6631,(#6635,#6641),.PCURVE_S1.);
#6631 = LINE('',#6632,#6633);
#6632 = CARTESIAN_POINT('',(156.5,10.,2.8));
#6633 = VECTOR('',#6634,1.);
#6634 = DIRECTION('',(1.,0.,0.));
#6635 = PCURVE('',#817,#6636);
#6636 = DEFINITIONAL_REPRESENTATION('',(#6637),#6640);
#6637 = B_SPLINE_CURVE_WITH_KNOTS('',1,(#6638,#6639),.UNSPECIFIED.,.F.,
  .F.,(2,2),(4.5,59.5),.PIECEWISE_BEZIER_KNOTS.);
#6638 = CARTESIAN_POINT('',(2.6,3.));
#6639 = CARTESIAN_POINT('',(2.6,58.));
#6640 = ( GEOMETRIC_REPRESENTATION_CONTEXT(2) 
PARAMETRIC_REPRESENTATION_CONTEXT() REPRESENTATION_CONTEXT('2D SPACE',''
  ) );
#6641 = PCURVE('',#6021,#6642);
#6642 = DEFINITIONAL_REPRESENTATION('',(#6643),#6646);
#6643 = B_SPLINE_CURVE_WITH_KNOTS('',1,(#6644,#6645),.UNSPECIFIED.,.F.,
  .F.,(2,2),(4.5,59.5),.PIECEWISE_BEZIER_KNOTS.);
#6644 = CARTESIAN_POINT('',(6.,1.E-02));
#6645 = CARTESIAN_POINT('',(61.,1.E-02));
#6646 = ( GEOMETRIC_REPRESENTATION_CONTEXT(2) 
PARAMETRIC_REPRESENTATION_CONTEXT() REPRESENTATION_CONTEXT('2D SPACE',''
  ) );
#6647 = ORIENTED_EDGE('',*,*,#6541,.T.);
#6648 = ORIENTED_EDGE('',*,*,#801,.F.);
#6649 = ORIENTED_EDGE('',*,*,#6650,.F.);
#6650 = EDGE_CURVE('',#6628,#773,#6651,.T.);
#6651 = SURFACE_CURVE('',#6652,(#6656,#6663),.PCURVE_S1.);
#6652 = LINE('',#6653,#6654);
#6653 = CARTESIAN_POINT('',(210.,10.,2.8));
#6654 = VECTOR('',#6655,1.);
#6655 = DIRECTION('',(0.,0.,1.));
#6656 = PCURVE('',#817,#6657);
#6657 = DEFINITIONAL_REPRESENTATION('',(#6658),#6662);
#6658 = LINE('',#6659,#6660);
#6659 = CARTESIAN_POINT('',(2.6,52.));
#6660 = VECTOR('',#6661,1.);
#6661 = DIRECTION('',(1.,0.));
#6662 = ( GEOMETRIC_REPRESENTATION_CONTEXT(2) 
PARAMETRIC_REPRESENTATION_CONTEXT() REPRESENTATION_CONTEXT('2D SPACE',''
  ) );
#6663 = PCURVE('',#789,#6664);
#6664 = DEFINITIONAL_REPRESENTATION('',(#6665),#6669);
#6665 = LINE('',#6666,#6667);
#6666 = CARTESIAN_POINT('',(-4.712388980385,0.));
#6667 = VECTOR('',#6668,1.);
#6668 = DIRECTION('',(-0.,-1.));
#6669 = ( GEOMETRIC_REPRESENTATION_CONTEXT(2) 
PARAMETRIC_REPRESENTATION_CONTEXT() REPRESENTATION_CONTEXT('2D SPACE',''
  ) );
#6670 = ADVANCED_FACE('',(#6671),#703,.F.);
#6671 = FACE_BOUND('',#6672,.F.);
#6672 = EDGE_LOOP('',(#6673,#6674,#6675,#6698));
#6673 = ORIENTED_EDGE('',*,*,#6601,.T.);
#6674 = ORIENTED_EDGE('',*,*,#687,.T.);
#6675 = ORIENTED_EDGE('',*,*,#6676,.F.);
#6676 = EDGE_CURVE('',#6677,#688,#6679,.T.);
#6677 = VERTEX_POINT('',#6678);
#6678 = CARTESIAN_POINT('',(214.,30.,2.8));
#6679 = SURFACE_CURVE('',#6680,(#6684,#6691),.PCURVE_S1.);
#6680 = LINE('',#6681,#6682);
#6681 = CARTESIAN_POINT('',(214.,30.,2.8));
#6682 = VECTOR('',#6683,1.);
#6683 = DIRECTION('',(0.,0.,1.));
#6684 = PCURVE('',#703,#6685);
#6685 = DEFINITIONAL_REPRESENTATION('',(#6686),#6690);
#6686 = LINE('',#6687,#6688);
#6687 = CARTESIAN_POINT('',(2.6,53.01));
#6688 = VECTOR('',#6689,1.);
#6689 = DIRECTION('',(1.,0.));
#6690 = ( GEOMETRIC_REPRESENTATION_CONTEXT(2) 
PARAMETRIC_REPRESENTATION_CONTEXT() REPRESENTATION_CONTEXT('2D SPACE',''
  ) );
#6691 = PCURVE('',#732,#6692);
#6692 = DEFINITIONAL_REPRESENTATION('',(#6693),#6697);
#6693 = LINE('',#6694,#6695);
#6694 = CARTESIAN_POINT('',(-1.570796326795,0.));
#6695 = VECTOR('',#6696,1.);
#6696 = DIRECTION('',(-0.,-1.));
#6697 = ( GEOMETRIC_REPRESENTATION_CONTEXT(2) 
PARAMETRIC_REPRESENTATION_CONTEXT() REPRESENTATION_CONTEXT('2D SPACE',''
  ) );
#6698 = ORIENTED_EDGE('',*,*,#6699,.T.);
#6699 = EDGE_CURVE('',#6677,#6566,#6700,.T.);
#6700 = SURFACE_CURVE('',#6701,(#6705,#6711),.PCURVE_S1.);
#6701 = LINE('',#6702,#6703);
#6702 = CARTESIAN_POINT('',(157.995,30.,2.8));
#6703 = VECTOR('',#6704,1.);
#6704 = DIRECTION('',(-1.,0.,0.));
#6705 = PCURVE('',#703,#6706);
#6706 = DEFINITIONAL_REPRESENTATION('',(#6707),#6710);
#6707 = B_SPLINE_CURVE_WITH_KNOTS('',1,(#6708,#6709),.UNSPECIFIED.,.F.,
  .F.,(2,2),(-58.005,-3.005),.PIECEWISE_BEZIER_KNOTS.);
#6708 = CARTESIAN_POINT('',(2.6,55.01));
#6709 = CARTESIAN_POINT('',(2.6,9.999999999991E-03));
#6710 = ( GEOMETRIC_REPRESENTATION_CONTEXT(2) 
PARAMETRIC_REPRESENTATION_CONTEXT() REPRESENTATION_CONTEXT('2D SPACE',''
  ) );
#6711 = PCURVE('',#6021,#6712);
#6712 = DEFINITIONAL_REPRESENTATION('',(#6713),#6716);
#6713 = B_SPLINE_CURVE_WITH_KNOTS('',1,(#6714,#6715),.UNSPECIFIED.,.F.,
  .F.,(2,2),(-58.005,-3.005),.PIECEWISE_BEZIER_KNOTS.);
#6714 = CARTESIAN_POINT('',(61.,20.01));
#6715 = CARTESIAN_POINT('',(6.,20.01));
#6716 = ( GEOMETRIC_REPRESENTATION_CONTEXT(2) 
PARAMETRIC_REPRESENTATION_CONTEXT() REPRESENTATION_CONTEXT('2D SPACE',''
  ) );
#6717 = ADVANCED_FACE('',(#6718),#789,.F.);
#6718 = FACE_BOUND('',#6719,.T.);
#6719 = EDGE_LOOP('',(#6720,#6721,#6722,#6744,#6771,#6896,#6918,#6945,
    #7070,#7092,#7171));
#6720 = ORIENTED_EDGE('',*,*,#6650,.T.);
#6721 = ORIENTED_EDGE('',*,*,#772,.T.);
#6722 = ORIENTED_EDGE('',*,*,#6723,.F.);
#6723 = EDGE_CURVE('',#6724,#745,#6726,.T.);
#6724 = VERTEX_POINT('',#6725);
#6725 = CARTESIAN_POINT('',(216.,16.,39.081118318204));
#6726 = SURFACE_CURVE('',#6727,(#6731,#6737),.PCURVE_S1.);
#6727 = LINE('',#6728,#6729);
#6728 = CARTESIAN_POINT('',(216.,16.,2.8));
#6729 = VECTOR('',#6730,1.);
#6730 = DIRECTION('',(0.,0.,1.));
#6731 = PCURVE('',#789,#6732);
#6732 = DEFINITIONAL_REPRESENTATION('',(#6733),#6736);
#6733 = B_SPLINE_CURVE_WITH_KNOTS('',1,(#6734,#6735),.UNSPECIFIED.,.F.,
  .F.,(2,2),(0.,41.),.PIECEWISE_BEZIER_KNOTS.);
#6734 = CARTESIAN_POINT('',(-6.28318530718,0.));
#6735 = CARTESIAN_POINT('',(-6.28318530718,-41.));
#6736 = ( GEOMETRIC_REPRESENTATION_CONTEXT(2) 
PARAMETRIC_REPRESENTATION_CONTEXT() REPRESENTATION_CONTEXT('2D SPACE',''
  ) );
#6737 = PCURVE('',#760,#6738);
#6738 = DEFINITIONAL_REPRESENTATION('',(#6739),#6743);
#6739 = LINE('',#6740,#6741);
#6740 = CARTESIAN_POINT('',(2.6,-6.01));
#6741 = VECTOR('',#6742,1.);
#6742 = DIRECTION('',(1.,0.));
#6743 = ( GEOMETRIC_REPRESENTATION_CONTEXT(2) 
PARAMETRIC_REPRESENTATION_CONTEXT() REPRESENTATION_CONTEXT('2D SPACE',''
  ) );
#6744 = ORIENTED_EDGE('',*,*,#6745,.T.);
#6745 = EDGE_CURVE('',#6724,#6746,#6748,.T.);
#6746 = VERTEX_POINT('',#6747);
#6747 = CARTESIAN_POINT('',(215.79885139293,14.459440840898,
    37.540559159102));
#6748 = SURFACE_CURVE('',#6749,(#6754,#6764),.PCURVE_S1.);
#6749 = ELLIPSE('',#6750,8.485281374239,6.);
#6750 = AXIS2_PLACEMENT_3D('',#6751,#6752,#6753);
#6751 = CARTESIAN_POINT('',(210.,16.,39.081118318204));
#6752 = DIRECTION('',(0.,0.707106781187,-0.707106781187));
#6753 = DIRECTION('',(0.,-0.707106781187,-0.707106781187));
#6754 = PCURVE('',#789,#6755);
#6755 = DEFINITIONAL_REPRESENTATION('',(#6756),#6763);
#6756 = B_SPLINE_CURVE_WITH_KNOTS('',5,(#6757,#6758,#6759,#6760,#6761,
    #6762),.UNSPECIFIED.,.F.,.F.,(6,6),(4.712388980385,5.02488617581),
  .PIECEWISE_BEZIER_KNOTS.);
#6757 = CARTESIAN_POINT('',(-6.28318530718,-36.2811183182));
#6758 = CARTESIAN_POINT('',(-6.220685868095,-35.90612168369));
#6759 = CARTESIAN_POINT('',(-6.15818642901,-35.53112502572));
#6760 = CARTESIAN_POINT('',(-6.095686989925,-35.15918016444));
#6761 = CARTESIAN_POINT('',(-6.03318755084,-34.79333834455));
#6762 = CARTESIAN_POINT('',(-5.970688111755,-34.43650324319));
#6763 = ( GEOMETRIC_REPRESENTATION_CONTEXT(2) 
PARAMETRIC_REPRESENTATION_CONTEXT() REPRESENTATION_CONTEXT('2D SPACE',''
  ) );
#6764 = PCURVE('',#5258,#6765);
#6765 = DEFINITIONAL_REPRESENTATION('',(#6766),#6770);
#6766 = ELLIPSE('',#6767,8.485281374239,6.);
#6767 = AXIS2_PLACEMENT_2D('',#6768,#6769);
#6768 = CARTESIAN_POINT('',(2.12132034356,5.));
#6769 = DIRECTION('',(1.,0.));
#6770 = ( GEOMETRIC_REPRESENTATION_CONTEXT(2) 
PARAMETRIC_REPRESENTATION_CONTEXT() REPRESENTATION_CONTEXT('2D SPACE',''
  ) );
#6771 = ORIENTED_EDGE('',*,*,#6772,.T.);
#6772 = EDGE_CURVE('',#6746,#6773,#6775,.T.);
#6773 = VERTEX_POINT('',#6774);
#6774 = CARTESIAN_POINT('',(216.,16.,30.470111664078));
#6775 = SURFACE_CURVE('',#6776,(#6814,#6855),.PCURVE_S1.);
#6776 = B_SPLINE_CURVE_WITH_KNOTS('',6,(#6777,#6778,#6779,#6780,#6781,
    #6782,#6783,#6784,#6785,#6786,#6787,#6788,#6789,#6790,#6791,#6792,
    #6793,#6794,#6795,#6796,#6797,#6798,#6799,#6800,#6801,#6802,#6803,
    #6804,#6805,#6806,#6807,#6808,#6809,#6810,#6811,#6812,#6813),
  .UNSPECIFIED.,.F.,.F.,(7,5,5,5,5,5,5,7),(0.,4.75148734985E-02,
    0.182442658854,0.405697639542,0.523593182674,0.629126663932,
    0.899196805228,1.),.UNSPECIFIED.);
#6777 = CARTESIAN_POINT('',(215.79885139293,14.459440840898,
    37.540559159102));
#6778 = CARTESIAN_POINT('',(215.78543690108,14.408947067715,
    37.490065385919));
#6779 = CARTESIAN_POINT('',(215.77181722767,14.359806945908,
    37.438912790734));
#6780 = CARTESIAN_POINT('',(215.75803809767,14.312001544688,
    37.387134314224));
#6781 = CARTESIAN_POINT('',(215.7441427733,14.26551257504,
    37.334759925101));
#6782 = CARTESIAN_POINT('',(215.73017205408,14.220322389724,
    37.281816620112));
#6783 = CARTESIAN_POINT('',(215.67638645094,14.051727467139,
    37.076438219821));
#6784 = CARTESIAN_POINT('',(215.63629893641,13.937340808199,
    36.920110114976));
#6785 = CARTESIAN_POINT('',(215.59679513558,13.832920831459,
    36.75994399801));
#6786 = CARTESIAN_POINT('',(215.55863940884,13.738177311693,
    36.596394046175));
#6787 = CARTESIAN_POINT('',(215.52249314616,13.652880108123,
    36.429801294726));
#6788 = CARTESIAN_POINT('',(215.43342432847,13.451118443735,
    35.980173832519));
#6789 = CARTESIAN_POINT('',(215.38493057316,13.350626699731,
    35.691907952254));
#6790 = CARTESIAN_POINT('',(215.34636932568,13.275370777505,
    35.397948747703));
#6791 = CARTESIAN_POINT('',(215.31988380737,13.225176650213,
    35.100210930603));
#6792 = CARTESIAN_POINT('',(215.30659966456,13.2,34.800362471114));
#6793 = CARTESIAN_POINT('',(215.30659966456,13.2,34.34138586042));
#6794 = CARTESIAN_POINT('',(215.31030401564,13.207020923284,
    34.18279896592));
#6795 = CARTESIAN_POINT('',(215.31771140994,13.221058437319,
    34.024521041709));
#6796 = CARTESIAN_POINT('',(215.32872975507,13.242110457392,
    33.866844710662));
#6797 = CARTESIAN_POINT('',(215.34318079394,13.270172385093,
    33.710073905468));
#6798 = CARTESIAN_POINT('',(215.37658067935,13.336616059128,
    33.41528497653));
#6799 = CARTESIAN_POINT('',(215.39489828792,13.373605386588,
    33.277031907311));
#6800 = CARTESIAN_POINT('',(215.41558008192,13.416208115858,
    33.139915813832));
#6801 = CARTESIAN_POINT('',(215.43840624505,13.46444541298,
    33.004104943507));
#6802 = CARTESIAN_POINT('',(215.46311766776,13.518349234738,
    32.869785371796));
#6803 = CARTESIAN_POINT('',(215.55672659913,13.730508650553,
    32.397763863835));
#6804 = CARTESIAN_POINT('',(215.63428106851,13.920054251505,
    32.070306532481));
#6805 = CARTESIAN_POINT('',(215.71747997548,14.147945360551,
    31.755865737958));
#6806 = CARTESIAN_POINT('',(215.80061061306,14.417162719861,
    31.457507168344));
#6807 = CARTESIAN_POINT('',(215.8757410576,14.731312486032,
    31.18112751963));
#6808 = CARTESIAN_POINT('',(215.95170043356,15.228043874098,
    30.845583356702));
#6809 = CARTESIAN_POINT('',(215.96961130705,15.369851157684,
    30.758731830373));
#6810 = CARTESIAN_POINT('',(215.9841017001,15.518248144776,
    30.67702662013));
#6811 = CARTESIAN_POINT('',(215.99446748574,15.672965557847,
    30.60121882415));
#6812 = CARTESIAN_POINT('',(216.,15.833676185675,30.532020506381));
#6813 = CARTESIAN_POINT('',(216.,16.,30.470111664078));
#6814 = PCURVE('',#789,#6815);
#6815 = DEFINITIONAL_REPRESENTATION('',(#6816),#6854);
#6816 = B_SPLINE_CURVE_WITH_KNOTS('',6,(#6817,#6818,#6819,#6820,#6821,
    #6822,#6823,#6824,#6825,#6826,#6827,#6828,#6829,#6830,#6831,#6832,
    #6833,#6834,#6835,#6836,#6837,#6838,#6839,#6840,#6841,#6842,#6843,
    #6844,#6845,#6846,#6847,#6848,#6849,#6850,#6851,#6852,#6853),
  .UNSPECIFIED.,.F.,.F.,(7,5,5,5,5,5,5,7),(0.,4.75148734985E-02,
    0.182442658854,0.405697639542,0.523593182674,0.629126663932,
    0.899196805228,1.),.UNSPECIFIED.);
#6817 = CARTESIAN_POINT('',(-6.023517137912,-34.7405591591));
#6818 = CARTESIAN_POINT('',(-6.014809590544,-34.69006538591));
#6819 = CARTESIAN_POINT('',(-6.006311298614,-34.63891279073));
#6820 = CARTESIAN_POINT('',(-5.998020009221,-34.58713431422));
#6821 = CARTESIAN_POINT('',(-5.989933704795,-34.5347599251));
#6822 = CARTESIAN_POINT('',(-5.9820506031,-34.48181662011));
#6823 = CARTESIAN_POINT('',(-5.952556187891,-34.27643821982));
#6824 = CARTESIAN_POINT('',(-5.93236291316,-34.12011011497));
#6825 = CARTESIAN_POINT('',(-5.913763269538,-33.95994399801));
#6826 = CARTESIAN_POINT('',(-5.896744523821,-33.79639404617));
#6827 = CARTESIAN_POINT('',(-5.88130629542,-33.62980129472));
#6828 = CARTESIAN_POINT('',(-5.84454844535,-33.18017383251));
#6829 = CARTESIAN_POINT('',(-5.825962399443,-32.89190795225));
#6830 = CARTESIAN_POINT('',(-5.811870639939,-32.5979487477));
#6831 = CARTESIAN_POINT('',(-5.802411522256,-32.3002109306));
#6832 = CARTESIAN_POINT('',(-5.797667184884,-32.00036247111));
#6833 = CARTESIAN_POINT('',(-5.797667184884,-31.54138586042));
#6834 = CARTESIAN_POINT('',(-5.798990206348,-31.38279896592));
#6835 = CARTESIAN_POINT('',(-5.801635595082,-31.2245210417));
#6836 = CARTESIAN_POINT('',(-5.805595708231,-31.06684471066));
#6837 = CARTESIAN_POINT('',(-5.810856189671,-30.91007390546));
#6838 = CARTESIAN_POINT('',(-5.823250536686,-30.61528497653));
#6839 = CARTESIAN_POINT('',(-5.83012981552,-30.47703190731));
#6840 = CARTESIAN_POINT('',(-5.838022347788,-30.33991581383));
#6841 = CARTESIAN_POINT('',(-5.846915766024,-30.2041049435));
#6842 = CARTESIAN_POINT('',(-5.856797791488,-30.06978537179));
#6843 = CARTESIAN_POINT('',(-5.895446583963,-29.59776386383));
#6844 = CARTESIAN_POINT('',(-5.929567507139,-29.27030653248));
#6845 = CARTESIAN_POINT('',(-5.969951066821,-28.95586573795));
#6846 = CARTESIAN_POINT('',(-6.016804944843,-28.65750716834));
#6847 = CARTESIAN_POINT('',(-6.070454921965,-28.38112751963));
#6848 = CARTESIAN_POINT('',(-6.154205858723,-28.0455833567));
#6849 = CARTESIAN_POINT('',(-6.178020072264,-27.95873183037));
#6850 = CARTESIAN_POINT('',(-6.202854966799,-27.87702662013));
#6851 = CARTESIAN_POINT('',(-6.228679582109,-27.80121882415));
#6852 = CARTESIAN_POINT('',(-6.255464671459,-27.73202050638));
#6853 = CARTESIAN_POINT('',(-6.28318530718,-27.67011166407));
#6854 = ( GEOMETRIC_REPRESENTATION_CONTEXT(2) 
PARAMETRIC_REPRESENTATION_CONTEXT() REPRESENTATION_CONTEXT('2D SPACE',''
  ) );
#6855 = PCURVE('',#5233,#6856);
#6856 = DEFINITIONAL_REPRESENTATION('',(#6857),#6895);
#6857 = B_SPLINE_CURVE_WITH_KNOTS('',6,(#6858,#6859,#6860,#6861,#6862,
    #6863,#6864,#6865,#6866,#6867,#6868,#6869,#6870,#6871,#6872,#6873,
    #6874,#6875,#6876,#6877,#6878,#6879,#6880,#6881,#6882,#6883,#6884,
    #6885,#6886,#6887,#6888,#6889,#6890,#6891,#6892,#6893,#6894),
  .UNSPECIFIED.,.F.,.F.,(7,5,5,5,5,5,5,7),(0.,4.75148734985E-02,
    0.182442658854,0.405697639542,0.523593182674,0.629126663932,
    0.899196805228,1.),.UNSPECIFIED.);
#6858 = CARTESIAN_POINT('',(2.356194490192,-0.798851392932));
#6859 = CARTESIAN_POINT('',(2.339587750925,-0.785436901081));
#6860 = CARTESIAN_POINT('',(2.323095251773,-0.771817227677));
#6861 = CARTESIAN_POINT('',(2.3067111133,-0.758038097674));
#6862 = CARTESIAN_POINT('',(2.290429537434,-0.744142773306));
#6863 = CARTESIAN_POINT('',(2.274244807466,-0.730172054089));
#6864 = CARTESIAN_POINT('',(2.212450589036,-0.676386450942));
#6865 = CARTESIAN_POINT('',(2.167471922942,-0.636298936415));
#6866 = CARTESIAN_POINT('',(2.123102492492,-0.596795135582));
#6867 = CARTESIAN_POINT('',(2.079235706102,-0.558639408841));
#6868 = CARTESIAN_POINT('',(2.035767762456,-0.522493146169));
#6869 = CARTESIAN_POINT('',(1.921158207293,-0.433424328471));
#6870 = CARTESIAN_POINT('',(1.850427502629,-0.384930573165));
#6871 = CARTESIAN_POINT('',(1.780235214717,-0.346369325684));
#6872 = CARTESIAN_POINT('',(1.710380228928,-0.319883807371));
#6873 = CARTESIAN_POINT('',(1.640648064263,-0.306599664569));
#6874 = CARTESIAN_POINT('',(1.53390931759,-0.306599664569));
#6875 = CARTESIAN_POINT('',(1.497028635094,-0.310304015648));
#6876 = CARTESIAN_POINT('',(1.460129500429,-0.317711409948));
#6877 = CARTESIAN_POINT('',(1.423189680105,-0.328729755076));
#6878 = CARTESIAN_POINT('',(1.386188663864,-0.343180793941));
#6879 = CARTESIAN_POINT('',(1.315913274781,-0.376580679359));
#6880 = CARTESIAN_POINT('',(1.282656810308,-0.394898287921));
#6881 = CARTESIAN_POINT('',(1.249305423311,-0.41558008192));
#6882 = CARTESIAN_POINT('',(1.215829099896,-0.43840624505));
#6883 = CARTESIAN_POINT('',(1.182198463037,-0.463117667761));
#6884 = CARTESIAN_POINT('',(1.061847452677,-0.556726599134));
#6885 = CARTESIAN_POINT('',(0.974316029452,-0.634281068512));
#6886 = CARTESIAN_POINT('',(0.884728509035,-0.717479975481));
#6887 = CARTESIAN_POINT('',(0.792130132108,-0.800610613061));
#6888 = CARTESIAN_POINT('',(0.6956110479,-0.875741057608));
#6889 = CARTESIAN_POINT('',(0.556205689962,-0.951700433568));
#6890 = CARTESIAN_POINT('',(0.517571930278,-0.969611307053));
#6891 = CARTESIAN_POINT('',(0.478240162757,-0.984101700109));
#6892 = CARTESIAN_POINT('',(0.43824321655,-0.994467485744));
#6893 = CARTESIAN_POINT('',(0.397602649064,-1.));
#6894 = CARTESIAN_POINT('',(0.356330087529,-1.));
#6895 = ( GEOMETRIC_REPRESENTATION_CONTEXT(2) 
PARAMETRIC_REPRESENTATION_CONTEXT() REPRESENTATION_CONTEXT('2D SPACE',''
  ) );
#6896 = ORIENTED_EDGE('',*,*,#6897,.F.);
#6897 = EDGE_CURVE('',#6898,#6773,#6900,.T.);
#6898 = VERTEX_POINT('',#6899);
#6899 = CARTESIAN_POINT('',(216.,16.,14.081118318204));
#6900 = SURFACE_CURVE('',#6901,(#6905,#6911),.PCURVE_S1.);
#6901 = LINE('',#6902,#6903);
#6902 = CARTESIAN_POINT('',(216.,16.,2.8));
#6903 = VECTOR('',#6904,1.);
#6904 = DIRECTION('',(0.,0.,1.));
#6905 = PCURVE('',#789,#6906);
#6906 = DEFINITIONAL_REPRESENTATION('',(#6907),#6910);
#6907 = B_SPLINE_CURVE_WITH_KNOTS('',1,(#6908,#6909),.UNSPECIFIED.,.F.,
  .F.,(2,2),(0.,41.),.PIECEWISE_BEZIER_KNOTS.);
#6908 = CARTESIAN_POINT('',(-6.28318530718,0.));
#6909 = CARTESIAN_POINT('',(-6.28318530718,-41.));
#6910 = ( GEOMETRIC_REPRESENTATION_CONTEXT(2) 
PARAMETRIC_REPRESENTATION_CONTEXT() REPRESENTATION_CONTEXT('2D SPACE',''
  ) );
#6911 = PCURVE('',#760,#6912);
#6912 = DEFINITIONAL_REPRESENTATION('',(#6913),#6917);
#6913 = LINE('',#6914,#6915);
#6914 = CARTESIAN_POINT('',(2.6,-6.01));
#6915 = VECTOR('',#6916,1.);
#6916 = DIRECTION('',(1.,0.));
#6917 = ( GEOMETRIC_REPRESENTATION_CONTEXT(2) 
PARAMETRIC_REPRESENTATION_CONTEXT() REPRESENTATION_CONTEXT('2D SPACE',''
  ) );
#6918 = ORIENTED_EDGE('',*,*,#6919,.T.);
#6919 = EDGE_CURVE('',#6898,#6920,#6922,.T.);
#6920 = VERTEX_POINT('',#6921);
#6921 = CARTESIAN_POINT('',(215.79885139293,14.459440840898,
    12.540559159102));
#6922 = SURFACE_CURVE('',#6923,(#6928,#6938),.PCURVE_S1.);
#6923 = ELLIPSE('',#6924,8.485281374239,6.);
#6924 = AXIS2_PLACEMENT_3D('',#6925,#6926,#6927);
#6925 = CARTESIAN_POINT('',(210.,16.,14.081118318204));
#6926 = DIRECTION('',(0.,0.707106781187,-0.707106781187));
#6927 = DIRECTION('',(0.,-0.707106781187,-0.707106781187));
#6928 = PCURVE('',#789,#6929);
#6929 = DEFINITIONAL_REPRESENTATION('',(#6930),#6937);
#6930 = B_SPLINE_CURVE_WITH_KNOTS('',5,(#6931,#6932,#6933,#6934,#6935,
    #6936),.UNSPECIFIED.,.F.,.F.,(6,6),(4.712388980385,5.02488617581),
  .PIECEWISE_BEZIER_KNOTS.);
#6931 = CARTESIAN_POINT('',(-6.28318530718,-11.2811183182));
#6932 = CARTESIAN_POINT('',(-6.220685868095,-10.90612168369));
#6933 = CARTESIAN_POINT('',(-6.15818642901,-10.53112502572));
#6934 = CARTESIAN_POINT('',(-6.095686989925,-10.15918016444));
#6935 = CARTESIAN_POINT('',(-6.03318755084,-9.793338344551));
#6936 = CARTESIAN_POINT('',(-5.970688111755,-9.436503243192));
#6937 = ( GEOMETRIC_REPRESENTATION_CONTEXT(2) 
PARAMETRIC_REPRESENTATION_CONTEXT() REPRESENTATION_CONTEXT('2D SPACE',''
  ) );
#6938 = PCURVE('',#5085,#6939);
#6939 = DEFINITIONAL_REPRESENTATION('',(#6940),#6944);
#6940 = ELLIPSE('',#6941,8.485281374239,6.);
#6941 = AXIS2_PLACEMENT_2D('',#6942,#6943);
#6942 = CARTESIAN_POINT('',(2.12132034356,5.));
#6943 = DIRECTION('',(1.,0.));
#6944 = ( GEOMETRIC_REPRESENTATION_CONTEXT(2) 
PARAMETRIC_REPRESENTATION_CONTEXT() REPRESENTATION_CONTEXT('2D SPACE',''
  ) );
#6945 = ORIENTED_EDGE('',*,*,#6946,.T.);
#6946 = EDGE_CURVE('',#6920,#6947,#6949,.T.);
#6947 = VERTEX_POINT('',#6948);
#6948 = CARTESIAN_POINT('',(216.,16.,5.470111664078));
#6949 = SURFACE_CURVE('',#6950,(#6988,#7029),.PCURVE_S1.);
#6950 = B_SPLINE_CURVE_WITH_KNOTS('',6,(#6951,#6952,#6953,#6954,#6955,
    #6956,#6957,#6958,#6959,#6960,#6961,#6962,#6963,#6964,#6965,#6966,
    #6967,#6968,#6969,#6970,#6971,#6972,#6973,#6974,#6975,#6976,#6977,
    #6978,#6979,#6980,#6981,#6982,#6983,#6984,#6985,#6986,#6987),
  .UNSPECIFIED.,.F.,.F.,(7,5,5,5,5,5,5,7),(0.,4.75148734986E-02,
    0.182442658855,0.405697639542,0.523593182675,0.629126663932,
    0.899196805228,1.),.UNSPECIFIED.);
#6951 = CARTESIAN_POINT('',(215.79885139293,14.459440840898,
    12.540559159102));
#6952 = CARTESIAN_POINT('',(215.78543690108,14.408947067714,
    12.490065385919));
#6953 = CARTESIAN_POINT('',(215.77181722767,14.359806945908,
    12.438912790734));
#6954 = CARTESIAN_POINT('',(215.75803809767,14.312001544688,
    12.387134314224));
#6955 = CARTESIAN_POINT('',(215.7441427733,14.26551257504,
    12.334759925101));
#6956 = CARTESIAN_POINT('',(215.73017205408,14.220322389724,
    12.281816620112));
#6957 = CARTESIAN_POINT('',(215.67638645094,14.051727467139,
    12.076438219821));
#6958 = CARTESIAN_POINT('',(215.63629893641,13.937340808199,
    11.920110114976));
#6959 = CARTESIAN_POINT('',(215.59679513558,13.832920831459,
    11.75994399801));
#6960 = CARTESIAN_POINT('',(215.55863940884,13.738177311693,
    11.596394046175));
#6961 = CARTESIAN_POINT('',(215.52249314616,13.652880108123,
    11.429801294726));
#6962 = CARTESIAN_POINT('',(215.43342432847,13.451118443735,
    10.980173832519));
#6963 = CARTESIAN_POINT('',(215.38493057316,13.35062669973,
    10.691907952253));
#6964 = CARTESIAN_POINT('',(215.34636932568,13.275370777505,
    10.397948747703));
#6965 = CARTESIAN_POINT('',(215.31988380737,13.225176650213,
    10.100210930603));
#6966 = CARTESIAN_POINT('',(215.30659966456,13.2,9.800362471115));
#6967 = CARTESIAN_POINT('',(215.30659966456,13.2,9.34138586042));
#6968 = CARTESIAN_POINT('',(215.31030401564,13.207020923284,
    9.18279896592));
#6969 = CARTESIAN_POINT('',(215.31771140994,13.221058437319,
    9.024521041709));
#6970 = CARTESIAN_POINT('',(215.32872975507,13.242110457392,
    8.866844710662));
#6971 = CARTESIAN_POINT('',(215.34318079394,13.270172385093,
    8.710073905468));
#6972 = CARTESIAN_POINT('',(215.37658067935,13.336616059128,
    8.41528497653));
#6973 = CARTESIAN_POINT('',(215.39489828792,13.373605386588,
    8.277031907311));
#6974 = CARTESIAN_POINT('',(215.41558008192,13.416208115858,
    8.139915813832));
#6975 = CARTESIAN_POINT('',(215.43840624505,13.46444541298,
    8.004104943507));
#6976 = CARTESIAN_POINT('',(215.46311766776,13.518349234738,
    7.869785371796));
#6977 = CARTESIAN_POINT('',(215.55672659913,13.730508650553,
    7.397763863835));
#6978 = CARTESIAN_POINT('',(215.63428106851,13.920054251505,
    7.070306532481));
#6979 = CARTESIAN_POINT('',(215.71747997548,14.147945360551,
    6.755865737958));
#6980 = CARTESIAN_POINT('',(215.80061061306,14.417162719861,
    6.457507168344));
#6981 = CARTESIAN_POINT('',(215.8757410576,14.731312486033,6.18112751963
    ));
#6982 = CARTESIAN_POINT('',(215.95170043356,15.228043874098,
    5.845583356702));
#6983 = CARTESIAN_POINT('',(215.96961130705,15.369851157684,
    5.758731830373));
#6984 = CARTESIAN_POINT('',(215.9841017001,15.518248144776,5.67702662013
    ));
#6985 = CARTESIAN_POINT('',(215.99446748574,15.672965557847,
    5.60121882415));
#6986 = CARTESIAN_POINT('',(216.,15.833676185675,5.532020506381));
#6987 = CARTESIAN_POINT('',(216.,16.,5.470111664078));
#6988 = PCURVE('',#789,#6989);
#6989 = DEFINITIONAL_REPRESENTATION('',(#6990),#7028);
#6990 = B_SPLINE_CURVE_WITH_KNOTS('',6,(#6991,#6992,#6993,#6994,#6995,
    #6996,#6997,#6998,#6999,#7000,#7001,#7002,#7003,#7004,#7005,#7006,
    #7007,#7008,#7009,#7010,#7011,#7012,#7013,#7014,#7015,#7016,#7017,
    #7018,#7019,#7020,#7021,#7022,#7023,#7024,#7025,#7026,#7027),
  .UNSPECIFIED.,.F.,.F.,(7,5,5,5,5,5,5,7),(0.,4.75148734986E-02,
    0.182442658855,0.405697639542,0.523593182675,0.629126663932,
    0.899196805228,1.),.UNSPECIFIED.);
#6991 = CARTESIAN_POINT('',(-6.023517137912,-9.740559159102));
#6992 = CARTESIAN_POINT('',(-6.014809590544,-9.690065385919));
#6993 = CARTESIAN_POINT('',(-6.006311298614,-9.638912790734));
#6994 = CARTESIAN_POINT('',(-5.998020009221,-9.587134314224));
#6995 = CARTESIAN_POINT('',(-5.989933704795,-9.534759925101));
#6996 = CARTESIAN_POINT('',(-5.9820506031,-9.481816620112));
#6997 = CARTESIAN_POINT('',(-5.952556187891,-9.276438219821));
#6998 = CARTESIAN_POINT('',(-5.93236291316,-9.120110114976));
#6999 = CARTESIAN_POINT('',(-5.913763269538,-8.95994399801));
#7000 = CARTESIAN_POINT('',(-5.896744523821,-8.796394046175));
#7001 = CARTESIAN_POINT('',(-5.88130629542,-8.629801294726));
#7002 = CARTESIAN_POINT('',(-5.84454844535,-8.180173832519));
#7003 = CARTESIAN_POINT('',(-5.825962399443,-7.891907952253));
#7004 = CARTESIAN_POINT('',(-5.811870639939,-7.597948747703));
#7005 = CARTESIAN_POINT('',(-5.802411522256,-7.300210930603));
#7006 = CARTESIAN_POINT('',(-5.797667184884,-7.000362471115));
#7007 = CARTESIAN_POINT('',(-5.797667184884,-6.54138586042));
#7008 = CARTESIAN_POINT('',(-5.798990206348,-6.38279896592));
#7009 = CARTESIAN_POINT('',(-5.801635595082,-6.224521041709));
#7010 = CARTESIAN_POINT('',(-5.805595708231,-6.066844710662));
#7011 = CARTESIAN_POINT('',(-5.810856189671,-5.910073905468));
#7012 = CARTESIAN_POINT('',(-5.823250536686,-5.61528497653));
#7013 = CARTESIAN_POINT('',(-5.83012981552,-5.477031907311));
#7014 = CARTESIAN_POINT('',(-5.838022347788,-5.339915813832));
#7015 = CARTESIAN_POINT('',(-5.846915766024,-5.204104943507));
#7016 = CARTESIAN_POINT('',(-5.856797791488,-5.069785371796));
#7017 = CARTESIAN_POINT('',(-5.895446583963,-4.597763863835));
#7018 = CARTESIAN_POINT('',(-5.929567507139,-4.27030653248));
#7019 = CARTESIAN_POINT('',(-5.969951066821,-3.955865737958));
#7020 = CARTESIAN_POINT('',(-6.016804944843,-3.657507168344));
#7021 = CARTESIAN_POINT('',(-6.070454921965,-3.38112751963));
#7022 = CARTESIAN_POINT('',(-6.154205858723,-3.045583356702));
#7023 = CARTESIAN_POINT('',(-6.178020072264,-2.958731830373));
#7024 = CARTESIAN_POINT('',(-6.202854966799,-2.87702662013));
#7025 = CARTESIAN_POINT('',(-6.228679582109,-2.80121882415));
#7026 = CARTESIAN_POINT('',(-6.255464671459,-2.732020506381));
#7027 = CARTESIAN_POINT('',(-6.28318530718,-2.670111664078));
#7028 = ( GEOMETRIC_REPRESENTATION_CONTEXT(2) 
PARAMETRIC_REPRESENTATION_CONTEXT() REPRESENTATION_CONTEXT('2D SPACE',''
  ) );
#7029 = PCURVE('',#5060,#7030);
#7030 = DEFINITIONAL_REPRESENTATION('',(#7031),#7069);
#7031 = B_SPLINE_CURVE_WITH_KNOTS('',6,(#7032,#7033,#7034,#7035,#7036,
    #7037,#7038,#7039,#7040,#7041,#7042,#7043,#7044,#7045,#7046,#7047,
    #7048,#7049,#7050,#7051,#7052,#7053,#7054,#7055,#7056,#7057,#7058,
    #7059,#7060,#7061,#7062,#7063,#7064,#7065,#7066,#7067,#7068),
  .UNSPECIFIED.,.F.,.F.,(7,5,5,5,5,5,5,7),(0.,4.75148734986E-02,
    0.182442658855,0.405697639542,0.523593182675,0.629126663932,
    0.899196805228,1.),.UNSPECIFIED.);
#7032 = CARTESIAN_POINT('',(-3.926990816987,-0.798851392932));
#7033 = CARTESIAN_POINT('',(-3.943597556255,-0.785436901081));
#7034 = CARTESIAN_POINT('',(-3.960090055407,-0.771817227677));
#7035 = CARTESIAN_POINT('',(-3.976474193879,-0.758038097674));
#7036 = CARTESIAN_POINT('',(-3.992755769746,-0.744142773306));
#7037 = CARTESIAN_POINT('',(-4.008940499713,-0.730172054089));
#7038 = CARTESIAN_POINT('',(-4.070734718144,-0.676386450942));
#7039 = CARTESIAN_POINT('',(-4.115713384237,-0.636298936415));
#7040 = CARTESIAN_POINT('',(-4.160082814687,-0.596795135582));
#7041 = CARTESIAN_POINT('',(-4.203949601077,-0.558639408841));
#7042 = CARTESIAN_POINT('',(-4.247417544724,-0.522493146169));
#7043 = CARTESIAN_POINT('',(-4.362027099886,-0.433424328471));
#7044 = CARTESIAN_POINT('',(-4.432757804551,-0.384930573164));
#7045 = CARTESIAN_POINT('',(-4.502950092463,-0.346369325684));
#7046 = CARTESIAN_POINT('',(-4.572805078252,-0.319883807371));
#7047 = CARTESIAN_POINT('',(-4.642537242916,-0.306599664569));
#7048 = CARTESIAN_POINT('',(-4.749275989589,-0.306599664569));
#7049 = CARTESIAN_POINT('',(-4.786156672086,-0.310304015648));
#7050 = CARTESIAN_POINT('',(-4.823055806751,-0.317711409948));
#7051 = CARTESIAN_POINT('',(-4.859995627074,-0.328729755076));
#7052 = CARTESIAN_POINT('',(-4.896996643316,-0.343180793941));
#7053 = CARTESIAN_POINT('',(-4.967272032398,-0.376580679359));
#7054 = CARTESIAN_POINT('',(-5.000528496872,-0.394898287921));
#7055 = CARTESIAN_POINT('',(-5.033879883869,-0.41558008192));
#7056 = CARTESIAN_POINT('',(-5.067356207284,-0.43840624505));
#7057 = CARTESIAN_POINT('',(-5.100986844143,-0.463117667761));
#7058 = CARTESIAN_POINT('',(-5.221337854503,-0.556726599134));
#7059 = CARTESIAN_POINT('',(-5.308869277728,-0.634281068512));
#7060 = CARTESIAN_POINT('',(-5.398456798144,-0.717479975481));
#7061 = CARTESIAN_POINT('',(-5.491055175072,-0.800610613061));
#7062 = CARTESIAN_POINT('',(-5.58757425928,-0.875741057608));
#7063 = CARTESIAN_POINT('',(-5.726979617217,-0.951700433568));
#7064 = CARTESIAN_POINT('',(-5.765613376901,-0.969611307053));
#7065 = CARTESIAN_POINT('',(-5.804945144422,-0.984101700109));
#7066 = CARTESIAN_POINT('',(-5.84494209063,-0.994467485744));
#7067 = CARTESIAN_POINT('',(-5.885582658116,-1.));
#7068 = CARTESIAN_POINT('',(-5.926855219651,-1.));
#7069 = ( GEOMETRIC_REPRESENTATION_CONTEXT(2) 
PARAMETRIC_REPRESENTATION_CONTEXT() REPRESENTATION_CONTEXT('2D SPACE',''
  ) );
#7070 = ORIENTED_EDGE('',*,*,#7071,.F.);
#7071 = EDGE_CURVE('',#7072,#6947,#7074,.T.);
#7072 = VERTEX_POINT('',#7073);
#7073 = CARTESIAN_POINT('',(216.,16.,4.8));
#7074 = SURFACE_CURVE('',#7075,(#7079,#7085),.PCURVE_S1.);
#7075 = LINE('',#7076,#7077);
#7076 = CARTESIAN_POINT('',(216.,16.,2.8));
#7077 = VECTOR('',#7078,1.);
#7078 = DIRECTION('',(0.,0.,1.));
#7079 = PCURVE('',#789,#7080);
#7080 = DEFINITIONAL_REPRESENTATION('',(#7081),#7084);
#7081 = B_SPLINE_CURVE_WITH_KNOTS('',1,(#7082,#7083),.UNSPECIFIED.,.F.,
  .F.,(2,2),(0.,41.),.PIECEWISE_BEZIER_KNOTS.);
#7082 = CARTESIAN_POINT('',(-6.28318530718,0.));
#7083 = CARTESIAN_POINT('',(-6.28318530718,-41.));
#7084 = ( GEOMETRIC_REPRESENTATION_CONTEXT(2) 
PARAMETRIC_REPRESENTATION_CONTEXT() REPRESENTATION_CONTEXT('2D SPACE',''
  ) );
#7085 = PCURVE('',#760,#7086);
#7086 = DEFINITIONAL_REPRESENTATION('',(#7087),#7091);
#7087 = LINE('',#7088,#7089);
#7088 = CARTESIAN_POINT('',(2.6,-6.01));
#7089 = VECTOR('',#7090,1.);
#7090 = DIRECTION('',(1.,0.));
#7091 = ( GEOMETRIC_REPRESENTATION_CONTEXT(2) 
PARAMETRIC_REPRESENTATION_CONTEXT() REPRESENTATION_CONTEXT('2D SPACE',''
  ) );
#7092 = ORIENTED_EDGE('',*,*,#7093,.F.);
#7093 = EDGE_CURVE('',#7094,#7072,#7096,.T.);
#7094 = VERTEX_POINT('',#7095);
#7095 = CARTESIAN_POINT('',(214.,11.527864045,2.8));
#7096 = SURFACE_CURVE('',#7097,(#7118,#7142),.PCURVE_S1.);
#7097 = B_SPLINE_CURVE_WITH_KNOTS('',7,(#7098,#7099,#7100,#7101,#7102,
    #7103,#7104,#7105,#7106,#7107,#7108,#7109,#7110,#7111,#7112,#7113,
    #7114,#7115,#7116,#7117),.UNSPECIFIED.,.F.,.F.,(8,6,6,8),(0.,
    0.172067678188,0.549636372724,1.),.UNSPECIFIED.);
#7098 = CARTESIAN_POINT('',(214.,11.527864045,2.8));
#7099 = CARTESIAN_POINT('',(214.10965275828,11.625940453582,2.8));
#7100 = CARTESIAN_POINT('',(214.2156276232,11.726373331864,2.80701379885
    ));
#7101 = CARTESIAN_POINT('',(214.31767314486,11.828775828494,
    2.820194740034));
#7102 = CARTESIAN_POINT('',(214.41564982198,11.932786398106,
    2.838796250324));
#7103 = CARTESIAN_POINT('',(214.50949921592,12.038077556985,
    2.86215888868));
#7104 = CARTESIAN_POINT('',(214.59922133054,12.14436099001,
    2.889701061781));
#7105 = CARTESIAN_POINT('',(214.87277804936,12.486240956571,
    2.989402760282));
#7106 = CARTESIAN_POINT('',(215.0418527755,12.725699990924,
    3.075861440987));
#7107 = CARTESIAN_POINT('',(215.19253339107,12.967570723048,
    3.175291240839));
#7108 = CARTESIAN_POINT('',(215.32601558804,13.210425186515,
    3.284267963681));
#7109 = CARTESIAN_POINT('',(215.44366253458,13.453673644786,
    3.400489964929));
#7110 = CARTESIAN_POINT('',(215.5467683157,13.697491217326,
    3.522599598925));
#7111 = CARTESIAN_POINT('',(215.74309207988,14.235373819983,
    3.80194005992));
#7112 = CARTESIAN_POINT('',(215.83023923835,14.529154409035,
    3.96093074265));
#7113 = CARTESIAN_POINT('',(215.89874213523,14.823297306315,
    4.124633888493));
#7114 = CARTESIAN_POINT('',(215.94948761172,15.117392589403,
    4.291428214452));
#7115 = CARTESIAN_POINT('',(215.98313189279,15.411380142494,
    4.460161583571));
#7116 = CARTESIAN_POINT('',(215.99999988432,15.705462292779,
    4.629948167753));
#7117 = CARTESIAN_POINT('',(216.,16.,4.8));
#7118 = PCURVE('',#789,#7119);
#7119 = DEFINITIONAL_REPRESENTATION('',(#7120),#7141);
#7120 = B_SPLINE_CURVE_WITH_KNOTS('',7,(#7121,#7122,#7123,#7124,#7125,
    #7126,#7127,#7128,#7129,#7130,#7131,#7132,#7133,#7134,#7135,#7136,
    #7137,#7138,#7139,#7140),.UNSPECIFIED.,.F.,.F.,(8,6,6,8),(0.,
    0.172067678188,0.549636372724,1.),.UNSPECIFIED.);
#7121 = CARTESIAN_POINT('',(-5.442116636612,-4.440892098501E-16));
#7122 = CARTESIAN_POINT('',(-5.466635738757,-4.440892098501E-16));
#7123 = CARTESIAN_POINT('',(-5.49095977661,-7.013798850501E-03));
#7124 = CARTESIAN_POINT('',(-5.515038630468,-2.019474003375E-02));
#7125 = CARTESIAN_POINT('',(-5.53883709171,-3.879625032382E-02));
#7126 = CARTESIAN_POINT('',(-5.562331006753,-6.215888867987E-02));
#7127 = CARTESIAN_POINT('',(-5.585504788926,-8.97010617811E-02));
#7128 = CARTESIAN_POINT('',(-5.658480277571,-0.189402760282));
#7129 = CARTESIAN_POINT('',(-5.707247679475,-0.275861440987));
#7130 = CARTESIAN_POINT('',(-5.754619535532,-0.37529124084));
#7131 = CARTESIAN_POINT('',(-5.800689117487,-0.48426796368));
#7132 = CARTESIAN_POINT('',(-5.845630418045,-0.600489964929));
#7133 = CARTESIAN_POINT('',(-5.88969543589,-0.722599598925));
#7134 = CARTESIAN_POINT('',(-5.985127307258,-1.00194005992));
#7135 = CARTESIAN_POINT('',(-6.036102757392,-1.16093074265));
#7136 = CARTESIAN_POINT('',(-6.086297934615,-1.324633888493));
#7137 = CARTESIAN_POINT('',(-6.135890908565,-1.491428214452));
#7138 = CARTESIAN_POINT('',(-6.185081971985,-1.660161583571));
#7139 = CARTESIAN_POINT('',(-6.234095695665,-1.829948167753));
#7140 = CARTESIAN_POINT('',(-6.28318530718,-2.));
#7141 = ( GEOMETRIC_REPRESENTATION_CONTEXT(2) 
PARAMETRIC_REPRESENTATION_CONTEXT() REPRESENTATION_CONTEXT('2D SPACE',''
  ) );
#7142 = PCURVE('',#7143,#7148);
#7143 = CYLINDRICAL_SURFACE('',#7144,2.);
#7144 = AXIS2_PLACEMENT_3D('',#7145,#7146,#7147);
#7145 = CARTESIAN_POINT('',(214.,10.,4.8));
#7146 = DIRECTION('',(0.,-1.,0.));
#7147 = DIRECTION('',(1.,0.,0.));
#7148 = DEFINITIONAL_REPRESENTATION('',(#7149),#7170);
#7149 = B_SPLINE_CURVE_WITH_KNOTS('',7,(#7150,#7151,#7152,#7153,#7154,
    #7155,#7156,#7157,#7158,#7159,#7160,#7161,#7162,#7163,#7164,#7165,
    #7166,#7167,#7168,#7169),.UNSPECIFIED.,.F.,.F.,(8,6,6,8),(0.,
    0.172067678188,0.549636372724,1.),.UNSPECIFIED.);
#7150 = CARTESIAN_POINT('',(4.712388980385,-1.527864045));
#7151 = CARTESIAN_POINT('',(4.767215359529,-1.625940453582));
#7152 = CARTESIAN_POINT('',(4.820202843601,-1.726373331864));
#7153 = CARTESIAN_POINT('',(4.871494591358,-1.828775828494));
#7154 = CARTESIAN_POINT('',(4.921209539538,-1.932786398106));
#7155 = CARTESIAN_POINT('',(4.969451809445,-2.038077556985));
#7156 = CARTESIAN_POINT('',(5.016316399403,-2.14436099001));
#7157 = CARTESIAN_POINT('',(5.161896022886,-2.486240956571));
#7158 = CARTESIAN_POINT('',(5.256125798886,-2.725699990924));
#7159 = CARTESIAN_POINT('',(5.345567335739,-2.967570723048));
#7160 = CARTESIAN_POINT('',(5.430988301004,-3.210425186515));
#7161 = CARTESIAN_POINT('',(5.513127343987,-3.453673644786));
#7162 = CARTESIAN_POINT('',(5.592722303754,-3.697491217326));
#7163 = CARTESIAN_POINT('',(5.763437061118,-4.235373819983));
#7164 = CARTESIAN_POINT('',(5.853531795982,-4.529154409035));
#7165 = CARTESIAN_POINT('',(5.941498895006,-4.823297306315));
#7166 = CARTESIAN_POINT('',(6.027897341892,-5.117392589403));
#7167 = CARTESIAN_POINT('',(6.113264839651,-5.411380142494));
#7168 = CARTESIAN_POINT('',(6.198159753048,-5.705462292779));
#7169 = CARTESIAN_POINT('',(6.28318530718,-6.));
#7170 = ( GEOMETRIC_REPRESENTATION_CONTEXT(2) 
PARAMETRIC_REPRESENTATION_CONTEXT() REPRESENTATION_CONTEXT('2D SPACE',''
  ) );
#7171 = ORIENTED_EDGE('',*,*,#7172,.F.);
#7172 = EDGE_CURVE('',#6628,#7094,#7173,.T.);
#7173 = SURFACE_CURVE('',#7174,(#7179,#7186),.PCURVE_S1.);
#7174 = CIRCLE('',#7175,6.);
#7175 = AXIS2_PLACEMENT_3D('',#7176,#7177,#7178);
#7176 = CARTESIAN_POINT('',(210.,16.,2.8));
#7177 = DIRECTION('',(0.,0.,1.));
#7178 = DIRECTION('',(1.,0.,0.));
#7179 = PCURVE('',#789,#7180);
#7180 = DEFINITIONAL_REPRESENTATION('',(#7181),#7185);
#7181 = LINE('',#7182,#7183);
#7182 = CARTESIAN_POINT('',(-0.,0.));
#7183 = VECTOR('',#7184,1.);
#7184 = DIRECTION('',(-1.,0.));
#7185 = ( GEOMETRIC_REPRESENTATION_CONTEXT(2) 
PARAMETRIC_REPRESENTATION_CONTEXT() REPRESENTATION_CONTEXT('2D SPACE',''
  ) );
#7186 = PCURVE('',#6021,#7187);
#7187 = DEFINITIONAL_REPRESENTATION('',(#7188),#7192);
#7188 = CIRCLE('',#7189,6.);
#7189 = AXIS2_PLACEMENT_2D('',#7190,#7191);
#7190 = CARTESIAN_POINT('',(55.,6.01));
#7191 = DIRECTION('',(1.,0.));
#7192 = ( GEOMETRIC_REPRESENTATION_CONTEXT(2) 
PARAMETRIC_REPRESENTATION_CONTEXT() REPRESENTATION_CONTEXT('2D SPACE',''
  ) );
#7193 = ADVANCED_FACE('',(#7194),#732,.F.);
#7194 = FACE_BOUND('',#7195,.T.);
#7195 = EDGE_LOOP('',(#7196,#7197,#7233,#7253));
#7196 = ORIENTED_EDGE('',*,*,#6676,.F.);
#7197 = ORIENTED_EDGE('',*,*,#7198,.T.);
#7198 = EDGE_CURVE('',#6677,#7199,#7201,.T.);
#7199 = VERTEX_POINT('',#7200);
#7200 = CARTESIAN_POINT('',(216.,28.,4.8));
#7201 = SURFACE_CURVE('',#7202,(#7207,#7220),.PCURVE_S1.);
#7202 = ELLIPSE('',#7203,2.828427124746,2.);
#7203 = AXIS2_PLACEMENT_3D('',#7204,#7205,#7206);
#7204 = CARTESIAN_POINT('',(214.,28.,4.8));
#7205 = DIRECTION('',(0.,-0.707106781187,-0.707106781187));
#7206 = DIRECTION('',(-0.,0.707106781187,-0.707106781187));
#7207 = PCURVE('',#732,#7208);
#7208 = DEFINITIONAL_REPRESENTATION('',(#7209),#7219);
#7209 = B_SPLINE_CURVE_WITH_KNOTS('',8,(#7210,#7211,#7212,#7213,#7214,
    #7215,#7216,#7217,#7218),.UNSPECIFIED.,.F.,.F.,(9,9),(0.,
    1.570796326795),.PIECEWISE_BEZIER_KNOTS.);
#7210 = CARTESIAN_POINT('',(-1.570796326795,-4.440892098501E-16));
#7211 = CARTESIAN_POINT('',(-1.374446785946,-4.440892098501E-16));
#7212 = CARTESIAN_POINT('',(-1.178097245096,-8.812155197211E-02));
#7213 = CARTESIAN_POINT('',(-0.981747704248,-0.26436390732));
#7214 = CARTESIAN_POINT('',(-0.785398163394,-0.521482498846));
#7215 = CARTESIAN_POINT('',(-0.58904862255,-0.844973477577));
#7216 = CARTESIAN_POINT('',(-0.392699081698,-1.214601743363));
#7217 = CARTESIAN_POINT('',(-0.196349540849,-1.607300918301));
#7218 = CARTESIAN_POINT('',(0.,-2.));
#7219 = ( GEOMETRIC_REPRESENTATION_CONTEXT(2) 
PARAMETRIC_REPRESENTATION_CONTEXT() REPRESENTATION_CONTEXT('2D SPACE',''
  ) );
#7220 = PCURVE('',#7143,#7221);
#7221 = DEFINITIONAL_REPRESENTATION('',(#7222),#7232);
#7222 = B_SPLINE_CURVE_WITH_KNOTS('',8,(#7223,#7224,#7225,#7226,#7227,
    #7228,#7229,#7230,#7231),.UNSPECIFIED.,.F.,.F.,(9,9),(0.,
    1.570796326795),.PIECEWISE_BEZIER_KNOTS.);
#7223 = CARTESIAN_POINT('',(4.712388980385,-20.));
#7224 = CARTESIAN_POINT('',(4.908738521234,-20.));
#7225 = CARTESIAN_POINT('',(5.105088062084,-19.91187844801));
#7226 = CARTESIAN_POINT('',(5.301437602936,-19.73563609263));
#7227 = CARTESIAN_POINT('',(5.497787143781,-19.47851750101));
#7228 = CARTESIAN_POINT('',(5.694136684635,-19.15502652245));
#7229 = CARTESIAN_POINT('',(5.890486225481,-18.78539825662));
#7230 = CARTESIAN_POINT('',(6.08683576633,-18.39269908169));
#7231 = CARTESIAN_POINT('',(6.28318530718,-18.));
#7232 = ( GEOMETRIC_REPRESENTATION_CONTEXT(2) 
PARAMETRIC_REPRESENTATION_CONTEXT() REPRESENTATION_CONTEXT('2D SPACE',''
  ) );
#7233 = ORIENTED_EDGE('',*,*,#7234,.T.);
#7234 = EDGE_CURVE('',#7199,#716,#7235,.T.);
#7235 = SURFACE_CURVE('',#7236,(#7240,#7246),.PCURVE_S1.);
#7236 = LINE('',#7237,#7238);
#7237 = CARTESIAN_POINT('',(216.,28.,2.8));
#7238 = VECTOR('',#7239,1.);
#7239 = DIRECTION('',(0.,0.,1.));
#7240 = PCURVE('',#732,#7241);
#7241 = DEFINITIONAL_REPRESENTATION('',(#7242),#7245);
#7242 = B_SPLINE_CURVE_WITH_KNOTS('',1,(#7243,#7244),.UNSPECIFIED.,.F.,
  .F.,(2,2),(0.,41.),.PIECEWISE_BEZIER_KNOTS.);
#7243 = CARTESIAN_POINT('',(0.,0.));
#7244 = CARTESIAN_POINT('',(0.,-41.));
#7245 = ( GEOMETRIC_REPRESENTATION_CONTEXT(2) 
PARAMETRIC_REPRESENTATION_CONTEXT() REPRESENTATION_CONTEXT('2D SPACE',''
  ) );
#7246 = PCURVE('',#760,#7247);
#7247 = DEFINITIONAL_REPRESENTATION('',(#7248),#7252);
#7248 = LINE('',#7249,#7250);
#7249 = CARTESIAN_POINT('',(2.6,-18.01));
#7250 = VECTOR('',#7251,1.);
#7251 = DIRECTION('',(1.,0.));
#7252 = ( GEOMETRIC_REPRESENTATION_CONTEXT(2) 
PARAMETRIC_REPRESENTATION_CONTEXT() REPRESENTATION_CONTEXT('2D SPACE',''
  ) );
#7253 = ORIENTED_EDGE('',*,*,#715,.T.);
#7254 = ADVANCED_FACE('',(#7255),#760,.F.);
#7255 = FACE_BOUND('',#7256,.F.);
#7256 = EDGE_LOOP('',(#7257,#7258,#7259,#7280,#7301,#7327,#7328,#7349,
    #7370,#7396,#7397,#7417));
#7257 = ORIENTED_EDGE('',*,*,#744,.F.);
#7258 = ORIENTED_EDGE('',*,*,#6723,.F.);
#7259 = ORIENTED_EDGE('',*,*,#7260,.T.);
#7260 = EDGE_CURVE('',#6724,#7261,#7263,.T.);
#7261 = VERTEX_POINT('',#7262);
#7262 = CARTESIAN_POINT('',(216.,17.5,40.581118318204));
#7263 = SURFACE_CURVE('',#7264,(#7268,#7274),.PCURVE_S1.);
#7264 = LINE('',#7265,#7266);
#7265 = CARTESIAN_POINT('',(216.,5.527220420449,28.608338738653));
#7266 = VECTOR('',#7267,1.);
#7267 = DIRECTION('',(-0.,0.707106781187,0.707106781187));
#7268 = PCURVE('',#760,#7269);
#7269 = DEFINITIONAL_REPRESENTATION('',(#7270),#7273);
#7270 = B_SPLINE_CURVE_WITH_KNOTS('',1,(#7271,#7272),.UNSPECIFIED.,.F.,
  .F.,(2,2),(14.810746917145,16.932067260705),.PIECEWISE_BEZIER_KNOTS.);
#7271 = CARTESIAN_POINT('',(38.881118318204,-6.01));
#7272 = CARTESIAN_POINT('',(40.381118318204,-7.51));
#7273 = ( GEOMETRIC_REPRESENTATION_CONTEXT(2) 
PARAMETRIC_REPRESENTATION_CONTEXT() REPRESENTATION_CONTEXT('2D SPACE',''
  ) );
#7274 = PCURVE('',#5258,#7275);
#7275 = DEFINITIONAL_REPRESENTATION('',(#7276),#7279);
#7276 = B_SPLINE_CURVE_WITH_KNOTS('',1,(#7277,#7278),.UNSPECIFIED.,.F.,
  .F.,(2,2),(14.810746917145,16.932067260705),.PIECEWISE_BEZIER_KNOTS.);
#7277 = CARTESIAN_POINT('',(2.12132034356,-1.));
#7278 = CARTESIAN_POINT('',(0.,-1.));
#7279 = ( GEOMETRIC_REPRESENTATION_CONTEXT(2) 
PARAMETRIC_REPRESENTATION_CONTEXT() REPRESENTATION_CONTEXT('2D SPACE',''
  ) );
#7280 = ORIENTED_EDGE('',*,*,#7281,.T.);
#7281 = EDGE_CURVE('',#7261,#7282,#7284,.T.);
#7282 = VERTEX_POINT('',#7283);
#7283 = CARTESIAN_POINT('',(216.,20.540559159102,37.540559159102));
#7284 = SURFACE_CURVE('',#7285,(#7289,#7295),.PCURVE_S1.);
#7285 = LINE('',#7286,#7287);
#7286 = CARTESIAN_POINT('',(216.,27.238059159102,30.843059159102));
#7287 = VECTOR('',#7288,1.);
#7288 = DIRECTION('',(0.,0.707106781187,-0.707106781187));
#7289 = PCURVE('',#760,#7290);
#7290 = DEFINITIONAL_REPRESENTATION('',(#7291),#7294);
#7291 = B_SPLINE_CURVE_WITH_KNOTS('',1,(#7292,#7293),.UNSPECIFIED.,.F.,
  .F.,(2,2),(-13.77169533399,-9.471695333994),.PIECEWISE_BEZIER_KNOTS.);
#7292 = CARTESIAN_POINT('',(40.381118318204,-7.51));
#7293 = CARTESIAN_POINT('',(37.340559159102,-10.5505591591));
#7294 = ( GEOMETRIC_REPRESENTATION_CONTEXT(2) 
PARAMETRIC_REPRESENTATION_CONTEXT() REPRESENTATION_CONTEXT('2D SPACE',''
  ) );
#7295 = PCURVE('',#5201,#7296);
#7296 = DEFINITIONAL_REPRESENTATION('',(#7297),#7300);
#7297 = B_SPLINE_CURVE_WITH_KNOTS('',1,(#7298,#7299),.UNSPECIFIED.,.F.,
  .F.,(2,2),(-13.77169533399,-9.471695333994),.PIECEWISE_BEZIER_KNOTS.);
#7298 = CARTESIAN_POINT('',(4.3,-1.));
#7299 = CARTESIAN_POINT('',(0.,-1.));
#7300 = ( GEOMETRIC_REPRESENTATION_CONTEXT(2) 
PARAMETRIC_REPRESENTATION_CONTEXT() REPRESENTATION_CONTEXT('2D SPACE',''
  ) );
#7301 = ORIENTED_EDGE('',*,*,#7302,.T.);
#7302 = EDGE_CURVE('',#7282,#6773,#7303,.T.);
#7303 = SURFACE_CURVE('',#7304,(#7309,#7320),.PCURVE_S1.);
#7304 = CIRCLE('',#7305,4.3);
#7305 = AXIS2_PLACEMENT_3D('',#7306,#7307,#7308);
#7306 = CARTESIAN_POINT('',(216.,17.5,34.5));
#7307 = DIRECTION('',(-1.,-0.,0.));
#7308 = DIRECTION('',(0.,-1.652424966884E-15,-1.));
#7309 = PCURVE('',#760,#7310);
#7310 = DEFINITIONAL_REPRESENTATION('',(#7311),#7319);
#7311 = ( BOUNDED_CURVE() B_SPLINE_CURVE(2,(#7312,#7313,#7314,#7315,
#7316,#7317,#7318),.UNSPECIFIED.,.T.,.F.) B_SPLINE_CURVE_WITH_KNOTS((1,2
    ,2,2,2,1),(-2.094395102393,0.,2.094395102393,4.188790204786,
6.28318530718,8.377580409573),.UNSPECIFIED.) CURVE() 
GEOMETRIC_REPRESENTATION_ITEM() RATIONAL_B_SPLINE_CURVE((1.,0.5,1.,0.5,
1.,0.5,1.)) REPRESENTATION_ITEM('') );
#7312 = CARTESIAN_POINT('',(30.,-7.51));
#7313 = CARTESIAN_POINT('',(30.,-6.218152745384E-02));
#7314 = CARTESIAN_POINT('',(36.45,-3.786090763727));
#7315 = CARTESIAN_POINT('',(42.9,-7.51));
#7316 = CARTESIAN_POINT('',(36.45,-11.23390923627));
#7317 = CARTESIAN_POINT('',(30.,-14.95781847254));
#7318 = CARTESIAN_POINT('',(30.,-7.51));
#7319 = ( GEOMETRIC_REPRESENTATION_CONTEXT(2) 
PARAMETRIC_REPRESENTATION_CONTEXT() REPRESENTATION_CONTEXT('2D SPACE',''
  ) );
#7320 = PCURVE('',#5233,#7321);
#7321 = DEFINITIONAL_REPRESENTATION('',(#7322),#7326);
#7322 = LINE('',#7323,#7324);
#7323 = CARTESIAN_POINT('',(-6.28318530718,-1.));
#7324 = VECTOR('',#7325,1.);
#7325 = DIRECTION('',(1.,-0.));
#7326 = ( GEOMETRIC_REPRESENTATION_CONTEXT(2) 
PARAMETRIC_REPRESENTATION_CONTEXT() REPRESENTATION_CONTEXT('2D SPACE',''
  ) );
#7327 = ORIENTED_EDGE('',*,*,#6897,.F.);
#7328 = ORIENTED_EDGE('',*,*,#7329,.T.);
#7329 = EDGE_CURVE('',#6898,#7330,#7332,.T.);
#7330 = VERTEX_POINT('',#7331);
#7331 = CARTESIAN_POINT('',(216.,17.5,15.581118318204));
#7332 = SURFACE_CURVE('',#7333,(#7337,#7343),.PCURVE_S1.);
#7333 = LINE('',#7334,#7335);
#7334 = CARTESIAN_POINT('',(216.,11.777220420449,9.858338738653));
#7335 = VECTOR('',#7336,1.);
#7336 = DIRECTION('',(-0.,0.707106781187,0.707106781187));
#7337 = PCURVE('',#760,#7338);
#7338 = DEFINITIONAL_REPRESENTATION('',(#7339),#7342);
#7339 = B_SPLINE_CURVE_WITH_KNOTS('',1,(#7340,#7341),.UNSPECIFIED.,.F.,
  .F.,(2,2),(5.971912152313,8.093232495873),.PIECEWISE_BEZIER_KNOTS.);
#7340 = CARTESIAN_POINT('',(13.881118318204,-6.01));
#7341 = CARTESIAN_POINT('',(15.381118318204,-7.51));
#7342 = ( GEOMETRIC_REPRESENTATION_CONTEXT(2) 
PARAMETRIC_REPRESENTATION_CONTEXT() REPRESENTATION_CONTEXT('2D SPACE',''
  ) );
#7343 = PCURVE('',#5085,#7344);
#7344 = DEFINITIONAL_REPRESENTATION('',(#7345),#7348);
#7345 = B_SPLINE_CURVE_WITH_KNOTS('',1,(#7346,#7347),.UNSPECIFIED.,.F.,
  .F.,(2,2),(5.971912152313,8.093232495873),.PIECEWISE_BEZIER_KNOTS.);
#7346 = CARTESIAN_POINT('',(2.12132034356,-1.));
#7347 = CARTESIAN_POINT('',(0.,-1.));
#7348 = ( GEOMETRIC_REPRESENTATION_CONTEXT(2) 
PARAMETRIC_REPRESENTATION_CONTEXT() REPRESENTATION_CONTEXT('2D SPACE',''
  ) );
#7349 = ORIENTED_EDGE('',*,*,#7350,.T.);
#7350 = EDGE_CURVE('',#7330,#7351,#7353,.T.);
#7351 = VERTEX_POINT('',#7352);
#7352 = CARTESIAN_POINT('',(216.,20.540559159102,12.540559159102));
#7353 = SURFACE_CURVE('',#7354,(#7358,#7364),.PCURVE_S1.);
#7354 = LINE('',#7355,#7356);
#7355 = CARTESIAN_POINT('',(216.,20.988059159102,12.093059159102));
#7356 = VECTOR('',#7357,1.);
#7357 = DIRECTION('',(0.,0.707106781187,-0.707106781187));
#7358 = PCURVE('',#760,#7359);
#7359 = DEFINITIONAL_REPRESENTATION('',(#7360),#7363);
#7360 = B_SPLINE_CURVE_WITH_KNOTS('',1,(#7361,#7362),.UNSPECIFIED.,.F.,
  .F.,(2,2),(-4.932860569162,-0.632860569162),.PIECEWISE_BEZIER_KNOTS.);
#7361 = CARTESIAN_POINT('',(15.381118318204,-7.51));
#7362 = CARTESIAN_POINT('',(12.340559159102,-10.5505591591));
#7363 = ( GEOMETRIC_REPRESENTATION_CONTEXT(2) 
PARAMETRIC_REPRESENTATION_CONTEXT() REPRESENTATION_CONTEXT('2D SPACE',''
  ) );
#7364 = PCURVE('',#5028,#7365);
#7365 = DEFINITIONAL_REPRESENTATION('',(#7366),#7369);
#7366 = B_SPLINE_CURVE_WITH_KNOTS('',1,(#7367,#7368),.UNSPECIFIED.,.F.,
  .F.,(2,2),(-4.932860569162,-0.632860569162),.PIECEWISE_BEZIER_KNOTS.);
#7367 = CARTESIAN_POINT('',(4.3,-1.));
#7368 = CARTESIAN_POINT('',(0.,-1.));
#7369 = ( GEOMETRIC_REPRESENTATION_CONTEXT(2) 
PARAMETRIC_REPRESENTATION_CONTEXT() REPRESENTATION_CONTEXT('2D SPACE',''
  ) );
#7370 = ORIENTED_EDGE('',*,*,#7371,.T.);
#7371 = EDGE_CURVE('',#7351,#6947,#7372,.T.);
#7372 = SURFACE_CURVE('',#7373,(#7378,#7389),.PCURVE_S1.);
#7373 = CIRCLE('',#7374,4.3);
#7374 = AXIS2_PLACEMENT_3D('',#7375,#7376,#7377);
#7375 = CARTESIAN_POINT('',(216.,17.5,9.5));
#7376 = DIRECTION('',(-1.,-0.,0.));
#7377 = DIRECTION('',(0.,-0.,-1.));
#7378 = PCURVE('',#760,#7379);
#7379 = DEFINITIONAL_REPRESENTATION('',(#7380),#7388);
#7380 = ( BOUNDED_CURVE() B_SPLINE_CURVE(2,(#7381,#7382,#7383,#7384,
#7385,#7386,#7387),.UNSPECIFIED.,.T.,.F.) B_SPLINE_CURVE_WITH_KNOTS((1,2
    ,2,2,2,1),(-2.094395102393,0.,2.094395102393,4.188790204786,
6.28318530718,8.377580409573),.UNSPECIFIED.) CURVE() 
GEOMETRIC_REPRESENTATION_ITEM() RATIONAL_B_SPLINE_CURVE((1.,0.5,1.,0.5,
1.,0.5,1.)) REPRESENTATION_ITEM('') );
#7381 = CARTESIAN_POINT('',(5.,-7.51));
#7382 = CARTESIAN_POINT('',(5.,-6.218152745383E-02));
#7383 = CARTESIAN_POINT('',(11.45,-3.786090763727));
#7384 = CARTESIAN_POINT('',(17.9,-7.51));
#7385 = CARTESIAN_POINT('',(11.45,-11.23390923627));
#7386 = CARTESIAN_POINT('',(5.,-14.95781847254));
#7387 = CARTESIAN_POINT('',(5.,-7.51));
#7388 = ( GEOMETRIC_REPRESENTATION_CONTEXT(2) 
PARAMETRIC_REPRESENTATION_CONTEXT() REPRESENTATION_CONTEXT('2D SPACE',''
  ) );
#7389 = PCURVE('',#5060,#7390);
#7390 = DEFINITIONAL_REPRESENTATION('',(#7391),#7395);
#7391 = LINE('',#7392,#7393);
#7392 = CARTESIAN_POINT('',(-12.56637061435,-1.));
#7393 = VECTOR('',#7394,1.);
#7394 = DIRECTION('',(1.,-0.));
#7395 = ( GEOMETRIC_REPRESENTATION_CONTEXT(2) 
PARAMETRIC_REPRESENTATION_CONTEXT() REPRESENTATION_CONTEXT('2D SPACE',''
  ) );
#7396 = ORIENTED_EDGE('',*,*,#7071,.F.);
#7397 = ORIENTED_EDGE('',*,*,#7398,.T.);
#7398 = EDGE_CURVE('',#7072,#7199,#7399,.T.);
#7399 = SURFACE_CURVE('',#7400,(#7404,#7411),.PCURVE_S1.);
#7400 = LINE('',#7401,#7402);
#7401 = CARTESIAN_POINT('',(216.,10.,4.8));
#7402 = VECTOR('',#7403,1.);
#7403 = DIRECTION('',(0.,1.,0.));
#7404 = PCURVE('',#760,#7405);
#7405 = DEFINITIONAL_REPRESENTATION('',(#7406),#7410);
#7406 = LINE('',#7407,#7408);
#7407 = CARTESIAN_POINT('',(4.6,-1.E-02));
#7408 = VECTOR('',#7409,1.);
#7409 = DIRECTION('',(0.,-1.));
#7410 = ( GEOMETRIC_REPRESENTATION_CONTEXT(2) 
PARAMETRIC_REPRESENTATION_CONTEXT() REPRESENTATION_CONTEXT('2D SPACE',''
  ) );
#7411 = PCURVE('',#7143,#7412);
#7412 = DEFINITIONAL_REPRESENTATION('',(#7413),#7416);
#7413 = B_SPLINE_CURVE_WITH_KNOTS('',1,(#7414,#7415),.UNSPECIFIED.,.F.,
  .F.,(2,2),(0.,196.),.PIECEWISE_BEZIER_KNOTS.);
#7414 = CARTESIAN_POINT('',(6.28318530718,0.));
#7415 = CARTESIAN_POINT('',(6.28318530718,-196.));
#7416 = ( GEOMETRIC_REPRESENTATION_CONTEXT(2) 
PARAMETRIC_REPRESENTATION_CONTEXT() REPRESENTATION_CONTEXT('2D SPACE',''
  ) );
#7417 = ORIENTED_EDGE('',*,*,#7234,.T.);
#7418 = ADVANCED_FACE('',(#7419),#948,.T.);
#7419 = FACE_BOUND('',#7420,.T.);
#7420 = EDGE_LOOP('',(#7421,#7422,#7423,#7424));
#7421 = ORIENTED_EDGE('',*,*,#1054,.F.);
#7422 = ORIENTED_EDGE('',*,*,#932,.T.);
#7423 = ORIENTED_EDGE('',*,*,#5417,.T.);
#7424 = ORIENTED_EDGE('',*,*,#7425,.F.);
#7425 = EDGE_CURVE('',#1055,#5395,#7426,.T.);
#7426 = SURFACE_CURVE('',#7427,(#7431,#7438),.PCURVE_S1.);
#7427 = LINE('',#7428,#7429);
#7428 = CARTESIAN_POINT('',(241.3,0.,43.8));
#7429 = VECTOR('',#7430,1.);
#7430 = DIRECTION('',(0.,1.,0.));
#7431 = PCURVE('',#948,#7432);
#7432 = DEFINITIONAL_REPRESENTATION('',(#7433),#7437);
#7433 = LINE('',#7434,#7435);
#7434 = CARTESIAN_POINT('',(43.6,0.));
#7435 = VECTOR('',#7436,1.);
#7436 = DIRECTION('',(0.,-1.));
#7437 = ( GEOMETRIC_REPRESENTATION_CONTEXT(2) 
PARAMETRIC_REPRESENTATION_CONTEXT() REPRESENTATION_CONTEXT('2D SPACE',''
  ) );
#7438 = PCURVE('',#1233,#7439);
#7439 = DEFINITIONAL_REPRESENTATION('',(#7440),#7444);
#7440 = LINE('',#7441,#7442);
#7441 = CARTESIAN_POINT('',(83.3,0.));
#7442 = VECTOR('',#7443,1.);
#7443 = DIRECTION('',(0.,1.));
#7444 = ( GEOMETRIC_REPRESENTATION_CONTEXT(2) 
PARAMETRIC_REPRESENTATION_CONTEXT() REPRESENTATION_CONTEXT('2D SPACE',''
  ) );
#7445 = ADVANCED_FACE('',(#7446),#1233,.T.);
#7446 = FACE_BOUND('',#7447,.T.);
#7447 = EDGE_LOOP('',(#7448,#7467,#7468,#7469));
#7448 = ORIENTED_EDGE('',*,*,#7449,.F.);
#7449 = EDGE_CURVE('',#1194,#5374,#7450,.T.);
#7450 = SURFACE_CURVE('',#7451,(#7455,#7461),.PCURVE_S1.);
#7451 = LINE('',#7452,#7453);
#7452 = CARTESIAN_POINT('',(233.46616882454,-0.5,43.8));
#7453 = VECTOR('',#7454,1.);
#7454 = DIRECTION('',(0.,1.,0.));
#7455 = PCURVE('',#1233,#7456);
#7456 = DEFINITIONAL_REPRESENTATION('',(#7457),#7460);
#7457 = B_SPLINE_CURVE_WITH_KNOTS('',1,(#7458,#7459),.UNSPECIFIED.,.F.,
  .F.,(2,2),(0.5,11.5),.PIECEWISE_BEZIER_KNOTS.);
#7458 = CARTESIAN_POINT('',(75.466168824543,0.));
#7459 = CARTESIAN_POINT('',(75.466168824543,11.));
#7460 = ( GEOMETRIC_REPRESENTATION_CONTEXT(2) 
PARAMETRIC_REPRESENTATION_CONTEXT() REPRESENTATION_CONTEXT('2D SPACE',''
  ) );
#7461 = PCURVE('',#1208,#7462);
#7462 = DEFINITIONAL_REPRESENTATION('',(#7463),#7466);
#7463 = B_SPLINE_CURVE_WITH_KNOTS('',1,(#7464,#7465),.UNSPECIFIED.,.F.,
  .F.,(2,2),(0.5,11.5),.PIECEWISE_BEZIER_KNOTS.);
#7464 = CARTESIAN_POINT('',(4.779215357061,-1.));
#7465 = CARTESIAN_POINT('',(4.779215357061,-12.));
#7466 = ( GEOMETRIC_REPRESENTATION_CONTEXT(2) 
PARAMETRIC_REPRESENTATION_CONTEXT() REPRESENTATION_CONTEXT('2D SPACE',''
  ) );
#7467 = ORIENTED_EDGE('',*,*,#1219,.T.);
#7468 = ORIENTED_EDGE('',*,*,#7425,.T.);
#7469 = ORIENTED_EDGE('',*,*,#5394,.T.);
#7470 = ADVANCED_FACE('',(#7471),#1208,.F.);
#7471 = FACE_BOUND('',#7472,.F.);
#7472 = EDGE_LOOP('',(#7473,#7474,#7495,#7496));
#7473 = ORIENTED_EDGE('',*,*,#1193,.T.);
#7474 = ORIENTED_EDGE('',*,*,#7475,.T.);
#7475 = EDGE_CURVE('',#1161,#5346,#7476,.T.);
#7476 = SURFACE_CURVE('',#7477,(#7481,#7488),.PCURVE_S1.);
#7477 = LINE('',#7478,#7479);
#7478 = CARTESIAN_POINT('',(236.84558441227,-1.,40.420584412272));
#7479 = VECTOR('',#7480,1.);
#7480 = DIRECTION('',(-0.,1.,-0.));
#7481 = PCURVE('',#1208,#7482);
#7482 = DEFINITIONAL_REPRESENTATION('',(#7483),#7487);
#7483 = LINE('',#7484,#7485);
#7484 = CARTESIAN_POINT('',(0.,0.));
#7485 = VECTOR('',#7486,1.);
#7486 = DIRECTION('',(0.,-1.));
#7487 = ( GEOMETRIC_REPRESENTATION_CONTEXT(2) 
PARAMETRIC_REPRESENTATION_CONTEXT() REPRESENTATION_CONTEXT('2D SPACE',''
  ) );
#7488 = PCURVE('',#1181,#7489);
#7489 = DEFINITIONAL_REPRESENTATION('',(#7490),#7494);
#7490 = LINE('',#7491,#7492);
#7491 = CARTESIAN_POINT('',(2.356194490192,0.));
#7492 = VECTOR('',#7493,1.);
#7493 = DIRECTION('',(0.,-1.));
#7494 = ( GEOMETRIC_REPRESENTATION_CONTEXT(2) 
PARAMETRIC_REPRESENTATION_CONTEXT() REPRESENTATION_CONTEXT('2D SPACE',''
  ) );
#7495 = ORIENTED_EDGE('',*,*,#5373,.F.);
#7496 = ORIENTED_EDGE('',*,*,#7449,.F.);
#7497 = ADVANCED_FACE('',(#7498),#1181,.F.);
#7498 = FACE_BOUND('',#7499,.F.);
#7499 = EDGE_LOOP('',(#7500,#7501,#7522,#7523));
#7500 = ORIENTED_EDGE('',*,*,#1160,.F.);
#7501 = ORIENTED_EDGE('',*,*,#7502,.T.);
#7502 = EDGE_CURVE('',#1135,#5325,#7503,.T.);
#7503 = SURFACE_CURVE('',#7504,(#7508,#7515),.PCURVE_S1.);
#7504 = LINE('',#7505,#7506);
#7505 = CARTESIAN_POINT('',(234.3,-1.,34.275));
#7506 = VECTOR('',#7507,1.);
#7507 = DIRECTION('',(-0.,1.,-0.));
#7508 = PCURVE('',#1181,#7509);
#7509 = DEFINITIONAL_REPRESENTATION('',(#7510),#7514);
#7510 = LINE('',#7511,#7512);
#7511 = CARTESIAN_POINT('',(0.,0.));
#7512 = VECTOR('',#7513,1.);
#7513 = DIRECTION('',(0.,-1.));
#7514 = ( GEOMETRIC_REPRESENTATION_CONTEXT(2) 
PARAMETRIC_REPRESENTATION_CONTEXT() REPRESENTATION_CONTEXT('2D SPACE',''
  ) );
#7515 = PCURVE('',#1149,#7516);
#7516 = DEFINITIONAL_REPRESENTATION('',(#7517),#7521);
#7517 = LINE('',#7518,#7519);
#7518 = CARTESIAN_POINT('',(3.5,0.));
#7519 = VECTOR('',#7520,1.);
#7520 = DIRECTION('',(0.,-1.));
#7521 = ( GEOMETRIC_REPRESENTATION_CONTEXT(2) 
PARAMETRIC_REPRESENTATION_CONTEXT() REPRESENTATION_CONTEXT('2D SPACE',''
  ) );
#7522 = ORIENTED_EDGE('',*,*,#5345,.T.);
#7523 = ORIENTED_EDGE('',*,*,#7475,.F.);
#7524 = ADVANCED_FACE('',(#7525),#1149,.F.);
#7525 = FACE_BOUND('',#7526,.F.);
#7526 = EDGE_LOOP('',(#7527,#7528,#7549,#7550));
#7527 = ORIENTED_EDGE('',*,*,#1134,.T.);
#7528 = ORIENTED_EDGE('',*,*,#7529,.T.);
#7529 = EDGE_CURVE('',#1102,#5297,#7530,.T.);
#7530 = SURFACE_CURVE('',#7531,(#7535,#7542),.PCURVE_S1.);
#7531 = LINE('',#7532,#7533);
#7532 = CARTESIAN_POINT('',(230.8,-1.,34.275));
#7533 = VECTOR('',#7534,1.);
#7534 = DIRECTION('',(-0.,1.,-0.));
#7535 = PCURVE('',#1149,#7536);
#7536 = DEFINITIONAL_REPRESENTATION('',(#7537),#7541);
#7537 = LINE('',#7538,#7539);
#7538 = CARTESIAN_POINT('',(0.,0.));
#7539 = VECTOR('',#7540,1.);
#7540 = DIRECTION('',(0.,-1.));
#7541 = ( GEOMETRIC_REPRESENTATION_CONTEXT(2) 
PARAMETRIC_REPRESENTATION_CONTEXT() REPRESENTATION_CONTEXT('2D SPACE',''
  ) );
#7542 = PCURVE('',#1122,#7543);
#7543 = DEFINITIONAL_REPRESENTATION('',(#7544),#7548);
#7544 = LINE('',#7545,#7546);
#7545 = CARTESIAN_POINT('',(2.356194490192,0.));
#7546 = VECTOR('',#7547,1.);
#7547 = DIRECTION('',(0.,-1.));
#7548 = ( GEOMETRIC_REPRESENTATION_CONTEXT(2) 
PARAMETRIC_REPRESENTATION_CONTEXT() REPRESENTATION_CONTEXT('2D SPACE',''
  ) );
#7549 = ORIENTED_EDGE('',*,*,#5324,.F.);
#7550 = ORIENTED_EDGE('',*,*,#7502,.F.);
#7551 = ADVANCED_FACE('',(#7552),#1122,.F.);
#7552 = FACE_BOUND('',#7553,.F.);
#7553 = EDGE_LOOP('',(#7554,#7555,#7556,#7557));
#7554 = ORIENTED_EDGE('',*,*,#1101,.F.);
#7555 = ORIENTED_EDGE('',*,*,#5683,.T.);
#7556 = ORIENTED_EDGE('',*,*,#5296,.T.);
#7557 = ORIENTED_EDGE('',*,*,#7529,.F.);
#7558 = ADVANCED_FACE('',(#7559),#1264,.F.);
#7559 = FACE_BOUND('',#7560,.F.);
#7560 = EDGE_LOOP('',(#7561,#7562,#7583,#7584));
#7561 = ORIENTED_EDGE('',*,*,#1247,.T.);
#7562 = ORIENTED_EDGE('',*,*,#7563,.T.);
#7563 = EDGE_CURVE('',#1250,#5443,#7564,.T.);
#7564 = SURFACE_CURVE('',#7565,(#7569,#7576),.PCURVE_S1.);
#7565 = LINE('',#7566,#7567);
#7566 = CARTESIAN_POINT('',(230.8,-1.,2.525));
#7567 = VECTOR('',#7568,1.);
#7568 = DIRECTION('',(-0.,1.,-0.));
#7569 = PCURVE('',#1264,#7570);
#7570 = DEFINITIONAL_REPRESENTATION('',(#7571),#7575);
#7571 = LINE('',#7572,#7573);
#7572 = CARTESIAN_POINT('',(0.,0.));
#7573 = VECTOR('',#7574,1.);
#7574 = DIRECTION('',(0.,-1.));
#7575 = ( GEOMETRIC_REPRESENTATION_CONTEXT(2) 
PARAMETRIC_REPRESENTATION_CONTEXT() REPRESENTATION_CONTEXT('2D SPACE',''
  ) );
#7576 = PCURVE('',#1379,#7577);
#7577 = DEFINITIONAL_REPRESENTATION('',(#7578),#7582);
#7578 = LINE('',#7579,#7580);
#7579 = CARTESIAN_POINT('',(2.356194490192,0.));
#7580 = VECTOR('',#7581,1.);
#7581 = DIRECTION('',(0.,-1.));
#7582 = ( GEOMETRIC_REPRESENTATION_CONTEXT(2) 
PARAMETRIC_REPRESENTATION_CONTEXT() REPRESENTATION_CONTEXT('2D SPACE',''
  ) );
#7583 = ORIENTED_EDGE('',*,*,#5440,.F.);
#7584 = ORIENTED_EDGE('',*,*,#7585,.F.);
#7585 = EDGE_CURVE('',#1248,#5441,#7586,.T.);
#7586 = SURFACE_CURVE('',#7587,(#7591,#7598),.PCURVE_S1.);
#7587 = LINE('',#7588,#7589);
#7588 = CARTESIAN_POINT('',(234.3,-1.,2.525));
#7589 = VECTOR('',#7590,1.);
#7590 = DIRECTION('',(-0.,1.,-0.));
#7591 = PCURVE('',#1264,#7592);
#7592 = DEFINITIONAL_REPRESENTATION('',(#7593),#7597);
#7593 = LINE('',#7594,#7595);
#7594 = CARTESIAN_POINT('',(3.5,0.));
#7595 = VECTOR('',#7596,1.);
#7596 = DIRECTION('',(0.,-1.));
#7597 = ( GEOMETRIC_REPRESENTATION_CONTEXT(2) 
PARAMETRIC_REPRESENTATION_CONTEXT() REPRESENTATION_CONTEXT('2D SPACE',''
  ) );
#7598 = PCURVE('',#1296,#7599);
#7599 = DEFINITIONAL_REPRESENTATION('',(#7600),#7604);
#7600 = LINE('',#7601,#7602);
#7601 = CARTESIAN_POINT('',(0.,0.));
#7602 = VECTOR('',#7603,1.);
#7603 = DIRECTION('',(0.,-1.));
#7604 = ( GEOMETRIC_REPRESENTATION_CONTEXT(2) 
PARAMETRIC_REPRESENTATION_CONTEXT() REPRESENTATION_CONTEXT('2D SPACE',''
  ) );
#7605 = ADVANCED_FACE('',(#7606),#1296,.F.);
#7606 = FACE_BOUND('',#7607,.F.);
#7607 = EDGE_LOOP('',(#7608,#7609,#7610,#7611));
#7608 = ORIENTED_EDGE('',*,*,#1275,.F.);
#7609 = ORIENTED_EDGE('',*,*,#7585,.T.);
#7610 = ORIENTED_EDGE('',*,*,#5463,.T.);
#7611 = ORIENTED_EDGE('',*,*,#7612,.F.);
#7612 = EDGE_CURVE('',#1276,#5464,#7613,.T.);
#7613 = SURFACE_CURVE('',#7614,(#7618,#7625),.PCURVE_S1.);
#7614 = LINE('',#7615,#7616);
#7615 = CARTESIAN_POINT('',(236.84558441227,-1.,8.670584412272));
#7616 = VECTOR('',#7617,1.);
#7617 = DIRECTION('',(-0.,1.,-0.));
#7618 = PCURVE('',#1296,#7619);
#7619 = DEFINITIONAL_REPRESENTATION('',(#7620),#7624);
#7620 = LINE('',#7621,#7622);
#7621 = CARTESIAN_POINT('',(2.356194490192,0.));
#7622 = VECTOR('',#7623,1.);
#7623 = DIRECTION('',(0.,-1.));
#7624 = ( GEOMETRIC_REPRESENTATION_CONTEXT(2) 
PARAMETRIC_REPRESENTATION_CONTEXT() REPRESENTATION_CONTEXT('2D SPACE',''
  ) );
#7625 = PCURVE('',#1323,#7626);
#7626 = DEFINITIONAL_REPRESENTATION('',(#7627),#7631);
#7627 = LINE('',#7628,#7629);
#7628 = CARTESIAN_POINT('',(0.,0.));
#7629 = VECTOR('',#7630,1.);
#7630 = DIRECTION('',(0.,-1.));
#7631 = ( GEOMETRIC_REPRESENTATION_CONTEXT(2) 
PARAMETRIC_REPRESENTATION_CONTEXT() REPRESENTATION_CONTEXT('2D SPACE',''
  ) );
#7632 = ADVANCED_FACE('',(#7633),#1379,.F.);
#7633 = FACE_BOUND('',#7634,.F.);
#7634 = EDGE_LOOP('',(#7635,#7636,#7657,#7658));
#7635 = ORIENTED_EDGE('',*,*,#1360,.F.);
#7636 = ORIENTED_EDGE('',*,*,#7637,.T.);
#7637 = EDGE_CURVE('',#1335,#5513,#7638,.T.);
#7638 = SURFACE_CURVE('',#7639,(#7643,#7650),.PCURVE_S1.);
#7639 = LINE('',#7640,#7641);
#7640 = CARTESIAN_POINT('',(228.25441558772,-1.,8.670584412272));
#7641 = VECTOR('',#7642,1.);
#7642 = DIRECTION('',(-0.,1.,-0.));
#7643 = PCURVE('',#1379,#7644);
#7644 = DEFINITIONAL_REPRESENTATION('',(#7645),#7649);
#7645 = LINE('',#7646,#7647);
#7646 = CARTESIAN_POINT('',(0.,0.));
#7647 = VECTOR('',#7648,1.);
#7648 = DIRECTION('',(0.,-1.));
#7649 = ( GEOMETRIC_REPRESENTATION_CONTEXT(2) 
PARAMETRIC_REPRESENTATION_CONTEXT() REPRESENTATION_CONTEXT('2D SPACE',''
  ) );
#7650 = PCURVE('',#1349,#7651);
#7651 = DEFINITIONAL_REPRESENTATION('',(#7652),#7656);
#7652 = LINE('',#7653,#7654);
#7653 = CARTESIAN_POINT('',(6.074873734153,0.));
#7654 = VECTOR('',#7655,1.);
#7655 = DIRECTION('',(0.,-1.));
#7656 = ( GEOMETRIC_REPRESENTATION_CONTEXT(2) 
PARAMETRIC_REPRESENTATION_CONTEXT() REPRESENTATION_CONTEXT('2D SPACE',''
  ) );
#7657 = ORIENTED_EDGE('',*,*,#5533,.T.);
#7658 = ORIENTED_EDGE('',*,*,#7563,.F.);
#7659 = ADVANCED_FACE('',(#7660),#1323,.F.);
#7660 = FACE_BOUND('',#7661,.F.);
#7661 = EDGE_LOOP('',(#7662,#7663,#7664,#7665));
#7662 = ORIENTED_EDGE('',*,*,#1308,.T.);
#7663 = ORIENTED_EDGE('',*,*,#7612,.T.);
#7664 = ORIENTED_EDGE('',*,*,#5491,.F.);
#7665 = ORIENTED_EDGE('',*,*,#7666,.F.);
#7666 = EDGE_CURVE('',#1309,#5492,#7667,.T.);
#7667 = SURFACE_CURVE('',#7668,(#7672,#7679),.PCURVE_S1.);
#7668 = LINE('',#7669,#7670);
#7669 = CARTESIAN_POINT('',(232.55,-1.,12.966168824543));
#7670 = VECTOR('',#7671,1.);
#7671 = DIRECTION('',(-0.,1.,-0.));
#7672 = PCURVE('',#1323,#7673);
#7673 = DEFINITIONAL_REPRESENTATION('',(#7674),#7678);
#7674 = LINE('',#7675,#7676);
#7675 = CARTESIAN_POINT('',(6.074873734153,0.));
#7676 = VECTOR('',#7677,1.);
#7677 = DIRECTION('',(0.,-1.));
#7678 = ( GEOMETRIC_REPRESENTATION_CONTEXT(2) 
PARAMETRIC_REPRESENTATION_CONTEXT() REPRESENTATION_CONTEXT('2D SPACE',''
  ) );
#7679 = PCURVE('',#1349,#7680);
#7680 = DEFINITIONAL_REPRESENTATION('',(#7681),#7685);
#7681 = LINE('',#7682,#7683);
#7682 = CARTESIAN_POINT('',(0.,0.));
#7683 = VECTOR('',#7684,1.);
#7684 = DIRECTION('',(0.,-1.));
#7685 = ( GEOMETRIC_REPRESENTATION_CONTEXT(2) 
PARAMETRIC_REPRESENTATION_CONTEXT() REPRESENTATION_CONTEXT('2D SPACE',''
  ) );
#7686 = ADVANCED_FACE('',(#7687),#1349,.F.);
#7687 = FACE_BOUND('',#7688,.F.);
#7688 = EDGE_LOOP('',(#7689,#7690,#7691,#7692));
#7689 = ORIENTED_EDGE('',*,*,#1334,.T.);
#7690 = ORIENTED_EDGE('',*,*,#7666,.T.);
#7691 = ORIENTED_EDGE('',*,*,#5512,.F.);
#7692 = ORIENTED_EDGE('',*,*,#7637,.F.);
#7693 = ADVANCED_FACE('',(#7694),#1410,.F.);
#7694 = FACE_BOUND('',#7695,.F.);
#7695 = EDGE_LOOP('',(#7696,#7697,#7718,#7719));
#7696 = ORIENTED_EDGE('',*,*,#1393,.T.);
#7697 = ORIENTED_EDGE('',*,*,#7698,.T.);
#7698 = EDGE_CURVE('',#1396,#5564,#7699,.T.);
#7699 = SURFACE_CURVE('',#7700,(#7704,#7711),.PCURVE_S1.);
#7700 = LINE('',#7701,#7702);
#7701 = CARTESIAN_POINT('',(230.8,-1.,18.4));
#7702 = VECTOR('',#7703,1.);
#7703 = DIRECTION('',(-0.,1.,-0.));
#7704 = PCURVE('',#1410,#7705);
#7705 = DEFINITIONAL_REPRESENTATION('',(#7706),#7710);
#7706 = LINE('',#7707,#7708);
#7707 = CARTESIAN_POINT('',(0.,0.));
#7708 = VECTOR('',#7709,1.);
#7709 = DIRECTION('',(0.,-1.));
#7710 = ( GEOMETRIC_REPRESENTATION_CONTEXT(2) 
PARAMETRIC_REPRESENTATION_CONTEXT() REPRESENTATION_CONTEXT('2D SPACE',''
  ) );
#7711 = PCURVE('',#1525,#7712);
#7712 = DEFINITIONAL_REPRESENTATION('',(#7713),#7717);
#7713 = LINE('',#7714,#7715);
#7714 = CARTESIAN_POINT('',(2.356194490192,0.));
#7715 = VECTOR('',#7716,1.);
#7716 = DIRECTION('',(0.,-1.));
#7717 = ( GEOMETRIC_REPRESENTATION_CONTEXT(2) 
PARAMETRIC_REPRESENTATION_CONTEXT() REPRESENTATION_CONTEXT('2D SPACE',''
  ) );
#7718 = ORIENTED_EDGE('',*,*,#5561,.F.);
#7719 = ORIENTED_EDGE('',*,*,#7720,.F.);
#7720 = EDGE_CURVE('',#1394,#5562,#7721,.T.);
#7721 = SURFACE_CURVE('',#7722,(#7726,#7733),.PCURVE_S1.);
#7722 = LINE('',#7723,#7724);
#7723 = CARTESIAN_POINT('',(234.3,-1.,18.4));
#7724 = VECTOR('',#7725,1.);
#7725 = DIRECTION('',(-0.,1.,-0.));
#7726 = PCURVE('',#1410,#7727);
#7727 = DEFINITIONAL_REPRESENTATION('',(#7728),#7732);
#7728 = LINE('',#7729,#7730);
#7729 = CARTESIAN_POINT('',(3.5,0.));
#7730 = VECTOR('',#7731,1.);
#7731 = DIRECTION('',(0.,-1.));
#7732 = ( GEOMETRIC_REPRESENTATION_CONTEXT(2) 
PARAMETRIC_REPRESENTATION_CONTEXT() REPRESENTATION_CONTEXT('2D SPACE',''
  ) );
#7733 = PCURVE('',#1442,#7734);
#7734 = DEFINITIONAL_REPRESENTATION('',(#7735),#7739);
#7735 = LINE('',#7736,#7737);
#7736 = CARTESIAN_POINT('',(0.,0.));
#7737 = VECTOR('',#7738,1.);
#7738 = DIRECTION('',(0.,-1.));
#7739 = ( GEOMETRIC_REPRESENTATION_CONTEXT(2) 
PARAMETRIC_REPRESENTATION_CONTEXT() REPRESENTATION_CONTEXT('2D SPACE',''
  ) );
#7740 = ADVANCED_FACE('',(#7741),#1442,.F.);
#7741 = FACE_BOUND('',#7742,.F.);
#7742 = EDGE_LOOP('',(#7743,#7744,#7745,#7746));
#7743 = ORIENTED_EDGE('',*,*,#1421,.F.);
#7744 = ORIENTED_EDGE('',*,*,#7720,.T.);
#7745 = ORIENTED_EDGE('',*,*,#5584,.T.);
#7746 = ORIENTED_EDGE('',*,*,#7747,.F.);
#7747 = EDGE_CURVE('',#1422,#5585,#7748,.T.);
#7748 = SURFACE_CURVE('',#7749,(#7753,#7760),.PCURVE_S1.);
#7749 = LINE('',#7750,#7751);
#7750 = CARTESIAN_POINT('',(236.84558441227,-1.,24.545584412272));
#7751 = VECTOR('',#7752,1.);
#7752 = DIRECTION('',(-0.,1.,-0.));
#7753 = PCURVE('',#1442,#7754);
#7754 = DEFINITIONAL_REPRESENTATION('',(#7755),#7759);
#7755 = LINE('',#7756,#7757);
#7756 = CARTESIAN_POINT('',(2.356194490192,0.));
#7757 = VECTOR('',#7758,1.);
#7758 = DIRECTION('',(0.,-1.));
#7759 = ( GEOMETRIC_REPRESENTATION_CONTEXT(2) 
PARAMETRIC_REPRESENTATION_CONTEXT() REPRESENTATION_CONTEXT('2D SPACE',''
  ) );
#7760 = PCURVE('',#1469,#7761);
#7761 = DEFINITIONAL_REPRESENTATION('',(#7762),#7766);
#7762 = LINE('',#7763,#7764);
#7763 = CARTESIAN_POINT('',(0.,0.));
#7764 = VECTOR('',#7765,1.);
#7765 = DIRECTION('',(0.,-1.));
#7766 = ( GEOMETRIC_REPRESENTATION_CONTEXT(2) 
PARAMETRIC_REPRESENTATION_CONTEXT() REPRESENTATION_CONTEXT('2D SPACE',''
  ) );
#7767 = ADVANCED_FACE('',(#7768),#1525,.F.);
#7768 = FACE_BOUND('',#7769,.F.);
#7769 = EDGE_LOOP('',(#7770,#7771,#7792,#7793));
#7770 = ORIENTED_EDGE('',*,*,#1506,.F.);
#7771 = ORIENTED_EDGE('',*,*,#7772,.T.);
#7772 = EDGE_CURVE('',#1481,#5634,#7773,.T.);
#7773 = SURFACE_CURVE('',#7774,(#7778,#7785),.PCURVE_S1.);
#7774 = LINE('',#7775,#7776);
#7775 = CARTESIAN_POINT('',(228.25441558772,-1.,24.545584412272));
#7776 = VECTOR('',#7777,1.);
#7777 = DIRECTION('',(-0.,1.,-0.));
#7778 = PCURVE('',#1525,#7779);
#7779 = DEFINITIONAL_REPRESENTATION('',(#7780),#7784);
#7780 = LINE('',#7781,#7782);
#7781 = CARTESIAN_POINT('',(0.,0.));
#7782 = VECTOR('',#7783,1.);
#7783 = DIRECTION('',(0.,-1.));
#7784 = ( GEOMETRIC_REPRESENTATION_CONTEXT(2) 
PARAMETRIC_REPRESENTATION_CONTEXT() REPRESENTATION_CONTEXT('2D SPACE',''
  ) );
#7785 = PCURVE('',#1495,#7786);
#7786 = DEFINITIONAL_REPRESENTATION('',(#7787),#7791);
#7787 = LINE('',#7788,#7789);
#7788 = CARTESIAN_POINT('',(6.074873734153,0.));
#7789 = VECTOR('',#7790,1.);
#7790 = DIRECTION('',(0.,-1.));
#7791 = ( GEOMETRIC_REPRESENTATION_CONTEXT(2) 
PARAMETRIC_REPRESENTATION_CONTEXT() REPRESENTATION_CONTEXT('2D SPACE',''
  ) );
#7792 = ORIENTED_EDGE('',*,*,#5654,.T.);
#7793 = ORIENTED_EDGE('',*,*,#7698,.F.);
#7794 = ADVANCED_FACE('',(#7795),#1469,.F.);
#7795 = FACE_BOUND('',#7796,.F.);
#7796 = EDGE_LOOP('',(#7797,#7798,#7799,#7800));
#7797 = ORIENTED_EDGE('',*,*,#1454,.T.);
#7798 = ORIENTED_EDGE('',*,*,#7747,.T.);
#7799 = ORIENTED_EDGE('',*,*,#5612,.F.);
#7800 = ORIENTED_EDGE('',*,*,#7801,.F.);
#7801 = EDGE_CURVE('',#1455,#5613,#7802,.T.);
#7802 = SURFACE_CURVE('',#7803,(#7807,#7814),.PCURVE_S1.);
#7803 = LINE('',#7804,#7805);
#7804 = CARTESIAN_POINT('',(232.55,-1.,28.841168824543));
#7805 = VECTOR('',#7806,1.);
#7806 = DIRECTION('',(-0.,1.,-0.));
#7807 = PCURVE('',#1469,#7808);
#7808 = DEFINITIONAL_REPRESENTATION('',(#7809),#7813);
#7809 = LINE('',#7810,#7811);
#7810 = CARTESIAN_POINT('',(6.074873734153,0.));
#7811 = VECTOR('',#7812,1.);
#7812 = DIRECTION('',(0.,-1.));
#7813 = ( GEOMETRIC_REPRESENTATION_CONTEXT(2) 
PARAMETRIC_REPRESENTATION_CONTEXT() REPRESENTATION_CONTEXT('2D SPACE',''
  ) );
#7814 = PCURVE('',#1495,#7815);
#7815 = DEFINITIONAL_REPRESENTATION('',(#7816),#7820);
#7816 = LINE('',#7817,#7818);
#7817 = CARTESIAN_POINT('',(0.,0.));
#7818 = VECTOR('',#7819,1.);
#7819 = DIRECTION('',(0.,-1.));
#7820 = ( GEOMETRIC_REPRESENTATION_CONTEXT(2) 
PARAMETRIC_REPRESENTATION_CONTEXT() REPRESENTATION_CONTEXT('2D SPACE',''
  ) );
#7821 = ADVANCED_FACE('',(#7822),#1495,.F.);
#7822 = FACE_BOUND('',#7823,.F.);
#7823 = EDGE_LOOP('',(#7824,#7825,#7826,#7827));
#7824 = ORIENTED_EDGE('',*,*,#1480,.T.);
#7825 = ORIENTED_EDGE('',*,*,#7801,.T.);
#7826 = ORIENTED_EDGE('',*,*,#5633,.F.);
#7827 = ORIENTED_EDGE('',*,*,#7772,.F.);
#7828 = ADVANCED_FACE('',(#7829),#1838,.F.);
#7829 = FACE_BOUND('',#7830,.T.);
#7830 = EDGE_LOOP('',(#7831,#7854,#7855,#7856));
#7831 = ORIENTED_EDGE('',*,*,#7832,.F.);
#7832 = EDGE_CURVE('',#1792,#7833,#7835,.T.);
#7833 = VERTEX_POINT('',#7834);
#7834 = CARTESIAN_POINT('',(158.,35.004163056034,9.204163056034));
#7835 = SURFACE_CURVE('',#7836,(#7840,#7847),.PCURVE_S1.);
#7836 = LINE('',#7837,#7838);
#7837 = CARTESIAN_POINT('',(154.,35.004163056034,9.204163056034));
#7838 = VECTOR('',#7839,1.);
#7839 = DIRECTION('',(1.,0.,0.));
#7840 = PCURVE('',#1838,#7841);
#7841 = DEFINITIONAL_REPRESENTATION('',(#7842),#7846);
#7842 = LINE('',#7843,#7844);
#7843 = CARTESIAN_POINT('',(-8.639379797372,0.));
#7844 = VECTOR('',#7845,1.);
#7845 = DIRECTION('',(-0.,-1.));
#7846 = ( GEOMETRIC_REPRESENTATION_CONTEXT(2) 
PARAMETRIC_REPRESENTATION_CONTEXT() REPRESENTATION_CONTEXT('2D SPACE',''
  ) );
#7847 = PCURVE('',#1806,#7848);
#7848 = DEFINITIONAL_REPRESENTATION('',(#7849),#7853);
#7849 = LINE('',#7850,#7851);
#7850 = CARTESIAN_POINT('',(0.,0.));
#7851 = VECTOR('',#7852,1.);
#7852 = DIRECTION('',(0.,-1.));
#7853 = ( GEOMETRIC_REPRESENTATION_CONTEXT(2) 
PARAMETRIC_REPRESENTATION_CONTEXT() REPRESENTATION_CONTEXT('2D SPACE',''
  ) );
#7854 = ORIENTED_EDGE('',*,*,#1817,.T.);
#7855 = ORIENTED_EDGE('',*,*,#2391,.F.);
#7856 = ORIENTED_EDGE('',*,*,#7857,.F.);
#7857 = EDGE_CURVE('',#7833,#2366,#7858,.T.);
#7858 = SURFACE_CURVE('',#7859,(#7864,#7871),.PCURVE_S1.);
#7859 = CIRCLE('',#7860,3.4);
#7860 = AXIS2_PLACEMENT_3D('',#7861,#7862,#7863);
#7861 = CARTESIAN_POINT('',(158.,32.6,6.8));
#7862 = DIRECTION('',(-1.,0.,0.));
#7863 = DIRECTION('',(0.,0.707106781187,0.707106781187));
#7864 = PCURVE('',#1838,#7865);
#7865 = DEFINITIONAL_REPRESENTATION('',(#7866),#7870);
#7866 = LINE('',#7867,#7868);
#7867 = CARTESIAN_POINT('',(-8.639379797372,-4.));
#7868 = VECTOR('',#7869,1.);
#7869 = DIRECTION('',(1.,-0.));
#7870 = ( GEOMETRIC_REPRESENTATION_CONTEXT(2) 
PARAMETRIC_REPRESENTATION_CONTEXT() REPRESENTATION_CONTEXT('2D SPACE',''
  ) );
#7871 = PCURVE('',#2380,#7872);
#7872 = DEFINITIONAL_REPRESENTATION('',(#7873),#7881);
#7873 = ( BOUNDED_CURVE() B_SPLINE_CURVE(2,(#7874,#7875,#7876,#7877,
#7878,#7879,#7880),.UNSPECIFIED.,.T.,.F.) B_SPLINE_CURVE_WITH_KNOTS((1,2
    ,2,2,2,1),(-2.094395102393,0.,2.094395102393,4.188790204786,
6.28318530718,8.377580409573),.UNSPECIFIED.) CURVE() 
GEOMETRIC_REPRESENTATION_ITEM() RATIONAL_B_SPLINE_CURVE((1.,0.5,1.,0.5,
1.,0.5,1.)) REPRESENTATION_ITEM('') );
#7874 = CARTESIAN_POINT('',(1.983943009898,-2.404163056034));
#7875 = CARTESIAN_POINT('',(-2.180189552834,-6.568295618766));
#7876 = CARTESIAN_POINT('',(-3.704367855519,-0.879984753349));
#7877 = CARTESIAN_POINT('',(-5.228546158205,4.808326112069));
#7878 = CARTESIAN_POINT('',(0.459764707212,3.284147809383));
#7879 = CARTESIAN_POINT('',(6.148075572629,1.759969506697));
#7880 = CARTESIAN_POINT('',(1.983943009898,-2.404163056034));
#7881 = ( GEOMETRIC_REPRESENTATION_CONTEXT(2) 
PARAMETRIC_REPRESENTATION_CONTEXT() REPRESENTATION_CONTEXT('2D SPACE',''
  ) );
#7882 = ADVANCED_FACE('',(#7883),#1806,.T.);
#7883 = FACE_BOUND('',#7884,.T.);
#7884 = EDGE_LOOP('',(#7885,#7886,#7887,#7910));
#7885 = ORIENTED_EDGE('',*,*,#1791,.T.);
#7886 = ORIENTED_EDGE('',*,*,#7832,.T.);
#7887 = ORIENTED_EDGE('',*,*,#7888,.T.);
#7888 = EDGE_CURVE('',#7833,#7889,#7891,.T.);
#7889 = VERTEX_POINT('',#7890);
#7890 = CARTESIAN_POINT('',(158.,32.6,11.608326112069));
#7891 = SURFACE_CURVE('',#7892,(#7896,#7903),.PCURVE_S1.);
#7892 = LINE('',#7893,#7894);
#7893 = CARTESIAN_POINT('',(158.,35.004163056034,9.204163056034));
#7894 = VECTOR('',#7895,1.);
#7895 = DIRECTION('',(0.,-0.707106781187,0.707106781187));
#7896 = PCURVE('',#1806,#7897);
#7897 = DEFINITIONAL_REPRESENTATION('',(#7898),#7902);
#7898 = LINE('',#7899,#7900);
#7899 = CARTESIAN_POINT('',(0.,-4.));
#7900 = VECTOR('',#7901,1.);
#7901 = DIRECTION('',(1.,0.));
#7902 = ( GEOMETRIC_REPRESENTATION_CONTEXT(2) 
PARAMETRIC_REPRESENTATION_CONTEXT() REPRESENTATION_CONTEXT('2D SPACE',''
  ) );
#7903 = PCURVE('',#2380,#7904);
#7904 = DEFINITIONAL_REPRESENTATION('',(#7905),#7909);
#7905 = LINE('',#7906,#7907);
#7906 = CARTESIAN_POINT('',(1.983943009898,-2.404163056034));
#7907 = VECTOR('',#7908,1.);
#7908 = DIRECTION('',(0.707106781187,0.707106781187));
#7909 = ( GEOMETRIC_REPRESENTATION_CONTEXT(2) 
PARAMETRIC_REPRESENTATION_CONTEXT() REPRESENTATION_CONTEXT('2D SPACE',''
  ) );
#7910 = ORIENTED_EDGE('',*,*,#7911,.F.);
#7911 = EDGE_CURVE('',#1766,#7889,#7912,.T.);
#7912 = SURFACE_CURVE('',#7913,(#7917,#7924),.PCURVE_S1.);
#7913 = LINE('',#7914,#7915);
#7914 = CARTESIAN_POINT('',(154.,32.6,11.608326112069));
#7915 = VECTOR('',#7916,1.);
#7916 = DIRECTION('',(1.,0.,0.));
#7917 = PCURVE('',#1806,#7918);
#7918 = DEFINITIONAL_REPRESENTATION('',(#7919),#7923);
#7919 = LINE('',#7920,#7921);
#7920 = CARTESIAN_POINT('',(3.4,0.));
#7921 = VECTOR('',#7922,1.);
#7922 = DIRECTION('',(0.,-1.));
#7923 = ( GEOMETRIC_REPRESENTATION_CONTEXT(2) 
PARAMETRIC_REPRESENTATION_CONTEXT() REPRESENTATION_CONTEXT('2D SPACE',''
  ) );
#7924 = PCURVE('',#1780,#7925);
#7925 = DEFINITIONAL_REPRESENTATION('',(#7926),#7930);
#7926 = LINE('',#7927,#7928);
#7927 = CARTESIAN_POINT('',(0.,0.));
#7928 = VECTOR('',#7929,1.);
#7929 = DIRECTION('',(0.,-1.));
#7930 = ( GEOMETRIC_REPRESENTATION_CONTEXT(2) 
PARAMETRIC_REPRESENTATION_CONTEXT() REPRESENTATION_CONTEXT('2D SPACE',''
  ) );
#7931 = ADVANCED_FACE('',(#7932),#1780,.T.);
#7932 = FACE_BOUND('',#7933,.T.);
#7933 = EDGE_LOOP('',(#7934,#7935,#7936,#7959));
#7934 = ORIENTED_EDGE('',*,*,#1765,.T.);
#7935 = ORIENTED_EDGE('',*,*,#7911,.T.);
#7936 = ORIENTED_EDGE('',*,*,#7937,.T.);
#7937 = EDGE_CURVE('',#7889,#7938,#7940,.T.);
#7938 = VERTEX_POINT('',#7939);
#7939 = CARTESIAN_POINT('',(158.,30.195836943966,9.204163056034));
#7940 = SURFACE_CURVE('',#7941,(#7945,#7952),.PCURVE_S1.);
#7941 = LINE('',#7942,#7943);
#7942 = CARTESIAN_POINT('',(158.,32.6,11.608326112069));
#7943 = VECTOR('',#7944,1.);
#7944 = DIRECTION('',(0.,-0.707106781187,-0.707106781187));
#7945 = PCURVE('',#1780,#7946);
#7946 = DEFINITIONAL_REPRESENTATION('',(#7947),#7951);
#7947 = LINE('',#7948,#7949);
#7948 = CARTESIAN_POINT('',(0.,-4.));
#7949 = VECTOR('',#7950,1.);
#7950 = DIRECTION('',(1.,0.));
#7951 = ( GEOMETRIC_REPRESENTATION_CONTEXT(2) 
PARAMETRIC_REPRESENTATION_CONTEXT() REPRESENTATION_CONTEXT('2D SPACE',''
  ) );
#7952 = PCURVE('',#2380,#7953);
#7953 = DEFINITIONAL_REPRESENTATION('',(#7954),#7958);
#7954 = LINE('',#7955,#7956);
#7955 = CARTESIAN_POINT('',(4.388106065932,7.105427357601E-15));
#7956 = VECTOR('',#7957,1.);
#7957 = DIRECTION('',(-0.707106781187,0.707106781187));
#7958 = ( GEOMETRIC_REPRESENTATION_CONTEXT(2) 
PARAMETRIC_REPRESENTATION_CONTEXT() REPRESENTATION_CONTEXT('2D SPACE',''
  ) );
#7959 = ORIENTED_EDGE('',*,*,#7960,.F.);
#7960 = EDGE_CURVE('',#1733,#7938,#7961,.T.);
#7961 = SURFACE_CURVE('',#7962,(#7966,#7973),.PCURVE_S1.);
#7962 = LINE('',#7963,#7964);
#7963 = CARTESIAN_POINT('',(154.,30.195836943966,9.204163056034));
#7964 = VECTOR('',#7965,1.);
#7965 = DIRECTION('',(1.,0.,0.));
#7966 = PCURVE('',#1780,#7967);
#7967 = DEFINITIONAL_REPRESENTATION('',(#7968),#7972);
#7968 = LINE('',#7969,#7970);
#7969 = CARTESIAN_POINT('',(3.4,0.));
#7970 = VECTOR('',#7971,1.);
#7971 = DIRECTION('',(0.,-1.));
#7972 = ( GEOMETRIC_REPRESENTATION_CONTEXT(2) 
PARAMETRIC_REPRESENTATION_CONTEXT() REPRESENTATION_CONTEXT('2D SPACE',''
  ) );
#7973 = PCURVE('',#1753,#7974);
#7974 = DEFINITIONAL_REPRESENTATION('',(#7975),#7979);
#7975 = LINE('',#7976,#7977);
#7976 = CARTESIAN_POINT('',(-3.926990816987,0.));
#7977 = VECTOR('',#7978,1.);
#7978 = DIRECTION('',(-0.,-1.));
#7979 = ( GEOMETRIC_REPRESENTATION_CONTEXT(2) 
PARAMETRIC_REPRESENTATION_CONTEXT() REPRESENTATION_CONTEXT('2D SPACE',''
  ) );
#7980 = ADVANCED_FACE('',(#7981),#1753,.F.);
#7981 = FACE_BOUND('',#7982,.T.);
#7982 = EDGE_LOOP('',(#7983,#7984,#7985,#8013));
#7983 = ORIENTED_EDGE('',*,*,#1732,.T.);
#7984 = ORIENTED_EDGE('',*,*,#7960,.T.);
#7985 = ORIENTED_EDGE('',*,*,#7986,.F.);
#7986 = EDGE_CURVE('',#7987,#7938,#7989,.T.);
#7987 = VERTEX_POINT('',#7988);
#7988 = CARTESIAN_POINT('',(158.,35.878719262151,5.9));
#7989 = SURFACE_CURVE('',#7990,(#7995,#8002),.PCURVE_S1.);
#7990 = CIRCLE('',#7991,3.4);
#7991 = AXIS2_PLACEMENT_3D('',#7992,#7993,#7994);
#7992 = CARTESIAN_POINT('',(158.,32.6,6.8));
#7993 = DIRECTION('',(-1.,0.,0.));
#7994 = DIRECTION('',(0.,0.707106781187,0.707106781187));
#7995 = PCURVE('',#1753,#7996);
#7996 = DEFINITIONAL_REPRESENTATION('',(#7997),#8001);
#7997 = LINE('',#7998,#7999);
#7998 = CARTESIAN_POINT('',(-8.639379797372,-4.));
#7999 = VECTOR('',#8000,1.);
#8000 = DIRECTION('',(1.,-0.));
#8001 = ( GEOMETRIC_REPRESENTATION_CONTEXT(2) 
PARAMETRIC_REPRESENTATION_CONTEXT() REPRESENTATION_CONTEXT('2D SPACE',''
  ) );
#8002 = PCURVE('',#2380,#8003);
#8003 = DEFINITIONAL_REPRESENTATION('',(#8004),#8012);
#8004 = ( BOUNDED_CURVE() B_SPLINE_CURVE(2,(#8005,#8006,#8007,#8008,
#8009,#8010,#8011),.UNSPECIFIED.,.T.,.F.) B_SPLINE_CURVE_WITH_KNOTS((1,2
    ,2,2,2,1),(-2.094395102393,0.,2.094395102393,4.188790204786,
6.28318530718,8.377580409573),.UNSPECIFIED.) CURVE() 
GEOMETRIC_REPRESENTATION_ITEM() RATIONAL_B_SPLINE_CURVE((1.,0.5,1.,0.5,
1.,0.5,1.)) REPRESENTATION_ITEM('') );
#8005 = CARTESIAN_POINT('',(1.983943009898,-2.404163056034));
#8006 = CARTESIAN_POINT('',(-2.180189552834,-6.568295618766));
#8007 = CARTESIAN_POINT('',(-3.704367855519,-0.879984753349));
#8008 = CARTESIAN_POINT('',(-5.228546158205,4.808326112069));
#8009 = CARTESIAN_POINT('',(0.459764707212,3.284147809383));
#8010 = CARTESIAN_POINT('',(6.148075572629,1.759969506697));
#8011 = CARTESIAN_POINT('',(1.983943009898,-2.404163056034));
#8012 = ( GEOMETRIC_REPRESENTATION_CONTEXT(2) 
PARAMETRIC_REPRESENTATION_CONTEXT() REPRESENTATION_CONTEXT('2D SPACE',''
  ) );
#8013 = ORIENTED_EDGE('',*,*,#8014,.T.);
#8014 = EDGE_CURVE('',#7987,#1705,#8015,.T.);
#8015 = SURFACE_CURVE('',#8016,(#8020,#8026),.PCURVE_S1.);
#8016 = LINE('',#8017,#8018);
#8017 = CARTESIAN_POINT('',(154.,35.878719262151,5.9));
#8018 = VECTOR('',#8019,1.);
#8019 = DIRECTION('',(-1.,-0.,0.));
#8020 = PCURVE('',#1753,#8021);
#8021 = DEFINITIONAL_REPRESENTATION('',(#8022),#8025);
#8022 = B_SPLINE_CURVE_WITH_KNOTS('',1,(#8023,#8024),.UNSPECIFIED.,.F.,
  .F.,(2,2),(-4.0000006,-0.2),.PIECEWISE_BEZIER_KNOTS.);
#8023 = CARTESIAN_POINT('',(-7.586082721568,-4.0000006));
#8024 = CARTESIAN_POINT('',(-7.586082721568,-0.2));
#8025 = ( GEOMETRIC_REPRESENTATION_CONTEXT(2) 
PARAMETRIC_REPRESENTATION_CONTEXT() REPRESENTATION_CONTEXT('2D SPACE',''
  ) );
#8026 = PCURVE('',#1720,#8027);
#8027 = DEFINITIONAL_REPRESENTATION('',(#8028),#8031);
#8028 = B_SPLINE_CURVE_WITH_KNOTS('',1,(#8029,#8030),.UNSPECIFIED.,.F.,
  .F.,(2,2),(-4.0000006,-0.2),.PIECEWISE_BEZIER_KNOTS.);
#8029 = CARTESIAN_POINT('',(4.0000006,7.8719262151E-02));
#8030 = CARTESIAN_POINT('',(0.2,7.8719262151E-02));
#8031 = ( GEOMETRIC_REPRESENTATION_CONTEXT(2) 
PARAMETRIC_REPRESENTATION_CONTEXT() REPRESENTATION_CONTEXT('2D SPACE',''
  ) );
#8032 = ADVANCED_FACE('',(#8033),#1720,.T.);
#8033 = FACE_BOUND('',#8034,.T.);
#8034 = EDGE_LOOP('',(#8035,#8036,#8057,#8076,#8077,#8078,#8097,#8098,
    #8099,#8100,#8122));
#8035 = ORIENTED_EDGE('',*,*,#4201,.F.);
#8036 = ORIENTED_EDGE('',*,*,#8037,.F.);
#8037 = EDGE_CURVE('',#8038,#4202,#8040,.T.);
#8038 = VERTEX_POINT('',#8039);
#8039 = CARTESIAN_POINT('',(158.,174.12128073784,5.9));
#8040 = SURFACE_CURVE('',#8041,(#8045,#8051),.PCURVE_S1.);
#8041 = LINE('',#8042,#8043);
#8042 = CARTESIAN_POINT('',(158.,106.6,5.9));
#8043 = VECTOR('',#8044,1.);
#8044 = DIRECTION('',(0.,1.,0.));
#8045 = PCURVE('',#1720,#8046);
#8046 = DEFINITIONAL_REPRESENTATION('',(#8047),#8050);
#8047 = B_SPLINE_CURVE_WITH_KNOTS('',1,(#8048,#8049),.UNSPECIFIED.,.F.,
  .F.,(2,2),(67.4,67.6),.PIECEWISE_BEZIER_KNOTS.);
#8048 = CARTESIAN_POINT('',(4.,138.2));
#8049 = CARTESIAN_POINT('',(4.,138.4));
#8050 = ( GEOMETRIC_REPRESENTATION_CONTEXT(2) 
PARAMETRIC_REPRESENTATION_CONTEXT() REPRESENTATION_CONTEXT('2D SPACE',''
  ) );
#8051 = PCURVE('',#4239,#8052);
#8052 = DEFINITIONAL_REPRESENTATION('',(#8053),#8056);
#8053 = B_SPLINE_CURVE_WITH_KNOTS('',1,(#8054,#8055),.UNSPECIFIED.,.F.,
  .F.,(2,2),(67.4,67.6),.PIECEWISE_BEZIER_KNOTS.);
#8054 = CARTESIAN_POINT('',(-1.320220046137,3.4));
#8055 = CARTESIAN_POINT('',(-1.320220046137,3.2));
#8056 = ( GEOMETRIC_REPRESENTATION_CONTEXT(2) 
PARAMETRIC_REPRESENTATION_CONTEXT() REPRESENTATION_CONTEXT('2D SPACE',''
  ) );
#8057 = ORIENTED_EDGE('',*,*,#8058,.T.);
#8058 = EDGE_CURVE('',#8038,#1672,#8059,.T.);
#8059 = SURFACE_CURVE('',#8060,(#8064,#8070),.PCURVE_S1.);
#8060 = LINE('',#8061,#8062);
#8061 = CARTESIAN_POINT('',(154.,174.12128073784,5.9));
#8062 = VECTOR('',#8063,1.);
#8063 = DIRECTION('',(-1.,-0.,-0.));
#8064 = PCURVE('',#1720,#8065);
#8065 = DEFINITIONAL_REPRESENTATION('',(#8066),#8069);
#8066 = B_SPLINE_CURVE_WITH_KNOTS('',1,(#8067,#8068),.UNSPECIFIED.,.F.,
  .F.,(2,2),(-4.0000006,-0.2),.PIECEWISE_BEZIER_KNOTS.);
#8067 = CARTESIAN_POINT('',(4.0000006,138.32128073784));
#8068 = CARTESIAN_POINT('',(0.2,138.32128073784));
#8069 = ( GEOMETRIC_REPRESENTATION_CONTEXT(2) 
PARAMETRIC_REPRESENTATION_CONTEXT() REPRESENTATION_CONTEXT('2D SPACE',''
  ) );
#8070 = PCURVE('',#1692,#8071);
#8071 = DEFINITIONAL_REPRESENTATION('',(#8072),#8075);
#8072 = B_SPLINE_CURVE_WITH_KNOTS('',1,(#8073,#8074),.UNSPECIFIED.,.F.,
  .F.,(2,2),(-4.0000006,-0.2),.PIECEWISE_BEZIER_KNOTS.);
#8073 = CARTESIAN_POINT('',(1.302897414389,-4.0000006));
#8074 = CARTESIAN_POINT('',(1.302897414389,-0.2));
#8075 = ( GEOMETRIC_REPRESENTATION_CONTEXT(2) 
PARAMETRIC_REPRESENTATION_CONTEXT() REPRESENTATION_CONTEXT('2D SPACE',''
  ) );
#8076 = ORIENTED_EDGE('',*,*,#1704,.T.);
#8077 = ORIENTED_EDGE('',*,*,#8014,.F.);
#8078 = ORIENTED_EDGE('',*,*,#8079,.F.);
#8079 = EDGE_CURVE('',#2341,#7987,#8080,.T.);
#8080 = SURFACE_CURVE('',#8081,(#8085,#8091),.PCURVE_S1.);
#8081 = LINE('',#8082,#8083);
#8082 = CARTESIAN_POINT('',(158.,34.2,5.9));
#8083 = VECTOR('',#8084,1.);
#8084 = DIRECTION('',(0.,1.,0.));
#8085 = PCURVE('',#1720,#8086);
#8086 = DEFINITIONAL_REPRESENTATION('',(#8087),#8090);
#8087 = B_SPLINE_CURVE_WITH_KNOTS('',1,(#8088,#8089),.UNSPECIFIED.,.F.,
  .F.,(2,2),(-0.2,1.8),.PIECEWISE_BEZIER_KNOTS.);
#8088 = CARTESIAN_POINT('',(4.,-1.8));
#8089 = CARTESIAN_POINT('',(4.,0.2));
#8090 = ( GEOMETRIC_REPRESENTATION_CONTEXT(2) 
PARAMETRIC_REPRESENTATION_CONTEXT() REPRESENTATION_CONTEXT('2D SPACE',''
  ) );
#8091 = PCURVE('',#2380,#8092);
#8092 = DEFINITIONAL_REPRESENTATION('',(#8093),#8096);
#8093 = B_SPLINE_CURVE_WITH_KNOTS('',1,(#8094,#8095),.UNSPECIFIED.,.F.,
  .F.,(2,2),(-0.2,1.8),.PIECEWISE_BEZIER_KNOTS.);
#8094 = CARTESIAN_POINT('',(-1.320220046137,-1.4));
#8095 = CARTESIAN_POINT('',(-1.320220046137,-3.4));
#8096 = ( GEOMETRIC_REPRESENTATION_CONTEXT(2) 
PARAMETRIC_REPRESENTATION_CONTEXT() REPRESENTATION_CONTEXT('2D SPACE',''
  ) );
#8097 = ORIENTED_EDGE('',*,*,#2340,.T.);
#8098 = ORIENTED_EDGE('',*,*,#2456,.F.);
#8099 = ORIENTED_EDGE('',*,*,#2481,.T.);
#8100 = ORIENTED_EDGE('',*,*,#8101,.F.);
#8101 = EDGE_CURVE('',#3839,#2482,#8102,.T.);
#8102 = SURFACE_CURVE('',#8103,(#8108,#8115),.PCURVE_S1.);
#8103 = CIRCLE('',#8104,2.);
#8104 = AXIS2_PLACEMENT_3D('',#8105,#8106,#8107);
#8105 = CARTESIAN_POINT('',(163.,36.,5.9));
#8106 = DIRECTION('',(0.,0.,1.));
#8107 = DIRECTION('',(1.,0.,0.));
#8108 = PCURVE('',#1720,#8109);
#8109 = DEFINITIONAL_REPRESENTATION('',(#8110),#8114);
#8110 = CIRCLE('',#8111,2.);
#8111 = AXIS2_PLACEMENT_2D('',#8112,#8113);
#8112 = CARTESIAN_POINT('',(9.,0.2));
#8113 = DIRECTION('',(1.,0.));
#8114 = ( GEOMETRIC_REPRESENTATION_CONTEXT(2) 
PARAMETRIC_REPRESENTATION_CONTEXT() REPRESENTATION_CONTEXT('2D SPACE',''
  ) );
#8115 = PCURVE('',#2569,#8116);
#8116 = DEFINITIONAL_REPRESENTATION('',(#8117),#8121);
#8117 = LINE('',#8118,#8119);
#8118 = CARTESIAN_POINT('',(-0.,-3.1));
#8119 = VECTOR('',#8120,1.);
#8120 = DIRECTION('',(-1.,0.));
#8121 = ( GEOMETRIC_REPRESENTATION_CONTEXT(2) 
PARAMETRIC_REPRESENTATION_CONTEXT() REPRESENTATION_CONTEXT('2D SPACE',''
  ) );
#8122 = ORIENTED_EDGE('',*,*,#3838,.F.);
#8123 = ADVANCED_FACE('',(#8124),#1692,.F.);
#8124 = FACE_BOUND('',#8125,.T.);
#8125 = EDGE_LOOP('',(#8126,#8149,#8150,#8151));
#8126 = ORIENTED_EDGE('',*,*,#8127,.F.);
#8127 = EDGE_CURVE('',#1646,#8128,#8130,.T.);
#8128 = VERTEX_POINT('',#8129);
#8129 = CARTESIAN_POINT('',(158.,179.80416305603,9.204163056034));
#8130 = SURFACE_CURVE('',#8131,(#8135,#8142),.PCURVE_S1.);
#8131 = LINE('',#8132,#8133);
#8132 = CARTESIAN_POINT('',(154.,179.80416305603,9.204163056034));
#8133 = VECTOR('',#8134,1.);
#8134 = DIRECTION('',(1.,0.,0.));
#8135 = PCURVE('',#1692,#8136);
#8136 = DEFINITIONAL_REPRESENTATION('',(#8137),#8141);
#8137 = LINE('',#8138,#8139);
#8138 = CARTESIAN_POINT('',(-2.356194490192,0.));
#8139 = VECTOR('',#8140,1.);
#8140 = DIRECTION('',(-0.,-1.));
#8141 = ( GEOMETRIC_REPRESENTATION_CONTEXT(2) 
PARAMETRIC_REPRESENTATION_CONTEXT() REPRESENTATION_CONTEXT('2D SPACE',''
  ) );
#8142 = PCURVE('',#1660,#8143);
#8143 = DEFINITIONAL_REPRESENTATION('',(#8144),#8148);
#8144 = LINE('',#8145,#8146);
#8145 = CARTESIAN_POINT('',(0.,0.));
#8146 = VECTOR('',#8147,1.);
#8147 = DIRECTION('',(0.,-1.));
#8148 = ( GEOMETRIC_REPRESENTATION_CONTEXT(2) 
PARAMETRIC_REPRESENTATION_CONTEXT() REPRESENTATION_CONTEXT('2D SPACE',''
  ) );
#8149 = ORIENTED_EDGE('',*,*,#1671,.T.);
#8150 = ORIENTED_EDGE('',*,*,#8058,.F.);
#8151 = ORIENTED_EDGE('',*,*,#8152,.F.);
#8152 = EDGE_CURVE('',#8128,#8038,#8153,.T.);
#8153 = SURFACE_CURVE('',#8154,(#8159,#8166),.PCURVE_S1.);
#8154 = CIRCLE('',#8155,3.4);
#8155 = AXIS2_PLACEMENT_3D('',#8156,#8157,#8158);
#8156 = CARTESIAN_POINT('',(158.,177.4,6.8));
#8157 = DIRECTION('',(-1.,0.,0.));
#8158 = DIRECTION('',(0.,0.707106781187,0.707106781187));
#8159 = PCURVE('',#1692,#8160);
#8160 = DEFINITIONAL_REPRESENTATION('',(#8161),#8165);
#8161 = LINE('',#8162,#8163);
#8162 = CARTESIAN_POINT('',(-2.356194490192,-4.));
#8163 = VECTOR('',#8164,1.);
#8164 = DIRECTION('',(1.,-0.));
#8165 = ( GEOMETRIC_REPRESENTATION_CONTEXT(2) 
PARAMETRIC_REPRESENTATION_CONTEXT() REPRESENTATION_CONTEXT('2D SPACE',''
  ) );
#8166 = PCURVE('',#4239,#8167);
#8167 = DEFINITIONAL_REPRESENTATION('',(#8168),#8176);
#8168 = ( BOUNDED_CURVE() B_SPLINE_CURVE(2,(#8169,#8170,#8171,#8172,
#8173,#8174,#8175),.UNSPECIFIED.,.T.,.F.) B_SPLINE_CURVE_WITH_KNOTS((1,2
    ,2,2,2,1),(-2.094395102393,0.,2.094395102393,4.188790204786,
6.28318530718,8.377580409573),.UNSPECIFIED.) CURVE() 
GEOMETRIC_REPRESENTATION_ITEM() RATIONAL_B_SPLINE_CURVE((1.,0.5,1.,0.5,
1.,0.5,1.)) REPRESENTATION_ITEM('') );
#8169 = CARTESIAN_POINT('',(1.983943009898,-2.404163056034));
#8170 = CARTESIAN_POINT('',(-2.180189552834,-6.568295618766));
#8171 = CARTESIAN_POINT('',(-3.704367855519,-0.879984753349));
#8172 = CARTESIAN_POINT('',(-5.228546158205,4.808326112068));
#8173 = CARTESIAN_POINT('',(0.459764707212,3.284147809383));
#8174 = CARTESIAN_POINT('',(6.148075572629,1.759969506697));
#8175 = CARTESIAN_POINT('',(1.983943009898,-2.404163056034));
#8176 = ( GEOMETRIC_REPRESENTATION_CONTEXT(2) 
PARAMETRIC_REPRESENTATION_CONTEXT() REPRESENTATION_CONTEXT('2D SPACE',''
  ) );
#8177 = ADVANCED_FACE('',(#8178),#1660,.T.);
#8178 = FACE_BOUND('',#8179,.T.);
#8179 = EDGE_LOOP('',(#8180,#8181,#8182,#8205));
#8180 = ORIENTED_EDGE('',*,*,#1645,.T.);
#8181 = ORIENTED_EDGE('',*,*,#8127,.T.);
#8182 = ORIENTED_EDGE('',*,*,#8183,.T.);
#8183 = EDGE_CURVE('',#8128,#8184,#8186,.T.);
#8184 = VERTEX_POINT('',#8185);
#8185 = CARTESIAN_POINT('',(158.,177.4,11.608326112069));
#8186 = SURFACE_CURVE('',#8187,(#8191,#8198),.PCURVE_S1.);
#8187 = LINE('',#8188,#8189);
#8188 = CARTESIAN_POINT('',(158.,179.80416305603,9.204163056034));
#8189 = VECTOR('',#8190,1.);
#8190 = DIRECTION('',(0.,-0.707106781187,0.707106781187));
#8191 = PCURVE('',#1660,#8192);
#8192 = DEFINITIONAL_REPRESENTATION('',(#8193),#8197);
#8193 = LINE('',#8194,#8195);
#8194 = CARTESIAN_POINT('',(0.,-4.));
#8195 = VECTOR('',#8196,1.);
#8196 = DIRECTION('',(1.,0.));
#8197 = ( GEOMETRIC_REPRESENTATION_CONTEXT(2) 
PARAMETRIC_REPRESENTATION_CONTEXT() REPRESENTATION_CONTEXT('2D SPACE',''
  ) );
#8198 = PCURVE('',#4239,#8199);
#8199 = DEFINITIONAL_REPRESENTATION('',(#8200),#8204);
#8200 = LINE('',#8201,#8202);
#8201 = CARTESIAN_POINT('',(1.983943009898,-2.404163056034));
#8202 = VECTOR('',#8203,1.);
#8203 = DIRECTION('',(0.707106781187,0.707106781187));
#8204 = ( GEOMETRIC_REPRESENTATION_CONTEXT(2) 
PARAMETRIC_REPRESENTATION_CONTEXT() REPRESENTATION_CONTEXT('2D SPACE',''
  ) );
#8205 = ORIENTED_EDGE('',*,*,#8206,.F.);
#8206 = EDGE_CURVE('',#1620,#8184,#8207,.T.);
#8207 = SURFACE_CURVE('',#8208,(#8212,#8219),.PCURVE_S1.);
#8208 = LINE('',#8209,#8210);
#8209 = CARTESIAN_POINT('',(154.,177.4,11.608326112069));
#8210 = VECTOR('',#8211,1.);
#8211 = DIRECTION('',(1.,0.,0.));
#8212 = PCURVE('',#1660,#8213);
#8213 = DEFINITIONAL_REPRESENTATION('',(#8214),#8218);
#8214 = LINE('',#8215,#8216);
#8215 = CARTESIAN_POINT('',(3.4,0.));
#8216 = VECTOR('',#8217,1.);
#8217 = DIRECTION('',(0.,-1.));
#8218 = ( GEOMETRIC_REPRESENTATION_CONTEXT(2) 
PARAMETRIC_REPRESENTATION_CONTEXT() REPRESENTATION_CONTEXT('2D SPACE',''
  ) );
#8219 = PCURVE('',#1634,#8220);
#8220 = DEFINITIONAL_REPRESENTATION('',(#8221),#8225);
#8221 = LINE('',#8222,#8223);
#8222 = CARTESIAN_POINT('',(0.,0.));
#8223 = VECTOR('',#8224,1.);
#8224 = DIRECTION('',(0.,-1.));
#8225 = ( GEOMETRIC_REPRESENTATION_CONTEXT(2) 
PARAMETRIC_REPRESENTATION_CONTEXT() REPRESENTATION_CONTEXT('2D SPACE',''
  ) );
#8226 = ADVANCED_FACE('',(#8227),#1634,.T.);
#8227 = FACE_BOUND('',#8228,.T.);
#8228 = EDGE_LOOP('',(#8229,#8230,#8231,#8254));
#8229 = ORIENTED_EDGE('',*,*,#1619,.T.);
#8230 = ORIENTED_EDGE('',*,*,#8206,.T.);
#8231 = ORIENTED_EDGE('',*,*,#8232,.T.);
#8232 = EDGE_CURVE('',#8184,#8233,#8235,.T.);
#8233 = VERTEX_POINT('',#8234);
#8234 = CARTESIAN_POINT('',(158.,174.99583694396,9.204163056034));
#8235 = SURFACE_CURVE('',#8236,(#8240,#8247),.PCURVE_S1.);
#8236 = LINE('',#8237,#8238);
#8237 = CARTESIAN_POINT('',(158.,177.4,11.608326112069));
#8238 = VECTOR('',#8239,1.);
#8239 = DIRECTION('',(0.,-0.707106781187,-0.707106781187));
#8240 = PCURVE('',#1634,#8241);
#8241 = DEFINITIONAL_REPRESENTATION('',(#8242),#8246);
#8242 = LINE('',#8243,#8244);
#8243 = CARTESIAN_POINT('',(0.,-4.));
#8244 = VECTOR('',#8245,1.);
#8245 = DIRECTION('',(1.,0.));
#8246 = ( GEOMETRIC_REPRESENTATION_CONTEXT(2) 
PARAMETRIC_REPRESENTATION_CONTEXT() REPRESENTATION_CONTEXT('2D SPACE',''
  ) );
#8247 = PCURVE('',#4239,#8248);
#8248 = DEFINITIONAL_REPRESENTATION('',(#8249),#8253);
#8249 = LINE('',#8250,#8251);
#8250 = CARTESIAN_POINT('',(4.388106065932,2.84217094304E-14));
#8251 = VECTOR('',#8252,1.);
#8252 = DIRECTION('',(-0.707106781187,0.707106781187));
#8253 = ( GEOMETRIC_REPRESENTATION_CONTEXT(2) 
PARAMETRIC_REPRESENTATION_CONTEXT() REPRESENTATION_CONTEXT('2D SPACE',''
  ) );
#8254 = ORIENTED_EDGE('',*,*,#8255,.F.);
#8255 = EDGE_CURVE('',#1587,#8233,#8256,.T.);
#8256 = SURFACE_CURVE('',#8257,(#8261,#8268),.PCURVE_S1.);
#8257 = LINE('',#8258,#8259);
#8258 = CARTESIAN_POINT('',(154.,174.99583694396,9.204163056034));
#8259 = VECTOR('',#8260,1.);
#8260 = DIRECTION('',(1.,0.,0.));
#8261 = PCURVE('',#1634,#8262);
#8262 = DEFINITIONAL_REPRESENTATION('',(#8263),#8267);
#8263 = LINE('',#8264,#8265);
#8264 = CARTESIAN_POINT('',(3.4,0.));
#8265 = VECTOR('',#8266,1.);
#8266 = DIRECTION('',(0.,-1.));
#8267 = ( GEOMETRIC_REPRESENTATION_CONTEXT(2) 
PARAMETRIC_REPRESENTATION_CONTEXT() REPRESENTATION_CONTEXT('2D SPACE',''
  ) );
#8268 = PCURVE('',#1607,#8269);
#8269 = DEFINITIONAL_REPRESENTATION('',(#8270),#8274);
#8270 = LINE('',#8271,#8272);
#8271 = CARTESIAN_POINT('',(2.356194490192,-0.));
#8272 = VECTOR('',#8273,1.);
#8273 = DIRECTION('',(-0.,-1.));
#8274 = ( GEOMETRIC_REPRESENTATION_CONTEXT(2) 
PARAMETRIC_REPRESENTATION_CONTEXT() REPRESENTATION_CONTEXT('2D SPACE',''
  ) );
#8275 = ADVANCED_FACE('',(#8276),#1607,.F.);
#8276 = FACE_BOUND('',#8277,.T.);
#8277 = EDGE_LOOP('',(#8278,#8279,#8280,#8306));
#8278 = ORIENTED_EDGE('',*,*,#1586,.T.);
#8279 = ORIENTED_EDGE('',*,*,#8255,.T.);
#8280 = ORIENTED_EDGE('',*,*,#8281,.F.);
#8281 = EDGE_CURVE('',#4225,#8233,#8282,.T.);
#8282 = SURFACE_CURVE('',#8283,(#8288,#8295),.PCURVE_S1.);
#8283 = CIRCLE('',#8284,3.4);
#8284 = AXIS2_PLACEMENT_3D('',#8285,#8286,#8287);
#8285 = CARTESIAN_POINT('',(158.,177.4,6.8));
#8286 = DIRECTION('',(-1.,0.,0.));
#8287 = DIRECTION('',(0.,0.707106781187,0.707106781187));
#8288 = PCURVE('',#1607,#8289);
#8289 = DEFINITIONAL_REPRESENTATION('',(#8290),#8294);
#8290 = LINE('',#8291,#8292);
#8291 = CARTESIAN_POINT('',(-2.356194490192,-4.));
#8292 = VECTOR('',#8293,1.);
#8293 = DIRECTION('',(1.,-0.));
#8294 = ( GEOMETRIC_REPRESENTATION_CONTEXT(2) 
PARAMETRIC_REPRESENTATION_CONTEXT() REPRESENTATION_CONTEXT('2D SPACE',''
  ) );
#8295 = PCURVE('',#4239,#8296);
#8296 = DEFINITIONAL_REPRESENTATION('',(#8297),#8305);
#8297 = ( BOUNDED_CURVE() B_SPLINE_CURVE(2,(#8298,#8299,#8300,#8301,
#8302,#8303,#8304),.UNSPECIFIED.,.T.,.F.) B_SPLINE_CURVE_WITH_KNOTS((1,2
    ,2,2,2,1),(-2.094395102393,0.,2.094395102393,4.188790204786,
6.28318530718,8.377580409573),.UNSPECIFIED.) CURVE() 
GEOMETRIC_REPRESENTATION_ITEM() RATIONAL_B_SPLINE_CURVE((1.,0.5,1.,0.5,
1.,0.5,1.)) REPRESENTATION_ITEM('') );
#8298 = CARTESIAN_POINT('',(1.983943009898,-2.404163056034));
#8299 = CARTESIAN_POINT('',(-2.180189552834,-6.568295618766));
#8300 = CARTESIAN_POINT('',(-3.704367855519,-0.879984753349));
#8301 = CARTESIAN_POINT('',(-5.228546158205,4.808326112068));
#8302 = CARTESIAN_POINT('',(0.459764707212,3.284147809383));
#8303 = CARTESIAN_POINT('',(6.148075572629,1.759969506697));
#8304 = CARTESIAN_POINT('',(1.983943009898,-2.404163056034));
#8305 = ( GEOMETRIC_REPRESENTATION_CONTEXT(2) 
PARAMETRIC_REPRESENTATION_CONTEXT() REPRESENTATION_CONTEXT('2D SPACE',''
  ) );
#8306 = ORIENTED_EDGE('',*,*,#4250,.T.);
#8307 = ADVANCED_FACE('',(#8308),#1896,.F.);
#8308 = FACE_BOUND('',#8309,.T.);
#8309 = EDGE_LOOP('',(#8310,#8333,#8334,#8357));
#8310 = ORIENTED_EDGE('',*,*,#8311,.F.);
#8311 = EDGE_CURVE('',#1874,#8312,#8314,.T.);
#8312 = VERTEX_POINT('',#8313);
#8313 = CARTESIAN_POINT('',(157.4,194.98492424049,10.984924240492));
#8314 = SURFACE_CURVE('',#8315,(#8319,#8326),.PCURVE_S1.);
#8315 = LINE('',#8316,#8317);
#8316 = CARTESIAN_POINT('',(154.,194.98492424049,10.984924240492));
#8317 = VECTOR('',#8318,1.);
#8318 = DIRECTION('',(1.,0.,0.));
#8319 = PCURVE('',#1896,#8320);
#8320 = DEFINITIONAL_REPRESENTATION('',(#8321),#8325);
#8321 = LINE('',#8322,#8323);
#8322 = CARTESIAN_POINT('',(-2.356194490192,0.));
#8323 = VECTOR('',#8324,1.);
#8324 = DIRECTION('',(-0.,-1.));
#8325 = ( GEOMETRIC_REPRESENTATION_CONTEXT(2) 
PARAMETRIC_REPRESENTATION_CONTEXT() REPRESENTATION_CONTEXT('2D SPACE',''
  ) );
#8326 = PCURVE('',#2006,#8327);
#8327 = DEFINITIONAL_REPRESENTATION('',(#8328),#8332);
#8328 = LINE('',#8329,#8330);
#8329 = CARTESIAN_POINT('',(0.,0.));
#8330 = VECTOR('',#8331,1.);
#8331 = DIRECTION('',(0.,-1.));
#8332 = ( GEOMETRIC_REPRESENTATION_CONTEXT(2) 
PARAMETRIC_REPRESENTATION_CONTEXT() REPRESENTATION_CONTEXT('2D SPACE',''
  ) );
#8333 = ORIENTED_EDGE('',*,*,#1873,.T.);
#8334 = ORIENTED_EDGE('',*,*,#8335,.T.);
#8335 = EDGE_CURVE('',#1876,#8336,#8338,.T.);
#8336 = VERTEX_POINT('',#8337);
#8337 = CARTESIAN_POINT('',(157.4,193.5,7.4));
#8338 = SURFACE_CURVE('',#8339,(#8343,#8350),.PCURVE_S1.);
#8339 = LINE('',#8340,#8341);
#8340 = CARTESIAN_POINT('',(154.,193.5,7.4));
#8341 = VECTOR('',#8342,1.);
#8342 = DIRECTION('',(1.,0.,0.));
#8343 = PCURVE('',#1896,#8344);
#8344 = DEFINITIONAL_REPRESENTATION('',(#8345),#8349);
#8345 = LINE('',#8346,#8347);
#8346 = CARTESIAN_POINT('',(-0.,0.));
#8347 = VECTOR('',#8348,1.);
#8348 = DIRECTION('',(-0.,-1.));
#8349 = ( GEOMETRIC_REPRESENTATION_CONTEXT(2) 
PARAMETRIC_REPRESENTATION_CONTEXT() REPRESENTATION_CONTEXT('2D SPACE',''
  ) );
#8350 = PCURVE('',#1923,#8351);
#8351 = DEFINITIONAL_REPRESENTATION('',(#8352),#8356);
#8352 = LINE('',#8353,#8354);
#8353 = CARTESIAN_POINT('',(2.,0.));
#8354 = VECTOR('',#8355,1.);
#8355 = DIRECTION('',(0.,-1.));
#8356 = ( GEOMETRIC_REPRESENTATION_CONTEXT(2) 
PARAMETRIC_REPRESENTATION_CONTEXT() REPRESENTATION_CONTEXT('2D SPACE',''
  ) );
#8357 = ORIENTED_EDGE('',*,*,#8358,.F.);
#8358 = EDGE_CURVE('',#8312,#8336,#8359,.T.);
#8359 = SURFACE_CURVE('',#8360,(#8365,#8372),.PCURVE_S1.);
#8360 = CIRCLE('',#8361,2.1);
#8361 = AXIS2_PLACEMENT_3D('',#8362,#8363,#8364);
#8362 = CARTESIAN_POINT('',(157.4,193.5,9.5));
#8363 = DIRECTION('',(-1.,-0.,0.));
#8364 = DIRECTION('',(0.,-0.,-1.));
#8365 = PCURVE('',#1896,#8366);
#8366 = DEFINITIONAL_REPRESENTATION('',(#8367),#8371);
#8367 = LINE('',#8368,#8369);
#8368 = CARTESIAN_POINT('',(-6.28318530718,-3.4));
#8369 = VECTOR('',#8370,1.);
#8370 = DIRECTION('',(1.,-0.));
#8371 = ( GEOMETRIC_REPRESENTATION_CONTEXT(2) 
PARAMETRIC_REPRESENTATION_CONTEXT() REPRESENTATION_CONTEXT('2D SPACE',''
  ) );
#8372 = PCURVE('',#8373,#8378);
#8373 = PLANE('',#8374);
#8374 = AXIS2_PLACEMENT_3D('',#8375,#8376,#8377);
#8375 = CARTESIAN_POINT('',(157.4,192.5,10.207533727551));
#8376 = DIRECTION('',(1.,0.,0.));
#8377 = DIRECTION('',(-0.,0.,1.));
#8378 = DEFINITIONAL_REPRESENTATION('',(#8379),#8387);
#8379 = ( BOUNDED_CURVE() B_SPLINE_CURVE(2,(#8380,#8381,#8382,#8383,
#8384,#8385,#8386),.UNSPECIFIED.,.T.,.F.) B_SPLINE_CURVE_WITH_KNOTS((1,2
    ,2,2,2,1),(-2.094395102393,0.,2.094395102393,4.188790204786,
6.28318530718,8.377580409573),.UNSPECIFIED.) CURVE() 
GEOMETRIC_REPRESENTATION_ITEM() RATIONAL_B_SPLINE_CURVE((1.,0.5,1.,0.5,
1.,0.5,1.)) REPRESENTATION_ITEM('') );
#8380 = CARTESIAN_POINT('',(-2.807533727551,-1.));
#8381 = CARTESIAN_POINT('',(-2.807533727551,2.637306695895));
#8382 = CARTESIAN_POINT('',(0.342466272449,0.818653347947));
#8383 = CARTESIAN_POINT('',(3.492466272449,-1.));
#8384 = CARTESIAN_POINT('',(0.342466272449,-2.818653347947));
#8385 = CARTESIAN_POINT('',(-2.807533727551,-4.637306695895));
#8386 = CARTESIAN_POINT('',(-2.807533727551,-1.));
#8387 = ( GEOMETRIC_REPRESENTATION_CONTEXT(2) 
PARAMETRIC_REPRESENTATION_CONTEXT() REPRESENTATION_CONTEXT('2D SPACE',''
  ) );
#8388 = ADVANCED_FACE('',(#8389),#2006,.T.);
#8389 = FACE_BOUND('',#8390,.T.);
#8390 = EDGE_LOOP('',(#8391,#8414,#8415,#8416));
#8391 = ORIENTED_EDGE('',*,*,#8392,.F.);
#8392 = EDGE_CURVE('',#1968,#8393,#8395,.T.);
#8393 = VERTEX_POINT('',#8394);
#8394 = CARTESIAN_POINT('',(157.4,192.5,13.469848480984));
#8395 = SURFACE_CURVE('',#8396,(#8400,#8407),.PCURVE_S1.);
#8396 = LINE('',#8397,#8398);
#8397 = CARTESIAN_POINT('',(154.,192.5,13.469848480984));
#8398 = VECTOR('',#8399,1.);
#8399 = DIRECTION('',(1.,0.,0.));
#8400 = PCURVE('',#2006,#8401);
#8401 = DEFINITIONAL_REPRESENTATION('',(#8402),#8406);
#8402 = LINE('',#8403,#8404);
#8403 = CARTESIAN_POINT('',(3.514213562373,0.));
#8404 = VECTOR('',#8405,1.);
#8405 = DIRECTION('',(0.,-1.));
#8406 = ( GEOMETRIC_REPRESENTATION_CONTEXT(2) 
PARAMETRIC_REPRESENTATION_CONTEXT() REPRESENTATION_CONTEXT('2D SPACE',''
  ) );
#8407 = PCURVE('',#1982,#8408);
#8408 = DEFINITIONAL_REPRESENTATION('',(#8409),#8413);
#8409 = LINE('',#8410,#8411);
#8410 = CARTESIAN_POINT('',(0.,0.));
#8411 = VECTOR('',#8412,1.);
#8412 = DIRECTION('',(0.,-1.));
#8413 = ( GEOMETRIC_REPRESENTATION_CONTEXT(2) 
PARAMETRIC_REPRESENTATION_CONTEXT() REPRESENTATION_CONTEXT('2D SPACE',''
  ) );
#8414 = ORIENTED_EDGE('',*,*,#1993,.T.);
#8415 = ORIENTED_EDGE('',*,*,#8311,.T.);
#8416 = ORIENTED_EDGE('',*,*,#8417,.T.);
#8417 = EDGE_CURVE('',#8312,#8393,#8418,.T.);
#8418 = SURFACE_CURVE('',#8419,(#8423,#8429),.PCURVE_S1.);
#8419 = LINE('',#8420,#8421);
#8420 = CARTESIAN_POINT('',(157.4,194.5580408086,11.411807672379));
#8421 = VECTOR('',#8422,1.);
#8422 = DIRECTION('',(0.,-0.707106781187,0.707106781187));
#8423 = PCURVE('',#2006,#8424);
#8424 = DEFINITIONAL_REPRESENTATION('',(#8425),#8428);
#8425 = B_SPLINE_CURVE_WITH_KNOTS('',1,(#8426,#8427),.UNSPECIFIED.,.F.,
  .F.,(2,2),(-0.603704338928,2.910509223445),.PIECEWISE_BEZIER_KNOTS.);
#8426 = CARTESIAN_POINT('',(0.,-3.4));
#8427 = CARTESIAN_POINT('',(3.514213562373,-3.4));
#8428 = ( GEOMETRIC_REPRESENTATION_CONTEXT(2) 
PARAMETRIC_REPRESENTATION_CONTEXT() REPRESENTATION_CONTEXT('2D SPACE',''
  ) );
#8429 = PCURVE('',#8373,#8430);
#8430 = DEFINITIONAL_REPRESENTATION('',(#8431),#8434);
#8431 = B_SPLINE_CURVE_WITH_KNOTS('',1,(#8432,#8433),.UNSPECIFIED.,.F.,
  .F.,(2,2),(-0.603704338928,2.910509223445),.PIECEWISE_BEZIER_KNOTS.);
#8432 = CARTESIAN_POINT('',(0.777390512941,-2.484924240492));
#8433 = CARTESIAN_POINT('',(3.262314753433,2.6645352591E-15));
#8434 = ( GEOMETRIC_REPRESENTATION_CONTEXT(2) 
PARAMETRIC_REPRESENTATION_CONTEXT() REPRESENTATION_CONTEXT('2D SPACE',''
  ) );
#8435 = ADVANCED_FACE('',(#8436),#1923,.T.);
#8436 = FACE_BOUND('',#8437,.T.);
#8437 = EDGE_LOOP('',(#8438,#8439,#8440,#8463));
#8438 = ORIENTED_EDGE('',*,*,#8335,.F.);
#8439 = ORIENTED_EDGE('',*,*,#1908,.T.);
#8440 = ORIENTED_EDGE('',*,*,#8441,.T.);
#8441 = EDGE_CURVE('',#1909,#8442,#8444,.T.);
#8442 = VERTEX_POINT('',#8443);
#8443 = CARTESIAN_POINT('',(157.4,191.5,7.4));
#8444 = SURFACE_CURVE('',#8445,(#8449,#8456),.PCURVE_S1.);
#8445 = LINE('',#8446,#8447);
#8446 = CARTESIAN_POINT('',(154.,191.5,7.4));
#8447 = VECTOR('',#8448,1.);
#8448 = DIRECTION('',(1.,0.,0.));
#8449 = PCURVE('',#1923,#8450);
#8450 = DEFINITIONAL_REPRESENTATION('',(#8451),#8455);
#8451 = LINE('',#8452,#8453);
#8452 = CARTESIAN_POINT('',(0.,0.));
#8453 = VECTOR('',#8454,1.);
#8454 = DIRECTION('',(0.,-1.));
#8455 = ( GEOMETRIC_REPRESENTATION_CONTEXT(2) 
PARAMETRIC_REPRESENTATION_CONTEXT() REPRESENTATION_CONTEXT('2D SPACE',''
  ) );
#8456 = PCURVE('',#1955,#8457);
#8457 = DEFINITIONAL_REPRESENTATION('',(#8458),#8462);
#8458 = LINE('',#8459,#8460);
#8459 = CARTESIAN_POINT('',(-2.356194490192,0.));
#8460 = VECTOR('',#8461,1.);
#8461 = DIRECTION('',(-0.,-1.));
#8462 = ( GEOMETRIC_REPRESENTATION_CONTEXT(2) 
PARAMETRIC_REPRESENTATION_CONTEXT() REPRESENTATION_CONTEXT('2D SPACE',''
  ) );
#8463 = ORIENTED_EDGE('',*,*,#8464,.T.);
#8464 = EDGE_CURVE('',#8442,#8336,#8465,.T.);
#8465 = SURFACE_CURVE('',#8466,(#8470,#8476),.PCURVE_S1.);
#8466 = LINE('',#8467,#8468);
#8467 = CARTESIAN_POINT('',(157.4,192.,7.4));
#8468 = VECTOR('',#8469,1.);
#8469 = DIRECTION('',(0.,1.,0.));
#8470 = PCURVE('',#1923,#8471);
#8471 = DEFINITIONAL_REPRESENTATION('',(#8472),#8475);
#8472 = B_SPLINE_CURVE_WITH_KNOTS('',1,(#8473,#8474),.UNSPECIFIED.,.F.,
  .F.,(2,2),(-0.5,1.5),.PIECEWISE_BEZIER_KNOTS.);
#8473 = CARTESIAN_POINT('',(0.,-3.4));
#8474 = CARTESIAN_POINT('',(2.,-3.4));
#8475 = ( GEOMETRIC_REPRESENTATION_CONTEXT(2) 
PARAMETRIC_REPRESENTATION_CONTEXT() REPRESENTATION_CONTEXT('2D SPACE',''
  ) );
#8476 = PCURVE('',#8373,#8477);
#8477 = DEFINITIONAL_REPRESENTATION('',(#8478),#8481);
#8478 = B_SPLINE_CURVE_WITH_KNOTS('',1,(#8479,#8480),.UNSPECIFIED.,.F.,
  .F.,(2,2),(-0.5,1.5),.PIECEWISE_BEZIER_KNOTS.);
#8479 = CARTESIAN_POINT('',(-2.807533727551,1.));
#8480 = CARTESIAN_POINT('',(-2.807533727551,-1.));
#8481 = ( GEOMETRIC_REPRESENTATION_CONTEXT(2) 
PARAMETRIC_REPRESENTATION_CONTEXT() REPRESENTATION_CONTEXT('2D SPACE',''
  ) );
#8482 = ADVANCED_FACE('',(#8483),#1982,.T.);
#8483 = FACE_BOUND('',#8484,.T.);
#8484 = EDGE_LOOP('',(#8485,#8508,#8509,#8510));
#8485 = ORIENTED_EDGE('',*,*,#8486,.F.);
#8486 = EDGE_CURVE('',#1935,#8487,#8489,.T.);
#8487 = VERTEX_POINT('',#8488);
#8488 = CARTESIAN_POINT('',(157.4,190.0150757595,10.984924240492));
#8489 = SURFACE_CURVE('',#8490,(#8494,#8501),.PCURVE_S1.);
#8490 = LINE('',#8491,#8492);
#8491 = CARTESIAN_POINT('',(154.,190.0150757595,10.984924240492));
#8492 = VECTOR('',#8493,1.);
#8493 = DIRECTION('',(1.,0.,0.));
#8494 = PCURVE('',#1982,#8495);
#8495 = DEFINITIONAL_REPRESENTATION('',(#8496),#8500);
#8496 = LINE('',#8497,#8498);
#8497 = CARTESIAN_POINT('',(3.514213562373,0.));
#8498 = VECTOR('',#8499,1.);
#8499 = DIRECTION('',(0.,-1.));
#8500 = ( GEOMETRIC_REPRESENTATION_CONTEXT(2) 
PARAMETRIC_REPRESENTATION_CONTEXT() REPRESENTATION_CONTEXT('2D SPACE',''
  ) );
#8501 = PCURVE('',#1955,#8502);
#8502 = DEFINITIONAL_REPRESENTATION('',(#8503),#8507);
#8503 = LINE('',#8504,#8505);
#8504 = CARTESIAN_POINT('',(-0.,0.));
#8505 = VECTOR('',#8506,1.);
#8506 = DIRECTION('',(-0.,-1.));
#8507 = ( GEOMETRIC_REPRESENTATION_CONTEXT(2) 
PARAMETRIC_REPRESENTATION_CONTEXT() REPRESENTATION_CONTEXT('2D SPACE',''
  ) );
#8508 = ORIENTED_EDGE('',*,*,#1967,.T.);
#8509 = ORIENTED_EDGE('',*,*,#8392,.T.);
#8510 = ORIENTED_EDGE('',*,*,#8511,.T.);
#8511 = EDGE_CURVE('',#8393,#8487,#8512,.T.);
#8512 = SURFACE_CURVE('',#8513,(#8517,#8523),.PCURVE_S1.);
#8513 = LINE('',#8514,#8515);
#8514 = CARTESIAN_POINT('',(157.4,191.68442131164,12.654269792625));
#8515 = VECTOR('',#8516,1.);
#8516 = DIRECTION('',(0.,-0.707106781187,-0.707106781187));
#8517 = PCURVE('',#1982,#8518);
#8518 = DEFINITIONAL_REPRESENTATION('',(#8519),#8522);
#8519 = B_SPLINE_CURVE_WITH_KNOTS('',1,(#8520,#8521),.UNSPECIFIED.,.F.,
  .F.,(2,2),(-1.153402442259,2.360811120115),.PIECEWISE_BEZIER_KNOTS.);
#8520 = CARTESIAN_POINT('',(0.,-3.4));
#8521 = CARTESIAN_POINT('',(3.514213562373,-3.4));
#8522 = ( GEOMETRIC_REPRESENTATION_CONTEXT(2) 
PARAMETRIC_REPRESENTATION_CONTEXT() REPRESENTATION_CONTEXT('2D SPACE',''
  ) );
#8523 = PCURVE('',#8373,#8524);
#8524 = DEFINITIONAL_REPRESENTATION('',(#8525),#8528);
#8525 = B_SPLINE_CURVE_WITH_KNOTS('',1,(#8526,#8527),.UNSPECIFIED.,.F.,
  .F.,(2,2),(-1.153402442259,2.360811120115),.PIECEWISE_BEZIER_KNOTS.);
#8526 = CARTESIAN_POINT('',(3.262314753433,-8.104628079764E-15));
#8527 = CARTESIAN_POINT('',(0.777390512941,2.484924240492));
#8528 = ( GEOMETRIC_REPRESENTATION_CONTEXT(2) 
PARAMETRIC_REPRESENTATION_CONTEXT() REPRESENTATION_CONTEXT('2D SPACE',''
  ) );
#8529 = ADVANCED_FACE('',(#8530),#1955,.F.);
#8530 = FACE_BOUND('',#8531,.T.);
#8531 = EDGE_LOOP('',(#8532,#8533,#8534,#8535));
#8532 = ORIENTED_EDGE('',*,*,#8441,.F.);
#8533 = ORIENTED_EDGE('',*,*,#1934,.T.);
#8534 = ORIENTED_EDGE('',*,*,#8486,.T.);
#8535 = ORIENTED_EDGE('',*,*,#8536,.F.);
#8536 = EDGE_CURVE('',#8442,#8487,#8537,.T.);
#8537 = SURFACE_CURVE('',#8538,(#8543,#8550),.PCURVE_S1.);
#8538 = CIRCLE('',#8539,2.1);
#8539 = AXIS2_PLACEMENT_3D('',#8540,#8541,#8542);
#8540 = CARTESIAN_POINT('',(157.4,191.5,9.5));
#8541 = DIRECTION('',(-1.,-0.,0.));
#8542 = DIRECTION('',(0.,-0.707106781187,0.707106781187));
#8543 = PCURVE('',#1955,#8544);
#8544 = DEFINITIONAL_REPRESENTATION('',(#8545),#8549);
#8545 = LINE('',#8546,#8547);
#8546 = CARTESIAN_POINT('',(-6.28318530718,-3.4));
#8547 = VECTOR('',#8548,1.);
#8548 = DIRECTION('',(1.,-0.));
#8549 = ( GEOMETRIC_REPRESENTATION_CONTEXT(2) 
PARAMETRIC_REPRESENTATION_CONTEXT() REPRESENTATION_CONTEXT('2D SPACE',''
  ) );
#8550 = PCURVE('',#8373,#8551);
#8551 = DEFINITIONAL_REPRESENTATION('',(#8552),#8560);
#8552 = ( BOUNDED_CURVE() B_SPLINE_CURVE(2,(#8553,#8554,#8555,#8556,
#8557,#8558,#8559),.UNSPECIFIED.,.T.,.F.) B_SPLINE_CURVE_WITH_KNOTS((1,2
    ,2,2,2,1),(-2.094395102393,0.,2.094395102393,4.188790204786,
6.28318530718,8.377580409573),.UNSPECIFIED.) CURVE() 
GEOMETRIC_REPRESENTATION_ITEM() RATIONAL_B_SPLINE_CURVE((1.,0.5,1.,0.5,
1.,0.5,1.)) REPRESENTATION_ITEM('') );
#8553 = CARTESIAN_POINT('',(0.777390512941,2.484924240492));
#8554 = CARTESIAN_POINT('',(3.349354742863,-8.703998943058E-02));
#8555 = CARTESIAN_POINT('',(-0.164013732836,-1.028444235207));
#8556 = CARTESIAN_POINT('',(-3.677382208534,-1.969848480984));
#8557 = CARTESIAN_POINT('',(-2.735977962758,1.543519994715));
#8558 = CARTESIAN_POINT('',(-1.794573716982,5.056888470414));
#8559 = CARTESIAN_POINT('',(0.777390512941,2.484924240492));
#8560 = ( GEOMETRIC_REPRESENTATION_CONTEXT(2) 
PARAMETRIC_REPRESENTATION_CONTEXT() REPRESENTATION_CONTEXT('2D SPACE',''
  ) );
#8561 = ADVANCED_FACE('',(#8562),#2042,.F.);
#8562 = FACE_BOUND('',#8563,.T.);
#8563 = EDGE_LOOP('',(#8564,#8587,#8588,#8611));
#8564 = ORIENTED_EDGE('',*,*,#8565,.F.);
#8565 = EDGE_CURVE('',#2020,#8566,#8568,.T.);
#8566 = VERTEX_POINT('',#8567);
#8567 = CARTESIAN_POINT('',(157.4,194.98492424049,35.984924240492));
#8568 = SURFACE_CURVE('',#8569,(#8573,#8580),.PCURVE_S1.);
#8569 = LINE('',#8570,#8571);
#8570 = CARTESIAN_POINT('',(154.,194.98492424049,35.984924240492));
#8571 = VECTOR('',#8572,1.);
#8572 = DIRECTION('',(1.,0.,0.));
#8573 = PCURVE('',#2042,#8574);
#8574 = DEFINITIONAL_REPRESENTATION('',(#8575),#8579);
#8575 = LINE('',#8576,#8577);
#8576 = CARTESIAN_POINT('',(-2.356194490192,0.));
#8577 = VECTOR('',#8578,1.);
#8578 = DIRECTION('',(-0.,-1.));
#8579 = ( GEOMETRIC_REPRESENTATION_CONTEXT(2) 
PARAMETRIC_REPRESENTATION_CONTEXT() REPRESENTATION_CONTEXT('2D SPACE',''
  ) );
#8580 = PCURVE('',#2152,#8581);
#8581 = DEFINITIONAL_REPRESENTATION('',(#8582),#8586);
#8582 = LINE('',#8583,#8584);
#8583 = CARTESIAN_POINT('',(0.,0.));
#8584 = VECTOR('',#8585,1.);
#8585 = DIRECTION('',(0.,-1.));
#8586 = ( GEOMETRIC_REPRESENTATION_CONTEXT(2) 
PARAMETRIC_REPRESENTATION_CONTEXT() REPRESENTATION_CONTEXT('2D SPACE',''
  ) );
#8587 = ORIENTED_EDGE('',*,*,#2019,.T.);
#8588 = ORIENTED_EDGE('',*,*,#8589,.T.);
#8589 = EDGE_CURVE('',#2022,#8590,#8592,.T.);
#8590 = VERTEX_POINT('',#8591);
#8591 = CARTESIAN_POINT('',(157.4,193.5,32.4));
#8592 = SURFACE_CURVE('',#8593,(#8597,#8604),.PCURVE_S1.);
#8593 = LINE('',#8594,#8595);
#8594 = CARTESIAN_POINT('',(154.,193.5,32.4));
#8595 = VECTOR('',#8596,1.);
#8596 = DIRECTION('',(1.,0.,0.));
#8597 = PCURVE('',#2042,#8598);
#8598 = DEFINITIONAL_REPRESENTATION('',(#8599),#8603);
#8599 = LINE('',#8600,#8601);
#8600 = CARTESIAN_POINT('',(-0.,0.));
#8601 = VECTOR('',#8602,1.);
#8602 = DIRECTION('',(-0.,-1.));
#8603 = ( GEOMETRIC_REPRESENTATION_CONTEXT(2) 
PARAMETRIC_REPRESENTATION_CONTEXT() REPRESENTATION_CONTEXT('2D SPACE',''
  ) );
#8604 = PCURVE('',#2069,#8605);
#8605 = DEFINITIONAL_REPRESENTATION('',(#8606),#8610);
#8606 = LINE('',#8607,#8608);
#8607 = CARTESIAN_POINT('',(2.,0.));
#8608 = VECTOR('',#8609,1.);
#8609 = DIRECTION('',(0.,-1.));
#8610 = ( GEOMETRIC_REPRESENTATION_CONTEXT(2) 
PARAMETRIC_REPRESENTATION_CONTEXT() REPRESENTATION_CONTEXT('2D SPACE',''
  ) );
#8611 = ORIENTED_EDGE('',*,*,#8612,.F.);
#8612 = EDGE_CURVE('',#8566,#8590,#8613,.T.);
#8613 = SURFACE_CURVE('',#8614,(#8619,#8626),.PCURVE_S1.);
#8614 = CIRCLE('',#8615,2.1);
#8615 = AXIS2_PLACEMENT_3D('',#8616,#8617,#8618);
#8616 = CARTESIAN_POINT('',(157.4,193.5,34.5));
#8617 = DIRECTION('',(-1.,-0.,0.));
#8618 = DIRECTION('',(0.,-0.,-1.));
#8619 = PCURVE('',#2042,#8620);
#8620 = DEFINITIONAL_REPRESENTATION('',(#8621),#8625);
#8621 = LINE('',#8622,#8623);
#8622 = CARTESIAN_POINT('',(-6.28318530718,-3.4));
#8623 = VECTOR('',#8624,1.);
#8624 = DIRECTION('',(1.,-0.));
#8625 = ( GEOMETRIC_REPRESENTATION_CONTEXT(2) 
PARAMETRIC_REPRESENTATION_CONTEXT() REPRESENTATION_CONTEXT('2D SPACE',''
  ) );
#8626 = PCURVE('',#8627,#8632);
#8627 = PLANE('',#8628);
#8628 = AXIS2_PLACEMENT_3D('',#8629,#8630,#8631);
#8629 = CARTESIAN_POINT('',(157.4,192.5,35.207533727551));
#8630 = DIRECTION('',(1.,0.,0.));
#8631 = DIRECTION('',(-0.,0.,1.));
#8632 = DEFINITIONAL_REPRESENTATION('',(#8633),#8641);
#8633 = ( BOUNDED_CURVE() B_SPLINE_CURVE(2,(#8634,#8635,#8636,#8637,
#8638,#8639,#8640),.UNSPECIFIED.,.T.,.F.) B_SPLINE_CURVE_WITH_KNOTS((1,2
    ,2,2,2,1),(-2.094395102393,0.,2.094395102393,4.188790204786,
6.28318530718,8.377580409573),.UNSPECIFIED.) CURVE() 
GEOMETRIC_REPRESENTATION_ITEM() RATIONAL_B_SPLINE_CURVE((1.,0.5,1.,0.5,
1.,0.5,1.)) REPRESENTATION_ITEM('') );
#8634 = CARTESIAN_POINT('',(-2.807533727551,-1.));
#8635 = CARTESIAN_POINT('',(-2.807533727551,2.637306695895));
#8636 = CARTESIAN_POINT('',(0.342466272449,0.818653347947));
#8637 = CARTESIAN_POINT('',(3.492466272449,-1.));
#8638 = CARTESIAN_POINT('',(0.342466272449,-2.818653347947));
#8639 = CARTESIAN_POINT('',(-2.807533727551,-4.637306695895));
#8640 = CARTESIAN_POINT('',(-2.807533727551,-1.));
#8641 = ( GEOMETRIC_REPRESENTATION_CONTEXT(2) 
PARAMETRIC_REPRESENTATION_CONTEXT() REPRESENTATION_CONTEXT('2D SPACE',''
  ) );
#8642 = ADVANCED_FACE('',(#8643),#2152,.T.);
#8643 = FACE_BOUND('',#8644,.T.);
#8644 = EDGE_LOOP('',(#8645,#8668,#8669,#8670));
#8645 = ORIENTED_EDGE('',*,*,#8646,.F.);
#8646 = EDGE_CURVE('',#2114,#8647,#8649,.T.);
#8647 = VERTEX_POINT('',#8648);
#8648 = CARTESIAN_POINT('',(157.4,192.5,38.469848480984));
#8649 = SURFACE_CURVE('',#8650,(#8654,#8661),.PCURVE_S1.);
#8650 = LINE('',#8651,#8652);
#8651 = CARTESIAN_POINT('',(154.,192.5,38.469848480984));
#8652 = VECTOR('',#8653,1.);
#8653 = DIRECTION('',(1.,0.,0.));
#8654 = PCURVE('',#2152,#8655);
#8655 = DEFINITIONAL_REPRESENTATION('',(#8656),#8660);
#8656 = LINE('',#8657,#8658);
#8657 = CARTESIAN_POINT('',(3.514213562373,0.));
#8658 = VECTOR('',#8659,1.);
#8659 = DIRECTION('',(0.,-1.));
#8660 = ( GEOMETRIC_REPRESENTATION_CONTEXT(2) 
PARAMETRIC_REPRESENTATION_CONTEXT() REPRESENTATION_CONTEXT('2D SPACE',''
  ) );
#8661 = PCURVE('',#2128,#8662);
#8662 = DEFINITIONAL_REPRESENTATION('',(#8663),#8667);
#8663 = LINE('',#8664,#8665);
#8664 = CARTESIAN_POINT('',(0.,0.));
#8665 = VECTOR('',#8666,1.);
#8666 = DIRECTION('',(0.,-1.));
#8667 = ( GEOMETRIC_REPRESENTATION_CONTEXT(2) 
PARAMETRIC_REPRESENTATION_CONTEXT() REPRESENTATION_CONTEXT('2D SPACE',''
  ) );
#8668 = ORIENTED_EDGE('',*,*,#2139,.T.);
#8669 = ORIENTED_EDGE('',*,*,#8565,.T.);
#8670 = ORIENTED_EDGE('',*,*,#8671,.T.);
#8671 = EDGE_CURVE('',#8566,#8647,#8672,.T.);
#8672 = SURFACE_CURVE('',#8673,(#8677,#8683),.PCURVE_S1.);
#8673 = LINE('',#8674,#8675);
#8674 = CARTESIAN_POINT('',(157.4,194.5580408086,36.411807672379));
#8675 = VECTOR('',#8676,1.);
#8676 = DIRECTION('',(0.,-0.707106781187,0.707106781187));
#8677 = PCURVE('',#2152,#8678);
#8678 = DEFINITIONAL_REPRESENTATION('',(#8679),#8682);
#8679 = B_SPLINE_CURVE_WITH_KNOTS('',1,(#8680,#8681),.UNSPECIFIED.,.F.,
  .F.,(2,2),(-0.603704338928,2.910509223445),.PIECEWISE_BEZIER_KNOTS.);
#8680 = CARTESIAN_POINT('',(0.,-3.4));
#8681 = CARTESIAN_POINT('',(3.514213562373,-3.4));
#8682 = ( GEOMETRIC_REPRESENTATION_CONTEXT(2) 
PARAMETRIC_REPRESENTATION_CONTEXT() REPRESENTATION_CONTEXT('2D SPACE',''
  ) );
#8683 = PCURVE('',#8627,#8684);
#8684 = DEFINITIONAL_REPRESENTATION('',(#8685),#8688);
#8685 = B_SPLINE_CURVE_WITH_KNOTS('',1,(#8686,#8687),.UNSPECIFIED.,.F.,
  .F.,(2,2),(-0.603704338928,2.910509223445),.PIECEWISE_BEZIER_KNOTS.);
#8686 = CARTESIAN_POINT('',(0.777390512941,-2.484924240492));
#8687 = CARTESIAN_POINT('',(3.262314753433,-2.797762022055E-14));
#8688 = ( GEOMETRIC_REPRESENTATION_CONTEXT(2) 
PARAMETRIC_REPRESENTATION_CONTEXT() REPRESENTATION_CONTEXT('2D SPACE',''
  ) );
#8689 = ADVANCED_FACE('',(#8690),#2069,.T.);
#8690 = FACE_BOUND('',#8691,.T.);
#8691 = EDGE_LOOP('',(#8692,#8693,#8694,#8717));
#8692 = ORIENTED_EDGE('',*,*,#8589,.F.);
#8693 = ORIENTED_EDGE('',*,*,#2054,.T.);
#8694 = ORIENTED_EDGE('',*,*,#8695,.T.);
#8695 = EDGE_CURVE('',#2055,#8696,#8698,.T.);
#8696 = VERTEX_POINT('',#8697);
#8697 = CARTESIAN_POINT('',(157.4,191.5,32.4));
#8698 = SURFACE_CURVE('',#8699,(#8703,#8710),.PCURVE_S1.);
#8699 = LINE('',#8700,#8701);
#8700 = CARTESIAN_POINT('',(154.,191.5,32.4));
#8701 = VECTOR('',#8702,1.);
#8702 = DIRECTION('',(1.,0.,0.));
#8703 = PCURVE('',#2069,#8704);
#8704 = DEFINITIONAL_REPRESENTATION('',(#8705),#8709);
#8705 = LINE('',#8706,#8707);
#8706 = CARTESIAN_POINT('',(0.,0.));
#8707 = VECTOR('',#8708,1.);
#8708 = DIRECTION('',(0.,-1.));
#8709 = ( GEOMETRIC_REPRESENTATION_CONTEXT(2) 
PARAMETRIC_REPRESENTATION_CONTEXT() REPRESENTATION_CONTEXT('2D SPACE',''
  ) );
#8710 = PCURVE('',#2101,#8711);
#8711 = DEFINITIONAL_REPRESENTATION('',(#8712),#8716);
#8712 = LINE('',#8713,#8714);
#8713 = CARTESIAN_POINT('',(-2.356194490192,0.));
#8714 = VECTOR('',#8715,1.);
#8715 = DIRECTION('',(-0.,-1.));
#8716 = ( GEOMETRIC_REPRESENTATION_CONTEXT(2) 
PARAMETRIC_REPRESENTATION_CONTEXT() REPRESENTATION_CONTEXT('2D SPACE',''
  ) );
#8717 = ORIENTED_EDGE('',*,*,#8718,.T.);
#8718 = EDGE_CURVE('',#8696,#8590,#8719,.T.);
#8719 = SURFACE_CURVE('',#8720,(#8724,#8730),.PCURVE_S1.);
#8720 = LINE('',#8721,#8722);
#8721 = CARTESIAN_POINT('',(157.4,192.,32.4));
#8722 = VECTOR('',#8723,1.);
#8723 = DIRECTION('',(0.,1.,0.));
#8724 = PCURVE('',#2069,#8725);
#8725 = DEFINITIONAL_REPRESENTATION('',(#8726),#8729);
#8726 = B_SPLINE_CURVE_WITH_KNOTS('',1,(#8727,#8728),.UNSPECIFIED.,.F.,
  .F.,(2,2),(-0.5,1.5),.PIECEWISE_BEZIER_KNOTS.);
#8727 = CARTESIAN_POINT('',(0.,-3.4));
#8728 = CARTESIAN_POINT('',(2.,-3.4));
#8729 = ( GEOMETRIC_REPRESENTATION_CONTEXT(2) 
PARAMETRIC_REPRESENTATION_CONTEXT() REPRESENTATION_CONTEXT('2D SPACE',''
  ) );
#8730 = PCURVE('',#8627,#8731);
#8731 = DEFINITIONAL_REPRESENTATION('',(#8732),#8735);
#8732 = B_SPLINE_CURVE_WITH_KNOTS('',1,(#8733,#8734),.UNSPECIFIED.,.F.,
  .F.,(2,2),(-0.5,1.5),.PIECEWISE_BEZIER_KNOTS.);
#8733 = CARTESIAN_POINT('',(-2.807533727551,1.));
#8734 = CARTESIAN_POINT('',(-2.807533727551,-1.));
#8735 = ( GEOMETRIC_REPRESENTATION_CONTEXT(2) 
PARAMETRIC_REPRESENTATION_CONTEXT() REPRESENTATION_CONTEXT('2D SPACE',''
  ) );
#8736 = ADVANCED_FACE('',(#8737),#2128,.T.);
#8737 = FACE_BOUND('',#8738,.T.);
#8738 = EDGE_LOOP('',(#8739,#8762,#8763,#8764));
#8739 = ORIENTED_EDGE('',*,*,#8740,.F.);
#8740 = EDGE_CURVE('',#2081,#8741,#8743,.T.);
#8741 = VERTEX_POINT('',#8742);
#8742 = CARTESIAN_POINT('',(157.4,190.0150757595,35.984924240492));
#8743 = SURFACE_CURVE('',#8744,(#8748,#8755),.PCURVE_S1.);
#8744 = LINE('',#8745,#8746);
#8745 = CARTESIAN_POINT('',(154.,190.0150757595,35.984924240492));
#8746 = VECTOR('',#8747,1.);
#8747 = DIRECTION('',(1.,0.,0.));
#8748 = PCURVE('',#2128,#8749);
#8749 = DEFINITIONAL_REPRESENTATION('',(#8750),#8754);
#8750 = LINE('',#8751,#8752);
#8751 = CARTESIAN_POINT('',(3.514213562373,0.));
#8752 = VECTOR('',#8753,1.);
#8753 = DIRECTION('',(0.,-1.));
#8754 = ( GEOMETRIC_REPRESENTATION_CONTEXT(2) 
PARAMETRIC_REPRESENTATION_CONTEXT() REPRESENTATION_CONTEXT('2D SPACE',''
  ) );
#8755 = PCURVE('',#2101,#8756);
#8756 = DEFINITIONAL_REPRESENTATION('',(#8757),#8761);
#8757 = LINE('',#8758,#8759);
#8758 = CARTESIAN_POINT('',(-0.,0.));
#8759 = VECTOR('',#8760,1.);
#8760 = DIRECTION('',(-0.,-1.));
#8761 = ( GEOMETRIC_REPRESENTATION_CONTEXT(2) 
PARAMETRIC_REPRESENTATION_CONTEXT() REPRESENTATION_CONTEXT('2D SPACE',''
  ) );
#8762 = ORIENTED_EDGE('',*,*,#2113,.T.);
#8763 = ORIENTED_EDGE('',*,*,#8646,.T.);
#8764 = ORIENTED_EDGE('',*,*,#8765,.T.);
#8765 = EDGE_CURVE('',#8647,#8741,#8766,.T.);
#8766 = SURFACE_CURVE('',#8767,(#8771,#8777),.PCURVE_S1.);
#8767 = LINE('',#8768,#8769);
#8768 = CARTESIAN_POINT('',(157.4,191.68442131164,37.654269792625));
#8769 = VECTOR('',#8770,1.);
#8770 = DIRECTION('',(0.,-0.707106781187,-0.707106781187));
#8771 = PCURVE('',#2128,#8772);
#8772 = DEFINITIONAL_REPRESENTATION('',(#8773),#8776);
#8773 = B_SPLINE_CURVE_WITH_KNOTS('',1,(#8774,#8775),.UNSPECIFIED.,.F.,
  .F.,(2,2),(-1.153402442259,2.360811120115),.PIECEWISE_BEZIER_KNOTS.);
#8774 = CARTESIAN_POINT('',(0.,-3.4));
#8775 = CARTESIAN_POINT('',(3.514213562373,-3.4));
#8776 = ( GEOMETRIC_REPRESENTATION_CONTEXT(2) 
PARAMETRIC_REPRESENTATION_CONTEXT() REPRESENTATION_CONTEXT('2D SPACE',''
  ) );
#8777 = PCURVE('',#8627,#8778);
#8778 = DEFINITIONAL_REPRESENTATION('',(#8779),#8782);
#8779 = B_SPLINE_CURVE_WITH_KNOTS('',1,(#8780,#8781),.UNSPECIFIED.,.F.,
  .F.,(2,2),(-1.153402442259,2.360811120115),.PIECEWISE_BEZIER_KNOTS.);
#8780 = CARTESIAN_POINT('',(3.262314753433,-3.919087276927E-14));
#8781 = CARTESIAN_POINT('',(0.777390512941,2.484924240492));
#8782 = ( GEOMETRIC_REPRESENTATION_CONTEXT(2) 
PARAMETRIC_REPRESENTATION_CONTEXT() REPRESENTATION_CONTEXT('2D SPACE',''
  ) );
#8783 = ADVANCED_FACE('',(#8784),#2101,.F.);
#8784 = FACE_BOUND('',#8785,.T.);
#8785 = EDGE_LOOP('',(#8786,#8787,#8788,#8789));
#8786 = ORIENTED_EDGE('',*,*,#8695,.F.);
#8787 = ORIENTED_EDGE('',*,*,#2080,.T.);
#8788 = ORIENTED_EDGE('',*,*,#8740,.T.);
#8789 = ORIENTED_EDGE('',*,*,#8790,.F.);
#8790 = EDGE_CURVE('',#8696,#8741,#8791,.T.);
#8791 = SURFACE_CURVE('',#8792,(#8797,#8804),.PCURVE_S1.);
#8792 = CIRCLE('',#8793,2.1);
#8793 = AXIS2_PLACEMENT_3D('',#8794,#8795,#8796);
#8794 = CARTESIAN_POINT('',(157.4,191.5,34.5));
#8795 = DIRECTION('',(-1.,-0.,0.));
#8796 = DIRECTION('',(0.,-0.707106781187,0.707106781187));
#8797 = PCURVE('',#2101,#8798);
#8798 = DEFINITIONAL_REPRESENTATION('',(#8799),#8803);
#8799 = LINE('',#8800,#8801);
#8800 = CARTESIAN_POINT('',(-6.28318530718,-3.4));
#8801 = VECTOR('',#8802,1.);
#8802 = DIRECTION('',(1.,-0.));
#8803 = ( GEOMETRIC_REPRESENTATION_CONTEXT(2) 
PARAMETRIC_REPRESENTATION_CONTEXT() REPRESENTATION_CONTEXT('2D SPACE',''
  ) );
#8804 = PCURVE('',#8627,#8805);
#8805 = DEFINITIONAL_REPRESENTATION('',(#8806),#8814);
#8806 = ( BOUNDED_CURVE() B_SPLINE_CURVE(2,(#8807,#8808,#8809,#8810,
#8811,#8812,#8813),.UNSPECIFIED.,.T.,.F.) B_SPLINE_CURVE_WITH_KNOTS((1,2
    ,2,2,2,1),(-2.094395102393,0.,2.094395102393,4.188790204786,
6.28318530718,8.377580409573),.UNSPECIFIED.) CURVE() 
GEOMETRIC_REPRESENTATION_ITEM() RATIONAL_B_SPLINE_CURVE((1.,0.5,1.,0.5,
1.,0.5,1.)) REPRESENTATION_ITEM('') );
#8807 = CARTESIAN_POINT('',(0.777390512941,2.484924240492));
#8808 = CARTESIAN_POINT('',(3.349354742863,-8.703998943061E-02));
#8809 = CARTESIAN_POINT('',(-0.164013732836,-1.028444235207));
#8810 = CARTESIAN_POINT('',(-3.677382208534,-1.969848480984));
#8811 = CARTESIAN_POINT('',(-2.735977962758,1.543519994715));
#8812 = CARTESIAN_POINT('',(-1.794573716982,5.056888470414));
#8813 = CARTESIAN_POINT('',(0.777390512941,2.484924240492));
#8814 = ( GEOMETRIC_REPRESENTATION_CONTEXT(2) 
PARAMETRIC_REPRESENTATION_CONTEXT() REPRESENTATION_CONTEXT('2D SPACE',''
  ) );
#8815 = ADVANCED_FACE('',(#8816),#2182,.T.);
#8816 = FACE_BOUND('',#8817,.T.);
#8817 = EDGE_LOOP('',(#8818,#8841,#8842,#8865));
#8818 = ORIENTED_EDGE('',*,*,#8819,.F.);
#8819 = EDGE_CURVE('',#2166,#8820,#8822,.T.);
#8820 = VERTEX_POINT('',#8821);
#8821 = CARTESIAN_POINT('',(157.4,17.5,12.469848480984));
#8822 = SURFACE_CURVE('',#8823,(#8827,#8834),.PCURVE_S1.);
#8823 = LINE('',#8824,#8825);
#8824 = CARTESIAN_POINT('',(154.,17.5,12.469848480984));
#8825 = VECTOR('',#8826,1.);
#8826 = DIRECTION('',(1.,0.,0.));
#8827 = PCURVE('',#2182,#8828);
#8828 = DEFINITIONAL_REPRESENTATION('',(#8829),#8833);
#8829 = LINE('',#8830,#8831);
#8830 = CARTESIAN_POINT('',(2.1,0.));
#8831 = VECTOR('',#8832,1.);
#8832 = DIRECTION('',(0.,-1.));
#8833 = ( GEOMETRIC_REPRESENTATION_CONTEXT(2) 
PARAMETRIC_REPRESENTATION_CONTEXT() REPRESENTATION_CONTEXT('2D SPACE',''
  ) );
#8834 = PCURVE('',#2239,#8835);
#8835 = DEFINITIONAL_REPRESENTATION('',(#8836),#8840);
#8836 = LINE('',#8837,#8838);
#8837 = CARTESIAN_POINT('',(0.,0.));
#8838 = VECTOR('',#8839,1.);
#8839 = DIRECTION('',(0.,-1.));
#8840 = ( GEOMETRIC_REPRESENTATION_CONTEXT(2) 
PARAMETRIC_REPRESENTATION_CONTEXT() REPRESENTATION_CONTEXT('2D SPACE',''
  ) );
#8841 = ORIENTED_EDGE('',*,*,#2165,.T.);
#8842 = ORIENTED_EDGE('',*,*,#8843,.T.);
#8843 = EDGE_CURVE('',#2168,#8844,#8846,.T.);
#8844 = VERTEX_POINT('',#8845);
#8845 = CARTESIAN_POINT('',(157.4,18.984924240492,10.984924240492));
#8846 = SURFACE_CURVE('',#8847,(#8851,#8858),.PCURVE_S1.);
#8847 = LINE('',#8848,#8849);
#8848 = CARTESIAN_POINT('',(154.,18.984924240492,10.984924240492));
#8849 = VECTOR('',#8850,1.);
#8850 = DIRECTION('',(1.,0.,0.));
#8851 = PCURVE('',#2182,#8852);
#8852 = DEFINITIONAL_REPRESENTATION('',(#8853),#8857);
#8853 = LINE('',#8854,#8855);
#8854 = CARTESIAN_POINT('',(0.,0.));
#8855 = VECTOR('',#8856,1.);
#8856 = DIRECTION('',(0.,-1.));
#8857 = ( GEOMETRIC_REPRESENTATION_CONTEXT(2) 
PARAMETRIC_REPRESENTATION_CONTEXT() REPRESENTATION_CONTEXT('2D SPACE',''
  ) );
#8858 = PCURVE('',#2214,#8859);
#8859 = DEFINITIONAL_REPRESENTATION('',(#8860),#8864);
#8860 = LINE('',#8861,#8862);
#8861 = CARTESIAN_POINT('',(-2.356194490192,0.));
#8862 = VECTOR('',#8863,1.);
#8863 = DIRECTION('',(-0.,-1.));
#8864 = ( GEOMETRIC_REPRESENTATION_CONTEXT(2) 
PARAMETRIC_REPRESENTATION_CONTEXT() REPRESENTATION_CONTEXT('2D SPACE',''
  ) );
#8865 = ORIENTED_EDGE('',*,*,#8866,.T.);
#8866 = EDGE_CURVE('',#8844,#8820,#8867,.T.);
#8867 = SURFACE_CURVE('',#8868,(#8872,#8878),.PCURVE_S1.);
#8868 = LINE('',#8869,#8870);
#8869 = CARTESIAN_POINT('',(157.4,18.864419962556,11.105428518428));
#8870 = VECTOR('',#8871,1.);
#8871 = DIRECTION('',(0.,-0.707106781187,0.707106781187));
#8872 = PCURVE('',#2182,#8873);
#8873 = DEFINITIONAL_REPRESENTATION('',(#8874),#8877);
#8874 = B_SPLINE_CURVE_WITH_KNOTS('',1,(#8875,#8876),.UNSPECIFIED.,.F.,
  .F.,(2,2),(-0.170418784181,1.929581215819),.PIECEWISE_BEZIER_KNOTS.);
#8875 = CARTESIAN_POINT('',(0.,-3.4));
#8876 = CARTESIAN_POINT('',(2.1,-3.4));
#8877 = ( GEOMETRIC_REPRESENTATION_CONTEXT(2) 
PARAMETRIC_REPRESENTATION_CONTEXT() REPRESENTATION_CONTEXT('2D SPACE',''
  ) );
#8878 = PCURVE('',#8879,#8884);
#8879 = PLANE('',#8880);
#8880 = AXIS2_PLACEMENT_3D('',#8881,#8882,#8883);
#8881 = CARTESIAN_POINT('',(157.4,17.5,9.982017111745));
#8882 = DIRECTION('',(1.,0.,0.));
#8883 = DIRECTION('',(-0.,0.,1.));
#8884 = DEFINITIONAL_REPRESENTATION('',(#8885),#8888);
#8885 = B_SPLINE_CURVE_WITH_KNOTS('',1,(#8886,#8887),.UNSPECIFIED.,.F.,
  .F.,(2,2),(-0.170418784181,1.929581215819),.PIECEWISE_BEZIER_KNOTS.);
#8886 = CARTESIAN_POINT('',(1.002907128747,-1.484924240492));
#8887 = CARTESIAN_POINT('',(2.487831369239,8.881784197001E-16));
#8888 = ( GEOMETRIC_REPRESENTATION_CONTEXT(2) 
PARAMETRIC_REPRESENTATION_CONTEXT() REPRESENTATION_CONTEXT('2D SPACE',''
  ) );
#8889 = ADVANCED_FACE('',(#8890),#2239,.T.);
#8890 = FACE_BOUND('',#8891,.T.);
#8891 = EDGE_LOOP('',(#8892,#8915,#8916,#8917));
#8892 = ORIENTED_EDGE('',*,*,#8893,.F.);
#8893 = EDGE_CURVE('',#2194,#8894,#8896,.T.);
#8894 = VERTEX_POINT('',#8895);
#8895 = CARTESIAN_POINT('',(157.4,16.015075759508,10.984924240492));
#8896 = SURFACE_CURVE('',#8897,(#8901,#8908),.PCURVE_S1.);
#8897 = LINE('',#8898,#8899);
#8898 = CARTESIAN_POINT('',(154.,16.015075759508,10.984924240492));
#8899 = VECTOR('',#8900,1.);
#8900 = DIRECTION('',(1.,0.,0.));
#8901 = PCURVE('',#2239,#8902);
#8902 = DEFINITIONAL_REPRESENTATION('',(#8903),#8907);
#8903 = LINE('',#8904,#8905);
#8904 = CARTESIAN_POINT('',(2.1,0.));
#8905 = VECTOR('',#8906,1.);
#8906 = DIRECTION('',(0.,-1.));
#8907 = ( GEOMETRIC_REPRESENTATION_CONTEXT(2) 
PARAMETRIC_REPRESENTATION_CONTEXT() REPRESENTATION_CONTEXT('2D SPACE',''
  ) );
#8908 = PCURVE('',#2214,#8909);
#8909 = DEFINITIONAL_REPRESENTATION('',(#8910),#8914);
#8910 = LINE('',#8911,#8912);
#8911 = CARTESIAN_POINT('',(2.356194490192,-0.));
#8912 = VECTOR('',#8913,1.);
#8913 = DIRECTION('',(-0.,-1.));
#8914 = ( GEOMETRIC_REPRESENTATION_CONTEXT(2) 
PARAMETRIC_REPRESENTATION_CONTEXT() REPRESENTATION_CONTEXT('2D SPACE',''
  ) );
#8915 = ORIENTED_EDGE('',*,*,#2226,.T.);
#8916 = ORIENTED_EDGE('',*,*,#8819,.T.);
#8917 = ORIENTED_EDGE('',*,*,#8918,.T.);
#8918 = EDGE_CURVE('',#8820,#8894,#8919,.T.);
#8919 = SURFACE_CURVE('',#8920,(#8924,#8930),.PCURVE_S1.);
#8920 = LINE('',#8921,#8922);
#8921 = CARTESIAN_POINT('',(157.4,16.87804215769,11.847890638674));
#8922 = VECTOR('',#8923,1.);
#8923 = DIRECTION('',(0.,-0.707106781187,-0.707106781187));
#8924 = PCURVE('',#2239,#8925);
#8925 = DEFINITIONAL_REPRESENTATION('',(#8926),#8929);
#8926 = B_SPLINE_CURVE_WITH_KNOTS('',1,(#8927,#8928),.UNSPECIFIED.,.F.,
  .F.,(2,2),(-0.879581215819,1.220418784181),.PIECEWISE_BEZIER_KNOTS.);
#8927 = CARTESIAN_POINT('',(0.,-3.4));
#8928 = CARTESIAN_POINT('',(2.1,-3.4));
#8929 = ( GEOMETRIC_REPRESENTATION_CONTEXT(2) 
PARAMETRIC_REPRESENTATION_CONTEXT() REPRESENTATION_CONTEXT('2D SPACE',''
  ) );
#8930 = PCURVE('',#8879,#8931);
#8931 = DEFINITIONAL_REPRESENTATION('',(#8932),#8935);
#8932 = B_SPLINE_CURVE_WITH_KNOTS('',1,(#8933,#8934),.UNSPECIFIED.,.F.,
  .F.,(2,2),(-0.879581215819,1.220418784181),.PIECEWISE_BEZIER_KNOTS.);
#8933 = CARTESIAN_POINT('',(2.487831369239,-1.7763568394E-15));
#8934 = CARTESIAN_POINT('',(1.002907128747,1.484924240492));
#8935 = ( GEOMETRIC_REPRESENTATION_CONTEXT(2) 
PARAMETRIC_REPRESENTATION_CONTEXT() REPRESENTATION_CONTEXT('2D SPACE',''
  ) );
#8936 = ADVANCED_FACE('',(#8937),#2214,.F.);
#8937 = FACE_BOUND('',#8938,.T.);
#8938 = EDGE_LOOP('',(#8939,#8940,#8941,#8942));
#8939 = ORIENTED_EDGE('',*,*,#8843,.F.);
#8940 = ORIENTED_EDGE('',*,*,#2193,.T.);
#8941 = ORIENTED_EDGE('',*,*,#8893,.T.);
#8942 = ORIENTED_EDGE('',*,*,#8943,.F.);
#8943 = EDGE_CURVE('',#8844,#8894,#8944,.T.);
#8944 = SURFACE_CURVE('',#8945,(#8950,#8957),.PCURVE_S1.);
#8945 = CIRCLE('',#8946,2.1);
#8946 = AXIS2_PLACEMENT_3D('',#8947,#8948,#8949);
#8947 = CARTESIAN_POINT('',(157.4,17.5,9.5));
#8948 = DIRECTION('',(-1.,-0.,0.));
#8949 = DIRECTION('',(0.,-0.,-1.));
#8950 = PCURVE('',#2214,#8951);
#8951 = DEFINITIONAL_REPRESENTATION('',(#8952),#8956);
#8952 = LINE('',#8953,#8954);
#8953 = CARTESIAN_POINT('',(-6.28318530718,-3.4));
#8954 = VECTOR('',#8955,1.);
#8955 = DIRECTION('',(1.,-0.));
#8956 = ( GEOMETRIC_REPRESENTATION_CONTEXT(2) 
PARAMETRIC_REPRESENTATION_CONTEXT() REPRESENTATION_CONTEXT('2D SPACE',''
  ) );
#8957 = PCURVE('',#8879,#8958);
#8958 = DEFINITIONAL_REPRESENTATION('',(#8959),#8967);
#8959 = ( BOUNDED_CURVE() B_SPLINE_CURVE(2,(#8960,#8961,#8962,#8963,
#8964,#8965,#8966),.UNSPECIFIED.,.T.,.F.) B_SPLINE_CURVE_WITH_KNOTS((1,2
    ,2,2,2,1),(-2.094395102393,0.,2.094395102393,4.188790204786,
6.28318530718,8.377580409573),.UNSPECIFIED.) CURVE() 
GEOMETRIC_REPRESENTATION_ITEM() RATIONAL_B_SPLINE_CURVE((1.,0.5,1.,0.5,
1.,0.5,1.)) REPRESENTATION_ITEM('') );
#8960 = CARTESIAN_POINT('',(-2.582017111745,0.));
#8961 = CARTESIAN_POINT('',(-2.582017111745,3.637306695895));
#8962 = CARTESIAN_POINT('',(0.567982888255,1.818653347947));
#8963 = CARTESIAN_POINT('',(3.717982888255,5.143516556419E-16));
#8964 = CARTESIAN_POINT('',(0.567982888255,-1.818653347947));
#8965 = CARTESIAN_POINT('',(-2.582017111745,-3.637306695895));
#8966 = CARTESIAN_POINT('',(-2.582017111745,0.));
#8967 = ( GEOMETRIC_REPRESENTATION_CONTEXT(2) 
PARAMETRIC_REPRESENTATION_CONTEXT() REPRESENTATION_CONTEXT('2D SPACE',''
  ) );
#8968 = ADVANCED_FACE('',(#8969),#2269,.T.);
#8969 = FACE_BOUND('',#8970,.T.);
#8970 = EDGE_LOOP('',(#8971,#8994,#8995,#9018));
#8971 = ORIENTED_EDGE('',*,*,#8972,.F.);
#8972 = EDGE_CURVE('',#2253,#8973,#8975,.T.);
#8973 = VERTEX_POINT('',#8974);
#8974 = CARTESIAN_POINT('',(157.4,17.5,37.469848480984));
#8975 = SURFACE_CURVE('',#8976,(#8980,#8987),.PCURVE_S1.);
#8976 = LINE('',#8977,#8978);
#8977 = CARTESIAN_POINT('',(154.,17.5,37.469848480984));
#8978 = VECTOR('',#8979,1.);
#8979 = DIRECTION('',(1.,0.,0.));
#8980 = PCURVE('',#2269,#8981);
#8981 = DEFINITIONAL_REPRESENTATION('',(#8982),#8986);
#8982 = LINE('',#8983,#8984);
#8983 = CARTESIAN_POINT('',(2.1,0.));
#8984 = VECTOR('',#8985,1.);
#8985 = DIRECTION('',(0.,-1.));
#8986 = ( GEOMETRIC_REPRESENTATION_CONTEXT(2) 
PARAMETRIC_REPRESENTATION_CONTEXT() REPRESENTATION_CONTEXT('2D SPACE',''
  ) );
#8987 = PCURVE('',#2326,#8988);
#8988 = DEFINITIONAL_REPRESENTATION('',(#8989),#8993);
#8989 = LINE('',#8990,#8991);
#8990 = CARTESIAN_POINT('',(0.,0.));
#8991 = VECTOR('',#8992,1.);
#8992 = DIRECTION('',(0.,-1.));
#8993 = ( GEOMETRIC_REPRESENTATION_CONTEXT(2) 
PARAMETRIC_REPRESENTATION_CONTEXT() REPRESENTATION_CONTEXT('2D SPACE',''
  ) );
#8994 = ORIENTED_EDGE('',*,*,#2252,.T.);
#8995 = ORIENTED_EDGE('',*,*,#8996,.T.);
#8996 = EDGE_CURVE('',#2255,#8997,#8999,.T.);
#8997 = VERTEX_POINT('',#8998);
#8998 = CARTESIAN_POINT('',(157.4,18.984924240492,35.984924240492));
#8999 = SURFACE_CURVE('',#9000,(#9004,#9011),.PCURVE_S1.);
#9000 = LINE('',#9001,#9002);
#9001 = CARTESIAN_POINT('',(154.,18.984924240492,35.984924240492));
#9002 = VECTOR('',#9003,1.);
#9003 = DIRECTION('',(1.,0.,0.));
#9004 = PCURVE('',#2269,#9005);
#9005 = DEFINITIONAL_REPRESENTATION('',(#9006),#9010);
#9006 = LINE('',#9007,#9008);
#9007 = CARTESIAN_POINT('',(0.,0.));
#9008 = VECTOR('',#9009,1.);
#9009 = DIRECTION('',(0.,-1.));
#9010 = ( GEOMETRIC_REPRESENTATION_CONTEXT(2) 
PARAMETRIC_REPRESENTATION_CONTEXT() REPRESENTATION_CONTEXT('2D SPACE',''
  ) );
#9011 = PCURVE('',#2301,#9012);
#9012 = DEFINITIONAL_REPRESENTATION('',(#9013),#9017);
#9013 = LINE('',#9014,#9015);
#9014 = CARTESIAN_POINT('',(-2.356194490192,0.));
#9015 = VECTOR('',#9016,1.);
#9016 = DIRECTION('',(-0.,-1.));
#9017 = ( GEOMETRIC_REPRESENTATION_CONTEXT(2) 
PARAMETRIC_REPRESENTATION_CONTEXT() REPRESENTATION_CONTEXT('2D SPACE',''
  ) );
#9018 = ORIENTED_EDGE('',*,*,#9019,.T.);
#9019 = EDGE_CURVE('',#8997,#8973,#9020,.T.);
#9020 = SURFACE_CURVE('',#9021,(#9025,#9031),.PCURVE_S1.);
#9021 = LINE('',#9022,#9023);
#9022 = CARTESIAN_POINT('',(157.4,18.864419962556,36.105428518428));
#9023 = VECTOR('',#9024,1.);
#9024 = DIRECTION('',(0.,-0.707106781187,0.707106781187));
#9025 = PCURVE('',#2269,#9026);
#9026 = DEFINITIONAL_REPRESENTATION('',(#9027),#9030);
#9027 = B_SPLINE_CURVE_WITH_KNOTS('',1,(#9028,#9029),.UNSPECIFIED.,.F.,
  .F.,(2,2),(-0.170418784181,1.929581215819),.PIECEWISE_BEZIER_KNOTS.);
#9028 = CARTESIAN_POINT('',(0.,-3.4));
#9029 = CARTESIAN_POINT('',(2.1,-3.4));
#9030 = ( GEOMETRIC_REPRESENTATION_CONTEXT(2) 
PARAMETRIC_REPRESENTATION_CONTEXT() REPRESENTATION_CONTEXT('2D SPACE',''
  ) );
#9031 = PCURVE('',#9032,#9037);
#9032 = PLANE('',#9033);
#9033 = AXIS2_PLACEMENT_3D('',#9034,#9035,#9036);
#9034 = CARTESIAN_POINT('',(157.4,17.5,34.982017111745));
#9035 = DIRECTION('',(1.,0.,0.));
#9036 = DIRECTION('',(-0.,0.,1.));
#9037 = DEFINITIONAL_REPRESENTATION('',(#9038),#9041);
#9038 = B_SPLINE_CURVE_WITH_KNOTS('',1,(#9039,#9040),.UNSPECIFIED.,.F.,
  .F.,(2,2),(-0.170418784181,1.929581215819),.PIECEWISE_BEZIER_KNOTS.);
#9039 = CARTESIAN_POINT('',(1.002907128747,-1.484924240492));
#9040 = CARTESIAN_POINT('',(2.487831369239,4.440892098501E-16));
#9041 = ( GEOMETRIC_REPRESENTATION_CONTEXT(2) 
PARAMETRIC_REPRESENTATION_CONTEXT() REPRESENTATION_CONTEXT('2D SPACE',''
  ) );
#9042 = ADVANCED_FACE('',(#9043),#2326,.T.);
#9043 = FACE_BOUND('',#9044,.T.);
#9044 = EDGE_LOOP('',(#9045,#9068,#9069,#9070));
#9045 = ORIENTED_EDGE('',*,*,#9046,.F.);
#9046 = EDGE_CURVE('',#2281,#9047,#9049,.T.);
#9047 = VERTEX_POINT('',#9048);
#9048 = CARTESIAN_POINT('',(157.4,16.015075759508,35.984924240492));
#9049 = SURFACE_CURVE('',#9050,(#9054,#9061),.PCURVE_S1.);
#9050 = LINE('',#9051,#9052);
#9051 = CARTESIAN_POINT('',(154.,16.015075759508,35.984924240492));
#9052 = VECTOR('',#9053,1.);
#9053 = DIRECTION('',(1.,0.,0.));
#9054 = PCURVE('',#2326,#9055);
#9055 = DEFINITIONAL_REPRESENTATION('',(#9056),#9060);
#9056 = LINE('',#9057,#9058);
#9057 = CARTESIAN_POINT('',(2.1,0.));
#9058 = VECTOR('',#9059,1.);
#9059 = DIRECTION('',(0.,-1.));
#9060 = ( GEOMETRIC_REPRESENTATION_CONTEXT(2) 
PARAMETRIC_REPRESENTATION_CONTEXT() REPRESENTATION_CONTEXT('2D SPACE',''
  ) );
#9061 = PCURVE('',#2301,#9062);
#9062 = DEFINITIONAL_REPRESENTATION('',(#9063),#9067);
#9063 = LINE('',#9064,#9065);
#9064 = CARTESIAN_POINT('',(2.356194490192,-0.));
#9065 = VECTOR('',#9066,1.);
#9066 = DIRECTION('',(-0.,-1.));
#9067 = ( GEOMETRIC_REPRESENTATION_CONTEXT(2) 
PARAMETRIC_REPRESENTATION_CONTEXT() REPRESENTATION_CONTEXT('2D SPACE',''
  ) );
#9068 = ORIENTED_EDGE('',*,*,#2313,.T.);
#9069 = ORIENTED_EDGE('',*,*,#8972,.T.);
#9070 = ORIENTED_EDGE('',*,*,#9071,.T.);
#9071 = EDGE_CURVE('',#8973,#9047,#9072,.T.);
#9072 = SURFACE_CURVE('',#9073,(#9077,#9083),.PCURVE_S1.);
#9073 = LINE('',#9074,#9075);
#9074 = CARTESIAN_POINT('',(157.4,16.87804215769,36.847890638674));
#9075 = VECTOR('',#9076,1.);
#9076 = DIRECTION('',(0.,-0.707106781187,-0.707106781187));
#9077 = PCURVE('',#2326,#9078);
#9078 = DEFINITIONAL_REPRESENTATION('',(#9079),#9082);
#9079 = B_SPLINE_CURVE_WITH_KNOTS('',1,(#9080,#9081),.UNSPECIFIED.,.F.,
  .F.,(2,2),(-0.879581215819,1.220418784181),.PIECEWISE_BEZIER_KNOTS.);
#9080 = CARTESIAN_POINT('',(0.,-3.4));
#9081 = CARTESIAN_POINT('',(2.1,-3.4));
#9082 = ( GEOMETRIC_REPRESENTATION_CONTEXT(2) 
PARAMETRIC_REPRESENTATION_CONTEXT() REPRESENTATION_CONTEXT('2D SPACE',''
  ) );
#9083 = PCURVE('',#9032,#9084);
#9084 = DEFINITIONAL_REPRESENTATION('',(#9085),#9088);
#9085 = B_SPLINE_CURVE_WITH_KNOTS('',1,(#9086,#9087),.UNSPECIFIED.,.F.,
  .F.,(2,2),(-0.879581215819,1.220418784181),.PIECEWISE_BEZIER_KNOTS.);
#9086 = CARTESIAN_POINT('',(2.487831369239,-1.887379141863E-15));
#9087 = CARTESIAN_POINT('',(1.002907128747,1.484924240492));
#9088 = ( GEOMETRIC_REPRESENTATION_CONTEXT(2) 
PARAMETRIC_REPRESENTATION_CONTEXT() REPRESENTATION_CONTEXT('2D SPACE',''
  ) );
#9089 = ADVANCED_FACE('',(#9090),#2301,.F.);
#9090 = FACE_BOUND('',#9091,.T.);
#9091 = EDGE_LOOP('',(#9092,#9093,#9094,#9095));
#9092 = ORIENTED_EDGE('',*,*,#8996,.F.);
#9093 = ORIENTED_EDGE('',*,*,#2280,.T.);
#9094 = ORIENTED_EDGE('',*,*,#9046,.T.);
#9095 = ORIENTED_EDGE('',*,*,#9096,.F.);
#9096 = EDGE_CURVE('',#8997,#9047,#9097,.T.);
#9097 = SURFACE_CURVE('',#9098,(#9103,#9110),.PCURVE_S1.);
#9098 = CIRCLE('',#9099,2.1);
#9099 = AXIS2_PLACEMENT_3D('',#9100,#9101,#9102);
#9100 = CARTESIAN_POINT('',(157.4,17.5,34.5));
#9101 = DIRECTION('',(-1.,-0.,0.));
#9102 = DIRECTION('',(0.,-1.691768418476E-15,-1.));
#9103 = PCURVE('',#2301,#9104);
#9104 = DEFINITIONAL_REPRESENTATION('',(#9105),#9109);
#9105 = LINE('',#9106,#9107);
#9106 = CARTESIAN_POINT('',(-6.28318530718,-3.4));
#9107 = VECTOR('',#9108,1.);
#9108 = DIRECTION('',(1.,-0.));
#9109 = ( GEOMETRIC_REPRESENTATION_CONTEXT(2) 
PARAMETRIC_REPRESENTATION_CONTEXT() REPRESENTATION_CONTEXT('2D SPACE',''
  ) );
#9110 = PCURVE('',#9032,#9111);
#9111 = DEFINITIONAL_REPRESENTATION('',(#9112),#9120);
#9112 = ( BOUNDED_CURVE() B_SPLINE_CURVE(2,(#9113,#9114,#9115,#9116,
#9117,#9118,#9119),.UNSPECIFIED.,.T.,.F.) B_SPLINE_CURVE_WITH_KNOTS((1,2
    ,2,2,2,1),(-2.094395102393,0.,2.094395102393,4.188790204786,
6.28318530718,8.377580409573),.UNSPECIFIED.) CURVE() 
GEOMETRIC_REPRESENTATION_ITEM() RATIONAL_B_SPLINE_CURVE((1.,0.5,1.,0.5,
1.,0.5,1.)) REPRESENTATION_ITEM('') );
#9113 = CARTESIAN_POINT('',(-2.582017111745,-3.549874073495E-30));
#9114 = CARTESIAN_POINT('',(-2.582017111745,3.637306695895));
#9115 = CARTESIAN_POINT('',(0.567982888255,1.818653347947));
#9116 = CARTESIAN_POINT('',(3.717982888255,-1.014378938076E-14));
#9117 = CARTESIAN_POINT('',(0.567982888255,-1.818653347947));
#9118 = CARTESIAN_POINT('',(-2.582017111745,-3.637306695895));
#9119 = CARTESIAN_POINT('',(-2.582017111745,-3.549874073495E-30));
#9120 = ( GEOMETRIC_REPRESENTATION_CONTEXT(2) 
PARAMETRIC_REPRESENTATION_CONTEXT() REPRESENTATION_CONTEXT('2D SPACE',''
  ) );
#9121 = ADVANCED_FACE('',(#9122),#2380,.F.);
#9122 = FACE_BOUND('',#9123,.F.);
#9123 = EDGE_LOOP('',(#9124,#9125,#9126,#9127,#9128,#9129));
#9124 = ORIENTED_EDGE('',*,*,#7857,.F.);
#9125 = ORIENTED_EDGE('',*,*,#7888,.T.);
#9126 = ORIENTED_EDGE('',*,*,#7937,.T.);
#9127 = ORIENTED_EDGE('',*,*,#7986,.F.);
#9128 = ORIENTED_EDGE('',*,*,#8079,.F.);
#9129 = ORIENTED_EDGE('',*,*,#2365,.F.);
#9130 = ADVANCED_FACE('',(#9131),#2569,.F.);
#9131 = FACE_BOUND('',#9132,.T.);
#9132 = EDGE_LOOP('',(#9133,#9134,#9168,#9169));
#9133 = ORIENTED_EDGE('',*,*,#2555,.F.);
#9134 = ORIENTED_EDGE('',*,*,#9135,.T.);
#9135 = EDGE_CURVE('',#2530,#3861,#9136,.T.);
#9136 = SURFACE_CURVE('',#9137,(#9142,#9155),.PCURVE_S1.);
#9137 = ELLIPSE('',#9138,2.828427124746,2.);
#9138 = AXIS2_PLACEMENT_3D('',#9139,#9140,#9141);
#9139 = CARTESIAN_POINT('',(163.,36.,4.8));
#9140 = DIRECTION('',(-0.,0.707106781187,-0.707106781187));
#9141 = DIRECTION('',(0.,-0.707106781187,-0.707106781187));
#9142 = PCURVE('',#2569,#9143);
#9143 = DEFINITIONAL_REPRESENTATION('',(#9144),#9154);
#9144 = B_SPLINE_CURVE_WITH_KNOTS('',8,(#9145,#9146,#9147,#9148,#9149,
    #9150,#9151,#9152,#9153),.UNSPECIFIED.,.F.,.F.,(9,9),(0.,
    1.570796326795),.PIECEWISE_BEZIER_KNOTS.);
#9145 = CARTESIAN_POINT('',(-4.712388980385,-4.440892098501E-16));
#9146 = CARTESIAN_POINT('',(-4.516039439535,-4.440892098501E-16));
#9147 = CARTESIAN_POINT('',(-4.319689898687,-8.812155197211E-02));
#9148 = CARTESIAN_POINT('',(-4.123340357823,-0.26436390732));
#9149 = CARTESIAN_POINT('',(-3.926990816995,-0.521482498846));
#9150 = CARTESIAN_POINT('',(-3.730641276128,-0.844973477577));
#9151 = CARTESIAN_POINT('',(-3.53429173529,-1.214601743363));
#9152 = CARTESIAN_POINT('',(-3.337942194439,-1.607300918301));
#9153 = CARTESIAN_POINT('',(-3.14159265359,-2.));
#9154 = ( GEOMETRIC_REPRESENTATION_CONTEXT(2) 
PARAMETRIC_REPRESENTATION_CONTEXT() REPRESENTATION_CONTEXT('2D SPACE',''
  ) );
#9155 = PCURVE('',#3773,#9156);
#9156 = DEFINITIONAL_REPRESENTATION('',(#9157),#9167);
#9157 = B_SPLINE_CURVE_WITH_KNOTS('',8,(#9158,#9159,#9160,#9161,#9162,
    #9163,#9164,#9165,#9166),.UNSPECIFIED.,.F.,.F.,(9,9),(0.,
    1.570796326795),.PIECEWISE_BEZIER_KNOTS.);
#9158 = CARTESIAN_POINT('',(4.712388980385,-24.));
#9159 = CARTESIAN_POINT('',(4.516039439535,-24.));
#9160 = CARTESIAN_POINT('',(4.319689898689,-24.08812155195));
#9161 = CARTESIAN_POINT('',(4.123340357819,-24.2643639073));
#9162 = CARTESIAN_POINT('',(3.926990817006,-24.52148249873));
#9163 = CARTESIAN_POINT('',(3.730641276115,-24.84497347756));
#9164 = CARTESIAN_POINT('',(3.534291735291,-25.21460174334));
#9165 = CARTESIAN_POINT('',(3.337942194439,-25.6073009183));
#9166 = CARTESIAN_POINT('',(3.14159265359,-26.));
#9167 = ( GEOMETRIC_REPRESENTATION_CONTEXT(2) 
PARAMETRIC_REPRESENTATION_CONTEXT() REPRESENTATION_CONTEXT('2D SPACE',''
  ) );
#9168 = ORIENTED_EDGE('',*,*,#3860,.T.);
#9169 = ORIENTED_EDGE('',*,*,#8101,.T.);
#9170 = ADVANCED_FACE('',(#9171),#2544,.T.);
#9171 = FACE_BOUND('',#9172,.T.);
#9172 = EDGE_LOOP('',(#9173,#9194,#9195,#9216));
#9173 = ORIENTED_EDGE('',*,*,#9174,.T.);
#9174 = EDGE_CURVE('',#2507,#3536,#9175,.T.);
#9175 = SURFACE_CURVE('',#9176,(#9180,#9187),.PCURVE_S1.);
#9176 = LINE('',#9177,#9178);
#9177 = CARTESIAN_POINT('',(214.,10.,2.8));
#9178 = VECTOR('',#9179,1.);
#9179 = DIRECTION('',(0.,1.,0.));
#9180 = PCURVE('',#2544,#9181);
#9181 = DEFINITIONAL_REPRESENTATION('',(#9182),#9186);
#9182 = LINE('',#9183,#9184);
#9183 = CARTESIAN_POINT('',(59.,1.E-02));
#9184 = VECTOR('',#9185,1.);
#9185 = DIRECTION('',(0.,1.));
#9186 = ( GEOMETRIC_REPRESENTATION_CONTEXT(2) 
PARAMETRIC_REPRESENTATION_CONTEXT() REPRESENTATION_CONTEXT('2D SPACE',''
  ) );
#9187 = PCURVE('',#2628,#9188);
#9188 = DEFINITIONAL_REPRESENTATION('',(#9189),#9193);
#9189 = LINE('',#9190,#9191);
#9190 = CARTESIAN_POINT('',(4.712388980385,0.));
#9191 = VECTOR('',#9192,1.);
#9192 = DIRECTION('',(0.,-1.));
#9193 = ( GEOMETRIC_REPRESENTATION_CONTEXT(2) 
PARAMETRIC_REPRESENTATION_CONTEXT() REPRESENTATION_CONTEXT('2D SPACE',''
  ) );
#9194 = ORIENTED_EDGE('',*,*,#3622,.T.);
#9195 = ORIENTED_EDGE('',*,*,#9196,.F.);
#9196 = EDGE_CURVE('',#2530,#3598,#9197,.T.);
#9197 = SURFACE_CURVE('',#9198,(#9202,#9209),.PCURVE_S1.);
#9198 = LINE('',#9199,#9200);
#9199 = CARTESIAN_POINT('',(163.,10.,2.8));
#9200 = VECTOR('',#9201,1.);
#9201 = DIRECTION('',(0.,1.,0.));
#9202 = PCURVE('',#2544,#9203);
#9203 = DEFINITIONAL_REPRESENTATION('',(#9204),#9208);
#9204 = LINE('',#9205,#9206);
#9205 = CARTESIAN_POINT('',(8.,1.E-02));
#9206 = VECTOR('',#9207,1.);
#9207 = DIRECTION('',(0.,1.));
#9208 = ( GEOMETRIC_REPRESENTATION_CONTEXT(2) 
PARAMETRIC_REPRESENTATION_CONTEXT() REPRESENTATION_CONTEXT('2D SPACE',''
  ) );
#9209 = PCURVE('',#3773,#9210);
#9210 = DEFINITIONAL_REPRESENTATION('',(#9211),#9215);
#9211 = LINE('',#9212,#9213);
#9212 = CARTESIAN_POINT('',(4.712388980385,0.));
#9213 = VECTOR('',#9214,1.);
#9214 = DIRECTION('',(0.,-1.));
#9215 = ( GEOMETRIC_REPRESENTATION_CONTEXT(2) 
PARAMETRIC_REPRESENTATION_CONTEXT() REPRESENTATION_CONTEXT('2D SPACE',''
  ) );
#9216 = ORIENTED_EDGE('',*,*,#2529,.F.);
#9217 = ADVANCED_FACE('',(#9218),#2628,.F.);
#9218 = FACE_BOUND('',#9219,.F.);
#9219 = EDGE_LOOP('',(#9220,#9221,#9222,#9223));
#9220 = ORIENTED_EDGE('',*,*,#2652,.F.);
#9221 = ORIENTED_EDGE('',*,*,#2607,.T.);
#9222 = ORIENTED_EDGE('',*,*,#9174,.T.);
#9223 = ORIENTED_EDGE('',*,*,#3558,.T.);
#9224 = ADVANCED_FACE('',(#9225),#2713,.T.);
#9225 = FACE_BOUND('',#9226,.T.);
#9226 = EDGE_LOOP('',(#9227,#9228,#9249,#9250));
#9227 = ORIENTED_EDGE('',*,*,#2696,.T.);
#9228 = ORIENTED_EDGE('',*,*,#9229,.T.);
#9229 = EDGE_CURVE('',#2699,#4417,#9230,.T.);
#9230 = SURFACE_CURVE('',#9231,(#9235,#9242),.PCURVE_S1.);
#9231 = LINE('',#9232,#9233);
#9232 = CARTESIAN_POINT('',(215.,195.5405591591,12.540559159102));
#9233 = VECTOR('',#9234,1.);
#9234 = DIRECTION('',(1.,0.,0.));
#9235 = PCURVE('',#2713,#9236);
#9236 = DEFINITIONAL_REPRESENTATION('',(#9237),#9241);
#9237 = LINE('',#9238,#9239);
#9238 = CARTESIAN_POINT('',(0.,0.));
#9239 = VECTOR('',#9240,1.);
#9240 = DIRECTION('',(0.,-1.));
#9241 = ( GEOMETRIC_REPRESENTATION_CONTEXT(2) 
PARAMETRIC_REPRESENTATION_CONTEXT() REPRESENTATION_CONTEXT('2D SPACE',''
  ) );
#9242 = PCURVE('',#2745,#9243);
#9243 = DEFINITIONAL_REPRESENTATION('',(#9244),#9248);
#9244 = LINE('',#9245,#9246);
#9245 = CARTESIAN_POINT('',(-2.356194490192,0.));
#9246 = VECTOR('',#9247,1.);
#9247 = DIRECTION('',(-0.,-1.));
#9248 = ( GEOMETRIC_REPRESENTATION_CONTEXT(2) 
PARAMETRIC_REPRESENTATION_CONTEXT() REPRESENTATION_CONTEXT('2D SPACE',''
  ) );
#9249 = ORIENTED_EDGE('',*,*,#4414,.F.);
#9250 = ORIENTED_EDGE('',*,*,#9251,.F.);
#9251 = EDGE_CURVE('',#2697,#4415,#9252,.T.);
#9252 = SURFACE_CURVE('',#9253,(#9257,#9264),.PCURVE_S1.);
#9253 = LINE('',#9254,#9255);
#9254 = CARTESIAN_POINT('',(215.,192.5,15.581118318204));
#9255 = VECTOR('',#9256,1.);
#9256 = DIRECTION('',(1.,0.,0.));
#9257 = PCURVE('',#2713,#9258);
#9258 = DEFINITIONAL_REPRESENTATION('',(#9259),#9263);
#9259 = LINE('',#9260,#9261);
#9260 = CARTESIAN_POINT('',(4.3,0.));
#9261 = VECTOR('',#9262,1.);
#9262 = DIRECTION('',(0.,-1.));
#9263 = ( GEOMETRIC_REPRESENTATION_CONTEXT(2) 
PARAMETRIC_REPRESENTATION_CONTEXT() REPRESENTATION_CONTEXT('2D SPACE',''
  ) );
#9264 = PCURVE('',#2770,#9265);
#9265 = DEFINITIONAL_REPRESENTATION('',(#9266),#9270);
#9266 = LINE('',#9267,#9268);
#9267 = CARTESIAN_POINT('',(0.,0.));
#9268 = VECTOR('',#9269,1.);
#9269 = DIRECTION('',(0.,-1.));
#9270 = ( GEOMETRIC_REPRESENTATION_CONTEXT(2) 
PARAMETRIC_REPRESENTATION_CONTEXT() REPRESENTATION_CONTEXT('2D SPACE',''
  ) );
#9271 = ADVANCED_FACE('',(#9272),#2770,.T.);
#9272 = FACE_BOUND('',#9273,.T.);
#9273 = EDGE_LOOP('',(#9274,#9275,#9276,#9277));
#9274 = ORIENTED_EDGE('',*,*,#2757,.T.);
#9275 = ORIENTED_EDGE('',*,*,#9251,.T.);
#9276 = ORIENTED_EDGE('',*,*,#4465,.F.);
#9277 = ORIENTED_EDGE('',*,*,#9278,.F.);
#9278 = EDGE_CURVE('',#2725,#4438,#9279,.T.);
#9279 = SURFACE_CURVE('',#9280,(#9284,#9291),.PCURVE_S1.);
#9280 = LINE('',#9281,#9282);
#9281 = CARTESIAN_POINT('',(215.,189.45944084089,12.540559159102));
#9282 = VECTOR('',#9283,1.);
#9283 = DIRECTION('',(1.,0.,0.));
#9284 = PCURVE('',#2770,#9285);
#9285 = DEFINITIONAL_REPRESENTATION('',(#9286),#9290);
#9286 = LINE('',#9287,#9288);
#9287 = CARTESIAN_POINT('',(4.3,0.));
#9288 = VECTOR('',#9289,1.);
#9289 = DIRECTION('',(0.,-1.));
#9290 = ( GEOMETRIC_REPRESENTATION_CONTEXT(2) 
PARAMETRIC_REPRESENTATION_CONTEXT() REPRESENTATION_CONTEXT('2D SPACE',''
  ) );
#9291 = PCURVE('',#2745,#9292);
#9292 = DEFINITIONAL_REPRESENTATION('',(#9293),#9297);
#9293 = LINE('',#9294,#9295);
#9294 = CARTESIAN_POINT('',(2.356194490192,-0.));
#9295 = VECTOR('',#9296,1.);
#9296 = DIRECTION('',(-0.,-1.));
#9297 = ( GEOMETRIC_REPRESENTATION_CONTEXT(2) 
PARAMETRIC_REPRESENTATION_CONTEXT() REPRESENTATION_CONTEXT('2D SPACE',''
  ) );
#9298 = ADVANCED_FACE('',(#9299),#2745,.F.);
#9299 = FACE_BOUND('',#9300,.T.);
#9300 = EDGE_LOOP('',(#9301,#9302,#9303,#9304));
#9301 = ORIENTED_EDGE('',*,*,#9229,.F.);
#9302 = ORIENTED_EDGE('',*,*,#2724,.T.);
#9303 = ORIENTED_EDGE('',*,*,#9278,.T.);
#9304 = ORIENTED_EDGE('',*,*,#4437,.F.);
#9305 = ADVANCED_FACE('',(#9306),#2800,.T.);
#9306 = FACE_BOUND('',#9307,.T.);
#9307 = EDGE_LOOP('',(#9308,#9309,#9330,#9331));
#9308 = ORIENTED_EDGE('',*,*,#2783,.T.);
#9309 = ORIENTED_EDGE('',*,*,#9310,.T.);
#9310 = EDGE_CURVE('',#2786,#4575,#9311,.T.);
#9311 = SURFACE_CURVE('',#9312,(#9316,#9323),.PCURVE_S1.);
#9312 = LINE('',#9313,#9314);
#9313 = CARTESIAN_POINT('',(215.,151.82132034356,5.2));
#9314 = VECTOR('',#9315,1.);
#9315 = DIRECTION('',(1.,0.,0.));
#9316 = PCURVE('',#2800,#9317);
#9317 = DEFINITIONAL_REPRESENTATION('',(#9318),#9322);
#9318 = LINE('',#9319,#9320);
#9319 = CARTESIAN_POINT('',(0.,0.));
#9320 = VECTOR('',#9321,1.);
#9321 = DIRECTION('',(0.,-1.));
#9322 = ( GEOMETRIC_REPRESENTATION_CONTEXT(2) 
PARAMETRIC_REPRESENTATION_CONTEXT() REPRESENTATION_CONTEXT('2D SPACE',''
  ) );
#9323 = PCURVE('',#2826,#9324);
#9324 = DEFINITIONAL_REPRESENTATION('',(#9325),#9329);
#9325 = LINE('',#9326,#9327);
#9326 = CARTESIAN_POINT('',(26.957359312881,0.));
#9327 = VECTOR('',#9328,1.);
#9328 = DIRECTION('',(0.,-1.));
#9329 = ( GEOMETRIC_REPRESENTATION_CONTEXT(2) 
PARAMETRIC_REPRESENTATION_CONTEXT() REPRESENTATION_CONTEXT('2D SPACE',''
  ) );
#9330 = ORIENTED_EDGE('',*,*,#4572,.F.);
#9331 = ORIENTED_EDGE('',*,*,#9332,.F.);
#9332 = EDGE_CURVE('',#2784,#4573,#9333,.T.);
#9333 = SURFACE_CURVE('',#9334,(#9338,#9345),.PCURVE_S1.);
#9334 = LINE('',#9335,#9336);
#9335 = CARTESIAN_POINT('',(215.,138.34264068711,18.67867965644));
#9336 = VECTOR('',#9337,1.);
#9337 = DIRECTION('',(1.,0.,0.));
#9338 = PCURVE('',#2800,#9339);
#9339 = DEFINITIONAL_REPRESENTATION('',(#9340),#9344);
#9340 = LINE('',#9341,#9342);
#9341 = CARTESIAN_POINT('',(19.06173157302,0.));
#9342 = VECTOR('',#9343,1.);
#9343 = DIRECTION('',(0.,-1.));
#9344 = ( GEOMETRIC_REPRESENTATION_CONTEXT(2) 
PARAMETRIC_REPRESENTATION_CONTEXT() REPRESENTATION_CONTEXT('2D SPACE',''
  ) );
#9345 = PCURVE('',#2850,#9346);
#9346 = DEFINITIONAL_REPRESENTATION('',(#9347),#9351);
#9347 = LINE('',#9348,#9349);
#9348 = CARTESIAN_POINT('',(0.,0.));
#9349 = VECTOR('',#9350,1.);
#9350 = DIRECTION('',(0.,-1.));
#9351 = ( GEOMETRIC_REPRESENTATION_CONTEXT(2) 
PARAMETRIC_REPRESENTATION_CONTEXT() REPRESENTATION_CONTEXT('2D SPACE',''
  ) );
#9352 = ADVANCED_FACE('',(#9353),#2850,.T.);
#9353 = FACE_BOUND('',#9354,.T.);
#9354 = EDGE_LOOP('',(#9355,#9356,#9357,#9358));
#9355 = ORIENTED_EDGE('',*,*,#2837,.T.);
#9356 = ORIENTED_EDGE('',*,*,#9332,.T.);
#9357 = ORIENTED_EDGE('',*,*,#4616,.F.);
#9358 = ORIENTED_EDGE('',*,*,#9359,.F.);
#9359 = EDGE_CURVE('',#2812,#4596,#9360,.T.);
#9360 = SURFACE_CURVE('',#9361,(#9365,#9372),.PCURVE_S1.);
#9361 = LINE('',#9362,#9363);
#9362 = CARTESIAN_POINT('',(215.,124.86396103067,5.2));
#9363 = VECTOR('',#9364,1.);
#9364 = DIRECTION('',(1.,0.,0.));
#9365 = PCURVE('',#2850,#9366);
#9366 = DEFINITIONAL_REPRESENTATION('',(#9367),#9371);
#9367 = LINE('',#9368,#9369);
#9368 = CARTESIAN_POINT('',(19.06173157302,0.));
#9369 = VECTOR('',#9370,1.);
#9370 = DIRECTION('',(0.,-1.));
#9371 = ( GEOMETRIC_REPRESENTATION_CONTEXT(2) 
PARAMETRIC_REPRESENTATION_CONTEXT() REPRESENTATION_CONTEXT('2D SPACE',''
  ) );
#9372 = PCURVE('',#2826,#9373);
#9373 = DEFINITIONAL_REPRESENTATION('',(#9374),#9378);
#9374 = LINE('',#9375,#9376);
#9375 = CARTESIAN_POINT('',(0.,0.));
#9376 = VECTOR('',#9377,1.);
#9377 = DIRECTION('',(0.,-1.));
#9378 = ( GEOMETRIC_REPRESENTATION_CONTEXT(2) 
PARAMETRIC_REPRESENTATION_CONTEXT() REPRESENTATION_CONTEXT('2D SPACE',''
  ) );
#9379 = ADVANCED_FACE('',(#9380),#2826,.T.);
#9380 = FACE_BOUND('',#9381,.T.);
#9381 = EDGE_LOOP('',(#9382,#9383,#9384,#9385));
#9382 = ORIENTED_EDGE('',*,*,#2811,.T.);
#9383 = ORIENTED_EDGE('',*,*,#9359,.T.);
#9384 = ORIENTED_EDGE('',*,*,#4595,.F.);
#9385 = ORIENTED_EDGE('',*,*,#9310,.F.);
#9386 = ADVANCED_FACE('',(#9387),#2880,.T.);
#9387 = FACE_BOUND('',#9388,.T.);
#9388 = EDGE_LOOP('',(#9389,#9390,#9411,#9412));
#9389 = ORIENTED_EDGE('',*,*,#2863,.T.);
#9390 = ORIENTED_EDGE('',*,*,#9391,.T.);
#9391 = EDGE_CURVE('',#2866,#4489,#9392,.T.);
#9392 = SURFACE_CURVE('',#9393,(#9397,#9404),.PCURVE_S1.);
#9393 = LINE('',#9394,#9395);
#9394 = CARTESIAN_POINT('',(215.,155.46396103067,5.8));
#9395 = VECTOR('',#9396,1.);
#9396 = DIRECTION('',(1.,0.,0.));
#9397 = PCURVE('',#2880,#9398);
#9398 = DEFINITIONAL_REPRESENTATION('',(#9399),#9403);
#9399 = LINE('',#9400,#9401);
#9400 = CARTESIAN_POINT('',(0.,0.));
#9401 = VECTOR('',#9402,1.);
#9402 = DIRECTION('',(0.,-1.));
#9403 = ( GEOMETRIC_REPRESENTATION_CONTEXT(2) 
PARAMETRIC_REPRESENTATION_CONTEXT() REPRESENTATION_CONTEXT('2D SPACE',''
  ) );
#9404 = PCURVE('',#2906,#9405);
#9405 = DEFINITIONAL_REPRESENTATION('',(#9406),#9410);
#9406 = LINE('',#9407,#9408);
#9407 = CARTESIAN_POINT('',(21.213203435596,0.));
#9408 = VECTOR('',#9409,1.);
#9409 = DIRECTION('',(0.,-1.));
#9410 = ( GEOMETRIC_REPRESENTATION_CONTEXT(2) 
PARAMETRIC_REPRESENTATION_CONTEXT() REPRESENTATION_CONTEXT('2D SPACE',''
  ) );
#9411 = ORIENTED_EDGE('',*,*,#4486,.F.);
#9412 = ORIENTED_EDGE('',*,*,#9413,.F.);
#9413 = EDGE_CURVE('',#2864,#4487,#9414,.T.);
#9414 = SURFACE_CURVE('',#9415,(#9419,#9426),.PCURVE_S1.);
#9415 = LINE('',#9416,#9417);
#9416 = CARTESIAN_POINT('',(215.,170.46396103067,20.8));
#9417 = VECTOR('',#9418,1.);
#9418 = DIRECTION('',(1.,0.,0.));
#9419 = PCURVE('',#2880,#9420);
#9420 = DEFINITIONAL_REPRESENTATION('',(#9421),#9425);
#9421 = LINE('',#9422,#9423);
#9422 = CARTESIAN_POINT('',(21.213203435596,0.));
#9423 = VECTOR('',#9424,1.);
#9424 = DIRECTION('',(0.,-1.));
#9425 = ( GEOMETRIC_REPRESENTATION_CONTEXT(2) 
PARAMETRIC_REPRESENTATION_CONTEXT() REPRESENTATION_CONTEXT('2D SPACE',''
  ) );
#9426 = PCURVE('',#2956,#9427);
#9427 = DEFINITIONAL_REPRESENTATION('',(#9428),#9432);
#9428 = LINE('',#9429,#9430);
#9429 = CARTESIAN_POINT('',(0.,0.));
#9430 = VECTOR('',#9431,1.);
#9431 = DIRECTION('',(0.,-1.));
#9432 = ( GEOMETRIC_REPRESENTATION_CONTEXT(2) 
PARAMETRIC_REPRESENTATION_CONTEXT() REPRESENTATION_CONTEXT('2D SPACE',''
  ) );
#9433 = ADVANCED_FACE('',(#9434),#2956,.T.);
#9434 = FACE_BOUND('',#9435,.T.);
#9435 = EDGE_LOOP('',(#9436,#9437,#9438,#9439));
#9436 = ORIENTED_EDGE('',*,*,#2943,.T.);
#9437 = ORIENTED_EDGE('',*,*,#9413,.T.);
#9438 = ORIENTED_EDGE('',*,*,#4551,.F.);
#9439 = ORIENTED_EDGE('',*,*,#9440,.F.);
#9440 = EDGE_CURVE('',#2918,#4531,#9441,.T.);
#9441 = SURFACE_CURVE('',#9442,(#9446,#9453),.PCURVE_S1.);
#9442 = LINE('',#9443,#9444);
#9443 = CARTESIAN_POINT('',(215.,155.46396103067,35.8));
#9444 = VECTOR('',#9445,1.);
#9445 = DIRECTION('',(1.,0.,0.));
#9446 = PCURVE('',#2956,#9447);
#9447 = DEFINITIONAL_REPRESENTATION('',(#9448),#9452);
#9448 = LINE('',#9449,#9450);
#9449 = CARTESIAN_POINT('',(21.213203435596,0.));
#9450 = VECTOR('',#9451,1.);
#9451 = DIRECTION('',(0.,-1.));
#9452 = ( GEOMETRIC_REPRESENTATION_CONTEXT(2) 
PARAMETRIC_REPRESENTATION_CONTEXT() REPRESENTATION_CONTEXT('2D SPACE',''
  ) );
#9453 = PCURVE('',#2932,#9454);
#9454 = DEFINITIONAL_REPRESENTATION('',(#9455),#9459);
#9455 = LINE('',#9456,#9457);
#9456 = CARTESIAN_POINT('',(0.,0.));
#9457 = VECTOR('',#9458,1.);
#9458 = DIRECTION('',(0.,-1.));
#9459 = ( GEOMETRIC_REPRESENTATION_CONTEXT(2) 
PARAMETRIC_REPRESENTATION_CONTEXT() REPRESENTATION_CONTEXT('2D SPACE',''
  ) );
#9460 = ADVANCED_FACE('',(#9461),#2906,.T.);
#9461 = FACE_BOUND('',#9462,.T.);
#9462 = EDGE_LOOP('',(#9463,#9464,#9485,#9486));
#9463 = ORIENTED_EDGE('',*,*,#2891,.T.);
#9464 = ORIENTED_EDGE('',*,*,#9465,.T.);
#9465 = EDGE_CURVE('',#2892,#4510,#9466,.T.);
#9466 = SURFACE_CURVE('',#9467,(#9471,#9478),.PCURVE_S1.);
#9467 = LINE('',#9468,#9469);
#9468 = CARTESIAN_POINT('',(215.,140.46396103067,20.8));
#9469 = VECTOR('',#9470,1.);
#9470 = DIRECTION('',(1.,0.,0.));
#9471 = PCURVE('',#2906,#9472);
#9472 = DEFINITIONAL_REPRESENTATION('',(#9473),#9477);
#9473 = LINE('',#9474,#9475);
#9474 = CARTESIAN_POINT('',(0.,0.));
#9475 = VECTOR('',#9476,1.);
#9476 = DIRECTION('',(0.,-1.));
#9477 = ( GEOMETRIC_REPRESENTATION_CONTEXT(2) 
PARAMETRIC_REPRESENTATION_CONTEXT() REPRESENTATION_CONTEXT('2D SPACE',''
  ) );
#9478 = PCURVE('',#2932,#9479);
#9479 = DEFINITIONAL_REPRESENTATION('',(#9480),#9484);
#9480 = LINE('',#9481,#9482);
#9481 = CARTESIAN_POINT('',(21.213203435596,0.));
#9482 = VECTOR('',#9483,1.);
#9483 = DIRECTION('',(0.,-1.));
#9484 = ( GEOMETRIC_REPRESENTATION_CONTEXT(2) 
PARAMETRIC_REPRESENTATION_CONTEXT() REPRESENTATION_CONTEXT('2D SPACE',''
  ) );
#9485 = ORIENTED_EDGE('',*,*,#4509,.F.);
#9486 = ORIENTED_EDGE('',*,*,#9391,.F.);
#9487 = ADVANCED_FACE('',(#9488),#2932,.T.);
#9488 = FACE_BOUND('',#9489,.T.);
#9489 = EDGE_LOOP('',(#9490,#9491,#9492,#9493));
#9490 = ORIENTED_EDGE('',*,*,#2917,.T.);
#9491 = ORIENTED_EDGE('',*,*,#9440,.T.);
#9492 = ORIENTED_EDGE('',*,*,#4530,.F.);
#9493 = ORIENTED_EDGE('',*,*,#9465,.F.);
#9494 = ADVANCED_FACE('',(#9495),#2986,.T.);
#9495 = FACE_BOUND('',#9496,.T.);
#9496 = EDGE_LOOP('',(#9497,#9498,#9519,#9520));
#9497 = ORIENTED_EDGE('',*,*,#2969,.T.);
#9498 = ORIENTED_EDGE('',*,*,#9499,.T.);
#9499 = EDGE_CURVE('',#2972,#4640,#9500,.T.);
#9500 = SURFACE_CURVE('',#9501,(#9505,#9512),.PCURVE_S1.);
#9501 = LINE('',#9502,#9503);
#9502 = CARTESIAN_POINT('',(215.,121.22132034356,5.8));
#9503 = VECTOR('',#9504,1.);
#9504 = DIRECTION('',(1.,0.,0.));
#9505 = PCURVE('',#2986,#9506);
#9506 = DEFINITIONAL_REPRESENTATION('',(#9507),#9511);
#9507 = LINE('',#9508,#9509);
#9508 = CARTESIAN_POINT('',(0.,0.));
#9509 = VECTOR('',#9510,1.);
#9510 = DIRECTION('',(0.,-1.));
#9511 = ( GEOMETRIC_REPRESENTATION_CONTEXT(2) 
PARAMETRIC_REPRESENTATION_CONTEXT() REPRESENTATION_CONTEXT('2D SPACE',''
  ) );
#9512 = PCURVE('',#3012,#9513);
#9513 = DEFINITIONAL_REPRESENTATION('',(#9514),#9518);
#9514 = LINE('',#9515,#9516);
#9515 = CARTESIAN_POINT('',(21.213203435596,0.));
#9516 = VECTOR('',#9517,1.);
#9517 = DIRECTION('',(0.,-1.));
#9518 = ( GEOMETRIC_REPRESENTATION_CONTEXT(2) 
PARAMETRIC_REPRESENTATION_CONTEXT() REPRESENTATION_CONTEXT('2D SPACE',''
  ) );
#9519 = ORIENTED_EDGE('',*,*,#4637,.F.);
#9520 = ORIENTED_EDGE('',*,*,#9521,.F.);
#9521 = EDGE_CURVE('',#2970,#4638,#9522,.T.);
#9522 = SURFACE_CURVE('',#9523,(#9527,#9534),.PCURVE_S1.);
#9523 = LINE('',#9524,#9525);
#9524 = CARTESIAN_POINT('',(215.,136.22132034356,20.8));
#9525 = VECTOR('',#9526,1.);
#9526 = DIRECTION('',(1.,0.,0.));
#9527 = PCURVE('',#2986,#9528);
#9528 = DEFINITIONAL_REPRESENTATION('',(#9529),#9533);
#9529 = LINE('',#9530,#9531);
#9530 = CARTESIAN_POINT('',(21.213203435596,0.));
#9531 = VECTOR('',#9532,1.);
#9532 = DIRECTION('',(0.,-1.));
#9533 = ( GEOMETRIC_REPRESENTATION_CONTEXT(2) 
PARAMETRIC_REPRESENTATION_CONTEXT() REPRESENTATION_CONTEXT('2D SPACE',''
  ) );
#9534 = PCURVE('',#3062,#9535);
#9535 = DEFINITIONAL_REPRESENTATION('',(#9536),#9540);
#9536 = LINE('',#9537,#9538);
#9537 = CARTESIAN_POINT('',(0.,0.));
#9538 = VECTOR('',#9539,1.);
#9539 = DIRECTION('',(0.,-1.));
#9540 = ( GEOMETRIC_REPRESENTATION_CONTEXT(2) 
PARAMETRIC_REPRESENTATION_CONTEXT() REPRESENTATION_CONTEXT('2D SPACE',''
  ) );
#9541 = ADVANCED_FACE('',(#9542),#3062,.T.);
#9542 = FACE_BOUND('',#9543,.T.);
#9543 = EDGE_LOOP('',(#9544,#9545,#9546,#9547));
#9544 = ORIENTED_EDGE('',*,*,#3049,.T.);
#9545 = ORIENTED_EDGE('',*,*,#9521,.T.);
#9546 = ORIENTED_EDGE('',*,*,#4702,.F.);
#9547 = ORIENTED_EDGE('',*,*,#9548,.F.);
#9548 = EDGE_CURVE('',#3024,#4682,#9549,.T.);
#9549 = SURFACE_CURVE('',#9550,(#9554,#9561),.PCURVE_S1.);
#9550 = LINE('',#9551,#9552);
#9551 = CARTESIAN_POINT('',(215.,121.22132034356,35.8));
#9552 = VECTOR('',#9553,1.);
#9553 = DIRECTION('',(1.,0.,0.));
#9554 = PCURVE('',#3062,#9555);
#9555 = DEFINITIONAL_REPRESENTATION('',(#9556),#9560);
#9556 = LINE('',#9557,#9558);
#9557 = CARTESIAN_POINT('',(21.213203435596,0.));
#9558 = VECTOR('',#9559,1.);
#9559 = DIRECTION('',(0.,-1.));
#9560 = ( GEOMETRIC_REPRESENTATION_CONTEXT(2) 
PARAMETRIC_REPRESENTATION_CONTEXT() REPRESENTATION_CONTEXT('2D SPACE',''
  ) );
#9561 = PCURVE('',#3038,#9562);
#9562 = DEFINITIONAL_REPRESENTATION('',(#9563),#9567);
#9563 = LINE('',#9564,#9565);
#9564 = CARTESIAN_POINT('',(0.,0.));
#9565 = VECTOR('',#9566,1.);
#9566 = DIRECTION('',(0.,-1.));
#9567 = ( GEOMETRIC_REPRESENTATION_CONTEXT(2) 
PARAMETRIC_REPRESENTATION_CONTEXT() REPRESENTATION_CONTEXT('2D SPACE',''
  ) );
#9568 = ADVANCED_FACE('',(#9569),#3012,.T.);
#9569 = FACE_BOUND('',#9570,.T.);
#9570 = EDGE_LOOP('',(#9571,#9572,#9593,#9594));
#9571 = ORIENTED_EDGE('',*,*,#2997,.T.);
#9572 = ORIENTED_EDGE('',*,*,#9573,.T.);
#9573 = EDGE_CURVE('',#2998,#4661,#9574,.T.);
#9574 = SURFACE_CURVE('',#9575,(#9579,#9586),.PCURVE_S1.);
#9575 = LINE('',#9576,#9577);
#9576 = CARTESIAN_POINT('',(215.,106.22132034356,20.8));
#9577 = VECTOR('',#9578,1.);
#9578 = DIRECTION('',(1.,0.,0.));
#9579 = PCURVE('',#3012,#9580);
#9580 = DEFINITIONAL_REPRESENTATION('',(#9581),#9585);
#9581 = LINE('',#9582,#9583);
#9582 = CARTESIAN_POINT('',(0.,0.));
#9583 = VECTOR('',#9584,1.);
#9584 = DIRECTION('',(0.,-1.));
#9585 = ( GEOMETRIC_REPRESENTATION_CONTEXT(2) 
PARAMETRIC_REPRESENTATION_CONTEXT() REPRESENTATION_CONTEXT('2D SPACE',''
  ) );
#9586 = PCURVE('',#3038,#9587);
#9587 = DEFINITIONAL_REPRESENTATION('',(#9588),#9592);
#9588 = LINE('',#9589,#9590);
#9589 = CARTESIAN_POINT('',(21.213203435596,0.));
#9590 = VECTOR('',#9591,1.);
#9591 = DIRECTION('',(0.,-1.));
#9592 = ( GEOMETRIC_REPRESENTATION_CONTEXT(2) 
PARAMETRIC_REPRESENTATION_CONTEXT() REPRESENTATION_CONTEXT('2D SPACE',''
  ) );
#9593 = ORIENTED_EDGE('',*,*,#4660,.F.);
#9594 = ORIENTED_EDGE('',*,*,#9499,.F.);
#9595 = ADVANCED_FACE('',(#9596),#3038,.T.);
#9596 = FACE_BOUND('',#9597,.T.);
#9597 = EDGE_LOOP('',(#9598,#9599,#9600,#9601));
#9598 = ORIENTED_EDGE('',*,*,#3023,.T.);
#9599 = ORIENTED_EDGE('',*,*,#9548,.T.);
#9600 = ORIENTED_EDGE('',*,*,#4681,.F.);
#9601 = ORIENTED_EDGE('',*,*,#9573,.F.);
#9602 = ADVANCED_FACE('',(#9603),#3092,.T.);
#9603 = FACE_BOUND('',#9604,.T.);
#9604 = EDGE_LOOP('',(#9605,#9606,#9627,#9628));
#9605 = ORIENTED_EDGE('',*,*,#3075,.T.);
#9606 = ORIENTED_EDGE('',*,*,#9607,.T.);
#9607 = EDGE_CURVE('',#3078,#4726,#9608,.T.);
#9608 = SURFACE_CURVE('',#9609,(#9613,#9620),.PCURVE_S1.);
#9609 = LINE('',#9610,#9611);
#9610 = CARTESIAN_POINT('',(215.,195.5405591591,37.540559159102));
#9611 = VECTOR('',#9612,1.);
#9612 = DIRECTION('',(1.,0.,0.));
#9613 = PCURVE('',#3092,#9614);
#9614 = DEFINITIONAL_REPRESENTATION('',(#9615),#9619);
#9615 = LINE('',#9616,#9617);
#9616 = CARTESIAN_POINT('',(0.,0.));
#9617 = VECTOR('',#9618,1.);
#9618 = DIRECTION('',(0.,-1.));
#9619 = ( GEOMETRIC_REPRESENTATION_CONTEXT(2) 
PARAMETRIC_REPRESENTATION_CONTEXT() REPRESENTATION_CONTEXT('2D SPACE',''
  ) );
#9620 = PCURVE('',#3124,#9621);
#9621 = DEFINITIONAL_REPRESENTATION('',(#9622),#9626);
#9622 = LINE('',#9623,#9624);
#9623 = CARTESIAN_POINT('',(-2.356194490192,0.));
#9624 = VECTOR('',#9625,1.);
#9625 = DIRECTION('',(-0.,-1.));
#9626 = ( GEOMETRIC_REPRESENTATION_CONTEXT(2) 
PARAMETRIC_REPRESENTATION_CONTEXT() REPRESENTATION_CONTEXT('2D SPACE',''
  ) );
#9627 = ORIENTED_EDGE('',*,*,#4723,.F.);
#9628 = ORIENTED_EDGE('',*,*,#9629,.F.);
#9629 = EDGE_CURVE('',#3076,#4724,#9630,.T.);
#9630 = SURFACE_CURVE('',#9631,(#9635,#9642),.PCURVE_S1.);
#9631 = LINE('',#9632,#9633);
#9632 = CARTESIAN_POINT('',(215.,192.5,40.581118318204));
#9633 = VECTOR('',#9634,1.);
#9634 = DIRECTION('',(1.,0.,0.));
#9635 = PCURVE('',#3092,#9636);
#9636 = DEFINITIONAL_REPRESENTATION('',(#9637),#9641);
#9637 = LINE('',#9638,#9639);
#9638 = CARTESIAN_POINT('',(4.3,0.));
#9639 = VECTOR('',#9640,1.);
#9640 = DIRECTION('',(0.,-1.));
#9641 = ( GEOMETRIC_REPRESENTATION_CONTEXT(2) 
PARAMETRIC_REPRESENTATION_CONTEXT() REPRESENTATION_CONTEXT('2D SPACE',''
  ) );
#9642 = PCURVE('',#3149,#9643);
#9643 = DEFINITIONAL_REPRESENTATION('',(#9644),#9648);
#9644 = LINE('',#9645,#9646);
#9645 = CARTESIAN_POINT('',(0.,0.));
#9646 = VECTOR('',#9647,1.);
#9647 = DIRECTION('',(0.,-1.));
#9648 = ( GEOMETRIC_REPRESENTATION_CONTEXT(2) 
PARAMETRIC_REPRESENTATION_CONTEXT() REPRESENTATION_CONTEXT('2D SPACE',''
  ) );
#9649 = ADVANCED_FACE('',(#9650),#3149,.T.);
#9650 = FACE_BOUND('',#9651,.T.);
#9651 = EDGE_LOOP('',(#9652,#9653,#9654,#9655));
#9652 = ORIENTED_EDGE('',*,*,#3136,.T.);
#9653 = ORIENTED_EDGE('',*,*,#9629,.T.);
#9654 = ORIENTED_EDGE('',*,*,#4774,.F.);
#9655 = ORIENTED_EDGE('',*,*,#9656,.F.);
#9656 = EDGE_CURVE('',#3104,#4747,#9657,.T.);
#9657 = SURFACE_CURVE('',#9658,(#9662,#9669),.PCURVE_S1.);
#9658 = LINE('',#9659,#9660);
#9659 = CARTESIAN_POINT('',(215.,189.45944084089,37.540559159102));
#9660 = VECTOR('',#9661,1.);
#9661 = DIRECTION('',(1.,0.,0.));
#9662 = PCURVE('',#3149,#9663);
#9663 = DEFINITIONAL_REPRESENTATION('',(#9664),#9668);
#9664 = LINE('',#9665,#9666);
#9665 = CARTESIAN_POINT('',(4.3,0.));
#9666 = VECTOR('',#9667,1.);
#9667 = DIRECTION('',(0.,-1.));
#9668 = ( GEOMETRIC_REPRESENTATION_CONTEXT(2) 
PARAMETRIC_REPRESENTATION_CONTEXT() REPRESENTATION_CONTEXT('2D SPACE',''
  ) );
#9669 = PCURVE('',#3124,#9670);
#9670 = DEFINITIONAL_REPRESENTATION('',(#9671),#9675);
#9671 = LINE('',#9672,#9673);
#9672 = CARTESIAN_POINT('',(2.356194490192,-0.));
#9673 = VECTOR('',#9674,1.);
#9674 = DIRECTION('',(-0.,-1.));
#9675 = ( GEOMETRIC_REPRESENTATION_CONTEXT(2) 
PARAMETRIC_REPRESENTATION_CONTEXT() REPRESENTATION_CONTEXT('2D SPACE',''
  ) );
#9676 = ADVANCED_FACE('',(#9677),#3124,.F.);
#9677 = FACE_BOUND('',#9678,.T.);
#9678 = EDGE_LOOP('',(#9679,#9680,#9681,#9682));
#9679 = ORIENTED_EDGE('',*,*,#9607,.F.);
#9680 = ORIENTED_EDGE('',*,*,#3103,.T.);
#9681 = ORIENTED_EDGE('',*,*,#9656,.T.);
#9682 = ORIENTED_EDGE('',*,*,#4746,.F.);
#9683 = ADVANCED_FACE('',(#9684),#3179,.T.);
#9684 = FACE_BOUND('',#9685,.T.);
#9685 = EDGE_LOOP('',(#9686,#9687,#9708,#9709));
#9686 = ORIENTED_EDGE('',*,*,#3162,.T.);
#9687 = ORIENTED_EDGE('',*,*,#9688,.T.);
#9688 = EDGE_CURVE('',#3165,#4798,#9689,.T.);
#9689 = SURFACE_CURVE('',#9690,(#9694,#9701),.PCURVE_S1.);
#9690 = LINE('',#9691,#9692);
#9691 = CARTESIAN_POINT('',(215.,117.57867965644,5.2));
#9692 = VECTOR('',#9693,1.);
#9693 = DIRECTION('',(1.,0.,0.));
#9694 = PCURVE('',#3179,#9695);
#9695 = DEFINITIONAL_REPRESENTATION('',(#9696),#9700);
#9696 = LINE('',#9697,#9698);
#9697 = CARTESIAN_POINT('',(0.,0.));
#9698 = VECTOR('',#9699,1.);
#9699 = DIRECTION('',(0.,-1.));
#9700 = ( GEOMETRIC_REPRESENTATION_CONTEXT(2) 
PARAMETRIC_REPRESENTATION_CONTEXT() REPRESENTATION_CONTEXT('2D SPACE',''
  ) );
#9701 = PCURVE('',#3205,#9702);
#9702 = DEFINITIONAL_REPRESENTATION('',(#9703),#9707);
#9703 = LINE('',#9704,#9705);
#9704 = CARTESIAN_POINT('',(26.957359312881,0.));
#9705 = VECTOR('',#9706,1.);
#9706 = DIRECTION('',(0.,-1.));
#9707 = ( GEOMETRIC_REPRESENTATION_CONTEXT(2) 
PARAMETRIC_REPRESENTATION_CONTEXT() REPRESENTATION_CONTEXT('2D SPACE',''
  ) );
#9708 = ORIENTED_EDGE('',*,*,#4795,.F.);
#9709 = ORIENTED_EDGE('',*,*,#9710,.F.);
#9710 = EDGE_CURVE('',#3163,#4796,#9711,.T.);
#9711 = SURFACE_CURVE('',#9712,(#9716,#9723),.PCURVE_S1.);
#9712 = LINE('',#9713,#9714);
#9713 = CARTESIAN_POINT('',(215.,104.1,18.67867965644));
#9714 = VECTOR('',#9715,1.);
#9715 = DIRECTION('',(1.,0.,0.));
#9716 = PCURVE('',#3179,#9717);
#9717 = DEFINITIONAL_REPRESENTATION('',(#9718),#9722);
#9718 = LINE('',#9719,#9720);
#9719 = CARTESIAN_POINT('',(19.06173157302,0.));
#9720 = VECTOR('',#9721,1.);
#9721 = DIRECTION('',(0.,-1.));
#9722 = ( GEOMETRIC_REPRESENTATION_CONTEXT(2) 
PARAMETRIC_REPRESENTATION_CONTEXT() REPRESENTATION_CONTEXT('2D SPACE',''
  ) );
#9723 = PCURVE('',#3229,#9724);
#9724 = DEFINITIONAL_REPRESENTATION('',(#9725),#9729);
#9725 = LINE('',#9726,#9727);
#9726 = CARTESIAN_POINT('',(0.,0.));
#9727 = VECTOR('',#9728,1.);
#9728 = DIRECTION('',(0.,-1.));
#9729 = ( GEOMETRIC_REPRESENTATION_CONTEXT(2) 
PARAMETRIC_REPRESENTATION_CONTEXT() REPRESENTATION_CONTEXT('2D SPACE',''
  ) );
#9730 = ADVANCED_FACE('',(#9731),#3229,.T.);
#9731 = FACE_BOUND('',#9732,.T.);
#9732 = EDGE_LOOP('',(#9733,#9734,#9735,#9736));
#9733 = ORIENTED_EDGE('',*,*,#3216,.T.);
#9734 = ORIENTED_EDGE('',*,*,#9710,.T.);
#9735 = ORIENTED_EDGE('',*,*,#4839,.F.);
#9736 = ORIENTED_EDGE('',*,*,#9737,.F.);
#9737 = EDGE_CURVE('',#3191,#4819,#9738,.T.);
#9738 = SURFACE_CURVE('',#9739,(#9743,#9750),.PCURVE_S1.);
#9739 = LINE('',#9740,#9741);
#9740 = CARTESIAN_POINT('',(215.,90.62132034356,5.2));
#9741 = VECTOR('',#9742,1.);
#9742 = DIRECTION('',(1.,0.,0.));
#9743 = PCURVE('',#3229,#9744);
#9744 = DEFINITIONAL_REPRESENTATION('',(#9745),#9749);
#9745 = LINE('',#9746,#9747);
#9746 = CARTESIAN_POINT('',(19.06173157302,0.));
#9747 = VECTOR('',#9748,1.);
#9748 = DIRECTION('',(0.,-1.));
#9749 = ( GEOMETRIC_REPRESENTATION_CONTEXT(2) 
PARAMETRIC_REPRESENTATION_CONTEXT() REPRESENTATION_CONTEXT('2D SPACE',''
  ) );
#9750 = PCURVE('',#3205,#9751);
#9751 = DEFINITIONAL_REPRESENTATION('',(#9752),#9756);
#9752 = LINE('',#9753,#9754);
#9753 = CARTESIAN_POINT('',(0.,0.));
#9754 = VECTOR('',#9755,1.);
#9755 = DIRECTION('',(0.,-1.));
#9756 = ( GEOMETRIC_REPRESENTATION_CONTEXT(2) 
PARAMETRIC_REPRESENTATION_CONTEXT() REPRESENTATION_CONTEXT('2D SPACE',''
  ) );
#9757 = ADVANCED_FACE('',(#9758),#3205,.T.);
#9758 = FACE_BOUND('',#9759,.T.);
#9759 = EDGE_LOOP('',(#9760,#9761,#9762,#9763));
#9760 = ORIENTED_EDGE('',*,*,#3190,.T.);
#9761 = ORIENTED_EDGE('',*,*,#9737,.T.);
#9762 = ORIENTED_EDGE('',*,*,#4818,.F.);
#9763 = ORIENTED_EDGE('',*,*,#9688,.F.);
#9764 = ADVANCED_FACE('',(#9765),#3259,.T.);
#9765 = FACE_BOUND('',#9766,.T.);
#9766 = EDGE_LOOP('',(#9767,#9768,#9789,#9790));
#9767 = ORIENTED_EDGE('',*,*,#3242,.T.);
#9768 = ORIENTED_EDGE('',*,*,#9769,.T.);
#9769 = EDGE_CURVE('',#3245,#4928,#9770,.T.);
#9770 = SURFACE_CURVE('',#9771,(#9775,#9782),.PCURVE_S1.);
#9771 = LINE('',#9772,#9773);
#9772 = CARTESIAN_POINT('',(215.,86.97867965644,5.8));
#9773 = VECTOR('',#9774,1.);
#9774 = DIRECTION('',(1.,0.,0.));
#9775 = PCURVE('',#3259,#9776);
#9776 = DEFINITIONAL_REPRESENTATION('',(#9777),#9781);
#9777 = LINE('',#9778,#9779);
#9778 = CARTESIAN_POINT('',(0.,0.));
#9779 = VECTOR('',#9780,1.);
#9780 = DIRECTION('',(0.,-1.));
#9781 = ( GEOMETRIC_REPRESENTATION_CONTEXT(2) 
PARAMETRIC_REPRESENTATION_CONTEXT() REPRESENTATION_CONTEXT('2D SPACE',''
  ) );
#9782 = PCURVE('',#3285,#9783);
#9783 = DEFINITIONAL_REPRESENTATION('',(#9784),#9788);
#9784 = LINE('',#9785,#9786);
#9785 = CARTESIAN_POINT('',(21.213203435596,0.));
#9786 = VECTOR('',#9787,1.);
#9787 = DIRECTION('',(0.,-1.));
#9788 = ( GEOMETRIC_REPRESENTATION_CONTEXT(2) 
PARAMETRIC_REPRESENTATION_CONTEXT() REPRESENTATION_CONTEXT('2D SPACE',''
  ) );
#9789 = ORIENTED_EDGE('',*,*,#4925,.F.);
#9790 = ORIENTED_EDGE('',*,*,#9791,.F.);
#9791 = EDGE_CURVE('',#3243,#4926,#9792,.T.);
#9792 = SURFACE_CURVE('',#9793,(#9797,#9804),.PCURVE_S1.);
#9793 = LINE('',#9794,#9795);
#9794 = CARTESIAN_POINT('',(215.,101.97867965644,20.8));
#9795 = VECTOR('',#9796,1.);
#9796 = DIRECTION('',(1.,0.,0.));
#9797 = PCURVE('',#3259,#9798);
#9798 = DEFINITIONAL_REPRESENTATION('',(#9799),#9803);
#9799 = LINE('',#9800,#9801);
#9800 = CARTESIAN_POINT('',(21.213203435596,0.));
#9801 = VECTOR('',#9802,1.);
#9802 = DIRECTION('',(0.,-1.));
#9803 = ( GEOMETRIC_REPRESENTATION_CONTEXT(2) 
PARAMETRIC_REPRESENTATION_CONTEXT() REPRESENTATION_CONTEXT('2D SPACE',''
  ) );
#9804 = PCURVE('',#3335,#9805);
#9805 = DEFINITIONAL_REPRESENTATION('',(#9806),#9810);
#9806 = LINE('',#9807,#9808);
#9807 = CARTESIAN_POINT('',(0.,0.));
#9808 = VECTOR('',#9809,1.);
#9809 = DIRECTION('',(0.,-1.));
#9810 = ( GEOMETRIC_REPRESENTATION_CONTEXT(2) 
PARAMETRIC_REPRESENTATION_CONTEXT() REPRESENTATION_CONTEXT('2D SPACE',''
  ) );
#9811 = ADVANCED_FACE('',(#9812),#3335,.T.);
#9812 = FACE_BOUND('',#9813,.T.);
#9813 = EDGE_LOOP('',(#9814,#9815,#9816,#9817));
#9814 = ORIENTED_EDGE('',*,*,#3322,.T.);
#9815 = ORIENTED_EDGE('',*,*,#9791,.T.);
#9816 = ORIENTED_EDGE('',*,*,#4990,.F.);
#9817 = ORIENTED_EDGE('',*,*,#9818,.F.);
#9818 = EDGE_CURVE('',#3297,#4970,#9819,.T.);
#9819 = SURFACE_CURVE('',#9820,(#9824,#9831),.PCURVE_S1.);
#9820 = LINE('',#9821,#9822);
#9821 = CARTESIAN_POINT('',(215.,86.97867965644,35.8));
#9822 = VECTOR('',#9823,1.);
#9823 = DIRECTION('',(1.,0.,0.));
#9824 = PCURVE('',#3335,#9825);
#9825 = DEFINITIONAL_REPRESENTATION('',(#9826),#9830);
#9826 = LINE('',#9827,#9828);
#9827 = CARTESIAN_POINT('',(21.213203435596,0.));
#9828 = VECTOR('',#9829,1.);
#9829 = DIRECTION('',(0.,-1.));
#9830 = ( GEOMETRIC_REPRESENTATION_CONTEXT(2) 
PARAMETRIC_REPRESENTATION_CONTEXT() REPRESENTATION_CONTEXT('2D SPACE',''
  ) );
#9831 = PCURVE('',#3311,#9832);
#9832 = DEFINITIONAL_REPRESENTATION('',(#9833),#9837);
#9833 = LINE('',#9834,#9835);
#9834 = CARTESIAN_POINT('',(0.,0.));
#9835 = VECTOR('',#9836,1.);
#9836 = DIRECTION('',(0.,-1.));
#9837 = ( GEOMETRIC_REPRESENTATION_CONTEXT(2) 
PARAMETRIC_REPRESENTATION_CONTEXT() REPRESENTATION_CONTEXT('2D SPACE',''
  ) );
#9838 = ADVANCED_FACE('',(#9839),#3285,.T.);
#9839 = FACE_BOUND('',#9840,.T.);
#9840 = EDGE_LOOP('',(#9841,#9842,#9863,#9864));
#9841 = ORIENTED_EDGE('',*,*,#3270,.T.);
#9842 = ORIENTED_EDGE('',*,*,#9843,.T.);
#9843 = EDGE_CURVE('',#3271,#4949,#9844,.T.);
#9844 = SURFACE_CURVE('',#9845,(#9849,#9856),.PCURVE_S1.);
#9845 = LINE('',#9846,#9847);
#9846 = CARTESIAN_POINT('',(215.,71.97867965644,20.8));
#9847 = VECTOR('',#9848,1.);
#9848 = DIRECTION('',(1.,0.,0.));
#9849 = PCURVE('',#3285,#9850);
#9850 = DEFINITIONAL_REPRESENTATION('',(#9851),#9855);
#9851 = LINE('',#9852,#9853);
#9852 = CARTESIAN_POINT('',(0.,0.));
#9853 = VECTOR('',#9854,1.);
#9854 = DIRECTION('',(0.,-1.));
#9855 = ( GEOMETRIC_REPRESENTATION_CONTEXT(2) 
PARAMETRIC_REPRESENTATION_CONTEXT() REPRESENTATION_CONTEXT('2D SPACE',''
  ) );
#9856 = PCURVE('',#3311,#9857);
#9857 = DEFINITIONAL_REPRESENTATION('',(#9858),#9862);
#9858 = LINE('',#9859,#9860);
#9859 = CARTESIAN_POINT('',(21.213203435596,0.));
#9860 = VECTOR('',#9861,1.);
#9861 = DIRECTION('',(0.,-1.));
#9862 = ( GEOMETRIC_REPRESENTATION_CONTEXT(2) 
PARAMETRIC_REPRESENTATION_CONTEXT() REPRESENTATION_CONTEXT('2D SPACE',''
  ) );
#9863 = ORIENTED_EDGE('',*,*,#4948,.F.);
#9864 = ORIENTED_EDGE('',*,*,#9769,.F.);
#9865 = ADVANCED_FACE('',(#9866),#3311,.T.);
#9866 = FACE_BOUND('',#9867,.T.);
#9867 = EDGE_LOOP('',(#9868,#9869,#9870,#9871));
#9868 = ORIENTED_EDGE('',*,*,#3296,.T.);
#9869 = ORIENTED_EDGE('',*,*,#9818,.T.);
#9870 = ORIENTED_EDGE('',*,*,#4969,.F.);
#9871 = ORIENTED_EDGE('',*,*,#9843,.F.);
#9872 = ADVANCED_FACE('',(#9873),#3365,.T.);
#9873 = FACE_BOUND('',#9874,.T.);
#9874 = EDGE_LOOP('',(#9875,#9876,#9897,#9898));
#9875 = ORIENTED_EDGE('',*,*,#3348,.T.);
#9876 = ORIENTED_EDGE('',*,*,#9877,.T.);
#9877 = EDGE_CURVE('',#3351,#4863,#9878,.T.);
#9878 = SURFACE_CURVE('',#9879,(#9883,#9890),.PCURVE_S1.);
#9879 = LINE('',#9880,#9881);
#9880 = CARTESIAN_POINT('',(215.,83.336038969321,5.2));
#9881 = VECTOR('',#9882,1.);
#9882 = DIRECTION('',(1.,0.,0.));
#9883 = PCURVE('',#3365,#9884);
#9884 = DEFINITIONAL_REPRESENTATION('',(#9885),#9889);
#9885 = LINE('',#9886,#9887);
#9886 = CARTESIAN_POINT('',(0.,0.));
#9887 = VECTOR('',#9888,1.);
#9888 = DIRECTION('',(0.,-1.));
#9889 = ( GEOMETRIC_REPRESENTATION_CONTEXT(2) 
PARAMETRIC_REPRESENTATION_CONTEXT() REPRESENTATION_CONTEXT('2D SPACE',''
  ) );
#9890 = PCURVE('',#3391,#9891);
#9891 = DEFINITIONAL_REPRESENTATION('',(#9892),#9896);
#9892 = LINE('',#9893,#9894);
#9893 = CARTESIAN_POINT('',(26.957359312881,0.));
#9894 = VECTOR('',#9895,1.);
#9895 = DIRECTION('',(0.,-1.));
#9896 = ( GEOMETRIC_REPRESENTATION_CONTEXT(2) 
PARAMETRIC_REPRESENTATION_CONTEXT() REPRESENTATION_CONTEXT('2D SPACE',''
  ) );
#9897 = ORIENTED_EDGE('',*,*,#4860,.F.);
#9898 = ORIENTED_EDGE('',*,*,#9899,.F.);
#9899 = EDGE_CURVE('',#3349,#4861,#9900,.T.);
#9900 = SURFACE_CURVE('',#9901,(#9905,#9912),.PCURVE_S1.);
#9901 = LINE('',#9902,#9903);
#9902 = CARTESIAN_POINT('',(215.,69.857359312881,18.67867965644));
#9903 = VECTOR('',#9904,1.);
#9904 = DIRECTION('',(1.,0.,0.));
#9905 = PCURVE('',#3365,#9906);
#9906 = DEFINITIONAL_REPRESENTATION('',(#9907),#9911);
#9907 = LINE('',#9908,#9909);
#9908 = CARTESIAN_POINT('',(19.06173157302,0.));
#9909 = VECTOR('',#9910,1.);
#9910 = DIRECTION('',(0.,-1.));
#9911 = ( GEOMETRIC_REPRESENTATION_CONTEXT(2) 
PARAMETRIC_REPRESENTATION_CONTEXT() REPRESENTATION_CONTEXT('2D SPACE',''
  ) );
#9912 = PCURVE('',#3415,#9913);
#9913 = DEFINITIONAL_REPRESENTATION('',(#9914),#9918);
#9914 = LINE('',#9915,#9916);
#9915 = CARTESIAN_POINT('',(0.,0.));
#9916 = VECTOR('',#9917,1.);
#9917 = DIRECTION('',(0.,-1.));
#9918 = ( GEOMETRIC_REPRESENTATION_CONTEXT(2) 
PARAMETRIC_REPRESENTATION_CONTEXT() REPRESENTATION_CONTEXT('2D SPACE',''
  ) );
#9919 = ADVANCED_FACE('',(#9920),#3415,.T.);
#9920 = FACE_BOUND('',#9921,.T.);
#9921 = EDGE_LOOP('',(#9922,#9923,#9924,#9925));
#9922 = ORIENTED_EDGE('',*,*,#3402,.T.);
#9923 = ORIENTED_EDGE('',*,*,#9899,.T.);
#9924 = ORIENTED_EDGE('',*,*,#4904,.F.);
#9925 = ORIENTED_EDGE('',*,*,#9926,.F.);
#9926 = EDGE_CURVE('',#3377,#4884,#9927,.T.);
#9927 = SURFACE_CURVE('',#9928,(#9932,#9939),.PCURVE_S1.);
#9928 = LINE('',#9929,#9930);
#9929 = CARTESIAN_POINT('',(215.,56.37867965644,5.2));
#9930 = VECTOR('',#9931,1.);
#9931 = DIRECTION('',(1.,0.,0.));
#9932 = PCURVE('',#3415,#9933);
#9933 = DEFINITIONAL_REPRESENTATION('',(#9934),#9938);
#9934 = LINE('',#9935,#9936);
#9935 = CARTESIAN_POINT('',(19.06173157302,0.));
#9936 = VECTOR('',#9937,1.);
#9937 = DIRECTION('',(0.,-1.));
#9938 = ( GEOMETRIC_REPRESENTATION_CONTEXT(2) 
PARAMETRIC_REPRESENTATION_CONTEXT() REPRESENTATION_CONTEXT('2D SPACE',''
  ) );
#9939 = PCURVE('',#3391,#9940);
#9940 = DEFINITIONAL_REPRESENTATION('',(#9941),#9945);
#9941 = LINE('',#9942,#9943);
#9942 = CARTESIAN_POINT('',(0.,0.));
#9943 = VECTOR('',#9944,1.);
#9944 = DIRECTION('',(0.,-1.));
#9945 = ( GEOMETRIC_REPRESENTATION_CONTEXT(2) 
PARAMETRIC_REPRESENTATION_CONTEXT() REPRESENTATION_CONTEXT('2D SPACE',''
  ) );
#9946 = ADVANCED_FACE('',(#9947),#3391,.T.);
#9947 = FACE_BOUND('',#9948,.T.);
#9948 = EDGE_LOOP('',(#9949,#9950,#9951,#9952));
#9949 = ORIENTED_EDGE('',*,*,#3376,.T.);
#9950 = ORIENTED_EDGE('',*,*,#9926,.T.);
#9951 = ORIENTED_EDGE('',*,*,#4883,.F.);
#9952 = ORIENTED_EDGE('',*,*,#9877,.F.);
#9953 = ADVANCED_FACE('',(#9954),#3445,.T.);
#9954 = FACE_BOUND('',#9955,.T.);
#9955 = EDGE_LOOP('',(#9956,#9957,#9978,#9979));
#9956 = ORIENTED_EDGE('',*,*,#3428,.T.);
#9957 = ORIENTED_EDGE('',*,*,#9958,.T.);
#9958 = EDGE_CURVE('',#3431,#5101,#9959,.T.);
#9959 = SURFACE_CURVE('',#9960,(#9964,#9971),.PCURVE_S1.);
#9960 = LINE('',#9961,#9962);
#9961 = CARTESIAN_POINT('',(215.,52.736038969321,5.8));
#9962 = VECTOR('',#9963,1.);
#9963 = DIRECTION('',(1.,0.,0.));
#9964 = PCURVE('',#3445,#9965);
#9965 = DEFINITIONAL_REPRESENTATION('',(#9966),#9970);
#9966 = LINE('',#9967,#9968);
#9967 = CARTESIAN_POINT('',(0.,0.));
#9968 = VECTOR('',#9969,1.);
#9969 = DIRECTION('',(0.,-1.));
#9970 = ( GEOMETRIC_REPRESENTATION_CONTEXT(2) 
PARAMETRIC_REPRESENTATION_CONTEXT() REPRESENTATION_CONTEXT('2D SPACE',''
  ) );
#9971 = PCURVE('',#3471,#9972);
#9972 = DEFINITIONAL_REPRESENTATION('',(#9973),#9977);
#9973 = LINE('',#9974,#9975);
#9974 = CARTESIAN_POINT('',(21.213203435596,0.));
#9975 = VECTOR('',#9976,1.);
#9976 = DIRECTION('',(0.,-1.));
#9977 = ( GEOMETRIC_REPRESENTATION_CONTEXT(2) 
PARAMETRIC_REPRESENTATION_CONTEXT() REPRESENTATION_CONTEXT('2D SPACE',''
  ) );
#9978 = ORIENTED_EDGE('',*,*,#5098,.F.);
#9979 = ORIENTED_EDGE('',*,*,#9980,.F.);
#9980 = EDGE_CURVE('',#3429,#5099,#9981,.T.);
#9981 = SURFACE_CURVE('',#9982,(#9986,#9993),.PCURVE_S1.);
#9982 = LINE('',#9983,#9984);
#9983 = CARTESIAN_POINT('',(215.,67.736038969321,20.8));
#9984 = VECTOR('',#9985,1.);
#9985 = DIRECTION('',(1.,0.,0.));
#9986 = PCURVE('',#3445,#9987);
#9987 = DEFINITIONAL_REPRESENTATION('',(#9988),#9992);
#9988 = LINE('',#9989,#9990);
#9989 = CARTESIAN_POINT('',(21.213203435596,0.));
#9990 = VECTOR('',#9991,1.);
#9991 = DIRECTION('',(0.,-1.));
#9992 = ( GEOMETRIC_REPRESENTATION_CONTEXT(2) 
PARAMETRIC_REPRESENTATION_CONTEXT() REPRESENTATION_CONTEXT('2D SPACE',''
  ) );
#9993 = PCURVE('',#3521,#9994);
#9994 = DEFINITIONAL_REPRESENTATION('',(#9995),#9999);
#9995 = LINE('',#9996,#9997);
#9996 = CARTESIAN_POINT('',(0.,0.));
#9997 = VECTOR('',#9998,1.);
#9998 = DIRECTION('',(0.,-1.));
#9999 = ( GEOMETRIC_REPRESENTATION_CONTEXT(2) 
PARAMETRIC_REPRESENTATION_CONTEXT() REPRESENTATION_CONTEXT('2D SPACE',''
  ) );
#10000 = ADVANCED_FACE('',(#10001),#3521,.T.);
#10001 = FACE_BOUND('',#10002,.T.);
#10002 = EDGE_LOOP('',(#10003,#10004,#10005,#10006));
#10003 = ORIENTED_EDGE('',*,*,#3508,.T.);
#10004 = ORIENTED_EDGE('',*,*,#9980,.T.);
#10005 = ORIENTED_EDGE('',*,*,#5163,.F.);
#10006 = ORIENTED_EDGE('',*,*,#10007,.F.);
#10007 = EDGE_CURVE('',#3483,#5143,#10008,.T.);
#10008 = SURFACE_CURVE('',#10009,(#10013,#10020),.PCURVE_S1.);
#10009 = LINE('',#10010,#10011);
#10010 = CARTESIAN_POINT('',(215.,52.736038969321,35.8));
#10011 = VECTOR('',#10012,1.);
#10012 = DIRECTION('',(1.,0.,0.));
#10013 = PCURVE('',#3521,#10014);
#10014 = DEFINITIONAL_REPRESENTATION('',(#10015),#10019);
#10015 = LINE('',#10016,#10017);
#10016 = CARTESIAN_POINT('',(21.213203435596,0.));
#10017 = VECTOR('',#10018,1.);
#10018 = DIRECTION('',(0.,-1.));
#10019 = ( GEOMETRIC_REPRESENTATION_CONTEXT(2) 
PARAMETRIC_REPRESENTATION_CONTEXT() REPRESENTATION_CONTEXT('2D SPACE',''
  ) );
#10020 = PCURVE('',#3497,#10021);
#10021 = DEFINITIONAL_REPRESENTATION('',(#10022),#10026);
#10022 = LINE('',#10023,#10024);
#10023 = CARTESIAN_POINT('',(0.,0.));
#10024 = VECTOR('',#10025,1.);
#10025 = DIRECTION('',(0.,-1.));
#10026 = ( GEOMETRIC_REPRESENTATION_CONTEXT(2) 
PARAMETRIC_REPRESENTATION_CONTEXT() REPRESENTATION_CONTEXT('2D SPACE',''
  ) );
#10027 = ADVANCED_FACE('',(#10028),#3471,.T.);
#10028 = FACE_BOUND('',#10029,.T.);
#10029 = EDGE_LOOP('',(#10030,#10031,#10052,#10053));
#10030 = ORIENTED_EDGE('',*,*,#3456,.T.);
#10031 = ORIENTED_EDGE('',*,*,#10032,.T.);
#10032 = EDGE_CURVE('',#3457,#5122,#10033,.T.);
#10033 = SURFACE_CURVE('',#10034,(#10038,#10045),.PCURVE_S1.);
#10034 = LINE('',#10035,#10036);
#10035 = CARTESIAN_POINT('',(215.,37.736038969321,20.8));
#10036 = VECTOR('',#10037,1.);
#10037 = DIRECTION('',(1.,0.,0.));
#10038 = PCURVE('',#3471,#10039);
#10039 = DEFINITIONAL_REPRESENTATION('',(#10040),#10044);
#10040 = LINE('',#10041,#10042);
#10041 = CARTESIAN_POINT('',(0.,0.));
#10042 = VECTOR('',#10043,1.);
#10043 = DIRECTION('',(0.,-1.));
#10044 = ( GEOMETRIC_REPRESENTATION_CONTEXT(2) 
PARAMETRIC_REPRESENTATION_CONTEXT() REPRESENTATION_CONTEXT('2D SPACE',''
  ) );
#10045 = PCURVE('',#3497,#10046);
#10046 = DEFINITIONAL_REPRESENTATION('',(#10047),#10051);
#10047 = LINE('',#10048,#10049);
#10048 = CARTESIAN_POINT('',(21.213203435596,0.));
#10049 = VECTOR('',#10050,1.);
#10050 = DIRECTION('',(0.,-1.));
#10051 = ( GEOMETRIC_REPRESENTATION_CONTEXT(2) 
PARAMETRIC_REPRESENTATION_CONTEXT() REPRESENTATION_CONTEXT('2D SPACE',''
  ) );
#10052 = ORIENTED_EDGE('',*,*,#5121,.F.);
#10053 = ORIENTED_EDGE('',*,*,#9958,.F.);
#10054 = ADVANCED_FACE('',(#10055),#3497,.T.);
#10055 = FACE_BOUND('',#10056,.T.);
#10056 = EDGE_LOOP('',(#10057,#10058,#10059,#10060));
#10057 = ORIENTED_EDGE('',*,*,#3482,.T.);
#10058 = ORIENTED_EDGE('',*,*,#10007,.T.);
#10059 = ORIENTED_EDGE('',*,*,#5142,.F.);
#10060 = ORIENTED_EDGE('',*,*,#10032,.F.);
#10061 = ADVANCED_FACE('',(#10062),#3660,.F.);
#10062 = FACE_BOUND('',#10063,.F.);
#10063 = EDGE_LOOP('',(#10064,#10065,#10086,#10087));
#10064 = ORIENTED_EDGE('',*,*,#3643,.T.);
#10065 = ORIENTED_EDGE('',*,*,#10066,.T.);
#10066 = EDGE_CURVE('',#3646,#4304,#10067,.T.);
#10067 = SURFACE_CURVE('',#10068,(#10072,#10079),.PCURVE_S1.);
#10068 = LINE('',#10069,#10070);
#10069 = CARTESIAN_POINT('',(173.,201.,23.3));
#10070 = VECTOR('',#10071,1.);
#10071 = DIRECTION('',(-0.,1.,-0.));
#10072 = PCURVE('',#3660,#10073);
#10073 = DEFINITIONAL_REPRESENTATION('',(#10074),#10078);
#10074 = LINE('',#10075,#10076);
#10075 = CARTESIAN_POINT('',(0.,0.));
#10076 = VECTOR('',#10077,1.);
#10077 = DIRECTION('',(0.,-1.));
#10078 = ( GEOMETRIC_REPRESENTATION_CONTEXT(2) 
PARAMETRIC_REPRESENTATION_CONTEXT() REPRESENTATION_CONTEXT('2D SPACE',''
  ) );
#10079 = PCURVE('',#3736,#10080);
#10080 = DEFINITIONAL_REPRESENTATION('',(#10081),#10085);
#10081 = LINE('',#10082,#10083);
#10082 = CARTESIAN_POINT('',(21.920310216783,0.));
#10083 = VECTOR('',#10084,1.);
#10084 = DIRECTION('',(0.,-1.));
#10085 = ( GEOMETRIC_REPRESENTATION_CONTEXT(2) 
PARAMETRIC_REPRESENTATION_CONTEXT() REPRESENTATION_CONTEXT('2D SPACE',''
  ) );
#10086 = ORIENTED_EDGE('',*,*,#4301,.F.);
#10087 = ORIENTED_EDGE('',*,*,#10088,.F.);
#10088 = EDGE_CURVE('',#3644,#4302,#10089,.T.);
#10089 = SURFACE_CURVE('',#10090,(#10094,#10101),.PCURVE_S1.);
#10090 = LINE('',#10091,#10092);
#10091 = CARTESIAN_POINT('',(188.5,201.,7.8));
#10092 = VECTOR('',#10093,1.);
#10093 = DIRECTION('',(-0.,1.,-0.));
#10094 = PCURVE('',#3660,#10095);
#10095 = DEFINITIONAL_REPRESENTATION('',(#10096),#10100);
#10096 = LINE('',#10097,#10098);
#10097 = CARTESIAN_POINT('',(21.920310216783,0.));
#10098 = VECTOR('',#10099,1.);
#10099 = DIRECTION('',(0.,-1.));
#10100 = ( GEOMETRIC_REPRESENTATION_CONTEXT(2) 
PARAMETRIC_REPRESENTATION_CONTEXT() REPRESENTATION_CONTEXT('2D SPACE',''
  ) );
#10101 = PCURVE('',#3686,#10102);
#10102 = DEFINITIONAL_REPRESENTATION('',(#10103),#10107);
#10103 = LINE('',#10104,#10105);
#10104 = CARTESIAN_POINT('',(0.,0.));
#10105 = VECTOR('',#10106,1.);
#10106 = DIRECTION('',(0.,-1.));
#10107 = ( GEOMETRIC_REPRESENTATION_CONTEXT(2) 
PARAMETRIC_REPRESENTATION_CONTEXT() REPRESENTATION_CONTEXT('2D SPACE',''
  ) );
#10108 = ADVANCED_FACE('',(#10109),#3736,.F.);
#10109 = FACE_BOUND('',#10110,.F.);
#10110 = EDGE_LOOP('',(#10111,#10112,#10133,#10134));
#10111 = ORIENTED_EDGE('',*,*,#3723,.T.);
#10112 = ORIENTED_EDGE('',*,*,#10113,.T.);
#10113 = EDGE_CURVE('',#3698,#4346,#10114,.T.);
#10114 = SURFACE_CURVE('',#10115,(#10119,#10126),.PCURVE_S1.);
#10115 = LINE('',#10116,#10117);
#10116 = CARTESIAN_POINT('',(188.5,201.,38.8));
#10117 = VECTOR('',#10118,1.);
#10118 = DIRECTION('',(-0.,1.,-0.));
#10119 = PCURVE('',#3736,#10120);
#10120 = DEFINITIONAL_REPRESENTATION('',(#10121),#10125);
#10121 = LINE('',#10122,#10123);
#10122 = CARTESIAN_POINT('',(0.,0.));
#10123 = VECTOR('',#10124,1.);
#10124 = DIRECTION('',(0.,-1.));
#10125 = ( GEOMETRIC_REPRESENTATION_CONTEXT(2) 
PARAMETRIC_REPRESENTATION_CONTEXT() REPRESENTATION_CONTEXT('2D SPACE',''
  ) );
#10126 = PCURVE('',#3712,#10127);
#10127 = DEFINITIONAL_REPRESENTATION('',(#10128),#10132);
#10128 = LINE('',#10129,#10130);
#10129 = CARTESIAN_POINT('',(21.920310216783,0.));
#10130 = VECTOR('',#10131,1.);
#10131 = DIRECTION('',(0.,-1.));
#10132 = ( GEOMETRIC_REPRESENTATION_CONTEXT(2) 
PARAMETRIC_REPRESENTATION_CONTEXT() REPRESENTATION_CONTEXT('2D SPACE',''
  ) );
#10133 = ORIENTED_EDGE('',*,*,#4366,.F.);
#10134 = ORIENTED_EDGE('',*,*,#10066,.F.);
#10135 = ADVANCED_FACE('',(#10136),#3712,.F.);
#10136 = FACE_BOUND('',#10137,.F.);
#10137 = EDGE_LOOP('',(#10138,#10139,#10160,#10161));
#10138 = ORIENTED_EDGE('',*,*,#3697,.T.);
#10139 = ORIENTED_EDGE('',*,*,#10140,.T.);
#10140 = EDGE_CURVE('',#3672,#4325,#10141,.T.);
#10141 = SURFACE_CURVE('',#10142,(#10146,#10153),.PCURVE_S1.);
#10142 = LINE('',#10143,#10144);
#10143 = CARTESIAN_POINT('',(204.,201.,23.3));
#10144 = VECTOR('',#10145,1.);
#10145 = DIRECTION('',(-0.,1.,-0.));
#10146 = PCURVE('',#3712,#10147);
#10147 = DEFINITIONAL_REPRESENTATION('',(#10148),#10152);
#10148 = LINE('',#10149,#10150);
#10149 = CARTESIAN_POINT('',(0.,0.));
#10150 = VECTOR('',#10151,1.);
#10151 = DIRECTION('',(0.,-1.));
#10152 = ( GEOMETRIC_REPRESENTATION_CONTEXT(2) 
PARAMETRIC_REPRESENTATION_CONTEXT() REPRESENTATION_CONTEXT('2D SPACE',''
  ) );
#10153 = PCURVE('',#3686,#10154);
#10154 = DEFINITIONAL_REPRESENTATION('',(#10155),#10159);
#10155 = LINE('',#10156,#10157);
#10156 = CARTESIAN_POINT('',(21.920310216783,0.));
#10157 = VECTOR('',#10158,1.);
#10158 = DIRECTION('',(0.,-1.));
#10159 = ( GEOMETRIC_REPRESENTATION_CONTEXT(2) 
PARAMETRIC_REPRESENTATION_CONTEXT() REPRESENTATION_CONTEXT('2D SPACE',''
  ) );
#10160 = ORIENTED_EDGE('',*,*,#4345,.F.);
#10161 = ORIENTED_EDGE('',*,*,#10113,.F.);
#10162 = ADVANCED_FACE('',(#10163),#3686,.F.);
#10163 = FACE_BOUND('',#10164,.F.);
#10164 = EDGE_LOOP('',(#10165,#10166,#10167,#10168));
#10165 = ORIENTED_EDGE('',*,*,#3671,.T.);
#10166 = ORIENTED_EDGE('',*,*,#10088,.T.);
#10167 = ORIENTED_EDGE('',*,*,#4324,.F.);
#10168 = ORIENTED_EDGE('',*,*,#10140,.F.);
#10169 = ADVANCED_FACE('',(#10170),#3773,.F.);
#10170 = FACE_BOUND('',#10171,.F.);
#10171 = EDGE_LOOP('',(#10172,#10173,#10174,#10175));
#10172 = ORIENTED_EDGE('',*,*,#9135,.T.);
#10173 = ORIENTED_EDGE('',*,*,#3883,.T.);
#10174 = ORIENTED_EDGE('',*,*,#3750,.T.);
#10175 = ORIENTED_EDGE('',*,*,#9196,.F.);
#10176 = ADVANCED_FACE('',(#10177),#3931,.F.);
#10177 = FACE_BOUND('',#10178,.T.);
#10178 = EDGE_LOOP('',(#10179,#10205,#10226,#10227));
#10179 = ORIENTED_EDGE('',*,*,#10180,.F.);
#10180 = EDGE_CURVE('',#10181,#10183,#10185,.T.);
#10181 = VERTEX_POINT('',#10182);
#10182 = CARTESIAN_POINT('',(157.4,193.5,5.6));
#10183 = VERTEX_POINT('',#10184);
#10184 = CARTESIAN_POINT('',(157.4,196.25771644662,12.257716446628));
#10185 = SURFACE_CURVE('',#10186,(#10191,#10198),.PCURVE_S1.);
#10186 = CIRCLE('',#10187,3.9);
#10187 = AXIS2_PLACEMENT_3D('',#10188,#10189,#10190);
#10188 = CARTESIAN_POINT('',(157.4,193.5,9.5));
#10189 = DIRECTION('',(1.,0.,0.));
#10190 = DIRECTION('',(0.,-0.,-1.));
#10191 = PCURVE('',#3931,#10192);
#10192 = DEFINITIONAL_REPRESENTATION('',(#10193),#10197);
#10193 = LINE('',#10194,#10195);
#10194 = CARTESIAN_POINT('',(-0.,0.));
#10195 = VECTOR('',#10196,1.);
#10196 = DIRECTION('',(-1.,0.));
#10197 = ( GEOMETRIC_REPRESENTATION_CONTEXT(2) 
PARAMETRIC_REPRESENTATION_CONTEXT() REPRESENTATION_CONTEXT('2D SPACE',''
  ) );
#10198 = PCURVE('',#8373,#10199);
#10199 = DEFINITIONAL_REPRESENTATION('',(#10200),#10204);
#10200 = CIRCLE('',#10201,3.9);
#10201 = AXIS2_PLACEMENT_2D('',#10202,#10203);
#10202 = CARTESIAN_POINT('',(-0.707533727551,-1.));
#10203 = DIRECTION('',(-1.,0.));
#10204 = ( GEOMETRIC_REPRESENTATION_CONTEXT(2) 
PARAMETRIC_REPRESENTATION_CONTEXT() REPRESENTATION_CONTEXT('2D SPACE',''
  ) );
#10205 = ORIENTED_EDGE('',*,*,#10206,.T.);
#10206 = EDGE_CURVE('',#10181,#3911,#10207,.T.);
#10207 = SURFACE_CURVE('',#10208,(#10212,#10219),.PCURVE_S1.);
#10208 = LINE('',#10209,#10210);
#10209 = CARTESIAN_POINT('',(157.4,193.5,5.6));
#10210 = VECTOR('',#10211,1.);
#10211 = DIRECTION('',(1.,0.,0.));
#10212 = PCURVE('',#3931,#10213);
#10213 = DEFINITIONAL_REPRESENTATION('',(#10214),#10218);
#10214 = LINE('',#10215,#10216);
#10215 = CARTESIAN_POINT('',(-0.,0.));
#10216 = VECTOR('',#10217,1.);
#10217 = DIRECTION('',(-0.,-1.));
#10218 = ( GEOMETRIC_REPRESENTATION_CONTEXT(2) 
PARAMETRIC_REPRESENTATION_CONTEXT() REPRESENTATION_CONTEXT('2D SPACE',''
  ) );
#10219 = PCURVE('',#3958,#10220);
#10220 = DEFINITIONAL_REPRESENTATION('',(#10221),#10225);
#10221 = LINE('',#10222,#10223);
#10222 = CARTESIAN_POINT('',(2.,0.));
#10223 = VECTOR('',#10224,1.);
#10224 = DIRECTION('',(0.,-1.));
#10225 = ( GEOMETRIC_REPRESENTATION_CONTEXT(2) 
PARAMETRIC_REPRESENTATION_CONTEXT() REPRESENTATION_CONTEXT('2D SPACE',''
  ) );
#10226 = ORIENTED_EDGE('',*,*,#3908,.F.);
#10227 = ORIENTED_EDGE('',*,*,#10228,.F.);
#10228 = EDGE_CURVE('',#10183,#3909,#10229,.T.);
#10229 = SURFACE_CURVE('',#10230,(#10234,#10241),.PCURVE_S1.);
#10230 = LINE('',#10231,#10232);
#10231 = CARTESIAN_POINT('',(157.4,196.25771644662,12.257716446628));
#10232 = VECTOR('',#10233,1.);
#10233 = DIRECTION('',(1.,0.,0.));
#10234 = PCURVE('',#3931,#10235);
#10235 = DEFINITIONAL_REPRESENTATION('',(#10236),#10240);
#10236 = LINE('',#10237,#10238);
#10237 = CARTESIAN_POINT('',(-2.356194490192,0.));
#10238 = VECTOR('',#10239,1.);
#10239 = DIRECTION('',(-0.,-1.));
#10240 = ( GEOMETRIC_REPRESENTATION_CONTEXT(2) 
PARAMETRIC_REPRESENTATION_CONTEXT() REPRESENTATION_CONTEXT('2D SPACE',''
  ) );
#10241 = PCURVE('',#4041,#10242);
#10242 = DEFINITIONAL_REPRESENTATION('',(#10243),#10247);
#10243 = LINE('',#10244,#10245);
#10244 = CARTESIAN_POINT('',(0.,0.));
#10245 = VECTOR('',#10246,1.);
#10246 = DIRECTION('',(0.,-1.));
#10247 = ( GEOMETRIC_REPRESENTATION_CONTEXT(2) 
PARAMETRIC_REPRESENTATION_CONTEXT() REPRESENTATION_CONTEXT('2D SPACE',''
  ) );
#10248 = ADVANCED_FACE('',(#10249),#4041,.T.);
#10249 = FACE_BOUND('',#10250,.T.);
#10250 = EDGE_LOOP('',(#10251,#10274,#10275,#10276));
#10251 = ORIENTED_EDGE('',*,*,#10252,.F.);
#10252 = EDGE_CURVE('',#10183,#10253,#10255,.T.);
#10253 = VERTEX_POINT('',#10254);
#10254 = CARTESIAN_POINT('',(157.4,192.5,16.015432893255));
#10255 = SURFACE_CURVE('',#10256,(#10260,#10267),.PCURVE_S1.);
#10256 = LINE('',#10257,#10258);
#10257 = CARTESIAN_POINT('',(157.4,196.25771644662,12.257716446628));
#10258 = VECTOR('',#10259,1.);
#10259 = DIRECTION('',(0.,-0.707106781187,0.707106781187));
#10260 = PCURVE('',#4041,#10261);
#10261 = DEFINITIONAL_REPRESENTATION('',(#10262),#10266);
#10262 = LINE('',#10263,#10264);
#10263 = CARTESIAN_POINT('',(0.,0.));
#10264 = VECTOR('',#10265,1.);
#10265 = DIRECTION('',(1.,0.));
#10266 = ( GEOMETRIC_REPRESENTATION_CONTEXT(2) 
PARAMETRIC_REPRESENTATION_CONTEXT() REPRESENTATION_CONTEXT('2D SPACE',''
  ) );
#10267 = PCURVE('',#8373,#10268);
#10268 = DEFINITIONAL_REPRESENTATION('',(#10269),#10273);
#10269 = LINE('',#10270,#10271);
#10270 = CARTESIAN_POINT('',(2.050182719077,-3.757716446628));
#10271 = VECTOR('',#10272,1.);
#10272 = DIRECTION('',(0.707106781187,0.707106781187));
#10273 = ( GEOMETRIC_REPRESENTATION_CONTEXT(2) 
PARAMETRIC_REPRESENTATION_CONTEXT() REPRESENTATION_CONTEXT('2D SPACE',''
  ) );
#10274 = ORIENTED_EDGE('',*,*,#10228,.T.);
#10275 = ORIENTED_EDGE('',*,*,#4028,.F.);
#10276 = ORIENTED_EDGE('',*,*,#10277,.F.);
#10277 = EDGE_CURVE('',#10253,#4003,#10278,.T.);
#10278 = SURFACE_CURVE('',#10279,(#10283,#10290),.PCURVE_S1.);
#10279 = LINE('',#10280,#10281);
#10280 = CARTESIAN_POINT('',(157.4,192.5,16.015432893255));
#10281 = VECTOR('',#10282,1.);
#10282 = DIRECTION('',(1.,0.,0.));
#10283 = PCURVE('',#4041,#10284);
#10284 = DEFINITIONAL_REPRESENTATION('',(#10285),#10289);
#10285 = LINE('',#10286,#10287);
#10286 = CARTESIAN_POINT('',(5.314213562373,0.));
#10287 = VECTOR('',#10288,1.);
#10288 = DIRECTION('',(0.,-1.));
#10289 = ( GEOMETRIC_REPRESENTATION_CONTEXT(2) 
PARAMETRIC_REPRESENTATION_CONTEXT() REPRESENTATION_CONTEXT('2D SPACE',''
  ) );
#10290 = PCURVE('',#4017,#10291);
#10291 = DEFINITIONAL_REPRESENTATION('',(#10292),#10296);
#10292 = LINE('',#10293,#10294);
#10293 = CARTESIAN_POINT('',(0.,0.));
#10294 = VECTOR('',#10295,1.);
#10295 = DIRECTION('',(0.,-1.));
#10296 = ( GEOMETRIC_REPRESENTATION_CONTEXT(2) 
PARAMETRIC_REPRESENTATION_CONTEXT() REPRESENTATION_CONTEXT('2D SPACE',''
  ) );
#10297 = ADVANCED_FACE('',(#10298),#3958,.T.);
#10298 = FACE_BOUND('',#10299,.T.);
#10299 = EDGE_LOOP('',(#10300,#10323,#10344,#10345));
#10300 = ORIENTED_EDGE('',*,*,#10301,.F.);
#10301 = EDGE_CURVE('',#10302,#10181,#10304,.T.);
#10302 = VERTEX_POINT('',#10303);
#10303 = CARTESIAN_POINT('',(157.4,191.5,5.6));
#10304 = SURFACE_CURVE('',#10305,(#10309,#10316),.PCURVE_S1.);
#10305 = LINE('',#10306,#10307);
#10306 = CARTESIAN_POINT('',(157.4,191.5,5.6));
#10307 = VECTOR('',#10308,1.);
#10308 = DIRECTION('',(0.,1.,0.));
#10309 = PCURVE('',#3958,#10310);
#10310 = DEFINITIONAL_REPRESENTATION('',(#10311),#10315);
#10311 = LINE('',#10312,#10313);
#10312 = CARTESIAN_POINT('',(0.,0.));
#10313 = VECTOR('',#10314,1.);
#10314 = DIRECTION('',(1.,0.));
#10315 = ( GEOMETRIC_REPRESENTATION_CONTEXT(2) 
PARAMETRIC_REPRESENTATION_CONTEXT() REPRESENTATION_CONTEXT('2D SPACE',''
  ) );
#10316 = PCURVE('',#8373,#10317);
#10317 = DEFINITIONAL_REPRESENTATION('',(#10318),#10322);
#10318 = LINE('',#10319,#10320);
#10319 = CARTESIAN_POINT('',(-4.607533727551,1.));
#10320 = VECTOR('',#10321,1.);
#10321 = DIRECTION('',(0.,-1.));
#10322 = ( GEOMETRIC_REPRESENTATION_CONTEXT(2) 
PARAMETRIC_REPRESENTATION_CONTEXT() REPRESENTATION_CONTEXT('2D SPACE',''
  ) );
#10323 = ORIENTED_EDGE('',*,*,#10324,.T.);
#10324 = EDGE_CURVE('',#10302,#3944,#10325,.T.);
#10325 = SURFACE_CURVE('',#10326,(#10330,#10337),.PCURVE_S1.);
#10326 = LINE('',#10327,#10328);
#10327 = CARTESIAN_POINT('',(157.4,191.5,5.6));
#10328 = VECTOR('',#10329,1.);
#10329 = DIRECTION('',(1.,0.,0.));
#10330 = PCURVE('',#3958,#10331);
#10331 = DEFINITIONAL_REPRESENTATION('',(#10332),#10336);
#10332 = LINE('',#10333,#10334);
#10333 = CARTESIAN_POINT('',(0.,0.));
#10334 = VECTOR('',#10335,1.);
#10335 = DIRECTION('',(0.,-1.));
#10336 = ( GEOMETRIC_REPRESENTATION_CONTEXT(2) 
PARAMETRIC_REPRESENTATION_CONTEXT() REPRESENTATION_CONTEXT('2D SPACE',''
  ) );
#10337 = PCURVE('',#3990,#10338);
#10338 = DEFINITIONAL_REPRESENTATION('',(#10339),#10343);
#10339 = LINE('',#10340,#10341);
#10340 = CARTESIAN_POINT('',(-2.356194490192,0.));
#10341 = VECTOR('',#10342,1.);
#10342 = DIRECTION('',(-0.,-1.));
#10343 = ( GEOMETRIC_REPRESENTATION_CONTEXT(2) 
PARAMETRIC_REPRESENTATION_CONTEXT() REPRESENTATION_CONTEXT('2D SPACE',''
  ) );
#10344 = ORIENTED_EDGE('',*,*,#3943,.F.);
#10345 = ORIENTED_EDGE('',*,*,#10206,.F.);
#10346 = ADVANCED_FACE('',(#10347),#4017,.T.);
#10347 = FACE_BOUND('',#10348,.T.);
#10348 = EDGE_LOOP('',(#10349,#10372,#10373,#10374));
#10349 = ORIENTED_EDGE('',*,*,#10350,.F.);
#10350 = EDGE_CURVE('',#10253,#10351,#10353,.T.);
#10351 = VERTEX_POINT('',#10352);
#10352 = CARTESIAN_POINT('',(157.4,188.74228355337,12.257716446628));
#10353 = SURFACE_CURVE('',#10354,(#10358,#10365),.PCURVE_S1.);
#10354 = LINE('',#10355,#10356);
#10355 = CARTESIAN_POINT('',(157.4,192.5,16.015432893255));
#10356 = VECTOR('',#10357,1.);
#10357 = DIRECTION('',(0.,-0.707106781187,-0.707106781187));
#10358 = PCURVE('',#4017,#10359);
#10359 = DEFINITIONAL_REPRESENTATION('',(#10360),#10364);
#10360 = LINE('',#10361,#10362);
#10361 = CARTESIAN_POINT('',(0.,0.));
#10362 = VECTOR('',#10363,1.);
#10363 = DIRECTION('',(1.,0.));
#10364 = ( GEOMETRIC_REPRESENTATION_CONTEXT(2) 
PARAMETRIC_REPRESENTATION_CONTEXT() REPRESENTATION_CONTEXT('2D SPACE',''
  ) );
#10365 = PCURVE('',#8373,#10366);
#10366 = DEFINITIONAL_REPRESENTATION('',(#10367),#10371);
#10367 = LINE('',#10368,#10369);
#10368 = CARTESIAN_POINT('',(5.807899165704,0.));
#10369 = VECTOR('',#10370,1.);
#10370 = DIRECTION('',(-0.707106781187,0.707106781187));
#10371 = ( GEOMETRIC_REPRESENTATION_CONTEXT(2) 
PARAMETRIC_REPRESENTATION_CONTEXT() REPRESENTATION_CONTEXT('2D SPACE',''
  ) );
#10372 = ORIENTED_EDGE('',*,*,#10277,.T.);
#10373 = ORIENTED_EDGE('',*,*,#4002,.F.);
#10374 = ORIENTED_EDGE('',*,*,#10375,.F.);
#10375 = EDGE_CURVE('',#10351,#3970,#10376,.T.);
#10376 = SURFACE_CURVE('',#10377,(#10381,#10388),.PCURVE_S1.);
#10377 = LINE('',#10378,#10379);
#10378 = CARTESIAN_POINT('',(157.4,188.74228355337,12.257716446628));
#10379 = VECTOR('',#10380,1.);
#10380 = DIRECTION('',(1.,0.,0.));
#10381 = PCURVE('',#4017,#10382);
#10382 = DEFINITIONAL_REPRESENTATION('',(#10383),#10387);
#10383 = LINE('',#10384,#10385);
#10384 = CARTESIAN_POINT('',(5.314213562373,0.));
#10385 = VECTOR('',#10386,1.);
#10386 = DIRECTION('',(0.,-1.));
#10387 = ( GEOMETRIC_REPRESENTATION_CONTEXT(2) 
PARAMETRIC_REPRESENTATION_CONTEXT() REPRESENTATION_CONTEXT('2D SPACE',''
  ) );
#10388 = PCURVE('',#3990,#10389);
#10389 = DEFINITIONAL_REPRESENTATION('',(#10390),#10394);
#10390 = LINE('',#10391,#10392);
#10391 = CARTESIAN_POINT('',(-0.,0.));
#10392 = VECTOR('',#10393,1.);
#10393 = DIRECTION('',(-0.,-1.));
#10394 = ( GEOMETRIC_REPRESENTATION_CONTEXT(2) 
PARAMETRIC_REPRESENTATION_CONTEXT() REPRESENTATION_CONTEXT('2D SPACE',''
  ) );
#10395 = ADVANCED_FACE('',(#10396),#3990,.F.);
#10396 = FACE_BOUND('',#10397,.T.);
#10397 = EDGE_LOOP('',(#10398,#10420,#10421,#10422));
#10398 = ORIENTED_EDGE('',*,*,#10399,.F.);
#10399 = EDGE_CURVE('',#10351,#10302,#10400,.T.);
#10400 = SURFACE_CURVE('',#10401,(#10406,#10413),.PCURVE_S1.);
#10401 = CIRCLE('',#10402,3.9);
#10402 = AXIS2_PLACEMENT_3D('',#10403,#10404,#10405);
#10403 = CARTESIAN_POINT('',(157.4,191.5,9.5));
#10404 = DIRECTION('',(1.,0.,0.));
#10405 = DIRECTION('',(0.,-0.707106781187,0.707106781187));
#10406 = PCURVE('',#3990,#10407);
#10407 = DEFINITIONAL_REPRESENTATION('',(#10408),#10412);
#10408 = LINE('',#10409,#10410);
#10409 = CARTESIAN_POINT('',(-0.,0.));
#10410 = VECTOR('',#10411,1.);
#10411 = DIRECTION('',(-1.,0.));
#10412 = ( GEOMETRIC_REPRESENTATION_CONTEXT(2) 
PARAMETRIC_REPRESENTATION_CONTEXT() REPRESENTATION_CONTEXT('2D SPACE',''
  ) );
#10413 = PCURVE('',#8373,#10414);
#10414 = DEFINITIONAL_REPRESENTATION('',(#10415),#10419);
#10415 = CIRCLE('',#10416,3.9);
#10416 = AXIS2_PLACEMENT_2D('',#10417,#10418);
#10417 = CARTESIAN_POINT('',(-0.707533727551,1.));
#10418 = DIRECTION('',(0.707106781187,0.707106781187));
#10419 = ( GEOMETRIC_REPRESENTATION_CONTEXT(2) 
PARAMETRIC_REPRESENTATION_CONTEXT() REPRESENTATION_CONTEXT('2D SPACE',''
  ) );
#10420 = ORIENTED_EDGE('',*,*,#10375,.T.);
#10421 = ORIENTED_EDGE('',*,*,#3969,.F.);
#10422 = ORIENTED_EDGE('',*,*,#10324,.F.);
#10423 = ADVANCED_FACE('',(#10424),#4077,.F.);
#10424 = FACE_BOUND('',#10425,.T.);
#10425 = EDGE_LOOP('',(#10426,#10452,#10473,#10474));
#10426 = ORIENTED_EDGE('',*,*,#10427,.F.);
#10427 = EDGE_CURVE('',#10428,#10430,#10432,.T.);
#10428 = VERTEX_POINT('',#10429);
#10429 = CARTESIAN_POINT('',(157.4,193.5,30.6));
#10430 = VERTEX_POINT('',#10431);
#10431 = CARTESIAN_POINT('',(157.4,196.25771644662,37.257716446628));
#10432 = SURFACE_CURVE('',#10433,(#10438,#10445),.PCURVE_S1.);
#10433 = CIRCLE('',#10434,3.9);
#10434 = AXIS2_PLACEMENT_3D('',#10435,#10436,#10437);
#10435 = CARTESIAN_POINT('',(157.4,193.5,34.5));
#10436 = DIRECTION('',(1.,0.,0.));
#10437 = DIRECTION('',(0.,-0.,-1.));
#10438 = PCURVE('',#4077,#10439);
#10439 = DEFINITIONAL_REPRESENTATION('',(#10440),#10444);
#10440 = LINE('',#10441,#10442);
#10441 = CARTESIAN_POINT('',(-0.,0.));
#10442 = VECTOR('',#10443,1.);
#10443 = DIRECTION('',(-1.,0.));
#10444 = ( GEOMETRIC_REPRESENTATION_CONTEXT(2) 
PARAMETRIC_REPRESENTATION_CONTEXT() REPRESENTATION_CONTEXT('2D SPACE',''
  ) );
#10445 = PCURVE('',#8627,#10446);
#10446 = DEFINITIONAL_REPRESENTATION('',(#10447),#10451);
#10447 = CIRCLE('',#10448,3.9);
#10448 = AXIS2_PLACEMENT_2D('',#10449,#10450);
#10449 = CARTESIAN_POINT('',(-0.707533727551,-1.));
#10450 = DIRECTION('',(-1.,0.));
#10451 = ( GEOMETRIC_REPRESENTATION_CONTEXT(2) 
PARAMETRIC_REPRESENTATION_CONTEXT() REPRESENTATION_CONTEXT('2D SPACE',''
  ) );
#10452 = ORIENTED_EDGE('',*,*,#10453,.T.);
#10453 = EDGE_CURVE('',#10428,#4057,#10454,.T.);
#10454 = SURFACE_CURVE('',#10455,(#10459,#10466),.PCURVE_S1.);
#10455 = LINE('',#10456,#10457);
#10456 = CARTESIAN_POINT('',(157.4,193.5,30.6));
#10457 = VECTOR('',#10458,1.);
#10458 = DIRECTION('',(1.,0.,0.));
#10459 = PCURVE('',#4077,#10460);
#10460 = DEFINITIONAL_REPRESENTATION('',(#10461),#10465);
#10461 = LINE('',#10462,#10463);
#10462 = CARTESIAN_POINT('',(-0.,0.));
#10463 = VECTOR('',#10464,1.);
#10464 = DIRECTION('',(-0.,-1.));
#10465 = ( GEOMETRIC_REPRESENTATION_CONTEXT(2) 
PARAMETRIC_REPRESENTATION_CONTEXT() REPRESENTATION_CONTEXT('2D SPACE',''
  ) );
#10466 = PCURVE('',#4104,#10467);
#10467 = DEFINITIONAL_REPRESENTATION('',(#10468),#10472);
#10468 = LINE('',#10469,#10470);
#10469 = CARTESIAN_POINT('',(2.,0.));
#10470 = VECTOR('',#10471,1.);
#10471 = DIRECTION('',(0.,-1.));
#10472 = ( GEOMETRIC_REPRESENTATION_CONTEXT(2) 
PARAMETRIC_REPRESENTATION_CONTEXT() REPRESENTATION_CONTEXT('2D SPACE',''
  ) );
#10473 = ORIENTED_EDGE('',*,*,#4054,.F.);
#10474 = ORIENTED_EDGE('',*,*,#10475,.F.);
#10475 = EDGE_CURVE('',#10430,#4055,#10476,.T.);
#10476 = SURFACE_CURVE('',#10477,(#10481,#10488),.PCURVE_S1.);
#10477 = LINE('',#10478,#10479);
#10478 = CARTESIAN_POINT('',(157.4,196.25771644662,37.257716446628));
#10479 = VECTOR('',#10480,1.);
#10480 = DIRECTION('',(1.,0.,0.));
#10481 = PCURVE('',#4077,#10482);
#10482 = DEFINITIONAL_REPRESENTATION('',(#10483),#10487);
#10483 = LINE('',#10484,#10485);
#10484 = CARTESIAN_POINT('',(-2.356194490192,0.));
#10485 = VECTOR('',#10486,1.);
#10486 = DIRECTION('',(-0.,-1.));
#10487 = ( GEOMETRIC_REPRESENTATION_CONTEXT(2) 
PARAMETRIC_REPRESENTATION_CONTEXT() REPRESENTATION_CONTEXT('2D SPACE',''
  ) );
#10488 = PCURVE('',#4187,#10489);
#10489 = DEFINITIONAL_REPRESENTATION('',(#10490),#10494);
#10490 = LINE('',#10491,#10492);
#10491 = CARTESIAN_POINT('',(0.,0.));
#10492 = VECTOR('',#10493,1.);
#10493 = DIRECTION('',(0.,-1.));
#10494 = ( GEOMETRIC_REPRESENTATION_CONTEXT(2) 
PARAMETRIC_REPRESENTATION_CONTEXT() REPRESENTATION_CONTEXT('2D SPACE',''
  ) );
#10495 = ADVANCED_FACE('',(#10496),#4187,.T.);
#10496 = FACE_BOUND('',#10497,.T.);
#10497 = EDGE_LOOP('',(#10498,#10521,#10522,#10523));
#10498 = ORIENTED_EDGE('',*,*,#10499,.F.);
#10499 = EDGE_CURVE('',#10430,#10500,#10502,.T.);
#10500 = VERTEX_POINT('',#10501);
#10501 = CARTESIAN_POINT('',(157.4,192.5,41.015432893255));
#10502 = SURFACE_CURVE('',#10503,(#10507,#10514),.PCURVE_S1.);
#10503 = LINE('',#10504,#10505);
#10504 = CARTESIAN_POINT('',(157.4,196.25771644662,37.257716446628));
#10505 = VECTOR('',#10506,1.);
#10506 = DIRECTION('',(0.,-0.707106781187,0.707106781187));
#10507 = PCURVE('',#4187,#10508);
#10508 = DEFINITIONAL_REPRESENTATION('',(#10509),#10513);
#10509 = LINE('',#10510,#10511);
#10510 = CARTESIAN_POINT('',(0.,0.));
#10511 = VECTOR('',#10512,1.);
#10512 = DIRECTION('',(1.,0.));
#10513 = ( GEOMETRIC_REPRESENTATION_CONTEXT(2) 
PARAMETRIC_REPRESENTATION_CONTEXT() REPRESENTATION_CONTEXT('2D SPACE',''
  ) );
#10514 = PCURVE('',#8627,#10515);
#10515 = DEFINITIONAL_REPRESENTATION('',(#10516),#10520);
#10516 = LINE('',#10517,#10518);
#10517 = CARTESIAN_POINT('',(2.050182719077,-3.757716446628));
#10518 = VECTOR('',#10519,1.);
#10519 = DIRECTION('',(0.707106781187,0.707106781187));
#10520 = ( GEOMETRIC_REPRESENTATION_CONTEXT(2) 
PARAMETRIC_REPRESENTATION_CONTEXT() REPRESENTATION_CONTEXT('2D SPACE',''
  ) );
#10521 = ORIENTED_EDGE('',*,*,#10475,.T.);
#10522 = ORIENTED_EDGE('',*,*,#4174,.F.);
#10523 = ORIENTED_EDGE('',*,*,#10524,.F.);
#10524 = EDGE_CURVE('',#10500,#4149,#10525,.T.);
#10525 = SURFACE_CURVE('',#10526,(#10530,#10537),.PCURVE_S1.);
#10526 = LINE('',#10527,#10528);
#10527 = CARTESIAN_POINT('',(157.4,192.5,41.015432893255));
#10528 = VECTOR('',#10529,1.);
#10529 = DIRECTION('',(1.,0.,0.));
#10530 = PCURVE('',#4187,#10531);
#10531 = DEFINITIONAL_REPRESENTATION('',(#10532),#10536);
#10532 = LINE('',#10533,#10534);
#10533 = CARTESIAN_POINT('',(5.314213562373,0.));
#10534 = VECTOR('',#10535,1.);
#10535 = DIRECTION('',(0.,-1.));
#10536 = ( GEOMETRIC_REPRESENTATION_CONTEXT(2) 
PARAMETRIC_REPRESENTATION_CONTEXT() REPRESENTATION_CONTEXT('2D SPACE',''
  ) );
#10537 = PCURVE('',#4163,#10538);
#10538 = DEFINITIONAL_REPRESENTATION('',(#10539),#10543);
#10539 = LINE('',#10540,#10541);
#10540 = CARTESIAN_POINT('',(0.,0.));
#10541 = VECTOR('',#10542,1.);
#10542 = DIRECTION('',(0.,-1.));
#10543 = ( GEOMETRIC_REPRESENTATION_CONTEXT(2) 
PARAMETRIC_REPRESENTATION_CONTEXT() REPRESENTATION_CONTEXT('2D SPACE',''
  ) );
#10544 = ADVANCED_FACE('',(#10545),#4163,.T.);
#10545 = FACE_BOUND('',#10546,.T.);
#10546 = EDGE_LOOP('',(#10547,#10570,#10571,#10572));
#10547 = ORIENTED_EDGE('',*,*,#10548,.F.);
#10548 = EDGE_CURVE('',#10500,#10549,#10551,.T.);
#10549 = VERTEX_POINT('',#10550);
#10550 = CARTESIAN_POINT('',(157.4,188.74228355337,37.257716446628));
#10551 = SURFACE_CURVE('',#10552,(#10556,#10563),.PCURVE_S1.);
#10552 = LINE('',#10553,#10554);
#10553 = CARTESIAN_POINT('',(157.4,192.5,41.015432893255));
#10554 = VECTOR('',#10555,1.);
#10555 = DIRECTION('',(0.,-0.707106781187,-0.707106781187));
#10556 = PCURVE('',#4163,#10557);
#10557 = DEFINITIONAL_REPRESENTATION('',(#10558),#10562);
#10558 = LINE('',#10559,#10560);
#10559 = CARTESIAN_POINT('',(0.,0.));
#10560 = VECTOR('',#10561,1.);
#10561 = DIRECTION('',(1.,0.));
#10562 = ( GEOMETRIC_REPRESENTATION_CONTEXT(2) 
PARAMETRIC_REPRESENTATION_CONTEXT() REPRESENTATION_CONTEXT('2D SPACE',''
  ) );
#10563 = PCURVE('',#8627,#10564);
#10564 = DEFINITIONAL_REPRESENTATION('',(#10565),#10569);
#10565 = LINE('',#10566,#10567);
#10566 = CARTESIAN_POINT('',(5.807899165704,-2.84217094304E-14));
#10567 = VECTOR('',#10568,1.);
#10568 = DIRECTION('',(-0.707106781187,0.707106781187));
#10569 = ( GEOMETRIC_REPRESENTATION_CONTEXT(2) 
PARAMETRIC_REPRESENTATION_CONTEXT() REPRESENTATION_CONTEXT('2D SPACE',''
  ) );
#10570 = ORIENTED_EDGE('',*,*,#10524,.T.);
#10571 = ORIENTED_EDGE('',*,*,#4148,.F.);
#10572 = ORIENTED_EDGE('',*,*,#10573,.F.);
#10573 = EDGE_CURVE('',#10549,#4116,#10574,.T.);
#10574 = SURFACE_CURVE('',#10575,(#10579,#10586),.PCURVE_S1.);
#10575 = LINE('',#10576,#10577);
#10576 = CARTESIAN_POINT('',(157.4,188.74228355337,37.257716446628));
#10577 = VECTOR('',#10578,1.);
#10578 = DIRECTION('',(1.,0.,0.));
#10579 = PCURVE('',#4163,#10580);
#10580 = DEFINITIONAL_REPRESENTATION('',(#10581),#10585);
#10581 = LINE('',#10582,#10583);
#10582 = CARTESIAN_POINT('',(5.314213562373,0.));
#10583 = VECTOR('',#10584,1.);
#10584 = DIRECTION('',(0.,-1.));
#10585 = ( GEOMETRIC_REPRESENTATION_CONTEXT(2) 
PARAMETRIC_REPRESENTATION_CONTEXT() REPRESENTATION_CONTEXT('2D SPACE',''
  ) );
#10586 = PCURVE('',#4136,#10587);
#10587 = DEFINITIONAL_REPRESENTATION('',(#10588),#10592);
#10588 = LINE('',#10589,#10590);
#10589 = CARTESIAN_POINT('',(-0.,0.));
#10590 = VECTOR('',#10591,1.);
#10591 = DIRECTION('',(-0.,-1.));
#10592 = ( GEOMETRIC_REPRESENTATION_CONTEXT(2) 
PARAMETRIC_REPRESENTATION_CONTEXT() REPRESENTATION_CONTEXT('2D SPACE',''
  ) );
#10593 = ADVANCED_FACE('',(#10594),#4136,.F.);
#10594 = FACE_BOUND('',#10595,.T.);
#10595 = EDGE_LOOP('',(#10596,#10620,#10621,#10622));
#10596 = ORIENTED_EDGE('',*,*,#10597,.F.);
#10597 = EDGE_CURVE('',#10549,#10598,#10600,.T.);
#10598 = VERTEX_POINT('',#10599);
#10599 = CARTESIAN_POINT('',(157.4,191.5,30.6));
#10600 = SURFACE_CURVE('',#10601,(#10606,#10613),.PCURVE_S1.);
#10601 = CIRCLE('',#10602,3.9);
#10602 = AXIS2_PLACEMENT_3D('',#10603,#10604,#10605);
#10603 = CARTESIAN_POINT('',(157.4,191.5,34.5));
#10604 = DIRECTION('',(1.,0.,0.));
#10605 = DIRECTION('',(0.,-0.707106781187,0.707106781187));
#10606 = PCURVE('',#4136,#10607);
#10607 = DEFINITIONAL_REPRESENTATION('',(#10608),#10612);
#10608 = LINE('',#10609,#10610);
#10609 = CARTESIAN_POINT('',(-0.,0.));
#10610 = VECTOR('',#10611,1.);
#10611 = DIRECTION('',(-1.,0.));
#10612 = ( GEOMETRIC_REPRESENTATION_CONTEXT(2) 
PARAMETRIC_REPRESENTATION_CONTEXT() REPRESENTATION_CONTEXT('2D SPACE',''
  ) );
#10613 = PCURVE('',#8627,#10614);
#10614 = DEFINITIONAL_REPRESENTATION('',(#10615),#10619);
#10615 = CIRCLE('',#10616,3.9);
#10616 = AXIS2_PLACEMENT_2D('',#10617,#10618);
#10617 = CARTESIAN_POINT('',(-0.707533727551,1.));
#10618 = DIRECTION('',(0.707106781187,0.707106781187));
#10619 = ( GEOMETRIC_REPRESENTATION_CONTEXT(2) 
PARAMETRIC_REPRESENTATION_CONTEXT() REPRESENTATION_CONTEXT('2D SPACE',''
  ) );
#10620 = ORIENTED_EDGE('',*,*,#10573,.T.);
#10621 = ORIENTED_EDGE('',*,*,#4115,.F.);
#10622 = ORIENTED_EDGE('',*,*,#10623,.F.);
#10623 = EDGE_CURVE('',#10598,#4090,#10624,.T.);
#10624 = SURFACE_CURVE('',#10625,(#10629,#10636),.PCURVE_S1.);
#10625 = LINE('',#10626,#10627);
#10626 = CARTESIAN_POINT('',(157.4,191.5,30.6));
#10627 = VECTOR('',#10628,1.);
#10628 = DIRECTION('',(1.,0.,0.));
#10629 = PCURVE('',#4136,#10630);
#10630 = DEFINITIONAL_REPRESENTATION('',(#10631),#10635);
#10631 = LINE('',#10632,#10633);
#10632 = CARTESIAN_POINT('',(-2.356194490192,0.));
#10633 = VECTOR('',#10634,1.);
#10634 = DIRECTION('',(-0.,-1.));
#10635 = ( GEOMETRIC_REPRESENTATION_CONTEXT(2) 
PARAMETRIC_REPRESENTATION_CONTEXT() REPRESENTATION_CONTEXT('2D SPACE',''
  ) );
#10636 = PCURVE('',#4104,#10637);
#10637 = DEFINITIONAL_REPRESENTATION('',(#10638),#10642);
#10638 = LINE('',#10639,#10640);
#10639 = CARTESIAN_POINT('',(0.,0.));
#10640 = VECTOR('',#10641,1.);
#10641 = DIRECTION('',(0.,-1.));
#10642 = ( GEOMETRIC_REPRESENTATION_CONTEXT(2) 
PARAMETRIC_REPRESENTATION_CONTEXT() REPRESENTATION_CONTEXT('2D SPACE',''
  ) );
#10643 = ADVANCED_FACE('',(#10644),#4104,.T.);
#10644 = FACE_BOUND('',#10645,.T.);
#10645 = EDGE_LOOP('',(#10646,#10667,#10668,#10669));
#10646 = ORIENTED_EDGE('',*,*,#10647,.F.);
#10647 = EDGE_CURVE('',#10598,#10428,#10648,.T.);
#10648 = SURFACE_CURVE('',#10649,(#10653,#10660),.PCURVE_S1.);
#10649 = LINE('',#10650,#10651);
#10650 = CARTESIAN_POINT('',(157.4,191.5,30.6));
#10651 = VECTOR('',#10652,1.);
#10652 = DIRECTION('',(0.,1.,0.));
#10653 = PCURVE('',#4104,#10654);
#10654 = DEFINITIONAL_REPRESENTATION('',(#10655),#10659);
#10655 = LINE('',#10656,#10657);
#10656 = CARTESIAN_POINT('',(0.,0.));
#10657 = VECTOR('',#10658,1.);
#10658 = DIRECTION('',(1.,0.));
#10659 = ( GEOMETRIC_REPRESENTATION_CONTEXT(2) 
PARAMETRIC_REPRESENTATION_CONTEXT() REPRESENTATION_CONTEXT('2D SPACE',''
  ) );
#10660 = PCURVE('',#8627,#10661);
#10661 = DEFINITIONAL_REPRESENTATION('',(#10662),#10666);
#10662 = LINE('',#10663,#10664);
#10663 = CARTESIAN_POINT('',(-4.607533727551,1.));
#10664 = VECTOR('',#10665,1.);
#10665 = DIRECTION('',(0.,-1.));
#10666 = ( GEOMETRIC_REPRESENTATION_CONTEXT(2) 
PARAMETRIC_REPRESENTATION_CONTEXT() REPRESENTATION_CONTEXT('2D SPACE',''
  ) );
#10667 = ORIENTED_EDGE('',*,*,#10623,.T.);
#10668 = ORIENTED_EDGE('',*,*,#4089,.F.);
#10669 = ORIENTED_EDGE('',*,*,#10453,.F.);
#10670 = ADVANCED_FACE('',(#10671),#4239,.F.);
#10671 = FACE_BOUND('',#10672,.F.);
#10672 = EDGE_LOOP('',(#10673,#10674,#10675,#10676,#10677,#10678));
#10673 = ORIENTED_EDGE('',*,*,#8152,.F.);
#10674 = ORIENTED_EDGE('',*,*,#8183,.T.);
#10675 = ORIENTED_EDGE('',*,*,#8232,.T.);
#10676 = ORIENTED_EDGE('',*,*,#8281,.F.);
#10677 = ORIENTED_EDGE('',*,*,#4224,.T.);
#10678 = ORIENTED_EDGE('',*,*,#8037,.F.);
#10679 = ADVANCED_FACE('',(#10680),#5028,.T.);
#10680 = FACE_BOUND('',#10681,.T.);
#10681 = EDGE_LOOP('',(#10682,#10683,#10704,#10705));
#10682 = ORIENTED_EDGE('',*,*,#7350,.T.);
#10683 = ORIENTED_EDGE('',*,*,#10684,.T.);
#10684 = EDGE_CURVE('',#7351,#5014,#10685,.T.);
#10685 = SURFACE_CURVE('',#10686,(#10690,#10697),.PCURVE_S1.);
#10686 = LINE('',#10687,#10688);
#10687 = CARTESIAN_POINT('',(215.,20.540559159102,12.540559159102));
#10688 = VECTOR('',#10689,1.);
#10689 = DIRECTION('',(1.,0.,0.));
#10690 = PCURVE('',#5028,#10691);
#10691 = DEFINITIONAL_REPRESENTATION('',(#10692),#10696);
#10692 = LINE('',#10693,#10694);
#10693 = CARTESIAN_POINT('',(0.,0.));
#10694 = VECTOR('',#10695,1.);
#10695 = DIRECTION('',(0.,-1.));
#10696 = ( GEOMETRIC_REPRESENTATION_CONTEXT(2) 
PARAMETRIC_REPRESENTATION_CONTEXT() REPRESENTATION_CONTEXT('2D SPACE',''
  ) );
#10697 = PCURVE('',#5060,#10698);
#10698 = DEFINITIONAL_REPRESENTATION('',(#10699),#10703);
#10699 = LINE('',#10700,#10701);
#10700 = CARTESIAN_POINT('',(-8.639379797372,0.));
#10701 = VECTOR('',#10702,1.);
#10702 = DIRECTION('',(-0.,-1.));
#10703 = ( GEOMETRIC_REPRESENTATION_CONTEXT(2) 
PARAMETRIC_REPRESENTATION_CONTEXT() REPRESENTATION_CONTEXT('2D SPACE',''
  ) );
#10704 = ORIENTED_EDGE('',*,*,#5011,.F.);
#10705 = ORIENTED_EDGE('',*,*,#10706,.F.);
#10706 = EDGE_CURVE('',#7330,#5012,#10707,.T.);
#10707 = SURFACE_CURVE('',#10708,(#10712,#10719),.PCURVE_S1.);
#10708 = LINE('',#10709,#10710);
#10709 = CARTESIAN_POINT('',(215.,17.5,15.581118318204));
#10710 = VECTOR('',#10711,1.);
#10711 = DIRECTION('',(1.,0.,0.));
#10712 = PCURVE('',#5028,#10713);
#10713 = DEFINITIONAL_REPRESENTATION('',(#10714),#10718);
#10714 = LINE('',#10715,#10716);
#10715 = CARTESIAN_POINT('',(4.3,0.));
#10716 = VECTOR('',#10717,1.);
#10717 = DIRECTION('',(0.,-1.));
#10718 = ( GEOMETRIC_REPRESENTATION_CONTEXT(2) 
PARAMETRIC_REPRESENTATION_CONTEXT() REPRESENTATION_CONTEXT('2D SPACE',''
  ) );
#10719 = PCURVE('',#5085,#10720);
#10720 = DEFINITIONAL_REPRESENTATION('',(#10721),#10725);
#10721 = LINE('',#10722,#10723);
#10722 = CARTESIAN_POINT('',(0.,0.));
#10723 = VECTOR('',#10724,1.);
#10724 = DIRECTION('',(0.,-1.));
#10725 = ( GEOMETRIC_REPRESENTATION_CONTEXT(2) 
PARAMETRIC_REPRESENTATION_CONTEXT() REPRESENTATION_CONTEXT('2D SPACE',''
  ) );
#10726 = ADVANCED_FACE('',(#10727),#5085,.T.);
#10727 = FACE_BOUND('',#10728,.T.);
#10728 = EDGE_LOOP('',(#10729,#10730,#10731,#10732,#10753));
#10729 = ORIENTED_EDGE('',*,*,#7329,.T.);
#10730 = ORIENTED_EDGE('',*,*,#10706,.T.);
#10731 = ORIENTED_EDGE('',*,*,#5072,.F.);
#10732 = ORIENTED_EDGE('',*,*,#10733,.F.);
#10733 = EDGE_CURVE('',#6920,#5040,#10734,.T.);
#10734 = SURFACE_CURVE('',#10735,(#10739,#10746),.PCURVE_S1.);
#10735 = LINE('',#10736,#10737);
#10736 = CARTESIAN_POINT('',(215.,14.459440840898,12.540559159102));
#10737 = VECTOR('',#10738,1.);
#10738 = DIRECTION('',(1.,0.,0.));
#10739 = PCURVE('',#5085,#10740);
#10740 = DEFINITIONAL_REPRESENTATION('',(#10741),#10745);
#10741 = LINE('',#10742,#10743);
#10742 = CARTESIAN_POINT('',(4.3,0.));
#10743 = VECTOR('',#10744,1.);
#10744 = DIRECTION('',(0.,-1.));
#10745 = ( GEOMETRIC_REPRESENTATION_CONTEXT(2) 
PARAMETRIC_REPRESENTATION_CONTEXT() REPRESENTATION_CONTEXT('2D SPACE',''
  ) );
#10746 = PCURVE('',#5060,#10747);
#10747 = DEFINITIONAL_REPRESENTATION('',(#10748),#10752);
#10748 = LINE('',#10749,#10750);
#10749 = CARTESIAN_POINT('',(-3.926990816987,0.));
#10750 = VECTOR('',#10751,1.);
#10751 = DIRECTION('',(-0.,-1.));
#10752 = ( GEOMETRIC_REPRESENTATION_CONTEXT(2) 
PARAMETRIC_REPRESENTATION_CONTEXT() REPRESENTATION_CONTEXT('2D SPACE',''
  ) );
#10753 = ORIENTED_EDGE('',*,*,#6919,.F.);
#10754 = ADVANCED_FACE('',(#10755),#5060,.F.);
#10755 = FACE_BOUND('',#10756,.T.);
#10756 = EDGE_LOOP('',(#10757,#10758,#10759,#10760,#10761));
#10757 = ORIENTED_EDGE('',*,*,#10684,.F.);
#10758 = ORIENTED_EDGE('',*,*,#7371,.T.);
#10759 = ORIENTED_EDGE('',*,*,#6946,.F.);
#10760 = ORIENTED_EDGE('',*,*,#10733,.T.);
#10761 = ORIENTED_EDGE('',*,*,#5039,.F.);
#10762 = ADVANCED_FACE('',(#10763),#5201,.T.);
#10763 = FACE_BOUND('',#10764,.T.);
#10764 = EDGE_LOOP('',(#10765,#10766,#10787,#10788));
#10765 = ORIENTED_EDGE('',*,*,#7281,.T.);
#10766 = ORIENTED_EDGE('',*,*,#10767,.T.);
#10767 = EDGE_CURVE('',#7282,#5187,#10768,.T.);
#10768 = SURFACE_CURVE('',#10769,(#10773,#10780),.PCURVE_S1.);
#10769 = LINE('',#10770,#10771);
#10770 = CARTESIAN_POINT('',(215.,20.540559159102,37.540559159102));
#10771 = VECTOR('',#10772,1.);
#10772 = DIRECTION('',(1.,0.,0.));
#10773 = PCURVE('',#5201,#10774);
#10774 = DEFINITIONAL_REPRESENTATION('',(#10775),#10779);
#10775 = LINE('',#10776,#10777);
#10776 = CARTESIAN_POINT('',(0.,0.));
#10777 = VECTOR('',#10778,1.);
#10778 = DIRECTION('',(0.,-1.));
#10779 = ( GEOMETRIC_REPRESENTATION_CONTEXT(2) 
PARAMETRIC_REPRESENTATION_CONTEXT() REPRESENTATION_CONTEXT('2D SPACE',''
  ) );
#10780 = PCURVE('',#5233,#10781);
#10781 = DEFINITIONAL_REPRESENTATION('',(#10782),#10786);
#10782 = LINE('',#10783,#10784);
#10783 = CARTESIAN_POINT('',(-2.356194490192,0.));
#10784 = VECTOR('',#10785,1.);
#10785 = DIRECTION('',(-0.,-1.));
#10786 = ( GEOMETRIC_REPRESENTATION_CONTEXT(2) 
PARAMETRIC_REPRESENTATION_CONTEXT() REPRESENTATION_CONTEXT('2D SPACE',''
  ) );
#10787 = ORIENTED_EDGE('',*,*,#5184,.F.);
#10788 = ORIENTED_EDGE('',*,*,#10789,.F.);
#10789 = EDGE_CURVE('',#7261,#5185,#10790,.T.);
#10790 = SURFACE_CURVE('',#10791,(#10795,#10802),.PCURVE_S1.);
#10791 = LINE('',#10792,#10793);
#10792 = CARTESIAN_POINT('',(215.,17.5,40.581118318204));
#10793 = VECTOR('',#10794,1.);
#10794 = DIRECTION('',(1.,0.,0.));
#10795 = PCURVE('',#5201,#10796);
#10796 = DEFINITIONAL_REPRESENTATION('',(#10797),#10801);
#10797 = LINE('',#10798,#10799);
#10798 = CARTESIAN_POINT('',(4.3,0.));
#10799 = VECTOR('',#10800,1.);
#10800 = DIRECTION('',(0.,-1.));
#10801 = ( GEOMETRIC_REPRESENTATION_CONTEXT(2) 
PARAMETRIC_REPRESENTATION_CONTEXT() REPRESENTATION_CONTEXT('2D SPACE',''
  ) );
#10802 = PCURVE('',#5258,#10803);
#10803 = DEFINITIONAL_REPRESENTATION('',(#10804),#10808);
#10804 = LINE('',#10805,#10806);
#10805 = CARTESIAN_POINT('',(0.,0.));
#10806 = VECTOR('',#10807,1.);
#10807 = DIRECTION('',(0.,-1.));
#10808 = ( GEOMETRIC_REPRESENTATION_CONTEXT(2) 
PARAMETRIC_REPRESENTATION_CONTEXT() REPRESENTATION_CONTEXT('2D SPACE',''
  ) );
#10809 = ADVANCED_FACE('',(#10810),#5258,.T.);
#10810 = FACE_BOUND('',#10811,.T.);
#10811 = EDGE_LOOP('',(#10812,#10813,#10814,#10815,#10836));
#10812 = ORIENTED_EDGE('',*,*,#7260,.T.);
#10813 = ORIENTED_EDGE('',*,*,#10789,.T.);
#10814 = ORIENTED_EDGE('',*,*,#5245,.F.);
#10815 = ORIENTED_EDGE('',*,*,#10816,.F.);
#10816 = EDGE_CURVE('',#6746,#5213,#10817,.T.);
#10817 = SURFACE_CURVE('',#10818,(#10822,#10829),.PCURVE_S1.);
#10818 = LINE('',#10819,#10820);
#10819 = CARTESIAN_POINT('',(215.,14.459440840898,37.540559159102));
#10820 = VECTOR('',#10821,1.);
#10821 = DIRECTION('',(1.,0.,0.));
#10822 = PCURVE('',#5258,#10823);
#10823 = DEFINITIONAL_REPRESENTATION('',(#10824),#10828);
#10824 = LINE('',#10825,#10826);
#10825 = CARTESIAN_POINT('',(4.3,0.));
#10826 = VECTOR('',#10827,1.);
#10827 = DIRECTION('',(0.,-1.));
#10828 = ( GEOMETRIC_REPRESENTATION_CONTEXT(2) 
PARAMETRIC_REPRESENTATION_CONTEXT() REPRESENTATION_CONTEXT('2D SPACE',''
  ) );
#10829 = PCURVE('',#5233,#10830);
#10830 = DEFINITIONAL_REPRESENTATION('',(#10831),#10835);
#10831 = LINE('',#10832,#10833);
#10832 = CARTESIAN_POINT('',(2.356194490192,-0.));
#10833 = VECTOR('',#10834,1.);
#10834 = DIRECTION('',(-0.,-1.));
#10835 = ( GEOMETRIC_REPRESENTATION_CONTEXT(2) 
PARAMETRIC_REPRESENTATION_CONTEXT() REPRESENTATION_CONTEXT('2D SPACE',''
  ) );
#10836 = ORIENTED_EDGE('',*,*,#6745,.F.);
#10837 = ADVANCED_FACE('',(#10838),#5233,.F.);
#10838 = FACE_BOUND('',#10839,.T.);
#10839 = EDGE_LOOP('',(#10840,#10841,#10842,#10843,#10844));
#10840 = ORIENTED_EDGE('',*,*,#10767,.F.);
#10841 = ORIENTED_EDGE('',*,*,#7302,.T.);
#10842 = ORIENTED_EDGE('',*,*,#6772,.F.);
#10843 = ORIENTED_EDGE('',*,*,#10816,.T.);
#10844 = ORIENTED_EDGE('',*,*,#5212,.F.);
#10845 = ADVANCED_FACE('',(#10846),#5966,.F.);
#10846 = FACE_BOUND('',#10847,.F.);
#10847 = EDGE_LOOP('',(#10848,#10849,#10850,#10851));
#10848 = ORIENTED_EDGE('',*,*,#6033,.F.);
#10849 = ORIENTED_EDGE('',*,*,#5950,.T.);
#10850 = ORIENTED_EDGE('',*,*,#6565,.T.);
#10851 = ORIENTED_EDGE('',*,*,#10852,.F.);
#10852 = EDGE_CURVE('',#6003,#6566,#10853,.T.);
#10853 = SURFACE_CURVE('',#10854,(#10858,#10865),.PCURVE_S1.);
#10854 = LINE('',#10855,#10856);
#10855 = CARTESIAN_POINT('',(163.,10.,2.8));
#10856 = VECTOR('',#10857,1.);
#10857 = DIRECTION('',(0.,1.,0.));
#10858 = PCURVE('',#5966,#10859);
#10859 = DEFINITIONAL_REPRESENTATION('',(#10860),#10864);
#10860 = LINE('',#10861,#10862);
#10861 = CARTESIAN_POINT('',(4.712388980385,0.));
#10862 = VECTOR('',#10863,1.);
#10863 = DIRECTION('',(0.,-1.));
#10864 = ( GEOMETRIC_REPRESENTATION_CONTEXT(2) 
PARAMETRIC_REPRESENTATION_CONTEXT() REPRESENTATION_CONTEXT('2D SPACE',''
  ) );
#10865 = PCURVE('',#6021,#10866);
#10866 = DEFINITIONAL_REPRESENTATION('',(#10867),#10871);
#10867 = LINE('',#10868,#10869);
#10868 = CARTESIAN_POINT('',(8.,1.E-02));
#10869 = VECTOR('',#10870,1.);
#10870 = DIRECTION('',(0.,1.));
#10871 = ( GEOMETRIC_REPRESENTATION_CONTEXT(2) 
PARAMETRIC_REPRESENTATION_CONTEXT() REPRESENTATION_CONTEXT('2D SPACE',''
  ) );
#10872 = ADVANCED_FACE('',(#10873),#5915,.F.);
#10873 = FACE_BOUND('',#10874,.T.);
#10874 = EDGE_LOOP('',(#10875,#10898,#10922,#10943,#10944));
#10875 = ORIENTED_EDGE('',*,*,#10876,.F.);
#10876 = EDGE_CURVE('',#10877,#5869,#10879,.T.);
#10877 = VERTEX_POINT('',#10878);
#10878 = CARTESIAN_POINT('',(157.4,20.257716446628,12.257716446628));
#10879 = SURFACE_CURVE('',#10880,(#10884,#10891),.PCURVE_S1.);
#10880 = LINE('',#10881,#10882);
#10881 = CARTESIAN_POINT('',(157.4,20.257716446628,12.257716446628));
#10882 = VECTOR('',#10883,1.);
#10883 = DIRECTION('',(1.,0.,0.));
#10884 = PCURVE('',#5915,#10885);
#10885 = DEFINITIONAL_REPRESENTATION('',(#10886),#10890);
#10886 = LINE('',#10887,#10888);
#10887 = CARTESIAN_POINT('',(-2.356194490192,0.));
#10888 = VECTOR('',#10889,1.);
#10889 = DIRECTION('',(-0.,-1.));
#10890 = ( GEOMETRIC_REPRESENTATION_CONTEXT(2) 
PARAMETRIC_REPRESENTATION_CONTEXT() REPRESENTATION_CONTEXT('2D SPACE',''
  ) );
#10891 = PCURVE('',#5883,#10892);
#10892 = DEFINITIONAL_REPRESENTATION('',(#10893),#10897);
#10893 = LINE('',#10894,#10895);
#10894 = CARTESIAN_POINT('',(0.,0.));
#10895 = VECTOR('',#10896,1.);
#10896 = DIRECTION('',(0.,-1.));
#10897 = ( GEOMETRIC_REPRESENTATION_CONTEXT(2) 
PARAMETRIC_REPRESENTATION_CONTEXT() REPRESENTATION_CONTEXT('2D SPACE',''
  ) );
#10898 = ORIENTED_EDGE('',*,*,#10899,.F.);
#10899 = EDGE_CURVE('',#10900,#10877,#10902,.T.);
#10900 = VERTEX_POINT('',#10901);
#10901 = CARTESIAN_POINT('',(157.4,14.742283553372,12.257716446628));
#10902 = SURFACE_CURVE('',#10903,(#10908,#10915),.PCURVE_S1.);
#10903 = CIRCLE('',#10904,3.9);
#10904 = AXIS2_PLACEMENT_3D('',#10905,#10906,#10907);
#10905 = CARTESIAN_POINT('',(157.4,17.5,9.5));
#10906 = DIRECTION('',(1.,0.,0.));
#10907 = DIRECTION('',(0.,-0.707106781187,0.707106781187));
#10908 = PCURVE('',#5915,#10909);
#10909 = DEFINITIONAL_REPRESENTATION('',(#10910),#10914);
#10910 = LINE('',#10911,#10912);
#10911 = CARTESIAN_POINT('',(2.356194490192,-0.));
#10912 = VECTOR('',#10913,1.);
#10913 = DIRECTION('',(-1.,0.));
#10914 = ( GEOMETRIC_REPRESENTATION_CONTEXT(2) 
PARAMETRIC_REPRESENTATION_CONTEXT() REPRESENTATION_CONTEXT('2D SPACE',''
  ) );
#10915 = PCURVE('',#8879,#10916);
#10916 = DEFINITIONAL_REPRESENTATION('',(#10917),#10921);
#10917 = CIRCLE('',#10918,3.9);
#10918 = AXIS2_PLACEMENT_2D('',#10919,#10920);
#10919 = CARTESIAN_POINT('',(-0.482017111745,0.));
#10920 = DIRECTION('',(0.707106781187,0.707106781187));
#10921 = ( GEOMETRIC_REPRESENTATION_CONTEXT(2) 
PARAMETRIC_REPRESENTATION_CONTEXT() REPRESENTATION_CONTEXT('2D SPACE',''
  ) );
#10922 = ORIENTED_EDGE('',*,*,#10923,.T.);
#10923 = EDGE_CURVE('',#10900,#6269,#10924,.T.);
#10924 = SURFACE_CURVE('',#10925,(#10929,#10936),.PCURVE_S1.);
#10925 = LINE('',#10926,#10927);
#10926 = CARTESIAN_POINT('',(157.4,14.742283553372,12.257716446628));
#10927 = VECTOR('',#10928,1.);
#10928 = DIRECTION('',(1.,0.,0.));
#10929 = PCURVE('',#5915,#10930);
#10930 = DEFINITIONAL_REPRESENTATION('',(#10931),#10935);
#10931 = LINE('',#10932,#10933);
#10932 = CARTESIAN_POINT('',(2.356194490192,-0.));
#10933 = VECTOR('',#10934,1.);
#10934 = DIRECTION('',(-0.,-1.));
#10935 = ( GEOMETRIC_REPRESENTATION_CONTEXT(2) 
PARAMETRIC_REPRESENTATION_CONTEXT() REPRESENTATION_CONTEXT('2D SPACE',''
  ) );
#10936 = PCURVE('',#5857,#10937);
#10937 = DEFINITIONAL_REPRESENTATION('',(#10938),#10942);
#10938 = LINE('',#10939,#10940);
#10939 = CARTESIAN_POINT('',(3.9,0.));
#10940 = VECTOR('',#10941,1.);
#10941 = DIRECTION('',(0.,-1.));
#10942 = ( GEOMETRIC_REPRESENTATION_CONTEXT(2) 
PARAMETRIC_REPRESENTATION_CONTEXT() REPRESENTATION_CONTEXT('2D SPACE',''
  ) );
#10943 = ORIENTED_EDGE('',*,*,#6268,.T.);
#10944 = ORIENTED_EDGE('',*,*,#5894,.F.);
#10945 = ADVANCED_FACE('',(#10946),#5883,.T.);
#10946 = FACE_BOUND('',#10947,.T.);
#10947 = EDGE_LOOP('',(#10948,#10971,#10972,#10973));
#10948 = ORIENTED_EDGE('',*,*,#10949,.F.);
#10949 = EDGE_CURVE('',#10877,#10950,#10952,.T.);
#10950 = VERTEX_POINT('',#10951);
#10951 = CARTESIAN_POINT('',(157.4,17.5,15.015432893255));
#10952 = SURFACE_CURVE('',#10953,(#10957,#10964),.PCURVE_S1.);
#10953 = LINE('',#10954,#10955);
#10954 = CARTESIAN_POINT('',(157.4,20.257716446628,12.257716446628));
#10955 = VECTOR('',#10956,1.);
#10956 = DIRECTION('',(0.,-0.707106781187,0.707106781187));
#10957 = PCURVE('',#5883,#10958);
#10958 = DEFINITIONAL_REPRESENTATION('',(#10959),#10963);
#10959 = LINE('',#10960,#10961);
#10960 = CARTESIAN_POINT('',(0.,0.));
#10961 = VECTOR('',#10962,1.);
#10962 = DIRECTION('',(1.,0.));
#10963 = ( GEOMETRIC_REPRESENTATION_CONTEXT(2) 
PARAMETRIC_REPRESENTATION_CONTEXT() REPRESENTATION_CONTEXT('2D SPACE',''
  ) );
#10964 = PCURVE('',#8879,#10965);
#10965 = DEFINITIONAL_REPRESENTATION('',(#10966),#10970);
#10966 = LINE('',#10967,#10968);
#10967 = CARTESIAN_POINT('',(2.275699334883,-2.757716446628));
#10968 = VECTOR('',#10969,1.);
#10969 = DIRECTION('',(0.707106781187,0.707106781187));
#10970 = ( GEOMETRIC_REPRESENTATION_CONTEXT(2) 
PARAMETRIC_REPRESENTATION_CONTEXT() REPRESENTATION_CONTEXT('2D SPACE',''
  ) );
#10971 = ORIENTED_EDGE('',*,*,#10876,.T.);
#10972 = ORIENTED_EDGE('',*,*,#5868,.F.);
#10973 = ORIENTED_EDGE('',*,*,#10974,.F.);
#10974 = EDGE_CURVE('',#10950,#5843,#10975,.T.);
#10975 = SURFACE_CURVE('',#10976,(#10980,#10987),.PCURVE_S1.);
#10976 = LINE('',#10977,#10978);
#10977 = CARTESIAN_POINT('',(157.4,17.5,15.015432893255));
#10978 = VECTOR('',#10979,1.);
#10979 = DIRECTION('',(1.,0.,0.));
#10980 = PCURVE('',#5883,#10981);
#10981 = DEFINITIONAL_REPRESENTATION('',(#10982),#10986);
#10982 = LINE('',#10983,#10984);
#10983 = CARTESIAN_POINT('',(3.9,0.));
#10984 = VECTOR('',#10985,1.);
#10985 = DIRECTION('',(0.,-1.));
#10986 = ( GEOMETRIC_REPRESENTATION_CONTEXT(2) 
PARAMETRIC_REPRESENTATION_CONTEXT() REPRESENTATION_CONTEXT('2D SPACE',''
  ) );
#10987 = PCURVE('',#5857,#10988);
#10988 = DEFINITIONAL_REPRESENTATION('',(#10989),#10993);
#10989 = LINE('',#10990,#10991);
#10990 = CARTESIAN_POINT('',(0.,0.));
#10991 = VECTOR('',#10992,1.);
#10992 = DIRECTION('',(0.,-1.));
#10993 = ( GEOMETRIC_REPRESENTATION_CONTEXT(2) 
PARAMETRIC_REPRESENTATION_CONTEXT() REPRESENTATION_CONTEXT('2D SPACE',''
  ) );
#10994 = ADVANCED_FACE('',(#10995),#5857,.T.);
#10995 = FACE_BOUND('',#10996,.T.);
#10996 = EDGE_LOOP('',(#10997,#11018,#11019,#11020,#11021));
#10997 = ORIENTED_EDGE('',*,*,#10998,.F.);
#10998 = EDGE_CURVE('',#10950,#10900,#10999,.T.);
#10999 = SURFACE_CURVE('',#11000,(#11004,#11011),.PCURVE_S1.);
#11000 = LINE('',#11001,#11002);
#11001 = CARTESIAN_POINT('',(157.4,17.5,15.015432893255));
#11002 = VECTOR('',#11003,1.);
#11003 = DIRECTION('',(0.,-0.707106781187,-0.707106781187));
#11004 = PCURVE('',#5857,#11005);
#11005 = DEFINITIONAL_REPRESENTATION('',(#11006),#11010);
#11006 = LINE('',#11007,#11008);
#11007 = CARTESIAN_POINT('',(0.,0.));
#11008 = VECTOR('',#11009,1.);
#11009 = DIRECTION('',(1.,0.));
#11010 = ( GEOMETRIC_REPRESENTATION_CONTEXT(2) 
PARAMETRIC_REPRESENTATION_CONTEXT() REPRESENTATION_CONTEXT('2D SPACE',''
  ) );
#11011 = PCURVE('',#8879,#11012);
#11012 = DEFINITIONAL_REPRESENTATION('',(#11013),#11017);
#11013 = LINE('',#11014,#11015);
#11014 = CARTESIAN_POINT('',(5.03341578151,0.));
#11015 = VECTOR('',#11016,1.);
#11016 = DIRECTION('',(-0.707106781187,0.707106781187));
#11017 = ( GEOMETRIC_REPRESENTATION_CONTEXT(2) 
PARAMETRIC_REPRESENTATION_CONTEXT() REPRESENTATION_CONTEXT('2D SPACE',''
  ) );
#11018 = ORIENTED_EDGE('',*,*,#10974,.T.);
#11019 = ORIENTED_EDGE('',*,*,#5842,.F.);
#11020 = ORIENTED_EDGE('',*,*,#6378,.F.);
#11021 = ORIENTED_EDGE('',*,*,#10923,.F.);
#11022 = ADVANCED_FACE('',(#11023),#5807,.F.);
#11023 = FACE_BOUND('',#11024,.T.);
#11024 = EDGE_LOOP('',(#11025,#11048,#11072,#11093,#11094));
#11025 = ORIENTED_EDGE('',*,*,#11026,.F.);
#11026 = EDGE_CURVE('',#11027,#5761,#11029,.T.);
#11027 = VERTEX_POINT('',#11028);
#11028 = CARTESIAN_POINT('',(157.4,20.257716446628,37.257716446628));
#11029 = SURFACE_CURVE('',#11030,(#11034,#11041),.PCURVE_S1.);
#11030 = LINE('',#11031,#11032);
#11031 = CARTESIAN_POINT('',(157.4,20.257716446628,37.257716446628));
#11032 = VECTOR('',#11033,1.);
#11033 = DIRECTION('',(1.,0.,0.));
#11034 = PCURVE('',#5807,#11035);
#11035 = DEFINITIONAL_REPRESENTATION('',(#11036),#11040);
#11036 = LINE('',#11037,#11038);
#11037 = CARTESIAN_POINT('',(-8.639379797372,0.));
#11038 = VECTOR('',#11039,1.);
#11039 = DIRECTION('',(-0.,-1.));
#11040 = ( GEOMETRIC_REPRESENTATION_CONTEXT(2) 
PARAMETRIC_REPRESENTATION_CONTEXT() REPRESENTATION_CONTEXT('2D SPACE',''
  ) );
#11041 = PCURVE('',#5775,#11042);
#11042 = DEFINITIONAL_REPRESENTATION('',(#11043),#11047);
#11043 = LINE('',#11044,#11045);
#11044 = CARTESIAN_POINT('',(0.,0.));
#11045 = VECTOR('',#11046,1.);
#11046 = DIRECTION('',(0.,-1.));
#11047 = ( GEOMETRIC_REPRESENTATION_CONTEXT(2) 
PARAMETRIC_REPRESENTATION_CONTEXT() REPRESENTATION_CONTEXT('2D SPACE',''
  ) );
#11048 = ORIENTED_EDGE('',*,*,#11049,.F.);
#11049 = EDGE_CURVE('',#11050,#11027,#11052,.T.);
#11050 = VERTEX_POINT('',#11051);
#11051 = CARTESIAN_POINT('',(157.4,14.742283553372,37.257716446628));
#11052 = SURFACE_CURVE('',#11053,(#11058,#11065),.PCURVE_S1.);
#11053 = CIRCLE('',#11054,3.9);
#11054 = AXIS2_PLACEMENT_3D('',#11055,#11056,#11057);
#11055 = CARTESIAN_POINT('',(157.4,17.5,34.5));
#11056 = DIRECTION('',(1.,0.,0.));
#11057 = DIRECTION('',(0.,-0.707106781187,0.707106781187));
#11058 = PCURVE('',#5807,#11059);
#11059 = DEFINITIONAL_REPRESENTATION('',(#11060),#11064);
#11060 = LINE('',#11061,#11062);
#11061 = CARTESIAN_POINT('',(-3.926990816987,0.));
#11062 = VECTOR('',#11063,1.);
#11063 = DIRECTION('',(-1.,0.));
#11064 = ( GEOMETRIC_REPRESENTATION_CONTEXT(2) 
PARAMETRIC_REPRESENTATION_CONTEXT() REPRESENTATION_CONTEXT('2D SPACE',''
  ) );
#11065 = PCURVE('',#9032,#11066);
#11066 = DEFINITIONAL_REPRESENTATION('',(#11067),#11071);
#11067 = CIRCLE('',#11068,3.9);
#11068 = AXIS2_PLACEMENT_2D('',#11069,#11070);
#11069 = CARTESIAN_POINT('',(-0.482017111745,-3.552713678801E-15));
#11070 = DIRECTION('',(0.707106781187,0.707106781187));
#11071 = ( GEOMETRIC_REPRESENTATION_CONTEXT(2) 
PARAMETRIC_REPRESENTATION_CONTEXT() REPRESENTATION_CONTEXT('2D SPACE',''
  ) );
#11072 = ORIENTED_EDGE('',*,*,#11073,.T.);
#11073 = EDGE_CURVE('',#11050,#6405,#11074,.T.);
#11074 = SURFACE_CURVE('',#11075,(#11079,#11086),.PCURVE_S1.);
#11075 = LINE('',#11076,#11077);
#11076 = CARTESIAN_POINT('',(157.4,14.742283553372,37.257716446628));
#11077 = VECTOR('',#11078,1.);
#11078 = DIRECTION('',(1.,0.,0.));
#11079 = PCURVE('',#5807,#11080);
#11080 = DEFINITIONAL_REPRESENTATION('',(#11081),#11085);
#11081 = LINE('',#11082,#11083);
#11082 = CARTESIAN_POINT('',(-3.926990816987,0.));
#11083 = VECTOR('',#11084,1.);
#11084 = DIRECTION('',(-0.,-1.));
#11085 = ( GEOMETRIC_REPRESENTATION_CONTEXT(2) 
PARAMETRIC_REPRESENTATION_CONTEXT() REPRESENTATION_CONTEXT('2D SPACE',''
  ) );
#11086 = PCURVE('',#5749,#11087);
#11087 = DEFINITIONAL_REPRESENTATION('',(#11088),#11092);
#11088 = LINE('',#11089,#11090);
#11089 = CARTESIAN_POINT('',(3.9,0.));
#11090 = VECTOR('',#11091,1.);
#11091 = DIRECTION('',(0.,-1.));
#11092 = ( GEOMETRIC_REPRESENTATION_CONTEXT(2) 
PARAMETRIC_REPRESENTATION_CONTEXT() REPRESENTATION_CONTEXT('2D SPACE',''
  ) );
#11093 = ORIENTED_EDGE('',*,*,#6404,.T.);
#11094 = ORIENTED_EDGE('',*,*,#5786,.F.);
#11095 = ADVANCED_FACE('',(#11096),#5775,.T.);
#11096 = FACE_BOUND('',#11097,.T.);
#11097 = EDGE_LOOP('',(#11098,#11121,#11122,#11123));
#11098 = ORIENTED_EDGE('',*,*,#11099,.F.);
#11099 = EDGE_CURVE('',#11027,#11100,#11102,.T.);
#11100 = VERTEX_POINT('',#11101);
#11101 = CARTESIAN_POINT('',(157.4,17.5,40.015432893255));
#11102 = SURFACE_CURVE('',#11103,(#11107,#11114),.PCURVE_S1.);
#11103 = LINE('',#11104,#11105);
#11104 = CARTESIAN_POINT('',(157.4,20.257716446628,37.257716446628));
#11105 = VECTOR('',#11106,1.);
#11106 = DIRECTION('',(0.,-0.707106781187,0.707106781187));
#11107 = PCURVE('',#5775,#11108);
#11108 = DEFINITIONAL_REPRESENTATION('',(#11109),#11113);
#11109 = LINE('',#11110,#11111);
#11110 = CARTESIAN_POINT('',(0.,0.));
#11111 = VECTOR('',#11112,1.);
#11112 = DIRECTION('',(1.,0.));
#11113 = ( GEOMETRIC_REPRESENTATION_CONTEXT(2) 
PARAMETRIC_REPRESENTATION_CONTEXT() REPRESENTATION_CONTEXT('2D SPACE',''
  ) );
#11114 = PCURVE('',#9032,#11115);
#11115 = DEFINITIONAL_REPRESENTATION('',(#11116),#11120);
#11116 = LINE('',#11117,#11118);
#11117 = CARTESIAN_POINT('',(2.275699334883,-2.757716446628));
#11118 = VECTOR('',#11119,1.);
#11119 = DIRECTION('',(0.707106781187,0.707106781187));
#11120 = ( GEOMETRIC_REPRESENTATION_CONTEXT(2) 
PARAMETRIC_REPRESENTATION_CONTEXT() REPRESENTATION_CONTEXT('2D SPACE',''
  ) );
#11121 = ORIENTED_EDGE('',*,*,#11026,.T.);
#11122 = ORIENTED_EDGE('',*,*,#5760,.F.);
#11123 = ORIENTED_EDGE('',*,*,#11124,.F.);
#11124 = EDGE_CURVE('',#11100,#5735,#11125,.T.);
#11125 = SURFACE_CURVE('',#11126,(#11130,#11137),.PCURVE_S1.);
#11126 = LINE('',#11127,#11128);
#11127 = CARTESIAN_POINT('',(157.4,17.5,40.015432893255));
#11128 = VECTOR('',#11129,1.);
#11129 = DIRECTION('',(1.,0.,0.));
#11130 = PCURVE('',#5775,#11131);
#11131 = DEFINITIONAL_REPRESENTATION('',(#11132),#11136);
#11132 = LINE('',#11133,#11134);
#11133 = CARTESIAN_POINT('',(3.9,0.));
#11134 = VECTOR('',#11135,1.);
#11135 = DIRECTION('',(0.,-1.));
#11136 = ( GEOMETRIC_REPRESENTATION_CONTEXT(2) 
PARAMETRIC_REPRESENTATION_CONTEXT() REPRESENTATION_CONTEXT('2D SPACE',''
  ) );
#11137 = PCURVE('',#5749,#11138);
#11138 = DEFINITIONAL_REPRESENTATION('',(#11139),#11143);
#11139 = LINE('',#11140,#11141);
#11140 = CARTESIAN_POINT('',(0.,0.));
#11141 = VECTOR('',#11142,1.);
#11142 = DIRECTION('',(0.,-1.));
#11143 = ( GEOMETRIC_REPRESENTATION_CONTEXT(2) 
PARAMETRIC_REPRESENTATION_CONTEXT() REPRESENTATION_CONTEXT('2D SPACE',''
  ) );
#11144 = ADVANCED_FACE('',(#11145),#5749,.T.);
#11145 = FACE_BOUND('',#11146,.T.);
#11146 = EDGE_LOOP('',(#11147,#11168,#11169,#11170,#11171));
#11147 = ORIENTED_EDGE('',*,*,#11148,.F.);
#11148 = EDGE_CURVE('',#11100,#11050,#11149,.T.);
#11149 = SURFACE_CURVE('',#11150,(#11154,#11161),.PCURVE_S1.);
#11150 = LINE('',#11151,#11152);
#11151 = CARTESIAN_POINT('',(157.4,17.5,40.015432893255));
#11152 = VECTOR('',#11153,1.);
#11153 = DIRECTION('',(0.,-0.707106781187,-0.707106781187));
#11154 = PCURVE('',#5749,#11155);
#11155 = DEFINITIONAL_REPRESENTATION('',(#11156),#11160);
#11156 = LINE('',#11157,#11158);
#11157 = CARTESIAN_POINT('',(0.,0.));
#11158 = VECTOR('',#11159,1.);
#11159 = DIRECTION('',(1.,0.));
#11160 = ( GEOMETRIC_REPRESENTATION_CONTEXT(2) 
PARAMETRIC_REPRESENTATION_CONTEXT() REPRESENTATION_CONTEXT('2D SPACE',''
  ) );
#11161 = PCURVE('',#9032,#11162);
#11162 = DEFINITIONAL_REPRESENTATION('',(#11163),#11167);
#11163 = LINE('',#11164,#11165);
#11164 = CARTESIAN_POINT('',(5.03341578151,0.));
#11165 = VECTOR('',#11166,1.);
#11166 = DIRECTION('',(-0.707106781187,0.707106781187));
#11167 = ( GEOMETRIC_REPRESENTATION_CONTEXT(2) 
PARAMETRIC_REPRESENTATION_CONTEXT() REPRESENTATION_CONTEXT('2D SPACE',''
  ) );
#11168 = ORIENTED_EDGE('',*,*,#11124,.T.);
#11169 = ORIENTED_EDGE('',*,*,#5734,.F.);
#11170 = ORIENTED_EDGE('',*,*,#6514,.F.);
#11171 = ORIENTED_EDGE('',*,*,#11073,.F.);
#11172 = ADVANCED_FACE('',(#11173),#6021,.T.);
#11173 = FACE_BOUND('',#11174,.T.);
#11174 = EDGE_LOOP('',(#11175,#11196,#11197,#11198,#11199,#11200));
#11175 = ORIENTED_EDGE('',*,*,#11176,.T.);
#11176 = EDGE_CURVE('',#7094,#6677,#11177,.T.);
#11177 = SURFACE_CURVE('',#11178,(#11182,#11189),.PCURVE_S1.);
#11178 = LINE('',#11179,#11180);
#11179 = CARTESIAN_POINT('',(214.,10.,2.8));
#11180 = VECTOR('',#11181,1.);
#11181 = DIRECTION('',(0.,1.,0.));
#11182 = PCURVE('',#6021,#11183);
#11183 = DEFINITIONAL_REPRESENTATION('',(#11184),#11188);
#11184 = LINE('',#11185,#11186);
#11185 = CARTESIAN_POINT('',(59.,1.E-02));
#11186 = VECTOR('',#11187,1.);
#11187 = DIRECTION('',(0.,1.));
#11188 = ( GEOMETRIC_REPRESENTATION_CONTEXT(2) 
PARAMETRIC_REPRESENTATION_CONTEXT() REPRESENTATION_CONTEXT('2D SPACE',''
  ) );
#11189 = PCURVE('',#7143,#11190);
#11190 = DEFINITIONAL_REPRESENTATION('',(#11191),#11195);
#11191 = LINE('',#11192,#11193);
#11192 = CARTESIAN_POINT('',(4.712388980385,0.));
#11193 = VECTOR('',#11194,1.);
#11194 = DIRECTION('',(0.,-1.));
#11195 = ( GEOMETRIC_REPRESENTATION_CONTEXT(2) 
PARAMETRIC_REPRESENTATION_CONTEXT() REPRESENTATION_CONTEXT('2D SPACE',''
  ) );
#11196 = ORIENTED_EDGE('',*,*,#6699,.T.);
#11197 = ORIENTED_EDGE('',*,*,#10852,.F.);
#11198 = ORIENTED_EDGE('',*,*,#6002,.T.);
#11199 = ORIENTED_EDGE('',*,*,#6627,.T.);
#11200 = ORIENTED_EDGE('',*,*,#7172,.T.);
#11201 = ADVANCED_FACE('',(#11202),#7143,.F.);
#11202 = FACE_BOUND('',#11203,.F.);
#11203 = EDGE_LOOP('',(#11204,#11205,#11206,#11207));
#11204 = ORIENTED_EDGE('',*,*,#7398,.F.);
#11205 = ORIENTED_EDGE('',*,*,#7093,.F.);
#11206 = ORIENTED_EDGE('',*,*,#11176,.T.);
#11207 = ORIENTED_EDGE('',*,*,#7198,.T.);
#11208 = ADVANCED_FACE('',(#11209,#11216),#8373,.T.);
#11209 = FACE_BOUND('',#11210,.T.);
#11210 = EDGE_LOOP('',(#11211,#11212,#11213,#11214,#11215));
#11211 = ORIENTED_EDGE('',*,*,#10301,.T.);
#11212 = ORIENTED_EDGE('',*,*,#10180,.T.);
#11213 = ORIENTED_EDGE('',*,*,#10252,.T.);
#11214 = ORIENTED_EDGE('',*,*,#10350,.T.);
#11215 = ORIENTED_EDGE('',*,*,#10399,.T.);
#11216 = FACE_BOUND('',#11217,.T.);
#11217 = EDGE_LOOP('',(#11218,#11219,#11220,#11221,#11222));
#11218 = ORIENTED_EDGE('',*,*,#8417,.F.);
#11219 = ORIENTED_EDGE('',*,*,#8358,.T.);
#11220 = ORIENTED_EDGE('',*,*,#8464,.F.);
#11221 = ORIENTED_EDGE('',*,*,#8536,.T.);
#11222 = ORIENTED_EDGE('',*,*,#8511,.F.);
#11223 = ADVANCED_FACE('',(#11224,#11231),#8627,.T.);
#11224 = FACE_BOUND('',#11225,.T.);
#11225 = EDGE_LOOP('',(#11226,#11227,#11228,#11229,#11230));
#11226 = ORIENTED_EDGE('',*,*,#10647,.T.);
#11227 = ORIENTED_EDGE('',*,*,#10427,.T.);
#11228 = ORIENTED_EDGE('',*,*,#10499,.T.);
#11229 = ORIENTED_EDGE('',*,*,#10548,.T.);
#11230 = ORIENTED_EDGE('',*,*,#10597,.T.);
#11231 = FACE_BOUND('',#11232,.T.);
#11232 = EDGE_LOOP('',(#11233,#11234,#11235,#11236,#11237));
#11233 = ORIENTED_EDGE('',*,*,#8671,.F.);
#11234 = ORIENTED_EDGE('',*,*,#8612,.T.);
#11235 = ORIENTED_EDGE('',*,*,#8718,.F.);
#11236 = ORIENTED_EDGE('',*,*,#8790,.T.);
#11237 = ORIENTED_EDGE('',*,*,#8765,.F.);
#11238 = ADVANCED_FACE('',(#11239,#11244),#8879,.T.);
#11239 = FACE_BOUND('',#11240,.T.);
#11240 = EDGE_LOOP('',(#11241,#11242,#11243));
#11241 = ORIENTED_EDGE('',*,*,#10949,.T.);
#11242 = ORIENTED_EDGE('',*,*,#10998,.T.);
#11243 = ORIENTED_EDGE('',*,*,#10899,.T.);
#11244 = FACE_BOUND('',#11245,.T.);
#11245 = EDGE_LOOP('',(#11246,#11247,#11248));
#11246 = ORIENTED_EDGE('',*,*,#8866,.F.);
#11247 = ORIENTED_EDGE('',*,*,#8943,.T.);
#11248 = ORIENTED_EDGE('',*,*,#8918,.F.);
#11249 = ADVANCED_FACE('',(#11250,#11255),#9032,.T.);
#11250 = FACE_BOUND('',#11251,.T.);
#11251 = EDGE_LOOP('',(#11252,#11253,#11254));
#11252 = ORIENTED_EDGE('',*,*,#11099,.T.);
#11253 = ORIENTED_EDGE('',*,*,#11148,.T.);
#11254 = ORIENTED_EDGE('',*,*,#11049,.T.);
#11255 = FACE_BOUND('',#11256,.T.);
#11256 = EDGE_LOOP('',(#11257,#11258,#11259));
#11257 = ORIENTED_EDGE('',*,*,#9019,.F.);
#11258 = ORIENTED_EDGE('',*,*,#9096,.T.);
#11259 = ORIENTED_EDGE('',*,*,#9071,.F.);
#11260 = ( GEOMETRIC_REPRESENTATION_CONTEXT(3) 
GLOBAL_UNCERTAINTY_ASSIGNED_CONTEXT((#11264)) 
GLOBAL_UNIT_ASSIGNED_CONTEXT((#11261,#11262,#11263)) 
REPRESENTATION_CONTEXT('Context #1',
  '3D Context with UNIT and UNCERTAINTY') );
#11261 = ( LENGTH_UNIT() NAMED_UNIT(*) SI_UNIT(.MILLI.,.METRE.) );
#11262 = ( NAMED_UNIT(*) PLANE_ANGLE_UNIT() SI_UNIT($,.RADIAN.) );
#11263 = ( NAMED_UNIT(*) SI_UNIT($,.STERADIAN.) SOLID_ANGLE_UNIT() );
#11264 = UNCERTAINTY_MEASURE_WITH_UNIT(LENGTH_MEASURE(1.E-07),#11261,
  'distance_accuracy_value','confusion accuracy');
#11265 = PRODUCT_RELATED_PRODUCT_CATEGORY('part',$,(#7));
ENDSEC;
END-ISO-10303-21;
