ISO-10303-21;
HEADER;
FILE_DESCRIPTION(('Open CASCADE Model'),'2;1');
FILE_NAME('Open CASCADE Shape Model','2026-10-06T21:35:30',('Author'),(
    'Open CASCADE'),'Open CASCADE STEP processor 7.9','Open CASCADE 7.9'
  ,'Unknown');
FILE_SCHEMA(('AUTOMOTIVE_DESIGN { 1 0 10303 214 1 1 1 1 }'));
ENDSEC;
DATA;
#1 = APPLICATION_PROTOCOL_DEFINITION('international standard',
  'automotive_design',2000,#2);
#2 = APPLICATION_CONTEXT(
  'core data for automotive mechanical design processes');
#3 = SHAPE_DEFINITION_REPRESENTATION(#4,#10);
#4 = PRODUCT_DEFINITION_SHAPE('','',#5);
#5 = PRODUCT_DEFINITION('design','',#6,#9);
#6 = PRODUCT_DEFINITION_FORMATION('','',#7);
#7 = PRODUCT('Open CASCADE STEP translator 7.9 2',
  'Open CASCADE STEP translator 7.9 2','',(#8));
#8 = PRODUCT_CONTEXT('',#2,'mechanical');
#9 = PRODUCT_DEFINITION_CONTEXT('part definition',#2,'design');
#10 = ADVANCED_BREP_SHAPE_REPRESENTATION('',(#11,#15),#11993);
#11 = AXIS2_PLACEMENT_3D('',#12,#13,#14);
#12 = CARTESIAN_POINT('',(0.,0.,0.));
#13 = DIRECTION('',(0.,0.,1.));
#14 = DIRECTION('',(1.,0.,-0.));
#15 = MANIFOLD_SOLID_BREP('',#16);
#16 = CLOSED_SHELL('',(#17,#137,#218,#299,#996,#1527,#1581,#2433,#2487,
    #2621,#2721,#2770,#2875,#2942,#3887,#3949,#4112,#4179,#4578,#4656,
    #4799,#5771,#6222,#6249,#6549,#7112,#7174,#7223,#7272,#7751,#7813,
    #7986,#8033,#8060,#8087,#8114,#8141,#8148,#8195,#8222,#8249,#8276,
    #8283,#8330,#8357,#8384,#8411,#8418,#8445,#8499,#8548,#8602,#8651,
    #8700,#8754,#8803,#8900,#8932,#9013,#9062,#9111,#9160,#9192,#9273,
    #9322,#9371,#9420,#9452,#9528,#9577,#9609,#9685,#9734,#9766,#9793,
    #9820,#9847,#9854,#9863,#9903,#9950,#9957,#10004,#10031,#10038,
    #10085,#10112,#10119,#10166,#10193,#10220,#10227,#10274,#10301,
    #10328,#10335,#10382,#10409,#10416,#10463,#10490,#10497,#10544,
    #10571,#10598,#10605,#10652,#10679,#10686,#10733,#10760,#10787,
    #10794,#10841,#10868,#10895,#10902,#10909,#10981,#11030,#11079,
    #11128,#11156,#11228,#11277,#11326,#11376,#11403,#11412,#11459,
    #11487,#11495,#11542,#11570,#11578,#11605,#11678,#11727,#11755,
    #11828,#11877,#11905,#11934,#11941,#11956,#11971,#11982));
#17 = ADVANCED_FACE('',(#18),#32,.F.);
#18 = FACE_BOUND('',#19,.F.);
#19 = EDGE_LOOP('',(#20,#55,#83,#111));
#20 = ORIENTED_EDGE('',*,*,#21,.T.);
#21 = EDGE_CURVE('',#22,#24,#26,.T.);
#22 = VERTEX_POINT('',#23);
#23 = CARTESIAN_POINT('',(3.,3.2,0.3));
#24 = VERTEX_POINT('',#25);
#25 = CARTESIAN_POINT('',(3.,3.2,43.6));
#26 = SURFACE_CURVE('',#27,(#31,#43),.PCURVE_S1.);
#27 = LINE('',#28,#29);
#28 = CARTESIAN_POINT('',(3.,3.2,0.));
#29 = VECTOR('',#30,1.);
#30 = DIRECTION('',(0.,0.,1.));
#31 = PCURVE('',#32,#37);
#32 = PLANE('',#33);
#33 = AXIS2_PLACEMENT_3D('',#34,#35,#36);
#34 = CARTESIAN_POINT('',(3.,0.,0.));
#35 = DIRECTION('',(1.,0.,0.));
#36 = DIRECTION('',(0.,0.,1.));
#37 = DEFINITIONAL_REPRESENTATION('',(#38),#42);
#38 = LINE('',#39,#40);
#39 = CARTESIAN_POINT('',(0.,-3.2));
#40 = VECTOR('',#41,1.);
#41 = DIRECTION('',(1.,0.));
#42 = ( GEOMETRIC_REPRESENTATION_CONTEXT(2) 
PARAMETRIC_REPRESENTATION_CONTEXT() REPRESENTATION_CONTEXT('2D SPACE',''
  ) );
#43 = PCURVE('',#44,#49);
#44 = PLANE('',#45);
#45 = AXIS2_PLACEMENT_3D('',#46,#47,#48);
#46 = CARTESIAN_POINT('',(0.,3.2,0.));
#47 = DIRECTION('',(0.,1.,0.));
#48 = DIRECTION('',(0.,0.,1.));
#49 = DEFINITIONAL_REPRESENTATION('',(#50),#54);
#50 = LINE('',#51,#52);
#51 = CARTESIAN_POINT('',(0.,3.));
#52 = VECTOR('',#53,1.);
#53 = DIRECTION('',(1.,0.));
#54 = ( GEOMETRIC_REPRESENTATION_CONTEXT(2) 
PARAMETRIC_REPRESENTATION_CONTEXT() REPRESENTATION_CONTEXT('2D SPACE',''
  ) );
#55 = ORIENTED_EDGE('',*,*,#56,.F.);
#56 = EDGE_CURVE('',#57,#24,#59,.T.);
#57 = VERTEX_POINT('',#58);
#58 = CARTESIAN_POINT('',(3.,0.,43.6));
#59 = SURFACE_CURVE('',#60,(#64,#71),.PCURVE_S1.);
#60 = LINE('',#61,#62);
#61 = CARTESIAN_POINT('',(3.,0.,43.6));
#62 = VECTOR('',#63,1.);
#63 = DIRECTION('',(0.,1.,0.));
#64 = PCURVE('',#32,#65);
#65 = DEFINITIONAL_REPRESENTATION('',(#66),#70);
#66 = LINE('',#67,#68);
#67 = CARTESIAN_POINT('',(43.6,0.));
#68 = VECTOR('',#69,1.);
#69 = DIRECTION('',(0.,-1.));
#70 = ( GEOMETRIC_REPRESENTATION_CONTEXT(2) 
PARAMETRIC_REPRESENTATION_CONTEXT() REPRESENTATION_CONTEXT('2D SPACE',''
  ) );
#71 = PCURVE('',#72,#77);
#72 = PLANE('',#73);
#73 = AXIS2_PLACEMENT_3D('',#74,#75,#76);
#74 = CARTESIAN_POINT('',(3.,0.,43.6));
#75 = DIRECTION('',(0.,0.,1.));
#76 = DIRECTION('',(1.,0.,0.));
#77 = DEFINITIONAL_REPRESENTATION('',(#78),#82);
#78 = LINE('',#79,#80);
#79 = CARTESIAN_POINT('',(0.,0.));
#80 = VECTOR('',#81,1.);
#81 = DIRECTION('',(0.,1.));
#82 = ( GEOMETRIC_REPRESENTATION_CONTEXT(2) 
PARAMETRIC_REPRESENTATION_CONTEXT() REPRESENTATION_CONTEXT('2D SPACE',''
  ) );
#83 = ORIENTED_EDGE('',*,*,#84,.F.);
#84 = EDGE_CURVE('',#85,#57,#87,.T.);
#85 = VERTEX_POINT('',#86);
#86 = CARTESIAN_POINT('',(3.,0.,0.3));
#87 = SURFACE_CURVE('',#88,(#92,#99),.PCURVE_S1.);
#88 = LINE('',#89,#90);
#89 = CARTESIAN_POINT('',(3.,0.,0.));
#90 = VECTOR('',#91,1.);
#91 = DIRECTION('',(0.,0.,1.));
#92 = PCURVE('',#32,#93);
#93 = DEFINITIONAL_REPRESENTATION('',(#94),#98);
#94 = LINE('',#95,#96);
#95 = CARTESIAN_POINT('',(0.,0.));
#96 = VECTOR('',#97,1.);
#97 = DIRECTION('',(1.,0.));
#98 = ( GEOMETRIC_REPRESENTATION_CONTEXT(2) 
PARAMETRIC_REPRESENTATION_CONTEXT() REPRESENTATION_CONTEXT('2D SPACE',''
  ) );
#99 = PCURVE('',#100,#105);
#100 = PLANE('',#101);
#101 = AXIS2_PLACEMENT_3D('',#102,#103,#104);
#102 = CARTESIAN_POINT('',(3.,0.,0.));
#103 = DIRECTION('',(0.,1.,0.));
#104 = DIRECTION('',(0.,0.,1.));
#105 = DEFINITIONAL_REPRESENTATION('',(#106),#110);
#106 = LINE('',#107,#108);
#107 = CARTESIAN_POINT('',(0.,0.));
#108 = VECTOR('',#109,1.);
#109 = DIRECTION('',(1.,0.));
#110 = ( GEOMETRIC_REPRESENTATION_CONTEXT(2) 
PARAMETRIC_REPRESENTATION_CONTEXT() REPRESENTATION_CONTEXT('2D SPACE',''
  ) );
#111 = ORIENTED_EDGE('',*,*,#112,.T.);
#112 = EDGE_CURVE('',#85,#22,#113,.T.);
#113 = SURFACE_CURVE('',#114,(#118,#125),.PCURVE_S1.);
#114 = LINE('',#115,#116);
#115 = CARTESIAN_POINT('',(3.,0.,0.3));
#116 = VECTOR('',#117,1.);
#117 = DIRECTION('',(0.,1.,0.));
#118 = PCURVE('',#32,#119);
#119 = DEFINITIONAL_REPRESENTATION('',(#120),#124);
#120 = LINE('',#121,#122);
#121 = CARTESIAN_POINT('',(0.3,0.));
#122 = VECTOR('',#123,1.);
#123 = DIRECTION('',(0.,-1.));
#124 = ( GEOMETRIC_REPRESENTATION_CONTEXT(2) 
PARAMETRIC_REPRESENTATION_CONTEXT() REPRESENTATION_CONTEXT('2D SPACE',''
  ) );
#125 = PCURVE('',#126,#131);
#126 = PLANE('',#127);
#127 = AXIS2_PLACEMENT_3D('',#128,#129,#130);
#128 = CARTESIAN_POINT('',(3.15,0.,0.15));
#129 = DIRECTION('',(-0.707106781187,0.,-0.707106781187));
#130 = DIRECTION('',(0.,1.,0.));
#131 = DEFINITIONAL_REPRESENTATION('',(#132),#136);
#132 = LINE('',#133,#134);
#133 = CARTESIAN_POINT('',(0.,-0.212132034356));
#134 = VECTOR('',#135,1.);
#135 = DIRECTION('',(1.,0.));
#136 = ( GEOMETRIC_REPRESENTATION_CONTEXT(2) 
PARAMETRIC_REPRESENTATION_CONTEXT() REPRESENTATION_CONTEXT('2D SPACE',''
  ) );
#137 = ADVANCED_FACE('',(#138),#44,.F.);
#138 = FACE_BOUND('',#139,.F.);
#139 = EDGE_LOOP('',(#140,#141,#169,#197));
#140 = ORIENTED_EDGE('',*,*,#21,.F.);
#141 = ORIENTED_EDGE('',*,*,#142,.F.);
#142 = EDGE_CURVE('',#143,#22,#145,.T.);
#143 = VERTEX_POINT('',#144);
#144 = CARTESIAN_POINT('',(-2.775557561563E-17,3.2,0.3));
#145 = SURFACE_CURVE('',#146,(#150,#157),.PCURVE_S1.);
#146 = LINE('',#147,#148);
#147 = CARTESIAN_POINT('',(0.,3.2,0.3));
#148 = VECTOR('',#149,1.);
#149 = DIRECTION('',(1.,0.,0.));
#150 = PCURVE('',#44,#151);
#151 = DEFINITIONAL_REPRESENTATION('',(#152),#156);
#152 = LINE('',#153,#154);
#153 = CARTESIAN_POINT('',(0.3,0.));
#154 = VECTOR('',#155,1.);
#155 = DIRECTION('',(0.,1.));
#156 = ( GEOMETRIC_REPRESENTATION_CONTEXT(2) 
PARAMETRIC_REPRESENTATION_CONTEXT() REPRESENTATION_CONTEXT('2D SPACE',''
  ) );
#157 = PCURVE('',#158,#163);
#158 = PLANE('',#159);
#159 = AXIS2_PLACEMENT_3D('',#160,#161,#162);
#160 = CARTESIAN_POINT('',(0.,3.35,0.15));
#161 = DIRECTION('',(0.,-0.707106781187,-0.707106781187));
#162 = DIRECTION('',(-1.,-0.,-0.));
#163 = DEFINITIONAL_REPRESENTATION('',(#164),#168);
#164 = LINE('',#165,#166);
#165 = CARTESIAN_POINT('',(-0.,-0.212132034356));
#166 = VECTOR('',#167,1.);
#167 = DIRECTION('',(-1.,0.));
#168 = ( GEOMETRIC_REPRESENTATION_CONTEXT(2) 
PARAMETRIC_REPRESENTATION_CONTEXT() REPRESENTATION_CONTEXT('2D SPACE',''
  ) );
#169 = ORIENTED_EDGE('',*,*,#170,.T.);
#170 = EDGE_CURVE('',#143,#171,#173,.T.);
#171 = VERTEX_POINT('',#172);
#172 = CARTESIAN_POINT('',(0.,3.2,43.6));
#173 = SURFACE_CURVE('',#174,(#178,#185),.PCURVE_S1.);
#174 = LINE('',#175,#176);
#175 = CARTESIAN_POINT('',(0.,3.2,0.));
#176 = VECTOR('',#177,1.);
#177 = DIRECTION('',(0.,0.,1.));
#178 = PCURVE('',#44,#179);
#179 = DEFINITIONAL_REPRESENTATION('',(#180),#184);
#180 = LINE('',#181,#182);
#181 = CARTESIAN_POINT('',(0.,0.));
#182 = VECTOR('',#183,1.);
#183 = DIRECTION('',(1.,0.));
#184 = ( GEOMETRIC_REPRESENTATION_CONTEXT(2) 
PARAMETRIC_REPRESENTATION_CONTEXT() REPRESENTATION_CONTEXT('2D SPACE',''
  ) );
#185 = PCURVE('',#186,#191);
#186 = PLANE('',#187);
#187 = AXIS2_PLACEMENT_3D('',#188,#189,#190);
#188 = CARTESIAN_POINT('',(0.,3.2,0.));
#189 = DIRECTION('',(1.,0.,0.));
#190 = DIRECTION('',(0.,0.,1.));
#191 = DEFINITIONAL_REPRESENTATION('',(#192),#196);
#192 = LINE('',#193,#194);
#193 = CARTESIAN_POINT('',(0.,0.));
#194 = VECTOR('',#195,1.);
#195 = DIRECTION('',(1.,0.));
#196 = ( GEOMETRIC_REPRESENTATION_CONTEXT(2) 
PARAMETRIC_REPRESENTATION_CONTEXT() REPRESENTATION_CONTEXT('2D SPACE',''
  ) );
#197 = ORIENTED_EDGE('',*,*,#198,.T.);
#198 = EDGE_CURVE('',#171,#24,#199,.T.);
#199 = SURFACE_CURVE('',#200,(#204,#211),.PCURVE_S1.);
#200 = LINE('',#201,#202);
#201 = CARTESIAN_POINT('',(0.,3.2,43.6));
#202 = VECTOR('',#203,1.);
#203 = DIRECTION('',(1.,0.,0.));
#204 = PCURVE('',#44,#205);
#205 = DEFINITIONAL_REPRESENTATION('',(#206),#210);
#206 = LINE('',#207,#208);
#207 = CARTESIAN_POINT('',(43.6,0.));
#208 = VECTOR('',#209,1.);
#209 = DIRECTION('',(0.,1.));
#210 = ( GEOMETRIC_REPRESENTATION_CONTEXT(2) 
PARAMETRIC_REPRESENTATION_CONTEXT() REPRESENTATION_CONTEXT('2D SPACE',''
  ) );
#211 = PCURVE('',#72,#212);
#212 = DEFINITIONAL_REPRESENTATION('',(#213),#217);
#213 = LINE('',#214,#215);
#214 = CARTESIAN_POINT('',(-3.,3.2));
#215 = VECTOR('',#216,1.);
#216 = DIRECTION('',(1.,0.));
#217 = ( GEOMETRIC_REPRESENTATION_CONTEXT(2) 
PARAMETRIC_REPRESENTATION_CONTEXT() REPRESENTATION_CONTEXT('2D SPACE',''
  ) );
#218 = ADVANCED_FACE('',(#219),#126,.T.);
#219 = FACE_BOUND('',#220,.T.);
#220 = EDGE_LOOP('',(#221,#249,#250,#273));
#221 = ORIENTED_EDGE('',*,*,#222,.F.);
#222 = EDGE_CURVE('',#85,#223,#225,.T.);
#223 = VERTEX_POINT('',#224);
#224 = CARTESIAN_POINT('',(3.3,0.3,-5.551115123126E-17));
#225 = SURFACE_CURVE('',#226,(#230,#237),.PCURVE_S1.);
#226 = LINE('',#227,#228);
#227 = CARTESIAN_POINT('',(3.1,1.E-01,0.2));
#228 = VECTOR('',#229,1.);
#229 = DIRECTION('',(0.57735026919,0.57735026919,-0.57735026919));
#230 = PCURVE('',#126,#231);
#231 = DEFINITIONAL_REPRESENTATION('',(#232),#236);
#232 = LINE('',#233,#234);
#233 = CARTESIAN_POINT('',(1.E-01,-7.071067811865E-02));
#234 = VECTOR('',#235,1.);
#235 = DIRECTION('',(0.57735026919,0.816496580928));
#236 = ( GEOMETRIC_REPRESENTATION_CONTEXT(2) 
PARAMETRIC_REPRESENTATION_CONTEXT() REPRESENTATION_CONTEXT('2D SPACE',''
  ) );
#237 = PCURVE('',#238,#243);
#238 = PLANE('',#239);
#239 = AXIS2_PLACEMENT_3D('',#240,#241,#242);
#240 = CARTESIAN_POINT('',(3.,0.15,0.15));
#241 = DIRECTION('',(0.,-0.707106781187,-0.707106781187));
#242 = DIRECTION('',(1.,0.,0.));
#243 = DEFINITIONAL_REPRESENTATION('',(#244),#248);
#244 = LINE('',#245,#246);
#245 = CARTESIAN_POINT('',(0.1,7.071067811865E-02));
#246 = VECTOR('',#247,1.);
#247 = DIRECTION('',(0.57735026919,-0.816496580928));
#248 = ( GEOMETRIC_REPRESENTATION_CONTEXT(2) 
PARAMETRIC_REPRESENTATION_CONTEXT() REPRESENTATION_CONTEXT('2D SPACE',''
  ) );
#249 = ORIENTED_EDGE('',*,*,#112,.T.);
#250 = ORIENTED_EDGE('',*,*,#251,.T.);
#251 = EDGE_CURVE('',#22,#252,#254,.T.);
#252 = VERTEX_POINT('',#253);
#253 = CARTESIAN_POINT('',(3.3,3.5,-5.551115123126E-17));
#254 = SURFACE_CURVE('',#255,(#259,#266),.PCURVE_S1.);
#255 = LINE('',#256,#257);
#256 = CARTESIAN_POINT('',(2.066666666667,2.266666666667,1.233333333333)
  );
#257 = VECTOR('',#258,1.);
#258 = DIRECTION('',(0.57735026919,0.57735026919,-0.57735026919));
#259 = PCURVE('',#126,#260);
#260 = DEFINITIONAL_REPRESENTATION('',(#261),#265);
#261 = LINE('',#262,#263);
#262 = CARTESIAN_POINT('',(2.266666666667,-1.532064692571));
#263 = VECTOR('',#264,1.);
#264 = DIRECTION('',(0.57735026919,0.816496580928));
#265 = ( GEOMETRIC_REPRESENTATION_CONTEXT(2) 
PARAMETRIC_REPRESENTATION_CONTEXT() REPRESENTATION_CONTEXT('2D SPACE',''
  ) );
#266 = PCURVE('',#158,#267);
#267 = DEFINITIONAL_REPRESENTATION('',(#268),#272);
#268 = LINE('',#269,#270);
#269 = CARTESIAN_POINT('',(-2.066666666667,-1.532064692571));
#270 = VECTOR('',#271,1.);
#271 = DIRECTION('',(-0.57735026919,0.816496580928));
#272 = ( GEOMETRIC_REPRESENTATION_CONTEXT(2) 
PARAMETRIC_REPRESENTATION_CONTEXT() REPRESENTATION_CONTEXT('2D SPACE',''
  ) );
#273 = ORIENTED_EDGE('',*,*,#274,.F.);
#274 = EDGE_CURVE('',#223,#252,#275,.T.);
#275 = SURFACE_CURVE('',#276,(#280,#287),.PCURVE_S1.);
#276 = LINE('',#277,#278);
#277 = CARTESIAN_POINT('',(3.3,0.,0.));
#278 = VECTOR('',#279,1.);
#279 = DIRECTION('',(0.,1.,0.));
#280 = PCURVE('',#126,#281);
#281 = DEFINITIONAL_REPRESENTATION('',(#282),#286);
#282 = LINE('',#283,#284);
#283 = CARTESIAN_POINT('',(0.,0.212132034356));
#284 = VECTOR('',#285,1.);
#285 = DIRECTION('',(1.,0.));
#286 = ( GEOMETRIC_REPRESENTATION_CONTEXT(2) 
PARAMETRIC_REPRESENTATION_CONTEXT() REPRESENTATION_CONTEXT('2D SPACE',''
  ) );
#287 = PCURVE('',#288,#293);
#288 = PLANE('',#289);
#289 = AXIS2_PLACEMENT_3D('',#290,#291,#292);
#290 = CARTESIAN_POINT('',(3.,0.,0.));
#291 = DIRECTION('',(0.,0.,1.));
#292 = DIRECTION('',(1.,0.,0.));
#293 = DEFINITIONAL_REPRESENTATION('',(#294),#298);
#294 = LINE('',#295,#296);
#295 = CARTESIAN_POINT('',(0.3,0.));
#296 = VECTOR('',#297,1.);
#297 = DIRECTION('',(0.,1.));
#298 = ( GEOMETRIC_REPRESENTATION_CONTEXT(2) 
PARAMETRIC_REPRESENTATION_CONTEXT() REPRESENTATION_CONTEXT('2D SPACE',''
  ) );
#299 = ADVANCED_FACE('',(#300,#766),#72,.T.);
#300 = FACE_BOUND('',#301,.T.);
#301 = EDGE_LOOP('',(#302,#303,#326,#354,#382,#410,#438,#461,#489,#517,
    #546,#574,#603,#631,#660,#688,#716,#744,#765));
#302 = ORIENTED_EDGE('',*,*,#56,.F.);
#303 = ORIENTED_EDGE('',*,*,#304,.T.);
#304 = EDGE_CURVE('',#57,#305,#307,.T.);
#305 = VERTEX_POINT('',#306);
#306 = CARTESIAN_POINT('',(76.633831175457,0.,43.6));
#307 = SURFACE_CURVE('',#308,(#312,#319),.PCURVE_S1.);
#308 = LINE('',#309,#310);
#309 = CARTESIAN_POINT('',(3.,0.,43.6));
#310 = VECTOR('',#311,1.);
#311 = DIRECTION('',(1.,0.,0.));
#312 = PCURVE('',#72,#313);
#313 = DEFINITIONAL_REPRESENTATION('',(#314),#318);
#314 = LINE('',#315,#316);
#315 = CARTESIAN_POINT('',(0.,0.));
#316 = VECTOR('',#317,1.);
#317 = DIRECTION('',(1.,0.));
#318 = ( GEOMETRIC_REPRESENTATION_CONTEXT(2) 
PARAMETRIC_REPRESENTATION_CONTEXT() REPRESENTATION_CONTEXT('2D SPACE',''
  ) );
#319 = PCURVE('',#100,#320);
#320 = DEFINITIONAL_REPRESENTATION('',(#321),#325);
#321 = LINE('',#322,#323);
#322 = CARTESIAN_POINT('',(43.6,0.));
#323 = VECTOR('',#324,1.);
#324 = DIRECTION('',(0.,1.));
#325 = ( GEOMETRIC_REPRESENTATION_CONTEXT(2) 
PARAMETRIC_REPRESENTATION_CONTEXT() REPRESENTATION_CONTEXT('2D SPACE',''
  ) );
#326 = ORIENTED_EDGE('',*,*,#327,.F.);
#327 = EDGE_CURVE('',#328,#305,#330,.T.);
#328 = VERTEX_POINT('',#329);
#329 = CARTESIAN_POINT('',(76.633831175457,10.,43.6));
#330 = SURFACE_CURVE('',#331,(#335,#342),.PCURVE_S1.);
#331 = LINE('',#332,#333);
#332 = CARTESIAN_POINT('',(76.633831175457,-0.5,43.6));
#333 = VECTOR('',#334,1.);
#334 = DIRECTION('',(0.,-1.,0.));
#335 = PCURVE('',#72,#336);
#336 = DEFINITIONAL_REPRESENTATION('',(#337),#341);
#337 = LINE('',#338,#339);
#338 = CARTESIAN_POINT('',(73.633831175457,-0.5));
#339 = VECTOR('',#340,1.);
#340 = DIRECTION('',(0.,-1.));
#341 = ( GEOMETRIC_REPRESENTATION_CONTEXT(2) 
PARAMETRIC_REPRESENTATION_CONTEXT() REPRESENTATION_CONTEXT('2D SPACE',''
  ) );
#342 = PCURVE('',#343,#348);
#343 = PLANE('',#344);
#344 = AXIS2_PLACEMENT_3D('',#345,#346,#347);
#345 = CARTESIAN_POINT('',(77.55,-1.,44.516168824543));
#346 = DIRECTION('',(-0.707106781187,0.,0.707106781187));
#347 = DIRECTION('',(-0.707106781187,0.,-0.707106781187));
#348 = DEFINITIONAL_REPRESENTATION('',(#349),#353);
#349 = LINE('',#350,#351);
#350 = CARTESIAN_POINT('',(1.295658377092,-0.5));
#351 = VECTOR('',#352,1.);
#352 = DIRECTION('',(-0.,1.));
#353 = ( GEOMETRIC_REPRESENTATION_CONTEXT(2) 
PARAMETRIC_REPRESENTATION_CONTEXT() REPRESENTATION_CONTEXT('2D SPACE',''
  ) );
#354 = ORIENTED_EDGE('',*,*,#355,.T.);
#355 = EDGE_CURVE('',#328,#356,#358,.T.);
#356 = VERTEX_POINT('',#357);
#357 = CARTESIAN_POINT('',(67.,10.,43.6));
#358 = SURFACE_CURVE('',#359,(#363,#370),.PCURVE_S1.);
#359 = LINE('',#360,#361);
#360 = CARTESIAN_POINT('',(86.3,10.,43.6));
#361 = VECTOR('',#362,1.);
#362 = DIRECTION('',(-1.,0.,0.));
#363 = PCURVE('',#72,#364);
#364 = DEFINITIONAL_REPRESENTATION('',(#365),#369);
#365 = LINE('',#366,#367);
#366 = CARTESIAN_POINT('',(83.3,10.));
#367 = VECTOR('',#368,1.);
#368 = DIRECTION('',(-1.,0.));
#369 = ( GEOMETRIC_REPRESENTATION_CONTEXT(2) 
PARAMETRIC_REPRESENTATION_CONTEXT() REPRESENTATION_CONTEXT('2D SPACE',''
  ) );
#370 = PCURVE('',#371,#376);
#371 = PLANE('',#372);
#372 = AXIS2_PLACEMENT_3D('',#373,#374,#375);
#373 = CARTESIAN_POINT('',(3.,10.,0.));
#374 = DIRECTION('',(0.,1.,0.));
#375 = DIRECTION('',(0.,0.,1.));
#376 = DEFINITIONAL_REPRESENTATION('',(#377),#381);
#377 = LINE('',#378,#379);
#378 = CARTESIAN_POINT('',(43.6,83.3));
#379 = VECTOR('',#380,1.);
#380 = DIRECTION('',(0.,-1.));
#381 = ( GEOMETRIC_REPRESENTATION_CONTEXT(2) 
PARAMETRIC_REPRESENTATION_CONTEXT() REPRESENTATION_CONTEXT('2D SPACE',''
  ) );
#382 = ORIENTED_EDGE('',*,*,#383,.T.);
#383 = EDGE_CURVE('',#356,#384,#386,.T.);
#384 = VERTEX_POINT('',#385);
#385 = CARTESIAN_POINT('',(67.,206.,43.6));
#386 = SURFACE_CURVE('',#387,(#391,#398),.PCURVE_S1.);
#387 = LINE('',#388,#389);
#388 = CARTESIAN_POINT('',(67.,9.99,43.6));
#389 = VECTOR('',#390,1.);
#390 = DIRECTION('',(0.,1.,0.));
#391 = PCURVE('',#72,#392);
#392 = DEFINITIONAL_REPRESENTATION('',(#393),#397);
#393 = LINE('',#394,#395);
#394 = CARTESIAN_POINT('',(64.,9.99));
#395 = VECTOR('',#396,1.);
#396 = DIRECTION('',(0.,1.));
#397 = ( GEOMETRIC_REPRESENTATION_CONTEXT(2) 
PARAMETRIC_REPRESENTATION_CONTEXT() REPRESENTATION_CONTEXT('2D SPACE',''
  ) );
#398 = PCURVE('',#399,#404);
#399 = PLANE('',#400);
#400 = AXIS2_PLACEMENT_3D('',#401,#402,#403);
#401 = CARTESIAN_POINT('',(67.,9.99,0.));
#402 = DIRECTION('',(1.,0.,0.));
#403 = DIRECTION('',(0.,0.,1.));
#404 = DEFINITIONAL_REPRESENTATION('',(#405),#409);
#405 = LINE('',#406,#407);
#406 = CARTESIAN_POINT('',(43.6,0.));
#407 = VECTOR('',#408,1.);
#408 = DIRECTION('',(0.,-1.));
#409 = ( GEOMETRIC_REPRESENTATION_CONTEXT(2) 
PARAMETRIC_REPRESENTATION_CONTEXT() REPRESENTATION_CONTEXT('2D SPACE',''
  ) );
#410 = ORIENTED_EDGE('',*,*,#411,.T.);
#411 = EDGE_CURVE('',#384,#412,#414,.T.);
#412 = VERTEX_POINT('',#413);
#413 = CARTESIAN_POINT('',(0.,206.,43.6));
#414 = SURFACE_CURVE('',#415,(#419,#426),.PCURVE_S1.);
#415 = LINE('',#416,#417);
#416 = CARTESIAN_POINT('',(67.,206.,43.6));
#417 = VECTOR('',#418,1.);
#418 = DIRECTION('',(-1.,0.,0.));
#419 = PCURVE('',#72,#420);
#420 = DEFINITIONAL_REPRESENTATION('',(#421),#425);
#421 = LINE('',#422,#423);
#422 = CARTESIAN_POINT('',(64.,206.));
#423 = VECTOR('',#424,1.);
#424 = DIRECTION('',(-1.,0.));
#425 = ( GEOMETRIC_REPRESENTATION_CONTEXT(2) 
PARAMETRIC_REPRESENTATION_CONTEXT() REPRESENTATION_CONTEXT('2D SPACE',''
  ) );
#426 = PCURVE('',#427,#432);
#427 = PLANE('',#428);
#428 = AXIS2_PLACEMENT_3D('',#429,#430,#431);
#429 = CARTESIAN_POINT('',(61.,206.,0.));
#430 = DIRECTION('',(0.,1.,0.));
#431 = DIRECTION('',(0.,0.,1.));
#432 = DEFINITIONAL_REPRESENTATION('',(#433),#437);
#433 = LINE('',#434,#435);
#434 = CARTESIAN_POINT('',(43.6,6.));
#435 = VECTOR('',#436,1.);
#436 = DIRECTION('',(0.,-1.));
#437 = ( GEOMETRIC_REPRESENTATION_CONTEXT(2) 
PARAMETRIC_REPRESENTATION_CONTEXT() REPRESENTATION_CONTEXT('2D SPACE',''
  ) );
#438 = ORIENTED_EDGE('',*,*,#439,.F.);
#439 = EDGE_CURVE('',#440,#412,#442,.T.);
#440 = VERTEX_POINT('',#441);
#441 = CARTESIAN_POINT('',(0.,174.2,43.6));
#442 = SURFACE_CURVE('',#443,(#447,#454),.PCURVE_S1.);
#443 = LINE('',#444,#445);
#444 = CARTESIAN_POINT('',(0.,3.2,43.6));
#445 = VECTOR('',#446,1.);
#446 = DIRECTION('',(0.,1.,0.));
#447 = PCURVE('',#72,#448);
#448 = DEFINITIONAL_REPRESENTATION('',(#449),#453);
#449 = LINE('',#450,#451);
#450 = CARTESIAN_POINT('',(-3.,3.2));
#451 = VECTOR('',#452,1.);
#452 = DIRECTION('',(0.,1.));
#453 = ( GEOMETRIC_REPRESENTATION_CONTEXT(2) 
PARAMETRIC_REPRESENTATION_CONTEXT() REPRESENTATION_CONTEXT('2D SPACE',''
  ) );
#454 = PCURVE('',#186,#455);
#455 = DEFINITIONAL_REPRESENTATION('',(#456),#460);
#456 = LINE('',#457,#458);
#457 = CARTESIAN_POINT('',(43.6,0.));
#458 = VECTOR('',#459,1.);
#459 = DIRECTION('',(0.,-1.));
#460 = ( GEOMETRIC_REPRESENTATION_CONTEXT(2) 
PARAMETRIC_REPRESENTATION_CONTEXT() REPRESENTATION_CONTEXT('2D SPACE',''
  ) );
#461 = ORIENTED_EDGE('',*,*,#462,.F.);
#462 = EDGE_CURVE('',#463,#440,#465,.T.);
#463 = VERTEX_POINT('',#464);
#464 = CARTESIAN_POINT('',(6.,174.2,43.6));
#465 = SURFACE_CURVE('',#466,(#470,#477),.PCURVE_S1.);
#466 = LINE('',#467,#468);
#467 = CARTESIAN_POINT('',(-0.5,174.2,43.6));
#468 = VECTOR('',#469,1.);
#469 = DIRECTION('',(-1.,0.,0.));
#470 = PCURVE('',#72,#471);
#471 = DEFINITIONAL_REPRESENTATION('',(#472),#476);
#472 = LINE('',#473,#474);
#473 = CARTESIAN_POINT('',(-3.5,174.2));
#474 = VECTOR('',#475,1.);
#475 = DIRECTION('',(-1.,0.));
#476 = ( GEOMETRIC_REPRESENTATION_CONTEXT(2) 
PARAMETRIC_REPRESENTATION_CONTEXT() REPRESENTATION_CONTEXT('2D SPACE',''
  ) );
#477 = PCURVE('',#478,#483);
#478 = PLANE('',#479);
#479 = AXIS2_PLACEMENT_3D('',#480,#481,#482);
#480 = CARTESIAN_POINT('',(-1.,174.2,5.7));
#481 = DIRECTION('',(0.,1.,0.));
#482 = DIRECTION('',(0.,0.,1.));
#483 = DEFINITIONAL_REPRESENTATION('',(#484),#488);
#484 = LINE('',#485,#486);
#485 = CARTESIAN_POINT('',(37.9,0.5));
#486 = VECTOR('',#487,1.);
#487 = DIRECTION('',(0.,-1.));
#488 = ( GEOMETRIC_REPRESENTATION_CONTEXT(2) 
PARAMETRIC_REPRESENTATION_CONTEXT() REPRESENTATION_CONTEXT('2D SPACE',''
  ) );
#489 = ORIENTED_EDGE('',*,*,#490,.T.);
#490 = EDGE_CURVE('',#463,#491,#493,.T.);
#491 = VERTEX_POINT('',#492);
#492 = CARTESIAN_POINT('',(6.,200.,43.6));
#493 = SURFACE_CURVE('',#494,(#498,#505),.PCURVE_S1.);
#494 = LINE('',#495,#496);
#495 = CARTESIAN_POINT('',(6.,3.2,43.6));
#496 = VECTOR('',#497,1.);
#497 = DIRECTION('',(0.,1.,0.));
#498 = PCURVE('',#72,#499);
#499 = DEFINITIONAL_REPRESENTATION('',(#500),#504);
#500 = LINE('',#501,#502);
#501 = CARTESIAN_POINT('',(3.,3.2));
#502 = VECTOR('',#503,1.);
#503 = DIRECTION('',(0.,1.));
#504 = ( GEOMETRIC_REPRESENTATION_CONTEXT(2) 
PARAMETRIC_REPRESENTATION_CONTEXT() REPRESENTATION_CONTEXT('2D SPACE',''
  ) );
#505 = PCURVE('',#506,#511);
#506 = PLANE('',#507);
#507 = AXIS2_PLACEMENT_3D('',#508,#509,#510);
#508 = CARTESIAN_POINT('',(6.,3.2,0.));
#509 = DIRECTION('',(1.,0.,0.));
#510 = DIRECTION('',(0.,0.,1.));
#511 = DEFINITIONAL_REPRESENTATION('',(#512),#516);
#512 = LINE('',#513,#514);
#513 = CARTESIAN_POINT('',(43.6,0.));
#514 = VECTOR('',#515,1.);
#515 = DIRECTION('',(0.,-1.));
#516 = ( GEOMETRIC_REPRESENTATION_CONTEXT(2) 
PARAMETRIC_REPRESENTATION_CONTEXT() REPRESENTATION_CONTEXT('2D SPACE',''
  ) );
#517 = ORIENTED_EDGE('',*,*,#518,.F.);
#518 = EDGE_CURVE('',#519,#491,#521,.T.);
#519 = VERTEX_POINT('',#520);
#520 = CARTESIAN_POINT('',(8.,202.,43.6));
#521 = SURFACE_CURVE('',#522,(#527,#534),.PCURVE_S1.);
#522 = CIRCLE('',#523,2.);
#523 = AXIS2_PLACEMENT_3D('',#524,#525,#526);
#524 = CARTESIAN_POINT('',(8.,200.,43.6));
#525 = DIRECTION('',(0.,0.,1.));
#526 = DIRECTION('',(1.,0.,0.));
#527 = PCURVE('',#72,#528);
#528 = DEFINITIONAL_REPRESENTATION('',(#529),#533);
#529 = CIRCLE('',#530,2.);
#530 = AXIS2_PLACEMENT_2D('',#531,#532);
#531 = CARTESIAN_POINT('',(5.,200.));
#532 = DIRECTION('',(1.,0.));
#533 = ( GEOMETRIC_REPRESENTATION_CONTEXT(2) 
PARAMETRIC_REPRESENTATION_CONTEXT() REPRESENTATION_CONTEXT('2D SPACE',''
  ) );
#534 = PCURVE('',#535,#540);
#535 = CYLINDRICAL_SURFACE('',#536,2.);
#536 = AXIS2_PLACEMENT_3D('',#537,#538,#539);
#537 = CARTESIAN_POINT('',(8.,200.,2.6));
#538 = DIRECTION('',(-0.,-0.,-1.));
#539 = DIRECTION('',(1.,0.,0.));
#540 = DEFINITIONAL_REPRESENTATION('',(#541),#545);
#541 = LINE('',#542,#543);
#542 = CARTESIAN_POINT('',(-0.,-41.));
#543 = VECTOR('',#544,1.);
#544 = DIRECTION('',(-1.,0.));
#545 = ( GEOMETRIC_REPRESENTATION_CONTEXT(2) 
PARAMETRIC_REPRESENTATION_CONTEXT() REPRESENTATION_CONTEXT('2D SPACE',''
  ) );
#546 = ORIENTED_EDGE('',*,*,#547,.T.);
#547 = EDGE_CURVE('',#519,#548,#550,.T.);
#548 = VERTEX_POINT('',#549);
#549 = CARTESIAN_POINT('',(59.,202.,43.6));
#550 = SURFACE_CURVE('',#551,(#555,#562),.PCURVE_S1.);
#551 = LINE('',#552,#553);
#552 = CARTESIAN_POINT('',(5.99,202.,43.6));
#553 = VECTOR('',#554,1.);
#554 = DIRECTION('',(1.,0.,0.));
#555 = PCURVE('',#72,#556);
#556 = DEFINITIONAL_REPRESENTATION('',(#557),#561);
#557 = LINE('',#558,#559);
#558 = CARTESIAN_POINT('',(2.99,202.));
#559 = VECTOR('',#560,1.);
#560 = DIRECTION('',(1.,0.));
#561 = ( GEOMETRIC_REPRESENTATION_CONTEXT(2) 
PARAMETRIC_REPRESENTATION_CONTEXT() REPRESENTATION_CONTEXT('2D SPACE',''
  ) );
#562 = PCURVE('',#563,#568);
#563 = PLANE('',#564);
#564 = AXIS2_PLACEMENT_3D('',#565,#566,#567);
#565 = CARTESIAN_POINT('',(5.99,202.,0.));
#566 = DIRECTION('',(0.,1.,0.));
#567 = DIRECTION('',(0.,0.,1.));
#568 = DEFINITIONAL_REPRESENTATION('',(#569),#573);
#569 = LINE('',#570,#571);
#570 = CARTESIAN_POINT('',(43.6,0.));
#571 = VECTOR('',#572,1.);
#572 = DIRECTION('',(0.,1.));
#573 = ( GEOMETRIC_REPRESENTATION_CONTEXT(2) 
PARAMETRIC_REPRESENTATION_CONTEXT() REPRESENTATION_CONTEXT('2D SPACE',''
  ) );
#574 = ORIENTED_EDGE('',*,*,#575,.F.);
#575 = EDGE_CURVE('',#576,#548,#578,.T.);
#576 = VERTEX_POINT('',#577);
#577 = CARTESIAN_POINT('',(61.,200.,43.6));
#578 = SURFACE_CURVE('',#579,(#584,#591),.PCURVE_S1.);
#579 = CIRCLE('',#580,2.);
#580 = AXIS2_PLACEMENT_3D('',#581,#582,#583);
#581 = CARTESIAN_POINT('',(59.,200.,43.6));
#582 = DIRECTION('',(0.,0.,1.));
#583 = DIRECTION('',(1.,0.,0.));
#584 = PCURVE('',#72,#585);
#585 = DEFINITIONAL_REPRESENTATION('',(#586),#590);
#586 = CIRCLE('',#587,2.);
#587 = AXIS2_PLACEMENT_2D('',#588,#589);
#588 = CARTESIAN_POINT('',(56.,200.));
#589 = DIRECTION('',(1.,0.));
#590 = ( GEOMETRIC_REPRESENTATION_CONTEXT(2) 
PARAMETRIC_REPRESENTATION_CONTEXT() REPRESENTATION_CONTEXT('2D SPACE',''
  ) );
#591 = PCURVE('',#592,#597);
#592 = CYLINDRICAL_SURFACE('',#593,2.);
#593 = AXIS2_PLACEMENT_3D('',#594,#595,#596);
#594 = CARTESIAN_POINT('',(59.,200.,2.6));
#595 = DIRECTION('',(-0.,-0.,-1.));
#596 = DIRECTION('',(1.,0.,0.));
#597 = DEFINITIONAL_REPRESENTATION('',(#598),#602);
#598 = LINE('',#599,#600);
#599 = CARTESIAN_POINT('',(-0.,-41.));
#600 = VECTOR('',#601,1.);
#601 = DIRECTION('',(-1.,0.));
#602 = ( GEOMETRIC_REPRESENTATION_CONTEXT(2) 
PARAMETRIC_REPRESENTATION_CONTEXT() REPRESENTATION_CONTEXT('2D SPACE',''
  ) );
#603 = ORIENTED_EDGE('',*,*,#604,.F.);
#604 = EDGE_CURVE('',#605,#576,#607,.T.);
#605 = VERTEX_POINT('',#606);
#606 = CARTESIAN_POINT('',(61.,36.,43.6));
#607 = SURFACE_CURVE('',#608,(#612,#619),.PCURVE_S1.);
#608 = LINE('',#609,#610);
#609 = CARTESIAN_POINT('',(61.,9.99,43.6));
#610 = VECTOR('',#611,1.);
#611 = DIRECTION('',(0.,1.,0.));
#612 = PCURVE('',#72,#613);
#613 = DEFINITIONAL_REPRESENTATION('',(#614),#618);
#614 = LINE('',#615,#616);
#615 = CARTESIAN_POINT('',(58.,9.99));
#616 = VECTOR('',#617,1.);
#617 = DIRECTION('',(0.,1.));
#618 = ( GEOMETRIC_REPRESENTATION_CONTEXT(2) 
PARAMETRIC_REPRESENTATION_CONTEXT() REPRESENTATION_CONTEXT('2D SPACE',''
  ) );
#619 = PCURVE('',#620,#625);
#620 = PLANE('',#621);
#621 = AXIS2_PLACEMENT_3D('',#622,#623,#624);
#622 = CARTESIAN_POINT('',(61.,9.99,0.));
#623 = DIRECTION('',(1.,0.,0.));
#624 = DIRECTION('',(0.,0.,1.));
#625 = DEFINITIONAL_REPRESENTATION('',(#626),#630);
#626 = LINE('',#627,#628);
#627 = CARTESIAN_POINT('',(43.6,0.));
#628 = VECTOR('',#629,1.);
#629 = DIRECTION('',(0.,-1.));
#630 = ( GEOMETRIC_REPRESENTATION_CONTEXT(2) 
PARAMETRIC_REPRESENTATION_CONTEXT() REPRESENTATION_CONTEXT('2D SPACE',''
  ) );
#631 = ORIENTED_EDGE('',*,*,#632,.F.);
#632 = EDGE_CURVE('',#633,#605,#635,.T.);
#633 = VERTEX_POINT('',#634);
#634 = CARTESIAN_POINT('',(59.,34.,43.6));
#635 = SURFACE_CURVE('',#636,(#641,#648),.PCURVE_S1.);
#636 = CIRCLE('',#637,2.);
#637 = AXIS2_PLACEMENT_3D('',#638,#639,#640);
#638 = CARTESIAN_POINT('',(59.,36.,43.6));
#639 = DIRECTION('',(0.,0.,1.));
#640 = DIRECTION('',(1.,0.,0.));
#641 = PCURVE('',#72,#642);
#642 = DEFINITIONAL_REPRESENTATION('',(#643),#647);
#643 = CIRCLE('',#644,2.);
#644 = AXIS2_PLACEMENT_2D('',#645,#646);
#645 = CARTESIAN_POINT('',(56.,36.));
#646 = DIRECTION('',(1.,0.));
#647 = ( GEOMETRIC_REPRESENTATION_CONTEXT(2) 
PARAMETRIC_REPRESENTATION_CONTEXT() REPRESENTATION_CONTEXT('2D SPACE',''
  ) );
#648 = PCURVE('',#649,#654);
#649 = CYLINDRICAL_SURFACE('',#650,2.);
#650 = AXIS2_PLACEMENT_3D('',#651,#652,#653);
#651 = CARTESIAN_POINT('',(59.,36.,2.6));
#652 = DIRECTION('',(-0.,-0.,-1.));
#653 = DIRECTION('',(1.,0.,0.));
#654 = DEFINITIONAL_REPRESENTATION('',(#655),#659);
#655 = LINE('',#656,#657);
#656 = CARTESIAN_POINT('',(-0.,-41.));
#657 = VECTOR('',#658,1.);
#658 = DIRECTION('',(-1.,0.));
#659 = ( GEOMETRIC_REPRESENTATION_CONTEXT(2) 
PARAMETRIC_REPRESENTATION_CONTEXT() REPRESENTATION_CONTEXT('2D SPACE',''
  ) );
#660 = ORIENTED_EDGE('',*,*,#661,.F.);
#661 = EDGE_CURVE('',#662,#633,#664,.T.);
#662 = VERTEX_POINT('',#663);
#663 = CARTESIAN_POINT('',(6.,34.,43.6));
#664 = SURFACE_CURVE('',#665,(#669,#676),.PCURVE_S1.);
#665 = LINE('',#666,#667);
#666 = CARTESIAN_POINT('',(5.99,34.,43.6));
#667 = VECTOR('',#668,1.);
#668 = DIRECTION('',(1.,0.,0.));
#669 = PCURVE('',#72,#670);
#670 = DEFINITIONAL_REPRESENTATION('',(#671),#675);
#671 = LINE('',#672,#673);
#672 = CARTESIAN_POINT('',(2.99,34.));
#673 = VECTOR('',#674,1.);
#674 = DIRECTION('',(1.,0.));
#675 = ( GEOMETRIC_REPRESENTATION_CONTEXT(2) 
PARAMETRIC_REPRESENTATION_CONTEXT() REPRESENTATION_CONTEXT('2D SPACE',''
  ) );
#676 = PCURVE('',#677,#682);
#677 = PLANE('',#678);
#678 = AXIS2_PLACEMENT_3D('',#679,#680,#681);
#679 = CARTESIAN_POINT('',(5.99,34.,0.));
#680 = DIRECTION('',(0.,1.,0.));
#681 = DIRECTION('',(0.,0.,1.));
#682 = DEFINITIONAL_REPRESENTATION('',(#683),#687);
#683 = LINE('',#684,#685);
#684 = CARTESIAN_POINT('',(43.6,0.));
#685 = VECTOR('',#686,1.);
#686 = DIRECTION('',(0.,1.));
#687 = ( GEOMETRIC_REPRESENTATION_CONTEXT(2) 
PARAMETRIC_REPRESENTATION_CONTEXT() REPRESENTATION_CONTEXT('2D SPACE',''
  ) );
#688 = ORIENTED_EDGE('',*,*,#689,.T.);
#689 = EDGE_CURVE('',#662,#690,#692,.T.);
#690 = VERTEX_POINT('',#691);
#691 = CARTESIAN_POINT('',(6.,35.8,43.6));
#692 = SURFACE_CURVE('',#693,(#697,#704),.PCURVE_S1.);
#693 = LINE('',#694,#695);
#694 = CARTESIAN_POINT('',(6.,3.2,43.6));
#695 = VECTOR('',#696,1.);
#696 = DIRECTION('',(0.,1.,0.));
#697 = PCURVE('',#72,#698);
#698 = DEFINITIONAL_REPRESENTATION('',(#699),#703);
#699 = LINE('',#700,#701);
#700 = CARTESIAN_POINT('',(3.,3.2));
#701 = VECTOR('',#702,1.);
#702 = DIRECTION('',(0.,1.));
#703 = ( GEOMETRIC_REPRESENTATION_CONTEXT(2) 
PARAMETRIC_REPRESENTATION_CONTEXT() REPRESENTATION_CONTEXT('2D SPACE',''
  ) );
#704 = PCURVE('',#705,#710);
#705 = PLANE('',#706);
#706 = AXIS2_PLACEMENT_3D('',#707,#708,#709);
#707 = CARTESIAN_POINT('',(6.,3.2,0.));
#708 = DIRECTION('',(1.,0.,0.));
#709 = DIRECTION('',(0.,0.,1.));
#710 = DEFINITIONAL_REPRESENTATION('',(#711),#715);
#711 = LINE('',#712,#713);
#712 = CARTESIAN_POINT('',(43.6,0.));
#713 = VECTOR('',#714,1.);
#714 = DIRECTION('',(0.,-1.));
#715 = ( GEOMETRIC_REPRESENTATION_CONTEXT(2) 
PARAMETRIC_REPRESENTATION_CONTEXT() REPRESENTATION_CONTEXT('2D SPACE',''
  ) );
#716 = ORIENTED_EDGE('',*,*,#717,.T.);
#717 = EDGE_CURVE('',#690,#718,#720,.T.);
#718 = VERTEX_POINT('',#719);
#719 = CARTESIAN_POINT('',(0.,35.8,43.6));
#720 = SURFACE_CURVE('',#721,(#725,#732),.PCURVE_S1.);
#721 = LINE('',#722,#723);
#722 = CARTESIAN_POINT('',(-0.5,35.8,43.6));
#723 = VECTOR('',#724,1.);
#724 = DIRECTION('',(-1.,0.,0.));
#725 = PCURVE('',#72,#726);
#726 = DEFINITIONAL_REPRESENTATION('',(#727),#731);
#727 = LINE('',#728,#729);
#728 = CARTESIAN_POINT('',(-3.5,35.8));
#729 = VECTOR('',#730,1.);
#730 = DIRECTION('',(-1.,0.));
#731 = ( GEOMETRIC_REPRESENTATION_CONTEXT(2) 
PARAMETRIC_REPRESENTATION_CONTEXT() REPRESENTATION_CONTEXT('2D SPACE',''
  ) );
#732 = PCURVE('',#733,#738);
#733 = PLANE('',#734);
#734 = AXIS2_PLACEMENT_3D('',#735,#736,#737);
#735 = CARTESIAN_POINT('',(-1.,35.8,5.7));
#736 = DIRECTION('',(0.,1.,0.));
#737 = DIRECTION('',(0.,0.,1.));
#738 = DEFINITIONAL_REPRESENTATION('',(#739),#743);
#739 = LINE('',#740,#741);
#740 = CARTESIAN_POINT('',(37.9,0.5));
#741 = VECTOR('',#742,1.);
#742 = DIRECTION('',(0.,-1.));
#743 = ( GEOMETRIC_REPRESENTATION_CONTEXT(2) 
PARAMETRIC_REPRESENTATION_CONTEXT() REPRESENTATION_CONTEXT('2D SPACE',''
  ) );
#744 = ORIENTED_EDGE('',*,*,#745,.T.);
#745 = EDGE_CURVE('',#718,#171,#746,.T.);
#746 = SURFACE_CURVE('',#747,(#751,#758),.PCURVE_S1.);
#747 = LINE('',#748,#749);
#748 = CARTESIAN_POINT('',(0.,35.8,43.6));
#749 = VECTOR('',#750,1.);
#750 = DIRECTION('',(0.,-1.,0.));
#751 = PCURVE('',#72,#752);
#752 = DEFINITIONAL_REPRESENTATION('',(#753),#757);
#753 = LINE('',#754,#755);
#754 = CARTESIAN_POINT('',(-3.,35.8));
#755 = VECTOR('',#756,1.);
#756 = DIRECTION('',(0.,-1.));
#757 = ( GEOMETRIC_REPRESENTATION_CONTEXT(2) 
PARAMETRIC_REPRESENTATION_CONTEXT() REPRESENTATION_CONTEXT('2D SPACE',''
  ) );
#758 = PCURVE('',#186,#759);
#759 = DEFINITIONAL_REPRESENTATION('',(#760),#764);
#760 = LINE('',#761,#762);
#761 = CARTESIAN_POINT('',(43.6,-32.6));
#762 = VECTOR('',#763,1.);
#763 = DIRECTION('',(0.,1.));
#764 = ( GEOMETRIC_REPRESENTATION_CONTEXT(2) 
PARAMETRIC_REPRESENTATION_CONTEXT() REPRESENTATION_CONTEXT('2D SPACE',''
  ) );
#765 = ORIENTED_EDGE('',*,*,#198,.T.);
#766 = FACE_BOUND('',#767,.T.);
#767 = EDGE_LOOP('',(#768,#798,#827,#855,#884,#912,#941,#969));
#768 = ORIENTED_EDGE('',*,*,#769,.T.);
#769 = EDGE_CURVE('',#770,#772,#774,.T.);
#770 = VERTEX_POINT('',#771);
#771 = CARTESIAN_POINT('',(6.,16.,43.6));
#772 = VERTEX_POINT('',#773);
#773 = CARTESIAN_POINT('',(6.,28.,43.6));
#774 = SURFACE_CURVE('',#775,(#779,#786),.PCURVE_S1.);
#775 = LINE('',#776,#777);
#776 = CARTESIAN_POINT('',(6.,3.2,43.6));
#777 = VECTOR('',#778,1.);
#778 = DIRECTION('',(0.,1.,0.));
#779 = PCURVE('',#72,#780);
#780 = DEFINITIONAL_REPRESENTATION('',(#781),#785);
#781 = LINE('',#782,#783);
#782 = CARTESIAN_POINT('',(3.,3.2));
#783 = VECTOR('',#784,1.);
#784 = DIRECTION('',(0.,1.));
#785 = ( GEOMETRIC_REPRESENTATION_CONTEXT(2) 
PARAMETRIC_REPRESENTATION_CONTEXT() REPRESENTATION_CONTEXT('2D SPACE',''
  ) );
#786 = PCURVE('',#787,#792);
#787 = PLANE('',#788);
#788 = AXIS2_PLACEMENT_3D('',#789,#790,#791);
#789 = CARTESIAN_POINT('',(6.,3.2,0.));
#790 = DIRECTION('',(1.,0.,0.));
#791 = DIRECTION('',(0.,0.,1.));
#792 = DEFINITIONAL_REPRESENTATION('',(#793),#797);
#793 = LINE('',#794,#795);
#794 = CARTESIAN_POINT('',(43.6,0.));
#795 = VECTOR('',#796,1.);
#796 = DIRECTION('',(0.,-1.));
#797 = ( GEOMETRIC_REPRESENTATION_CONTEXT(2) 
PARAMETRIC_REPRESENTATION_CONTEXT() REPRESENTATION_CONTEXT('2D SPACE',''
  ) );
#798 = ORIENTED_EDGE('',*,*,#799,.F.);
#799 = EDGE_CURVE('',#800,#772,#802,.T.);
#800 = VERTEX_POINT('',#801);
#801 = CARTESIAN_POINT('',(8.,30.,43.6));
#802 = SURFACE_CURVE('',#803,(#808,#815),.PCURVE_S1.);
#803 = CIRCLE('',#804,2.);
#804 = AXIS2_PLACEMENT_3D('',#805,#806,#807);
#805 = CARTESIAN_POINT('',(8.,28.,43.6));
#806 = DIRECTION('',(0.,0.,1.));
#807 = DIRECTION('',(1.,0.,0.));
#808 = PCURVE('',#72,#809);
#809 = DEFINITIONAL_REPRESENTATION('',(#810),#814);
#810 = CIRCLE('',#811,2.);
#811 = AXIS2_PLACEMENT_2D('',#812,#813);
#812 = CARTESIAN_POINT('',(5.,28.));
#813 = DIRECTION('',(1.,0.));
#814 = ( GEOMETRIC_REPRESENTATION_CONTEXT(2) 
PARAMETRIC_REPRESENTATION_CONTEXT() REPRESENTATION_CONTEXT('2D SPACE',''
  ) );
#815 = PCURVE('',#816,#821);
#816 = CYLINDRICAL_SURFACE('',#817,2.);
#817 = AXIS2_PLACEMENT_3D('',#818,#819,#820);
#818 = CARTESIAN_POINT('',(8.,28.,2.6));
#819 = DIRECTION('',(-0.,-0.,-1.));
#820 = DIRECTION('',(1.,0.,0.));
#821 = DEFINITIONAL_REPRESENTATION('',(#822),#826);
#822 = LINE('',#823,#824);
#823 = CARTESIAN_POINT('',(-0.,-41.));
#824 = VECTOR('',#825,1.);
#825 = DIRECTION('',(-1.,0.));
#826 = ( GEOMETRIC_REPRESENTATION_CONTEXT(2) 
PARAMETRIC_REPRESENTATION_CONTEXT() REPRESENTATION_CONTEXT('2D SPACE',''
  ) );
#827 = ORIENTED_EDGE('',*,*,#828,.T.);
#828 = EDGE_CURVE('',#800,#829,#831,.T.);
#829 = VERTEX_POINT('',#830);
#830 = CARTESIAN_POINT('',(59.,30.,43.6));
#831 = SURFACE_CURVE('',#832,(#836,#843),.PCURVE_S1.);
#832 = LINE('',#833,#834);
#833 = CARTESIAN_POINT('',(5.99,30.,43.6));
#834 = VECTOR('',#835,1.);
#835 = DIRECTION('',(1.,0.,0.));
#836 = PCURVE('',#72,#837);
#837 = DEFINITIONAL_REPRESENTATION('',(#838),#842);
#838 = LINE('',#839,#840);
#839 = CARTESIAN_POINT('',(2.99,30.));
#840 = VECTOR('',#841,1.);
#841 = DIRECTION('',(1.,0.));
#842 = ( GEOMETRIC_REPRESENTATION_CONTEXT(2) 
PARAMETRIC_REPRESENTATION_CONTEXT() REPRESENTATION_CONTEXT('2D SPACE',''
  ) );
#843 = PCURVE('',#844,#849);
#844 = PLANE('',#845);
#845 = AXIS2_PLACEMENT_3D('',#846,#847,#848);
#846 = CARTESIAN_POINT('',(5.99,30.,0.));
#847 = DIRECTION('',(0.,1.,0.));
#848 = DIRECTION('',(0.,0.,1.));
#849 = DEFINITIONAL_REPRESENTATION('',(#850),#854);
#850 = LINE('',#851,#852);
#851 = CARTESIAN_POINT('',(43.6,0.));
#852 = VECTOR('',#853,1.);
#853 = DIRECTION('',(0.,1.));
#854 = ( GEOMETRIC_REPRESENTATION_CONTEXT(2) 
PARAMETRIC_REPRESENTATION_CONTEXT() REPRESENTATION_CONTEXT('2D SPACE',''
  ) );
#855 = ORIENTED_EDGE('',*,*,#856,.F.);
#856 = EDGE_CURVE('',#857,#829,#859,.T.);
#857 = VERTEX_POINT('',#858);
#858 = CARTESIAN_POINT('',(61.,28.,43.6));
#859 = SURFACE_CURVE('',#860,(#865,#872),.PCURVE_S1.);
#860 = CIRCLE('',#861,2.);
#861 = AXIS2_PLACEMENT_3D('',#862,#863,#864);
#862 = CARTESIAN_POINT('',(59.,28.,43.6));
#863 = DIRECTION('',(0.,0.,1.));
#864 = DIRECTION('',(1.,0.,0.));
#865 = PCURVE('',#72,#866);
#866 = DEFINITIONAL_REPRESENTATION('',(#867),#871);
#867 = CIRCLE('',#868,2.);
#868 = AXIS2_PLACEMENT_2D('',#869,#870);
#869 = CARTESIAN_POINT('',(56.,28.));
#870 = DIRECTION('',(1.,0.));
#871 = ( GEOMETRIC_REPRESENTATION_CONTEXT(2) 
PARAMETRIC_REPRESENTATION_CONTEXT() REPRESENTATION_CONTEXT('2D SPACE',''
  ) );
#872 = PCURVE('',#873,#878);
#873 = CYLINDRICAL_SURFACE('',#874,2.);
#874 = AXIS2_PLACEMENT_3D('',#875,#876,#877);
#875 = CARTESIAN_POINT('',(59.,28.,2.6));
#876 = DIRECTION('',(-0.,-0.,-1.));
#877 = DIRECTION('',(1.,0.,0.));
#878 = DEFINITIONAL_REPRESENTATION('',(#879),#883);
#879 = LINE('',#880,#881);
#880 = CARTESIAN_POINT('',(-0.,-41.));
#881 = VECTOR('',#882,1.);
#882 = DIRECTION('',(-1.,0.));
#883 = ( GEOMETRIC_REPRESENTATION_CONTEXT(2) 
PARAMETRIC_REPRESENTATION_CONTEXT() REPRESENTATION_CONTEXT('2D SPACE',''
  ) );
#884 = ORIENTED_EDGE('',*,*,#885,.F.);
#885 = EDGE_CURVE('',#886,#857,#888,.T.);
#886 = VERTEX_POINT('',#887);
#887 = CARTESIAN_POINT('',(61.,16.,43.6));
#888 = SURFACE_CURVE('',#889,(#893,#900),.PCURVE_S1.);
#889 = LINE('',#890,#891);
#890 = CARTESIAN_POINT('',(61.,9.99,43.6));
#891 = VECTOR('',#892,1.);
#892 = DIRECTION('',(0.,1.,0.));
#893 = PCURVE('',#72,#894);
#894 = DEFINITIONAL_REPRESENTATION('',(#895),#899);
#895 = LINE('',#896,#897);
#896 = CARTESIAN_POINT('',(58.,9.99));
#897 = VECTOR('',#898,1.);
#898 = DIRECTION('',(0.,1.));
#899 = ( GEOMETRIC_REPRESENTATION_CONTEXT(2) 
PARAMETRIC_REPRESENTATION_CONTEXT() REPRESENTATION_CONTEXT('2D SPACE',''
  ) );
#900 = PCURVE('',#901,#906);
#901 = PLANE('',#902);
#902 = AXIS2_PLACEMENT_3D('',#903,#904,#905);
#903 = CARTESIAN_POINT('',(61.,9.99,0.));
#904 = DIRECTION('',(1.,0.,0.));
#905 = DIRECTION('',(0.,0.,1.));
#906 = DEFINITIONAL_REPRESENTATION('',(#907),#911);
#907 = LINE('',#908,#909);
#908 = CARTESIAN_POINT('',(43.6,0.));
#909 = VECTOR('',#910,1.);
#910 = DIRECTION('',(0.,-1.));
#911 = ( GEOMETRIC_REPRESENTATION_CONTEXT(2) 
PARAMETRIC_REPRESENTATION_CONTEXT() REPRESENTATION_CONTEXT('2D SPACE',''
  ) );
#912 = ORIENTED_EDGE('',*,*,#913,.F.);
#913 = EDGE_CURVE('',#914,#886,#916,.T.);
#914 = VERTEX_POINT('',#915);
#915 = CARTESIAN_POINT('',(55.,10.,43.6));
#916 = SURFACE_CURVE('',#917,(#922,#929),.PCURVE_S1.);
#917 = CIRCLE('',#918,6.);
#918 = AXIS2_PLACEMENT_3D('',#919,#920,#921);
#919 = CARTESIAN_POINT('',(55.,16.,43.6));
#920 = DIRECTION('',(0.,0.,1.));
#921 = DIRECTION('',(1.,0.,0.));
#922 = PCURVE('',#72,#923);
#923 = DEFINITIONAL_REPRESENTATION('',(#924),#928);
#924 = CIRCLE('',#925,6.);
#925 = AXIS2_PLACEMENT_2D('',#926,#927);
#926 = CARTESIAN_POINT('',(52.,16.));
#927 = DIRECTION('',(1.,0.));
#928 = ( GEOMETRIC_REPRESENTATION_CONTEXT(2) 
PARAMETRIC_REPRESENTATION_CONTEXT() REPRESENTATION_CONTEXT('2D SPACE',''
  ) );
#929 = PCURVE('',#930,#935);
#930 = CYLINDRICAL_SURFACE('',#931,6.);
#931 = AXIS2_PLACEMENT_3D('',#932,#933,#934);
#932 = CARTESIAN_POINT('',(55.,16.,2.6));
#933 = DIRECTION('',(-0.,-0.,-1.));
#934 = DIRECTION('',(1.,0.,0.));
#935 = DEFINITIONAL_REPRESENTATION('',(#936),#940);
#936 = LINE('',#937,#938);
#937 = CARTESIAN_POINT('',(-0.,-41.));
#938 = VECTOR('',#939,1.);
#939 = DIRECTION('',(-1.,0.));
#940 = ( GEOMETRIC_REPRESENTATION_CONTEXT(2) 
PARAMETRIC_REPRESENTATION_CONTEXT() REPRESENTATION_CONTEXT('2D SPACE',''
  ) );
#941 = ORIENTED_EDGE('',*,*,#942,.T.);
#942 = EDGE_CURVE('',#914,#943,#945,.T.);
#943 = VERTEX_POINT('',#944);
#944 = CARTESIAN_POINT('',(12.,10.,43.6));
#945 = SURFACE_CURVE('',#946,(#950,#957),.PCURVE_S1.);
#946 = LINE('',#947,#948);
#947 = CARTESIAN_POINT('',(86.3,10.,43.6));
#948 = VECTOR('',#949,1.);
#949 = DIRECTION('',(-1.,0.,0.));
#950 = PCURVE('',#72,#951);
#951 = DEFINITIONAL_REPRESENTATION('',(#952),#956);
#952 = LINE('',#953,#954);
#953 = CARTESIAN_POINT('',(83.3,10.));
#954 = VECTOR('',#955,1.);
#955 = DIRECTION('',(-1.,0.));
#956 = ( GEOMETRIC_REPRESENTATION_CONTEXT(2) 
PARAMETRIC_REPRESENTATION_CONTEXT() REPRESENTATION_CONTEXT('2D SPACE',''
  ) );
#957 = PCURVE('',#958,#963);
#958 = PLANE('',#959);
#959 = AXIS2_PLACEMENT_3D('',#960,#961,#962);
#960 = CARTESIAN_POINT('',(3.,10.,0.));
#961 = DIRECTION('',(0.,1.,0.));
#962 = DIRECTION('',(0.,0.,1.));
#963 = DEFINITIONAL_REPRESENTATION('',(#964),#968);
#964 = LINE('',#965,#966);
#965 = CARTESIAN_POINT('',(43.6,83.3));
#966 = VECTOR('',#967,1.);
#967 = DIRECTION('',(0.,-1.));
#968 = ( GEOMETRIC_REPRESENTATION_CONTEXT(2) 
PARAMETRIC_REPRESENTATION_CONTEXT() REPRESENTATION_CONTEXT('2D SPACE',''
  ) );
#969 = ORIENTED_EDGE('',*,*,#970,.F.);
#970 = EDGE_CURVE('',#770,#943,#971,.T.);
#971 = SURFACE_CURVE('',#972,(#977,#984),.PCURVE_S1.);
#972 = CIRCLE('',#973,6.);
#973 = AXIS2_PLACEMENT_3D('',#974,#975,#976);
#974 = CARTESIAN_POINT('',(12.,16.,43.6));
#975 = DIRECTION('',(0.,0.,1.));
#976 = DIRECTION('',(1.,0.,0.));
#977 = PCURVE('',#72,#978);
#978 = DEFINITIONAL_REPRESENTATION('',(#979),#983);
#979 = CIRCLE('',#980,6.);
#980 = AXIS2_PLACEMENT_2D('',#981,#982);
#981 = CARTESIAN_POINT('',(9.,16.));
#982 = DIRECTION('',(1.,0.));
#983 = ( GEOMETRIC_REPRESENTATION_CONTEXT(2) 
PARAMETRIC_REPRESENTATION_CONTEXT() REPRESENTATION_CONTEXT('2D SPACE',''
  ) );
#984 = PCURVE('',#985,#990);
#985 = CYLINDRICAL_SURFACE('',#986,6.);
#986 = AXIS2_PLACEMENT_3D('',#987,#988,#989);
#987 = CARTESIAN_POINT('',(12.,16.,2.6));
#988 = DIRECTION('',(-0.,-0.,-1.));
#989 = DIRECTION('',(1.,0.,0.));
#990 = DEFINITIONAL_REPRESENTATION('',(#991),#995);
#991 = LINE('',#992,#993);
#992 = CARTESIAN_POINT('',(-0.,-41.));
#993 = VECTOR('',#994,1.);
#994 = DIRECTION('',(-1.,0.));
#995 = ( GEOMETRIC_REPRESENTATION_CONTEXT(2) 
PARAMETRIC_REPRESENTATION_CONTEXT() REPRESENTATION_CONTEXT('2D SPACE',''
  ) );
#996 = ADVANCED_FACE('',(#997,#1223,#1375),#100,.F.);
#997 = FACE_BOUND('',#998,.F.);
#998 = EDGE_LOOP('',(#999,#1029,#1050,#1051,#1052,#1075,#1108,#1136,
    #1169,#1197));
#999 = ORIENTED_EDGE('',*,*,#1000,.F.);
#1000 = EDGE_CURVE('',#1001,#1003,#1005,.T.);
#1001 = VERTEX_POINT('',#1002);
#1002 = CARTESIAN_POINT('',(86.3,-2.775557561563E-17,0.3));
#1003 = VERTEX_POINT('',#1004);
#1004 = CARTESIAN_POINT('',(86.3,0.,43.6));
#1005 = SURFACE_CURVE('',#1006,(#1010,#1017),.PCURVE_S1.);
#1006 = LINE('',#1007,#1008);
#1007 = CARTESIAN_POINT('',(86.3,0.,0.));
#1008 = VECTOR('',#1009,1.);
#1009 = DIRECTION('',(0.,0.,1.));
#1010 = PCURVE('',#100,#1011);
#1011 = DEFINITIONAL_REPRESENTATION('',(#1012),#1016);
#1012 = LINE('',#1013,#1014);
#1013 = CARTESIAN_POINT('',(0.,83.3));
#1014 = VECTOR('',#1015,1.);
#1015 = DIRECTION('',(1.,0.));
#1016 = ( GEOMETRIC_REPRESENTATION_CONTEXT(2) 
PARAMETRIC_REPRESENTATION_CONTEXT() REPRESENTATION_CONTEXT('2D SPACE',''
  ) );
#1017 = PCURVE('',#1018,#1023);
#1018 = PLANE('',#1019);
#1019 = AXIS2_PLACEMENT_3D('',#1020,#1021,#1022);
#1020 = CARTESIAN_POINT('',(86.3,0.,0.));
#1021 = DIRECTION('',(1.,0.,0.));
#1022 = DIRECTION('',(0.,0.,1.));
#1023 = DEFINITIONAL_REPRESENTATION('',(#1024),#1028);
#1024 = LINE('',#1025,#1026);
#1025 = CARTESIAN_POINT('',(0.,0.));
#1026 = VECTOR('',#1027,1.);
#1027 = DIRECTION('',(1.,0.));
#1028 = ( GEOMETRIC_REPRESENTATION_CONTEXT(2) 
PARAMETRIC_REPRESENTATION_CONTEXT() REPRESENTATION_CONTEXT('2D SPACE',''
  ) );
#1029 = ORIENTED_EDGE('',*,*,#1030,.F.);
#1030 = EDGE_CURVE('',#85,#1001,#1031,.T.);
#1031 = SURFACE_CURVE('',#1032,(#1036,#1043),.PCURVE_S1.);
#1032 = LINE('',#1033,#1034);
#1033 = CARTESIAN_POINT('',(3.,0.,0.3));
#1034 = VECTOR('',#1035,1.);
#1035 = DIRECTION('',(1.,0.,0.));
#1036 = PCURVE('',#100,#1037);
#1037 = DEFINITIONAL_REPRESENTATION('',(#1038),#1042);
#1038 = LINE('',#1039,#1040);
#1039 = CARTESIAN_POINT('',(0.3,0.));
#1040 = VECTOR('',#1041,1.);
#1041 = DIRECTION('',(0.,1.));
#1042 = ( GEOMETRIC_REPRESENTATION_CONTEXT(2) 
PARAMETRIC_REPRESENTATION_CONTEXT() REPRESENTATION_CONTEXT('2D SPACE',''
  ) );
#1043 = PCURVE('',#238,#1044);
#1044 = DEFINITIONAL_REPRESENTATION('',(#1045),#1049);
#1045 = LINE('',#1046,#1047);
#1046 = CARTESIAN_POINT('',(0.,0.212132034356));
#1047 = VECTOR('',#1048,1.);
#1048 = DIRECTION('',(1.,0.));
#1049 = ( GEOMETRIC_REPRESENTATION_CONTEXT(2) 
PARAMETRIC_REPRESENTATION_CONTEXT() REPRESENTATION_CONTEXT('2D SPACE',''
  ) );
#1050 = ORIENTED_EDGE('',*,*,#84,.T.);
#1051 = ORIENTED_EDGE('',*,*,#304,.T.);
#1052 = ORIENTED_EDGE('',*,*,#1053,.F.);
#1053 = EDGE_CURVE('',#1054,#305,#1056,.T.);
#1054 = VERTEX_POINT('',#1055);
#1055 = CARTESIAN_POINT('',(73.254415587728,0.,40.220584412272));
#1056 = SURFACE_CURVE('',#1057,(#1061,#1068),.PCURVE_S1.);
#1057 = LINE('',#1058,#1059);
#1058 = CARTESIAN_POINT('',(47.783457793864,0.,14.749626618407));
#1059 = VECTOR('',#1060,1.);
#1060 = DIRECTION('',(0.707106781187,-0.,0.707106781187));
#1061 = PCURVE('',#100,#1062);
#1062 = DEFINITIONAL_REPRESENTATION('',(#1063),#1067);
#1063 = LINE('',#1064,#1065);
#1064 = CARTESIAN_POINT('',(14.749626618407,44.783457793864));
#1065 = VECTOR('',#1066,1.);
#1066 = DIRECTION('',(0.707106781187,0.707106781187));
#1067 = ( GEOMETRIC_REPRESENTATION_CONTEXT(2) 
PARAMETRIC_REPRESENTATION_CONTEXT() REPRESENTATION_CONTEXT('2D SPACE',''
  ) );
#1068 = PCURVE('',#343,#1069);
#1069 = DEFINITIONAL_REPRESENTATION('',(#1070),#1074);
#1070 = LINE('',#1071,#1072);
#1071 = CARTESIAN_POINT('',(42.096247692868,-1.));
#1072 = VECTOR('',#1073,1.);
#1073 = DIRECTION('',(-1.,0.));
#1074 = ( GEOMETRIC_REPRESENTATION_CONTEXT(2) 
PARAMETRIC_REPRESENTATION_CONTEXT() REPRESENTATION_CONTEXT('2D SPACE',''
  ) );
#1075 = ORIENTED_EDGE('',*,*,#1076,.T.);
#1076 = EDGE_CURVE('',#1054,#1077,#1079,.T.);
#1077 = VERTEX_POINT('',#1078);
#1078 = CARTESIAN_POINT('',(75.8,0.,34.075));
#1079 = SURFACE_CURVE('',#1080,(#1085,#1096),.PCURVE_S1.);
#1080 = CIRCLE('',#1081,3.6);
#1081 = AXIS2_PLACEMENT_3D('',#1082,#1083,#1084);
#1082 = CARTESIAN_POINT('',(75.8,0.,37.675));
#1083 = DIRECTION('',(0.,-1.,-0.));
#1084 = DIRECTION('',(-0.707106781187,-0.,0.707106781187));
#1085 = PCURVE('',#100,#1086);
#1086 = DEFINITIONAL_REPRESENTATION('',(#1087),#1095);
#1087 = ( BOUNDED_CURVE() B_SPLINE_CURVE(2,(#1088,#1089,#1090,#1091,
#1092,#1093,#1094),.UNSPECIFIED.,.T.,.F.) B_SPLINE_CURVE_WITH_KNOTS((1,2
    ,2,2,2,1),(-2.094395102393,0.,2.094395102393,4.188790204786,
6.28318530718,8.377580409573),.UNSPECIFIED.) CURVE() 
GEOMETRIC_REPRESENTATION_ITEM() RATIONAL_B_SPLINE_CURVE((1.,0.5,1.,0.5,
1.,0.5,1.)) REPRESENTATION_ITEM('') );
#1088 = CARTESIAN_POINT('',(40.220584412272,70.254415587728));
#1089 = CARTESIAN_POINT('',(35.811502875262,65.845334050719));
#1090 = CARTESIAN_POINT('',(34.197667025359,71.868251437631));
#1091 = CARTESIAN_POINT('',(32.583831175457,77.891168824543));
#1092 = CARTESIAN_POINT('',(38.606748562369,76.277332974641));
#1093 = CARTESIAN_POINT('',(44.629665949281,74.663497124738));
#1094 = CARTESIAN_POINT('',(40.220584412272,70.254415587728));
#1095 = ( GEOMETRIC_REPRESENTATION_CONTEXT(2) 
PARAMETRIC_REPRESENTATION_CONTEXT() REPRESENTATION_CONTEXT('2D SPACE',''
  ) );
#1096 = PCURVE('',#1097,#1102);
#1097 = CYLINDRICAL_SURFACE('',#1098,3.6);
#1098 = AXIS2_PLACEMENT_3D('',#1099,#1100,#1101);
#1099 = CARTESIAN_POINT('',(75.8,-1.,37.675));
#1100 = DIRECTION('',(0.,-1.,-0.));
#1101 = DIRECTION('',(-0.707106781187,-0.,0.707106781187));
#1102 = DEFINITIONAL_REPRESENTATION('',(#1103),#1107);
#1103 = LINE('',#1104,#1105);
#1104 = CARTESIAN_POINT('',(0.,-1.));
#1105 = VECTOR('',#1106,1.);
#1106 = DIRECTION('',(1.,0.));
#1107 = ( GEOMETRIC_REPRESENTATION_CONTEXT(2) 
PARAMETRIC_REPRESENTATION_CONTEXT() REPRESENTATION_CONTEXT('2D SPACE',''
  ) );
#1108 = ORIENTED_EDGE('',*,*,#1109,.F.);
#1109 = EDGE_CURVE('',#1110,#1077,#1112,.T.);
#1110 = VERTEX_POINT('',#1111);
#1111 = CARTESIAN_POINT('',(79.3,0.,34.075));
#1112 = SURFACE_CURVE('',#1113,(#1117,#1124),.PCURVE_S1.);
#1113 = LINE('',#1114,#1115);
#1114 = CARTESIAN_POINT('',(39.4,0.,34.075));
#1115 = VECTOR('',#1116,1.);
#1116 = DIRECTION('',(-1.,0.,0.));
#1117 = PCURVE('',#100,#1118);
#1118 = DEFINITIONAL_REPRESENTATION('',(#1119),#1123);
#1119 = LINE('',#1120,#1121);
#1120 = CARTESIAN_POINT('',(34.075,36.4));
#1121 = VECTOR('',#1122,1.);
#1122 = DIRECTION('',(0.,-1.));
#1123 = ( GEOMETRIC_REPRESENTATION_CONTEXT(2) 
PARAMETRIC_REPRESENTATION_CONTEXT() REPRESENTATION_CONTEXT('2D SPACE',''
  ) );
#1124 = PCURVE('',#1125,#1130);
#1125 = PLANE('',#1126);
#1126 = AXIS2_PLACEMENT_3D('',#1127,#1128,#1129);
#1127 = CARTESIAN_POINT('',(75.8,-1.,34.075));
#1128 = DIRECTION('',(0.,0.,-1.));
#1129 = DIRECTION('',(1.,0.,0.));
#1130 = DEFINITIONAL_REPRESENTATION('',(#1131),#1135);
#1131 = LINE('',#1132,#1133);
#1132 = CARTESIAN_POINT('',(-36.4,-1.));
#1133 = VECTOR('',#1134,1.);
#1134 = DIRECTION('',(-1.,0.));
#1135 = ( GEOMETRIC_REPRESENTATION_CONTEXT(2) 
PARAMETRIC_REPRESENTATION_CONTEXT() REPRESENTATION_CONTEXT('2D SPACE',''
  ) );
#1136 = ORIENTED_EDGE('',*,*,#1137,.T.);
#1137 = EDGE_CURVE('',#1110,#1138,#1140,.T.);
#1138 = VERTEX_POINT('',#1139);
#1139 = CARTESIAN_POINT('',(81.845584412272,0.,40.220584412272));
#1140 = SURFACE_CURVE('',#1141,(#1146,#1157),.PCURVE_S1.);
#1141 = CIRCLE('',#1142,3.6);
#1142 = AXIS2_PLACEMENT_3D('',#1143,#1144,#1145);
#1143 = CARTESIAN_POINT('',(79.3,0.,37.675));
#1144 = DIRECTION('',(0.,-1.,0.));
#1145 = DIRECTION('',(0.,0.,-1.));
#1146 = PCURVE('',#100,#1147);
#1147 = DEFINITIONAL_REPRESENTATION('',(#1148),#1156);
#1148 = ( BOUNDED_CURVE() B_SPLINE_CURVE(2,(#1149,#1150,#1151,#1152,
#1153,#1154,#1155),.UNSPECIFIED.,.T.,.F.) B_SPLINE_CURVE_WITH_KNOTS((1,2
    ,2,2,2,1),(-2.094395102393,0.,2.094395102393,4.188790204786,
6.28318530718,8.377580409573),.UNSPECIFIED.) CURVE() 
GEOMETRIC_REPRESENTATION_ITEM() RATIONAL_B_SPLINE_CURVE((1.,0.5,1.,0.5,
1.,0.5,1.)) REPRESENTATION_ITEM('') );
#1149 = CARTESIAN_POINT('',(34.075,76.3));
#1150 = CARTESIAN_POINT('',(34.075,82.535382907248));
#1151 = CARTESIAN_POINT('',(39.475,79.417691453624));
#1152 = CARTESIAN_POINT('',(44.875,76.3));
#1153 = CARTESIAN_POINT('',(39.475,73.182308546376));
#1154 = CARTESIAN_POINT('',(34.075,70.064617092752));
#1155 = CARTESIAN_POINT('',(34.075,76.3));
#1156 = ( GEOMETRIC_REPRESENTATION_CONTEXT(2) 
PARAMETRIC_REPRESENTATION_CONTEXT() REPRESENTATION_CONTEXT('2D SPACE',''
  ) );
#1157 = PCURVE('',#1158,#1163);
#1158 = CYLINDRICAL_SURFACE('',#1159,3.6);
#1159 = AXIS2_PLACEMENT_3D('',#1160,#1161,#1162);
#1160 = CARTESIAN_POINT('',(79.3,-1.,37.675));
#1161 = DIRECTION('',(0.,-1.,0.));
#1162 = DIRECTION('',(0.,0.,-1.));
#1163 = DEFINITIONAL_REPRESENTATION('',(#1164),#1168);
#1164 = LINE('',#1165,#1166);
#1165 = CARTESIAN_POINT('',(0.,-1.));
#1166 = VECTOR('',#1167,1.);
#1167 = DIRECTION('',(1.,0.));
#1168 = ( GEOMETRIC_REPRESENTATION_CONTEXT(2) 
PARAMETRIC_REPRESENTATION_CONTEXT() REPRESENTATION_CONTEXT('2D SPACE',''
  ) );
#1169 = ORIENTED_EDGE('',*,*,#1170,.F.);
#1170 = EDGE_CURVE('',#1171,#1138,#1173,.T.);
#1171 = VERTEX_POINT('',#1172);
#1172 = CARTESIAN_POINT('',(78.466168824543,0.,43.6));
#1173 = SURFACE_CURVE('',#1174,(#1178,#1185),.PCURVE_S1.);
#1174 = LINE('',#1175,#1176);
#1175 = CARTESIAN_POINT('',(72.189334412272,0.,49.876834412272));
#1176 = VECTOR('',#1177,1.);
#1177 = DIRECTION('',(0.707106781187,0.,-0.707106781187));
#1178 = PCURVE('',#100,#1179);
#1179 = DEFINITIONAL_REPRESENTATION('',(#1180),#1184);
#1180 = LINE('',#1181,#1182);
#1181 = CARTESIAN_POINT('',(49.876834412272,69.189334412272));
#1182 = VECTOR('',#1183,1.);
#1183 = DIRECTION('',(-0.707106781187,0.707106781187));
#1184 = ( GEOMETRIC_REPRESENTATION_CONTEXT(2) 
PARAMETRIC_REPRESENTATION_CONTEXT() REPRESENTATION_CONTEXT('2D SPACE',''
  ) );
#1185 = PCURVE('',#1186,#1191);
#1186 = PLANE('',#1187);
#1187 = AXIS2_PLACEMENT_3D('',#1188,#1189,#1190);
#1188 = CARTESIAN_POINT('',(81.845584412272,-1.,40.220584412272));
#1189 = DIRECTION('',(0.707106781187,0.,0.707106781187));
#1190 = DIRECTION('',(-0.707106781187,0.,0.707106781187));
#1191 = DEFINITIONAL_REPRESENTATION('',(#1192),#1196);
#1192 = LINE('',#1193,#1194);
#1193 = CARTESIAN_POINT('',(13.655999711665,-1.));
#1194 = VECTOR('',#1195,1.);
#1195 = DIRECTION('',(-1.,0.));
#1196 = ( GEOMETRIC_REPRESENTATION_CONTEXT(2) 
PARAMETRIC_REPRESENTATION_CONTEXT() REPRESENTATION_CONTEXT('2D SPACE',''
  ) );
#1197 = ORIENTED_EDGE('',*,*,#1198,.T.);
#1198 = EDGE_CURVE('',#1171,#1003,#1199,.T.);
#1199 = SURFACE_CURVE('',#1200,(#1204,#1211),.PCURVE_S1.);
#1200 = LINE('',#1201,#1202);
#1201 = CARTESIAN_POINT('',(3.,0.,43.6));
#1202 = VECTOR('',#1203,1.);
#1203 = DIRECTION('',(1.,0.,0.));
#1204 = PCURVE('',#100,#1205);
#1205 = DEFINITIONAL_REPRESENTATION('',(#1206),#1210);
#1206 = LINE('',#1207,#1208);
#1207 = CARTESIAN_POINT('',(43.6,0.));
#1208 = VECTOR('',#1209,1.);
#1209 = DIRECTION('',(0.,1.));
#1210 = ( GEOMETRIC_REPRESENTATION_CONTEXT(2) 
PARAMETRIC_REPRESENTATION_CONTEXT() REPRESENTATION_CONTEXT('2D SPACE',''
  ) );
#1211 = PCURVE('',#1212,#1217);
#1212 = PLANE('',#1213);
#1213 = AXIS2_PLACEMENT_3D('',#1214,#1215,#1216);
#1214 = CARTESIAN_POINT('',(3.,0.,43.6));
#1215 = DIRECTION('',(0.,0.,1.));
#1216 = DIRECTION('',(1.,0.,0.));
#1217 = DEFINITIONAL_REPRESENTATION('',(#1218),#1222);
#1218 = LINE('',#1219,#1220);
#1219 = CARTESIAN_POINT('',(0.,0.));
#1220 = VECTOR('',#1221,1.);
#1221 = DIRECTION('',(1.,0.));
#1222 = ( GEOMETRIC_REPRESENTATION_CONTEXT(2) 
PARAMETRIC_REPRESENTATION_CONTEXT() REPRESENTATION_CONTEXT('2D SPACE',''
  ) );
#1223 = FACE_BOUND('',#1224,.F.);
#1224 = EDGE_LOOP('',(#1225,#1255,#1288,#1316,#1344));
#1225 = ORIENTED_EDGE('',*,*,#1226,.F.);
#1226 = EDGE_CURVE('',#1227,#1229,#1231,.T.);
#1227 = VERTEX_POINT('',#1228);
#1228 = CARTESIAN_POINT('',(79.3,0.,2.325));
#1229 = VERTEX_POINT('',#1230);
#1230 = CARTESIAN_POINT('',(75.8,0.,2.325));
#1231 = SURFACE_CURVE('',#1232,(#1236,#1243),.PCURVE_S1.);
#1232 = LINE('',#1233,#1234);
#1233 = CARTESIAN_POINT('',(39.4,0.,2.325));
#1234 = VECTOR('',#1235,1.);
#1235 = DIRECTION('',(-1.,0.,0.));
#1236 = PCURVE('',#100,#1237);
#1237 = DEFINITIONAL_REPRESENTATION('',(#1238),#1242);
#1238 = LINE('',#1239,#1240);
#1239 = CARTESIAN_POINT('',(2.325,36.4));
#1240 = VECTOR('',#1241,1.);
#1241 = DIRECTION('',(0.,-1.));
#1242 = ( GEOMETRIC_REPRESENTATION_CONTEXT(2) 
PARAMETRIC_REPRESENTATION_CONTEXT() REPRESENTATION_CONTEXT('2D SPACE',''
  ) );
#1243 = PCURVE('',#1244,#1249);
#1244 = PLANE('',#1245);
#1245 = AXIS2_PLACEMENT_3D('',#1246,#1247,#1248);
#1246 = CARTESIAN_POINT('',(75.8,-1.,2.325));
#1247 = DIRECTION('',(0.,0.,-1.));
#1248 = DIRECTION('',(1.,0.,0.));
#1249 = DEFINITIONAL_REPRESENTATION('',(#1250),#1254);
#1250 = LINE('',#1251,#1252);
#1251 = CARTESIAN_POINT('',(-36.4,-1.));
#1252 = VECTOR('',#1253,1.);
#1253 = DIRECTION('',(-1.,0.));
#1254 = ( GEOMETRIC_REPRESENTATION_CONTEXT(2) 
PARAMETRIC_REPRESENTATION_CONTEXT() REPRESENTATION_CONTEXT('2D SPACE',''
  ) );
#1255 = ORIENTED_EDGE('',*,*,#1256,.T.);
#1256 = EDGE_CURVE('',#1227,#1257,#1259,.T.);
#1257 = VERTEX_POINT('',#1258);
#1258 = CARTESIAN_POINT('',(81.845584412272,0.,8.470584412272));
#1259 = SURFACE_CURVE('',#1260,(#1265,#1276),.PCURVE_S1.);
#1260 = CIRCLE('',#1261,3.6);
#1261 = AXIS2_PLACEMENT_3D('',#1262,#1263,#1264);
#1262 = CARTESIAN_POINT('',(79.3,0.,5.925));
#1263 = DIRECTION('',(0.,-1.,0.));
#1264 = DIRECTION('',(0.,0.,-1.));
#1265 = PCURVE('',#100,#1266);
#1266 = DEFINITIONAL_REPRESENTATION('',(#1267),#1275);
#1267 = ( BOUNDED_CURVE() B_SPLINE_CURVE(2,(#1268,#1269,#1270,#1271,
#1272,#1273,#1274),.UNSPECIFIED.,.T.,.F.) B_SPLINE_CURVE_WITH_KNOTS((1,2
    ,2,2,2,1),(-2.094395102393,0.,2.094395102393,4.188790204786,
6.28318530718,8.377580409573),.UNSPECIFIED.) CURVE() 
GEOMETRIC_REPRESENTATION_ITEM() RATIONAL_B_SPLINE_CURVE((1.,0.5,1.,0.5,
1.,0.5,1.)) REPRESENTATION_ITEM('') );
#1268 = CARTESIAN_POINT('',(2.325,76.3));
#1269 = CARTESIAN_POINT('',(2.325,82.535382907248));
#1270 = CARTESIAN_POINT('',(7.725,79.417691453624));
#1271 = CARTESIAN_POINT('',(13.125,76.3));
#1272 = CARTESIAN_POINT('',(7.725,73.182308546376));
#1273 = CARTESIAN_POINT('',(2.325,70.064617092752));
#1274 = CARTESIAN_POINT('',(2.325,76.3));
#1275 = ( GEOMETRIC_REPRESENTATION_CONTEXT(2) 
PARAMETRIC_REPRESENTATION_CONTEXT() REPRESENTATION_CONTEXT('2D SPACE',''
  ) );
#1276 = PCURVE('',#1277,#1282);
#1277 = CYLINDRICAL_SURFACE('',#1278,3.6);
#1278 = AXIS2_PLACEMENT_3D('',#1279,#1280,#1281);
#1279 = CARTESIAN_POINT('',(79.3,-1.,5.925));
#1280 = DIRECTION('',(0.,-1.,0.));
#1281 = DIRECTION('',(0.,0.,-1.));
#1282 = DEFINITIONAL_REPRESENTATION('',(#1283),#1287);
#1283 = LINE('',#1284,#1285);
#1284 = CARTESIAN_POINT('',(0.,-1.));
#1285 = VECTOR('',#1286,1.);
#1286 = DIRECTION('',(1.,0.));
#1287 = ( GEOMETRIC_REPRESENTATION_CONTEXT(2) 
PARAMETRIC_REPRESENTATION_CONTEXT() REPRESENTATION_CONTEXT('2D SPACE',''
  ) );
#1288 = ORIENTED_EDGE('',*,*,#1289,.F.);
#1289 = EDGE_CURVE('',#1290,#1257,#1292,.T.);
#1290 = VERTEX_POINT('',#1291);
#1291 = CARTESIAN_POINT('',(77.55,0.,12.766168824543));
#1292 = SURFACE_CURVE('',#1293,(#1297,#1304),.PCURVE_S1.);
#1293 = LINE('',#1294,#1295);
#1294 = CARTESIAN_POINT('',(64.251834412272,1.110223024625E-16,
    26.064334412272));
#1295 = VECTOR('',#1296,1.);
#1296 = DIRECTION('',(0.707106781187,0.,-0.707106781187));
#1297 = PCURVE('',#100,#1298);
#1298 = DEFINITIONAL_REPRESENTATION('',(#1299),#1303);
#1299 = LINE('',#1300,#1301);
#1300 = CARTESIAN_POINT('',(26.064334412272,61.251834412272));
#1301 = VECTOR('',#1302,1.);
#1302 = DIRECTION('',(-0.707106781187,0.707106781187));
#1303 = ( GEOMETRIC_REPRESENTATION_CONTEXT(2) 
PARAMETRIC_REPRESENTATION_CONTEXT() REPRESENTATION_CONTEXT('2D SPACE',''
  ) );
#1304 = PCURVE('',#1305,#1310);
#1305 = PLANE('',#1306);
#1306 = AXIS2_PLACEMENT_3D('',#1307,#1308,#1309);
#1307 = CARTESIAN_POINT('',(81.845584412272,-1.,8.470584412272));
#1308 = DIRECTION('',(0.707106781187,0.,0.707106781187));
#1309 = DIRECTION('',(-0.707106781187,0.,0.707106781187));
#1310 = DEFINITIONAL_REPRESENTATION('',(#1311),#1315);
#1311 = LINE('',#1312,#1313);
#1312 = CARTESIAN_POINT('',(24.881319863002,-1.));
#1313 = VECTOR('',#1314,1.);
#1314 = DIRECTION('',(-1.,0.));
#1315 = ( GEOMETRIC_REPRESENTATION_CONTEXT(2) 
PARAMETRIC_REPRESENTATION_CONTEXT() REPRESENTATION_CONTEXT('2D SPACE',''
  ) );
#1316 = ORIENTED_EDGE('',*,*,#1317,.F.);
#1317 = EDGE_CURVE('',#1318,#1290,#1320,.T.);
#1318 = VERTEX_POINT('',#1319);
#1319 = CARTESIAN_POINT('',(73.254415587728,0.,8.470584412272));
#1320 = SURFACE_CURVE('',#1321,(#1325,#1332),.PCURVE_S1.);
#1321 = LINE('',#1322,#1323);
#1322 = CARTESIAN_POINT('',(55.720957793864,1.110223024625E-16,
    -9.062873381593));
#1323 = VECTOR('',#1324,1.);
#1324 = DIRECTION('',(0.707106781187,-0.,0.707106781187));
#1325 = PCURVE('',#100,#1326);
#1326 = DEFINITIONAL_REPRESENTATION('',(#1327),#1331);
#1327 = LINE('',#1328,#1329);
#1328 = CARTESIAN_POINT('',(-9.062873381593,52.720957793864));
#1329 = VECTOR('',#1330,1.);
#1330 = DIRECTION('',(0.707106781187,0.707106781187));
#1331 = ( GEOMETRIC_REPRESENTATION_CONTEXT(2) 
PARAMETRIC_REPRESENTATION_CONTEXT() REPRESENTATION_CONTEXT('2D SPACE',''
  ) );
#1332 = PCURVE('',#1333,#1338);
#1333 = PLANE('',#1334);
#1334 = AXIS2_PLACEMENT_3D('',#1335,#1336,#1337);
#1335 = CARTESIAN_POINT('',(77.55,-1.,12.766168824543));
#1336 = DIRECTION('',(-0.707106781187,0.,0.707106781187));
#1337 = DIRECTION('',(-0.707106781187,0.,-0.707106781187));
#1338 = DEFINITIONAL_REPRESENTATION('',(#1339),#1343);
#1339 = LINE('',#1340,#1341);
#1340 = CARTESIAN_POINT('',(30.870927541532,-1.));
#1341 = VECTOR('',#1342,1.);
#1342 = DIRECTION('',(-1.,0.));
#1343 = ( GEOMETRIC_REPRESENTATION_CONTEXT(2) 
PARAMETRIC_REPRESENTATION_CONTEXT() REPRESENTATION_CONTEXT('2D SPACE',''
  ) );
#1344 = ORIENTED_EDGE('',*,*,#1345,.T.);
#1345 = EDGE_CURVE('',#1318,#1229,#1346,.T.);
#1346 = SURFACE_CURVE('',#1347,(#1352,#1363),.PCURVE_S1.);
#1347 = CIRCLE('',#1348,3.6);
#1348 = AXIS2_PLACEMENT_3D('',#1349,#1350,#1351);
#1349 = CARTESIAN_POINT('',(75.8,0.,5.925));
#1350 = DIRECTION('',(0.,-1.,-0.));
#1351 = DIRECTION('',(-0.707106781187,-0.,0.707106781187));
#1352 = PCURVE('',#100,#1353);
#1353 = DEFINITIONAL_REPRESENTATION('',(#1354),#1362);
#1354 = ( BOUNDED_CURVE() B_SPLINE_CURVE(2,(#1355,#1356,#1357,#1358,
#1359,#1360,#1361),.UNSPECIFIED.,.T.,.F.) B_SPLINE_CURVE_WITH_KNOTS((1,2
    ,2,2,2,1),(-2.094395102393,0.,2.094395102393,4.188790204786,
6.28318530718,8.377580409573),.UNSPECIFIED.) CURVE() 
GEOMETRIC_REPRESENTATION_ITEM() RATIONAL_B_SPLINE_CURVE((1.,0.5,1.,0.5,
1.,0.5,1.)) REPRESENTATION_ITEM('') );
#1355 = CARTESIAN_POINT('',(8.470584412272,70.254415587728));
#1356 = CARTESIAN_POINT('',(4.061502875262,65.845334050719));
#1357 = CARTESIAN_POINT('',(2.447667025359,71.868251437631));
#1358 = CARTESIAN_POINT('',(0.833831175457,77.891168824543));
#1359 = CARTESIAN_POINT('',(6.856748562369,76.277332974641));
#1360 = CARTESIAN_POINT('',(12.879665949281,74.663497124738));
#1361 = CARTESIAN_POINT('',(8.470584412272,70.254415587728));
#1362 = ( GEOMETRIC_REPRESENTATION_CONTEXT(2) 
PARAMETRIC_REPRESENTATION_CONTEXT() REPRESENTATION_CONTEXT('2D SPACE',''
  ) );
#1363 = PCURVE('',#1364,#1369);
#1364 = CYLINDRICAL_SURFACE('',#1365,3.6);
#1365 = AXIS2_PLACEMENT_3D('',#1366,#1367,#1368);
#1366 = CARTESIAN_POINT('',(75.8,-1.,5.925));
#1367 = DIRECTION('',(0.,-1.,-0.));
#1368 = DIRECTION('',(-0.707106781187,-0.,0.707106781187));
#1369 = DEFINITIONAL_REPRESENTATION('',(#1370),#1374);
#1370 = LINE('',#1371,#1372);
#1371 = CARTESIAN_POINT('',(0.,-1.));
#1372 = VECTOR('',#1373,1.);
#1373 = DIRECTION('',(1.,0.));
#1374 = ( GEOMETRIC_REPRESENTATION_CONTEXT(2) 
PARAMETRIC_REPRESENTATION_CONTEXT() REPRESENTATION_CONTEXT('2D SPACE',''
  ) );
#1375 = FACE_BOUND('',#1376,.F.);
#1376 = EDGE_LOOP('',(#1377,#1407,#1440,#1468,#1496));
#1377 = ORIENTED_EDGE('',*,*,#1378,.F.);
#1378 = EDGE_CURVE('',#1379,#1381,#1383,.T.);
#1379 = VERTEX_POINT('',#1380);
#1380 = CARTESIAN_POINT('',(79.3,0.,18.2));
#1381 = VERTEX_POINT('',#1382);
#1382 = CARTESIAN_POINT('',(75.8,0.,18.2));
#1383 = SURFACE_CURVE('',#1384,(#1388,#1395),.PCURVE_S1.);
#1384 = LINE('',#1385,#1386);
#1385 = CARTESIAN_POINT('',(39.4,0.,18.2));
#1386 = VECTOR('',#1387,1.);
#1387 = DIRECTION('',(-1.,0.,0.));
#1388 = PCURVE('',#100,#1389);
#1389 = DEFINITIONAL_REPRESENTATION('',(#1390),#1394);
#1390 = LINE('',#1391,#1392);
#1391 = CARTESIAN_POINT('',(18.2,36.4));
#1392 = VECTOR('',#1393,1.);
#1393 = DIRECTION('',(0.,-1.));
#1394 = ( GEOMETRIC_REPRESENTATION_CONTEXT(2) 
PARAMETRIC_REPRESENTATION_CONTEXT() REPRESENTATION_CONTEXT('2D SPACE',''
  ) );
#1395 = PCURVE('',#1396,#1401);
#1396 = PLANE('',#1397);
#1397 = AXIS2_PLACEMENT_3D('',#1398,#1399,#1400);
#1398 = CARTESIAN_POINT('',(75.8,-1.,18.2));
#1399 = DIRECTION('',(0.,0.,-1.));
#1400 = DIRECTION('',(1.,0.,0.));
#1401 = DEFINITIONAL_REPRESENTATION('',(#1402),#1406);
#1402 = LINE('',#1403,#1404);
#1403 = CARTESIAN_POINT('',(-36.4,-1.));
#1404 = VECTOR('',#1405,1.);
#1405 = DIRECTION('',(-1.,0.));
#1406 = ( GEOMETRIC_REPRESENTATION_CONTEXT(2) 
PARAMETRIC_REPRESENTATION_CONTEXT() REPRESENTATION_CONTEXT('2D SPACE',''
  ) );
#1407 = ORIENTED_EDGE('',*,*,#1408,.T.);
#1408 = EDGE_CURVE('',#1379,#1409,#1411,.T.);
#1409 = VERTEX_POINT('',#1410);
#1410 = CARTESIAN_POINT('',(81.845584412272,0.,24.345584412272));
#1411 = SURFACE_CURVE('',#1412,(#1417,#1428),.PCURVE_S1.);
#1412 = CIRCLE('',#1413,3.6);
#1413 = AXIS2_PLACEMENT_3D('',#1414,#1415,#1416);
#1414 = CARTESIAN_POINT('',(79.3,0.,21.8));
#1415 = DIRECTION('',(0.,-1.,0.));
#1416 = DIRECTION('',(0.,0.,-1.));
#1417 = PCURVE('',#100,#1418);
#1418 = DEFINITIONAL_REPRESENTATION('',(#1419),#1427);
#1419 = ( BOUNDED_CURVE() B_SPLINE_CURVE(2,(#1420,#1421,#1422,#1423,
#1424,#1425,#1426),.UNSPECIFIED.,.T.,.F.) B_SPLINE_CURVE_WITH_KNOTS((1,2
    ,2,2,2,1),(-2.094395102393,0.,2.094395102393,4.188790204786,
6.28318530718,8.377580409573),.UNSPECIFIED.) CURVE() 
GEOMETRIC_REPRESENTATION_ITEM() RATIONAL_B_SPLINE_CURVE((1.,0.5,1.,0.5,
1.,0.5,1.)) REPRESENTATION_ITEM('') );
#1420 = CARTESIAN_POINT('',(18.2,76.3));
#1421 = CARTESIAN_POINT('',(18.2,82.535382907248));
#1422 = CARTESIAN_POINT('',(23.6,79.417691453624));
#1423 = CARTESIAN_POINT('',(29.,76.3));
#1424 = CARTESIAN_POINT('',(23.6,73.182308546376));
#1425 = CARTESIAN_POINT('',(18.2,70.064617092752));
#1426 = CARTESIAN_POINT('',(18.2,76.3));
#1427 = ( GEOMETRIC_REPRESENTATION_CONTEXT(2) 
PARAMETRIC_REPRESENTATION_CONTEXT() REPRESENTATION_CONTEXT('2D SPACE',''
  ) );
#1428 = PCURVE('',#1429,#1434);
#1429 = CYLINDRICAL_SURFACE('',#1430,3.6);
#1430 = AXIS2_PLACEMENT_3D('',#1431,#1432,#1433);
#1431 = CARTESIAN_POINT('',(79.3,-1.,21.8));
#1432 = DIRECTION('',(0.,-1.,0.));
#1433 = DIRECTION('',(0.,0.,-1.));
#1434 = DEFINITIONAL_REPRESENTATION('',(#1435),#1439);
#1435 = LINE('',#1436,#1437);
#1436 = CARTESIAN_POINT('',(0.,-1.));
#1437 = VECTOR('',#1438,1.);
#1438 = DIRECTION('',(1.,0.));
#1439 = ( GEOMETRIC_REPRESENTATION_CONTEXT(2) 
PARAMETRIC_REPRESENTATION_CONTEXT() REPRESENTATION_CONTEXT('2D SPACE',''
  ) );
#1440 = ORIENTED_EDGE('',*,*,#1441,.F.);
#1441 = EDGE_CURVE('',#1442,#1409,#1444,.T.);
#1442 = VERTEX_POINT('',#1443);
#1443 = CARTESIAN_POINT('',(77.55,0.,28.641168824543));
#1444 = SURFACE_CURVE('',#1445,(#1449,#1456),.PCURVE_S1.);
#1445 = LINE('',#1446,#1447);
#1446 = CARTESIAN_POINT('',(68.220584412272,1.110223024625E-16,
    37.970584412272));
#1447 = VECTOR('',#1448,1.);
#1448 = DIRECTION('',(0.707106781187,0.,-0.707106781187));
#1449 = PCURVE('',#100,#1450);
#1450 = DEFINITIONAL_REPRESENTATION('',(#1451),#1455);
#1451 = LINE('',#1452,#1453);
#1452 = CARTESIAN_POINT('',(37.970584412272,65.220584412272));
#1453 = VECTOR('',#1454,1.);
#1454 = DIRECTION('',(-0.707106781187,0.707106781187));
#1455 = ( GEOMETRIC_REPRESENTATION_CONTEXT(2) 
PARAMETRIC_REPRESENTATION_CONTEXT() REPRESENTATION_CONTEXT('2D SPACE',''
  ) );
#1456 = PCURVE('',#1457,#1462);
#1457 = PLANE('',#1458);
#1458 = AXIS2_PLACEMENT_3D('',#1459,#1460,#1461);
#1459 = CARTESIAN_POINT('',(81.845584412272,-1.,24.345584412272));
#1460 = DIRECTION('',(0.707106781187,0.,0.707106781187));
#1461 = DIRECTION('',(-0.707106781187,0.,0.707106781187));
#1462 = DEFINITIONAL_REPRESENTATION('',(#1463),#1467);
#1463 = LINE('',#1464,#1465);
#1464 = CARTESIAN_POINT('',(19.268659787333,-1.));
#1465 = VECTOR('',#1466,1.);
#1466 = DIRECTION('',(-1.,0.));
#1467 = ( GEOMETRIC_REPRESENTATION_CONTEXT(2) 
PARAMETRIC_REPRESENTATION_CONTEXT() REPRESENTATION_CONTEXT('2D SPACE',''
  ) );
#1468 = ORIENTED_EDGE('',*,*,#1469,.F.);
#1469 = EDGE_CURVE('',#1470,#1442,#1472,.T.);
#1470 = VERTEX_POINT('',#1471);
#1471 = CARTESIAN_POINT('',(73.254415587728,0.,24.345584412272));
#1472 = SURFACE_CURVE('',#1473,(#1477,#1484),.PCURVE_S1.);
#1473 = LINE('',#1474,#1475);
#1474 = CARTESIAN_POINT('',(51.752207793864,0.,2.843376618407));
#1475 = VECTOR('',#1476,1.);
#1476 = DIRECTION('',(0.707106781187,-0.,0.707106781187));
#1477 = PCURVE('',#100,#1478);
#1478 = DEFINITIONAL_REPRESENTATION('',(#1479),#1483);
#1479 = LINE('',#1480,#1481);
#1480 = CARTESIAN_POINT('',(2.843376618407,48.752207793864));
#1481 = VECTOR('',#1482,1.);
#1482 = DIRECTION('',(0.707106781187,0.707106781187));
#1483 = ( GEOMETRIC_REPRESENTATION_CONTEXT(2) 
PARAMETRIC_REPRESENTATION_CONTEXT() REPRESENTATION_CONTEXT('2D SPACE',''
  ) );
#1484 = PCURVE('',#1485,#1490);
#1485 = PLANE('',#1486);
#1486 = AXIS2_PLACEMENT_3D('',#1487,#1488,#1489);
#1487 = CARTESIAN_POINT('',(77.55,-1.,28.641168824543));
#1488 = DIRECTION('',(-0.707106781187,0.,0.707106781187));
#1489 = DIRECTION('',(-0.707106781187,0.,-0.707106781187));
#1490 = DEFINITIONAL_REPRESENTATION('',(#1491),#1495);
#1491 = LINE('',#1492,#1493);
#1492 = CARTESIAN_POINT('',(36.4835876172,-1.));
#1493 = VECTOR('',#1494,1.);
#1494 = DIRECTION('',(-1.,0.));
#1495 = ( GEOMETRIC_REPRESENTATION_CONTEXT(2) 
PARAMETRIC_REPRESENTATION_CONTEXT() REPRESENTATION_CONTEXT('2D SPACE',''
  ) );
#1496 = ORIENTED_EDGE('',*,*,#1497,.T.);
#1497 = EDGE_CURVE('',#1470,#1381,#1498,.T.);
#1498 = SURFACE_CURVE('',#1499,(#1504,#1515),.PCURVE_S1.);
#1499 = CIRCLE('',#1500,3.6);
#1500 = AXIS2_PLACEMENT_3D('',#1501,#1502,#1503);
#1501 = CARTESIAN_POINT('',(75.8,0.,21.8));
#1502 = DIRECTION('',(0.,-1.,-0.));
#1503 = DIRECTION('',(-0.707106781187,-0.,0.707106781187));
#1504 = PCURVE('',#100,#1505);
#1505 = DEFINITIONAL_REPRESENTATION('',(#1506),#1514);
#1506 = ( BOUNDED_CURVE() B_SPLINE_CURVE(2,(#1507,#1508,#1509,#1510,
#1511,#1512,#1513),.UNSPECIFIED.,.T.,.F.) B_SPLINE_CURVE_WITH_KNOTS((1,2
    ,2,2,2,1),(-2.094395102393,0.,2.094395102393,4.188790204786,
6.28318530718,8.377580409573),.UNSPECIFIED.) CURVE() 
GEOMETRIC_REPRESENTATION_ITEM() RATIONAL_B_SPLINE_CURVE((1.,0.5,1.,0.5,
1.,0.5,1.)) REPRESENTATION_ITEM('') );
#1507 = CARTESIAN_POINT('',(24.345584412272,70.254415587728));
#1508 = CARTESIAN_POINT('',(19.936502875262,65.845334050719));
#1509 = CARTESIAN_POINT('',(18.322667025359,71.868251437631));
#1510 = CARTESIAN_POINT('',(16.708831175457,77.891168824543));
#1511 = CARTESIAN_POINT('',(22.731748562369,76.277332974641));
#1512 = CARTESIAN_POINT('',(28.754665949281,74.663497124738));
#1513 = CARTESIAN_POINT('',(24.345584412272,70.254415587728));
#1514 = ( GEOMETRIC_REPRESENTATION_CONTEXT(2) 
PARAMETRIC_REPRESENTATION_CONTEXT() REPRESENTATION_CONTEXT('2D SPACE',''
  ) );
#1515 = PCURVE('',#1516,#1521);
#1516 = CYLINDRICAL_SURFACE('',#1517,3.6);
#1517 = AXIS2_PLACEMENT_3D('',#1518,#1519,#1520);
#1518 = CARTESIAN_POINT('',(75.8,-1.,21.8));
#1519 = DIRECTION('',(0.,-1.,-0.));
#1520 = DIRECTION('',(-0.707106781187,-0.,0.707106781187));
#1521 = DEFINITIONAL_REPRESENTATION('',(#1522),#1526);
#1522 = LINE('',#1523,#1524);
#1523 = CARTESIAN_POINT('',(0.,-1.));
#1524 = VECTOR('',#1525,1.);
#1525 = DIRECTION('',(1.,0.));
#1526 = ( GEOMETRIC_REPRESENTATION_CONTEXT(2) 
PARAMETRIC_REPRESENTATION_CONTEXT() REPRESENTATION_CONTEXT('2D SPACE',''
  ) );
#1527 = ADVANCED_FACE('',(#1528),#158,.T.);
#1528 = FACE_BOUND('',#1529,.F.);
#1529 = EDGE_LOOP('',(#1530,#1558,#1559,#1560));
#1530 = ORIENTED_EDGE('',*,*,#1531,.T.);
#1531 = EDGE_CURVE('',#1532,#143,#1534,.T.);
#1532 = VERTEX_POINT('',#1533);
#1533 = CARTESIAN_POINT('',(0.3,3.5,-2.775557561563E-17));
#1534 = SURFACE_CURVE('',#1535,(#1539,#1546),.PCURVE_S1.);
#1535 = LINE('',#1536,#1537);
#1536 = CARTESIAN_POINT('',(1.E-01,3.3,0.2));
#1537 = VECTOR('',#1538,1.);
#1538 = DIRECTION('',(-0.57735026919,-0.57735026919,0.57735026919));
#1539 = PCURVE('',#158,#1540);
#1540 = DEFINITIONAL_REPRESENTATION('',(#1541),#1545);
#1541 = LINE('',#1542,#1543);
#1542 = CARTESIAN_POINT('',(-1.E-01,-7.071067811865E-02));
#1543 = VECTOR('',#1544,1.);
#1544 = DIRECTION('',(0.57735026919,-0.816496580928));
#1545 = ( GEOMETRIC_REPRESENTATION_CONTEXT(2) 
PARAMETRIC_REPRESENTATION_CONTEXT() REPRESENTATION_CONTEXT('2D SPACE',''
  ) );
#1546 = PCURVE('',#1547,#1552);
#1547 = PLANE('',#1548);
#1548 = AXIS2_PLACEMENT_3D('',#1549,#1550,#1551);
#1549 = CARTESIAN_POINT('',(0.15,3.2,0.15));
#1550 = DIRECTION('',(-0.707106781187,0.,-0.707106781187));
#1551 = DIRECTION('',(6.843090635017E-20,-1.,-6.843090635017E-20));
#1552 = DEFINITIONAL_REPRESENTATION('',(#1553),#1557);
#1553 = LINE('',#1554,#1555);
#1554 = CARTESIAN_POINT('',(-0.1,7.071067811865E-02));
#1555 = VECTOR('',#1556,1.);
#1556 = DIRECTION('',(0.57735026919,0.816496580928));
#1557 = ( GEOMETRIC_REPRESENTATION_CONTEXT(2) 
PARAMETRIC_REPRESENTATION_CONTEXT() REPRESENTATION_CONTEXT('2D SPACE',''
  ) );
#1558 = ORIENTED_EDGE('',*,*,#142,.T.);
#1559 = ORIENTED_EDGE('',*,*,#251,.T.);
#1560 = ORIENTED_EDGE('',*,*,#1561,.F.);
#1561 = EDGE_CURVE('',#1532,#252,#1562,.T.);
#1562 = SURFACE_CURVE('',#1563,(#1567,#1574),.PCURVE_S1.);
#1563 = LINE('',#1564,#1565);
#1564 = CARTESIAN_POINT('',(0.,3.5,0.));
#1565 = VECTOR('',#1566,1.);
#1566 = DIRECTION('',(1.,0.,0.));
#1567 = PCURVE('',#158,#1568);
#1568 = DEFINITIONAL_REPRESENTATION('',(#1569),#1573);
#1569 = LINE('',#1570,#1571);
#1570 = CARTESIAN_POINT('',(-0.,0.212132034356));
#1571 = VECTOR('',#1572,1.);
#1572 = DIRECTION('',(-1.,0.));
#1573 = ( GEOMETRIC_REPRESENTATION_CONTEXT(2) 
PARAMETRIC_REPRESENTATION_CONTEXT() REPRESENTATION_CONTEXT('2D SPACE',''
  ) );
#1574 = PCURVE('',#288,#1575);
#1575 = DEFINITIONAL_REPRESENTATION('',(#1576),#1580);
#1576 = LINE('',#1577,#1578);
#1577 = CARTESIAN_POINT('',(-3.,3.5));
#1578 = VECTOR('',#1579,1.);
#1579 = DIRECTION('',(1.,0.));
#1580 = ( GEOMETRIC_REPRESENTATION_CONTEXT(2) 
PARAMETRIC_REPRESENTATION_CONTEXT() REPRESENTATION_CONTEXT('2D SPACE',''
  ) );
#1581 = ADVANCED_FACE('',(#1582,#1947,#2099,#2251,#2342),#186,.F.);
#1582 = FACE_BOUND('',#1583,.F.);
#1583 = EDGE_LOOP('',(#1584,#1585,#1608,#1629,#1630,#1653,#1686,#1714,
    #1742,#1775,#1803,#1836,#1864,#1892,#1925,#1946));
#1584 = ORIENTED_EDGE('',*,*,#170,.F.);
#1585 = ORIENTED_EDGE('',*,*,#1586,.T.);
#1586 = EDGE_CURVE('',#143,#1587,#1589,.T.);
#1587 = VERTEX_POINT('',#1588);
#1588 = CARTESIAN_POINT('',(1.242786967865E-19,206.,0.3));
#1589 = SURFACE_CURVE('',#1590,(#1594,#1601),.PCURVE_S1.);
#1590 = LINE('',#1591,#1592);
#1591 = CARTESIAN_POINT('',(0.,3.2,0.3));
#1592 = VECTOR('',#1593,1.);
#1593 = DIRECTION('',(0.,1.,1.368618127003E-19));
#1594 = PCURVE('',#186,#1595);
#1595 = DEFINITIONAL_REPRESENTATION('',(#1596),#1600);
#1596 = LINE('',#1597,#1598);
#1597 = CARTESIAN_POINT('',(0.3,0.));
#1598 = VECTOR('',#1599,1.);
#1599 = DIRECTION('',(1.368618127003E-19,-1.));
#1600 = ( GEOMETRIC_REPRESENTATION_CONTEXT(2) 
PARAMETRIC_REPRESENTATION_CONTEXT() REPRESENTATION_CONTEXT('2D SPACE',''
  ) );
#1601 = PCURVE('',#1547,#1602);
#1602 = DEFINITIONAL_REPRESENTATION('',(#1603),#1607);
#1603 = LINE('',#1604,#1605);
#1604 = CARTESIAN_POINT('',(-0.,0.212132034356));
#1605 = VECTOR('',#1606,1.);
#1606 = DIRECTION('',(-1.,0.));
#1607 = ( GEOMETRIC_REPRESENTATION_CONTEXT(2) 
PARAMETRIC_REPRESENTATION_CONTEXT() REPRESENTATION_CONTEXT('2D SPACE',''
  ) );
#1608 = ORIENTED_EDGE('',*,*,#1609,.T.);
#1609 = EDGE_CURVE('',#1587,#412,#1610,.T.);
#1610 = SURFACE_CURVE('',#1611,(#1615,#1622),.PCURVE_S1.);
#1611 = LINE('',#1612,#1613);
#1612 = CARTESIAN_POINT('',(0.,206.,2.775557561563E-17));
#1613 = VECTOR('',#1614,1.);
#1614 = DIRECTION('',(0.,0.,1.));
#1615 = PCURVE('',#186,#1616);
#1616 = DEFINITIONAL_REPRESENTATION('',(#1617),#1621);
#1617 = LINE('',#1618,#1619);
#1618 = CARTESIAN_POINT('',(2.775557561563E-17,-202.8));
#1619 = VECTOR('',#1620,1.);
#1620 = DIRECTION('',(1.,0.));
#1621 = ( GEOMETRIC_REPRESENTATION_CONTEXT(2) 
PARAMETRIC_REPRESENTATION_CONTEXT() REPRESENTATION_CONTEXT('2D SPACE',''
  ) );
#1622 = PCURVE('',#427,#1623);
#1623 = DEFINITIONAL_REPRESENTATION('',(#1624),#1628);
#1624 = LINE('',#1625,#1626);
#1625 = CARTESIAN_POINT('',(2.775557561563E-17,-61.));
#1626 = VECTOR('',#1627,1.);
#1627 = DIRECTION('',(1.,0.));
#1628 = ( GEOMETRIC_REPRESENTATION_CONTEXT(2) 
PARAMETRIC_REPRESENTATION_CONTEXT() REPRESENTATION_CONTEXT('2D SPACE',''
  ) );
#1629 = ORIENTED_EDGE('',*,*,#439,.F.);
#1630 = ORIENTED_EDGE('',*,*,#1631,.F.);
#1631 = EDGE_CURVE('',#1632,#440,#1634,.T.);
#1632 = VERTEX_POINT('',#1633);
#1633 = CARTESIAN_POINT('',(0.,174.2,7.748912529314));
#1634 = SURFACE_CURVE('',#1635,(#1639,#1646),.PCURVE_S1.);
#1635 = LINE('',#1636,#1637);
#1636 = CARTESIAN_POINT('',(0.,174.2,2.85));
#1637 = VECTOR('',#1638,1.);
#1638 = DIRECTION('',(0.,0.,1.));
#1639 = PCURVE('',#186,#1640);
#1640 = DEFINITIONAL_REPRESENTATION('',(#1641),#1645);
#1641 = LINE('',#1642,#1643);
#1642 = CARTESIAN_POINT('',(2.85,-171.));
#1643 = VECTOR('',#1644,1.);
#1644 = DIRECTION('',(1.,0.));
#1645 = ( GEOMETRIC_REPRESENTATION_CONTEXT(2) 
PARAMETRIC_REPRESENTATION_CONTEXT() REPRESENTATION_CONTEXT('2D SPACE',''
  ) );
#1646 = PCURVE('',#478,#1647);
#1647 = DEFINITIONAL_REPRESENTATION('',(#1648),#1652);
#1648 = LINE('',#1649,#1650);
#1649 = CARTESIAN_POINT('',(-2.85,1.));
#1650 = VECTOR('',#1651,1.);
#1651 = DIRECTION('',(1.,0.));
#1652 = ( GEOMETRIC_REPRESENTATION_CONTEXT(2) 
PARAMETRIC_REPRESENTATION_CONTEXT() REPRESENTATION_CONTEXT('2D SPACE',''
  ) );
#1653 = ORIENTED_EDGE('',*,*,#1654,.T.);
#1654 = EDGE_CURVE('',#1632,#1655,#1657,.T.);
#1655 = VERTEX_POINT('',#1656);
#1656 = CARTESIAN_POINT('',(0.,174.99583694396,9.004163056034));
#1657 = SURFACE_CURVE('',#1658,(#1663,#1674),.PCURVE_S1.);
#1658 = CIRCLE('',#1659,3.4);
#1659 = AXIS2_PLACEMENT_3D('',#1660,#1661,#1662);
#1660 = CARTESIAN_POINT('',(0.,177.4,6.6));
#1661 = DIRECTION('',(-1.,-0.,0.));
#1662 = DIRECTION('',(0.,-8.35932630306E-15,-1.));
#1663 = PCURVE('',#186,#1664);
#1664 = DEFINITIONAL_REPRESENTATION('',(#1665),#1673);
#1665 = ( BOUNDED_CURVE() B_SPLINE_CURVE(2,(#1666,#1667,#1668,#1669,
#1670,#1671,#1672),.UNSPECIFIED.,.T.,.F.) B_SPLINE_CURVE_WITH_KNOTS((1,2
    ,2,2,2,1),(-2.094395102393,0.,2.094395102393,4.188790204786,
6.28318530718,8.377580409573),.UNSPECIFIED.) CURVE() 
GEOMETRIC_REPRESENTATION_ITEM() RATIONAL_B_SPLINE_CURVE((1.,0.5,1.,0.5,
1.,0.5,1.)) REPRESENTATION_ITEM('') );
#1666 = CARTESIAN_POINT('',(3.2,-174.2));
#1667 = CARTESIAN_POINT('',(3.2,-168.3110272542));
#1668 = CARTESIAN_POINT('',(8.3,-171.2555136271));
#1669 = CARTESIAN_POINT('',(13.4,-174.2));
#1670 = CARTESIAN_POINT('',(8.3,-177.1444863728));
#1671 = CARTESIAN_POINT('',(3.2,-180.0889727457));
#1672 = CARTESIAN_POINT('',(3.2,-174.2));
#1673 = ( GEOMETRIC_REPRESENTATION_CONTEXT(2) 
PARAMETRIC_REPRESENTATION_CONTEXT() REPRESENTATION_CONTEXT('2D SPACE',''
  ) );
#1674 = PCURVE('',#1675,#1680);
#1675 = CYLINDRICAL_SURFACE('',#1676,3.4);
#1676 = AXIS2_PLACEMENT_3D('',#1677,#1678,#1679);
#1677 = CARTESIAN_POINT('',(-1.,177.4,6.6));
#1678 = DIRECTION('',(-1.,-0.,-0.));
#1679 = DIRECTION('',(0.,-8.35932630306E-15,-1.));
#1680 = DEFINITIONAL_REPRESENTATION('',(#1681),#1685);
#1681 = LINE('',#1682,#1683);
#1682 = CARTESIAN_POINT('',(-6.28318530718,-1.));
#1683 = VECTOR('',#1684,1.);
#1684 = DIRECTION('',(1.,-0.));
#1685 = ( GEOMETRIC_REPRESENTATION_CONTEXT(2) 
PARAMETRIC_REPRESENTATION_CONTEXT() REPRESENTATION_CONTEXT('2D SPACE',''
  ) );
#1686 = ORIENTED_EDGE('',*,*,#1687,.T.);
#1687 = EDGE_CURVE('',#1655,#1688,#1690,.T.);
#1688 = VERTEX_POINT('',#1689);
#1689 = CARTESIAN_POINT('',(0.,177.4,11.408326112069));
#1690 = SURFACE_CURVE('',#1691,(#1695,#1702),.PCURVE_S1.);
#1691 = LINE('',#1692,#1693);
#1692 = CARTESIAN_POINT('',(0.,130.99791847198,-34.99375541594));
#1693 = VECTOR('',#1694,1.);
#1694 = DIRECTION('',(-0.,0.707106781187,0.707106781187));
#1695 = PCURVE('',#186,#1696);
#1696 = DEFINITIONAL_REPRESENTATION('',(#1697),#1701);
#1697 = LINE('',#1698,#1699);
#1698 = CARTESIAN_POINT('',(-34.99375541594,-127.7979184719));
#1699 = VECTOR('',#1700,1.);
#1700 = DIRECTION('',(0.707106781187,-0.707106781187));
#1701 = ( GEOMETRIC_REPRESENTATION_CONTEXT(2) 
PARAMETRIC_REPRESENTATION_CONTEXT() REPRESENTATION_CONTEXT('2D SPACE',''
  ) );
#1702 = PCURVE('',#1703,#1708);
#1703 = PLANE('',#1704);
#1704 = AXIS2_PLACEMENT_3D('',#1705,#1706,#1707);
#1705 = CARTESIAN_POINT('',(-1.,177.4,11.408326112069));
#1706 = DIRECTION('',(0.,0.707106781187,-0.707106781187));
#1707 = DIRECTION('',(0.,-0.707106781187,-0.707106781187));
#1708 = DEFINITIONAL_REPRESENTATION('',(#1709),#1713);
#1709 = LINE('',#1710,#1711);
#1710 = CARTESIAN_POINT('',(65.622453019264,-1.));
#1711 = VECTOR('',#1712,1.);
#1712 = DIRECTION('',(-1.,0.));
#1713 = ( GEOMETRIC_REPRESENTATION_CONTEXT(2) 
PARAMETRIC_REPRESENTATION_CONTEXT() REPRESENTATION_CONTEXT('2D SPACE',''
  ) );
#1714 = ORIENTED_EDGE('',*,*,#1715,.T.);
#1715 = EDGE_CURVE('',#1688,#1716,#1718,.T.);
#1716 = VERTEX_POINT('',#1717);
#1717 = CARTESIAN_POINT('',(0.,179.80416305603,9.004163056034));
#1718 = SURFACE_CURVE('',#1719,(#1723,#1730),.PCURVE_S1.);
#1719 = LINE('',#1720,#1721);
#1720 = CARTESIAN_POINT('',(0.,137.90416305603,50.904163056034));
#1721 = VECTOR('',#1722,1.);
#1722 = DIRECTION('',(0.,0.707106781187,-0.707106781187));
#1723 = PCURVE('',#186,#1724);
#1724 = DEFINITIONAL_REPRESENTATION('',(#1725),#1729);
#1725 = LINE('',#1726,#1727);
#1726 = CARTESIAN_POINT('',(50.904163056034,-134.704163056));
#1727 = VECTOR('',#1728,1.);
#1728 = DIRECTION('',(-0.707106781187,-0.707106781187));
#1729 = ( GEOMETRIC_REPRESENTATION_CONTEXT(2) 
PARAMETRIC_REPRESENTATION_CONTEXT() REPRESENTATION_CONTEXT('2D SPACE',''
  ) );
#1730 = PCURVE('',#1731,#1736);
#1731 = PLANE('',#1732);
#1732 = AXIS2_PLACEMENT_3D('',#1733,#1734,#1735);
#1733 = CARTESIAN_POINT('',(-1.,179.80416305603,9.004163056034));
#1734 = DIRECTION('',(0.,-0.707106781187,-0.707106781187));
#1735 = DIRECTION('',(0.,-0.707106781187,0.707106781187));
#1736 = DEFINITIONAL_REPRESENTATION('',(#1737),#1741);
#1737 = LINE('',#1738,#1739);
#1738 = CARTESIAN_POINT('',(59.255548263433,-1.));
#1739 = VECTOR('',#1740,1.);
#1740 = DIRECTION('',(-1.,-0.));
#1741 = ( GEOMETRIC_REPRESENTATION_CONTEXT(2) 
PARAMETRIC_REPRESENTATION_CONTEXT() REPRESENTATION_CONTEXT('2D SPACE',''
  ) );
#1742 = ORIENTED_EDGE('',*,*,#1743,.T.);
#1743 = EDGE_CURVE('',#1716,#1744,#1746,.T.);
#1744 = VERTEX_POINT('',#1745);
#1745 = CARTESIAN_POINT('',(0.,174.12128073784,5.7));
#1746 = SURFACE_CURVE('',#1747,(#1752,#1763),.PCURVE_S1.);
#1747 = CIRCLE('',#1748,3.4);
#1748 = AXIS2_PLACEMENT_3D('',#1749,#1750,#1751);
#1749 = CARTESIAN_POINT('',(0.,177.4,6.6));
#1750 = DIRECTION('',(-1.,-0.,0.));
#1751 = DIRECTION('',(0.,-8.35932630306E-15,-1.));
#1752 = PCURVE('',#186,#1753);
#1753 = DEFINITIONAL_REPRESENTATION('',(#1754),#1762);
#1754 = ( BOUNDED_CURVE() B_SPLINE_CURVE(2,(#1755,#1756,#1757,#1758,
#1759,#1760,#1761),.UNSPECIFIED.,.T.,.F.) B_SPLINE_CURVE_WITH_KNOTS((1,2
    ,2,2,2,1),(-2.094395102393,0.,2.094395102393,4.188790204786,
6.28318530718,8.377580409573),.UNSPECIFIED.) CURVE() 
GEOMETRIC_REPRESENTATION_ITEM() RATIONAL_B_SPLINE_CURVE((1.,0.5,1.,0.5,
1.,0.5,1.)) REPRESENTATION_ITEM('') );
#1755 = CARTESIAN_POINT('',(3.2,-174.2));
#1756 = CARTESIAN_POINT('',(3.2,-168.3110272542));
#1757 = CARTESIAN_POINT('',(8.3,-171.2555136271));
#1758 = CARTESIAN_POINT('',(13.4,-174.2));
#1759 = CARTESIAN_POINT('',(8.3,-177.1444863728));
#1760 = CARTESIAN_POINT('',(3.2,-180.0889727457));
#1761 = CARTESIAN_POINT('',(3.2,-174.2));
#1762 = ( GEOMETRIC_REPRESENTATION_CONTEXT(2) 
PARAMETRIC_REPRESENTATION_CONTEXT() REPRESENTATION_CONTEXT('2D SPACE',''
  ) );
#1763 = PCURVE('',#1764,#1769);
#1764 = CYLINDRICAL_SURFACE('',#1765,3.4);
#1765 = AXIS2_PLACEMENT_3D('',#1766,#1767,#1768);
#1766 = CARTESIAN_POINT('',(-1.,177.4,6.6));
#1767 = DIRECTION('',(-1.,-0.,-0.));
#1768 = DIRECTION('',(0.,-8.35932630306E-15,-1.));
#1769 = DEFINITIONAL_REPRESENTATION('',(#1770),#1774);
#1770 = LINE('',#1771,#1772);
#1771 = CARTESIAN_POINT('',(-6.28318530718,-1.));
#1772 = VECTOR('',#1773,1.);
#1773 = DIRECTION('',(1.,-0.));
#1774 = ( GEOMETRIC_REPRESENTATION_CONTEXT(2) 
PARAMETRIC_REPRESENTATION_CONTEXT() REPRESENTATION_CONTEXT('2D SPACE',''
  ) );
#1775 = ORIENTED_EDGE('',*,*,#1776,.T.);
#1776 = EDGE_CURVE('',#1744,#1777,#1779,.T.);
#1777 = VERTEX_POINT('',#1778);
#1778 = CARTESIAN_POINT('',(0.,35.878719262151,5.7));
#1779 = SURFACE_CURVE('',#1780,(#1784,#1791),.PCURVE_S1.);
#1780 = LINE('',#1781,#1782);
#1781 = CARTESIAN_POINT('',(0.,19.5,5.7));
#1782 = VECTOR('',#1783,1.);
#1783 = DIRECTION('',(0.,-1.,0.));
#1784 = PCURVE('',#186,#1785);
#1785 = DEFINITIONAL_REPRESENTATION('',(#1786),#1790);
#1786 = LINE('',#1787,#1788);
#1787 = CARTESIAN_POINT('',(5.7,-16.3));
#1788 = VECTOR('',#1789,1.);
#1789 = DIRECTION('',(0.,1.));
#1790 = ( GEOMETRIC_REPRESENTATION_CONTEXT(2) 
PARAMETRIC_REPRESENTATION_CONTEXT() REPRESENTATION_CONTEXT('2D SPACE',''
  ) );
#1791 = PCURVE('',#1792,#1797);
#1792 = PLANE('',#1793);
#1793 = AXIS2_PLACEMENT_3D('',#1794,#1795,#1796);
#1794 = CARTESIAN_POINT('',(-1.,35.8,5.7));
#1795 = DIRECTION('',(0.,0.,1.));
#1796 = DIRECTION('',(1.,0.,0.));
#1797 = DEFINITIONAL_REPRESENTATION('',(#1798),#1802);
#1798 = LINE('',#1799,#1800);
#1799 = CARTESIAN_POINT('',(1.,-16.3));
#1800 = VECTOR('',#1801,1.);
#1801 = DIRECTION('',(0.,-1.));
#1802 = ( GEOMETRIC_REPRESENTATION_CONTEXT(2) 
PARAMETRIC_REPRESENTATION_CONTEXT() REPRESENTATION_CONTEXT('2D SPACE',''
  ) );
#1803 = ORIENTED_EDGE('',*,*,#1804,.T.);
#1804 = EDGE_CURVE('',#1777,#1805,#1807,.T.);
#1805 = VERTEX_POINT('',#1806);
#1806 = CARTESIAN_POINT('',(0.,30.195836943966,9.004163056034));
#1807 = SURFACE_CURVE('',#1808,(#1813,#1824),.PCURVE_S1.);
#1808 = CIRCLE('',#1809,3.4);
#1809 = AXIS2_PLACEMENT_3D('',#1810,#1811,#1812);
#1810 = CARTESIAN_POINT('',(0.,32.6,6.6));
#1811 = DIRECTION('',(-1.,-0.,0.));
#1812 = DIRECTION('',(-0.,2.089831575765E-15,-1.));
#1813 = PCURVE('',#186,#1814);
#1814 = DEFINITIONAL_REPRESENTATION('',(#1815),#1823);
#1815 = ( BOUNDED_CURVE() B_SPLINE_CURVE(2,(#1816,#1817,#1818,#1819,
#1820,#1821,#1822),.UNSPECIFIED.,.T.,.F.) B_SPLINE_CURVE_WITH_KNOTS((1,2
    ,2,2,2,1),(-2.094395102393,0.,2.094395102393,4.188790204786,
6.28318530718,8.377580409573),.UNSPECIFIED.) CURVE() 
GEOMETRIC_REPRESENTATION_ITEM() RATIONAL_B_SPLINE_CURVE((1.,0.5,1.,0.5,
1.,0.5,1.)) REPRESENTATION_ITEM('') );
#1816 = CARTESIAN_POINT('',(3.2,-29.4));
#1817 = CARTESIAN_POINT('',(3.2,-23.51102725426));
#1818 = CARTESIAN_POINT('',(8.3,-26.45551362713));
#1819 = CARTESIAN_POINT('',(13.4,-29.4));
#1820 = CARTESIAN_POINT('',(8.3,-32.34448637286));
#1821 = CARTESIAN_POINT('',(3.2,-35.28897274573));
#1822 = CARTESIAN_POINT('',(3.2,-29.4));
#1823 = ( GEOMETRIC_REPRESENTATION_CONTEXT(2) 
PARAMETRIC_REPRESENTATION_CONTEXT() REPRESENTATION_CONTEXT('2D SPACE',''
  ) );
#1824 = PCURVE('',#1825,#1830);
#1825 = CYLINDRICAL_SURFACE('',#1826,3.4);
#1826 = AXIS2_PLACEMENT_3D('',#1827,#1828,#1829);
#1827 = CARTESIAN_POINT('',(-1.,32.6,6.6));
#1828 = DIRECTION('',(-1.,-0.,0.));
#1829 = DIRECTION('',(-0.,2.089831575765E-15,-1.));
#1830 = DEFINITIONAL_REPRESENTATION('',(#1831),#1835);
#1831 = LINE('',#1832,#1833);
#1832 = CARTESIAN_POINT('',(-12.56637061435,-1.));
#1833 = VECTOR('',#1834,1.);
#1834 = DIRECTION('',(1.,-0.));
#1835 = ( GEOMETRIC_REPRESENTATION_CONTEXT(2) 
PARAMETRIC_REPRESENTATION_CONTEXT() REPRESENTATION_CONTEXT('2D SPACE',''
  ) );
#1836 = ORIENTED_EDGE('',*,*,#1837,.T.);
#1837 = EDGE_CURVE('',#1805,#1838,#1840,.T.);
#1838 = VERTEX_POINT('',#1839);
#1839 = CARTESIAN_POINT('',(0.,32.6,11.408326112069));
#1840 = SURFACE_CURVE('',#1841,(#1845,#1852),.PCURVE_S1.);
#1841 = LINE('',#1842,#1843);
#1842 = CARTESIAN_POINT('',(0.,22.397918471983,1.206244584051));
#1843 = VECTOR('',#1844,1.);
#1844 = DIRECTION('',(-0.,0.707106781187,0.707106781187));
#1845 = PCURVE('',#186,#1846);
#1846 = DEFINITIONAL_REPRESENTATION('',(#1847),#1851);
#1847 = LINE('',#1848,#1849);
#1848 = CARTESIAN_POINT('',(1.206244584051,-19.19791847198));
#1849 = VECTOR('',#1850,1.);
#1850 = DIRECTION('',(0.707106781187,-0.707106781187));
#1851 = ( GEOMETRIC_REPRESENTATION_CONTEXT(2) 
PARAMETRIC_REPRESENTATION_CONTEXT() REPRESENTATION_CONTEXT('2D SPACE',''
  ) );
#1852 = PCURVE('',#1853,#1858);
#1853 = PLANE('',#1854);
#1854 = AXIS2_PLACEMENT_3D('',#1855,#1856,#1857);
#1855 = CARTESIAN_POINT('',(-1.,32.6,11.408326112069));
#1856 = DIRECTION('',(0.,0.707106781187,-0.707106781187));
#1857 = DIRECTION('',(0.,-0.707106781187,-0.707106781187));
#1858 = DEFINITIONAL_REPRESENTATION('',(#1859),#1863);
#1859 = LINE('',#1860,#1861);
#1860 = CARTESIAN_POINT('',(14.427922061358,-1.));
#1861 = VECTOR('',#1862,1.);
#1862 = DIRECTION('',(-1.,0.));
#1863 = ( GEOMETRIC_REPRESENTATION_CONTEXT(2) 
PARAMETRIC_REPRESENTATION_CONTEXT() REPRESENTATION_CONTEXT('2D SPACE',''
  ) );
#1864 = ORIENTED_EDGE('',*,*,#1865,.T.);
#1865 = EDGE_CURVE('',#1838,#1866,#1868,.T.);
#1866 = VERTEX_POINT('',#1867);
#1867 = CARTESIAN_POINT('',(0.,35.004163056034,9.004163056034));
#1868 = SURFACE_CURVE('',#1869,(#1873,#1880),.PCURVE_S1.);
#1869 = LINE('',#1870,#1871);
#1870 = CARTESIAN_POINT('',(0.,29.304163056034,14.704163056034));
#1871 = VECTOR('',#1872,1.);
#1872 = DIRECTION('',(0.,0.707106781187,-0.707106781187));
#1873 = PCURVE('',#186,#1874);
#1874 = DEFINITIONAL_REPRESENTATION('',(#1875),#1879);
#1875 = LINE('',#1876,#1877);
#1876 = CARTESIAN_POINT('',(14.704163056034,-26.10416305603));
#1877 = VECTOR('',#1878,1.);
#1878 = DIRECTION('',(-0.707106781187,-0.707106781187));
#1879 = ( GEOMETRIC_REPRESENTATION_CONTEXT(2) 
PARAMETRIC_REPRESENTATION_CONTEXT() REPRESENTATION_CONTEXT('2D SPACE',''
  ) );
#1880 = PCURVE('',#1881,#1886);
#1881 = PLANE('',#1882);
#1882 = AXIS2_PLACEMENT_3D('',#1883,#1884,#1885);
#1883 = CARTESIAN_POINT('',(-1.,35.004163056034,9.004163056034));
#1884 = DIRECTION('',(0.,-0.707106781187,-0.707106781187));
#1885 = DIRECTION('',(0.,-0.707106781187,0.707106781187));
#1886 = DEFINITIONAL_REPRESENTATION('',(#1887),#1891);
#1887 = LINE('',#1888,#1889);
#1888 = CARTESIAN_POINT('',(8.061017305527,-1.));
#1889 = VECTOR('',#1890,1.);
#1890 = DIRECTION('',(-1.,-0.));
#1891 = ( GEOMETRIC_REPRESENTATION_CONTEXT(2) 
PARAMETRIC_REPRESENTATION_CONTEXT() REPRESENTATION_CONTEXT('2D SPACE',''
  ) );
#1892 = ORIENTED_EDGE('',*,*,#1893,.T.);
#1893 = EDGE_CURVE('',#1866,#1894,#1896,.T.);
#1894 = VERTEX_POINT('',#1895);
#1895 = CARTESIAN_POINT('',(0.,35.8,7.748912529308));
#1896 = SURFACE_CURVE('',#1897,(#1902,#1913),.PCURVE_S1.);
#1897 = CIRCLE('',#1898,3.4);
#1898 = AXIS2_PLACEMENT_3D('',#1899,#1900,#1901);
#1899 = CARTESIAN_POINT('',(0.,32.6,6.6));
#1900 = DIRECTION('',(-1.,-0.,0.));
#1901 = DIRECTION('',(-0.,2.089831575765E-15,-1.));
#1902 = PCURVE('',#186,#1903);
#1903 = DEFINITIONAL_REPRESENTATION('',(#1904),#1912);
#1904 = ( BOUNDED_CURVE() B_SPLINE_CURVE(2,(#1905,#1906,#1907,#1908,
#1909,#1910,#1911),.UNSPECIFIED.,.T.,.F.) B_SPLINE_CURVE_WITH_KNOTS((1,2
    ,2,2,2,1),(-2.094395102393,0.,2.094395102393,4.188790204786,
6.28318530718,8.377580409573),.UNSPECIFIED.) CURVE() 
GEOMETRIC_REPRESENTATION_ITEM() RATIONAL_B_SPLINE_CURVE((1.,0.5,1.,0.5,
1.,0.5,1.)) REPRESENTATION_ITEM('') );
#1905 = CARTESIAN_POINT('',(3.2,-29.4));
#1906 = CARTESIAN_POINT('',(3.2,-23.51102725426));
#1907 = CARTESIAN_POINT('',(8.3,-26.45551362713));
#1908 = CARTESIAN_POINT('',(13.4,-29.4));
#1909 = CARTESIAN_POINT('',(8.3,-32.34448637286));
#1910 = CARTESIAN_POINT('',(3.2,-35.28897274573));
#1911 = CARTESIAN_POINT('',(3.2,-29.4));
#1912 = ( GEOMETRIC_REPRESENTATION_CONTEXT(2) 
PARAMETRIC_REPRESENTATION_CONTEXT() REPRESENTATION_CONTEXT('2D SPACE',''
  ) );
#1913 = PCURVE('',#1914,#1919);
#1914 = CYLINDRICAL_SURFACE('',#1915,3.4);
#1915 = AXIS2_PLACEMENT_3D('',#1916,#1917,#1918);
#1916 = CARTESIAN_POINT('',(-1.,32.6,6.6));
#1917 = DIRECTION('',(-1.,-0.,0.));
#1918 = DIRECTION('',(-0.,2.089831575765E-15,-1.));
#1919 = DEFINITIONAL_REPRESENTATION('',(#1920),#1924);
#1920 = LINE('',#1921,#1922);
#1921 = CARTESIAN_POINT('',(-12.56637061435,-1.));
#1922 = VECTOR('',#1923,1.);
#1923 = DIRECTION('',(1.,-0.));
#1924 = ( GEOMETRIC_REPRESENTATION_CONTEXT(2) 
PARAMETRIC_REPRESENTATION_CONTEXT() REPRESENTATION_CONTEXT('2D SPACE',''
  ) );
#1925 = ORIENTED_EDGE('',*,*,#1926,.T.);
#1926 = EDGE_CURVE('',#1894,#718,#1927,.T.);
#1927 = SURFACE_CURVE('',#1928,(#1932,#1939),.PCURVE_S1.);
#1928 = LINE('',#1929,#1930);
#1929 = CARTESIAN_POINT('',(0.,35.8,2.85));
#1930 = VECTOR('',#1931,1.);
#1931 = DIRECTION('',(0.,0.,1.));
#1932 = PCURVE('',#186,#1933);
#1933 = DEFINITIONAL_REPRESENTATION('',(#1934),#1938);
#1934 = LINE('',#1935,#1936);
#1935 = CARTESIAN_POINT('',(2.85,-32.6));
#1936 = VECTOR('',#1937,1.);
#1937 = DIRECTION('',(1.,0.));
#1938 = ( GEOMETRIC_REPRESENTATION_CONTEXT(2) 
PARAMETRIC_REPRESENTATION_CONTEXT() REPRESENTATION_CONTEXT('2D SPACE',''
  ) );
#1939 = PCURVE('',#733,#1940);
#1940 = DEFINITIONAL_REPRESENTATION('',(#1941),#1945);
#1941 = LINE('',#1942,#1943);
#1942 = CARTESIAN_POINT('',(-2.85,1.));
#1943 = VECTOR('',#1944,1.);
#1944 = DIRECTION('',(1.,0.));
#1945 = ( GEOMETRIC_REPRESENTATION_CONTEXT(2) 
PARAMETRIC_REPRESENTATION_CONTEXT() REPRESENTATION_CONTEXT('2D SPACE',''
  ) );
#1946 = ORIENTED_EDGE('',*,*,#745,.T.);
#1947 = FACE_BOUND('',#1948,.F.);
#1948 = EDGE_LOOP('',(#1949,#1984,#2012,#2045,#2073));
#1949 = ORIENTED_EDGE('',*,*,#1950,.T.);
#1950 = EDGE_CURVE('',#1951,#1953,#1955,.T.);
#1951 = VERTEX_POINT('',#1952);
#1952 = CARTESIAN_POINT('',(0.,194.98492424049,10.784924240492));
#1953 = VERTEX_POINT('',#1954);
#1954 = CARTESIAN_POINT('',(0.,193.5,7.2));
#1955 = SURFACE_CURVE('',#1956,(#1961,#1972),.PCURVE_S1.);
#1956 = CIRCLE('',#1957,2.1);
#1957 = AXIS2_PLACEMENT_3D('',#1958,#1959,#1960);
#1958 = CARTESIAN_POINT('',(0.,193.5,9.3));
#1959 = DIRECTION('',(-1.,-0.,0.));
#1960 = DIRECTION('',(0.,-0.,-1.));
#1961 = PCURVE('',#186,#1962);
#1962 = DEFINITIONAL_REPRESENTATION('',(#1963),#1971);
#1963 = ( BOUNDED_CURVE() B_SPLINE_CURVE(2,(#1964,#1965,#1966,#1967,
#1968,#1969,#1970),.UNSPECIFIED.,.T.,.F.) B_SPLINE_CURVE_WITH_KNOTS((1,2
    ,2,2,2,1),(-2.094395102393,0.,2.094395102393,4.188790204786,
6.28318530718,8.377580409573),.UNSPECIFIED.) CURVE() 
GEOMETRIC_REPRESENTATION_ITEM() RATIONAL_B_SPLINE_CURVE((1.,0.5,1.,0.5,
1.,0.5,1.)) REPRESENTATION_ITEM('') );
#1964 = CARTESIAN_POINT('',(7.2,-190.3));
#1965 = CARTESIAN_POINT('',(7.2,-186.6626933041));
#1966 = CARTESIAN_POINT('',(10.35,-188.481346652));
#1967 = CARTESIAN_POINT('',(13.5,-190.3));
#1968 = CARTESIAN_POINT('',(10.35,-192.1186533479));
#1969 = CARTESIAN_POINT('',(7.2,-193.9373066958));
#1970 = CARTESIAN_POINT('',(7.2,-190.3));
#1971 = ( GEOMETRIC_REPRESENTATION_CONTEXT(2) 
PARAMETRIC_REPRESENTATION_CONTEXT() REPRESENTATION_CONTEXT('2D SPACE',''
  ) );
#1972 = PCURVE('',#1973,#1978);
#1973 = CYLINDRICAL_SURFACE('',#1974,2.1);
#1974 = AXIS2_PLACEMENT_3D('',#1975,#1976,#1977);
#1975 = CARTESIAN_POINT('',(-1.,193.5,9.3));
#1976 = DIRECTION('',(-1.,-0.,-0.));
#1977 = DIRECTION('',(0.,-0.,-1.));
#1978 = DEFINITIONAL_REPRESENTATION('',(#1979),#1983);
#1979 = LINE('',#1980,#1981);
#1980 = CARTESIAN_POINT('',(-6.28318530718,-1.));
#1981 = VECTOR('',#1982,1.);
#1982 = DIRECTION('',(1.,-0.));
#1983 = ( GEOMETRIC_REPRESENTATION_CONTEXT(2) 
PARAMETRIC_REPRESENTATION_CONTEXT() REPRESENTATION_CONTEXT('2D SPACE',''
  ) );
#1984 = ORIENTED_EDGE('',*,*,#1985,.T.);
#1985 = EDGE_CURVE('',#1953,#1986,#1988,.T.);
#1986 = VERTEX_POINT('',#1987);
#1987 = CARTESIAN_POINT('',(0.,191.5,7.2));
#1988 = SURFACE_CURVE('',#1989,(#1993,#2000),.PCURVE_S1.);
#1989 = LINE('',#1990,#1991);
#1990 = CARTESIAN_POINT('',(0.,97.35,7.2));
#1991 = VECTOR('',#1992,1.);
#1992 = DIRECTION('',(0.,-1.,0.));
#1993 = PCURVE('',#186,#1994);
#1994 = DEFINITIONAL_REPRESENTATION('',(#1995),#1999);
#1995 = LINE('',#1996,#1997);
#1996 = CARTESIAN_POINT('',(7.2,-94.15));
#1997 = VECTOR('',#1998,1.);
#1998 = DIRECTION('',(0.,1.));
#1999 = ( GEOMETRIC_REPRESENTATION_CONTEXT(2) 
PARAMETRIC_REPRESENTATION_CONTEXT() REPRESENTATION_CONTEXT('2D SPACE',''
  ) );
#2000 = PCURVE('',#2001,#2006);
#2001 = PLANE('',#2002);
#2002 = AXIS2_PLACEMENT_3D('',#2003,#2004,#2005);
#2003 = CARTESIAN_POINT('',(-1.,191.5,7.2));
#2004 = DIRECTION('',(0.,0.,1.));
#2005 = DIRECTION('',(0.,1.,0.));
#2006 = DEFINITIONAL_REPRESENTATION('',(#2007),#2011);
#2007 = LINE('',#2008,#2009);
#2008 = CARTESIAN_POINT('',(-94.15,-1.));
#2009 = VECTOR('',#2010,1.);
#2010 = DIRECTION('',(-1.,0.));
#2011 = ( GEOMETRIC_REPRESENTATION_CONTEXT(2) 
PARAMETRIC_REPRESENTATION_CONTEXT() REPRESENTATION_CONTEXT('2D SPACE',''
  ) );
#2012 = ORIENTED_EDGE('',*,*,#2013,.T.);
#2013 = EDGE_CURVE('',#1986,#2014,#2016,.T.);
#2014 = VERTEX_POINT('',#2015);
#2015 = CARTESIAN_POINT('',(0.,190.0150757595,10.784924240492));
#2016 = SURFACE_CURVE('',#2017,(#2022,#2033),.PCURVE_S1.);
#2017 = CIRCLE('',#2018,2.1);
#2018 = AXIS2_PLACEMENT_3D('',#2019,#2020,#2021);
#2019 = CARTESIAN_POINT('',(0.,191.5,9.3));
#2020 = DIRECTION('',(-1.,-0.,0.));
#2021 = DIRECTION('',(0.,-0.707106781187,0.707106781187));
#2022 = PCURVE('',#186,#2023);
#2023 = DEFINITIONAL_REPRESENTATION('',(#2024),#2032);
#2024 = ( BOUNDED_CURVE() B_SPLINE_CURVE(2,(#2025,#2026,#2027,#2028,
#2029,#2030,#2031),.UNSPECIFIED.,.T.,.F.) B_SPLINE_CURVE_WITH_KNOTS((1,2
    ,2,2,2,1),(-2.094395102393,0.,2.094395102393,4.188790204786,
6.28318530718,8.377580409573),.UNSPECIFIED.) CURVE() 
GEOMETRIC_REPRESENTATION_ITEM() RATIONAL_B_SPLINE_CURVE((1.,0.5,1.,0.5,
1.,0.5,1.)) REPRESENTATION_ITEM('') );
#2025 = CARTESIAN_POINT('',(10.784924240492,-186.8150757595));
#2026 = CARTESIAN_POINT('',(13.356888470414,-189.3870399894));
#2027 = CARTESIAN_POINT('',(9.843519994715,-190.3284442352));
#2028 = CARTESIAN_POINT('',(6.330151519017,-191.2698484809));
#2029 = CARTESIAN_POINT('',(7.271555764793,-187.7564800052));
#2030 = CARTESIAN_POINT('',(8.212960010569,-184.2431115295));
#2031 = CARTESIAN_POINT('',(10.784924240492,-186.8150757595));
#2032 = ( GEOMETRIC_REPRESENTATION_CONTEXT(2) 
PARAMETRIC_REPRESENTATION_CONTEXT() REPRESENTATION_CONTEXT('2D SPACE',''
  ) );
#2033 = PCURVE('',#2034,#2039);
#2034 = CYLINDRICAL_SURFACE('',#2035,2.1);
#2035 = AXIS2_PLACEMENT_3D('',#2036,#2037,#2038);
#2036 = CARTESIAN_POINT('',(-1.,191.5,9.3));
#2037 = DIRECTION('',(-1.,-0.,-0.));
#2038 = DIRECTION('',(0.,-0.707106781187,0.707106781187));
#2039 = DEFINITIONAL_REPRESENTATION('',(#2040),#2044);
#2040 = LINE('',#2041,#2042);
#2041 = CARTESIAN_POINT('',(-6.28318530718,-1.));
#2042 = VECTOR('',#2043,1.);
#2043 = DIRECTION('',(1.,-0.));
#2044 = ( GEOMETRIC_REPRESENTATION_CONTEXT(2) 
PARAMETRIC_REPRESENTATION_CONTEXT() REPRESENTATION_CONTEXT('2D SPACE',''
  ) );
#2045 = ORIENTED_EDGE('',*,*,#2046,.T.);
#2046 = EDGE_CURVE('',#2014,#2047,#2049,.T.);
#2047 = VERTEX_POINT('',#2048);
#2048 = CARTESIAN_POINT('',(0.,192.5,13.269848480984));
#2049 = SURFACE_CURVE('',#2050,(#2054,#2061),.PCURVE_S1.);
#2050 = LINE('',#2051,#2052);
#2051 = CARTESIAN_POINT('',(0.,141.85753787975,-37.37261363926));
#2052 = VECTOR('',#2053,1.);
#2053 = DIRECTION('',(-0.,0.707106781187,0.707106781187));
#2054 = PCURVE('',#186,#2055);
#2055 = DEFINITIONAL_REPRESENTATION('',(#2056),#2060);
#2056 = LINE('',#2057,#2058);
#2057 = CARTESIAN_POINT('',(-37.37261363926,-138.6575378797));
#2058 = VECTOR('',#2059,1.);
#2059 = DIRECTION('',(0.707106781187,-0.707106781187));
#2060 = ( GEOMETRIC_REPRESENTATION_CONTEXT(2) 
PARAMETRIC_REPRESENTATION_CONTEXT() REPRESENTATION_CONTEXT('2D SPACE',''
  ) );
#2061 = PCURVE('',#2062,#2067);
#2062 = PLANE('',#2063);
#2063 = AXIS2_PLACEMENT_3D('',#2064,#2065,#2066);
#2064 = CARTESIAN_POINT('',(-1.,192.5,13.269848480984));
#2065 = DIRECTION('',(0.,0.707106781187,-0.707106781187));
#2066 = DIRECTION('',(0.,-0.707106781187,-0.707106781187));
#2067 = DEFINITIONAL_REPRESENTATION('',(#2068),#2072);
#2068 = LINE('',#2069,#2070);
#2069 = CARTESIAN_POINT('',(71.619256762417,-1.));
#2070 = VECTOR('',#2071,1.);
#2071 = DIRECTION('',(-1.,0.));
#2072 = ( GEOMETRIC_REPRESENTATION_CONTEXT(2) 
PARAMETRIC_REPRESENTATION_CONTEXT() REPRESENTATION_CONTEXT('2D SPACE',''
  ) );
#2073 = ORIENTED_EDGE('',*,*,#2074,.T.);
#2074 = EDGE_CURVE('',#2047,#1951,#2075,.T.);
#2075 = SURFACE_CURVE('',#2076,(#2080,#2087),.PCURVE_S1.);
#2076 = LINE('',#2077,#2078);
#2077 = CARTESIAN_POINT('',(0.,149.73492424049,56.034924240492));
#2078 = VECTOR('',#2079,1.);
#2079 = DIRECTION('',(0.,0.707106781187,-0.707106781187));
#2080 = PCURVE('',#186,#2081);
#2081 = DEFINITIONAL_REPRESENTATION('',(#2082),#2086);
#2082 = LINE('',#2083,#2084);
#2083 = CARTESIAN_POINT('',(56.034924240492,-146.5349242404));
#2084 = VECTOR('',#2085,1.);
#2085 = DIRECTION('',(-0.707106781187,-0.707106781187));
#2086 = ( GEOMETRIC_REPRESENTATION_CONTEXT(2) 
PARAMETRIC_REPRESENTATION_CONTEXT() REPRESENTATION_CONTEXT('2D SPACE',''
  ) );
#2087 = PCURVE('',#2088,#2093);
#2088 = PLANE('',#2089);
#2089 = AXIS2_PLACEMENT_3D('',#2090,#2091,#2092);
#2090 = CARTESIAN_POINT('',(-1.,194.98492424049,10.784924240492));
#2091 = DIRECTION('',(0.,-0.707106781187,-0.707106781187));
#2092 = DIRECTION('',(0.,-0.707106781187,0.707106781187));
#2093 = DEFINITIONAL_REPRESENTATION('',(#2094),#2098);
#2094 = LINE('',#2095,#2096);
#2095 = CARTESIAN_POINT('',(63.993163697383,-1.));
#2096 = VECTOR('',#2097,1.);
#2097 = DIRECTION('',(-1.,-0.));
#2098 = ( GEOMETRIC_REPRESENTATION_CONTEXT(2) 
PARAMETRIC_REPRESENTATION_CONTEXT() REPRESENTATION_CONTEXT('2D SPACE',''
  ) );
#2099 = FACE_BOUND('',#2100,.F.);
#2100 = EDGE_LOOP('',(#2101,#2136,#2164,#2197,#2225));
#2101 = ORIENTED_EDGE('',*,*,#2102,.T.);
#2102 = EDGE_CURVE('',#2103,#2105,#2107,.T.);
#2103 = VERTEX_POINT('',#2104);
#2104 = CARTESIAN_POINT('',(0.,194.98492424049,35.784924240492));
#2105 = VERTEX_POINT('',#2106);
#2106 = CARTESIAN_POINT('',(0.,193.5,32.2));
#2107 = SURFACE_CURVE('',#2108,(#2113,#2124),.PCURVE_S1.);
#2108 = CIRCLE('',#2109,2.1);
#2109 = AXIS2_PLACEMENT_3D('',#2110,#2111,#2112);
#2110 = CARTESIAN_POINT('',(0.,193.5,34.3));
#2111 = DIRECTION('',(-1.,-0.,0.));
#2112 = DIRECTION('',(0.,-0.,-1.));
#2113 = PCURVE('',#186,#2114);
#2114 = DEFINITIONAL_REPRESENTATION('',(#2115),#2123);
#2115 = ( BOUNDED_CURVE() B_SPLINE_CURVE(2,(#2116,#2117,#2118,#2119,
#2120,#2121,#2122),.UNSPECIFIED.,.T.,.F.) B_SPLINE_CURVE_WITH_KNOTS((1,2
    ,2,2,2,1),(-2.094395102393,0.,2.094395102393,4.188790204786,
6.28318530718,8.377580409573),.UNSPECIFIED.) CURVE() 
GEOMETRIC_REPRESENTATION_ITEM() RATIONAL_B_SPLINE_CURVE((1.,0.5,1.,0.5,
1.,0.5,1.)) REPRESENTATION_ITEM('') );
#2116 = CARTESIAN_POINT('',(32.2,-190.3));
#2117 = CARTESIAN_POINT('',(32.2,-186.6626933041));
#2118 = CARTESIAN_POINT('',(35.35,-188.481346652));
#2119 = CARTESIAN_POINT('',(38.5,-190.3));
#2120 = CARTESIAN_POINT('',(35.35,-192.1186533479));
#2121 = CARTESIAN_POINT('',(32.2,-193.9373066958));
#2122 = CARTESIAN_POINT('',(32.2,-190.3));
#2123 = ( GEOMETRIC_REPRESENTATION_CONTEXT(2) 
PARAMETRIC_REPRESENTATION_CONTEXT() REPRESENTATION_CONTEXT('2D SPACE',''
  ) );
#2124 = PCURVE('',#2125,#2130);
#2125 = CYLINDRICAL_SURFACE('',#2126,2.1);
#2126 = AXIS2_PLACEMENT_3D('',#2127,#2128,#2129);
#2127 = CARTESIAN_POINT('',(-1.,193.5,34.3));
#2128 = DIRECTION('',(-1.,-0.,-0.));
#2129 = DIRECTION('',(0.,-0.,-1.));
#2130 = DEFINITIONAL_REPRESENTATION('',(#2131),#2135);
#2131 = LINE('',#2132,#2133);
#2132 = CARTESIAN_POINT('',(-6.28318530718,-1.));
#2133 = VECTOR('',#2134,1.);
#2134 = DIRECTION('',(1.,-0.));
#2135 = ( GEOMETRIC_REPRESENTATION_CONTEXT(2) 
PARAMETRIC_REPRESENTATION_CONTEXT() REPRESENTATION_CONTEXT('2D SPACE',''
  ) );
#2136 = ORIENTED_EDGE('',*,*,#2137,.T.);
#2137 = EDGE_CURVE('',#2105,#2138,#2140,.T.);
#2138 = VERTEX_POINT('',#2139);
#2139 = CARTESIAN_POINT('',(0.,191.5,32.2));
#2140 = SURFACE_CURVE('',#2141,(#2145,#2152),.PCURVE_S1.);
#2141 = LINE('',#2142,#2143);
#2142 = CARTESIAN_POINT('',(0.,97.35,32.2));
#2143 = VECTOR('',#2144,1.);
#2144 = DIRECTION('',(0.,-1.,0.));
#2145 = PCURVE('',#186,#2146);
#2146 = DEFINITIONAL_REPRESENTATION('',(#2147),#2151);
#2147 = LINE('',#2148,#2149);
#2148 = CARTESIAN_POINT('',(32.2,-94.15));
#2149 = VECTOR('',#2150,1.);
#2150 = DIRECTION('',(0.,1.));
#2151 = ( GEOMETRIC_REPRESENTATION_CONTEXT(2) 
PARAMETRIC_REPRESENTATION_CONTEXT() REPRESENTATION_CONTEXT('2D SPACE',''
  ) );
#2152 = PCURVE('',#2153,#2158);
#2153 = PLANE('',#2154);
#2154 = AXIS2_PLACEMENT_3D('',#2155,#2156,#2157);
#2155 = CARTESIAN_POINT('',(-1.,191.5,32.2));
#2156 = DIRECTION('',(0.,0.,1.));
#2157 = DIRECTION('',(0.,1.,0.));
#2158 = DEFINITIONAL_REPRESENTATION('',(#2159),#2163);
#2159 = LINE('',#2160,#2161);
#2160 = CARTESIAN_POINT('',(-94.15,-1.));
#2161 = VECTOR('',#2162,1.);
#2162 = DIRECTION('',(-1.,0.));
#2163 = ( GEOMETRIC_REPRESENTATION_CONTEXT(2) 
PARAMETRIC_REPRESENTATION_CONTEXT() REPRESENTATION_CONTEXT('2D SPACE',''
  ) );
#2164 = ORIENTED_EDGE('',*,*,#2165,.T.);
#2165 = EDGE_CURVE('',#2138,#2166,#2168,.T.);
#2166 = VERTEX_POINT('',#2167);
#2167 = CARTESIAN_POINT('',(0.,190.0150757595,35.784924240492));
#2168 = SURFACE_CURVE('',#2169,(#2174,#2185),.PCURVE_S1.);
#2169 = CIRCLE('',#2170,2.1);
#2170 = AXIS2_PLACEMENT_3D('',#2171,#2172,#2173);
#2171 = CARTESIAN_POINT('',(0.,191.5,34.3));
#2172 = DIRECTION('',(-1.,-0.,0.));
#2173 = DIRECTION('',(0.,-0.707106781187,0.707106781187));
#2174 = PCURVE('',#186,#2175);
#2175 = DEFINITIONAL_REPRESENTATION('',(#2176),#2184);
#2176 = ( BOUNDED_CURVE() B_SPLINE_CURVE(2,(#2177,#2178,#2179,#2180,
#2181,#2182,#2183),.UNSPECIFIED.,.T.,.F.) B_SPLINE_CURVE_WITH_KNOTS((1,2
    ,2,2,2,1),(-2.094395102393,0.,2.094395102393,4.188790204786,
6.28318530718,8.377580409573),.UNSPECIFIED.) CURVE() 
GEOMETRIC_REPRESENTATION_ITEM() RATIONAL_B_SPLINE_CURVE((1.,0.5,1.,0.5,
1.,0.5,1.)) REPRESENTATION_ITEM('') );
#2177 = CARTESIAN_POINT('',(35.784924240492,-186.8150757595));
#2178 = CARTESIAN_POINT('',(38.356888470414,-189.3870399894));
#2179 = CARTESIAN_POINT('',(34.843519994715,-190.3284442352));
#2180 = CARTESIAN_POINT('',(31.330151519017,-191.2698484809));
#2181 = CARTESIAN_POINT('',(32.271555764793,-187.7564800052));
#2182 = CARTESIAN_POINT('',(33.212960010569,-184.2431115295));
#2183 = CARTESIAN_POINT('',(35.784924240492,-186.8150757595));
#2184 = ( GEOMETRIC_REPRESENTATION_CONTEXT(2) 
PARAMETRIC_REPRESENTATION_CONTEXT() REPRESENTATION_CONTEXT('2D SPACE',''
  ) );
#2185 = PCURVE('',#2186,#2191);
#2186 = CYLINDRICAL_SURFACE('',#2187,2.1);
#2187 = AXIS2_PLACEMENT_3D('',#2188,#2189,#2190);
#2188 = CARTESIAN_POINT('',(-1.,191.5,34.3));
#2189 = DIRECTION('',(-1.,-0.,-0.));
#2190 = DIRECTION('',(0.,-0.707106781187,0.707106781187));
#2191 = DEFINITIONAL_REPRESENTATION('',(#2192),#2196);
#2192 = LINE('',#2193,#2194);
#2193 = CARTESIAN_POINT('',(-6.28318530718,-1.));
#2194 = VECTOR('',#2195,1.);
#2195 = DIRECTION('',(1.,-0.));
#2196 = ( GEOMETRIC_REPRESENTATION_CONTEXT(2) 
PARAMETRIC_REPRESENTATION_CONTEXT() REPRESENTATION_CONTEXT('2D SPACE',''
  ) );
#2197 = ORIENTED_EDGE('',*,*,#2198,.T.);
#2198 = EDGE_CURVE('',#2166,#2199,#2201,.T.);
#2199 = VERTEX_POINT('',#2200);
#2200 = CARTESIAN_POINT('',(0.,192.5,38.269848480983));
#2201 = SURFACE_CURVE('',#2202,(#2206,#2213),.PCURVE_S1.);
#2202 = LINE('',#2203,#2204);
#2203 = CARTESIAN_POINT('',(0.,135.60753787975,-18.62261363926));
#2204 = VECTOR('',#2205,1.);
#2205 = DIRECTION('',(-0.,0.707106781187,0.707106781187));
#2206 = PCURVE('',#186,#2207);
#2207 = DEFINITIONAL_REPRESENTATION('',(#2208),#2212);
#2208 = LINE('',#2209,#2210);
#2209 = CARTESIAN_POINT('',(-18.62261363926,-132.4075378797));
#2210 = VECTOR('',#2211,1.);
#2211 = DIRECTION('',(0.707106781187,-0.707106781187));
#2212 = ( GEOMETRIC_REPRESENTATION_CONTEXT(2) 
PARAMETRIC_REPRESENTATION_CONTEXT() REPRESENTATION_CONTEXT('2D SPACE',''
  ) );
#2213 = PCURVE('',#2214,#2219);
#2214 = PLANE('',#2215);
#2215 = AXIS2_PLACEMENT_3D('',#2216,#2217,#2218);
#2216 = CARTESIAN_POINT('',(-1.,192.5,38.269848480983));
#2217 = DIRECTION('',(0.,0.707106781187,-0.707106781187));
#2218 = DIRECTION('',(0.,-0.707106781187,-0.707106781187));
#2219 = DEFINITIONAL_REPRESENTATION('',(#2220),#2224);
#2220 = LINE('',#2221,#2222);
#2221 = CARTESIAN_POINT('',(80.458091527249,-1.));
#2222 = VECTOR('',#2223,1.);
#2223 = DIRECTION('',(-1.,0.));
#2224 = ( GEOMETRIC_REPRESENTATION_CONTEXT(2) 
PARAMETRIC_REPRESENTATION_CONTEXT() REPRESENTATION_CONTEXT('2D SPACE',''
  ) );
#2225 = ORIENTED_EDGE('',*,*,#2226,.T.);
#2226 = EDGE_CURVE('',#2199,#2103,#2227,.T.);
#2227 = SURFACE_CURVE('',#2228,(#2232,#2239),.PCURVE_S1.);
#2228 = LINE('',#2229,#2230);
#2229 = CARTESIAN_POINT('',(0.,155.98492424049,74.784924240492));
#2230 = VECTOR('',#2231,1.);
#2231 = DIRECTION('',(0.,0.707106781187,-0.707106781187));
#2232 = PCURVE('',#186,#2233);
#2233 = DEFINITIONAL_REPRESENTATION('',(#2234),#2238);
#2234 = LINE('',#2235,#2236);
#2235 = CARTESIAN_POINT('',(74.784924240492,-152.7849242404));
#2236 = VECTOR('',#2237,1.);
#2237 = DIRECTION('',(-0.707106781187,-0.707106781187));
#2238 = ( GEOMETRIC_REPRESENTATION_CONTEXT(2) 
PARAMETRIC_REPRESENTATION_CONTEXT() REPRESENTATION_CONTEXT('2D SPACE',''
  ) );
#2239 = PCURVE('',#2240,#2245);
#2240 = PLANE('',#2241);
#2241 = AXIS2_PLACEMENT_3D('',#2242,#2243,#2244);
#2242 = CARTESIAN_POINT('',(-1.,194.98492424049,35.784924240492));
#2243 = DIRECTION('',(0.,-0.707106781187,-0.707106781187));
#2244 = DIRECTION('',(0.,-0.707106781187,0.707106781187));
#2245 = DEFINITIONAL_REPRESENTATION('',(#2246),#2250);
#2246 = LINE('',#2247,#2248);
#2247 = CARTESIAN_POINT('',(55.154328932551,-1.));
#2248 = VECTOR('',#2249,1.);
#2249 = DIRECTION('',(-1.,-0.));
#2250 = ( GEOMETRIC_REPRESENTATION_CONTEXT(2) 
PARAMETRIC_REPRESENTATION_CONTEXT() REPRESENTATION_CONTEXT('2D SPACE',''
  ) );
#2251 = FACE_BOUND('',#2252,.F.);
#2252 = EDGE_LOOP('',(#2253,#2283,#2316));
#2253 = ORIENTED_EDGE('',*,*,#2254,.T.);
#2254 = EDGE_CURVE('',#2255,#2257,#2259,.T.);
#2255 = VERTEX_POINT('',#2256);
#2256 = CARTESIAN_POINT('',(0.,17.5,12.269848480984));
#2257 = VERTEX_POINT('',#2258);
#2258 = CARTESIAN_POINT('',(0.,18.984924240492,10.784924240492));
#2259 = SURFACE_CURVE('',#2260,(#2264,#2271),.PCURVE_S1.);
#2260 = LINE('',#2261,#2262);
#2261 = CARTESIAN_POINT('',(0.,17.734924240492,12.034924240492));
#2262 = VECTOR('',#2263,1.);
#2263 = DIRECTION('',(0.,0.707106781187,-0.707106781187));
#2264 = PCURVE('',#186,#2265);
#2265 = DEFINITIONAL_REPRESENTATION('',(#2266),#2270);
#2266 = LINE('',#2267,#2268);
#2267 = CARTESIAN_POINT('',(12.034924240492,-14.53492424049));
#2268 = VECTOR('',#2269,1.);
#2269 = DIRECTION('',(-0.707106781187,-0.707106781187));
#2270 = ( GEOMETRIC_REPRESENTATION_CONTEXT(2) 
PARAMETRIC_REPRESENTATION_CONTEXT() REPRESENTATION_CONTEXT('2D SPACE',''
  ) );
#2271 = PCURVE('',#2272,#2277);
#2272 = PLANE('',#2273);
#2273 = AXIS2_PLACEMENT_3D('',#2274,#2275,#2276);
#2274 = CARTESIAN_POINT('',(-1.,18.984924240492,10.784924240492));
#2275 = DIRECTION('',(0.,-0.707106781187,-0.707106781187));
#2276 = DIRECTION('',(0.,-0.707106781187,0.707106781187));
#2277 = DEFINITIONAL_REPRESENTATION('',(#2278),#2282);
#2278 = LINE('',#2279,#2280);
#2279 = CARTESIAN_POINT('',(1.767766952966,-1.));
#2280 = VECTOR('',#2281,1.);
#2281 = DIRECTION('',(-1.,-0.));
#2282 = ( GEOMETRIC_REPRESENTATION_CONTEXT(2) 
PARAMETRIC_REPRESENTATION_CONTEXT() REPRESENTATION_CONTEXT('2D SPACE',''
  ) );
#2283 = ORIENTED_EDGE('',*,*,#2284,.T.);
#2284 = EDGE_CURVE('',#2257,#2285,#2287,.T.);
#2285 = VERTEX_POINT('',#2286);
#2286 = CARTESIAN_POINT('',(0.,16.015075759508,10.784924240492));
#2287 = SURFACE_CURVE('',#2288,(#2293,#2304),.PCURVE_S1.);
#2288 = CIRCLE('',#2289,2.1);
#2289 = AXIS2_PLACEMENT_3D('',#2290,#2291,#2292);
#2290 = CARTESIAN_POINT('',(0.,17.5,9.3));
#2291 = DIRECTION('',(-1.,-0.,0.));
#2292 = DIRECTION('',(0.,-0.,-1.));
#2293 = PCURVE('',#186,#2294);
#2294 = DEFINITIONAL_REPRESENTATION('',(#2295),#2303);
#2295 = ( BOUNDED_CURVE() B_SPLINE_CURVE(2,(#2296,#2297,#2298,#2299,
#2300,#2301,#2302),.UNSPECIFIED.,.T.,.F.) B_SPLINE_CURVE_WITH_KNOTS((1,2
    ,2,2,2,1),(-2.094395102393,0.,2.094395102393,4.188790204786,
6.28318530718,8.377580409573),.UNSPECIFIED.) CURVE() 
GEOMETRIC_REPRESENTATION_ITEM() RATIONAL_B_SPLINE_CURVE((1.,0.5,1.,0.5,
1.,0.5,1.)) REPRESENTATION_ITEM('') );
#2296 = CARTESIAN_POINT('',(7.2,-14.3));
#2297 = CARTESIAN_POINT('',(7.2,-10.6626933041));
#2298 = CARTESIAN_POINT('',(10.35,-12.48134665205));
#2299 = CARTESIAN_POINT('',(13.5,-14.3));
#2300 = CARTESIAN_POINT('',(10.35,-16.11865334794));
#2301 = CARTESIAN_POINT('',(7.2,-17.93730669589));
#2302 = CARTESIAN_POINT('',(7.2,-14.3));
#2303 = ( GEOMETRIC_REPRESENTATION_CONTEXT(2) 
PARAMETRIC_REPRESENTATION_CONTEXT() REPRESENTATION_CONTEXT('2D SPACE',''
  ) );
#2304 = PCURVE('',#2305,#2310);
#2305 = CYLINDRICAL_SURFACE('',#2306,2.1);
#2306 = AXIS2_PLACEMENT_3D('',#2307,#2308,#2309);
#2307 = CARTESIAN_POINT('',(-1.,17.5,9.3));
#2308 = DIRECTION('',(-1.,-0.,-0.));
#2309 = DIRECTION('',(0.,-0.,-1.));
#2310 = DEFINITIONAL_REPRESENTATION('',(#2311),#2315);
#2311 = LINE('',#2312,#2313);
#2312 = CARTESIAN_POINT('',(-6.28318530718,-1.));
#2313 = VECTOR('',#2314,1.);
#2314 = DIRECTION('',(1.,-0.));
#2315 = ( GEOMETRIC_REPRESENTATION_CONTEXT(2) 
PARAMETRIC_REPRESENTATION_CONTEXT() REPRESENTATION_CONTEXT('2D SPACE',''
  ) );
#2316 = ORIENTED_EDGE('',*,*,#2317,.T.);
#2317 = EDGE_CURVE('',#2285,#2255,#2318,.T.);
#2318 = SURFACE_CURVE('',#2319,(#2323,#2330),.PCURVE_S1.);
#2319 = LINE('',#2320,#2321);
#2320 = CARTESIAN_POINT('',(0.,10.857537879754,5.627386360738));
#2321 = VECTOR('',#2322,1.);
#2322 = DIRECTION('',(-0.,0.707106781187,0.707106781187));
#2323 = PCURVE('',#186,#2324);
#2324 = DEFINITIONAL_REPRESENTATION('',(#2325),#2329);
#2325 = LINE('',#2326,#2327);
#2326 = CARTESIAN_POINT('',(5.627386360738,-7.657537879754));
#2327 = VECTOR('',#2328,1.);
#2328 = DIRECTION('',(0.707106781187,-0.707106781187));
#2329 = ( GEOMETRIC_REPRESENTATION_CONTEXT(2) 
PARAMETRIC_REPRESENTATION_CONTEXT() REPRESENTATION_CONTEXT('2D SPACE',''
  ) );
#2330 = PCURVE('',#2331,#2336);
#2331 = PLANE('',#2332);
#2332 = AXIS2_PLACEMENT_3D('',#2333,#2334,#2335);
#2333 = CARTESIAN_POINT('',(-1.,17.5,12.269848480984));
#2334 = DIRECTION('',(0.,0.707106781187,-0.707106781187));
#2335 = DIRECTION('',(0.,-0.707106781187,-0.707106781187));
#2336 = DEFINITIONAL_REPRESENTATION('',(#2337),#2341);
#2337 = LINE('',#2338,#2339);
#2338 = CARTESIAN_POINT('',(9.393860018001,-1.));
#2339 = VECTOR('',#2340,1.);
#2340 = DIRECTION('',(-1.,0.));
#2341 = ( GEOMETRIC_REPRESENTATION_CONTEXT(2) 
PARAMETRIC_REPRESENTATION_CONTEXT() REPRESENTATION_CONTEXT('2D SPACE',''
  ) );
#2342 = FACE_BOUND('',#2343,.F.);
#2343 = EDGE_LOOP('',(#2344,#2374,#2407));
#2344 = ORIENTED_EDGE('',*,*,#2345,.T.);
#2345 = EDGE_CURVE('',#2346,#2348,#2350,.T.);
#2346 = VERTEX_POINT('',#2347);
#2347 = CARTESIAN_POINT('',(0.,17.5,37.269848480983));
#2348 = VERTEX_POINT('',#2349);
#2349 = CARTESIAN_POINT('',(0.,18.984924240492,35.784924240492));
#2350 = SURFACE_CURVE('',#2351,(#2355,#2362),.PCURVE_S1.);
#2351 = LINE('',#2352,#2353);
#2352 = CARTESIAN_POINT('',(0.,23.984924240492,30.784924240492));
#2353 = VECTOR('',#2354,1.);
#2354 = DIRECTION('',(0.,0.707106781187,-0.707106781187));
#2355 = PCURVE('',#186,#2356);
#2356 = DEFINITIONAL_REPRESENTATION('',(#2357),#2361);
#2357 = LINE('',#2358,#2359);
#2358 = CARTESIAN_POINT('',(30.784924240492,-20.78492424049));
#2359 = VECTOR('',#2360,1.);
#2360 = DIRECTION('',(-0.707106781187,-0.707106781187));
#2361 = ( GEOMETRIC_REPRESENTATION_CONTEXT(2) 
PARAMETRIC_REPRESENTATION_CONTEXT() REPRESENTATION_CONTEXT('2D SPACE',''
  ) );
#2362 = PCURVE('',#2363,#2368);
#2363 = PLANE('',#2364);
#2364 = AXIS2_PLACEMENT_3D('',#2365,#2366,#2367);
#2365 = CARTESIAN_POINT('',(-1.,18.984924240492,35.784924240492));
#2366 = DIRECTION('',(0.,-0.707106781187,-0.707106781187));
#2367 = DIRECTION('',(0.,-0.707106781187,0.707106781187));
#2368 = DEFINITIONAL_REPRESENTATION('',(#2369),#2373);
#2369 = LINE('',#2370,#2371);
#2370 = CARTESIAN_POINT('',(-7.071067811865,-1.));
#2371 = VECTOR('',#2372,1.);
#2372 = DIRECTION('',(-1.,-0.));
#2373 = ( GEOMETRIC_REPRESENTATION_CONTEXT(2) 
PARAMETRIC_REPRESENTATION_CONTEXT() REPRESENTATION_CONTEXT('2D SPACE',''
  ) );
#2374 = ORIENTED_EDGE('',*,*,#2375,.T.);
#2375 = EDGE_CURVE('',#2348,#2376,#2378,.T.);
#2376 = VERTEX_POINT('',#2377);
#2377 = CARTESIAN_POINT('',(0.,16.015075759508,35.784924240492));
#2378 = SURFACE_CURVE('',#2379,(#2384,#2395),.PCURVE_S1.);
#2379 = CIRCLE('',#2380,2.1);
#2380 = AXIS2_PLACEMENT_3D('',#2381,#2382,#2383);
#2381 = CARTESIAN_POINT('',(0.,17.5,34.3));
#2382 = DIRECTION('',(-1.,-0.,0.));
#2383 = DIRECTION('',(0.,-1.691768418476E-15,-1.));
#2384 = PCURVE('',#186,#2385);
#2385 = DEFINITIONAL_REPRESENTATION('',(#2386),#2394);
#2386 = ( BOUNDED_CURVE() B_SPLINE_CURVE(2,(#2387,#2388,#2389,#2390,
#2391,#2392,#2393),.UNSPECIFIED.,.T.,.F.) B_SPLINE_CURVE_WITH_KNOTS((1,2
    ,2,2,2,1),(-2.094395102393,0.,2.094395102393,4.188790204786,
6.28318530718,8.377580409573),.UNSPECIFIED.) CURVE() 
GEOMETRIC_REPRESENTATION_ITEM() RATIONAL_B_SPLINE_CURVE((1.,0.5,1.,0.5,
1.,0.5,1.)) REPRESENTATION_ITEM('') );
#2387 = CARTESIAN_POINT('',(32.2,-14.3));
#2388 = CARTESIAN_POINT('',(32.2,-10.6626933041));
#2389 = CARTESIAN_POINT('',(35.35,-12.48134665205));
#2390 = CARTESIAN_POINT('',(38.5,-14.3));
#2391 = CARTESIAN_POINT('',(35.35,-16.11865334794));
#2392 = CARTESIAN_POINT('',(32.2,-17.93730669589));
#2393 = CARTESIAN_POINT('',(32.2,-14.3));
#2394 = ( GEOMETRIC_REPRESENTATION_CONTEXT(2) 
PARAMETRIC_REPRESENTATION_CONTEXT() REPRESENTATION_CONTEXT('2D SPACE',''
  ) );
#2395 = PCURVE('',#2396,#2401);
#2396 = CYLINDRICAL_SURFACE('',#2397,2.1);
#2397 = AXIS2_PLACEMENT_3D('',#2398,#2399,#2400);
#2398 = CARTESIAN_POINT('',(-1.,17.5,34.3));
#2399 = DIRECTION('',(-1.,-0.,-0.));
#2400 = DIRECTION('',(0.,-1.691768418476E-15,-1.));
#2401 = DEFINITIONAL_REPRESENTATION('',(#2402),#2406);
#2402 = LINE('',#2403,#2404);
#2403 = CARTESIAN_POINT('',(-6.28318530718,-1.));
#2404 = VECTOR('',#2405,1.);
#2405 = DIRECTION('',(1.,-0.));
#2406 = ( GEOMETRIC_REPRESENTATION_CONTEXT(2) 
PARAMETRIC_REPRESENTATION_CONTEXT() REPRESENTATION_CONTEXT('2D SPACE',''
  ) );
#2407 = ORIENTED_EDGE('',*,*,#2408,.T.);
#2408 = EDGE_CURVE('',#2376,#2346,#2409,.T.);
#2409 = SURFACE_CURVE('',#2410,(#2414,#2421),.PCURVE_S1.);
#2410 = LINE('',#2411,#2412);
#2411 = CARTESIAN_POINT('',(0.,4.607537879754,24.377386360738));
#2412 = VECTOR('',#2413,1.);
#2413 = DIRECTION('',(-0.,0.707106781187,0.707106781187));
#2414 = PCURVE('',#186,#2415);
#2415 = DEFINITIONAL_REPRESENTATION('',(#2416),#2420);
#2416 = LINE('',#2417,#2418);
#2417 = CARTESIAN_POINT('',(24.377386360738,-1.407537879754));
#2418 = VECTOR('',#2419,1.);
#2419 = DIRECTION('',(0.707106781187,-0.707106781187));
#2420 = ( GEOMETRIC_REPRESENTATION_CONTEXT(2) 
PARAMETRIC_REPRESENTATION_CONTEXT() REPRESENTATION_CONTEXT('2D SPACE',''
  ) );
#2421 = PCURVE('',#2422,#2427);
#2422 = PLANE('',#2423);
#2423 = AXIS2_PLACEMENT_3D('',#2424,#2425,#2426);
#2424 = CARTESIAN_POINT('',(-1.,17.5,37.269848480983));
#2425 = DIRECTION('',(0.,0.707106781187,-0.707106781187));
#2426 = DIRECTION('',(0.,-0.707106781187,-0.707106781187));
#2427 = DEFINITIONAL_REPRESENTATION('',(#2428),#2432);
#2428 = LINE('',#2429,#2430);
#2429 = CARTESIAN_POINT('',(18.232694782833,-1.));
#2430 = VECTOR('',#2431,1.);
#2431 = DIRECTION('',(-1.,0.));
#2432 = ( GEOMETRIC_REPRESENTATION_CONTEXT(2) 
PARAMETRIC_REPRESENTATION_CONTEXT() REPRESENTATION_CONTEXT('2D SPACE',''
  ) );
#2433 = ADVANCED_FACE('',(#2434),#238,.T.);
#2434 = FACE_BOUND('',#2435,.T.);
#2435 = EDGE_LOOP('',(#2436,#2437,#2460,#2486));
#2436 = ORIENTED_EDGE('',*,*,#222,.T.);
#2437 = ORIENTED_EDGE('',*,*,#2438,.T.);
#2438 = EDGE_CURVE('',#223,#2439,#2441,.T.);
#2439 = VERTEX_POINT('',#2440);
#2440 = CARTESIAN_POINT('',(86.,0.3,-2.775557561563E-17));
#2441 = SURFACE_CURVE('',#2442,(#2446,#2453),.PCURVE_S1.);
#2442 = LINE('',#2443,#2444);
#2443 = CARTESIAN_POINT('',(3.,0.3,0.));
#2444 = VECTOR('',#2445,1.);
#2445 = DIRECTION('',(1.,0.,0.));
#2446 = PCURVE('',#238,#2447);
#2447 = DEFINITIONAL_REPRESENTATION('',(#2448),#2452);
#2448 = LINE('',#2449,#2450);
#2449 = CARTESIAN_POINT('',(0.,-0.212132034356));
#2450 = VECTOR('',#2451,1.);
#2451 = DIRECTION('',(1.,0.));
#2452 = ( GEOMETRIC_REPRESENTATION_CONTEXT(2) 
PARAMETRIC_REPRESENTATION_CONTEXT() REPRESENTATION_CONTEXT('2D SPACE',''
  ) );
#2453 = PCURVE('',#288,#2454);
#2454 = DEFINITIONAL_REPRESENTATION('',(#2455),#2459);
#2455 = LINE('',#2456,#2457);
#2456 = CARTESIAN_POINT('',(0.,0.3));
#2457 = VECTOR('',#2458,1.);
#2458 = DIRECTION('',(1.,0.));
#2459 = ( GEOMETRIC_REPRESENTATION_CONTEXT(2) 
PARAMETRIC_REPRESENTATION_CONTEXT() REPRESENTATION_CONTEXT('2D SPACE',''
  ) );
#2460 = ORIENTED_EDGE('',*,*,#2461,.T.);
#2461 = EDGE_CURVE('',#2439,#1001,#2462,.T.);
#2462 = SURFACE_CURVE('',#2463,(#2467,#2474),.PCURVE_S1.);
#2463 = LINE('',#2464,#2465);
#2464 = CARTESIAN_POINT('',(72.316666666667,13.983333333333,
    -13.68333333333));
#2465 = VECTOR('',#2466,1.);
#2466 = DIRECTION('',(0.57735026919,-0.57735026919,0.57735026919));
#2467 = PCURVE('',#238,#2468);
#2468 = DEFINITIONAL_REPRESENTATION('',(#2469),#2473);
#2469 = LINE('',#2470,#2471);
#2470 = CARTESIAN_POINT('',(69.316666666667,-19.56328761282));
#2471 = VECTOR('',#2472,1.);
#2472 = DIRECTION('',(0.57735026919,0.816496580928));
#2473 = ( GEOMETRIC_REPRESENTATION_CONTEXT(2) 
PARAMETRIC_REPRESENTATION_CONTEXT() REPRESENTATION_CONTEXT('2D SPACE',''
  ) );
#2474 = PCURVE('',#2475,#2480);
#2475 = PLANE('',#2476);
#2476 = AXIS2_PLACEMENT_3D('',#2477,#2478,#2479);
#2477 = CARTESIAN_POINT('',(86.15,0.,0.15));
#2478 = DIRECTION('',(-0.707106781187,3.472568050348E-18,0.707106781187)
  );
#2479 = DIRECTION('',(-2.455476416533E-18,-1.,2.455476416532E-18));
#2480 = DEFINITIONAL_REPRESENTATION('',(#2481),#2485);
#2481 = LINE('',#2482,#2483);
#2482 = CARTESIAN_POINT('',(-13.98333333333,-19.56328761282));
#2483 = VECTOR('',#2484,1.);
#2484 = DIRECTION('',(0.57735026919,0.816496580928));
#2485 = ( GEOMETRIC_REPRESENTATION_CONTEXT(2) 
PARAMETRIC_REPRESENTATION_CONTEXT() REPRESENTATION_CONTEXT('2D SPACE',''
  ) );
#2486 = ORIENTED_EDGE('',*,*,#1030,.F.);
#2487 = ADVANCED_FACE('',(#2488),#288,.F.);
#2488 = FACE_BOUND('',#2489,.F.);
#2489 = EDGE_LOOP('',(#2490,#2491,#2492,#2515,#2543,#2571,#2599,#2620));
#2490 = ORIENTED_EDGE('',*,*,#274,.F.);
#2491 = ORIENTED_EDGE('',*,*,#2438,.T.);
#2492 = ORIENTED_EDGE('',*,*,#2493,.T.);
#2493 = EDGE_CURVE('',#2439,#2494,#2496,.T.);
#2494 = VERTEX_POINT('',#2495);
#2495 = CARTESIAN_POINT('',(86.,9.7,7.077671781985E-15));
#2496 = SURFACE_CURVE('',#2497,(#2501,#2508),.PCURVE_S1.);
#2497 = LINE('',#2498,#2499);
#2498 = CARTESIAN_POINT('',(86.,0.,0.));
#2499 = VECTOR('',#2500,1.);
#2500 = DIRECTION('',(0.,1.,0.));
#2501 = PCURVE('',#288,#2502);
#2502 = DEFINITIONAL_REPRESENTATION('',(#2503),#2507);
#2503 = LINE('',#2504,#2505);
#2504 = CARTESIAN_POINT('',(83.,0.));
#2505 = VECTOR('',#2506,1.);
#2506 = DIRECTION('',(0.,1.));
#2507 = ( GEOMETRIC_REPRESENTATION_CONTEXT(2) 
PARAMETRIC_REPRESENTATION_CONTEXT() REPRESENTATION_CONTEXT('2D SPACE',''
  ) );
#2508 = PCURVE('',#2475,#2509);
#2509 = DEFINITIONAL_REPRESENTATION('',(#2510),#2514);
#2510 = LINE('',#2511,#2512);
#2511 = CARTESIAN_POINT('',(-2.465190328816E-32,-0.212132034356));
#2512 = VECTOR('',#2513,1.);
#2513 = DIRECTION('',(-1.,0.));
#2514 = ( GEOMETRIC_REPRESENTATION_CONTEXT(2) 
PARAMETRIC_REPRESENTATION_CONTEXT() REPRESENTATION_CONTEXT('2D SPACE',''
  ) );
#2515 = ORIENTED_EDGE('',*,*,#2516,.F.);
#2516 = EDGE_CURVE('',#2517,#2494,#2519,.T.);
#2517 = VERTEX_POINT('',#2518);
#2518 = CARTESIAN_POINT('',(66.7,9.7,4.718447854657E-16));
#2519 = SURFACE_CURVE('',#2520,(#2524,#2531),.PCURVE_S1.);
#2520 = LINE('',#2521,#2522);
#2521 = CARTESIAN_POINT('',(67.,9.7,0.));
#2522 = VECTOR('',#2523,1.);
#2523 = DIRECTION('',(1.,0.,0.));
#2524 = PCURVE('',#288,#2525);
#2525 = DEFINITIONAL_REPRESENTATION('',(#2526),#2530);
#2526 = LINE('',#2527,#2528);
#2527 = CARTESIAN_POINT('',(64.,9.7));
#2528 = VECTOR('',#2529,1.);
#2529 = DIRECTION('',(1.,0.));
#2530 = ( GEOMETRIC_REPRESENTATION_CONTEXT(2) 
PARAMETRIC_REPRESENTATION_CONTEXT() REPRESENTATION_CONTEXT('2D SPACE',''
  ) );
#2531 = PCURVE('',#2532,#2537);
#2532 = PLANE('',#2533);
#2533 = AXIS2_PLACEMENT_3D('',#2534,#2535,#2536);
#2534 = CARTESIAN_POINT('',(67.,9.85,0.15));
#2535 = DIRECTION('',(0.,-0.707106781187,0.707106781187));
#2536 = DIRECTION('',(1.,0.,0.));
#2537 = DEFINITIONAL_REPRESENTATION('',(#2538),#2542);
#2538 = LINE('',#2539,#2540);
#2539 = CARTESIAN_POINT('',(0.,-0.212132034356));
#2540 = VECTOR('',#2541,1.);
#2541 = DIRECTION('',(1.,0.));
#2542 = ( GEOMETRIC_REPRESENTATION_CONTEXT(2) 
PARAMETRIC_REPRESENTATION_CONTEXT() REPRESENTATION_CONTEXT('2D SPACE',''
  ) );
#2543 = ORIENTED_EDGE('',*,*,#2544,.T.);
#2544 = EDGE_CURVE('',#2517,#2545,#2547,.T.);
#2545 = VERTEX_POINT('',#2546);
#2546 = CARTESIAN_POINT('',(66.7,205.7,6.633582572135E-15));
#2547 = SURFACE_CURVE('',#2548,(#2552,#2559),.PCURVE_S1.);
#2548 = LINE('',#2549,#2550);
#2549 = CARTESIAN_POINT('',(66.7,10.,0.));
#2550 = VECTOR('',#2551,1.);
#2551 = DIRECTION('',(0.,1.,0.));
#2552 = PCURVE('',#288,#2553);
#2553 = DEFINITIONAL_REPRESENTATION('',(#2554),#2558);
#2554 = LINE('',#2555,#2556);
#2555 = CARTESIAN_POINT('',(63.7,10.));
#2556 = VECTOR('',#2557,1.);
#2557 = DIRECTION('',(0.,1.));
#2558 = ( GEOMETRIC_REPRESENTATION_CONTEXT(2) 
PARAMETRIC_REPRESENTATION_CONTEXT() REPRESENTATION_CONTEXT('2D SPACE',''
  ) );
#2559 = PCURVE('',#2560,#2565);
#2560 = PLANE('',#2561);
#2561 = AXIS2_PLACEMENT_3D('',#2562,#2563,#2564);
#2562 = CARTESIAN_POINT('',(66.85,10.,0.15));
#2563 = DIRECTION('',(-0.707106781187,3.472568050348E-18,0.707106781187)
  );
#2564 = DIRECTION('',(-2.455476416533E-18,-1.,2.455476416532E-18));
#2565 = DEFINITIONAL_REPRESENTATION('',(#2566),#2570);
#2566 = LINE('',#2567,#2568);
#2567 = CARTESIAN_POINT('',(-0.,-0.212132034356));
#2568 = VECTOR('',#2569,1.);
#2569 = DIRECTION('',(-1.,0.));
#2570 = ( GEOMETRIC_REPRESENTATION_CONTEXT(2) 
PARAMETRIC_REPRESENTATION_CONTEXT() REPRESENTATION_CONTEXT('2D SPACE',''
  ) );
#2571 = ORIENTED_EDGE('',*,*,#2572,.F.);
#2572 = EDGE_CURVE('',#2573,#2545,#2575,.T.);
#2573 = VERTEX_POINT('',#2574);
#2574 = CARTESIAN_POINT('',(0.3,205.7,5.634381849973E-15));
#2575 = SURFACE_CURVE('',#2576,(#2580,#2587),.PCURVE_S1.);
#2576 = LINE('',#2577,#2578);
#2577 = CARTESIAN_POINT('',(0.,205.7,0.));
#2578 = VECTOR('',#2579,1.);
#2579 = DIRECTION('',(1.,0.,-4.142623226213E-19));
#2580 = PCURVE('',#288,#2581);
#2581 = DEFINITIONAL_REPRESENTATION('',(#2582),#2586);
#2582 = LINE('',#2583,#2584);
#2583 = CARTESIAN_POINT('',(-3.,205.7));
#2584 = VECTOR('',#2585,1.);
#2585 = DIRECTION('',(1.,0.));
#2586 = ( GEOMETRIC_REPRESENTATION_CONTEXT(2) 
PARAMETRIC_REPRESENTATION_CONTEXT() REPRESENTATION_CONTEXT('2D SPACE',''
  ) );
#2587 = PCURVE('',#2588,#2593);
#2588 = PLANE('',#2589);
#2589 = AXIS2_PLACEMENT_3D('',#2590,#2591,#2592);
#2590 = CARTESIAN_POINT('',(6.21393483932E-20,205.85,0.15));
#2591 = DIRECTION('',(-3.472568050348E-18,-0.707106781187,0.707106781187
    ));
#2592 = DIRECTION('',(1.,-2.662607577843E-18,2.248345255222E-18));
#2593 = DEFINITIONAL_REPRESENTATION('',(#2594),#2598);
#2594 = LINE('',#2595,#2596);
#2595 = CARTESIAN_POINT('',(0.,-0.212132034356));
#2596 = VECTOR('',#2597,1.);
#2597 = DIRECTION('',(1.,0.));
#2598 = ( GEOMETRIC_REPRESENTATION_CONTEXT(2) 
PARAMETRIC_REPRESENTATION_CONTEXT() REPRESENTATION_CONTEXT('2D SPACE',''
  ) );
#2599 = ORIENTED_EDGE('',*,*,#2600,.F.);
#2600 = EDGE_CURVE('',#1532,#2573,#2601,.T.);
#2601 = SURFACE_CURVE('',#2602,(#2606,#2613),.PCURVE_S1.);
#2602 = LINE('',#2603,#2604);
#2603 = CARTESIAN_POINT('',(0.3,3.2,0.));
#2604 = VECTOR('',#2605,1.);
#2605 = DIRECTION('',(0.,1.,1.368618127003E-19));
#2606 = PCURVE('',#288,#2607);
#2607 = DEFINITIONAL_REPRESENTATION('',(#2608),#2612);
#2608 = LINE('',#2609,#2610);
#2609 = CARTESIAN_POINT('',(-2.7,3.2));
#2610 = VECTOR('',#2611,1.);
#2611 = DIRECTION('',(0.,1.));
#2612 = ( GEOMETRIC_REPRESENTATION_CONTEXT(2) 
PARAMETRIC_REPRESENTATION_CONTEXT() REPRESENTATION_CONTEXT('2D SPACE',''
  ) );
#2613 = PCURVE('',#1547,#2614);
#2614 = DEFINITIONAL_REPRESENTATION('',(#2615),#2619);
#2615 = LINE('',#2616,#2617);
#2616 = CARTESIAN_POINT('',(-0.,-0.212132034356));
#2617 = VECTOR('',#2618,1.);
#2618 = DIRECTION('',(-1.,0.));
#2619 = ( GEOMETRIC_REPRESENTATION_CONTEXT(2) 
PARAMETRIC_REPRESENTATION_CONTEXT() REPRESENTATION_CONTEXT('2D SPACE',''
  ) );
#2620 = ORIENTED_EDGE('',*,*,#1561,.T.);
#2621 = ADVANCED_FACE('',(#2622),#733,.T.);
#2622 = FACE_BOUND('',#2623,.T.);
#2623 = EDGE_LOOP('',(#2624,#2649,#2677,#2698,#2699,#2700));
#2624 = ORIENTED_EDGE('',*,*,#2625,.F.);
#2625 = EDGE_CURVE('',#2626,#2628,#2630,.T.);
#2626 = VERTEX_POINT('',#2627);
#2627 = CARTESIAN_POINT('',(3.,35.8,5.7));
#2628 = VERTEX_POINT('',#2629);
#2629 = CARTESIAN_POINT('',(6.,35.8,5.7));
#2630 = SURFACE_CURVE('',#2631,(#2635,#2642),.PCURVE_S1.);
#2631 = LINE('',#2632,#2633);
#2632 = CARTESIAN_POINT('',(-1.,35.8,5.7));
#2633 = VECTOR('',#2634,1.);
#2634 = DIRECTION('',(1.,0.,0.));
#2635 = PCURVE('',#733,#2636);
#2636 = DEFINITIONAL_REPRESENTATION('',(#2637),#2641);
#2637 = LINE('',#2638,#2639);
#2638 = CARTESIAN_POINT('',(0.,0.));
#2639 = VECTOR('',#2640,1.);
#2640 = DIRECTION('',(0.,1.));
#2641 = ( GEOMETRIC_REPRESENTATION_CONTEXT(2) 
PARAMETRIC_REPRESENTATION_CONTEXT() REPRESENTATION_CONTEXT('2D SPACE',''
  ) );
#2642 = PCURVE('',#1792,#2643);
#2643 = DEFINITIONAL_REPRESENTATION('',(#2644),#2648);
#2644 = LINE('',#2645,#2646);
#2645 = CARTESIAN_POINT('',(0.,0.));
#2646 = VECTOR('',#2647,1.);
#2647 = DIRECTION('',(1.,0.));
#2648 = ( GEOMETRIC_REPRESENTATION_CONTEXT(2) 
PARAMETRIC_REPRESENTATION_CONTEXT() REPRESENTATION_CONTEXT('2D SPACE',''
  ) );
#2649 = ORIENTED_EDGE('',*,*,#2650,.F.);
#2650 = EDGE_CURVE('',#2651,#2626,#2653,.T.);
#2651 = VERTEX_POINT('',#2652);
#2652 = CARTESIAN_POINT('',(3.,35.8,7.748912529308));
#2653 = SURFACE_CURVE('',#2654,(#2658,#2665),.PCURVE_S1.);
#2654 = LINE('',#2655,#2656);
#2655 = CARTESIAN_POINT('',(3.,35.8,6.360110023068));
#2656 = VECTOR('',#2657,1.);
#2657 = DIRECTION('',(0.,0.,-1.));
#2658 = PCURVE('',#733,#2659);
#2659 = DEFINITIONAL_REPRESENTATION('',(#2660),#2664);
#2660 = LINE('',#2661,#2662);
#2661 = CARTESIAN_POINT('',(0.660110023068,4.));
#2662 = VECTOR('',#2663,1.);
#2663 = DIRECTION('',(-1.,0.));
#2664 = ( GEOMETRIC_REPRESENTATION_CONTEXT(2) 
PARAMETRIC_REPRESENTATION_CONTEXT() REPRESENTATION_CONTEXT('2D SPACE',''
  ) );
#2665 = PCURVE('',#2666,#2671);
#2666 = PLANE('',#2667);
#2667 = AXIS2_PLACEMENT_3D('',#2668,#2669,#2670);
#2668 = CARTESIAN_POINT('',(3.,32.6,7.020220046137));
#2669 = DIRECTION('',(1.,0.,0.));
#2670 = DIRECTION('',(-0.,0.,1.));
#2671 = DEFINITIONAL_REPRESENTATION('',(#2672),#2676);
#2672 = LINE('',#2673,#2674);
#2673 = CARTESIAN_POINT('',(-0.660110023068,-3.2));
#2674 = VECTOR('',#2675,1.);
#2675 = DIRECTION('',(-1.,0.));
#2676 = ( GEOMETRIC_REPRESENTATION_CONTEXT(2) 
PARAMETRIC_REPRESENTATION_CONTEXT() REPRESENTATION_CONTEXT('2D SPACE',''
  ) );
#2677 = ORIENTED_EDGE('',*,*,#2678,.T.);
#2678 = EDGE_CURVE('',#2651,#1894,#2679,.T.);
#2679 = SURFACE_CURVE('',#2680,(#2684,#2691),.PCURVE_S1.);
#2680 = LINE('',#2681,#2682);
#2681 = CARTESIAN_POINT('',(-1.,35.8,7.748912529308));
#2682 = VECTOR('',#2683,1.);
#2683 = DIRECTION('',(-1.,-0.,0.));
#2684 = PCURVE('',#733,#2685);
#2685 = DEFINITIONAL_REPRESENTATION('',(#2686),#2690);
#2686 = LINE('',#2687,#2688);
#2687 = CARTESIAN_POINT('',(2.048912529308,0.));
#2688 = VECTOR('',#2689,1.);
#2689 = DIRECTION('',(0.,-1.));
#2690 = ( GEOMETRIC_REPRESENTATION_CONTEXT(2) 
PARAMETRIC_REPRESENTATION_CONTEXT() REPRESENTATION_CONTEXT('2D SPACE',''
  ) );
#2691 = PCURVE('',#1914,#2692);
#2692 = DEFINITIONAL_REPRESENTATION('',(#2693),#2697);
#2693 = LINE('',#2694,#2695);
#2694 = CARTESIAN_POINT('',(-8.198682813773,0.));
#2695 = VECTOR('',#2696,1.);
#2696 = DIRECTION('',(-0.,1.));
#2697 = ( GEOMETRIC_REPRESENTATION_CONTEXT(2) 
PARAMETRIC_REPRESENTATION_CONTEXT() REPRESENTATION_CONTEXT('2D SPACE',''
  ) );
#2698 = ORIENTED_EDGE('',*,*,#1926,.T.);
#2699 = ORIENTED_EDGE('',*,*,#717,.F.);
#2700 = ORIENTED_EDGE('',*,*,#2701,.F.);
#2701 = EDGE_CURVE('',#2628,#690,#2702,.T.);
#2702 = SURFACE_CURVE('',#2703,(#2707,#2714),.PCURVE_S1.);
#2703 = LINE('',#2704,#2705);
#2704 = CARTESIAN_POINT('',(6.,35.8,2.85));
#2705 = VECTOR('',#2706,1.);
#2706 = DIRECTION('',(0.,0.,1.));
#2707 = PCURVE('',#733,#2708);
#2708 = DEFINITIONAL_REPRESENTATION('',(#2709),#2713);
#2709 = LINE('',#2710,#2711);
#2710 = CARTESIAN_POINT('',(-2.85,7.));
#2711 = VECTOR('',#2712,1.);
#2712 = DIRECTION('',(1.,0.));
#2713 = ( GEOMETRIC_REPRESENTATION_CONTEXT(2) 
PARAMETRIC_REPRESENTATION_CONTEXT() REPRESENTATION_CONTEXT('2D SPACE',''
  ) );
#2714 = PCURVE('',#705,#2715);
#2715 = DEFINITIONAL_REPRESENTATION('',(#2716),#2720);
#2716 = LINE('',#2717,#2718);
#2717 = CARTESIAN_POINT('',(2.85,-32.6));
#2718 = VECTOR('',#2719,1.);
#2719 = DIRECTION('',(1.,0.));
#2720 = ( GEOMETRIC_REPRESENTATION_CONTEXT(2) 
PARAMETRIC_REPRESENTATION_CONTEXT() REPRESENTATION_CONTEXT('2D SPACE',''
  ) );
#2721 = ADVANCED_FACE('',(#2722),#705,.T.);
#2722 = FACE_BOUND('',#2723,.T.);
#2723 = EDGE_LOOP('',(#2724,#2725,#2748,#2769));
#2724 = ORIENTED_EDGE('',*,*,#689,.F.);
#2725 = ORIENTED_EDGE('',*,*,#2726,.F.);
#2726 = EDGE_CURVE('',#2727,#662,#2729,.T.);
#2727 = VERTEX_POINT('',#2728);
#2728 = CARTESIAN_POINT('',(6.,34.,5.7));
#2729 = SURFACE_CURVE('',#2730,(#2734,#2741),.PCURVE_S1.);
#2730 = LINE('',#2731,#2732);
#2731 = CARTESIAN_POINT('',(6.,34.,0.));
#2732 = VECTOR('',#2733,1.);
#2733 = DIRECTION('',(0.,0.,1.));
#2734 = PCURVE('',#705,#2735);
#2735 = DEFINITIONAL_REPRESENTATION('',(#2736),#2740);
#2736 = LINE('',#2737,#2738);
#2737 = CARTESIAN_POINT('',(0.,-30.8));
#2738 = VECTOR('',#2739,1.);
#2739 = DIRECTION('',(1.,0.));
#2740 = ( GEOMETRIC_REPRESENTATION_CONTEXT(2) 
PARAMETRIC_REPRESENTATION_CONTEXT() REPRESENTATION_CONTEXT('2D SPACE',''
  ) );
#2741 = PCURVE('',#677,#2742);
#2742 = DEFINITIONAL_REPRESENTATION('',(#2743),#2747);
#2743 = LINE('',#2744,#2745);
#2744 = CARTESIAN_POINT('',(0.,9.999999999991E-03));
#2745 = VECTOR('',#2746,1.);
#2746 = DIRECTION('',(1.,0.));
#2747 = ( GEOMETRIC_REPRESENTATION_CONTEXT(2) 
PARAMETRIC_REPRESENTATION_CONTEXT() REPRESENTATION_CONTEXT('2D SPACE',''
  ) );
#2748 = ORIENTED_EDGE('',*,*,#2749,.T.);
#2749 = EDGE_CURVE('',#2727,#2628,#2750,.T.);
#2750 = SURFACE_CURVE('',#2751,(#2755,#2762),.PCURVE_S1.);
#2751 = LINE('',#2752,#2753);
#2752 = CARTESIAN_POINT('',(6.,34.,5.7));
#2753 = VECTOR('',#2754,1.);
#2754 = DIRECTION('',(0.,1.,0.));
#2755 = PCURVE('',#705,#2756);
#2756 = DEFINITIONAL_REPRESENTATION('',(#2757),#2761);
#2757 = LINE('',#2758,#2759);
#2758 = CARTESIAN_POINT('',(5.7,-30.8));
#2759 = VECTOR('',#2760,1.);
#2760 = DIRECTION('',(0.,-1.));
#2761 = ( GEOMETRIC_REPRESENTATION_CONTEXT(2) 
PARAMETRIC_REPRESENTATION_CONTEXT() REPRESENTATION_CONTEXT('2D SPACE',''
  ) );
#2762 = PCURVE('',#1792,#2763);
#2763 = DEFINITIONAL_REPRESENTATION('',(#2764),#2768);
#2764 = LINE('',#2765,#2766);
#2765 = CARTESIAN_POINT('',(7.,-1.8));
#2766 = VECTOR('',#2767,1.);
#2767 = DIRECTION('',(0.,1.));
#2768 = ( GEOMETRIC_REPRESENTATION_CONTEXT(2) 
PARAMETRIC_REPRESENTATION_CONTEXT() REPRESENTATION_CONTEXT('2D SPACE',''
  ) );
#2769 = ORIENTED_EDGE('',*,*,#2701,.T.);
#2770 = ADVANCED_FACE('',(#2771),#677,.T.);
#2771 = FACE_BOUND('',#2772,.T.);
#2772 = EDGE_LOOP('',(#2773,#2796,#2797,#2798,#2821,#2849));
#2773 = ORIENTED_EDGE('',*,*,#2774,.F.);
#2774 = EDGE_CURVE('',#2727,#2775,#2777,.T.);
#2775 = VERTEX_POINT('',#2776);
#2776 = CARTESIAN_POINT('',(8.,34.,5.7));
#2777 = SURFACE_CURVE('',#2778,(#2782,#2789),.PCURVE_S1.);
#2778 = LINE('',#2779,#2780);
#2779 = CARTESIAN_POINT('',(6.,34.,5.7));
#2780 = VECTOR('',#2781,1.);
#2781 = DIRECTION('',(1.,0.,0.));
#2782 = PCURVE('',#677,#2783);
#2783 = DEFINITIONAL_REPRESENTATION('',(#2784),#2788);
#2784 = LINE('',#2785,#2786);
#2785 = CARTESIAN_POINT('',(5.7,9.999999999991E-03));
#2786 = VECTOR('',#2787,1.);
#2787 = DIRECTION('',(0.,1.));
#2788 = ( GEOMETRIC_REPRESENTATION_CONTEXT(2) 
PARAMETRIC_REPRESENTATION_CONTEXT() REPRESENTATION_CONTEXT('2D SPACE',''
  ) );
#2789 = PCURVE('',#1792,#2790);
#2790 = DEFINITIONAL_REPRESENTATION('',(#2791),#2795);
#2791 = LINE('',#2792,#2793);
#2792 = CARTESIAN_POINT('',(7.,-1.8));
#2793 = VECTOR('',#2794,1.);
#2794 = DIRECTION('',(1.,0.));
#2795 = ( GEOMETRIC_REPRESENTATION_CONTEXT(2) 
PARAMETRIC_REPRESENTATION_CONTEXT() REPRESENTATION_CONTEXT('2D SPACE',''
  ) );
#2796 = ORIENTED_EDGE('',*,*,#2726,.T.);
#2797 = ORIENTED_EDGE('',*,*,#661,.T.);
#2798 = ORIENTED_EDGE('',*,*,#2799,.F.);
#2799 = EDGE_CURVE('',#2800,#633,#2802,.T.);
#2800 = VERTEX_POINT('',#2801);
#2801 = CARTESIAN_POINT('',(59.,34.,2.6));
#2802 = SURFACE_CURVE('',#2803,(#2807,#2814),.PCURVE_S1.);
#2803 = LINE('',#2804,#2805);
#2804 = CARTESIAN_POINT('',(59.,34.,2.6));
#2805 = VECTOR('',#2806,1.);
#2806 = DIRECTION('',(0.,0.,1.));
#2807 = PCURVE('',#677,#2808);
#2808 = DEFINITIONAL_REPRESENTATION('',(#2809),#2813);
#2809 = LINE('',#2810,#2811);
#2810 = CARTESIAN_POINT('',(2.6,53.01));
#2811 = VECTOR('',#2812,1.);
#2812 = DIRECTION('',(1.,0.));
#2813 = ( GEOMETRIC_REPRESENTATION_CONTEXT(2) 
PARAMETRIC_REPRESENTATION_CONTEXT() REPRESENTATION_CONTEXT('2D SPACE',''
  ) );
#2814 = PCURVE('',#649,#2815);
#2815 = DEFINITIONAL_REPRESENTATION('',(#2816),#2820);
#2816 = LINE('',#2817,#2818);
#2817 = CARTESIAN_POINT('',(-4.712388980385,0.));
#2818 = VECTOR('',#2819,1.);
#2819 = DIRECTION('',(-0.,-1.));
#2820 = ( GEOMETRIC_REPRESENTATION_CONTEXT(2) 
PARAMETRIC_REPRESENTATION_CONTEXT() REPRESENTATION_CONTEXT('2D SPACE',''
  ) );
#2821 = ORIENTED_EDGE('',*,*,#2822,.T.);
#2822 = EDGE_CURVE('',#2800,#2823,#2825,.T.);
#2823 = VERTEX_POINT('',#2824);
#2824 = CARTESIAN_POINT('',(8.,34.,2.6));
#2825 = SURFACE_CURVE('',#2826,(#2830,#2837),.PCURVE_S1.);
#2826 = LINE('',#2827,#2828);
#2827 = CARTESIAN_POINT('',(2.995,34.,2.6));
#2828 = VECTOR('',#2829,1.);
#2829 = DIRECTION('',(-1.,0.,0.));
#2830 = PCURVE('',#677,#2831);
#2831 = DEFINITIONAL_REPRESENTATION('',(#2832),#2836);
#2832 = LINE('',#2833,#2834);
#2833 = CARTESIAN_POINT('',(2.6,-2.995));
#2834 = VECTOR('',#2835,1.);
#2835 = DIRECTION('',(0.,-1.));
#2836 = ( GEOMETRIC_REPRESENTATION_CONTEXT(2) 
PARAMETRIC_REPRESENTATION_CONTEXT() REPRESENTATION_CONTEXT('2D SPACE',''
  ) );
#2837 = PCURVE('',#2838,#2843);
#2838 = PLANE('',#2839);
#2839 = AXIS2_PLACEMENT_3D('',#2840,#2841,#2842);
#2840 = CARTESIAN_POINT('',(0.,9.99,2.6));
#2841 = DIRECTION('',(0.,0.,1.));
#2842 = DIRECTION('',(1.,0.,0.));
#2843 = DEFINITIONAL_REPRESENTATION('',(#2844),#2848);
#2844 = LINE('',#2845,#2846);
#2845 = CARTESIAN_POINT('',(2.995,24.01));
#2846 = VECTOR('',#2847,1.);
#2847 = DIRECTION('',(-1.,0.));
#2848 = ( GEOMETRIC_REPRESENTATION_CONTEXT(2) 
PARAMETRIC_REPRESENTATION_CONTEXT() REPRESENTATION_CONTEXT('2D SPACE',''
  ) );
#2849 = ORIENTED_EDGE('',*,*,#2850,.T.);
#2850 = EDGE_CURVE('',#2823,#2775,#2851,.T.);
#2851 = SURFACE_CURVE('',#2852,(#2856,#2863),.PCURVE_S1.);
#2852 = LINE('',#2853,#2854);
#2853 = CARTESIAN_POINT('',(8.,34.,2.6));
#2854 = VECTOR('',#2855,1.);
#2855 = DIRECTION('',(0.,0.,1.));
#2856 = PCURVE('',#677,#2857);
#2857 = DEFINITIONAL_REPRESENTATION('',(#2858),#2862);
#2858 = LINE('',#2859,#2860);
#2859 = CARTESIAN_POINT('',(2.6,2.01));
#2860 = VECTOR('',#2861,1.);
#2861 = DIRECTION('',(1.,0.));
#2862 = ( GEOMETRIC_REPRESENTATION_CONTEXT(2) 
PARAMETRIC_REPRESENTATION_CONTEXT() REPRESENTATION_CONTEXT('2D SPACE',''
  ) );
#2863 = PCURVE('',#2864,#2869);
#2864 = CYLINDRICAL_SURFACE('',#2865,2.);
#2865 = AXIS2_PLACEMENT_3D('',#2866,#2867,#2868);
#2866 = CARTESIAN_POINT('',(8.,36.,2.6));
#2867 = DIRECTION('',(-0.,-0.,-1.));
#2868 = DIRECTION('',(1.,0.,0.));
#2869 = DEFINITIONAL_REPRESENTATION('',(#2870),#2874);
#2870 = LINE('',#2871,#2872);
#2871 = CARTESIAN_POINT('',(-4.712388980385,0.));
#2872 = VECTOR('',#2873,1.);
#2873 = DIRECTION('',(-0.,-1.));
#2874 = ( GEOMETRIC_REPRESENTATION_CONTEXT(2) 
PARAMETRIC_REPRESENTATION_CONTEXT() REPRESENTATION_CONTEXT('2D SPACE',''
  ) );
#2875 = ADVANCED_FACE('',(#2876),#649,.F.);
#2876 = FACE_BOUND('',#2877,.T.);
#2877 = EDGE_LOOP('',(#2878,#2879,#2902,#2941));
#2878 = ORIENTED_EDGE('',*,*,#632,.T.);
#2879 = ORIENTED_EDGE('',*,*,#2880,.F.);
#2880 = EDGE_CURVE('',#2881,#605,#2883,.T.);
#2881 = VERTEX_POINT('',#2882);
#2882 = CARTESIAN_POINT('',(61.,36.,4.6));
#2883 = SURFACE_CURVE('',#2884,(#2888,#2895),.PCURVE_S1.);
#2884 = LINE('',#2885,#2886);
#2885 = CARTESIAN_POINT('',(61.,36.,2.6));
#2886 = VECTOR('',#2887,1.);
#2887 = DIRECTION('',(0.,0.,1.));
#2888 = PCURVE('',#649,#2889);
#2889 = DEFINITIONAL_REPRESENTATION('',(#2890),#2894);
#2890 = LINE('',#2891,#2892);
#2891 = CARTESIAN_POINT('',(-6.28318530718,0.));
#2892 = VECTOR('',#2893,1.);
#2893 = DIRECTION('',(-0.,-1.));
#2894 = ( GEOMETRIC_REPRESENTATION_CONTEXT(2) 
PARAMETRIC_REPRESENTATION_CONTEXT() REPRESENTATION_CONTEXT('2D SPACE',''
  ) );
#2895 = PCURVE('',#620,#2896);
#2896 = DEFINITIONAL_REPRESENTATION('',(#2897),#2901);
#2897 = LINE('',#2898,#2899);
#2898 = CARTESIAN_POINT('',(2.6,-26.01));
#2899 = VECTOR('',#2900,1.);
#2900 = DIRECTION('',(1.,0.));
#2901 = ( GEOMETRIC_REPRESENTATION_CONTEXT(2) 
PARAMETRIC_REPRESENTATION_CONTEXT() REPRESENTATION_CONTEXT('2D SPACE',''
  ) );
#2902 = ORIENTED_EDGE('',*,*,#2903,.T.);
#2903 = EDGE_CURVE('',#2881,#2800,#2904,.T.);
#2904 = SURFACE_CURVE('',#2905,(#2910,#2923),.PCURVE_S1.);
#2905 = ELLIPSE('',#2906,2.828427124746,2.);
#2906 = AXIS2_PLACEMENT_3D('',#2907,#2908,#2909);
#2907 = CARTESIAN_POINT('',(59.,36.,4.6));
#2908 = DIRECTION('',(-0.,0.707106781187,-0.707106781187));
#2909 = DIRECTION('',(0.,-0.707106781187,-0.707106781187));
#2910 = PCURVE('',#649,#2911);
#2911 = DEFINITIONAL_REPRESENTATION('',(#2912),#2922);
#2912 = B_SPLINE_CURVE_WITH_KNOTS('',8,(#2913,#2914,#2915,#2916,#2917,
    #2918,#2919,#2920,#2921),.UNSPECIFIED.,.F.,.F.,(9,9),(4.712388980385
    ,6.28318530718),.PIECEWISE_BEZIER_KNOTS.);
#2913 = CARTESIAN_POINT('',(-6.28318530718,-2.));
#2914 = CARTESIAN_POINT('',(-6.08683576633,-1.607300918301));
#2915 = CARTESIAN_POINT('',(-5.890486225481,-1.214601743364));
#2916 = CARTESIAN_POINT('',(-5.694136684631,-0.844973477578));
#2917 = CARTESIAN_POINT('',(-5.497787143784,-0.521482498846));
#2918 = CARTESIAN_POINT('',(-5.301437602934,-0.26436390732));
#2919 = CARTESIAN_POINT('',(-5.105088062084,-8.812155197256E-02));
#2920 = CARTESIAN_POINT('',(-4.908738521234,-5.402727445362E-16));
#2921 = CARTESIAN_POINT('',(-4.712388980385,-4.440892098501E-16));
#2922 = ( GEOMETRIC_REPRESENTATION_CONTEXT(2) 
PARAMETRIC_REPRESENTATION_CONTEXT() REPRESENTATION_CONTEXT('2D SPACE',''
  ) );
#2923 = PCURVE('',#2924,#2929);
#2924 = CYLINDRICAL_SURFACE('',#2925,2.);
#2925 = AXIS2_PLACEMENT_3D('',#2926,#2927,#2928);
#2926 = CARTESIAN_POINT('',(59.,10.,4.6));
#2927 = DIRECTION('',(0.,-1.,0.));
#2928 = DIRECTION('',(1.,0.,0.));
#2929 = DEFINITIONAL_REPRESENTATION('',(#2930),#2940);
#2930 = B_SPLINE_CURVE_WITH_KNOTS('',8,(#2931,#2932,#2933,#2934,#2935,
    #2936,#2937,#2938,#2939),.UNSPECIFIED.,.F.,.F.,(9,9),(4.712388980385
    ,6.28318530718),.PIECEWISE_BEZIER_KNOTS.);
#2931 = CARTESIAN_POINT('',(6.28318530718,-26.));
#2932 = CARTESIAN_POINT('',(6.08683576633,-25.6073009183));
#2933 = CARTESIAN_POINT('',(5.890486225482,-25.21460174337));
#2934 = CARTESIAN_POINT('',(5.694136684631,-24.8449734775));
#2935 = CARTESIAN_POINT('',(5.497787143788,-24.52148249888));
#2936 = CARTESIAN_POINT('',(5.301437602933,-24.26436390727));
#2937 = CARTESIAN_POINT('',(5.105088062084,-24.08812155197));
#2938 = CARTESIAN_POINT('',(4.908738521234,-24.));
#2939 = CARTESIAN_POINT('',(4.712388980385,-24.));
#2940 = ( GEOMETRIC_REPRESENTATION_CONTEXT(2) 
PARAMETRIC_REPRESENTATION_CONTEXT() REPRESENTATION_CONTEXT('2D SPACE',''
  ) );
#2941 = ORIENTED_EDGE('',*,*,#2799,.T.);
#2942 = ADVANCED_FACE('',(#2943,#2991,#3082,#3168,#3282,#3396,#3487,
    #3573,#3687,#3773),#620,.F.);
#2943 = FACE_BOUND('',#2944,.F.);
#2944 = EDGE_LOOP('',(#2945,#2946,#2947,#2970));
#2945 = ORIENTED_EDGE('',*,*,#604,.F.);
#2946 = ORIENTED_EDGE('',*,*,#2880,.F.);
#2947 = ORIENTED_EDGE('',*,*,#2948,.T.);
#2948 = EDGE_CURVE('',#2881,#2949,#2951,.T.);
#2949 = VERTEX_POINT('',#2950);
#2950 = CARTESIAN_POINT('',(61.,200.,4.6));
#2951 = SURFACE_CURVE('',#2952,(#2956,#2963),.PCURVE_S1.);
#2952 = LINE('',#2953,#2954);
#2953 = CARTESIAN_POINT('',(61.,10.,4.6));
#2954 = VECTOR('',#2955,1.);
#2955 = DIRECTION('',(0.,1.,0.));
#2956 = PCURVE('',#620,#2957);
#2957 = DEFINITIONAL_REPRESENTATION('',(#2958),#2962);
#2958 = LINE('',#2959,#2960);
#2959 = CARTESIAN_POINT('',(4.6,-1.E-02));
#2960 = VECTOR('',#2961,1.);
#2961 = DIRECTION('',(0.,-1.));
#2962 = ( GEOMETRIC_REPRESENTATION_CONTEXT(2) 
PARAMETRIC_REPRESENTATION_CONTEXT() REPRESENTATION_CONTEXT('2D SPACE',''
  ) );
#2963 = PCURVE('',#2924,#2964);
#2964 = DEFINITIONAL_REPRESENTATION('',(#2965),#2969);
#2965 = LINE('',#2966,#2967);
#2966 = CARTESIAN_POINT('',(6.28318530718,0.));
#2967 = VECTOR('',#2968,1.);
#2968 = DIRECTION('',(0.,-1.));
#2969 = ( GEOMETRIC_REPRESENTATION_CONTEXT(2) 
PARAMETRIC_REPRESENTATION_CONTEXT() REPRESENTATION_CONTEXT('2D SPACE',''
  ) );
#2970 = ORIENTED_EDGE('',*,*,#2971,.T.);
#2971 = EDGE_CURVE('',#2949,#576,#2972,.T.);
#2972 = SURFACE_CURVE('',#2973,(#2977,#2984),.PCURVE_S1.);
#2973 = LINE('',#2974,#2975);
#2974 = CARTESIAN_POINT('',(61.,200.,2.6));
#2975 = VECTOR('',#2976,1.);
#2976 = DIRECTION('',(0.,0.,1.));
#2977 = PCURVE('',#620,#2978);
#2978 = DEFINITIONAL_REPRESENTATION('',(#2979),#2983);
#2979 = LINE('',#2980,#2981);
#2980 = CARTESIAN_POINT('',(2.6,-190.01));
#2981 = VECTOR('',#2982,1.);
#2982 = DIRECTION('',(1.,0.));
#2983 = ( GEOMETRIC_REPRESENTATION_CONTEXT(2) 
PARAMETRIC_REPRESENTATION_CONTEXT() REPRESENTATION_CONTEXT('2D SPACE',''
  ) );
#2984 = PCURVE('',#592,#2985);
#2985 = DEFINITIONAL_REPRESENTATION('',(#2986),#2990);
#2986 = LINE('',#2987,#2988);
#2987 = CARTESIAN_POINT('',(-0.,0.));
#2988 = VECTOR('',#2989,1.);
#2989 = DIRECTION('',(-0.,-1.));
#2990 = ( GEOMETRIC_REPRESENTATION_CONTEXT(2) 
PARAMETRIC_REPRESENTATION_CONTEXT() REPRESENTATION_CONTEXT('2D SPACE',''
  ) );
#2991 = FACE_BOUND('',#2992,.F.);
#2992 = EDGE_LOOP('',(#2993,#3023,#3056));
#2993 = ORIENTED_EDGE('',*,*,#2994,.T.);
#2994 = EDGE_CURVE('',#2995,#2997,#2999,.T.);
#2995 = VERTEX_POINT('',#2996);
#2996 = CARTESIAN_POINT('',(61.,192.5,15.381118318204));
#2997 = VERTEX_POINT('',#2998);
#2998 = CARTESIAN_POINT('',(61.,195.5405591591,12.340559159102));
#2999 = SURFACE_CURVE('',#3000,(#3004,#3011),.PCURVE_S1.);
#3000 = LINE('',#3001,#3002);
#3001 = CARTESIAN_POINT('',(61.,152.2380591591,55.643059159102));
#3002 = VECTOR('',#3003,1.);
#3003 = DIRECTION('',(0.,0.707106781187,-0.707106781187));
#3004 = PCURVE('',#620,#3005);
#3005 = DEFINITIONAL_REPRESENTATION('',(#3006),#3010);
#3006 = LINE('',#3007,#3008);
#3007 = CARTESIAN_POINT('',(55.643059159102,-142.2480591591));
#3008 = VECTOR('',#3009,1.);
#3009 = DIRECTION('',(-0.707106781187,-0.707106781187));
#3010 = ( GEOMETRIC_REPRESENTATION_CONTEXT(2) 
PARAMETRIC_REPRESENTATION_CONTEXT() REPRESENTATION_CONTEXT('2D SPACE',''
  ) );
#3011 = PCURVE('',#3012,#3017);
#3012 = PLANE('',#3013);
#3013 = AXIS2_PLACEMENT_3D('',#3014,#3015,#3016);
#3014 = CARTESIAN_POINT('',(60.,195.5405591591,12.340559159102));
#3015 = DIRECTION('',(0.,-0.707106781187,-0.707106781187));
#3016 = DIRECTION('',(0.,-0.707106781187,0.707106781187));
#3017 = DEFINITIONAL_REPRESENTATION('',(#3018),#3022);
#3018 = LINE('',#3019,#3020);
#3019 = CARTESIAN_POINT('',(61.238982784661,-1.));
#3020 = VECTOR('',#3021,1.);
#3021 = DIRECTION('',(-1.,-0.));
#3022 = ( GEOMETRIC_REPRESENTATION_CONTEXT(2) 
PARAMETRIC_REPRESENTATION_CONTEXT() REPRESENTATION_CONTEXT('2D SPACE',''
  ) );
#3023 = ORIENTED_EDGE('',*,*,#3024,.T.);
#3024 = EDGE_CURVE('',#2997,#3025,#3027,.T.);
#3025 = VERTEX_POINT('',#3026);
#3026 = CARTESIAN_POINT('',(61.,189.45944084089,12.340559159102));
#3027 = SURFACE_CURVE('',#3028,(#3033,#3044),.PCURVE_S1.);
#3028 = CIRCLE('',#3029,4.3);
#3029 = AXIS2_PLACEMENT_3D('',#3030,#3031,#3032);
#3030 = CARTESIAN_POINT('',(61.,192.5,9.3));
#3031 = DIRECTION('',(-1.,-0.,0.));
#3032 = DIRECTION('',(0.,-6.609699867536E-15,-1.));
#3033 = PCURVE('',#620,#3034);
#3034 = DEFINITIONAL_REPRESENTATION('',(#3035),#3043);
#3035 = ( BOUNDED_CURVE() B_SPLINE_CURVE(2,(#3036,#3037,#3038,#3039,
#3040,#3041,#3042),.UNSPECIFIED.,.T.,.F.) B_SPLINE_CURVE_WITH_KNOTS((1,2
    ,2,2,2,1),(-2.094395102393,0.,2.094395102393,4.188790204786,
6.28318530718,8.377580409573),.UNSPECIFIED.) CURVE() 
GEOMETRIC_REPRESENTATION_ITEM() RATIONAL_B_SPLINE_CURVE((1.,0.5,1.,0.5,
1.,0.5,1.)) REPRESENTATION_ITEM('') );
#3036 = CARTESIAN_POINT('',(5.,-182.51));
#3037 = CARTESIAN_POINT('',(5.,-175.0621815274));
#3038 = CARTESIAN_POINT('',(11.45,-178.7860907637));
#3039 = CARTESIAN_POINT('',(17.9,-182.51));
#3040 = CARTESIAN_POINT('',(11.45,-186.2339092362));
#3041 = CARTESIAN_POINT('',(5.,-189.9578184725));
#3042 = CARTESIAN_POINT('',(5.,-182.51));
#3043 = ( GEOMETRIC_REPRESENTATION_CONTEXT(2) 
PARAMETRIC_REPRESENTATION_CONTEXT() REPRESENTATION_CONTEXT('2D SPACE',''
  ) );
#3044 = PCURVE('',#3045,#3050);
#3045 = CYLINDRICAL_SURFACE('',#3046,4.3);
#3046 = AXIS2_PLACEMENT_3D('',#3047,#3048,#3049);
#3047 = CARTESIAN_POINT('',(60.,192.5,9.3));
#3048 = DIRECTION('',(-1.,-0.,-0.));
#3049 = DIRECTION('',(0.,-6.609699867536E-15,-1.));
#3050 = DEFINITIONAL_REPRESENTATION('',(#3051),#3055);
#3051 = LINE('',#3052,#3053);
#3052 = CARTESIAN_POINT('',(-6.28318530718,-1.));
#3053 = VECTOR('',#3054,1.);
#3054 = DIRECTION('',(1.,-0.));
#3055 = ( GEOMETRIC_REPRESENTATION_CONTEXT(2) 
PARAMETRIC_REPRESENTATION_CONTEXT() REPRESENTATION_CONTEXT('2D SPACE',''
  ) );
#3056 = ORIENTED_EDGE('',*,*,#3057,.T.);
#3057 = EDGE_CURVE('',#3025,#2995,#3058,.T.);
#3058 = SURFACE_CURVE('',#3059,(#3063,#3070),.PCURVE_S1.);
#3059 = LINE('',#3060,#3061);
#3060 = CARTESIAN_POINT('',(61.,143.02722042044,-34.09166126134));
#3061 = VECTOR('',#3062,1.);
#3062 = DIRECTION('',(-0.,0.707106781187,0.707106781187));
#3063 = PCURVE('',#620,#3064);
#3064 = DEFINITIONAL_REPRESENTATION('',(#3065),#3069);
#3065 = LINE('',#3066,#3067);
#3066 = CARTESIAN_POINT('',(-34.09166126134,-133.0372204204));
#3067 = VECTOR('',#3068,1.);
#3068 = DIRECTION('',(0.707106781187,-0.707106781187));
#3069 = ( GEOMETRIC_REPRESENTATION_CONTEXT(2) 
PARAMETRIC_REPRESENTATION_CONTEXT() REPRESENTATION_CONTEXT('2D SPACE',''
  ) );
#3070 = PCURVE('',#3071,#3076);
#3071 = PLANE('',#3072);
#3072 = AXIS2_PLACEMENT_3D('',#3073,#3074,#3075);
#3073 = CARTESIAN_POINT('',(60.,192.5,15.381118318204));
#3074 = DIRECTION('',(0.,0.707106781187,-0.707106781187));
#3075 = DIRECTION('',(0.,-0.707106781187,-0.707106781187));
#3076 = DEFINITIONAL_REPRESENTATION('',(#3077),#3081);
#3077 = LINE('',#3078,#3079);
#3078 = CARTESIAN_POINT('',(69.965075849696,-1.));
#3079 = VECTOR('',#3080,1.);
#3080 = DIRECTION('',(-1.,0.));
#3081 = ( GEOMETRIC_REPRESENTATION_CONTEXT(2) 
PARAMETRIC_REPRESENTATION_CONTEXT() REPRESENTATION_CONTEXT('2D SPACE',''
  ) );
#3082 = FACE_BOUND('',#3083,.F.);
#3083 = EDGE_LOOP('',(#3084,#3114,#3142));
#3084 = ORIENTED_EDGE('',*,*,#3085,.T.);
#3085 = EDGE_CURVE('',#3086,#3088,#3090,.T.);
#3086 = VERTEX_POINT('',#3087);
#3087 = CARTESIAN_POINT('',(61.,138.34264068711,18.47867965644));
#3088 = VERTEX_POINT('',#3089);
#3089 = CARTESIAN_POINT('',(61.,151.82132034356,5.));
#3090 = SURFACE_CURVE('',#3091,(#3095,#3102),.PCURVE_S1.);
#3091 = LINE('',#3092,#3093);
#3092 = CARTESIAN_POINT('',(61.,117.61349025767,39.20783008589));
#3093 = VECTOR('',#3094,1.);
#3094 = DIRECTION('',(0.,0.707106781187,-0.707106781187));
#3095 = PCURVE('',#620,#3096);
#3096 = DEFINITIONAL_REPRESENTATION('',(#3097),#3101);
#3097 = LINE('',#3098,#3099);
#3098 = CARTESIAN_POINT('',(39.20783008589,-107.6234902576));
#3099 = VECTOR('',#3100,1.);
#3100 = DIRECTION('',(-0.707106781187,-0.707106781187));
#3101 = ( GEOMETRIC_REPRESENTATION_CONTEXT(2) 
PARAMETRIC_REPRESENTATION_CONTEXT() REPRESENTATION_CONTEXT('2D SPACE',''
  ) );
#3102 = PCURVE('',#3103,#3108);
#3103 = PLANE('',#3104);
#3104 = AXIS2_PLACEMENT_3D('',#3105,#3106,#3107);
#3105 = CARTESIAN_POINT('',(60.,151.82132034356,5.));
#3106 = DIRECTION('',(0.,-0.707106781187,-0.707106781187));
#3107 = DIRECTION('',(0.,-0.707106781187,0.707106781187));
#3108 = DEFINITIONAL_REPRESENTATION('',(#3109),#3113);
#3109 = LINE('',#3110,#3111);
#3110 = CARTESIAN_POINT('',(48.37717724682,-1.));
#3111 = VECTOR('',#3112,1.);
#3112 = DIRECTION('',(-1.,-0.));
#3113 = ( GEOMETRIC_REPRESENTATION_CONTEXT(2) 
PARAMETRIC_REPRESENTATION_CONTEXT() REPRESENTATION_CONTEXT('2D SPACE',''
  ) );
#3114 = ORIENTED_EDGE('',*,*,#3115,.T.);
#3115 = EDGE_CURVE('',#3088,#3116,#3118,.T.);
#3116 = VERTEX_POINT('',#3117);
#3117 = CARTESIAN_POINT('',(61.,124.86396103067,5.));
#3118 = SURFACE_CURVE('',#3119,(#3123,#3130),.PCURVE_S1.);
#3119 = LINE('',#3120,#3121);
#3120 = CARTESIAN_POINT('',(61.,67.426980515339,5.));
#3121 = VECTOR('',#3122,1.);
#3122 = DIRECTION('',(0.,-1.,0.));
#3123 = PCURVE('',#620,#3124);
#3124 = DEFINITIONAL_REPRESENTATION('',(#3125),#3129);
#3125 = LINE('',#3126,#3127);
#3126 = CARTESIAN_POINT('',(5.,-57.43698051533));
#3127 = VECTOR('',#3128,1.);
#3128 = DIRECTION('',(0.,1.));
#3129 = ( GEOMETRIC_REPRESENTATION_CONTEXT(2) 
PARAMETRIC_REPRESENTATION_CONTEXT() REPRESENTATION_CONTEXT('2D SPACE',''
  ) );
#3130 = PCURVE('',#3131,#3136);
#3131 = PLANE('',#3132);
#3132 = AXIS2_PLACEMENT_3D('',#3133,#3134,#3135);
#3133 = CARTESIAN_POINT('',(60.,124.86396103067,5.));
#3134 = DIRECTION('',(0.,0.,1.));
#3135 = DIRECTION('',(0.,1.,0.));
#3136 = DEFINITIONAL_REPRESENTATION('',(#3137),#3141);
#3137 = LINE('',#3138,#3139);
#3138 = CARTESIAN_POINT('',(-57.43698051533,-1.));
#3139 = VECTOR('',#3140,1.);
#3140 = DIRECTION('',(-1.,0.));
#3141 = ( GEOMETRIC_REPRESENTATION_CONTEXT(2) 
PARAMETRIC_REPRESENTATION_CONTEXT() REPRESENTATION_CONTEXT('2D SPACE',''
  ) );
#3142 = ORIENTED_EDGE('',*,*,#3143,.T.);
#3143 = EDGE_CURVE('',#3116,#3086,#3144,.T.);
#3144 = SURFACE_CURVE('',#3145,(#3149,#3156),.PCURVE_S1.);
#3145 = LINE('',#3146,#3147);
#3146 = CARTESIAN_POINT('',(61.,101.63481060122,-18.22915042945));
#3147 = VECTOR('',#3148,1.);
#3148 = DIRECTION('',(-0.,0.707106781187,0.707106781187));
#3149 = PCURVE('',#620,#3150);
#3150 = DEFINITIONAL_REPRESENTATION('',(#3151),#3155);
#3151 = LINE('',#3152,#3153);
#3152 = CARTESIAN_POINT('',(-18.22915042945,-91.64481060122));
#3153 = VECTOR('',#3154,1.);
#3154 = DIRECTION('',(0.707106781187,-0.707106781187));
#3155 = ( GEOMETRIC_REPRESENTATION_CONTEXT(2) 
PARAMETRIC_REPRESENTATION_CONTEXT() REPRESENTATION_CONTEXT('2D SPACE',''
  ) );
#3156 = PCURVE('',#3157,#3162);
#3157 = PLANE('',#3158);
#3158 = AXIS2_PLACEMENT_3D('',#3159,#3160,#3161);
#3159 = CARTESIAN_POINT('',(60.,138.34264068711,18.47867965644));
#3160 = DIRECTION('',(0.,0.707106781187,-0.707106781187));
#3161 = DIRECTION('',(0.,-0.707106781187,-0.707106781187));
#3162 = DEFINITIONAL_REPRESENTATION('',(#3163),#3167);
#3163 = LINE('',#3164,#3165);
#3164 = CARTESIAN_POINT('',(51.912711152753,-1.));
#3165 = VECTOR('',#3166,1.);
#3166 = DIRECTION('',(-1.,0.));
#3167 = ( GEOMETRIC_REPRESENTATION_CONTEXT(2) 
PARAMETRIC_REPRESENTATION_CONTEXT() REPRESENTATION_CONTEXT('2D SPACE',''
  ) );
#3168 = FACE_BOUND('',#3169,.F.);
#3169 = EDGE_LOOP('',(#3170,#3200,#3228,#3256));
#3170 = ORIENTED_EDGE('',*,*,#3171,.T.);
#3171 = EDGE_CURVE('',#3172,#3174,#3176,.T.);
#3172 = VERTEX_POINT('',#3173);
#3173 = CARTESIAN_POINT('',(61.,170.46396103067,20.6));
#3174 = VERTEX_POINT('',#3175);
#3175 = CARTESIAN_POINT('',(61.,155.46396103067,5.6));
#3176 = SURFACE_CURVE('',#3177,(#3181,#3188),.PCURVE_S1.);
#3177 = LINE('',#3178,#3179);
#3178 = CARTESIAN_POINT('',(61.,117.695470773,-32.16849025767));
#3179 = VECTOR('',#3180,1.);
#3180 = DIRECTION('',(0.,-0.707106781187,-0.707106781187));
#3181 = PCURVE('',#620,#3182);
#3182 = DEFINITIONAL_REPRESENTATION('',(#3183),#3187);
#3183 = LINE('',#3184,#3185);
#3184 = CARTESIAN_POINT('',(-32.16849025767,-107.705470773));
#3185 = VECTOR('',#3186,1.);
#3186 = DIRECTION('',(-0.707106781187,0.707106781187));
#3187 = ( GEOMETRIC_REPRESENTATION_CONTEXT(2) 
PARAMETRIC_REPRESENTATION_CONTEXT() REPRESENTATION_CONTEXT('2D SPACE',''
  ) );
#3188 = PCURVE('',#3189,#3194);
#3189 = PLANE('',#3190);
#3190 = AXIS2_PLACEMENT_3D('',#3191,#3192,#3193);
#3191 = CARTESIAN_POINT('',(60.,155.46396103067,5.6));
#3192 = DIRECTION('',(0.,-0.707106781187,0.707106781187));
#3193 = DIRECTION('',(0.,0.707106781187,0.707106781187));
#3194 = DEFINITIONAL_REPRESENTATION('',(#3195),#3199);
#3195 = LINE('',#3196,#3197);
#3196 = CARTESIAN_POINT('',(-53.41271115275,-1.));
#3197 = VECTOR('',#3198,1.);
#3198 = DIRECTION('',(-1.,-0.));
#3199 = ( GEOMETRIC_REPRESENTATION_CONTEXT(2) 
PARAMETRIC_REPRESENTATION_CONTEXT() REPRESENTATION_CONTEXT('2D SPACE',''
  ) );
#3200 = ORIENTED_EDGE('',*,*,#3201,.T.);
#3201 = EDGE_CURVE('',#3174,#3202,#3204,.T.);
#3202 = VERTEX_POINT('',#3203);
#3203 = CARTESIAN_POINT('',(61.,140.46396103067,20.6));
#3204 = SURFACE_CURVE('',#3205,(#3209,#3216),.PCURVE_S1.);
#3205 = LINE('',#3206,#3207);
#3206 = CARTESIAN_POINT('',(61.,112.995470773,48.06849025767));
#3207 = VECTOR('',#3208,1.);
#3208 = DIRECTION('',(0.,-0.707106781187,0.707106781187));
#3209 = PCURVE('',#620,#3210);
#3210 = DEFINITIONAL_REPRESENTATION('',(#3211),#3215);
#3211 = LINE('',#3212,#3213);
#3212 = CARTESIAN_POINT('',(48.06849025767,-103.005470773));
#3213 = VECTOR('',#3214,1.);
#3214 = DIRECTION('',(0.707106781187,0.707106781187));
#3215 = ( GEOMETRIC_REPRESENTATION_CONTEXT(2) 
PARAMETRIC_REPRESENTATION_CONTEXT() REPRESENTATION_CONTEXT('2D SPACE',''
  ) );
#3216 = PCURVE('',#3217,#3222);
#3217 = PLANE('',#3218);
#3218 = AXIS2_PLACEMENT_3D('',#3219,#3220,#3221);
#3219 = CARTESIAN_POINT('',(60.,140.46396103067,20.6));
#3220 = DIRECTION('',(-0.,0.707106781187,0.707106781187));
#3221 = DIRECTION('',(0.,0.707106781187,-0.707106781187));
#3222 = DEFINITIONAL_REPRESENTATION('',(#3223),#3227);
#3223 = LINE('',#3224,#3225);
#3224 = CARTESIAN_POINT('',(-38.84631146031,-1.));
#3225 = VECTOR('',#3226,1.);
#3226 = DIRECTION('',(-1.,-0.));
#3227 = ( GEOMETRIC_REPRESENTATION_CONTEXT(2) 
PARAMETRIC_REPRESENTATION_CONTEXT() REPRESENTATION_CONTEXT('2D SPACE',''
  ) );
#3228 = ORIENTED_EDGE('',*,*,#3229,.T.);
#3229 = EDGE_CURVE('',#3202,#3230,#3232,.T.);
#3230 = VERTEX_POINT('',#3231);
#3231 = CARTESIAN_POINT('',(61.,155.46396103067,35.6));
#3232 = SURFACE_CURVE('',#3233,(#3237,#3244),.PCURVE_S1.);
#3233 = LINE('',#3234,#3235);
#3234 = CARTESIAN_POINT('',(61.,110.195470773,-9.66849025767));
#3235 = VECTOR('',#3236,1.);
#3236 = DIRECTION('',(-0.,0.707106781187,0.707106781187));
#3237 = PCURVE('',#620,#3238);
#3238 = DEFINITIONAL_REPRESENTATION('',(#3239),#3243);
#3239 = LINE('',#3240,#3241);
#3240 = CARTESIAN_POINT('',(-9.66849025767,-100.205470773));
#3241 = VECTOR('',#3242,1.);
#3242 = DIRECTION('',(0.707106781187,-0.707106781187));
#3243 = ( GEOMETRIC_REPRESENTATION_CONTEXT(2) 
PARAMETRIC_REPRESENTATION_CONTEXT() REPRESENTATION_CONTEXT('2D SPACE',''
  ) );
#3244 = PCURVE('',#3245,#3250);
#3245 = PLANE('',#3246);
#3246 = AXIS2_PLACEMENT_3D('',#3247,#3248,#3249);
#3247 = CARTESIAN_POINT('',(60.,155.46396103067,35.6));
#3248 = DIRECTION('',(0.,0.707106781187,-0.707106781187));
#3249 = DIRECTION('',(0.,-0.707106781187,-0.707106781187));
#3250 = DEFINITIONAL_REPRESENTATION('',(#3251),#3255);
#3251 = LINE('',#3252,#3253);
#3252 = CARTESIAN_POINT('',(64.019312870551,-1.));
#3253 = VECTOR('',#3254,1.);
#3254 = DIRECTION('',(-1.,0.));
#3255 = ( GEOMETRIC_REPRESENTATION_CONTEXT(2) 
PARAMETRIC_REPRESENTATION_CONTEXT() REPRESENTATION_CONTEXT('2D SPACE',''
  ) );
#3256 = ORIENTED_EDGE('',*,*,#3257,.T.);
#3257 = EDGE_CURVE('',#3230,#3172,#3258,.T.);
#3258 = SURFACE_CURVE('',#3259,(#3263,#3270),.PCURVE_S1.);
#3259 = LINE('',#3260,#3261);
#3260 = CARTESIAN_POINT('',(61.,135.495470773,55.56849025767));
#3261 = VECTOR('',#3262,1.);
#3262 = DIRECTION('',(0.,0.707106781187,-0.707106781187));
#3263 = PCURVE('',#620,#3264);
#3264 = DEFINITIONAL_REPRESENTATION('',(#3265),#3269);
#3265 = LINE('',#3266,#3267);
#3266 = CARTESIAN_POINT('',(55.56849025767,-125.505470773));
#3267 = VECTOR('',#3268,1.);
#3268 = DIRECTION('',(-0.707106781187,-0.707106781187));
#3269 = ( GEOMETRIC_REPRESENTATION_CONTEXT(2) 
PARAMETRIC_REPRESENTATION_CONTEXT() REPRESENTATION_CONTEXT('2D SPACE',''
  ) );
#3270 = PCURVE('',#3271,#3276);
#3271 = PLANE('',#3272);
#3272 = AXIS2_PLACEMENT_3D('',#3273,#3274,#3275);
#3273 = CARTESIAN_POINT('',(60.,170.46396103067,20.6));
#3274 = DIRECTION('',(0.,-0.707106781187,-0.707106781187));
#3275 = DIRECTION('',(0.,-0.707106781187,0.707106781187));
#3276 = DEFINITIONAL_REPRESENTATION('',(#3277),#3281);
#3277 = LINE('',#3278,#3279);
#3278 = CARTESIAN_POINT('',(49.452913178108,-1.));
#3279 = VECTOR('',#3280,1.);
#3280 = DIRECTION('',(-1.,-0.));
#3281 = ( GEOMETRIC_REPRESENTATION_CONTEXT(2) 
PARAMETRIC_REPRESENTATION_CONTEXT() REPRESENTATION_CONTEXT('2D SPACE',''
  ) );
#3282 = FACE_BOUND('',#3283,.F.);
#3283 = EDGE_LOOP('',(#3284,#3314,#3342,#3370));
#3284 = ORIENTED_EDGE('',*,*,#3285,.T.);
#3285 = EDGE_CURVE('',#3286,#3288,#3290,.T.);
#3286 = VERTEX_POINT('',#3287);
#3287 = CARTESIAN_POINT('',(61.,136.22132034356,20.6));
#3288 = VERTEX_POINT('',#3289);
#3289 = CARTESIAN_POINT('',(61.,121.22132034356,5.6));
#3290 = SURFACE_CURVE('',#3291,(#3295,#3302),.PCURVE_S1.);
#3291 = LINE('',#3292,#3293);
#3292 = CARTESIAN_POINT('',(61.,92.01349025767,-23.60783008589));
#3293 = VECTOR('',#3294,1.);
#3294 = DIRECTION('',(0.,-0.707106781187,-0.707106781187));
#3295 = PCURVE('',#620,#3296);
#3296 = DEFINITIONAL_REPRESENTATION('',(#3297),#3301);
#3297 = LINE('',#3298,#3299);
#3298 = CARTESIAN_POINT('',(-23.60783008589,-82.02349025767));
#3299 = VECTOR('',#3300,1.);
#3300 = DIRECTION('',(-0.707106781187,0.707106781187));
#3301 = ( GEOMETRIC_REPRESENTATION_CONTEXT(2) 
PARAMETRIC_REPRESENTATION_CONTEXT() REPRESENTATION_CONTEXT('2D SPACE',''
  ) );
#3302 = PCURVE('',#3303,#3308);
#3303 = PLANE('',#3304);
#3304 = AXIS2_PLACEMENT_3D('',#3305,#3306,#3307);
#3305 = CARTESIAN_POINT('',(60.,121.22132034356,5.6));
#3306 = DIRECTION('',(0.,-0.707106781187,0.707106781187));
#3307 = DIRECTION('',(0.,0.707106781187,0.707106781187));
#3308 = DEFINITIONAL_REPRESENTATION('',(#3309),#3313);
#3309 = LINE('',#3310,#3311);
#3310 = CARTESIAN_POINT('',(-41.30610943495,-1.));
#3311 = VECTOR('',#3312,1.);
#3312 = DIRECTION('',(-1.,-0.));
#3313 = ( GEOMETRIC_REPRESENTATION_CONTEXT(2) 
PARAMETRIC_REPRESENTATION_CONTEXT() REPRESENTATION_CONTEXT('2D SPACE',''
  ) );
#3314 = ORIENTED_EDGE('',*,*,#3315,.T.);
#3315 = EDGE_CURVE('',#3288,#3316,#3318,.T.);
#3316 = VERTEX_POINT('',#3317);
#3317 = CARTESIAN_POINT('',(61.,106.22132034356,20.6));
#3318 = SURFACE_CURVE('',#3319,(#3323,#3330),.PCURVE_S1.);
#3319 = LINE('',#3320,#3321);
#3320 = CARTESIAN_POINT('',(61.,87.31349025767,39.50783008589));
#3321 = VECTOR('',#3322,1.);
#3322 = DIRECTION('',(0.,-0.707106781187,0.707106781187));
#3323 = PCURVE('',#620,#3324);
#3324 = DEFINITIONAL_REPRESENTATION('',(#3325),#3329);
#3325 = LINE('',#3326,#3327);
#3326 = CARTESIAN_POINT('',(39.50783008589,-77.32349025767));
#3327 = VECTOR('',#3328,1.);
#3328 = DIRECTION('',(0.707106781187,0.707106781187));
#3329 = ( GEOMETRIC_REPRESENTATION_CONTEXT(2) 
PARAMETRIC_REPRESENTATION_CONTEXT() REPRESENTATION_CONTEXT('2D SPACE',''
  ) );
#3330 = PCURVE('',#3331,#3336);
#3331 = PLANE('',#3332);
#3332 = AXIS2_PLACEMENT_3D('',#3333,#3334,#3335);
#3333 = CARTESIAN_POINT('',(60.,106.22132034356,20.6));
#3334 = DIRECTION('',(-0.,0.707106781187,0.707106781187));
#3335 = DIRECTION('',(0.,0.707106781187,-0.707106781187));
#3336 = DEFINITIONAL_REPRESENTATION('',(#3337),#3341);
#3337 = LINE('',#3338,#3339);
#3338 = CARTESIAN_POINT('',(-26.73970974251,-1.));
#3339 = VECTOR('',#3340,1.);
#3340 = DIRECTION('',(-1.,-0.));
#3341 = ( GEOMETRIC_REPRESENTATION_CONTEXT(2) 
PARAMETRIC_REPRESENTATION_CONTEXT() REPRESENTATION_CONTEXT('2D SPACE',''
  ) );
#3342 = ORIENTED_EDGE('',*,*,#3343,.T.);
#3343 = EDGE_CURVE('',#3316,#3344,#3346,.T.);
#3344 = VERTEX_POINT('',#3345);
#3345 = CARTESIAN_POINT('',(61.,121.22132034356,35.6));
#3346 = SURFACE_CURVE('',#3347,(#3351,#3358),.PCURVE_S1.);
#3347 = LINE('',#3348,#3349);
#3348 = CARTESIAN_POINT('',(61.,84.51349025767,-1.10783008589));
#3349 = VECTOR('',#3350,1.);
#3350 = DIRECTION('',(-0.,0.707106781187,0.707106781187));
#3351 = PCURVE('',#620,#3352);
#3352 = DEFINITIONAL_REPRESENTATION('',(#3353),#3357);
#3353 = LINE('',#3354,#3355);
#3354 = CARTESIAN_POINT('',(-1.10783008589,-74.52349025767));
#3355 = VECTOR('',#3356,1.);
#3356 = DIRECTION('',(0.707106781187,-0.707106781187));
#3357 = ( GEOMETRIC_REPRESENTATION_CONTEXT(2) 
PARAMETRIC_REPRESENTATION_CONTEXT() REPRESENTATION_CONTEXT('2D SPACE',''
  ) );
#3358 = PCURVE('',#3359,#3364);
#3359 = PLANE('',#3360);
#3360 = AXIS2_PLACEMENT_3D('',#3361,#3362,#3363);
#3361 = CARTESIAN_POINT('',(60.,121.22132034356,35.6));
#3362 = DIRECTION('',(0.,0.707106781187,-0.707106781187));
#3363 = DIRECTION('',(0.,-0.707106781187,-0.707106781187));
#3364 = DEFINITIONAL_REPRESENTATION('',(#3365),#3369);
#3365 = LINE('',#3366,#3367);
#3366 = CARTESIAN_POINT('',(51.912711152753,-1.));
#3367 = VECTOR('',#3368,1.);
#3368 = DIRECTION('',(-1.,0.));
#3369 = ( GEOMETRIC_REPRESENTATION_CONTEXT(2) 
PARAMETRIC_REPRESENTATION_CONTEXT() REPRESENTATION_CONTEXT('2D SPACE',''
  ) );
#3370 = ORIENTED_EDGE('',*,*,#3371,.T.);
#3371 = EDGE_CURVE('',#3344,#3286,#3372,.T.);
#3372 = SURFACE_CURVE('',#3373,(#3377,#3384),.PCURVE_S1.);
#3373 = LINE('',#3374,#3375);
#3374 = CARTESIAN_POINT('',(61.,109.81349025767,47.00783008589));
#3375 = VECTOR('',#3376,1.);
#3376 = DIRECTION('',(0.,0.707106781187,-0.707106781187));
#3377 = PCURVE('',#620,#3378);
#3378 = DEFINITIONAL_REPRESENTATION('',(#3379),#3383);
#3379 = LINE('',#3380,#3381);
#3380 = CARTESIAN_POINT('',(47.00783008589,-99.82349025767));
#3381 = VECTOR('',#3382,1.);
#3382 = DIRECTION('',(-0.707106781187,-0.707106781187));
#3383 = ( GEOMETRIC_REPRESENTATION_CONTEXT(2) 
PARAMETRIC_REPRESENTATION_CONTEXT() REPRESENTATION_CONTEXT('2D SPACE',''
  ) );
#3384 = PCURVE('',#3385,#3390);
#3385 = PLANE('',#3386);
#3386 = AXIS2_PLACEMENT_3D('',#3387,#3388,#3389);
#3387 = CARTESIAN_POINT('',(60.,136.22132034356,20.6));
#3388 = DIRECTION('',(0.,-0.707106781187,-0.707106781187));
#3389 = DIRECTION('',(0.,-0.707106781187,0.707106781187));
#3390 = DEFINITIONAL_REPRESENTATION('',(#3391),#3395);
#3391 = LINE('',#3392,#3393);
#3392 = CARTESIAN_POINT('',(37.34631146031,-1.));
#3393 = VECTOR('',#3394,1.);
#3394 = DIRECTION('',(-1.,-0.));
#3395 = ( GEOMETRIC_REPRESENTATION_CONTEXT(2) 
PARAMETRIC_REPRESENTATION_CONTEXT() REPRESENTATION_CONTEXT('2D SPACE',''
  ) );
#3396 = FACE_BOUND('',#3397,.F.);
#3397 = EDGE_LOOP('',(#3398,#3428,#3461));
#3398 = ORIENTED_EDGE('',*,*,#3399,.T.);
#3399 = EDGE_CURVE('',#3400,#3402,#3404,.T.);
#3400 = VERTEX_POINT('',#3401);
#3401 = CARTESIAN_POINT('',(61.,192.5,40.381118318204));
#3402 = VERTEX_POINT('',#3403);
#3403 = CARTESIAN_POINT('',(61.,195.5405591591,37.340559159102));
#3404 = SURFACE_CURVE('',#3405,(#3409,#3416),.PCURVE_S1.);
#3405 = LINE('',#3406,#3407);
#3406 = CARTESIAN_POINT('',(61.,158.4880591591,74.393059159102));
#3407 = VECTOR('',#3408,1.);
#3408 = DIRECTION('',(0.,0.707106781187,-0.707106781187));
#3409 = PCURVE('',#620,#3410);
#3410 = DEFINITIONAL_REPRESENTATION('',(#3411),#3415);
#3411 = LINE('',#3412,#3413);
#3412 = CARTESIAN_POINT('',(74.393059159102,-148.4980591591));
#3413 = VECTOR('',#3414,1.);
#3414 = DIRECTION('',(-0.707106781187,-0.707106781187));
#3415 = ( GEOMETRIC_REPRESENTATION_CONTEXT(2) 
PARAMETRIC_REPRESENTATION_CONTEXT() REPRESENTATION_CONTEXT('2D SPACE',''
  ) );
#3416 = PCURVE('',#3417,#3422);
#3417 = PLANE('',#3418);
#3418 = AXIS2_PLACEMENT_3D('',#3419,#3420,#3421);
#3419 = CARTESIAN_POINT('',(60.,195.5405591591,37.340559159102));
#3420 = DIRECTION('',(0.,-0.707106781187,-0.707106781187));
#3421 = DIRECTION('',(0.,-0.707106781187,0.707106781187));
#3422 = DEFINITIONAL_REPRESENTATION('',(#3423),#3427);
#3423 = LINE('',#3424,#3425);
#3424 = CARTESIAN_POINT('',(52.400148019829,-1.));
#3425 = VECTOR('',#3426,1.);
#3426 = DIRECTION('',(-1.,-0.));
#3427 = ( GEOMETRIC_REPRESENTATION_CONTEXT(2) 
PARAMETRIC_REPRESENTATION_CONTEXT() REPRESENTATION_CONTEXT('2D SPACE',''
  ) );
#3428 = ORIENTED_EDGE('',*,*,#3429,.T.);
#3429 = EDGE_CURVE('',#3402,#3430,#3432,.T.);
#3430 = VERTEX_POINT('',#3431);
#3431 = CARTESIAN_POINT('',(61.,189.45944084089,37.340559159102));
#3432 = SURFACE_CURVE('',#3433,(#3438,#3449),.PCURVE_S1.);
#3433 = CIRCLE('',#3434,4.3);
#3434 = AXIS2_PLACEMENT_3D('',#3435,#3436,#3437);
#3435 = CARTESIAN_POINT('',(61.,192.5,34.3));
#3436 = DIRECTION('',(-1.,-0.,0.));
#3437 = DIRECTION('',(0.,-6.609699867536E-15,-1.));
#3438 = PCURVE('',#620,#3439);
#3439 = DEFINITIONAL_REPRESENTATION('',(#3440),#3448);
#3440 = ( BOUNDED_CURVE() B_SPLINE_CURVE(2,(#3441,#3442,#3443,#3444,
#3445,#3446,#3447),.UNSPECIFIED.,.T.,.F.) B_SPLINE_CURVE_WITH_KNOTS((1,2
    ,2,2,2,1),(-2.094395102393,0.,2.094395102393,4.188790204786,
6.28318530718,8.377580409573),.UNSPECIFIED.) CURVE() 
GEOMETRIC_REPRESENTATION_ITEM() RATIONAL_B_SPLINE_CURVE((1.,0.5,1.,0.5,
1.,0.5,1.)) REPRESENTATION_ITEM('') );
#3441 = CARTESIAN_POINT('',(30.,-182.51));
#3442 = CARTESIAN_POINT('',(30.,-175.0621815274));
#3443 = CARTESIAN_POINT('',(36.45,-178.7860907637));
#3444 = CARTESIAN_POINT('',(42.9,-182.51));
#3445 = CARTESIAN_POINT('',(36.45,-186.2339092362));
#3446 = CARTESIAN_POINT('',(30.,-189.9578184725));
#3447 = CARTESIAN_POINT('',(30.,-182.51));
#3448 = ( GEOMETRIC_REPRESENTATION_CONTEXT(2) 
PARAMETRIC_REPRESENTATION_CONTEXT() REPRESENTATION_CONTEXT('2D SPACE',''
  ) );
#3449 = PCURVE('',#3450,#3455);
#3450 = CYLINDRICAL_SURFACE('',#3451,4.3);
#3451 = AXIS2_PLACEMENT_3D('',#3452,#3453,#3454);
#3452 = CARTESIAN_POINT('',(60.,192.5,34.3));
#3453 = DIRECTION('',(-1.,-0.,-0.));
#3454 = DIRECTION('',(0.,-6.609699867536E-15,-1.));
#3455 = DEFINITIONAL_REPRESENTATION('',(#3456),#3460);
#3456 = LINE('',#3457,#3458);
#3457 = CARTESIAN_POINT('',(-6.28318530718,-1.));
#3458 = VECTOR('',#3459,1.);
#3459 = DIRECTION('',(1.,-0.));
#3460 = ( GEOMETRIC_REPRESENTATION_CONTEXT(2) 
PARAMETRIC_REPRESENTATION_CONTEXT() REPRESENTATION_CONTEXT('2D SPACE',''
  ) );
#3461 = ORIENTED_EDGE('',*,*,#3462,.T.);
#3462 = EDGE_CURVE('',#3430,#3400,#3463,.T.);
#3463 = SURFACE_CURVE('',#3464,(#3468,#3475),.PCURVE_S1.);
#3464 = LINE('',#3465,#3466);
#3465 = CARTESIAN_POINT('',(61.,136.77722042044,-15.34166126134));
#3466 = VECTOR('',#3467,1.);
#3467 = DIRECTION('',(-0.,0.707106781187,0.707106781187));
#3468 = PCURVE('',#620,#3469);
#3469 = DEFINITIONAL_REPRESENTATION('',(#3470),#3474);
#3470 = LINE('',#3471,#3472);
#3471 = CARTESIAN_POINT('',(-15.34166126134,-126.7872204204));
#3472 = VECTOR('',#3473,1.);
#3473 = DIRECTION('',(0.707106781187,-0.707106781187));
#3474 = ( GEOMETRIC_REPRESENTATION_CONTEXT(2) 
PARAMETRIC_REPRESENTATION_CONTEXT() REPRESENTATION_CONTEXT('2D SPACE',''
  ) );
#3475 = PCURVE('',#3476,#3481);
#3476 = PLANE('',#3477);
#3477 = AXIS2_PLACEMENT_3D('',#3478,#3479,#3480);
#3478 = CARTESIAN_POINT('',(60.,192.5,40.381118318204));
#3479 = DIRECTION('',(0.,0.707106781187,-0.707106781187));
#3480 = DIRECTION('',(0.,-0.707106781187,-0.707106781187));
#3481 = DEFINITIONAL_REPRESENTATION('',(#3482),#3486);
#3482 = LINE('',#3483,#3484);
#3483 = CARTESIAN_POINT('',(78.803910614528,-1.));
#3484 = VECTOR('',#3485,1.);
#3485 = DIRECTION('',(-1.,0.));
#3486 = ( GEOMETRIC_REPRESENTATION_CONTEXT(2) 
PARAMETRIC_REPRESENTATION_CONTEXT() REPRESENTATION_CONTEXT('2D SPACE',''
  ) );
#3487 = FACE_BOUND('',#3488,.F.);
#3488 = EDGE_LOOP('',(#3489,#3519,#3547));
#3489 = ORIENTED_EDGE('',*,*,#3490,.T.);
#3490 = EDGE_CURVE('',#3491,#3493,#3495,.T.);
#3491 = VERTEX_POINT('',#3492);
#3492 = CARTESIAN_POINT('',(61.,104.1,18.47867965644));
#3493 = VERTEX_POINT('',#3494);
#3494 = CARTESIAN_POINT('',(61.,117.57867965644,5.));
#3495 = SURFACE_CURVE('',#3496,(#3500,#3507),.PCURVE_S1.);
#3496 = LINE('',#3497,#3498);
#3497 = CARTESIAN_POINT('',(61.,91.93150974233,30.64716991411));
#3498 = VECTOR('',#3499,1.);
#3499 = DIRECTION('',(0.,0.707106781187,-0.707106781187));
#3500 = PCURVE('',#620,#3501);
#3501 = DEFINITIONAL_REPRESENTATION('',(#3502),#3506);
#3502 = LINE('',#3503,#3504);
#3503 = CARTESIAN_POINT('',(30.64716991411,-81.94150974233));
#3504 = VECTOR('',#3505,1.);
#3505 = DIRECTION('',(-0.707106781187,-0.707106781187));
#3506 = ( GEOMETRIC_REPRESENTATION_CONTEXT(2) 
PARAMETRIC_REPRESENTATION_CONTEXT() REPRESENTATION_CONTEXT('2D SPACE',''
  ) );
#3507 = PCURVE('',#3508,#3513);
#3508 = PLANE('',#3509);
#3509 = AXIS2_PLACEMENT_3D('',#3510,#3511,#3512);
#3510 = CARTESIAN_POINT('',(60.,117.57867965644,5.));
#3511 = DIRECTION('',(0.,-0.707106781187,-0.707106781187));
#3512 = DIRECTION('',(0.,-0.707106781187,0.707106781187));
#3513 = DEFINITIONAL_REPRESENTATION('',(#3514),#3518);
#3514 = LINE('',#3515,#3516);
#3515 = CARTESIAN_POINT('',(36.270575529022,-1.));
#3516 = VECTOR('',#3517,1.);
#3517 = DIRECTION('',(-1.,-0.));
#3518 = ( GEOMETRIC_REPRESENTATION_CONTEXT(2) 
PARAMETRIC_REPRESENTATION_CONTEXT() REPRESENTATION_CONTEXT('2D SPACE',''
  ) );
#3519 = ORIENTED_EDGE('',*,*,#3520,.T.);
#3520 = EDGE_CURVE('',#3493,#3521,#3523,.T.);
#3521 = VERTEX_POINT('',#3522);
#3522 = CARTESIAN_POINT('',(61.,90.62132034356,5.));
#3523 = SURFACE_CURVE('',#3524,(#3528,#3535),.PCURVE_S1.);
#3524 = LINE('',#3525,#3526);
#3525 = CARTESIAN_POINT('',(61.,50.30566017178,5.));
#3526 = VECTOR('',#3527,1.);
#3527 = DIRECTION('',(0.,-1.,0.));
#3528 = PCURVE('',#620,#3529);
#3529 = DEFINITIONAL_REPRESENTATION('',(#3530),#3534);
#3530 = LINE('',#3531,#3532);
#3531 = CARTESIAN_POINT('',(5.,-40.31566017178));
#3532 = VECTOR('',#3533,1.);
#3533 = DIRECTION('',(0.,1.));
#3534 = ( GEOMETRIC_REPRESENTATION_CONTEXT(2) 
PARAMETRIC_REPRESENTATION_CONTEXT() REPRESENTATION_CONTEXT('2D SPACE',''
  ) );
#3535 = PCURVE('',#3536,#3541);
#3536 = PLANE('',#3537);
#3537 = AXIS2_PLACEMENT_3D('',#3538,#3539,#3540);
#3538 = CARTESIAN_POINT('',(60.,90.62132034356,5.));
#3539 = DIRECTION('',(0.,0.,1.));
#3540 = DIRECTION('',(0.,1.,0.));
#3541 = DEFINITIONAL_REPRESENTATION('',(#3542),#3546);
#3542 = LINE('',#3543,#3544);
#3543 = CARTESIAN_POINT('',(-40.31566017178,-1.));
#3544 = VECTOR('',#3545,1.);
#3545 = DIRECTION('',(-1.,0.));
#3546 = ( GEOMETRIC_REPRESENTATION_CONTEXT(2) 
PARAMETRIC_REPRESENTATION_CONTEXT() REPRESENTATION_CONTEXT('2D SPACE',''
  ) );
#3547 = ORIENTED_EDGE('',*,*,#3548,.T.);
#3548 = EDGE_CURVE('',#3521,#3491,#3549,.T.);
#3549 = SURFACE_CURVE('',#3550,(#3554,#3561),.PCURVE_S1.);
#3550 = LINE('',#3551,#3552);
#3551 = CARTESIAN_POINT('',(61.,75.95283008589,-9.66849025767));
#3552 = VECTOR('',#3553,1.);
#3553 = DIRECTION('',(-0.,0.707106781187,0.707106781187));
#3554 = PCURVE('',#620,#3555);
#3555 = DEFINITIONAL_REPRESENTATION('',(#3556),#3560);
#3556 = LINE('',#3557,#3558);
#3557 = CARTESIAN_POINT('',(-9.66849025767,-65.96283008589));
#3558 = VECTOR('',#3559,1.);
#3559 = DIRECTION('',(0.707106781187,-0.707106781187));
#3560 = ( GEOMETRIC_REPRESENTATION_CONTEXT(2) 
PARAMETRIC_REPRESENTATION_CONTEXT() REPRESENTATION_CONTEXT('2D SPACE',''
  ) );
#3561 = PCURVE('',#3562,#3567);
#3562 = PLANE('',#3563);
#3563 = AXIS2_PLACEMENT_3D('',#3564,#3565,#3566);
#3564 = CARTESIAN_POINT('',(60.,104.1,18.47867965644));
#3565 = DIRECTION('',(0.,0.707106781187,-0.707106781187));
#3566 = DIRECTION('',(0.,-0.707106781187,-0.707106781187));
#3567 = DEFINITIONAL_REPRESENTATION('',(#3568),#3572);
#3568 = LINE('',#3569,#3570);
#3569 = CARTESIAN_POINT('',(39.806109434954,-1.));
#3570 = VECTOR('',#3571,1.);
#3571 = DIRECTION('',(-1.,0.));
#3572 = ( GEOMETRIC_REPRESENTATION_CONTEXT(2) 
PARAMETRIC_REPRESENTATION_CONTEXT() REPRESENTATION_CONTEXT('2D SPACE',''
  ) );
#3573 = FACE_BOUND('',#3574,.F.);
#3574 = EDGE_LOOP('',(#3575,#3605,#3633,#3661));
#3575 = ORIENTED_EDGE('',*,*,#3576,.T.);
#3576 = EDGE_CURVE('',#3577,#3579,#3581,.T.);
#3577 = VERTEX_POINT('',#3578);
#3578 = CARTESIAN_POINT('',(61.,101.97867965644,20.6));
#3579 = VERTEX_POINT('',#3580);
#3580 = CARTESIAN_POINT('',(61.,86.97867965644,5.6));
#3581 = SURFACE_CURVE('',#3582,(#3586,#3593),.PCURVE_S1.);
#3582 = LINE('',#3583,#3584);
#3583 = CARTESIAN_POINT('',(61.,66.33150974233,-15.04716991411));
#3584 = VECTOR('',#3585,1.);
#3585 = DIRECTION('',(0.,-0.707106781187,-0.707106781187));
#3586 = PCURVE('',#620,#3587);
#3587 = DEFINITIONAL_REPRESENTATION('',(#3588),#3592);
#3588 = LINE('',#3589,#3590);
#3589 = CARTESIAN_POINT('',(-15.04716991411,-56.34150974233));
#3590 = VECTOR('',#3591,1.);
#3591 = DIRECTION('',(-0.707106781187,0.707106781187));
#3592 = ( GEOMETRIC_REPRESENTATION_CONTEXT(2) 
PARAMETRIC_REPRESENTATION_CONTEXT() REPRESENTATION_CONTEXT('2D SPACE',''
  ) );
#3593 = PCURVE('',#3594,#3599);
#3594 = PLANE('',#3595);
#3595 = AXIS2_PLACEMENT_3D('',#3596,#3597,#3598);
#3596 = CARTESIAN_POINT('',(60.,86.97867965644,5.6));
#3597 = DIRECTION('',(0.,-0.707106781187,0.707106781187));
#3598 = DIRECTION('',(0.,0.707106781187,0.707106781187));
#3599 = DEFINITIONAL_REPRESENTATION('',(#3600),#3604);
#3600 = LINE('',#3601,#3602);
#3601 = CARTESIAN_POINT('',(-29.19950771715,-1.));
#3602 = VECTOR('',#3603,1.);
#3603 = DIRECTION('',(-1.,-0.));
#3604 = ( GEOMETRIC_REPRESENTATION_CONTEXT(2) 
PARAMETRIC_REPRESENTATION_CONTEXT() REPRESENTATION_CONTEXT('2D SPACE',''
  ) );
#3605 = ORIENTED_EDGE('',*,*,#3606,.T.);
#3606 = EDGE_CURVE('',#3579,#3607,#3609,.T.);
#3607 = VERTEX_POINT('',#3608);
#3608 = CARTESIAN_POINT('',(61.,71.97867965644,20.6));
#3609 = SURFACE_CURVE('',#3610,(#3614,#3621),.PCURVE_S1.);
#3610 = LINE('',#3611,#3612);
#3611 = CARTESIAN_POINT('',(61.,61.63150974233,30.94716991411));
#3612 = VECTOR('',#3613,1.);
#3613 = DIRECTION('',(0.,-0.707106781187,0.707106781187));
#3614 = PCURVE('',#620,#3615);
#3615 = DEFINITIONAL_REPRESENTATION('',(#3616),#3620);
#3616 = LINE('',#3617,#3618);
#3617 = CARTESIAN_POINT('',(30.94716991411,-51.64150974233));
#3618 = VECTOR('',#3619,1.);
#3619 = DIRECTION('',(0.707106781187,0.707106781187));
#3620 = ( GEOMETRIC_REPRESENTATION_CONTEXT(2) 
PARAMETRIC_REPRESENTATION_CONTEXT() REPRESENTATION_CONTEXT('2D SPACE',''
  ) );
#3621 = PCURVE('',#3622,#3627);
#3622 = PLANE('',#3623);
#3623 = AXIS2_PLACEMENT_3D('',#3624,#3625,#3626);
#3624 = CARTESIAN_POINT('',(60.,71.97867965644,20.6));
#3625 = DIRECTION('',(-0.,0.707106781187,0.707106781187));
#3626 = DIRECTION('',(0.,0.707106781187,-0.707106781187));
#3627 = DEFINITIONAL_REPRESENTATION('',(#3628),#3632);
#3628 = LINE('',#3629,#3630);
#3629 = CARTESIAN_POINT('',(-14.63310802471,-1.));
#3630 = VECTOR('',#3631,1.);
#3631 = DIRECTION('',(-1.,-0.));
#3632 = ( GEOMETRIC_REPRESENTATION_CONTEXT(2) 
PARAMETRIC_REPRESENTATION_CONTEXT() REPRESENTATION_CONTEXT('2D SPACE',''
  ) );
#3633 = ORIENTED_EDGE('',*,*,#3634,.T.);
#3634 = EDGE_CURVE('',#3607,#3635,#3637,.T.);
#3635 = VERTEX_POINT('',#3636);
#3636 = CARTESIAN_POINT('',(61.,86.97867965644,35.6));
#3637 = SURFACE_CURVE('',#3638,(#3642,#3649),.PCURVE_S1.);
#3638 = LINE('',#3639,#3640);
#3639 = CARTESIAN_POINT('',(61.,58.83150974233,7.45283008589));
#3640 = VECTOR('',#3641,1.);
#3641 = DIRECTION('',(-0.,0.707106781187,0.707106781187));
#3642 = PCURVE('',#620,#3643);
#3643 = DEFINITIONAL_REPRESENTATION('',(#3644),#3648);
#3644 = LINE('',#3645,#3646);
#3645 = CARTESIAN_POINT('',(7.45283008589,-48.84150974233));
#3646 = VECTOR('',#3647,1.);
#3647 = DIRECTION('',(0.707106781187,-0.707106781187));
#3648 = ( GEOMETRIC_REPRESENTATION_CONTEXT(2) 
PARAMETRIC_REPRESENTATION_CONTEXT() REPRESENTATION_CONTEXT('2D SPACE',''
  ) );
#3649 = PCURVE('',#3650,#3655);
#3650 = PLANE('',#3651);
#3651 = AXIS2_PLACEMENT_3D('',#3652,#3653,#3654);
#3652 = CARTESIAN_POINT('',(60.,86.97867965644,35.6));
#3653 = DIRECTION('',(0.,0.707106781187,-0.707106781187));
#3654 = DIRECTION('',(0.,-0.707106781187,-0.707106781187));
#3655 = DEFINITIONAL_REPRESENTATION('',(#3656),#3660);
#3656 = LINE('',#3657,#3658);
#3657 = CARTESIAN_POINT('',(39.806109434954,-1.));
#3658 = VECTOR('',#3659,1.);
#3659 = DIRECTION('',(-1.,0.));
#3660 = ( GEOMETRIC_REPRESENTATION_CONTEXT(2) 
PARAMETRIC_REPRESENTATION_CONTEXT() REPRESENTATION_CONTEXT('2D SPACE',''
  ) );
#3661 = ORIENTED_EDGE('',*,*,#3662,.T.);
#3662 = EDGE_CURVE('',#3635,#3577,#3663,.T.);
#3663 = SURFACE_CURVE('',#3664,(#3668,#3675),.PCURVE_S1.);
#3664 = LINE('',#3665,#3666);
#3665 = CARTESIAN_POINT('',(61.,84.13150974233,38.44716991411));
#3666 = VECTOR('',#3667,1.);
#3667 = DIRECTION('',(0.,0.707106781187,-0.707106781187));
#3668 = PCURVE('',#620,#3669);
#3669 = DEFINITIONAL_REPRESENTATION('',(#3670),#3674);
#3670 = LINE('',#3671,#3672);
#3671 = CARTESIAN_POINT('',(38.44716991411,-74.14150974233));
#3672 = VECTOR('',#3673,1.);
#3673 = DIRECTION('',(-0.707106781187,-0.707106781187));
#3674 = ( GEOMETRIC_REPRESENTATION_CONTEXT(2) 
PARAMETRIC_REPRESENTATION_CONTEXT() REPRESENTATION_CONTEXT('2D SPACE',''
  ) );
#3675 = PCURVE('',#3676,#3681);
#3676 = PLANE('',#3677);
#3677 = AXIS2_PLACEMENT_3D('',#3678,#3679,#3680);
#3678 = CARTESIAN_POINT('',(60.,101.97867965644,20.6));
#3679 = DIRECTION('',(0.,-0.707106781187,-0.707106781187));
#3680 = DIRECTION('',(0.,-0.707106781187,0.707106781187));
#3681 = DEFINITIONAL_REPRESENTATION('',(#3682),#3686);
#3682 = LINE('',#3683,#3684);
#3683 = CARTESIAN_POINT('',(25.239709742512,-1.));
#3684 = VECTOR('',#3685,1.);
#3685 = DIRECTION('',(-1.,-0.));
#3686 = ( GEOMETRIC_REPRESENTATION_CONTEXT(2) 
PARAMETRIC_REPRESENTATION_CONTEXT() REPRESENTATION_CONTEXT('2D SPACE',''
  ) );
#3687 = FACE_BOUND('',#3688,.F.);
#3688 = EDGE_LOOP('',(#3689,#3719,#3747));
#3689 = ORIENTED_EDGE('',*,*,#3690,.T.);
#3690 = EDGE_CURVE('',#3691,#3693,#3695,.T.);
#3691 = VERTEX_POINT('',#3692);
#3692 = CARTESIAN_POINT('',(61.,69.857359312881,18.47867965644));
#3693 = VERTEX_POINT('',#3694);
#3694 = CARTESIAN_POINT('',(61.,83.336038969321,5.));
#3695 = SURFACE_CURVE('',#3696,(#3700,#3707),.PCURVE_S1.);
#3696 = LINE('',#3697,#3698);
#3697 = CARTESIAN_POINT('',(61.,66.249529226991,22.08650974233));
#3698 = VECTOR('',#3699,1.);
#3699 = DIRECTION('',(0.,0.707106781187,-0.707106781187));
#3700 = PCURVE('',#620,#3701);
#3701 = DEFINITIONAL_REPRESENTATION('',(#3702),#3706);
#3702 = LINE('',#3703,#3704);
#3703 = CARTESIAN_POINT('',(22.08650974233,-56.25952922699));
#3704 = VECTOR('',#3705,1.);
#3705 = DIRECTION('',(-0.707106781187,-0.707106781187));
#3706 = ( GEOMETRIC_REPRESENTATION_CONTEXT(2) 
PARAMETRIC_REPRESENTATION_CONTEXT() REPRESENTATION_CONTEXT('2D SPACE',''
  ) );
#3707 = PCURVE('',#3708,#3713);
#3708 = PLANE('',#3709);
#3709 = AXIS2_PLACEMENT_3D('',#3710,#3711,#3712);
#3710 = CARTESIAN_POINT('',(60.,83.336038969321,5.));
#3711 = DIRECTION('',(0.,-0.707106781187,-0.707106781187));
#3712 = DIRECTION('',(0.,-0.707106781187,0.707106781187));
#3713 = DEFINITIONAL_REPRESENTATION('',(#3714),#3718);
#3714 = LINE('',#3715,#3716);
#3715 = CARTESIAN_POINT('',(24.163973811223,-1.));
#3716 = VECTOR('',#3717,1.);
#3717 = DIRECTION('',(-1.,-0.));
#3718 = ( GEOMETRIC_REPRESENTATION_CONTEXT(2) 
PARAMETRIC_REPRESENTATION_CONTEXT() REPRESENTATION_CONTEXT('2D SPACE',''
  ) );
#3719 = ORIENTED_EDGE('',*,*,#3720,.T.);
#3720 = EDGE_CURVE('',#3693,#3721,#3723,.T.);
#3721 = VERTEX_POINT('',#3722);
#3722 = CARTESIAN_POINT('',(61.,56.37867965644,5.));
#3723 = SURFACE_CURVE('',#3724,(#3728,#3735),.PCURVE_S1.);
#3724 = LINE('',#3725,#3726);
#3725 = CARTESIAN_POINT('',(61.,33.18433982822,5.));
#3726 = VECTOR('',#3727,1.);
#3727 = DIRECTION('',(0.,-1.,0.));
#3728 = PCURVE('',#620,#3729);
#3729 = DEFINITIONAL_REPRESENTATION('',(#3730),#3734);
#3730 = LINE('',#3731,#3732);
#3731 = CARTESIAN_POINT('',(5.,-23.19433982822));
#3732 = VECTOR('',#3733,1.);
#3733 = DIRECTION('',(0.,1.));
#3734 = ( GEOMETRIC_REPRESENTATION_CONTEXT(2) 
PARAMETRIC_REPRESENTATION_CONTEXT() REPRESENTATION_CONTEXT('2D SPACE',''
  ) );
#3735 = PCURVE('',#3736,#3741);
#3736 = PLANE('',#3737);
#3737 = AXIS2_PLACEMENT_3D('',#3738,#3739,#3740);
#3738 = CARTESIAN_POINT('',(60.,56.37867965644,5.));
#3739 = DIRECTION('',(0.,0.,1.));
#3740 = DIRECTION('',(0.,1.,0.));
#3741 = DEFINITIONAL_REPRESENTATION('',(#3742),#3746);
#3742 = LINE('',#3743,#3744);
#3743 = CARTESIAN_POINT('',(-23.19433982822,-1.));
#3744 = VECTOR('',#3745,1.);
#3745 = DIRECTION('',(-1.,0.));
#3746 = ( GEOMETRIC_REPRESENTATION_CONTEXT(2) 
PARAMETRIC_REPRESENTATION_CONTEXT() REPRESENTATION_CONTEXT('2D SPACE',''
  ) );
#3747 = ORIENTED_EDGE('',*,*,#3748,.T.);
#3748 = EDGE_CURVE('',#3721,#3691,#3749,.T.);
#3749 = SURFACE_CURVE('',#3750,(#3754,#3761),.PCURVE_S1.);
#3750 = LINE('',#3751,#3752);
#3751 = CARTESIAN_POINT('',(61.,50.27084957055,-1.10783008589));
#3752 = VECTOR('',#3753,1.);
#3753 = DIRECTION('',(-0.,0.707106781187,0.707106781187));
#3754 = PCURVE('',#620,#3755);
#3755 = DEFINITIONAL_REPRESENTATION('',(#3756),#3760);
#3756 = LINE('',#3757,#3758);
#3757 = CARTESIAN_POINT('',(-1.10783008589,-40.28084957055));
#3758 = VECTOR('',#3759,1.);
#3759 = DIRECTION('',(0.707106781187,-0.707106781187));
#3760 = ( GEOMETRIC_REPRESENTATION_CONTEXT(2) 
PARAMETRIC_REPRESENTATION_CONTEXT() REPRESENTATION_CONTEXT('2D SPACE',''
  ) );
#3761 = PCURVE('',#3762,#3767);
#3762 = PLANE('',#3763);
#3763 = AXIS2_PLACEMENT_3D('',#3764,#3765,#3766);
#3764 = CARTESIAN_POINT('',(60.,69.857359312881,18.47867965644));
#3765 = DIRECTION('',(0.,0.707106781187,-0.707106781187));
#3766 = DIRECTION('',(0.,-0.707106781187,-0.707106781187));
#3767 = DEFINITIONAL_REPRESENTATION('',(#3768),#3772);
#3768 = LINE('',#3769,#3770);
#3769 = CARTESIAN_POINT('',(27.699507717156,-1.));
#3770 = VECTOR('',#3771,1.);
#3771 = DIRECTION('',(-1.,0.));
#3772 = ( GEOMETRIC_REPRESENTATION_CONTEXT(2) 
PARAMETRIC_REPRESENTATION_CONTEXT() REPRESENTATION_CONTEXT('2D SPACE',''
  ) );
#3773 = FACE_BOUND('',#3774,.F.);
#3774 = EDGE_LOOP('',(#3775,#3805,#3833,#3861));
#3775 = ORIENTED_EDGE('',*,*,#3776,.T.);
#3776 = EDGE_CURVE('',#3777,#3779,#3781,.T.);
#3777 = VERTEX_POINT('',#3778);
#3778 = CARTESIAN_POINT('',(61.,67.736038969321,20.6));
#3779 = VERTEX_POINT('',#3780);
#3780 = CARTESIAN_POINT('',(61.,52.736038969321,5.6));
#3781 = SURFACE_CURVE('',#3782,(#3786,#3793),.PCURVE_S1.);
#3782 = LINE('',#3783,#3784);
#3783 = CARTESIAN_POINT('',(61.,40.649529226991,-6.48650974233));
#3784 = VECTOR('',#3785,1.);
#3785 = DIRECTION('',(0.,-0.707106781187,-0.707106781187));
#3786 = PCURVE('',#620,#3787);
#3787 = DEFINITIONAL_REPRESENTATION('',(#3788),#3792);
#3788 = LINE('',#3789,#3790);
#3789 = CARTESIAN_POINT('',(-6.48650974233,-30.65952922699));
#3790 = VECTOR('',#3791,1.);
#3791 = DIRECTION('',(-0.707106781187,0.707106781187));
#3792 = ( GEOMETRIC_REPRESENTATION_CONTEXT(2) 
PARAMETRIC_REPRESENTATION_CONTEXT() REPRESENTATION_CONTEXT('2D SPACE',''
  ) );
#3793 = PCURVE('',#3794,#3799);
#3794 = PLANE('',#3795);
#3795 = AXIS2_PLACEMENT_3D('',#3796,#3797,#3798);
#3796 = CARTESIAN_POINT('',(60.,52.736038969321,5.6));
#3797 = DIRECTION('',(0.,-0.707106781187,0.707106781187));
#3798 = DIRECTION('',(0.,0.707106781187,0.707106781187));
#3799 = DEFINITIONAL_REPRESENTATION('',(#3800),#3804);
#3800 = LINE('',#3801,#3802);
#3801 = CARTESIAN_POINT('',(-17.09290599935,-1.));
#3802 = VECTOR('',#3803,1.);
#3803 = DIRECTION('',(-1.,-0.));
#3804 = ( GEOMETRIC_REPRESENTATION_CONTEXT(2) 
PARAMETRIC_REPRESENTATION_CONTEXT() REPRESENTATION_CONTEXT('2D SPACE',''
  ) );
#3805 = ORIENTED_EDGE('',*,*,#3806,.T.);
#3806 = EDGE_CURVE('',#3779,#3807,#3809,.T.);
#3807 = VERTEX_POINT('',#3808);
#3808 = CARTESIAN_POINT('',(61.,37.736038969321,20.6));
#3809 = SURFACE_CURVE('',#3810,(#3814,#3821),.PCURVE_S1.);
#3810 = LINE('',#3811,#3812);
#3811 = CARTESIAN_POINT('',(61.,35.949529226991,22.38650974233));
#3812 = VECTOR('',#3813,1.);
#3813 = DIRECTION('',(0.,-0.707106781187,0.707106781187));
#3814 = PCURVE('',#620,#3815);
#3815 = DEFINITIONAL_REPRESENTATION('',(#3816),#3820);
#3816 = LINE('',#3817,#3818);
#3817 = CARTESIAN_POINT('',(22.38650974233,-25.95952922699));
#3818 = VECTOR('',#3819,1.);
#3819 = DIRECTION('',(0.707106781187,0.707106781187));
#3820 = ( GEOMETRIC_REPRESENTATION_CONTEXT(2) 
PARAMETRIC_REPRESENTATION_CONTEXT() REPRESENTATION_CONTEXT('2D SPACE',''
  ) );
#3821 = PCURVE('',#3822,#3827);
#3822 = PLANE('',#3823);
#3823 = AXIS2_PLACEMENT_3D('',#3824,#3825,#3826);
#3824 = CARTESIAN_POINT('',(60.,37.736038969321,20.6));
#3825 = DIRECTION('',(-0.,0.707106781187,0.707106781187));
#3826 = DIRECTION('',(0.,0.707106781187,-0.707106781187));
#3827 = DEFINITIONAL_REPRESENTATION('',(#3828),#3832);
#3828 = LINE('',#3829,#3830);
#3829 = CARTESIAN_POINT('',(-2.526506306915,-1.));
#3830 = VECTOR('',#3831,1.);
#3831 = DIRECTION('',(-1.,-0.));
#3832 = ( GEOMETRIC_REPRESENTATION_CONTEXT(2) 
PARAMETRIC_REPRESENTATION_CONTEXT() REPRESENTATION_CONTEXT('2D SPACE',''
  ) );
#3833 = ORIENTED_EDGE('',*,*,#3834,.T.);
#3834 = EDGE_CURVE('',#3807,#3835,#3837,.T.);
#3835 = VERTEX_POINT('',#3836);
#3836 = CARTESIAN_POINT('',(61.,52.736038969321,35.6));
#3837 = SURFACE_CURVE('',#3838,(#3842,#3849),.PCURVE_S1.);
#3838 = LINE('',#3839,#3840);
#3839 = CARTESIAN_POINT('',(61.,33.149529226991,16.01349025767));
#3840 = VECTOR('',#3841,1.);
#3841 = DIRECTION('',(-0.,0.707106781187,0.707106781187));
#3842 = PCURVE('',#620,#3843);
#3843 = DEFINITIONAL_REPRESENTATION('',(#3844),#3848);
#3844 = LINE('',#3845,#3846);
#3845 = CARTESIAN_POINT('',(16.01349025767,-23.15952922699));
#3846 = VECTOR('',#3847,1.);
#3847 = DIRECTION('',(0.707106781187,-0.707106781187));
#3848 = ( GEOMETRIC_REPRESENTATION_CONTEXT(2) 
PARAMETRIC_REPRESENTATION_CONTEXT() REPRESENTATION_CONTEXT('2D SPACE',''
  ) );
#3849 = PCURVE('',#3850,#3855);
#3850 = PLANE('',#3851);
#3851 = AXIS2_PLACEMENT_3D('',#3852,#3853,#3854);
#3852 = CARTESIAN_POINT('',(60.,52.736038969321,35.6));
#3853 = DIRECTION('',(0.,0.707106781187,-0.707106781187));
#3854 = DIRECTION('',(0.,-0.707106781187,-0.707106781187));
#3855 = DEFINITIONAL_REPRESENTATION('',(#3856),#3860);
#3856 = LINE('',#3857,#3858);
#3857 = CARTESIAN_POINT('',(27.699507717156,-1.));
#3858 = VECTOR('',#3859,1.);
#3859 = DIRECTION('',(-1.,0.));
#3860 = ( GEOMETRIC_REPRESENTATION_CONTEXT(2) 
PARAMETRIC_REPRESENTATION_CONTEXT() REPRESENTATION_CONTEXT('2D SPACE',''
  ) );
#3861 = ORIENTED_EDGE('',*,*,#3862,.T.);
#3862 = EDGE_CURVE('',#3835,#3777,#3863,.T.);
#3863 = SURFACE_CURVE('',#3864,(#3868,#3875),.PCURVE_S1.);
#3864 = LINE('',#3865,#3866);
#3865 = CARTESIAN_POINT('',(61.,58.449529226991,29.88650974233));
#3866 = VECTOR('',#3867,1.);
#3867 = DIRECTION('',(0.,0.707106781187,-0.707106781187));
#3868 = PCURVE('',#620,#3869);
#3869 = DEFINITIONAL_REPRESENTATION('',(#3870),#3874);
#3870 = LINE('',#3871,#3872);
#3871 = CARTESIAN_POINT('',(29.88650974233,-48.45952922699));
#3872 = VECTOR('',#3873,1.);
#3873 = DIRECTION('',(-0.707106781187,-0.707106781187));
#3874 = ( GEOMETRIC_REPRESENTATION_CONTEXT(2) 
PARAMETRIC_REPRESENTATION_CONTEXT() REPRESENTATION_CONTEXT('2D SPACE',''
  ) );
#3875 = PCURVE('',#3876,#3881);
#3876 = PLANE('',#3877);
#3877 = AXIS2_PLACEMENT_3D('',#3878,#3879,#3880);
#3878 = CARTESIAN_POINT('',(60.,67.736038969321,20.6));
#3879 = DIRECTION('',(0.,-0.707106781187,-0.707106781187));
#3880 = DIRECTION('',(0.,-0.707106781187,0.707106781187));
#3881 = DEFINITIONAL_REPRESENTATION('',(#3882),#3886);
#3882 = LINE('',#3883,#3884);
#3883 = CARTESIAN_POINT('',(13.133108024713,-1.));
#3884 = VECTOR('',#3885,1.);
#3885 = DIRECTION('',(-1.,-0.));
#3886 = ( GEOMETRIC_REPRESENTATION_CONTEXT(2) 
PARAMETRIC_REPRESENTATION_CONTEXT() REPRESENTATION_CONTEXT('2D SPACE',''
  ) );
#3887 = ADVANCED_FACE('',(#3888),#592,.F.);
#3888 = FACE_BOUND('',#3889,.T.);
#3889 = EDGE_LOOP('',(#3890,#3913,#3947,#3948));
#3890 = ORIENTED_EDGE('',*,*,#3891,.F.);
#3891 = EDGE_CURVE('',#3892,#548,#3894,.T.);
#3892 = VERTEX_POINT('',#3893);
#3893 = CARTESIAN_POINT('',(59.,202.,2.6));
#3894 = SURFACE_CURVE('',#3895,(#3899,#3906),.PCURVE_S1.);
#3895 = LINE('',#3896,#3897);
#3896 = CARTESIAN_POINT('',(59.,202.,2.6));
#3897 = VECTOR('',#3898,1.);
#3898 = DIRECTION('',(0.,0.,1.));
#3899 = PCURVE('',#592,#3900);
#3900 = DEFINITIONAL_REPRESENTATION('',(#3901),#3905);
#3901 = LINE('',#3902,#3903);
#3902 = CARTESIAN_POINT('',(-1.570796326795,0.));
#3903 = VECTOR('',#3904,1.);
#3904 = DIRECTION('',(-0.,-1.));
#3905 = ( GEOMETRIC_REPRESENTATION_CONTEXT(2) 
PARAMETRIC_REPRESENTATION_CONTEXT() REPRESENTATION_CONTEXT('2D SPACE',''
  ) );
#3906 = PCURVE('',#563,#3907);
#3907 = DEFINITIONAL_REPRESENTATION('',(#3908),#3912);
#3908 = LINE('',#3909,#3910);
#3909 = CARTESIAN_POINT('',(2.6,53.01));
#3910 = VECTOR('',#3911,1.);
#3911 = DIRECTION('',(1.,0.));
#3912 = ( GEOMETRIC_REPRESENTATION_CONTEXT(2) 
PARAMETRIC_REPRESENTATION_CONTEXT() REPRESENTATION_CONTEXT('2D SPACE',''
  ) );
#3913 = ORIENTED_EDGE('',*,*,#3914,.T.);
#3914 = EDGE_CURVE('',#3892,#2949,#3915,.T.);
#3915 = SURFACE_CURVE('',#3916,(#3921,#3934),.PCURVE_S1.);
#3916 = ELLIPSE('',#3917,2.828427124746,2.);
#3917 = AXIS2_PLACEMENT_3D('',#3918,#3919,#3920);
#3918 = CARTESIAN_POINT('',(59.,200.,4.6));
#3919 = DIRECTION('',(0.,-0.707106781187,-0.707106781187));
#3920 = DIRECTION('',(-0.,0.707106781187,-0.707106781187));
#3921 = PCURVE('',#592,#3922);
#3922 = DEFINITIONAL_REPRESENTATION('',(#3923),#3933);
#3923 = B_SPLINE_CURVE_WITH_KNOTS('',8,(#3924,#3925,#3926,#3927,#3928,
    #3929,#3930,#3931,#3932),.UNSPECIFIED.,.F.,.F.,(9,9),(0.,
    1.570796326795),.PIECEWISE_BEZIER_KNOTS.);
#3924 = CARTESIAN_POINT('',(-1.570796326795,-4.440892098501E-16));
#3925 = CARTESIAN_POINT('',(-1.374446785946,-4.440892098501E-16));
#3926 = CARTESIAN_POINT('',(-1.178097245096,-8.812155197211E-02));
#3927 = CARTESIAN_POINT('',(-0.981747704246,-0.26436390732));
#3928 = CARTESIAN_POINT('',(-0.785398163398,-0.521482498846));
#3929 = CARTESIAN_POINT('',(-0.589048622546,-0.844973477577));
#3930 = CARTESIAN_POINT('',(-0.392699081699,-1.214601743363));
#3931 = CARTESIAN_POINT('',(-0.196349540849,-1.607300918301));
#3932 = CARTESIAN_POINT('',(0.,-2.));
#3933 = ( GEOMETRIC_REPRESENTATION_CONTEXT(2) 
PARAMETRIC_REPRESENTATION_CONTEXT() REPRESENTATION_CONTEXT('2D SPACE',''
  ) );
#3934 = PCURVE('',#2924,#3935);
#3935 = DEFINITIONAL_REPRESENTATION('',(#3936),#3946);
#3936 = B_SPLINE_CURVE_WITH_KNOTS('',8,(#3937,#3938,#3939,#3940,#3941,
    #3942,#3943,#3944,#3945),.UNSPECIFIED.,.F.,.F.,(9,9),(0.,
    1.570796326795),.PIECEWISE_BEZIER_KNOTS.);
#3937 = CARTESIAN_POINT('',(4.712388980385,-192.));
#3938 = CARTESIAN_POINT('',(4.908738521234,-192.));
#3939 = CARTESIAN_POINT('',(5.105088062084,-191.911878448));
#3940 = CARTESIAN_POINT('',(5.301437602936,-191.7356360919));
#3941 = CARTESIAN_POINT('',(5.497787143781,-191.4785175016));
#3942 = CARTESIAN_POINT('',(5.694136684635,-191.1550265211));
#3943 = CARTESIAN_POINT('',(5.890486225481,-190.7853982567));
#3944 = CARTESIAN_POINT('',(6.08683576633,-190.3926990816));
#3945 = CARTESIAN_POINT('',(6.28318530718,-190.));
#3946 = ( GEOMETRIC_REPRESENTATION_CONTEXT(2) 
PARAMETRIC_REPRESENTATION_CONTEXT() REPRESENTATION_CONTEXT('2D SPACE',''
  ) );
#3947 = ORIENTED_EDGE('',*,*,#2971,.T.);
#3948 = ORIENTED_EDGE('',*,*,#575,.T.);
#3949 = ADVANCED_FACE('',(#3950,#3998),#563,.F.);
#3950 = FACE_BOUND('',#3951,.F.);
#3951 = EDGE_LOOP('',(#3952,#3975,#3976,#3977));
#3952 = ORIENTED_EDGE('',*,*,#3953,.T.);
#3953 = EDGE_CURVE('',#3954,#519,#3956,.T.);
#3954 = VERTEX_POINT('',#3955);
#3955 = CARTESIAN_POINT('',(8.,202.,2.6));
#3956 = SURFACE_CURVE('',#3957,(#3961,#3968),.PCURVE_S1.);
#3957 = LINE('',#3958,#3959);
#3958 = CARTESIAN_POINT('',(8.,202.,2.6));
#3959 = VECTOR('',#3960,1.);
#3960 = DIRECTION('',(0.,0.,1.));
#3961 = PCURVE('',#563,#3962);
#3962 = DEFINITIONAL_REPRESENTATION('',(#3963),#3967);
#3963 = LINE('',#3964,#3965);
#3964 = CARTESIAN_POINT('',(2.6,2.01));
#3965 = VECTOR('',#3966,1.);
#3966 = DIRECTION('',(1.,0.));
#3967 = ( GEOMETRIC_REPRESENTATION_CONTEXT(2) 
PARAMETRIC_REPRESENTATION_CONTEXT() REPRESENTATION_CONTEXT('2D SPACE',''
  ) );
#3968 = PCURVE('',#535,#3969);
#3969 = DEFINITIONAL_REPRESENTATION('',(#3970),#3974);
#3970 = LINE('',#3971,#3972);
#3971 = CARTESIAN_POINT('',(-1.570796326795,0.));
#3972 = VECTOR('',#3973,1.);
#3973 = DIRECTION('',(-0.,-1.));
#3974 = ( GEOMETRIC_REPRESENTATION_CONTEXT(2) 
PARAMETRIC_REPRESENTATION_CONTEXT() REPRESENTATION_CONTEXT('2D SPACE',''
  ) );
#3975 = ORIENTED_EDGE('',*,*,#547,.T.);
#3976 = ORIENTED_EDGE('',*,*,#3891,.F.);
#3977 = ORIENTED_EDGE('',*,*,#3978,.T.);
#3978 = EDGE_CURVE('',#3892,#3954,#3979,.T.);
#3979 = SURFACE_CURVE('',#3980,(#3984,#3991),.PCURVE_S1.);
#3980 = LINE('',#3981,#3982);
#3981 = CARTESIAN_POINT('',(2.995,202.,2.6));
#3982 = VECTOR('',#3983,1.);
#3983 = DIRECTION('',(-1.,0.,0.));
#3984 = PCURVE('',#563,#3985);
#3985 = DEFINITIONAL_REPRESENTATION('',(#3986),#3990);
#3986 = LINE('',#3987,#3988);
#3987 = CARTESIAN_POINT('',(2.6,-2.995));
#3988 = VECTOR('',#3989,1.);
#3989 = DIRECTION('',(0.,-1.));
#3990 = ( GEOMETRIC_REPRESENTATION_CONTEXT(2) 
PARAMETRIC_REPRESENTATION_CONTEXT() REPRESENTATION_CONTEXT('2D SPACE',''
  ) );
#3991 = PCURVE('',#2838,#3992);
#3992 = DEFINITIONAL_REPRESENTATION('',(#3993),#3997);
#3993 = LINE('',#3994,#3995);
#3994 = CARTESIAN_POINT('',(2.995,192.01));
#3995 = VECTOR('',#3996,1.);
#3996 = DIRECTION('',(-1.,0.));
#3997 = ( GEOMETRIC_REPRESENTATION_CONTEXT(2) 
PARAMETRIC_REPRESENTATION_CONTEXT() REPRESENTATION_CONTEXT('2D SPACE',''
  ) );
#3998 = FACE_BOUND('',#3999,.F.);
#3999 = EDGE_LOOP('',(#4000,#4030,#4058,#4086));
#4000 = ORIENTED_EDGE('',*,*,#4001,.F.);
#4001 = EDGE_CURVE('',#4002,#4004,#4006,.T.);
#4002 = VERTEX_POINT('',#4003);
#4003 = CARTESIAN_POINT('',(33.5,202.,7.6));
#4004 = VERTEX_POINT('',#4005);
#4005 = CARTESIAN_POINT('',(18.,202.,23.1));
#4006 = SURFACE_CURVE('',#4007,(#4011,#4018),.PCURVE_S1.);
#4007 = LINE('',#4008,#4009);
#4008 = CARTESIAN_POINT('',(20.7725,202.,20.3275));
#4009 = VECTOR('',#4010,1.);
#4010 = DIRECTION('',(-0.707106781187,0.,0.707106781187));
#4011 = PCURVE('',#563,#4012);
#4012 = DEFINITIONAL_REPRESENTATION('',(#4013),#4017);
#4013 = LINE('',#4014,#4015);
#4014 = CARTESIAN_POINT('',(20.3275,14.7825));
#4015 = VECTOR('',#4016,1.);
#4016 = DIRECTION('',(0.707106781187,-0.707106781187));
#4017 = ( GEOMETRIC_REPRESENTATION_CONTEXT(2) 
PARAMETRIC_REPRESENTATION_CONTEXT() REPRESENTATION_CONTEXT('2D SPACE',''
  ) );
#4018 = PCURVE('',#4019,#4024);
#4019 = PLANE('',#4020);
#4020 = AXIS2_PLACEMENT_3D('',#4021,#4022,#4023);
#4021 = CARTESIAN_POINT('',(18.,201.,23.1));
#4022 = DIRECTION('',(-0.707106781187,-0.,-0.707106781187));
#4023 = DIRECTION('',(0.707106781187,0.,-0.707106781187));
#4024 = DEFINITIONAL_REPRESENTATION('',(#4025),#4029);
#4025 = LINE('',#4026,#4027);
#4026 = CARTESIAN_POINT('',(3.920907101679,-1.));
#4027 = VECTOR('',#4028,1.);
#4028 = DIRECTION('',(-1.,0.));
#4029 = ( GEOMETRIC_REPRESENTATION_CONTEXT(2) 
PARAMETRIC_REPRESENTATION_CONTEXT() REPRESENTATION_CONTEXT('2D SPACE',''
  ) );
#4030 = ORIENTED_EDGE('',*,*,#4031,.F.);
#4031 = EDGE_CURVE('',#4032,#4002,#4034,.T.);
#4032 = VERTEX_POINT('',#4033);
#4033 = CARTESIAN_POINT('',(49.,202.,23.1));
#4034 = SURFACE_CURVE('',#4035,(#4039,#4046),.PCURVE_S1.);
#4035 = LINE('',#4036,#4037);
#4036 = CARTESIAN_POINT('',(24.7225,202.,-1.1775));
#4037 = VECTOR('',#4038,1.);
#4038 = DIRECTION('',(-0.707106781187,0.,-0.707106781187));
#4039 = PCURVE('',#563,#4040);
#4040 = DEFINITIONAL_REPRESENTATION('',(#4041),#4045);
#4041 = LINE('',#4042,#4043);
#4042 = CARTESIAN_POINT('',(-1.1775,18.7325));
#4043 = VECTOR('',#4044,1.);
#4044 = DIRECTION('',(-0.707106781187,-0.707106781187));
#4045 = ( GEOMETRIC_REPRESENTATION_CONTEXT(2) 
PARAMETRIC_REPRESENTATION_CONTEXT() REPRESENTATION_CONTEXT('2D SPACE',''
  ) );
#4046 = PCURVE('',#4047,#4052);
#4047 = PLANE('',#4048);
#4048 = AXIS2_PLACEMENT_3D('',#4049,#4050,#4051);
#4049 = CARTESIAN_POINT('',(33.5,201.,7.6));
#4050 = DIRECTION('',(0.707106781187,0.,-0.707106781187));
#4051 = DIRECTION('',(0.707106781187,0.,0.707106781187));
#4052 = DEFINITIONAL_REPRESENTATION('',(#4053),#4057);
#4053 = LINE('',#4054,#4055);
#4054 = CARTESIAN_POINT('',(-12.41325954373,-1.));
#4055 = VECTOR('',#4056,1.);
#4056 = DIRECTION('',(-1.,-0.));
#4057 = ( GEOMETRIC_REPRESENTATION_CONTEXT(2) 
PARAMETRIC_REPRESENTATION_CONTEXT() REPRESENTATION_CONTEXT('2D SPACE',''
  ) );
#4058 = ORIENTED_EDGE('',*,*,#4059,.F.);
#4059 = EDGE_CURVE('',#4060,#4032,#4062,.T.);
#4060 = VERTEX_POINT('',#4061);
#4061 = CARTESIAN_POINT('',(33.5,202.,38.6));
#4062 = SURFACE_CURVE('',#4063,(#4067,#4074),.PCURVE_S1.);
#4063 = LINE('',#4064,#4065);
#4064 = CARTESIAN_POINT('',(44.0225,202.,28.0775));
#4065 = VECTOR('',#4066,1.);
#4066 = DIRECTION('',(0.707106781187,0.,-0.707106781187));
#4067 = PCURVE('',#563,#4068);
#4068 = DEFINITIONAL_REPRESENTATION('',(#4069),#4073);
#4069 = LINE('',#4070,#4071);
#4070 = CARTESIAN_POINT('',(28.0775,38.0325));
#4071 = VECTOR('',#4072,1.);
#4072 = DIRECTION('',(-0.707106781187,0.707106781187));
#4073 = ( GEOMETRIC_REPRESENTATION_CONTEXT(2) 
PARAMETRIC_REPRESENTATION_CONTEXT() REPRESENTATION_CONTEXT('2D SPACE',''
  ) );
#4074 = PCURVE('',#4075,#4080);
#4075 = PLANE('',#4076);
#4076 = AXIS2_PLACEMENT_3D('',#4077,#4078,#4079);
#4077 = CARTESIAN_POINT('',(49.,201.,23.1));
#4078 = DIRECTION('',(0.707106781187,0.,0.707106781187));
#4079 = DIRECTION('',(-0.707106781187,0.,0.707106781187));
#4080 = DEFINITIONAL_REPRESENTATION('',(#4081),#4085);
#4081 = LINE('',#4082,#4083);
#4082 = CARTESIAN_POINT('',(7.039248006712,-1.));
#4083 = VECTOR('',#4084,1.);
#4084 = DIRECTION('',(-1.,0.));
#4085 = ( GEOMETRIC_REPRESENTATION_CONTEXT(2) 
PARAMETRIC_REPRESENTATION_CONTEXT() REPRESENTATION_CONTEXT('2D SPACE',''
  ) );
#4086 = ORIENTED_EDGE('',*,*,#4087,.F.);
#4087 = EDGE_CURVE('',#4004,#4060,#4088,.T.);
#4088 = SURFACE_CURVE('',#4089,(#4093,#4100),.PCURVE_S1.);
#4089 = LINE('',#4090,#4091);
#4090 = CARTESIAN_POINT('',(16.9725,202.,22.0725));
#4091 = VECTOR('',#4092,1.);
#4092 = DIRECTION('',(0.707106781187,-0.,0.707106781187));
#4093 = PCURVE('',#563,#4094);
#4094 = DEFINITIONAL_REPRESENTATION('',(#4095),#4099);
#4095 = LINE('',#4096,#4097);
#4096 = CARTESIAN_POINT('',(22.0725,10.9825));
#4097 = VECTOR('',#4098,1.);
#4098 = DIRECTION('',(0.707106781187,0.707106781187));
#4099 = ( GEOMETRIC_REPRESENTATION_CONTEXT(2) 
PARAMETRIC_REPRESENTATION_CONTEXT() REPRESENTATION_CONTEXT('2D SPACE',''
  ) );
#4100 = PCURVE('',#4101,#4106);
#4101 = PLANE('',#4102);
#4102 = AXIS2_PLACEMENT_3D('',#4103,#4104,#4105);
#4103 = CARTESIAN_POINT('',(33.5,201.,38.6));
#4104 = DIRECTION('',(-0.707106781187,0.,0.707106781187));
#4105 = DIRECTION('',(-0.707106781187,0.,-0.707106781187));
#4106 = DEFINITIONAL_REPRESENTATION('',(#4107),#4111);
#4107 = LINE('',#4108,#4109);
#4108 = CARTESIAN_POINT('',(23.373414652121,-1.));
#4109 = VECTOR('',#4110,1.);
#4110 = DIRECTION('',(-1.,0.));
#4111 = ( GEOMETRIC_REPRESENTATION_CONTEXT(2) 
PARAMETRIC_REPRESENTATION_CONTEXT() REPRESENTATION_CONTEXT('2D SPACE',''
  ) );
#4112 = ADVANCED_FACE('',(#4113),#535,.F.);
#4113 = FACE_BOUND('',#4114,.T.);
#4114 = EDGE_LOOP('',(#4115,#4156,#4157,#4158));
#4115 = ORIENTED_EDGE('',*,*,#4116,.T.);
#4116 = EDGE_CURVE('',#4117,#3954,#4119,.T.);
#4117 = VERTEX_POINT('',#4118);
#4118 = CARTESIAN_POINT('',(6.,200.,4.6));
#4119 = SURFACE_CURVE('',#4120,(#4125,#4138),.PCURVE_S1.);
#4120 = ELLIPSE('',#4121,2.828427124746,2.);
#4121 = AXIS2_PLACEMENT_3D('',#4122,#4123,#4124);
#4122 = CARTESIAN_POINT('',(8.,200.,4.6));
#4123 = DIRECTION('',(0.,-0.707106781187,-0.707106781187));
#4124 = DIRECTION('',(-0.,0.707106781187,-0.707106781187));
#4125 = PCURVE('',#535,#4126);
#4126 = DEFINITIONAL_REPRESENTATION('',(#4127),#4137);
#4127 = B_SPLINE_CURVE_WITH_KNOTS('',8,(#4128,#4129,#4130,#4131,#4132,
    #4133,#4134,#4135,#4136),.UNSPECIFIED.,.F.,.F.,(9,9),(4.712388980385
    ,6.28318530718),.PIECEWISE_BEZIER_KNOTS.);
#4128 = CARTESIAN_POINT('',(-3.14159265359,-2.));
#4129 = CARTESIAN_POINT('',(-2.94524311274,-1.607300918301));
#4130 = CARTESIAN_POINT('',(-2.748893571889,-1.214601743364));
#4131 = CARTESIAN_POINT('',(-2.552544031041,-0.844973477578));
#4132 = CARTESIAN_POINT('',(-2.356194490188,-0.521482498846));
#4133 = CARTESIAN_POINT('',(-2.159844949343,-0.26436390732));
#4134 = CARTESIAN_POINT('',(-1.963495408492,-8.812155197256E-02));
#4135 = CARTESIAN_POINT('',(-1.767145867644,-5.402727445362E-16));
#4136 = CARTESIAN_POINT('',(-1.570796326795,-4.440892098501E-16));
#4137 = ( GEOMETRIC_REPRESENTATION_CONTEXT(2) 
PARAMETRIC_REPRESENTATION_CONTEXT() REPRESENTATION_CONTEXT('2D SPACE',''
  ) );
#4138 = PCURVE('',#4139,#4144);
#4139 = CYLINDRICAL_SURFACE('',#4140,2.);
#4140 = AXIS2_PLACEMENT_3D('',#4141,#4142,#4143);
#4141 = CARTESIAN_POINT('',(8.,10.,4.6));
#4142 = DIRECTION('',(0.,-1.,0.));
#4143 = DIRECTION('',(1.,0.,0.));
#4144 = DEFINITIONAL_REPRESENTATION('',(#4145),#4155);
#4145 = B_SPLINE_CURVE_WITH_KNOTS('',8,(#4146,#4147,#4148,#4149,#4150,
    #4151,#4152,#4153,#4154),.UNSPECIFIED.,.F.,.F.,(9,9),(4.712388980385
    ,6.28318530718),.PIECEWISE_BEZIER_KNOTS.);
#4146 = CARTESIAN_POINT('',(3.14159265359,-190.));
#4147 = CARTESIAN_POINT('',(3.337942194439,-190.3926990816));
#4148 = CARTESIAN_POINT('',(3.534291735283,-190.7853982563));
#4149 = CARTESIAN_POINT('',(3.730641276145,-191.1550265231));
#4150 = CARTESIAN_POINT('',(3.92699081697,-191.4785174999));
#4151 = CARTESIAN_POINT('',(4.123340357848,-191.7356360933));
#4152 = CARTESIAN_POINT('',(4.319689898682,-191.9118784478));
#4153 = CARTESIAN_POINT('',(4.516039439535,-192.));
#4154 = CARTESIAN_POINT('',(4.712388980385,-192.));
#4155 = ( GEOMETRIC_REPRESENTATION_CONTEXT(2) 
PARAMETRIC_REPRESENTATION_CONTEXT() REPRESENTATION_CONTEXT('2D SPACE',''
  ) );
#4156 = ORIENTED_EDGE('',*,*,#3953,.T.);
#4157 = ORIENTED_EDGE('',*,*,#518,.T.);
#4158 = ORIENTED_EDGE('',*,*,#4159,.F.);
#4159 = EDGE_CURVE('',#4117,#491,#4160,.T.);
#4160 = SURFACE_CURVE('',#4161,(#4165,#4172),.PCURVE_S1.);
#4161 = LINE('',#4162,#4163);
#4162 = CARTESIAN_POINT('',(6.,200.,2.6));
#4163 = VECTOR('',#4164,1.);
#4164 = DIRECTION('',(0.,0.,1.));
#4165 = PCURVE('',#535,#4166);
#4166 = DEFINITIONAL_REPRESENTATION('',(#4167),#4171);
#4167 = LINE('',#4168,#4169);
#4168 = CARTESIAN_POINT('',(-3.14159265359,0.));
#4169 = VECTOR('',#4170,1.);
#4170 = DIRECTION('',(-0.,-1.));
#4171 = ( GEOMETRIC_REPRESENTATION_CONTEXT(2) 
PARAMETRIC_REPRESENTATION_CONTEXT() REPRESENTATION_CONTEXT('2D SPACE',''
  ) );
#4172 = PCURVE('',#506,#4173);
#4173 = DEFINITIONAL_REPRESENTATION('',(#4174),#4178);
#4174 = LINE('',#4175,#4176);
#4175 = CARTESIAN_POINT('',(2.6,-196.8));
#4176 = VECTOR('',#4177,1.);
#4177 = DIRECTION('',(1.,0.));
#4178 = ( GEOMETRIC_REPRESENTATION_CONTEXT(2) 
PARAMETRIC_REPRESENTATION_CONTEXT() REPRESENTATION_CONTEXT('2D SPACE',''
  ) );
#4179 = ADVANCED_FACE('',(#4180,#4274,#4426),#506,.T.);
#4180 = FACE_BOUND('',#4181,.T.);
#4181 = EDGE_LOOP('',(#4182,#4205,#4228,#4251,#4272,#4273));
#4182 = ORIENTED_EDGE('',*,*,#4183,.F.);
#4183 = EDGE_CURVE('',#4184,#463,#4186,.T.);
#4184 = VERTEX_POINT('',#4185);
#4185 = CARTESIAN_POINT('',(6.,174.2,5.7));
#4186 = SURFACE_CURVE('',#4187,(#4191,#4198),.PCURVE_S1.);
#4187 = LINE('',#4188,#4189);
#4188 = CARTESIAN_POINT('',(6.,174.2,2.85));
#4189 = VECTOR('',#4190,1.);
#4190 = DIRECTION('',(0.,0.,1.));
#4191 = PCURVE('',#506,#4192);
#4192 = DEFINITIONAL_REPRESENTATION('',(#4193),#4197);
#4193 = LINE('',#4194,#4195);
#4194 = CARTESIAN_POINT('',(2.85,-171.));
#4195 = VECTOR('',#4196,1.);
#4196 = DIRECTION('',(1.,0.));
#4197 = ( GEOMETRIC_REPRESENTATION_CONTEXT(2) 
PARAMETRIC_REPRESENTATION_CONTEXT() REPRESENTATION_CONTEXT('2D SPACE',''
  ) );
#4198 = PCURVE('',#478,#4199);
#4199 = DEFINITIONAL_REPRESENTATION('',(#4200),#4204);
#4200 = LINE('',#4201,#4202);
#4201 = CARTESIAN_POINT('',(-2.85,7.));
#4202 = VECTOR('',#4203,1.);
#4203 = DIRECTION('',(1.,0.));
#4204 = ( GEOMETRIC_REPRESENTATION_CONTEXT(2) 
PARAMETRIC_REPRESENTATION_CONTEXT() REPRESENTATION_CONTEXT('2D SPACE',''
  ) );
#4205 = ORIENTED_EDGE('',*,*,#4206,.T.);
#4206 = EDGE_CURVE('',#4184,#4207,#4209,.T.);
#4207 = VERTEX_POINT('',#4208);
#4208 = CARTESIAN_POINT('',(6.,36.,5.7));
#4209 = SURFACE_CURVE('',#4210,(#4214,#4221),.PCURVE_S1.);
#4210 = LINE('',#4211,#4212);
#4211 = CARTESIAN_POINT('',(6.,19.5,5.7));
#4212 = VECTOR('',#4213,1.);
#4213 = DIRECTION('',(0.,-1.,0.));
#4214 = PCURVE('',#506,#4215);
#4215 = DEFINITIONAL_REPRESENTATION('',(#4216),#4220);
#4216 = LINE('',#4217,#4218);
#4217 = CARTESIAN_POINT('',(5.7,-16.3));
#4218 = VECTOR('',#4219,1.);
#4219 = DIRECTION('',(0.,1.));
#4220 = ( GEOMETRIC_REPRESENTATION_CONTEXT(2) 
PARAMETRIC_REPRESENTATION_CONTEXT() REPRESENTATION_CONTEXT('2D SPACE',''
  ) );
#4221 = PCURVE('',#1792,#4222);
#4222 = DEFINITIONAL_REPRESENTATION('',(#4223),#4227);
#4223 = LINE('',#4224,#4225);
#4224 = CARTESIAN_POINT('',(7.,-16.3));
#4225 = VECTOR('',#4226,1.);
#4226 = DIRECTION('',(0.,-1.));
#4227 = ( GEOMETRIC_REPRESENTATION_CONTEXT(2) 
PARAMETRIC_REPRESENTATION_CONTEXT() REPRESENTATION_CONTEXT('2D SPACE',''
  ) );
#4228 = ORIENTED_EDGE('',*,*,#4229,.F.);
#4229 = EDGE_CURVE('',#4230,#4207,#4232,.T.);
#4230 = VERTEX_POINT('',#4231);
#4231 = CARTESIAN_POINT('',(6.,36.,4.6));
#4232 = SURFACE_CURVE('',#4233,(#4237,#4244),.PCURVE_S1.);
#4233 = LINE('',#4234,#4235);
#4234 = CARTESIAN_POINT('',(6.,36.,2.6));
#4235 = VECTOR('',#4236,1.);
#4236 = DIRECTION('',(0.,0.,1.));
#4237 = PCURVE('',#506,#4238);
#4238 = DEFINITIONAL_REPRESENTATION('',(#4239),#4243);
#4239 = LINE('',#4240,#4241);
#4240 = CARTESIAN_POINT('',(2.6,-32.8));
#4241 = VECTOR('',#4242,1.);
#4242 = DIRECTION('',(1.,0.));
#4243 = ( GEOMETRIC_REPRESENTATION_CONTEXT(2) 
PARAMETRIC_REPRESENTATION_CONTEXT() REPRESENTATION_CONTEXT('2D SPACE',''
  ) );
#4244 = PCURVE('',#2864,#4245);
#4245 = DEFINITIONAL_REPRESENTATION('',(#4246),#4250);
#4246 = LINE('',#4247,#4248);
#4247 = CARTESIAN_POINT('',(-3.14159265359,0.));
#4248 = VECTOR('',#4249,1.);
#4249 = DIRECTION('',(-0.,-1.));
#4250 = ( GEOMETRIC_REPRESENTATION_CONTEXT(2) 
PARAMETRIC_REPRESENTATION_CONTEXT() REPRESENTATION_CONTEXT('2D SPACE',''
  ) );
#4251 = ORIENTED_EDGE('',*,*,#4252,.T.);
#4252 = EDGE_CURVE('',#4230,#4117,#4253,.T.);
#4253 = SURFACE_CURVE('',#4254,(#4258,#4265),.PCURVE_S1.);
#4254 = LINE('',#4255,#4256);
#4255 = CARTESIAN_POINT('',(6.,10.,4.6));
#4256 = VECTOR('',#4257,1.);
#4257 = DIRECTION('',(0.,1.,0.));
#4258 = PCURVE('',#506,#4259);
#4259 = DEFINITIONAL_REPRESENTATION('',(#4260),#4264);
#4260 = LINE('',#4261,#4262);
#4261 = CARTESIAN_POINT('',(4.6,-6.8));
#4262 = VECTOR('',#4263,1.);
#4263 = DIRECTION('',(0.,-1.));
#4264 = ( GEOMETRIC_REPRESENTATION_CONTEXT(2) 
PARAMETRIC_REPRESENTATION_CONTEXT() REPRESENTATION_CONTEXT('2D SPACE',''
  ) );
#4265 = PCURVE('',#4139,#4266);
#4266 = DEFINITIONAL_REPRESENTATION('',(#4267),#4271);
#4267 = LINE('',#4268,#4269);
#4268 = CARTESIAN_POINT('',(3.14159265359,0.));
#4269 = VECTOR('',#4270,1.);
#4270 = DIRECTION('',(0.,-1.));
#4271 = ( GEOMETRIC_REPRESENTATION_CONTEXT(2) 
PARAMETRIC_REPRESENTATION_CONTEXT() REPRESENTATION_CONTEXT('2D SPACE',''
  ) );
#4272 = ORIENTED_EDGE('',*,*,#4159,.T.);
#4273 = ORIENTED_EDGE('',*,*,#490,.F.);
#4274 = FACE_BOUND('',#4275,.T.);
#4275 = EDGE_LOOP('',(#4276,#4311,#4339,#4372,#4400));
#4276 = ORIENTED_EDGE('',*,*,#4277,.T.);
#4277 = EDGE_CURVE('',#4278,#4280,#4282,.T.);
#4278 = VERTEX_POINT('',#4279);
#4279 = CARTESIAN_POINT('',(6.,196.25771644662,12.057716446628));
#4280 = VERTEX_POINT('',#4281);
#4281 = CARTESIAN_POINT('',(6.,193.5,5.4));
#4282 = SURFACE_CURVE('',#4283,(#4288,#4299),.PCURVE_S1.);
#4283 = CIRCLE('',#4284,3.9);
#4284 = AXIS2_PLACEMENT_3D('',#4285,#4286,#4287);
#4285 = CARTESIAN_POINT('',(6.,193.5,9.3));
#4286 = DIRECTION('',(-1.,-0.,0.));
#4287 = DIRECTION('',(0.,-0.,-1.));
#4288 = PCURVE('',#506,#4289);
#4289 = DEFINITIONAL_REPRESENTATION('',(#4290),#4298);
#4290 = ( BOUNDED_CURVE() B_SPLINE_CURVE(2,(#4291,#4292,#4293,#4294,
#4295,#4296,#4297),.UNSPECIFIED.,.T.,.F.) B_SPLINE_CURVE_WITH_KNOTS((1,2
    ,2,2,2,1),(-2.094395102393,0.,2.094395102393,4.188790204786,
6.28318530718,8.377580409573),.UNSPECIFIED.) CURVE() 
GEOMETRIC_REPRESENTATION_ITEM() RATIONAL_B_SPLINE_CURVE((1.,0.5,1.,0.5,
1.,0.5,1.)) REPRESENTATION_ITEM('') );
#4291 = CARTESIAN_POINT('',(5.4,-190.3));
#4292 = CARTESIAN_POINT('',(5.4,-183.5450018504));
#4293 = CARTESIAN_POINT('',(11.25,-186.9225009252));
#4294 = CARTESIAN_POINT('',(17.1,-190.3));
#4295 = CARTESIAN_POINT('',(11.25,-193.6774990747));
#4296 = CARTESIAN_POINT('',(5.4,-197.0549981495));
#4297 = CARTESIAN_POINT('',(5.4,-190.3));
#4298 = ( GEOMETRIC_REPRESENTATION_CONTEXT(2) 
PARAMETRIC_REPRESENTATION_CONTEXT() REPRESENTATION_CONTEXT('2D SPACE',''
  ) );
#4299 = PCURVE('',#4300,#4305);
#4300 = CYLINDRICAL_SURFACE('',#4301,3.9);
#4301 = AXIS2_PLACEMENT_3D('',#4302,#4303,#4304);
#4302 = CARTESIAN_POINT('',(2.4,193.5,9.3));
#4303 = DIRECTION('',(-1.,-0.,-0.));
#4304 = DIRECTION('',(0.,-0.,-1.));
#4305 = DEFINITIONAL_REPRESENTATION('',(#4306),#4310);
#4306 = LINE('',#4307,#4308);
#4307 = CARTESIAN_POINT('',(-6.28318530718,-3.6));
#4308 = VECTOR('',#4309,1.);
#4309 = DIRECTION('',(1.,-0.));
#4310 = ( GEOMETRIC_REPRESENTATION_CONTEXT(2) 
PARAMETRIC_REPRESENTATION_CONTEXT() REPRESENTATION_CONTEXT('2D SPACE',''
  ) );
#4311 = ORIENTED_EDGE('',*,*,#4312,.T.);
#4312 = EDGE_CURVE('',#4280,#4313,#4315,.T.);
#4313 = VERTEX_POINT('',#4314);
#4314 = CARTESIAN_POINT('',(6.,191.5,5.4));
#4315 = SURFACE_CURVE('',#4316,(#4320,#4327),.PCURVE_S1.);
#4316 = LINE('',#4317,#4318);
#4317 = CARTESIAN_POINT('',(6.,97.35,5.4));
#4318 = VECTOR('',#4319,1.);
#4319 = DIRECTION('',(0.,-1.,0.));
#4320 = PCURVE('',#506,#4321);
#4321 = DEFINITIONAL_REPRESENTATION('',(#4322),#4326);
#4322 = LINE('',#4323,#4324);
#4323 = CARTESIAN_POINT('',(5.4,-94.15));
#4324 = VECTOR('',#4325,1.);
#4325 = DIRECTION('',(0.,1.));
#4326 = ( GEOMETRIC_REPRESENTATION_CONTEXT(2) 
PARAMETRIC_REPRESENTATION_CONTEXT() REPRESENTATION_CONTEXT('2D SPACE',''
  ) );
#4327 = PCURVE('',#4328,#4333);
#4328 = PLANE('',#4329);
#4329 = AXIS2_PLACEMENT_3D('',#4330,#4331,#4332);
#4330 = CARTESIAN_POINT('',(2.4,191.5,5.4));
#4331 = DIRECTION('',(0.,0.,1.));
#4332 = DIRECTION('',(0.,1.,0.));
#4333 = DEFINITIONAL_REPRESENTATION('',(#4334),#4338);
#4334 = LINE('',#4335,#4336);
#4335 = CARTESIAN_POINT('',(-94.15,-3.6));
#4336 = VECTOR('',#4337,1.);
#4337 = DIRECTION('',(-1.,0.));
#4338 = ( GEOMETRIC_REPRESENTATION_CONTEXT(2) 
PARAMETRIC_REPRESENTATION_CONTEXT() REPRESENTATION_CONTEXT('2D SPACE',''
  ) );
#4339 = ORIENTED_EDGE('',*,*,#4340,.T.);
#4340 = EDGE_CURVE('',#4313,#4341,#4343,.T.);
#4341 = VERTEX_POINT('',#4342);
#4342 = CARTESIAN_POINT('',(6.,188.74228355337,12.057716446628));
#4343 = SURFACE_CURVE('',#4344,(#4349,#4360),.PCURVE_S1.);
#4344 = CIRCLE('',#4345,3.9);
#4345 = AXIS2_PLACEMENT_3D('',#4346,#4347,#4348);
#4346 = CARTESIAN_POINT('',(6.,191.5,9.3));
#4347 = DIRECTION('',(-1.,-0.,0.));
#4348 = DIRECTION('',(0.,-0.707106781187,0.707106781187));
#4349 = PCURVE('',#506,#4350);
#4350 = DEFINITIONAL_REPRESENTATION('',(#4351),#4359);
#4351 = ( BOUNDED_CURVE() B_SPLINE_CURVE(2,(#4352,#4353,#4354,#4355,
#4356,#4357,#4358),.UNSPECIFIED.,.T.,.F.) B_SPLINE_CURVE_WITH_KNOTS((1,2
    ,2,2,2,1),(-2.094395102393,0.,2.094395102393,4.188790204786,
6.28318530718,8.377580409573),.UNSPECIFIED.) CURVE() 
GEOMETRIC_REPRESENTATION_ITEM() RATIONAL_B_SPLINE_CURVE((1.,0.5,1.,0.5,
1.,0.5,1.)) REPRESENTATION_ITEM('') );
#4352 = CARTESIAN_POINT('',(12.057716446628,-185.5422835533));
#4353 = CARTESIAN_POINT('',(16.834221445055,-190.3187885518));
#4354 = CARTESIAN_POINT('',(10.3093942759,-192.0671107225));
#4355 = CARTESIAN_POINT('',(3.784567106745,-193.8154328932));
#4356 = CARTESIAN_POINT('',(5.532889277473,-187.2906057241));
#4357 = CARTESIAN_POINT('',(7.2812114482,-180.7657785549));
#4358 = CARTESIAN_POINT('',(12.057716446628,-185.5422835533));
#4359 = ( GEOMETRIC_REPRESENTATION_CONTEXT(2) 
PARAMETRIC_REPRESENTATION_CONTEXT() REPRESENTATION_CONTEXT('2D SPACE',''
  ) );
#4360 = PCURVE('',#4361,#4366);
#4361 = CYLINDRICAL_SURFACE('',#4362,3.9);
#4362 = AXIS2_PLACEMENT_3D('',#4363,#4364,#4365);
#4363 = CARTESIAN_POINT('',(2.4,191.5,9.3));
#4364 = DIRECTION('',(-1.,-0.,-0.));
#4365 = DIRECTION('',(0.,-0.707106781187,0.707106781187));
#4366 = DEFINITIONAL_REPRESENTATION('',(#4367),#4371);
#4367 = LINE('',#4368,#4369);
#4368 = CARTESIAN_POINT('',(-6.28318530718,-3.6));
#4369 = VECTOR('',#4370,1.);
#4370 = DIRECTION('',(1.,-0.));
#4371 = ( GEOMETRIC_REPRESENTATION_CONTEXT(2) 
PARAMETRIC_REPRESENTATION_CONTEXT() REPRESENTATION_CONTEXT('2D SPACE',''
  ) );
#4372 = ORIENTED_EDGE('',*,*,#4373,.T.);
#4373 = EDGE_CURVE('',#4341,#4374,#4376,.T.);
#4374 = VERTEX_POINT('',#4375);
#4375 = CARTESIAN_POINT('',(6.,192.5,15.815432893255));
#4376 = SURFACE_CURVE('',#4377,(#4381,#4388),.PCURVE_S1.);
#4377 = LINE('',#4378,#4379);
#4378 = CARTESIAN_POINT('',(6.,141.22114177668,-35.46342533005));
#4379 = VECTOR('',#4380,1.);
#4380 = DIRECTION('',(-0.,0.707106781187,0.707106781187));
#4381 = PCURVE('',#506,#4382);
#4382 = DEFINITIONAL_REPRESENTATION('',(#4383),#4387);
#4383 = LINE('',#4384,#4385);
#4384 = CARTESIAN_POINT('',(-35.46342533005,-138.0211417766));
#4385 = VECTOR('',#4386,1.);
#4386 = DIRECTION('',(0.707106781187,-0.707106781187));
#4387 = ( GEOMETRIC_REPRESENTATION_CONTEXT(2) 
PARAMETRIC_REPRESENTATION_CONTEXT() REPRESENTATION_CONTEXT('2D SPACE',''
  ) );
#4388 = PCURVE('',#4389,#4394);
#4389 = PLANE('',#4390);
#4390 = AXIS2_PLACEMENT_3D('',#4391,#4392,#4393);
#4391 = CARTESIAN_POINT('',(2.4,192.5,15.815432893255));
#4392 = DIRECTION('',(0.,0.707106781187,-0.707106781187));
#4393 = DIRECTION('',(0.,-0.707106781187,-0.707106781187));
#4394 = DEFINITIONAL_REPRESENTATION('',(#4395),#4399);
#4395 = LINE('',#4396,#4397);
#4396 = CARTESIAN_POINT('',(72.519256762417,-3.6));
#4397 = VECTOR('',#4398,1.);
#4398 = DIRECTION('',(-1.,0.));
#4399 = ( GEOMETRIC_REPRESENTATION_CONTEXT(2) 
PARAMETRIC_REPRESENTATION_CONTEXT() REPRESENTATION_CONTEXT('2D SPACE',''
  ) );
#4400 = ORIENTED_EDGE('',*,*,#4401,.T.);
#4401 = EDGE_CURVE('',#4374,#4278,#4402,.T.);
#4402 = SURFACE_CURVE('',#4403,(#4407,#4414),.PCURVE_S1.);
#4403 = LINE('',#4404,#4405);
#4404 = CARTESIAN_POINT('',(6.,151.00771644662,57.307716446628));
#4405 = VECTOR('',#4406,1.);
#4406 = DIRECTION('',(0.,0.707106781187,-0.707106781187));
#4407 = PCURVE('',#506,#4408);
#4408 = DEFINITIONAL_REPRESENTATION('',(#4409),#4413);
#4409 = LINE('',#4410,#4411);
#4410 = CARTESIAN_POINT('',(57.307716446628,-147.8077164466));
#4411 = VECTOR('',#4412,1.);
#4412 = DIRECTION('',(-0.707106781187,-0.707106781187));
#4413 = ( GEOMETRIC_REPRESENTATION_CONTEXT(2) 
PARAMETRIC_REPRESENTATION_CONTEXT() REPRESENTATION_CONTEXT('2D SPACE',''
  ) );
#4414 = PCURVE('',#4415,#4420);
#4415 = PLANE('',#4416);
#4416 = AXIS2_PLACEMENT_3D('',#4417,#4418,#4419);
#4417 = CARTESIAN_POINT('',(2.4,196.25771644662,12.057716446628));
#4418 = DIRECTION('',(0.,-0.707106781187,-0.707106781187));
#4419 = DIRECTION('',(0.,-0.707106781187,0.707106781187));
#4420 = DEFINITIONAL_REPRESENTATION('',(#4421),#4425);
#4421 = LINE('',#4422,#4423);
#4422 = CARTESIAN_POINT('',(63.993163697383,-3.6));
#4423 = VECTOR('',#4424,1.);
#4424 = DIRECTION('',(-1.,-0.));
#4425 = ( GEOMETRIC_REPRESENTATION_CONTEXT(2) 
PARAMETRIC_REPRESENTATION_CONTEXT() REPRESENTATION_CONTEXT('2D SPACE',''
  ) );
#4426 = FACE_BOUND('',#4427,.T.);
#4427 = EDGE_LOOP('',(#4428,#4463,#4491,#4524,#4552));
#4428 = ORIENTED_EDGE('',*,*,#4429,.T.);
#4429 = EDGE_CURVE('',#4430,#4432,#4434,.T.);
#4430 = VERTEX_POINT('',#4431);
#4431 = CARTESIAN_POINT('',(6.,196.25771644662,37.057716446628));
#4432 = VERTEX_POINT('',#4433);
#4433 = CARTESIAN_POINT('',(6.,193.5,30.4));
#4434 = SURFACE_CURVE('',#4435,(#4440,#4451),.PCURVE_S1.);
#4435 = CIRCLE('',#4436,3.9);
#4436 = AXIS2_PLACEMENT_3D('',#4437,#4438,#4439);
#4437 = CARTESIAN_POINT('',(6.,193.5,34.3));
#4438 = DIRECTION('',(-1.,-0.,0.));
#4439 = DIRECTION('',(0.,-0.,-1.));
#4440 = PCURVE('',#506,#4441);
#4441 = DEFINITIONAL_REPRESENTATION('',(#4442),#4450);
#4442 = ( BOUNDED_CURVE() B_SPLINE_CURVE(2,(#4443,#4444,#4445,#4446,
#4447,#4448,#4449),.UNSPECIFIED.,.T.,.F.) B_SPLINE_CURVE_WITH_KNOTS((1,2
    ,2,2,2,1),(-2.094395102393,0.,2.094395102393,4.188790204786,
6.28318530718,8.377580409573),.UNSPECIFIED.) CURVE() 
GEOMETRIC_REPRESENTATION_ITEM() RATIONAL_B_SPLINE_CURVE((1.,0.5,1.,0.5,
1.,0.5,1.)) REPRESENTATION_ITEM('') );
#4443 = CARTESIAN_POINT('',(30.4,-190.3));
#4444 = CARTESIAN_POINT('',(30.4,-183.5450018504));
#4445 = CARTESIAN_POINT('',(36.25,-186.9225009252));
#4446 = CARTESIAN_POINT('',(42.1,-190.3));
#4447 = CARTESIAN_POINT('',(36.25,-193.6774990747));
#4448 = CARTESIAN_POINT('',(30.4,-197.0549981495));
#4449 = CARTESIAN_POINT('',(30.4,-190.3));
#4450 = ( GEOMETRIC_REPRESENTATION_CONTEXT(2) 
PARAMETRIC_REPRESENTATION_CONTEXT() REPRESENTATION_CONTEXT('2D SPACE',''
  ) );
#4451 = PCURVE('',#4452,#4457);
#4452 = CYLINDRICAL_SURFACE('',#4453,3.9);
#4453 = AXIS2_PLACEMENT_3D('',#4454,#4455,#4456);
#4454 = CARTESIAN_POINT('',(2.4,193.5,34.3));
#4455 = DIRECTION('',(-1.,-0.,-0.));
#4456 = DIRECTION('',(0.,-0.,-1.));
#4457 = DEFINITIONAL_REPRESENTATION('',(#4458),#4462);
#4458 = LINE('',#4459,#4460);
#4459 = CARTESIAN_POINT('',(-6.28318530718,-3.6));
#4460 = VECTOR('',#4461,1.);
#4461 = DIRECTION('',(1.,-0.));
#4462 = ( GEOMETRIC_REPRESENTATION_CONTEXT(2) 
PARAMETRIC_REPRESENTATION_CONTEXT() REPRESENTATION_CONTEXT('2D SPACE',''
  ) );
#4463 = ORIENTED_EDGE('',*,*,#4464,.T.);
#4464 = EDGE_CURVE('',#4432,#4465,#4467,.T.);
#4465 = VERTEX_POINT('',#4466);
#4466 = CARTESIAN_POINT('',(6.,191.5,30.4));
#4467 = SURFACE_CURVE('',#4468,(#4472,#4479),.PCURVE_S1.);
#4468 = LINE('',#4469,#4470);
#4469 = CARTESIAN_POINT('',(6.,97.35,30.4));
#4470 = VECTOR('',#4471,1.);
#4471 = DIRECTION('',(0.,-1.,0.));
#4472 = PCURVE('',#506,#4473);
#4473 = DEFINITIONAL_REPRESENTATION('',(#4474),#4478);
#4474 = LINE('',#4475,#4476);
#4475 = CARTESIAN_POINT('',(30.4,-94.15));
#4476 = VECTOR('',#4477,1.);
#4477 = DIRECTION('',(0.,1.));
#4478 = ( GEOMETRIC_REPRESENTATION_CONTEXT(2) 
PARAMETRIC_REPRESENTATION_CONTEXT() REPRESENTATION_CONTEXT('2D SPACE',''
  ) );
#4479 = PCURVE('',#4480,#4485);
#4480 = PLANE('',#4481);
#4481 = AXIS2_PLACEMENT_3D('',#4482,#4483,#4484);
#4482 = CARTESIAN_POINT('',(2.4,191.5,30.4));
#4483 = DIRECTION('',(0.,0.,1.));
#4484 = DIRECTION('',(0.,1.,0.));
#4485 = DEFINITIONAL_REPRESENTATION('',(#4486),#4490);
#4486 = LINE('',#4487,#4488);
#4487 = CARTESIAN_POINT('',(-94.15,-3.6));
#4488 = VECTOR('',#4489,1.);
#4489 = DIRECTION('',(-1.,0.));
#4490 = ( GEOMETRIC_REPRESENTATION_CONTEXT(2) 
PARAMETRIC_REPRESENTATION_CONTEXT() REPRESENTATION_CONTEXT('2D SPACE',''
  ) );
#4491 = ORIENTED_EDGE('',*,*,#4492,.T.);
#4492 = EDGE_CURVE('',#4465,#4493,#4495,.T.);
#4493 = VERTEX_POINT('',#4494);
#4494 = CARTESIAN_POINT('',(6.,188.74228355337,37.057716446628));
#4495 = SURFACE_CURVE('',#4496,(#4501,#4512),.PCURVE_S1.);
#4496 = CIRCLE('',#4497,3.9);
#4497 = AXIS2_PLACEMENT_3D('',#4498,#4499,#4500);
#4498 = CARTESIAN_POINT('',(6.,191.5,34.3));
#4499 = DIRECTION('',(-1.,-0.,0.));
#4500 = DIRECTION('',(0.,-0.707106781187,0.707106781187));
#4501 = PCURVE('',#506,#4502);
#4502 = DEFINITIONAL_REPRESENTATION('',(#4503),#4511);
#4503 = ( BOUNDED_CURVE() B_SPLINE_CURVE(2,(#4504,#4505,#4506,#4507,
#4508,#4509,#4510),.UNSPECIFIED.,.T.,.F.) B_SPLINE_CURVE_WITH_KNOTS((1,2
    ,2,2,2,1),(-2.094395102393,0.,2.094395102393,4.188790204786,
6.28318530718,8.377580409573),.UNSPECIFIED.) CURVE() 
GEOMETRIC_REPRESENTATION_ITEM() RATIONAL_B_SPLINE_CURVE((1.,0.5,1.,0.5,
1.,0.5,1.)) REPRESENTATION_ITEM('') );
#4504 = CARTESIAN_POINT('',(37.057716446628,-185.5422835533));
#4505 = CARTESIAN_POINT('',(41.834221445055,-190.3187885518));
#4506 = CARTESIAN_POINT('',(35.3093942759,-192.0671107225));
#4507 = CARTESIAN_POINT('',(28.784567106745,-193.8154328932));
#4508 = CARTESIAN_POINT('',(30.532889277473,-187.2906057241));
#4509 = CARTESIAN_POINT('',(32.2812114482,-180.7657785549));
#4510 = CARTESIAN_POINT('',(37.057716446628,-185.5422835533));
#4511 = ( GEOMETRIC_REPRESENTATION_CONTEXT(2) 
PARAMETRIC_REPRESENTATION_CONTEXT() REPRESENTATION_CONTEXT('2D SPACE',''
  ) );
#4512 = PCURVE('',#4513,#4518);
#4513 = CYLINDRICAL_SURFACE('',#4514,3.9);
#4514 = AXIS2_PLACEMENT_3D('',#4515,#4516,#4517);
#4515 = CARTESIAN_POINT('',(2.4,191.5,34.3));
#4516 = DIRECTION('',(-1.,-0.,-0.));
#4517 = DIRECTION('',(0.,-0.707106781187,0.707106781187));
#4518 = DEFINITIONAL_REPRESENTATION('',(#4519),#4523);
#4519 = LINE('',#4520,#4521);
#4520 = CARTESIAN_POINT('',(-6.28318530718,-3.6));
#4521 = VECTOR('',#4522,1.);
#4522 = DIRECTION('',(1.,-0.));
#4523 = ( GEOMETRIC_REPRESENTATION_CONTEXT(2) 
PARAMETRIC_REPRESENTATION_CONTEXT() REPRESENTATION_CONTEXT('2D SPACE',''
  ) );
#4524 = ORIENTED_EDGE('',*,*,#4525,.T.);
#4525 = EDGE_CURVE('',#4493,#4526,#4528,.T.);
#4526 = VERTEX_POINT('',#4527);
#4527 = CARTESIAN_POINT('',(6.,192.5,40.815432893255));
#4528 = SURFACE_CURVE('',#4529,(#4533,#4540),.PCURVE_S1.);
#4529 = LINE('',#4530,#4531);
#4530 = CARTESIAN_POINT('',(6.,134.97114177668,-16.71342533005));
#4531 = VECTOR('',#4532,1.);
#4532 = DIRECTION('',(-0.,0.707106781187,0.707106781187));
#4533 = PCURVE('',#506,#4534);
#4534 = DEFINITIONAL_REPRESENTATION('',(#4535),#4539);
#4535 = LINE('',#4536,#4537);
#4536 = CARTESIAN_POINT('',(-16.71342533005,-131.7711417766));
#4537 = VECTOR('',#4538,1.);
#4538 = DIRECTION('',(0.707106781187,-0.707106781187));
#4539 = ( GEOMETRIC_REPRESENTATION_CONTEXT(2) 
PARAMETRIC_REPRESENTATION_CONTEXT() REPRESENTATION_CONTEXT('2D SPACE',''
  ) );
#4540 = PCURVE('',#4541,#4546);
#4541 = PLANE('',#4542);
#4542 = AXIS2_PLACEMENT_3D('',#4543,#4544,#4545);
#4543 = CARTESIAN_POINT('',(2.4,192.5,40.815432893255));
#4544 = DIRECTION('',(0.,0.707106781187,-0.707106781187));
#4545 = DIRECTION('',(0.,-0.707106781187,-0.707106781187));
#4546 = DEFINITIONAL_REPRESENTATION('',(#4547),#4551);
#4547 = LINE('',#4548,#4549);
#4548 = CARTESIAN_POINT('',(81.358091527249,-3.6));
#4549 = VECTOR('',#4550,1.);
#4550 = DIRECTION('',(-1.,0.));
#4551 = ( GEOMETRIC_REPRESENTATION_CONTEXT(2) 
PARAMETRIC_REPRESENTATION_CONTEXT() REPRESENTATION_CONTEXT('2D SPACE',''
  ) );
#4552 = ORIENTED_EDGE('',*,*,#4553,.T.);
#4553 = EDGE_CURVE('',#4526,#4430,#4554,.T.);
#4554 = SURFACE_CURVE('',#4555,(#4559,#4566),.PCURVE_S1.);
#4555 = LINE('',#4556,#4557);
#4556 = CARTESIAN_POINT('',(6.,157.25771644662,76.057716446628));
#4557 = VECTOR('',#4558,1.);
#4558 = DIRECTION('',(0.,0.707106781187,-0.707106781187));
#4559 = PCURVE('',#506,#4560);
#4560 = DEFINITIONAL_REPRESENTATION('',(#4561),#4565);
#4561 = LINE('',#4562,#4563);
#4562 = CARTESIAN_POINT('',(76.057716446628,-154.0577164466));
#4563 = VECTOR('',#4564,1.);
#4564 = DIRECTION('',(-0.707106781187,-0.707106781187));
#4565 = ( GEOMETRIC_REPRESENTATION_CONTEXT(2) 
PARAMETRIC_REPRESENTATION_CONTEXT() REPRESENTATION_CONTEXT('2D SPACE',''
  ) );
#4566 = PCURVE('',#4567,#4572);
#4567 = PLANE('',#4568);
#4568 = AXIS2_PLACEMENT_3D('',#4569,#4570,#4571);
#4569 = CARTESIAN_POINT('',(2.4,196.25771644662,37.057716446628));
#4570 = DIRECTION('',(0.,-0.707106781187,-0.707106781187));
#4571 = DIRECTION('',(0.,-0.707106781187,0.707106781187));
#4572 = DEFINITIONAL_REPRESENTATION('',(#4573),#4577);
#4573 = LINE('',#4574,#4575);
#4574 = CARTESIAN_POINT('',(55.154328932551,-3.6));
#4575 = VECTOR('',#4576,1.);
#4576 = DIRECTION('',(-1.,-0.));
#4577 = ( GEOMETRIC_REPRESENTATION_CONTEXT(2) 
PARAMETRIC_REPRESENTATION_CONTEXT() REPRESENTATION_CONTEXT('2D SPACE',''
  ) );
#4578 = ADVANCED_FACE('',(#4579),#478,.F.);
#4579 = FACE_BOUND('',#4580,.F.);
#4580 = EDGE_LOOP('',(#4581,#4604,#4632,#4653,#4654,#4655));
#4581 = ORIENTED_EDGE('',*,*,#4582,.F.);
#4582 = EDGE_CURVE('',#4583,#4184,#4585,.T.);
#4583 = VERTEX_POINT('',#4584);
#4584 = CARTESIAN_POINT('',(3.,174.2,5.7));
#4585 = SURFACE_CURVE('',#4586,(#4590,#4597),.PCURVE_S1.);
#4586 = LINE('',#4587,#4588);
#4587 = CARTESIAN_POINT('',(-1.,174.2,5.7));
#4588 = VECTOR('',#4589,1.);
#4589 = DIRECTION('',(1.,0.,0.));
#4590 = PCURVE('',#478,#4591);
#4591 = DEFINITIONAL_REPRESENTATION('',(#4592),#4596);
#4592 = LINE('',#4593,#4594);
#4593 = CARTESIAN_POINT('',(0.,0.));
#4594 = VECTOR('',#4595,1.);
#4595 = DIRECTION('',(0.,1.));
#4596 = ( GEOMETRIC_REPRESENTATION_CONTEXT(2) 
PARAMETRIC_REPRESENTATION_CONTEXT() REPRESENTATION_CONTEXT('2D SPACE',''
  ) );
#4597 = PCURVE('',#1792,#4598);
#4598 = DEFINITIONAL_REPRESENTATION('',(#4599),#4603);
#4599 = LINE('',#4600,#4601);
#4600 = CARTESIAN_POINT('',(0.,138.4));
#4601 = VECTOR('',#4602,1.);
#4602 = DIRECTION('',(1.,0.));
#4603 = ( GEOMETRIC_REPRESENTATION_CONTEXT(2) 
PARAMETRIC_REPRESENTATION_CONTEXT() REPRESENTATION_CONTEXT('2D SPACE',''
  ) );
#4604 = ORIENTED_EDGE('',*,*,#4605,.F.);
#4605 = EDGE_CURVE('',#4606,#4583,#4608,.T.);
#4606 = VERTEX_POINT('',#4607);
#4607 = CARTESIAN_POINT('',(3.,174.2,7.748912529307));
#4608 = SURFACE_CURVE('',#4609,(#4613,#4620),.PCURVE_S1.);
#4609 = LINE('',#4610,#4611);
#4610 = CARTESIAN_POINT('',(3.,174.2,6.360110023068));
#4611 = VECTOR('',#4612,1.);
#4612 = DIRECTION('',(0.,0.,-1.));
#4613 = PCURVE('',#478,#4614);
#4614 = DEFINITIONAL_REPRESENTATION('',(#4615),#4619);
#4615 = LINE('',#4616,#4617);
#4616 = CARTESIAN_POINT('',(0.660110023068,4.));
#4617 = VECTOR('',#4618,1.);
#4618 = DIRECTION('',(-1.,0.));
#4619 = ( GEOMETRIC_REPRESENTATION_CONTEXT(2) 
PARAMETRIC_REPRESENTATION_CONTEXT() REPRESENTATION_CONTEXT('2D SPACE',''
  ) );
#4620 = PCURVE('',#4621,#4626);
#4621 = PLANE('',#4622);
#4622 = AXIS2_PLACEMENT_3D('',#4623,#4624,#4625);
#4623 = CARTESIAN_POINT('',(3.,177.4,7.020220046137));
#4624 = DIRECTION('',(1.,0.,0.));
#4625 = DIRECTION('',(-0.,0.,1.));
#4626 = DEFINITIONAL_REPRESENTATION('',(#4627),#4631);
#4627 = LINE('',#4628,#4629);
#4628 = CARTESIAN_POINT('',(-0.660110023068,3.2));
#4629 = VECTOR('',#4630,1.);
#4630 = DIRECTION('',(-1.,0.));
#4631 = ( GEOMETRIC_REPRESENTATION_CONTEXT(2) 
PARAMETRIC_REPRESENTATION_CONTEXT() REPRESENTATION_CONTEXT('2D SPACE',''
  ) );
#4632 = ORIENTED_EDGE('',*,*,#4633,.T.);
#4633 = EDGE_CURVE('',#4606,#1632,#4634,.T.);
#4634 = SURFACE_CURVE('',#4635,(#4639,#4646),.PCURVE_S1.);
#4635 = LINE('',#4636,#4637);
#4636 = CARTESIAN_POINT('',(-1.,174.2,7.748912529307));
#4637 = VECTOR('',#4638,1.);
#4638 = DIRECTION('',(-1.,-0.,-0.));
#4639 = PCURVE('',#478,#4640);
#4640 = DEFINITIONAL_REPRESENTATION('',(#4641),#4645);
#4641 = LINE('',#4642,#4643);
#4642 = CARTESIAN_POINT('',(2.048912529307,0.));
#4643 = VECTOR('',#4644,1.);
#4644 = DIRECTION('',(0.,-1.));
#4645 = ( GEOMETRIC_REPRESENTATION_CONTEXT(2) 
PARAMETRIC_REPRESENTATION_CONTEXT() REPRESENTATION_CONTEXT('2D SPACE',''
  ) );
#4646 = PCURVE('',#1675,#4647);
#4647 = DEFINITIONAL_REPRESENTATION('',(#4648),#4652);
#4648 = LINE('',#4649,#4650);
#4649 = CARTESIAN_POINT('',(1.915497506593,-0.));
#4650 = VECTOR('',#4651,1.);
#4651 = DIRECTION('',(-0.,1.));
#4652 = ( GEOMETRIC_REPRESENTATION_CONTEXT(2) 
PARAMETRIC_REPRESENTATION_CONTEXT() REPRESENTATION_CONTEXT('2D SPACE',''
  ) );
#4653 = ORIENTED_EDGE('',*,*,#1631,.T.);
#4654 = ORIENTED_EDGE('',*,*,#462,.F.);
#4655 = ORIENTED_EDGE('',*,*,#4183,.F.);
#4656 = ADVANCED_FACE('',(#4657,#4705),#427,.T.);
#4657 = FACE_BOUND('',#4658,.T.);
#4658 = EDGE_LOOP('',(#4659,#4682,#4703,#4704));
#4659 = ORIENTED_EDGE('',*,*,#4660,.F.);
#4660 = EDGE_CURVE('',#4661,#384,#4663,.T.);
#4661 = VERTEX_POINT('',#4662);
#4662 = CARTESIAN_POINT('',(67.,206.,0.3));
#4663 = SURFACE_CURVE('',#4664,(#4668,#4675),.PCURVE_S1.);
#4664 = LINE('',#4665,#4666);
#4665 = CARTESIAN_POINT('',(67.,206.,0.));
#4666 = VECTOR('',#4667,1.);
#4667 = DIRECTION('',(0.,0.,1.));
#4668 = PCURVE('',#427,#4669);
#4669 = DEFINITIONAL_REPRESENTATION('',(#4670),#4674);
#4670 = LINE('',#4671,#4672);
#4671 = CARTESIAN_POINT('',(0.,6.));
#4672 = VECTOR('',#4673,1.);
#4673 = DIRECTION('',(1.,0.));
#4674 = ( GEOMETRIC_REPRESENTATION_CONTEXT(2) 
PARAMETRIC_REPRESENTATION_CONTEXT() REPRESENTATION_CONTEXT('2D SPACE',''
  ) );
#4675 = PCURVE('',#399,#4676);
#4676 = DEFINITIONAL_REPRESENTATION('',(#4677),#4681);
#4677 = LINE('',#4678,#4679);
#4678 = CARTESIAN_POINT('',(0.,-196.01));
#4679 = VECTOR('',#4680,1.);
#4680 = DIRECTION('',(1.,0.));
#4681 = ( GEOMETRIC_REPRESENTATION_CONTEXT(2) 
PARAMETRIC_REPRESENTATION_CONTEXT() REPRESENTATION_CONTEXT('2D SPACE',''
  ) );
#4682 = ORIENTED_EDGE('',*,*,#4683,.F.);
#4683 = EDGE_CURVE('',#1587,#4661,#4684,.T.);
#4684 = SURFACE_CURVE('',#4685,(#4689,#4696),.PCURVE_S1.);
#4685 = LINE('',#4686,#4687);
#4686 = CARTESIAN_POINT('',(1.242786967864E-19,206.,0.3));
#4687 = VECTOR('',#4688,1.);
#4688 = DIRECTION('',(1.,0.,-4.142623226213E-19));
#4689 = PCURVE('',#427,#4690);
#4690 = DEFINITIONAL_REPRESENTATION('',(#4691),#4695);
#4691 = LINE('',#4692,#4693);
#4692 = CARTESIAN_POINT('',(0.3,-61.));
#4693 = VECTOR('',#4694,1.);
#4694 = DIRECTION('',(-4.142623226213E-19,1.));
#4695 = ( GEOMETRIC_REPRESENTATION_CONTEXT(2) 
PARAMETRIC_REPRESENTATION_CONTEXT() REPRESENTATION_CONTEXT('2D SPACE',''
  ) );
#4696 = PCURVE('',#2588,#4697);
#4697 = DEFINITIONAL_REPRESENTATION('',(#4698),#4702);
#4698 = LINE('',#4699,#4700);
#4699 = CARTESIAN_POINT('',(9.860761315263E-32,0.212132034356));
#4700 = VECTOR('',#4701,1.);
#4701 = DIRECTION('',(1.,0.));
#4702 = ( GEOMETRIC_REPRESENTATION_CONTEXT(2) 
PARAMETRIC_REPRESENTATION_CONTEXT() REPRESENTATION_CONTEXT('2D SPACE',''
  ) );
#4703 = ORIENTED_EDGE('',*,*,#1609,.T.);
#4704 = ORIENTED_EDGE('',*,*,#411,.F.);
#4705 = FACE_BOUND('',#4706,.T.);
#4706 = EDGE_LOOP('',(#4707,#4732,#4755,#4778));
#4707 = ORIENTED_EDGE('',*,*,#4708,.F.);
#4708 = EDGE_CURVE('',#4709,#4711,#4713,.T.);
#4709 = VERTEX_POINT('',#4710);
#4710 = CARTESIAN_POINT('',(33.5,206.,7.6));
#4711 = VERTEX_POINT('',#4712);
#4712 = CARTESIAN_POINT('',(18.,206.,23.1));
#4713 = SURFACE_CURVE('',#4714,(#4718,#4725),.PCURVE_S1.);
#4714 = LINE('',#4715,#4716);
#4715 = CARTESIAN_POINT('',(34.525,206.,6.575));
#4716 = VECTOR('',#4717,1.);
#4717 = DIRECTION('',(-0.707106781187,0.,0.707106781187));
#4718 = PCURVE('',#427,#4719);
#4719 = DEFINITIONAL_REPRESENTATION('',(#4720),#4724);
#4720 = LINE('',#4721,#4722);
#4721 = CARTESIAN_POINT('',(6.575,-26.475));
#4722 = VECTOR('',#4723,1.);
#4723 = DIRECTION('',(0.707106781187,-0.707106781187));
#4724 = ( GEOMETRIC_REPRESENTATION_CONTEXT(2) 
PARAMETRIC_REPRESENTATION_CONTEXT() REPRESENTATION_CONTEXT('2D SPACE',''
  ) );
#4725 = PCURVE('',#4019,#4726);
#4726 = DEFINITIONAL_REPRESENTATION('',(#4727),#4731);
#4727 = LINE('',#4728,#4729);
#4728 = CARTESIAN_POINT('',(23.369879118215,-5.));
#4729 = VECTOR('',#4730,1.);
#4730 = DIRECTION('',(-1.,0.));
#4731 = ( GEOMETRIC_REPRESENTATION_CONTEXT(2) 
PARAMETRIC_REPRESENTATION_CONTEXT() REPRESENTATION_CONTEXT('2D SPACE',''
  ) );
#4732 = ORIENTED_EDGE('',*,*,#4733,.F.);
#4733 = EDGE_CURVE('',#4734,#4709,#4736,.T.);
#4734 = VERTEX_POINT('',#4735);
#4735 = CARTESIAN_POINT('',(49.,206.,23.1));
#4736 = SURFACE_CURVE('',#4737,(#4741,#4748),.PCURVE_S1.);
#4737 = LINE('',#4738,#4739);
#4738 = CARTESIAN_POINT('',(38.475,206.,12.575));
#4739 = VECTOR('',#4740,1.);
#4740 = DIRECTION('',(-0.707106781187,0.,-0.707106781187));
#4741 = PCURVE('',#427,#4742);
#4742 = DEFINITIONAL_REPRESENTATION('',(#4743),#4747);
#4743 = LINE('',#4744,#4745);
#4744 = CARTESIAN_POINT('',(12.575,-22.525));
#4745 = VECTOR('',#4746,1.);
#4746 = DIRECTION('',(-0.707106781187,-0.707106781187));
#4747 = ( GEOMETRIC_REPRESENTATION_CONTEXT(2) 
PARAMETRIC_REPRESENTATION_CONTEXT() REPRESENTATION_CONTEXT('2D SPACE',''
  ) );
#4748 = PCURVE('',#4047,#4749);
#4749 = DEFINITIONAL_REPRESENTATION('',(#4750),#4754);
#4750 = LINE('',#4751,#4752);
#4751 = CARTESIAN_POINT('',(7.035712472806,-5.));
#4752 = VECTOR('',#4753,1.);
#4753 = DIRECTION('',(-1.,-0.));
#4754 = ( GEOMETRIC_REPRESENTATION_CONTEXT(2) 
PARAMETRIC_REPRESENTATION_CONTEXT() REPRESENTATION_CONTEXT('2D SPACE',''
  ) );
#4755 = ORIENTED_EDGE('',*,*,#4756,.F.);
#4756 = EDGE_CURVE('',#4757,#4734,#4759,.T.);
#4757 = VERTEX_POINT('',#4758);
#4758 = CARTESIAN_POINT('',(33.5,206.,38.6));
#4759 = SURFACE_CURVE('',#4760,(#4764,#4771),.PCURVE_S1.);
#4760 = LINE('',#4761,#4762);
#4761 = CARTESIAN_POINT('',(57.775,206.,14.325));
#4762 = VECTOR('',#4763,1.);
#4763 = DIRECTION('',(0.707106781187,0.,-0.707106781187));
#4764 = PCURVE('',#427,#4765);
#4765 = DEFINITIONAL_REPRESENTATION('',(#4766),#4770);
#4766 = LINE('',#4767,#4768);
#4767 = CARTESIAN_POINT('',(14.325,-3.225));
#4768 = VECTOR('',#4769,1.);
#4769 = DIRECTION('',(-0.707106781187,0.707106781187));
#4770 = ( GEOMETRIC_REPRESENTATION_CONTEXT(2) 
PARAMETRIC_REPRESENTATION_CONTEXT() REPRESENTATION_CONTEXT('2D SPACE',''
  ) );
#4771 = PCURVE('',#4075,#4772);
#4772 = DEFINITIONAL_REPRESENTATION('',(#4773),#4777);
#4773 = LINE('',#4774,#4775);
#4774 = CARTESIAN_POINT('',(-12.40972400982,-5.));
#4775 = VECTOR('',#4776,1.);
#4776 = DIRECTION('',(-1.,0.));
#4777 = ( GEOMETRIC_REPRESENTATION_CONTEXT(2) 
PARAMETRIC_REPRESENTATION_CONTEXT() REPRESENTATION_CONTEXT('2D SPACE',''
  ) );
#4778 = ORIENTED_EDGE('',*,*,#4779,.F.);
#4779 = EDGE_CURVE('',#4711,#4757,#4780,.T.);
#4780 = SURFACE_CURVE('',#4781,(#4785,#4792),.PCURVE_S1.);
#4781 = LINE('',#4782,#4783);
#4782 = CARTESIAN_POINT('',(30.725,206.,35.825));
#4783 = VECTOR('',#4784,1.);
#4784 = DIRECTION('',(0.707106781187,-0.,0.707106781187));
#4785 = PCURVE('',#427,#4786);
#4786 = DEFINITIONAL_REPRESENTATION('',(#4787),#4791);
#4787 = LINE('',#4788,#4789);
#4788 = CARTESIAN_POINT('',(35.825,-30.275));
#4789 = VECTOR('',#4790,1.);
#4790 = DIRECTION('',(0.707106781187,0.707106781187));
#4791 = ( GEOMETRIC_REPRESENTATION_CONTEXT(2) 
PARAMETRIC_REPRESENTATION_CONTEXT() REPRESENTATION_CONTEXT('2D SPACE',''
  ) );
#4792 = PCURVE('',#4101,#4793);
#4793 = DEFINITIONAL_REPRESENTATION('',(#4794),#4798);
#4794 = LINE('',#4795,#4796);
#4795 = CARTESIAN_POINT('',(3.924442635585,-5.));
#4796 = VECTOR('',#4797,1.);
#4797 = DIRECTION('',(-1.,0.));
#4798 = ( GEOMETRIC_REPRESENTATION_CONTEXT(2) 
PARAMETRIC_REPRESENTATION_CONTEXT() REPRESENTATION_CONTEXT('2D SPACE',''
  ) );
#4799 = ADVANCED_FACE('',(#4800,#4848,#4924,#5018,#5089,#5183,#5259,
    #5330,#5401,#5495,#5586,#5680),#399,.T.);
#4800 = FACE_BOUND('',#4801,.T.);
#4801 = EDGE_LOOP('',(#4802,#4825,#4846,#4847));
#4802 = ORIENTED_EDGE('',*,*,#4803,.F.);
#4803 = EDGE_CURVE('',#4804,#356,#4806,.T.);
#4804 = VERTEX_POINT('',#4805);
#4805 = CARTESIAN_POINT('',(67.,10.,0.3));
#4806 = SURFACE_CURVE('',#4807,(#4811,#4818),.PCURVE_S1.);
#4807 = LINE('',#4808,#4809);
#4808 = CARTESIAN_POINT('',(67.,10.,0.));
#4809 = VECTOR('',#4810,1.);
#4810 = DIRECTION('',(0.,0.,1.));
#4811 = PCURVE('',#399,#4812);
#4812 = DEFINITIONAL_REPRESENTATION('',(#4813),#4817);
#4813 = LINE('',#4814,#4815);
#4814 = CARTESIAN_POINT('',(0.,-1.E-02));
#4815 = VECTOR('',#4816,1.);
#4816 = DIRECTION('',(1.,0.));
#4817 = ( GEOMETRIC_REPRESENTATION_CONTEXT(2) 
PARAMETRIC_REPRESENTATION_CONTEXT() REPRESENTATION_CONTEXT('2D SPACE',''
  ) );
#4818 = PCURVE('',#371,#4819);
#4819 = DEFINITIONAL_REPRESENTATION('',(#4820),#4824);
#4820 = LINE('',#4821,#4822);
#4821 = CARTESIAN_POINT('',(0.,64.));
#4822 = VECTOR('',#4823,1.);
#4823 = DIRECTION('',(1.,0.));
#4824 = ( GEOMETRIC_REPRESENTATION_CONTEXT(2) 
PARAMETRIC_REPRESENTATION_CONTEXT() REPRESENTATION_CONTEXT('2D SPACE',''
  ) );
#4825 = ORIENTED_EDGE('',*,*,#4826,.T.);
#4826 = EDGE_CURVE('',#4804,#4661,#4827,.T.);
#4827 = SURFACE_CURVE('',#4828,(#4832,#4839),.PCURVE_S1.);
#4828 = LINE('',#4829,#4830);
#4829 = CARTESIAN_POINT('',(67.,10.,0.3));
#4830 = VECTOR('',#4831,1.);
#4831 = DIRECTION('',(0.,1.,0.));
#4832 = PCURVE('',#399,#4833);
#4833 = DEFINITIONAL_REPRESENTATION('',(#4834),#4838);
#4834 = LINE('',#4835,#4836);
#4835 = CARTESIAN_POINT('',(0.3,-1.E-02));
#4836 = VECTOR('',#4837,1.);
#4837 = DIRECTION('',(0.,-1.));
#4838 = ( GEOMETRIC_REPRESENTATION_CONTEXT(2) 
PARAMETRIC_REPRESENTATION_CONTEXT() REPRESENTATION_CONTEXT('2D SPACE',''
  ) );
#4839 = PCURVE('',#2560,#4840);
#4840 = DEFINITIONAL_REPRESENTATION('',(#4841),#4845);
#4841 = LINE('',#4842,#4843);
#4842 = CARTESIAN_POINT('',(-0.,0.212132034356));
#4843 = VECTOR('',#4844,1.);
#4844 = DIRECTION('',(-1.,0.));
#4845 = ( GEOMETRIC_REPRESENTATION_CONTEXT(2) 
PARAMETRIC_REPRESENTATION_CONTEXT() REPRESENTATION_CONTEXT('2D SPACE',''
  ) );
#4846 = ORIENTED_EDGE('',*,*,#4660,.T.);
#4847 = ORIENTED_EDGE('',*,*,#383,.F.);
#4848 = FACE_BOUND('',#4849,.T.);
#4849 = EDGE_LOOP('',(#4850,#4875,#4903));
#4850 = ORIENTED_EDGE('',*,*,#4851,.T.);
#4851 = EDGE_CURVE('',#4852,#4854,#4856,.T.);
#4852 = VERTEX_POINT('',#4853);
#4853 = CARTESIAN_POINT('',(67.,192.5,15.381118318204));
#4854 = VERTEX_POINT('',#4855);
#4855 = CARTESIAN_POINT('',(67.,195.5405591591,12.340559159102));
#4856 = SURFACE_CURVE('',#4857,(#4861,#4868),.PCURVE_S1.);
#4857 = LINE('',#4858,#4859);
#4858 = CARTESIAN_POINT('',(67.,152.2380591591,55.643059159102));
#4859 = VECTOR('',#4860,1.);
#4860 = DIRECTION('',(0.,0.707106781187,-0.707106781187));
#4861 = PCURVE('',#399,#4862);
#4862 = DEFINITIONAL_REPRESENTATION('',(#4863),#4867);
#4863 = LINE('',#4864,#4865);
#4864 = CARTESIAN_POINT('',(55.643059159102,-142.2480591591));
#4865 = VECTOR('',#4866,1.);
#4866 = DIRECTION('',(-0.707106781187,-0.707106781187));
#4867 = ( GEOMETRIC_REPRESENTATION_CONTEXT(2) 
PARAMETRIC_REPRESENTATION_CONTEXT() REPRESENTATION_CONTEXT('2D SPACE',''
  ) );
#4868 = PCURVE('',#3012,#4869);
#4869 = DEFINITIONAL_REPRESENTATION('',(#4870),#4874);
#4870 = LINE('',#4871,#4872);
#4871 = CARTESIAN_POINT('',(61.238982784661,-7.));
#4872 = VECTOR('',#4873,1.);
#4873 = DIRECTION('',(-1.,-0.));
#4874 = ( GEOMETRIC_REPRESENTATION_CONTEXT(2) 
PARAMETRIC_REPRESENTATION_CONTEXT() REPRESENTATION_CONTEXT('2D SPACE',''
  ) );
#4875 = ORIENTED_EDGE('',*,*,#4876,.T.);
#4876 = EDGE_CURVE('',#4854,#4877,#4879,.T.);
#4877 = VERTEX_POINT('',#4878);
#4878 = CARTESIAN_POINT('',(67.,189.45944084089,12.340559159102));
#4879 = SURFACE_CURVE('',#4880,(#4885,#4896),.PCURVE_S1.);
#4880 = CIRCLE('',#4881,4.3);
#4881 = AXIS2_PLACEMENT_3D('',#4882,#4883,#4884);
#4882 = CARTESIAN_POINT('',(67.,192.5,9.3));
#4883 = DIRECTION('',(-1.,-0.,0.));
#4884 = DIRECTION('',(0.,-6.609699867536E-15,-1.));
#4885 = PCURVE('',#399,#4886);
#4886 = DEFINITIONAL_REPRESENTATION('',(#4887),#4895);
#4887 = ( BOUNDED_CURVE() B_SPLINE_CURVE(2,(#4888,#4889,#4890,#4891,
#4892,#4893,#4894),.UNSPECIFIED.,.T.,.F.) B_SPLINE_CURVE_WITH_KNOTS((1,2
    ,2,2,2,1),(-2.094395102393,0.,2.094395102393,4.188790204786,
6.28318530718,8.377580409573),.UNSPECIFIED.) CURVE() 
GEOMETRIC_REPRESENTATION_ITEM() RATIONAL_B_SPLINE_CURVE((1.,0.5,1.,0.5,
1.,0.5,1.)) REPRESENTATION_ITEM('') );
#4888 = CARTESIAN_POINT('',(5.,-182.51));
#4889 = CARTESIAN_POINT('',(5.,-175.0621815274));
#4890 = CARTESIAN_POINT('',(11.45,-178.7860907637));
#4891 = CARTESIAN_POINT('',(17.9,-182.51));
#4892 = CARTESIAN_POINT('',(11.45,-186.2339092362));
#4893 = CARTESIAN_POINT('',(5.,-189.9578184725));
#4894 = CARTESIAN_POINT('',(5.,-182.51));
#4895 = ( GEOMETRIC_REPRESENTATION_CONTEXT(2) 
PARAMETRIC_REPRESENTATION_CONTEXT() REPRESENTATION_CONTEXT('2D SPACE',''
  ) );
#4896 = PCURVE('',#3045,#4897);
#4897 = DEFINITIONAL_REPRESENTATION('',(#4898),#4902);
#4898 = LINE('',#4899,#4900);
#4899 = CARTESIAN_POINT('',(-6.28318530718,-7.));
#4900 = VECTOR('',#4901,1.);
#4901 = DIRECTION('',(1.,-0.));
#4902 = ( GEOMETRIC_REPRESENTATION_CONTEXT(2) 
PARAMETRIC_REPRESENTATION_CONTEXT() REPRESENTATION_CONTEXT('2D SPACE',''
  ) );
#4903 = ORIENTED_EDGE('',*,*,#4904,.T.);
#4904 = EDGE_CURVE('',#4877,#4852,#4905,.T.);
#4905 = SURFACE_CURVE('',#4906,(#4910,#4917),.PCURVE_S1.);
#4906 = LINE('',#4907,#4908);
#4907 = CARTESIAN_POINT('',(67.,143.02722042044,-34.09166126134));
#4908 = VECTOR('',#4909,1.);
#4909 = DIRECTION('',(-0.,0.707106781187,0.707106781187));
#4910 = PCURVE('',#399,#4911);
#4911 = DEFINITIONAL_REPRESENTATION('',(#4912),#4916);
#4912 = LINE('',#4913,#4914);
#4913 = CARTESIAN_POINT('',(-34.09166126134,-133.0372204204));
#4914 = VECTOR('',#4915,1.);
#4915 = DIRECTION('',(0.707106781187,-0.707106781187));
#4916 = ( GEOMETRIC_REPRESENTATION_CONTEXT(2) 
PARAMETRIC_REPRESENTATION_CONTEXT() REPRESENTATION_CONTEXT('2D SPACE',''
  ) );
#4917 = PCURVE('',#3071,#4918);
#4918 = DEFINITIONAL_REPRESENTATION('',(#4919),#4923);
#4919 = LINE('',#4920,#4921);
#4920 = CARTESIAN_POINT('',(69.965075849696,-7.));
#4921 = VECTOR('',#4922,1.);
#4922 = DIRECTION('',(-1.,0.));
#4923 = ( GEOMETRIC_REPRESENTATION_CONTEXT(2) 
PARAMETRIC_REPRESENTATION_CONTEXT() REPRESENTATION_CONTEXT('2D SPACE',''
  ) );
#4924 = FACE_BOUND('',#4925,.T.);
#4925 = EDGE_LOOP('',(#4926,#4951,#4974,#4997));
#4926 = ORIENTED_EDGE('',*,*,#4927,.T.);
#4927 = EDGE_CURVE('',#4928,#4930,#4932,.T.);
#4928 = VERTEX_POINT('',#4929);
#4929 = CARTESIAN_POINT('',(67.,170.46396103067,20.6));
#4930 = VERTEX_POINT('',#4931);
#4931 = CARTESIAN_POINT('',(67.,155.46396103067,5.6));
#4932 = SURFACE_CURVE('',#4933,(#4937,#4944),.PCURVE_S1.);
#4933 = LINE('',#4934,#4935);
#4934 = CARTESIAN_POINT('',(67.,117.695470773,-32.16849025767));
#4935 = VECTOR('',#4936,1.);
#4936 = DIRECTION('',(0.,-0.707106781187,-0.707106781187));
#4937 = PCURVE('',#399,#4938);
#4938 = DEFINITIONAL_REPRESENTATION('',(#4939),#4943);
#4939 = LINE('',#4940,#4941);
#4940 = CARTESIAN_POINT('',(-32.16849025767,-107.705470773));
#4941 = VECTOR('',#4942,1.);
#4942 = DIRECTION('',(-0.707106781187,0.707106781187));
#4943 = ( GEOMETRIC_REPRESENTATION_CONTEXT(2) 
PARAMETRIC_REPRESENTATION_CONTEXT() REPRESENTATION_CONTEXT('2D SPACE',''
  ) );
#4944 = PCURVE('',#3189,#4945);
#4945 = DEFINITIONAL_REPRESENTATION('',(#4946),#4950);
#4946 = LINE('',#4947,#4948);
#4947 = CARTESIAN_POINT('',(-53.41271115275,-7.));
#4948 = VECTOR('',#4949,1.);
#4949 = DIRECTION('',(-1.,-0.));
#4950 = ( GEOMETRIC_REPRESENTATION_CONTEXT(2) 
PARAMETRIC_REPRESENTATION_CONTEXT() REPRESENTATION_CONTEXT('2D SPACE',''
  ) );
#4951 = ORIENTED_EDGE('',*,*,#4952,.T.);
#4952 = EDGE_CURVE('',#4930,#4953,#4955,.T.);
#4953 = VERTEX_POINT('',#4954);
#4954 = CARTESIAN_POINT('',(67.,140.46396103067,20.6));
#4955 = SURFACE_CURVE('',#4956,(#4960,#4967),.PCURVE_S1.);
#4956 = LINE('',#4957,#4958);
#4957 = CARTESIAN_POINT('',(67.,112.995470773,48.06849025767));
#4958 = VECTOR('',#4959,1.);
#4959 = DIRECTION('',(0.,-0.707106781187,0.707106781187));
#4960 = PCURVE('',#399,#4961);
#4961 = DEFINITIONAL_REPRESENTATION('',(#4962),#4966);
#4962 = LINE('',#4963,#4964);
#4963 = CARTESIAN_POINT('',(48.06849025767,-103.005470773));
#4964 = VECTOR('',#4965,1.);
#4965 = DIRECTION('',(0.707106781187,0.707106781187));
#4966 = ( GEOMETRIC_REPRESENTATION_CONTEXT(2) 
PARAMETRIC_REPRESENTATION_CONTEXT() REPRESENTATION_CONTEXT('2D SPACE',''
  ) );
#4967 = PCURVE('',#3217,#4968);
#4968 = DEFINITIONAL_REPRESENTATION('',(#4969),#4973);
#4969 = LINE('',#4970,#4971);
#4970 = CARTESIAN_POINT('',(-38.84631146031,-7.));
#4971 = VECTOR('',#4972,1.);
#4972 = DIRECTION('',(-1.,-0.));
#4973 = ( GEOMETRIC_REPRESENTATION_CONTEXT(2) 
PARAMETRIC_REPRESENTATION_CONTEXT() REPRESENTATION_CONTEXT('2D SPACE',''
  ) );
#4974 = ORIENTED_EDGE('',*,*,#4975,.T.);
#4975 = EDGE_CURVE('',#4953,#4976,#4978,.T.);
#4976 = VERTEX_POINT('',#4977);
#4977 = CARTESIAN_POINT('',(67.,155.46396103067,35.6));
#4978 = SURFACE_CURVE('',#4979,(#4983,#4990),.PCURVE_S1.);
#4979 = LINE('',#4980,#4981);
#4980 = CARTESIAN_POINT('',(67.,110.195470773,-9.66849025767));
#4981 = VECTOR('',#4982,1.);
#4982 = DIRECTION('',(-0.,0.707106781187,0.707106781187));
#4983 = PCURVE('',#399,#4984);
#4984 = DEFINITIONAL_REPRESENTATION('',(#4985),#4989);
#4985 = LINE('',#4986,#4987);
#4986 = CARTESIAN_POINT('',(-9.66849025767,-100.205470773));
#4987 = VECTOR('',#4988,1.);
#4988 = DIRECTION('',(0.707106781187,-0.707106781187));
#4989 = ( GEOMETRIC_REPRESENTATION_CONTEXT(2) 
PARAMETRIC_REPRESENTATION_CONTEXT() REPRESENTATION_CONTEXT('2D SPACE',''
  ) );
#4990 = PCURVE('',#3245,#4991);
#4991 = DEFINITIONAL_REPRESENTATION('',(#4992),#4996);
#4992 = LINE('',#4993,#4994);
#4993 = CARTESIAN_POINT('',(64.019312870551,-7.));
#4994 = VECTOR('',#4995,1.);
#4995 = DIRECTION('',(-1.,0.));
#4996 = ( GEOMETRIC_REPRESENTATION_CONTEXT(2) 
PARAMETRIC_REPRESENTATION_CONTEXT() REPRESENTATION_CONTEXT('2D SPACE',''
  ) );
#4997 = ORIENTED_EDGE('',*,*,#4998,.T.);
#4998 = EDGE_CURVE('',#4976,#4928,#4999,.T.);
#4999 = SURFACE_CURVE('',#5000,(#5004,#5011),.PCURVE_S1.);
#5000 = LINE('',#5001,#5002);
#5001 = CARTESIAN_POINT('',(67.,135.495470773,55.56849025767));
#5002 = VECTOR('',#5003,1.);
#5003 = DIRECTION('',(0.,0.707106781187,-0.707106781187));
#5004 = PCURVE('',#399,#5005);
#5005 = DEFINITIONAL_REPRESENTATION('',(#5006),#5010);
#5006 = LINE('',#5007,#5008);
#5007 = CARTESIAN_POINT('',(55.56849025767,-125.505470773));
#5008 = VECTOR('',#5009,1.);
#5009 = DIRECTION('',(-0.707106781187,-0.707106781187));
#5010 = ( GEOMETRIC_REPRESENTATION_CONTEXT(2) 
PARAMETRIC_REPRESENTATION_CONTEXT() REPRESENTATION_CONTEXT('2D SPACE',''
  ) );
#5011 = PCURVE('',#3271,#5012);
#5012 = DEFINITIONAL_REPRESENTATION('',(#5013),#5017);
#5013 = LINE('',#5014,#5015);
#5014 = CARTESIAN_POINT('',(49.452913178108,-7.));
#5015 = VECTOR('',#5016,1.);
#5016 = DIRECTION('',(-1.,-0.));
#5017 = ( GEOMETRIC_REPRESENTATION_CONTEXT(2) 
PARAMETRIC_REPRESENTATION_CONTEXT() REPRESENTATION_CONTEXT('2D SPACE',''
  ) );
#5018 = FACE_BOUND('',#5019,.T.);
#5019 = EDGE_LOOP('',(#5020,#5045,#5068));
#5020 = ORIENTED_EDGE('',*,*,#5021,.T.);
#5021 = EDGE_CURVE('',#5022,#5024,#5026,.T.);
#5022 = VERTEX_POINT('',#5023);
#5023 = CARTESIAN_POINT('',(67.,138.34264068711,18.47867965644));
#5024 = VERTEX_POINT('',#5025);
#5025 = CARTESIAN_POINT('',(67.,151.82132034356,5.));
#5026 = SURFACE_CURVE('',#5027,(#5031,#5038),.PCURVE_S1.);
#5027 = LINE('',#5028,#5029);
#5028 = CARTESIAN_POINT('',(67.,117.61349025767,39.20783008589));
#5029 = VECTOR('',#5030,1.);
#5030 = DIRECTION('',(0.,0.707106781187,-0.707106781187));
#5031 = PCURVE('',#399,#5032);
#5032 = DEFINITIONAL_REPRESENTATION('',(#5033),#5037);
#5033 = LINE('',#5034,#5035);
#5034 = CARTESIAN_POINT('',(39.20783008589,-107.6234902576));
#5035 = VECTOR('',#5036,1.);
#5036 = DIRECTION('',(-0.707106781187,-0.707106781187));
#5037 = ( GEOMETRIC_REPRESENTATION_CONTEXT(2) 
PARAMETRIC_REPRESENTATION_CONTEXT() REPRESENTATION_CONTEXT('2D SPACE',''
  ) );
#5038 = PCURVE('',#3103,#5039);
#5039 = DEFINITIONAL_REPRESENTATION('',(#5040),#5044);
#5040 = LINE('',#5041,#5042);
#5041 = CARTESIAN_POINT('',(48.37717724682,-7.));
#5042 = VECTOR('',#5043,1.);
#5043 = DIRECTION('',(-1.,-0.));
#5044 = ( GEOMETRIC_REPRESENTATION_CONTEXT(2) 
PARAMETRIC_REPRESENTATION_CONTEXT() REPRESENTATION_CONTEXT('2D SPACE',''
  ) );
#5045 = ORIENTED_EDGE('',*,*,#5046,.T.);
#5046 = EDGE_CURVE('',#5024,#5047,#5049,.T.);
#5047 = VERTEX_POINT('',#5048);
#5048 = CARTESIAN_POINT('',(67.,124.86396103067,5.));
#5049 = SURFACE_CURVE('',#5050,(#5054,#5061),.PCURVE_S1.);
#5050 = LINE('',#5051,#5052);
#5051 = CARTESIAN_POINT('',(67.,67.426980515339,5.));
#5052 = VECTOR('',#5053,1.);
#5053 = DIRECTION('',(0.,-1.,0.));
#5054 = PCURVE('',#399,#5055);
#5055 = DEFINITIONAL_REPRESENTATION('',(#5056),#5060);
#5056 = LINE('',#5057,#5058);
#5057 = CARTESIAN_POINT('',(5.,-57.43698051533));
#5058 = VECTOR('',#5059,1.);
#5059 = DIRECTION('',(0.,1.));
#5060 = ( GEOMETRIC_REPRESENTATION_CONTEXT(2) 
PARAMETRIC_REPRESENTATION_CONTEXT() REPRESENTATION_CONTEXT('2D SPACE',''
  ) );
#5061 = PCURVE('',#3131,#5062);
#5062 = DEFINITIONAL_REPRESENTATION('',(#5063),#5067);
#5063 = LINE('',#5064,#5065);
#5064 = CARTESIAN_POINT('',(-57.43698051533,-7.));
#5065 = VECTOR('',#5066,1.);
#5066 = DIRECTION('',(-1.,0.));
#5067 = ( GEOMETRIC_REPRESENTATION_CONTEXT(2) 
PARAMETRIC_REPRESENTATION_CONTEXT() REPRESENTATION_CONTEXT('2D SPACE',''
  ) );
#5068 = ORIENTED_EDGE('',*,*,#5069,.T.);
#5069 = EDGE_CURVE('',#5047,#5022,#5070,.T.);
#5070 = SURFACE_CURVE('',#5071,(#5075,#5082),.PCURVE_S1.);
#5071 = LINE('',#5072,#5073);
#5072 = CARTESIAN_POINT('',(67.,101.63481060122,-18.22915042945));
#5073 = VECTOR('',#5074,1.);
#5074 = DIRECTION('',(-0.,0.707106781187,0.707106781187));
#5075 = PCURVE('',#399,#5076);
#5076 = DEFINITIONAL_REPRESENTATION('',(#5077),#5081);
#5077 = LINE('',#5078,#5079);
#5078 = CARTESIAN_POINT('',(-18.22915042945,-91.64481060122));
#5079 = VECTOR('',#5080,1.);
#5080 = DIRECTION('',(0.707106781187,-0.707106781187));
#5081 = ( GEOMETRIC_REPRESENTATION_CONTEXT(2) 
PARAMETRIC_REPRESENTATION_CONTEXT() REPRESENTATION_CONTEXT('2D SPACE',''
  ) );
#5082 = PCURVE('',#3157,#5083);
#5083 = DEFINITIONAL_REPRESENTATION('',(#5084),#5088);
#5084 = LINE('',#5085,#5086);
#5085 = CARTESIAN_POINT('',(51.912711152753,-7.));
#5086 = VECTOR('',#5087,1.);
#5087 = DIRECTION('',(-1.,0.));
#5088 = ( GEOMETRIC_REPRESENTATION_CONTEXT(2) 
PARAMETRIC_REPRESENTATION_CONTEXT() REPRESENTATION_CONTEXT('2D SPACE',''
  ) );
#5089 = FACE_BOUND('',#5090,.T.);
#5090 = EDGE_LOOP('',(#5091,#5116,#5139,#5162));
#5091 = ORIENTED_EDGE('',*,*,#5092,.T.);
#5092 = EDGE_CURVE('',#5093,#5095,#5097,.T.);
#5093 = VERTEX_POINT('',#5094);
#5094 = CARTESIAN_POINT('',(67.,136.22132034356,20.6));
#5095 = VERTEX_POINT('',#5096);
#5096 = CARTESIAN_POINT('',(67.,121.22132034356,5.6));
#5097 = SURFACE_CURVE('',#5098,(#5102,#5109),.PCURVE_S1.);
#5098 = LINE('',#5099,#5100);
#5099 = CARTESIAN_POINT('',(67.,92.01349025767,-23.60783008589));
#5100 = VECTOR('',#5101,1.);
#5101 = DIRECTION('',(0.,-0.707106781187,-0.707106781187));
#5102 = PCURVE('',#399,#5103);
#5103 = DEFINITIONAL_REPRESENTATION('',(#5104),#5108);
#5104 = LINE('',#5105,#5106);
#5105 = CARTESIAN_POINT('',(-23.60783008589,-82.02349025767));
#5106 = VECTOR('',#5107,1.);
#5107 = DIRECTION('',(-0.707106781187,0.707106781187));
#5108 = ( GEOMETRIC_REPRESENTATION_CONTEXT(2) 
PARAMETRIC_REPRESENTATION_CONTEXT() REPRESENTATION_CONTEXT('2D SPACE',''
  ) );
#5109 = PCURVE('',#3303,#5110);
#5110 = DEFINITIONAL_REPRESENTATION('',(#5111),#5115);
#5111 = LINE('',#5112,#5113);
#5112 = CARTESIAN_POINT('',(-41.30610943495,-7.));
#5113 = VECTOR('',#5114,1.);
#5114 = DIRECTION('',(-1.,-0.));
#5115 = ( GEOMETRIC_REPRESENTATION_CONTEXT(2) 
PARAMETRIC_REPRESENTATION_CONTEXT() REPRESENTATION_CONTEXT('2D SPACE',''
  ) );
#5116 = ORIENTED_EDGE('',*,*,#5117,.T.);
#5117 = EDGE_CURVE('',#5095,#5118,#5120,.T.);
#5118 = VERTEX_POINT('',#5119);
#5119 = CARTESIAN_POINT('',(67.,106.22132034356,20.6));
#5120 = SURFACE_CURVE('',#5121,(#5125,#5132),.PCURVE_S1.);
#5121 = LINE('',#5122,#5123);
#5122 = CARTESIAN_POINT('',(67.,87.31349025767,39.50783008589));
#5123 = VECTOR('',#5124,1.);
#5124 = DIRECTION('',(0.,-0.707106781187,0.707106781187));
#5125 = PCURVE('',#399,#5126);
#5126 = DEFINITIONAL_REPRESENTATION('',(#5127),#5131);
#5127 = LINE('',#5128,#5129);
#5128 = CARTESIAN_POINT('',(39.50783008589,-77.32349025767));
#5129 = VECTOR('',#5130,1.);
#5130 = DIRECTION('',(0.707106781187,0.707106781187));
#5131 = ( GEOMETRIC_REPRESENTATION_CONTEXT(2) 
PARAMETRIC_REPRESENTATION_CONTEXT() REPRESENTATION_CONTEXT('2D SPACE',''
  ) );
#5132 = PCURVE('',#3331,#5133);
#5133 = DEFINITIONAL_REPRESENTATION('',(#5134),#5138);
#5134 = LINE('',#5135,#5136);
#5135 = CARTESIAN_POINT('',(-26.73970974251,-7.));
#5136 = VECTOR('',#5137,1.);
#5137 = DIRECTION('',(-1.,-0.));
#5138 = ( GEOMETRIC_REPRESENTATION_CONTEXT(2) 
PARAMETRIC_REPRESENTATION_CONTEXT() REPRESENTATION_CONTEXT('2D SPACE',''
  ) );
#5139 = ORIENTED_EDGE('',*,*,#5140,.T.);
#5140 = EDGE_CURVE('',#5118,#5141,#5143,.T.);
#5141 = VERTEX_POINT('',#5142);
#5142 = CARTESIAN_POINT('',(67.,121.22132034356,35.6));
#5143 = SURFACE_CURVE('',#5144,(#5148,#5155),.PCURVE_S1.);
#5144 = LINE('',#5145,#5146);
#5145 = CARTESIAN_POINT('',(67.,84.51349025767,-1.10783008589));
#5146 = VECTOR('',#5147,1.);
#5147 = DIRECTION('',(-0.,0.707106781187,0.707106781187));
#5148 = PCURVE('',#399,#5149);
#5149 = DEFINITIONAL_REPRESENTATION('',(#5150),#5154);
#5150 = LINE('',#5151,#5152);
#5151 = CARTESIAN_POINT('',(-1.10783008589,-74.52349025767));
#5152 = VECTOR('',#5153,1.);
#5153 = DIRECTION('',(0.707106781187,-0.707106781187));
#5154 = ( GEOMETRIC_REPRESENTATION_CONTEXT(2) 
PARAMETRIC_REPRESENTATION_CONTEXT() REPRESENTATION_CONTEXT('2D SPACE',''
  ) );
#5155 = PCURVE('',#3359,#5156);
#5156 = DEFINITIONAL_REPRESENTATION('',(#5157),#5161);
#5157 = LINE('',#5158,#5159);
#5158 = CARTESIAN_POINT('',(51.912711152753,-7.));
#5159 = VECTOR('',#5160,1.);
#5160 = DIRECTION('',(-1.,0.));
#5161 = ( GEOMETRIC_REPRESENTATION_CONTEXT(2) 
PARAMETRIC_REPRESENTATION_CONTEXT() REPRESENTATION_CONTEXT('2D SPACE',''
  ) );
#5162 = ORIENTED_EDGE('',*,*,#5163,.T.);
#5163 = EDGE_CURVE('',#5141,#5093,#5164,.T.);
#5164 = SURFACE_CURVE('',#5165,(#5169,#5176),.PCURVE_S1.);
#5165 = LINE('',#5166,#5167);
#5166 = CARTESIAN_POINT('',(67.,109.81349025767,47.00783008589));
#5167 = VECTOR('',#5168,1.);
#5168 = DIRECTION('',(0.,0.707106781187,-0.707106781187));
#5169 = PCURVE('',#399,#5170);
#5170 = DEFINITIONAL_REPRESENTATION('',(#5171),#5175);
#5171 = LINE('',#5172,#5173);
#5172 = CARTESIAN_POINT('',(47.00783008589,-99.82349025767));
#5173 = VECTOR('',#5174,1.);
#5174 = DIRECTION('',(-0.707106781187,-0.707106781187));
#5175 = ( GEOMETRIC_REPRESENTATION_CONTEXT(2) 
PARAMETRIC_REPRESENTATION_CONTEXT() REPRESENTATION_CONTEXT('2D SPACE',''
  ) );
#5176 = PCURVE('',#3385,#5177);
#5177 = DEFINITIONAL_REPRESENTATION('',(#5178),#5182);
#5178 = LINE('',#5179,#5180);
#5179 = CARTESIAN_POINT('',(37.34631146031,-7.));
#5180 = VECTOR('',#5181,1.);
#5181 = DIRECTION('',(-1.,-0.));
#5182 = ( GEOMETRIC_REPRESENTATION_CONTEXT(2) 
PARAMETRIC_REPRESENTATION_CONTEXT() REPRESENTATION_CONTEXT('2D SPACE',''
  ) );
#5183 = FACE_BOUND('',#5184,.T.);
#5184 = EDGE_LOOP('',(#5185,#5210,#5238));
#5185 = ORIENTED_EDGE('',*,*,#5186,.T.);
#5186 = EDGE_CURVE('',#5187,#5189,#5191,.T.);
#5187 = VERTEX_POINT('',#5188);
#5188 = CARTESIAN_POINT('',(67.,192.5,40.381118318204));
#5189 = VERTEX_POINT('',#5190);
#5190 = CARTESIAN_POINT('',(67.,195.5405591591,37.340559159102));
#5191 = SURFACE_CURVE('',#5192,(#5196,#5203),.PCURVE_S1.);
#5192 = LINE('',#5193,#5194);
#5193 = CARTESIAN_POINT('',(67.,158.4880591591,74.393059159102));
#5194 = VECTOR('',#5195,1.);
#5195 = DIRECTION('',(0.,0.707106781187,-0.707106781187));
#5196 = PCURVE('',#399,#5197);
#5197 = DEFINITIONAL_REPRESENTATION('',(#5198),#5202);
#5198 = LINE('',#5199,#5200);
#5199 = CARTESIAN_POINT('',(74.393059159102,-148.4980591591));
#5200 = VECTOR('',#5201,1.);
#5201 = DIRECTION('',(-0.707106781187,-0.707106781187));
#5202 = ( GEOMETRIC_REPRESENTATION_CONTEXT(2) 
PARAMETRIC_REPRESENTATION_CONTEXT() REPRESENTATION_CONTEXT('2D SPACE',''
  ) );
#5203 = PCURVE('',#3417,#5204);
#5204 = DEFINITIONAL_REPRESENTATION('',(#5205),#5209);
#5205 = LINE('',#5206,#5207);
#5206 = CARTESIAN_POINT('',(52.400148019829,-7.));
#5207 = VECTOR('',#5208,1.);
#5208 = DIRECTION('',(-1.,-0.));
#5209 = ( GEOMETRIC_REPRESENTATION_CONTEXT(2) 
PARAMETRIC_REPRESENTATION_CONTEXT() REPRESENTATION_CONTEXT('2D SPACE',''
  ) );
#5210 = ORIENTED_EDGE('',*,*,#5211,.T.);
#5211 = EDGE_CURVE('',#5189,#5212,#5214,.T.);
#5212 = VERTEX_POINT('',#5213);
#5213 = CARTESIAN_POINT('',(67.,189.45944084089,37.340559159102));
#5214 = SURFACE_CURVE('',#5215,(#5220,#5231),.PCURVE_S1.);
#5215 = CIRCLE('',#5216,4.3);
#5216 = AXIS2_PLACEMENT_3D('',#5217,#5218,#5219);
#5217 = CARTESIAN_POINT('',(67.,192.5,34.3));
#5218 = DIRECTION('',(-1.,-0.,0.));
#5219 = DIRECTION('',(0.,-6.609699867536E-15,-1.));
#5220 = PCURVE('',#399,#5221);
#5221 = DEFINITIONAL_REPRESENTATION('',(#5222),#5230);
#5222 = ( BOUNDED_CURVE() B_SPLINE_CURVE(2,(#5223,#5224,#5225,#5226,
#5227,#5228,#5229),.UNSPECIFIED.,.T.,.F.) B_SPLINE_CURVE_WITH_KNOTS((1,2
    ,2,2,2,1),(-2.094395102393,0.,2.094395102393,4.188790204786,
6.28318530718,8.377580409573),.UNSPECIFIED.) CURVE() 
GEOMETRIC_REPRESENTATION_ITEM() RATIONAL_B_SPLINE_CURVE((1.,0.5,1.,0.5,
1.,0.5,1.)) REPRESENTATION_ITEM('') );
#5223 = CARTESIAN_POINT('',(30.,-182.51));
#5224 = CARTESIAN_POINT('',(30.,-175.0621815274));
#5225 = CARTESIAN_POINT('',(36.45,-178.7860907637));
#5226 = CARTESIAN_POINT('',(42.9,-182.51));
#5227 = CARTESIAN_POINT('',(36.45,-186.2339092362));
#5228 = CARTESIAN_POINT('',(30.,-189.9578184725));
#5229 = CARTESIAN_POINT('',(30.,-182.51));
#5230 = ( GEOMETRIC_REPRESENTATION_CONTEXT(2) 
PARAMETRIC_REPRESENTATION_CONTEXT() REPRESENTATION_CONTEXT('2D SPACE',''
  ) );
#5231 = PCURVE('',#3450,#5232);
#5232 = DEFINITIONAL_REPRESENTATION('',(#5233),#5237);
#5233 = LINE('',#5234,#5235);
#5234 = CARTESIAN_POINT('',(-6.28318530718,-7.));
#5235 = VECTOR('',#5236,1.);
#5236 = DIRECTION('',(1.,-0.));
#5237 = ( GEOMETRIC_REPRESENTATION_CONTEXT(2) 
PARAMETRIC_REPRESENTATION_CONTEXT() REPRESENTATION_CONTEXT('2D SPACE',''
  ) );
#5238 = ORIENTED_EDGE('',*,*,#5239,.T.);
#5239 = EDGE_CURVE('',#5212,#5187,#5240,.T.);
#5240 = SURFACE_CURVE('',#5241,(#5245,#5252),.PCURVE_S1.);
#5241 = LINE('',#5242,#5243);
#5242 = CARTESIAN_POINT('',(67.,136.77722042044,-15.34166126134));
#5243 = VECTOR('',#5244,1.);
#5244 = DIRECTION('',(-0.,0.707106781187,0.707106781187));
#5245 = PCURVE('',#399,#5246);
#5246 = DEFINITIONAL_REPRESENTATION('',(#5247),#5251);
#5247 = LINE('',#5248,#5249);
#5248 = CARTESIAN_POINT('',(-15.34166126134,-126.7872204204));
#5249 = VECTOR('',#5250,1.);
#5250 = DIRECTION('',(0.707106781187,-0.707106781187));
#5251 = ( GEOMETRIC_REPRESENTATION_CONTEXT(2) 
PARAMETRIC_REPRESENTATION_CONTEXT() REPRESENTATION_CONTEXT('2D SPACE',''
  ) );
#5252 = PCURVE('',#3476,#5253);
#5253 = DEFINITIONAL_REPRESENTATION('',(#5254),#5258);
#5254 = LINE('',#5255,#5256);
#5255 = CARTESIAN_POINT('',(78.803910614528,-7.));
#5256 = VECTOR('',#5257,1.);
#5257 = DIRECTION('',(-1.,0.));
#5258 = ( GEOMETRIC_REPRESENTATION_CONTEXT(2) 
PARAMETRIC_REPRESENTATION_CONTEXT() REPRESENTATION_CONTEXT('2D SPACE',''
  ) );
#5259 = FACE_BOUND('',#5260,.T.);
#5260 = EDGE_LOOP('',(#5261,#5286,#5309));
#5261 = ORIENTED_EDGE('',*,*,#5262,.T.);
#5262 = EDGE_CURVE('',#5263,#5265,#5267,.T.);
#5263 = VERTEX_POINT('',#5264);
#5264 = CARTESIAN_POINT('',(67.,104.1,18.47867965644));
#5265 = VERTEX_POINT('',#5266);
#5266 = CARTESIAN_POINT('',(67.,117.57867965644,5.));
#5267 = SURFACE_CURVE('',#5268,(#5272,#5279),.PCURVE_S1.);
#5268 = LINE('',#5269,#5270);
#5269 = CARTESIAN_POINT('',(67.,91.93150974233,30.64716991411));
#5270 = VECTOR('',#5271,1.);
#5271 = DIRECTION('',(0.,0.707106781187,-0.707106781187));
#5272 = PCURVE('',#399,#5273);
#5273 = DEFINITIONAL_REPRESENTATION('',(#5274),#5278);
#5274 = LINE('',#5275,#5276);
#5275 = CARTESIAN_POINT('',(30.64716991411,-81.94150974233));
#5276 = VECTOR('',#5277,1.);
#5277 = DIRECTION('',(-0.707106781187,-0.707106781187));
#5278 = ( GEOMETRIC_REPRESENTATION_CONTEXT(2) 
PARAMETRIC_REPRESENTATION_CONTEXT() REPRESENTATION_CONTEXT('2D SPACE',''
  ) );
#5279 = PCURVE('',#3508,#5280);
#5280 = DEFINITIONAL_REPRESENTATION('',(#5281),#5285);
#5281 = LINE('',#5282,#5283);
#5282 = CARTESIAN_POINT('',(36.270575529022,-7.));
#5283 = VECTOR('',#5284,1.);
#5284 = DIRECTION('',(-1.,-0.));
#5285 = ( GEOMETRIC_REPRESENTATION_CONTEXT(2) 
PARAMETRIC_REPRESENTATION_CONTEXT() REPRESENTATION_CONTEXT('2D SPACE',''
  ) );
#5286 = ORIENTED_EDGE('',*,*,#5287,.T.);
#5287 = EDGE_CURVE('',#5265,#5288,#5290,.T.);
#5288 = VERTEX_POINT('',#5289);
#5289 = CARTESIAN_POINT('',(67.,90.62132034356,5.));
#5290 = SURFACE_CURVE('',#5291,(#5295,#5302),.PCURVE_S1.);
#5291 = LINE('',#5292,#5293);
#5292 = CARTESIAN_POINT('',(67.,50.30566017178,5.));
#5293 = VECTOR('',#5294,1.);
#5294 = DIRECTION('',(0.,-1.,0.));
#5295 = PCURVE('',#399,#5296);
#5296 = DEFINITIONAL_REPRESENTATION('',(#5297),#5301);
#5297 = LINE('',#5298,#5299);
#5298 = CARTESIAN_POINT('',(5.,-40.31566017178));
#5299 = VECTOR('',#5300,1.);
#5300 = DIRECTION('',(0.,1.));
#5301 = ( GEOMETRIC_REPRESENTATION_CONTEXT(2) 
PARAMETRIC_REPRESENTATION_CONTEXT() REPRESENTATION_CONTEXT('2D SPACE',''
  ) );
#5302 = PCURVE('',#3536,#5303);
#5303 = DEFINITIONAL_REPRESENTATION('',(#5304),#5308);
#5304 = LINE('',#5305,#5306);
#5305 = CARTESIAN_POINT('',(-40.31566017178,-7.));
#5306 = VECTOR('',#5307,1.);
#5307 = DIRECTION('',(-1.,0.));
#5308 = ( GEOMETRIC_REPRESENTATION_CONTEXT(2) 
PARAMETRIC_REPRESENTATION_CONTEXT() REPRESENTATION_CONTEXT('2D SPACE',''
  ) );
#5309 = ORIENTED_EDGE('',*,*,#5310,.T.);
#5310 = EDGE_CURVE('',#5288,#5263,#5311,.T.);
#5311 = SURFACE_CURVE('',#5312,(#5316,#5323),.PCURVE_S1.);
#5312 = LINE('',#5313,#5314);
#5313 = CARTESIAN_POINT('',(67.,75.95283008589,-9.66849025767));
#5314 = VECTOR('',#5315,1.);
#5315 = DIRECTION('',(-0.,0.707106781187,0.707106781187));
#5316 = PCURVE('',#399,#5317);
#5317 = DEFINITIONAL_REPRESENTATION('',(#5318),#5322);
#5318 = LINE('',#5319,#5320);
#5319 = CARTESIAN_POINT('',(-9.66849025767,-65.96283008589));
#5320 = VECTOR('',#5321,1.);
#5321 = DIRECTION('',(0.707106781187,-0.707106781187));
#5322 = ( GEOMETRIC_REPRESENTATION_CONTEXT(2) 
PARAMETRIC_REPRESENTATION_CONTEXT() REPRESENTATION_CONTEXT('2D SPACE',''
  ) );
#5323 = PCURVE('',#3562,#5324);
#5324 = DEFINITIONAL_REPRESENTATION('',(#5325),#5329);
#5325 = LINE('',#5326,#5327);
#5326 = CARTESIAN_POINT('',(39.806109434954,-7.));
#5327 = VECTOR('',#5328,1.);
#5328 = DIRECTION('',(-1.,0.));
#5329 = ( GEOMETRIC_REPRESENTATION_CONTEXT(2) 
PARAMETRIC_REPRESENTATION_CONTEXT() REPRESENTATION_CONTEXT('2D SPACE',''
  ) );
#5330 = FACE_BOUND('',#5331,.T.);
#5331 = EDGE_LOOP('',(#5332,#5357,#5380));
#5332 = ORIENTED_EDGE('',*,*,#5333,.T.);
#5333 = EDGE_CURVE('',#5334,#5336,#5338,.T.);
#5334 = VERTEX_POINT('',#5335);
#5335 = CARTESIAN_POINT('',(67.,69.857359312881,18.47867965644));
#5336 = VERTEX_POINT('',#5337);
#5337 = CARTESIAN_POINT('',(67.,83.336038969321,5.));
#5338 = SURFACE_CURVE('',#5339,(#5343,#5350),.PCURVE_S1.);
#5339 = LINE('',#5340,#5341);
#5340 = CARTESIAN_POINT('',(67.,66.249529226991,22.08650974233));
#5341 = VECTOR('',#5342,1.);
#5342 = DIRECTION('',(0.,0.707106781187,-0.707106781187));
#5343 = PCURVE('',#399,#5344);
#5344 = DEFINITIONAL_REPRESENTATION('',(#5345),#5349);
#5345 = LINE('',#5346,#5347);
#5346 = CARTESIAN_POINT('',(22.08650974233,-56.25952922699));
#5347 = VECTOR('',#5348,1.);
#5348 = DIRECTION('',(-0.707106781187,-0.707106781187));
#5349 = ( GEOMETRIC_REPRESENTATION_CONTEXT(2) 
PARAMETRIC_REPRESENTATION_CONTEXT() REPRESENTATION_CONTEXT('2D SPACE',''
  ) );
#5350 = PCURVE('',#3708,#5351);
#5351 = DEFINITIONAL_REPRESENTATION('',(#5352),#5356);
#5352 = LINE('',#5353,#5354);
#5353 = CARTESIAN_POINT('',(24.163973811223,-7.));
#5354 = VECTOR('',#5355,1.);
#5355 = DIRECTION('',(-1.,-0.));
#5356 = ( GEOMETRIC_REPRESENTATION_CONTEXT(2) 
PARAMETRIC_REPRESENTATION_CONTEXT() REPRESENTATION_CONTEXT('2D SPACE',''
  ) );
#5357 = ORIENTED_EDGE('',*,*,#5358,.T.);
#5358 = EDGE_CURVE('',#5336,#5359,#5361,.T.);
#5359 = VERTEX_POINT('',#5360);
#5360 = CARTESIAN_POINT('',(67.,56.37867965644,5.));
#5361 = SURFACE_CURVE('',#5362,(#5366,#5373),.PCURVE_S1.);
#5362 = LINE('',#5363,#5364);
#5363 = CARTESIAN_POINT('',(67.,33.18433982822,5.));
#5364 = VECTOR('',#5365,1.);
#5365 = DIRECTION('',(0.,-1.,0.));
#5366 = PCURVE('',#399,#5367);
#5367 = DEFINITIONAL_REPRESENTATION('',(#5368),#5372);
#5368 = LINE('',#5369,#5370);
#5369 = CARTESIAN_POINT('',(5.,-23.19433982822));
#5370 = VECTOR('',#5371,1.);
#5371 = DIRECTION('',(0.,1.));
#5372 = ( GEOMETRIC_REPRESENTATION_CONTEXT(2) 
PARAMETRIC_REPRESENTATION_CONTEXT() REPRESENTATION_CONTEXT('2D SPACE',''
  ) );
#5373 = PCURVE('',#3736,#5374);
#5374 = DEFINITIONAL_REPRESENTATION('',(#5375),#5379);
#5375 = LINE('',#5376,#5377);
#5376 = CARTESIAN_POINT('',(-23.19433982822,-7.));
#5377 = VECTOR('',#5378,1.);
#5378 = DIRECTION('',(-1.,0.));
#5379 = ( GEOMETRIC_REPRESENTATION_CONTEXT(2) 
PARAMETRIC_REPRESENTATION_CONTEXT() REPRESENTATION_CONTEXT('2D SPACE',''
  ) );
#5380 = ORIENTED_EDGE('',*,*,#5381,.T.);
#5381 = EDGE_CURVE('',#5359,#5334,#5382,.T.);
#5382 = SURFACE_CURVE('',#5383,(#5387,#5394),.PCURVE_S1.);
#5383 = LINE('',#5384,#5385);
#5384 = CARTESIAN_POINT('',(67.,50.27084957055,-1.10783008589));
#5385 = VECTOR('',#5386,1.);
#5386 = DIRECTION('',(-0.,0.707106781187,0.707106781187));
#5387 = PCURVE('',#399,#5388);
#5388 = DEFINITIONAL_REPRESENTATION('',(#5389),#5393);
#5389 = LINE('',#5390,#5391);
#5390 = CARTESIAN_POINT('',(-1.10783008589,-40.28084957055));
#5391 = VECTOR('',#5392,1.);
#5392 = DIRECTION('',(0.707106781187,-0.707106781187));
#5393 = ( GEOMETRIC_REPRESENTATION_CONTEXT(2) 
PARAMETRIC_REPRESENTATION_CONTEXT() REPRESENTATION_CONTEXT('2D SPACE',''
  ) );
#5394 = PCURVE('',#3762,#5395);
#5395 = DEFINITIONAL_REPRESENTATION('',(#5396),#5400);
#5396 = LINE('',#5397,#5398);
#5397 = CARTESIAN_POINT('',(27.699507717156,-7.));
#5398 = VECTOR('',#5399,1.);
#5399 = DIRECTION('',(-1.,0.));
#5400 = ( GEOMETRIC_REPRESENTATION_CONTEXT(2) 
PARAMETRIC_REPRESENTATION_CONTEXT() REPRESENTATION_CONTEXT('2D SPACE',''
  ) );
#5401 = FACE_BOUND('',#5402,.T.);
#5402 = EDGE_LOOP('',(#5403,#5428,#5451,#5474));
#5403 = ORIENTED_EDGE('',*,*,#5404,.T.);
#5404 = EDGE_CURVE('',#5405,#5407,#5409,.T.);
#5405 = VERTEX_POINT('',#5406);
#5406 = CARTESIAN_POINT('',(67.,101.97867965644,20.6));
#5407 = VERTEX_POINT('',#5408);
#5408 = CARTESIAN_POINT('',(67.,86.97867965644,5.6));
#5409 = SURFACE_CURVE('',#5410,(#5414,#5421),.PCURVE_S1.);
#5410 = LINE('',#5411,#5412);
#5411 = CARTESIAN_POINT('',(67.,66.33150974233,-15.04716991411));
#5412 = VECTOR('',#5413,1.);
#5413 = DIRECTION('',(0.,-0.707106781187,-0.707106781187));
#5414 = PCURVE('',#399,#5415);
#5415 = DEFINITIONAL_REPRESENTATION('',(#5416),#5420);
#5416 = LINE('',#5417,#5418);
#5417 = CARTESIAN_POINT('',(-15.04716991411,-56.34150974233));
#5418 = VECTOR('',#5419,1.);
#5419 = DIRECTION('',(-0.707106781187,0.707106781187));
#5420 = ( GEOMETRIC_REPRESENTATION_CONTEXT(2) 
PARAMETRIC_REPRESENTATION_CONTEXT() REPRESENTATION_CONTEXT('2D SPACE',''
  ) );
#5421 = PCURVE('',#3594,#5422);
#5422 = DEFINITIONAL_REPRESENTATION('',(#5423),#5427);
#5423 = LINE('',#5424,#5425);
#5424 = CARTESIAN_POINT('',(-29.19950771715,-7.));
#5425 = VECTOR('',#5426,1.);
#5426 = DIRECTION('',(-1.,-0.));
#5427 = ( GEOMETRIC_REPRESENTATION_CONTEXT(2) 
PARAMETRIC_REPRESENTATION_CONTEXT() REPRESENTATION_CONTEXT('2D SPACE',''
  ) );
#5428 = ORIENTED_EDGE('',*,*,#5429,.T.);
#5429 = EDGE_CURVE('',#5407,#5430,#5432,.T.);
#5430 = VERTEX_POINT('',#5431);
#5431 = CARTESIAN_POINT('',(67.,71.97867965644,20.6));
#5432 = SURFACE_CURVE('',#5433,(#5437,#5444),.PCURVE_S1.);
#5433 = LINE('',#5434,#5435);
#5434 = CARTESIAN_POINT('',(67.,61.63150974233,30.94716991411));
#5435 = VECTOR('',#5436,1.);
#5436 = DIRECTION('',(0.,-0.707106781187,0.707106781187));
#5437 = PCURVE('',#399,#5438);
#5438 = DEFINITIONAL_REPRESENTATION('',(#5439),#5443);
#5439 = LINE('',#5440,#5441);
#5440 = CARTESIAN_POINT('',(30.94716991411,-51.64150974233));
#5441 = VECTOR('',#5442,1.);
#5442 = DIRECTION('',(0.707106781187,0.707106781187));
#5443 = ( GEOMETRIC_REPRESENTATION_CONTEXT(2) 
PARAMETRIC_REPRESENTATION_CONTEXT() REPRESENTATION_CONTEXT('2D SPACE',''
  ) );
#5444 = PCURVE('',#3622,#5445);
#5445 = DEFINITIONAL_REPRESENTATION('',(#5446),#5450);
#5446 = LINE('',#5447,#5448);
#5447 = CARTESIAN_POINT('',(-14.63310802471,-7.));
#5448 = VECTOR('',#5449,1.);
#5449 = DIRECTION('',(-1.,-0.));
#5450 = ( GEOMETRIC_REPRESENTATION_CONTEXT(2) 
PARAMETRIC_REPRESENTATION_CONTEXT() REPRESENTATION_CONTEXT('2D SPACE',''
  ) );
#5451 = ORIENTED_EDGE('',*,*,#5452,.T.);
#5452 = EDGE_CURVE('',#5430,#5453,#5455,.T.);
#5453 = VERTEX_POINT('',#5454);
#5454 = CARTESIAN_POINT('',(67.,86.97867965644,35.6));
#5455 = SURFACE_CURVE('',#5456,(#5460,#5467),.PCURVE_S1.);
#5456 = LINE('',#5457,#5458);
#5457 = CARTESIAN_POINT('',(67.,58.83150974233,7.45283008589));
#5458 = VECTOR('',#5459,1.);
#5459 = DIRECTION('',(-0.,0.707106781187,0.707106781187));
#5460 = PCURVE('',#399,#5461);
#5461 = DEFINITIONAL_REPRESENTATION('',(#5462),#5466);
#5462 = LINE('',#5463,#5464);
#5463 = CARTESIAN_POINT('',(7.45283008589,-48.84150974233));
#5464 = VECTOR('',#5465,1.);
#5465 = DIRECTION('',(0.707106781187,-0.707106781187));
#5466 = ( GEOMETRIC_REPRESENTATION_CONTEXT(2) 
PARAMETRIC_REPRESENTATION_CONTEXT() REPRESENTATION_CONTEXT('2D SPACE',''
  ) );
#5467 = PCURVE('',#3650,#5468);
#5468 = DEFINITIONAL_REPRESENTATION('',(#5469),#5473);
#5469 = LINE('',#5470,#5471);
#5470 = CARTESIAN_POINT('',(39.806109434954,-7.));
#5471 = VECTOR('',#5472,1.);
#5472 = DIRECTION('',(-1.,0.));
#5473 = ( GEOMETRIC_REPRESENTATION_CONTEXT(2) 
PARAMETRIC_REPRESENTATION_CONTEXT() REPRESENTATION_CONTEXT('2D SPACE',''
  ) );
#5474 = ORIENTED_EDGE('',*,*,#5475,.T.);
#5475 = EDGE_CURVE('',#5453,#5405,#5476,.T.);
#5476 = SURFACE_CURVE('',#5477,(#5481,#5488),.PCURVE_S1.);
#5477 = LINE('',#5478,#5479);
#5478 = CARTESIAN_POINT('',(67.,84.13150974233,38.44716991411));
#5479 = VECTOR('',#5480,1.);
#5480 = DIRECTION('',(0.,0.707106781187,-0.707106781187));
#5481 = PCURVE('',#399,#5482);
#5482 = DEFINITIONAL_REPRESENTATION('',(#5483),#5487);
#5483 = LINE('',#5484,#5485);
#5484 = CARTESIAN_POINT('',(38.44716991411,-74.14150974233));
#5485 = VECTOR('',#5486,1.);
#5486 = DIRECTION('',(-0.707106781187,-0.707106781187));
#5487 = ( GEOMETRIC_REPRESENTATION_CONTEXT(2) 
PARAMETRIC_REPRESENTATION_CONTEXT() REPRESENTATION_CONTEXT('2D SPACE',''
  ) );
#5488 = PCURVE('',#3676,#5489);
#5489 = DEFINITIONAL_REPRESENTATION('',(#5490),#5494);
#5490 = LINE('',#5491,#5492);
#5491 = CARTESIAN_POINT('',(25.239709742512,-7.));
#5492 = VECTOR('',#5493,1.);
#5493 = DIRECTION('',(-1.,-0.));
#5494 = ( GEOMETRIC_REPRESENTATION_CONTEXT(2) 
PARAMETRIC_REPRESENTATION_CONTEXT() REPRESENTATION_CONTEXT('2D SPACE',''
  ) );
#5495 = FACE_BOUND('',#5496,.T.);
#5496 = EDGE_LOOP('',(#5497,#5527,#5560));
#5497 = ORIENTED_EDGE('',*,*,#5498,.T.);
#5498 = EDGE_CURVE('',#5499,#5501,#5503,.T.);
#5499 = VERTEX_POINT('',#5500);
#5500 = CARTESIAN_POINT('',(67.,17.5,15.381118318204));
#5501 = VERTEX_POINT('',#5502);
#5502 = CARTESIAN_POINT('',(67.,20.540559159102,12.340559159102));
#5503 = SURFACE_CURVE('',#5504,(#5508,#5515),.PCURVE_S1.);
#5504 = LINE('',#5505,#5506);
#5505 = CARTESIAN_POINT('',(67.,20.988059159102,11.893059159102));
#5506 = VECTOR('',#5507,1.);
#5507 = DIRECTION('',(0.,0.707106781187,-0.707106781187));
#5508 = PCURVE('',#399,#5509);
#5509 = DEFINITIONAL_REPRESENTATION('',(#5510),#5514);
#5510 = LINE('',#5511,#5512);
#5511 = CARTESIAN_POINT('',(11.893059159102,-10.9980591591));
#5512 = VECTOR('',#5513,1.);
#5513 = DIRECTION('',(-0.707106781187,-0.707106781187));
#5514 = ( GEOMETRIC_REPRESENTATION_CONTEXT(2) 
PARAMETRIC_REPRESENTATION_CONTEXT() REPRESENTATION_CONTEXT('2D SPACE',''
  ) );
#5515 = PCURVE('',#5516,#5521);
#5516 = PLANE('',#5517);
#5517 = AXIS2_PLACEMENT_3D('',#5518,#5519,#5520);
#5518 = CARTESIAN_POINT('',(60.,20.540559159102,12.340559159102));
#5519 = DIRECTION('',(0.,-0.707106781187,-0.707106781187));
#5520 = DIRECTION('',(0.,-0.707106781187,0.707106781187));
#5521 = DEFINITIONAL_REPRESENTATION('',(#5522),#5526);
#5522 = LINE('',#5523,#5524);
#5523 = CARTESIAN_POINT('',(-0.632860569162,-7.));
#5524 = VECTOR('',#5525,1.);
#5525 = DIRECTION('',(-1.,-0.));
#5526 = ( GEOMETRIC_REPRESENTATION_CONTEXT(2) 
PARAMETRIC_REPRESENTATION_CONTEXT() REPRESENTATION_CONTEXT('2D SPACE',''
  ) );
#5527 = ORIENTED_EDGE('',*,*,#5528,.T.);
#5528 = EDGE_CURVE('',#5501,#5529,#5531,.T.);
#5529 = VERTEX_POINT('',#5530);
#5530 = CARTESIAN_POINT('',(67.,14.459440840898,12.340559159102));
#5531 = SURFACE_CURVE('',#5532,(#5537,#5548),.PCURVE_S1.);
#5532 = CIRCLE('',#5533,4.3);
#5533 = AXIS2_PLACEMENT_3D('',#5534,#5535,#5536);
#5534 = CARTESIAN_POINT('',(67.,17.5,9.3));
#5535 = DIRECTION('',(-1.,-0.,0.));
#5536 = DIRECTION('',(0.,-0.,-1.));
#5537 = PCURVE('',#399,#5538);
#5538 = DEFINITIONAL_REPRESENTATION('',(#5539),#5547);
#5539 = ( BOUNDED_CURVE() B_SPLINE_CURVE(2,(#5540,#5541,#5542,#5543,
#5544,#5545,#5546),.UNSPECIFIED.,.T.,.F.) B_SPLINE_CURVE_WITH_KNOTS((1,2
    ,2,2,2,1),(-2.094395102393,0.,2.094395102393,4.188790204786,
6.28318530718,8.377580409573),.UNSPECIFIED.) CURVE() 
GEOMETRIC_REPRESENTATION_ITEM() RATIONAL_B_SPLINE_CURVE((1.,0.5,1.,0.5,
1.,0.5,1.)) REPRESENTATION_ITEM('') );
#5540 = CARTESIAN_POINT('',(5.,-7.51));
#5541 = CARTESIAN_POINT('',(5.,-6.218152745383E-02));
#5542 = CARTESIAN_POINT('',(11.45,-3.786090763727));
#5543 = CARTESIAN_POINT('',(17.9,-7.51));
#5544 = CARTESIAN_POINT('',(11.45,-11.23390923627));
#5545 = CARTESIAN_POINT('',(5.,-14.95781847254));
#5546 = CARTESIAN_POINT('',(5.,-7.51));
#5547 = ( GEOMETRIC_REPRESENTATION_CONTEXT(2) 
PARAMETRIC_REPRESENTATION_CONTEXT() REPRESENTATION_CONTEXT('2D SPACE',''
  ) );
#5548 = PCURVE('',#5549,#5554);
#5549 = CYLINDRICAL_SURFACE('',#5550,4.3);
#5550 = AXIS2_PLACEMENT_3D('',#5551,#5552,#5553);
#5551 = CARTESIAN_POINT('',(60.,17.5,9.3));
#5552 = DIRECTION('',(-1.,-0.,-0.));
#5553 = DIRECTION('',(0.,-0.,-1.));
#5554 = DEFINITIONAL_REPRESENTATION('',(#5555),#5559);
#5555 = LINE('',#5556,#5557);
#5556 = CARTESIAN_POINT('',(-12.56637061435,-7.));
#5557 = VECTOR('',#5558,1.);
#5558 = DIRECTION('',(1.,-0.));
#5559 = ( GEOMETRIC_REPRESENTATION_CONTEXT(2) 
PARAMETRIC_REPRESENTATION_CONTEXT() REPRESENTATION_CONTEXT('2D SPACE',''
  ) );
#5560 = ORIENTED_EDGE('',*,*,#5561,.T.);
#5561 = EDGE_CURVE('',#5529,#5499,#5562,.T.);
#5562 = SURFACE_CURVE('',#5563,(#5567,#5574),.PCURVE_S1.);
#5563 = LINE('',#5564,#5565);
#5564 = CARTESIAN_POINT('',(67.,11.777220420449,9.658338738653));
#5565 = VECTOR('',#5566,1.);
#5566 = DIRECTION('',(-0.,0.707106781187,0.707106781187));
#5567 = PCURVE('',#399,#5568);
#5568 = DEFINITIONAL_REPRESENTATION('',(#5569),#5573);
#5569 = LINE('',#5570,#5571);
#5570 = CARTESIAN_POINT('',(9.658338738653,-1.787220420449));
#5571 = VECTOR('',#5572,1.);
#5572 = DIRECTION('',(0.707106781187,-0.707106781187));
#5573 = ( GEOMETRIC_REPRESENTATION_CONTEXT(2) 
PARAMETRIC_REPRESENTATION_CONTEXT() REPRESENTATION_CONTEXT('2D SPACE',''
  ) );
#5574 = PCURVE('',#5575,#5580);
#5575 = PLANE('',#5576);
#5576 = AXIS2_PLACEMENT_3D('',#5577,#5578,#5579);
#5577 = CARTESIAN_POINT('',(60.,17.5,15.381118318204));
#5578 = DIRECTION('',(0.,0.707106781187,-0.707106781187));
#5579 = DIRECTION('',(0.,-0.707106781187,-0.707106781187));
#5580 = DEFINITIONAL_REPRESENTATION('',(#5581),#5585);
#5581 = LINE('',#5582,#5583);
#5582 = CARTESIAN_POINT('',(8.093232495873,-7.));
#5583 = VECTOR('',#5584,1.);
#5584 = DIRECTION('',(-1.,0.));
#5585 = ( GEOMETRIC_REPRESENTATION_CONTEXT(2) 
PARAMETRIC_REPRESENTATION_CONTEXT() REPRESENTATION_CONTEXT('2D SPACE',''
  ) );
#5586 = FACE_BOUND('',#5587,.T.);
#5587 = EDGE_LOOP('',(#5588,#5613,#5636,#5659));
#5588 = ORIENTED_EDGE('',*,*,#5589,.T.);
#5589 = EDGE_CURVE('',#5590,#5592,#5594,.T.);
#5590 = VERTEX_POINT('',#5591);
#5591 = CARTESIAN_POINT('',(67.,67.736038969321,20.6));
#5592 = VERTEX_POINT('',#5593);
#5593 = CARTESIAN_POINT('',(67.,52.736038969321,5.6));
#5594 = SURFACE_CURVE('',#5595,(#5599,#5606),.PCURVE_S1.);
#5595 = LINE('',#5596,#5597);
#5596 = CARTESIAN_POINT('',(67.,40.649529226991,-6.48650974233));
#5597 = VECTOR('',#5598,1.);
#5598 = DIRECTION('',(0.,-0.707106781187,-0.707106781187));
#5599 = PCURVE('',#399,#5600);
#5600 = DEFINITIONAL_REPRESENTATION('',(#5601),#5605);
#5601 = LINE('',#5602,#5603);
#5602 = CARTESIAN_POINT('',(-6.48650974233,-30.65952922699));
#5603 = VECTOR('',#5604,1.);
#5604 = DIRECTION('',(-0.707106781187,0.707106781187));
#5605 = ( GEOMETRIC_REPRESENTATION_CONTEXT(2) 
PARAMETRIC_REPRESENTATION_CONTEXT() REPRESENTATION_CONTEXT('2D SPACE',''
  ) );
#5606 = PCURVE('',#3794,#5607);
#5607 = DEFINITIONAL_REPRESENTATION('',(#5608),#5612);
#5608 = LINE('',#5609,#5610);
#5609 = CARTESIAN_POINT('',(-17.09290599935,-7.));
#5610 = VECTOR('',#5611,1.);
#5611 = DIRECTION('',(-1.,-0.));
#5612 = ( GEOMETRIC_REPRESENTATION_CONTEXT(2) 
PARAMETRIC_REPRESENTATION_CONTEXT() REPRESENTATION_CONTEXT('2D SPACE',''
  ) );
#5613 = ORIENTED_EDGE('',*,*,#5614,.T.);
#5614 = EDGE_CURVE('',#5592,#5615,#5617,.T.);
#5615 = VERTEX_POINT('',#5616);
#5616 = CARTESIAN_POINT('',(67.,37.736038969321,20.6));
#5617 = SURFACE_CURVE('',#5618,(#5622,#5629),.PCURVE_S1.);
#5618 = LINE('',#5619,#5620);
#5619 = CARTESIAN_POINT('',(67.,35.949529226991,22.38650974233));
#5620 = VECTOR('',#5621,1.);
#5621 = DIRECTION('',(0.,-0.707106781187,0.707106781187));
#5622 = PCURVE('',#399,#5623);
#5623 = DEFINITIONAL_REPRESENTATION('',(#5624),#5628);
#5624 = LINE('',#5625,#5626);
#5625 = CARTESIAN_POINT('',(22.38650974233,-25.95952922699));
#5626 = VECTOR('',#5627,1.);
#5627 = DIRECTION('',(0.707106781187,0.707106781187));
#5628 = ( GEOMETRIC_REPRESENTATION_CONTEXT(2) 
PARAMETRIC_REPRESENTATION_CONTEXT() REPRESENTATION_CONTEXT('2D SPACE',''
  ) );
#5629 = PCURVE('',#3822,#5630);
#5630 = DEFINITIONAL_REPRESENTATION('',(#5631),#5635);
#5631 = LINE('',#5632,#5633);
#5632 = CARTESIAN_POINT('',(-2.526506306915,-7.));
#5633 = VECTOR('',#5634,1.);
#5634 = DIRECTION('',(-1.,-0.));
#5635 = ( GEOMETRIC_REPRESENTATION_CONTEXT(2) 
PARAMETRIC_REPRESENTATION_CONTEXT() REPRESENTATION_CONTEXT('2D SPACE',''
  ) );
#5636 = ORIENTED_EDGE('',*,*,#5637,.T.);
#5637 = EDGE_CURVE('',#5615,#5638,#5640,.T.);
#5638 = VERTEX_POINT('',#5639);
#5639 = CARTESIAN_POINT('',(67.,52.736038969321,35.6));
#5640 = SURFACE_CURVE('',#5641,(#5645,#5652),.PCURVE_S1.);
#5641 = LINE('',#5642,#5643);
#5642 = CARTESIAN_POINT('',(67.,33.149529226991,16.01349025767));
#5643 = VECTOR('',#5644,1.);
#5644 = DIRECTION('',(-0.,0.707106781187,0.707106781187));
#5645 = PCURVE('',#399,#5646);
#5646 = DEFINITIONAL_REPRESENTATION('',(#5647),#5651);
#5647 = LINE('',#5648,#5649);
#5648 = CARTESIAN_POINT('',(16.01349025767,-23.15952922699));
#5649 = VECTOR('',#5650,1.);
#5650 = DIRECTION('',(0.707106781187,-0.707106781187));
#5651 = ( GEOMETRIC_REPRESENTATION_CONTEXT(2) 
PARAMETRIC_REPRESENTATION_CONTEXT() REPRESENTATION_CONTEXT('2D SPACE',''
  ) );
#5652 = PCURVE('',#3850,#5653);
#5653 = DEFINITIONAL_REPRESENTATION('',(#5654),#5658);
#5654 = LINE('',#5655,#5656);
#5655 = CARTESIAN_POINT('',(27.699507717156,-7.));
#5656 = VECTOR('',#5657,1.);
#5657 = DIRECTION('',(-1.,0.));
#5658 = ( GEOMETRIC_REPRESENTATION_CONTEXT(2) 
PARAMETRIC_REPRESENTATION_CONTEXT() REPRESENTATION_CONTEXT('2D SPACE',''
  ) );
#5659 = ORIENTED_EDGE('',*,*,#5660,.T.);
#5660 = EDGE_CURVE('',#5638,#5590,#5661,.T.);
#5661 = SURFACE_CURVE('',#5662,(#5666,#5673),.PCURVE_S1.);
#5662 = LINE('',#5663,#5664);
#5663 = CARTESIAN_POINT('',(67.,58.449529226991,29.88650974233));
#5664 = VECTOR('',#5665,1.);
#5665 = DIRECTION('',(0.,0.707106781187,-0.707106781187));
#5666 = PCURVE('',#399,#5667);
#5667 = DEFINITIONAL_REPRESENTATION('',(#5668),#5672);
#5668 = LINE('',#5669,#5670);
#5669 = CARTESIAN_POINT('',(29.88650974233,-48.45952922699));
#5670 = VECTOR('',#5671,1.);
#5671 = DIRECTION('',(-0.707106781187,-0.707106781187));
#5672 = ( GEOMETRIC_REPRESENTATION_CONTEXT(2) 
PARAMETRIC_REPRESENTATION_CONTEXT() REPRESENTATION_CONTEXT('2D SPACE',''
  ) );
#5673 = PCURVE('',#3876,#5674);
#5674 = DEFINITIONAL_REPRESENTATION('',(#5675),#5679);
#5675 = LINE('',#5676,#5677);
#5676 = CARTESIAN_POINT('',(13.133108024713,-7.));
#5677 = VECTOR('',#5678,1.);
#5678 = DIRECTION('',(-1.,-0.));
#5679 = ( GEOMETRIC_REPRESENTATION_CONTEXT(2) 
PARAMETRIC_REPRESENTATION_CONTEXT() REPRESENTATION_CONTEXT('2D SPACE',''
  ) );
#5680 = FACE_BOUND('',#5681,.T.);
#5681 = EDGE_LOOP('',(#5682,#5712,#5745));
#5682 = ORIENTED_EDGE('',*,*,#5683,.T.);
#5683 = EDGE_CURVE('',#5684,#5686,#5688,.T.);
#5684 = VERTEX_POINT('',#5685);
#5685 = CARTESIAN_POINT('',(67.,17.5,40.381118318204));
#5686 = VERTEX_POINT('',#5687);
#5687 = CARTESIAN_POINT('',(67.,20.540559159102,37.340559159102));
#5688 = SURFACE_CURVE('',#5689,(#5693,#5700),.PCURVE_S1.);
#5689 = LINE('',#5690,#5691);
#5690 = CARTESIAN_POINT('',(67.,27.238059159102,30.643059159102));
#5691 = VECTOR('',#5692,1.);
#5692 = DIRECTION('',(0.,0.707106781187,-0.707106781187));
#5693 = PCURVE('',#399,#5694);
#5694 = DEFINITIONAL_REPRESENTATION('',(#5695),#5699);
#5695 = LINE('',#5696,#5697);
#5696 = CARTESIAN_POINT('',(30.643059159102,-17.2480591591));
#5697 = VECTOR('',#5698,1.);
#5698 = DIRECTION('',(-0.707106781187,-0.707106781187));
#5699 = ( GEOMETRIC_REPRESENTATION_CONTEXT(2) 
PARAMETRIC_REPRESENTATION_CONTEXT() REPRESENTATION_CONTEXT('2D SPACE',''
  ) );
#5700 = PCURVE('',#5701,#5706);
#5701 = PLANE('',#5702);
#5702 = AXIS2_PLACEMENT_3D('',#5703,#5704,#5705);
#5703 = CARTESIAN_POINT('',(60.,20.540559159102,37.340559159102));
#5704 = DIRECTION('',(0.,-0.707106781187,-0.707106781187));
#5705 = DIRECTION('',(0.,-0.707106781187,0.707106781187));
#5706 = DEFINITIONAL_REPRESENTATION('',(#5707),#5711);
#5707 = LINE('',#5708,#5709);
#5708 = CARTESIAN_POINT('',(-9.471695333994,-7.));
#5709 = VECTOR('',#5710,1.);
#5710 = DIRECTION('',(-1.,-0.));
#5711 = ( GEOMETRIC_REPRESENTATION_CONTEXT(2) 
PARAMETRIC_REPRESENTATION_CONTEXT() REPRESENTATION_CONTEXT('2D SPACE',''
  ) );
#5712 = ORIENTED_EDGE('',*,*,#5713,.T.);
#5713 = EDGE_CURVE('',#5686,#5714,#5716,.T.);
#5714 = VERTEX_POINT('',#5715);
#5715 = CARTESIAN_POINT('',(67.,14.459440840898,37.340559159102));
#5716 = SURFACE_CURVE('',#5717,(#5722,#5733),.PCURVE_S1.);
#5717 = CIRCLE('',#5718,4.3);
#5718 = AXIS2_PLACEMENT_3D('',#5719,#5720,#5721);
#5719 = CARTESIAN_POINT('',(67.,17.5,34.3));
#5720 = DIRECTION('',(-1.,-0.,0.));
#5721 = DIRECTION('',(0.,-1.652424966884E-15,-1.));
#5722 = PCURVE('',#399,#5723);
#5723 = DEFINITIONAL_REPRESENTATION('',(#5724),#5732);
#5724 = ( BOUNDED_CURVE() B_SPLINE_CURVE(2,(#5725,#5726,#5727,#5728,
#5729,#5730,#5731),.UNSPECIFIED.,.T.,.F.) B_SPLINE_CURVE_WITH_KNOTS((1,2
    ,2,2,2,1),(-2.094395102393,0.,2.094395102393,4.188790204786,
6.28318530718,8.377580409573),.UNSPECIFIED.) CURVE() 
GEOMETRIC_REPRESENTATION_ITEM() RATIONAL_B_SPLINE_CURVE((1.,0.5,1.,0.5,
1.,0.5,1.)) REPRESENTATION_ITEM('') );
#5725 = CARTESIAN_POINT('',(30.,-7.51));
#5726 = CARTESIAN_POINT('',(30.,-6.218152745384E-02));
#5727 = CARTESIAN_POINT('',(36.45,-3.786090763727));
#5728 = CARTESIAN_POINT('',(42.9,-7.51));
#5729 = CARTESIAN_POINT('',(36.45,-11.23390923627));
#5730 = CARTESIAN_POINT('',(30.,-14.95781847254));
#5731 = CARTESIAN_POINT('',(30.,-7.51));
#5732 = ( GEOMETRIC_REPRESENTATION_CONTEXT(2) 
PARAMETRIC_REPRESENTATION_CONTEXT() REPRESENTATION_CONTEXT('2D SPACE',''
  ) );
#5733 = PCURVE('',#5734,#5739);
#5734 = CYLINDRICAL_SURFACE('',#5735,4.3);
#5735 = AXIS2_PLACEMENT_3D('',#5736,#5737,#5738);
#5736 = CARTESIAN_POINT('',(60.,17.5,34.3));
#5737 = DIRECTION('',(-1.,-0.,-0.));
#5738 = DIRECTION('',(0.,-1.652424966884E-15,-1.));
#5739 = DEFINITIONAL_REPRESENTATION('',(#5740),#5744);
#5740 = LINE('',#5741,#5742);
#5741 = CARTESIAN_POINT('',(-6.28318530718,-7.));
#5742 = VECTOR('',#5743,1.);
#5743 = DIRECTION('',(1.,-0.));
#5744 = ( GEOMETRIC_REPRESENTATION_CONTEXT(2) 
PARAMETRIC_REPRESENTATION_CONTEXT() REPRESENTATION_CONTEXT('2D SPACE',''
  ) );
#5745 = ORIENTED_EDGE('',*,*,#5746,.T.);
#5746 = EDGE_CURVE('',#5714,#5684,#5747,.T.);
#5747 = SURFACE_CURVE('',#5748,(#5752,#5759),.PCURVE_S1.);
#5748 = LINE('',#5749,#5750);
#5749 = CARTESIAN_POINT('',(67.,5.527220420449,28.408338738653));
#5750 = VECTOR('',#5751,1.);
#5751 = DIRECTION('',(-0.,0.707106781187,0.707106781187));
#5752 = PCURVE('',#399,#5753);
#5753 = DEFINITIONAL_REPRESENTATION('',(#5754),#5758);
#5754 = LINE('',#5755,#5756);
#5755 = CARTESIAN_POINT('',(28.408338738653,4.462779579551));
#5756 = VECTOR('',#5757,1.);
#5757 = DIRECTION('',(0.707106781187,-0.707106781187));
#5758 = ( GEOMETRIC_REPRESENTATION_CONTEXT(2) 
PARAMETRIC_REPRESENTATION_CONTEXT() REPRESENTATION_CONTEXT('2D SPACE',''
  ) );
#5759 = PCURVE('',#5760,#5765);
#5760 = PLANE('',#5761);
#5761 = AXIS2_PLACEMENT_3D('',#5762,#5763,#5764);
#5762 = CARTESIAN_POINT('',(60.,17.5,40.381118318204));
#5763 = DIRECTION('',(0.,0.707106781187,-0.707106781187));
#5764 = DIRECTION('',(0.,-0.707106781187,-0.707106781187));
#5765 = DEFINITIONAL_REPRESENTATION('',(#5766),#5770);
#5766 = LINE('',#5767,#5768);
#5767 = CARTESIAN_POINT('',(16.932067260705,-7.));
#5768 = VECTOR('',#5769,1.);
#5769 = DIRECTION('',(-1.,0.));
#5770 = ( GEOMETRIC_REPRESENTATION_CONTEXT(2) 
PARAMETRIC_REPRESENTATION_CONTEXT() REPRESENTATION_CONTEXT('2D SPACE',''
  ) );
#5771 = ADVANCED_FACE('',(#5772,#5968,#6095),#371,.T.);
#5772 = FACE_BOUND('',#5773,.T.);
#5773 = EDGE_LOOP('',(#5774,#5799,#5820,#5821,#5822,#5845,#5873,#5896,
    #5924,#5947));
#5774 = ORIENTED_EDGE('',*,*,#5775,.F.);
#5775 = EDGE_CURVE('',#5776,#5778,#5780,.T.);
#5776 = VERTEX_POINT('',#5777);
#5777 = CARTESIAN_POINT('',(86.3,10.,0.3));
#5778 = VERTEX_POINT('',#5779);
#5779 = CARTESIAN_POINT('',(86.3,10.,43.6));
#5780 = SURFACE_CURVE('',#5781,(#5785,#5792),.PCURVE_S1.);
#5781 = LINE('',#5782,#5783);
#5782 = CARTESIAN_POINT('',(86.3,10.,0.));
#5783 = VECTOR('',#5784,1.);
#5784 = DIRECTION('',(0.,0.,1.));
#5785 = PCURVE('',#371,#5786);
#5786 = DEFINITIONAL_REPRESENTATION('',(#5787),#5791);
#5787 = LINE('',#5788,#5789);
#5788 = CARTESIAN_POINT('',(0.,83.3));
#5789 = VECTOR('',#5790,1.);
#5790 = DIRECTION('',(1.,0.));
#5791 = ( GEOMETRIC_REPRESENTATION_CONTEXT(2) 
PARAMETRIC_REPRESENTATION_CONTEXT() REPRESENTATION_CONTEXT('2D SPACE',''
  ) );
#5792 = PCURVE('',#1018,#5793);
#5793 = DEFINITIONAL_REPRESENTATION('',(#5794),#5798);
#5794 = LINE('',#5795,#5796);
#5795 = CARTESIAN_POINT('',(0.,-10.));
#5796 = VECTOR('',#5797,1.);
#5797 = DIRECTION('',(1.,0.));
#5798 = ( GEOMETRIC_REPRESENTATION_CONTEXT(2) 
PARAMETRIC_REPRESENTATION_CONTEXT() REPRESENTATION_CONTEXT('2D SPACE',''
  ) );
#5799 = ORIENTED_EDGE('',*,*,#5800,.F.);
#5800 = EDGE_CURVE('',#4804,#5776,#5801,.T.);
#5801 = SURFACE_CURVE('',#5802,(#5806,#5813),.PCURVE_S1.);
#5802 = LINE('',#5803,#5804);
#5803 = CARTESIAN_POINT('',(67.,10.,0.3));
#5804 = VECTOR('',#5805,1.);
#5805 = DIRECTION('',(1.,0.,0.));
#5806 = PCURVE('',#371,#5807);
#5807 = DEFINITIONAL_REPRESENTATION('',(#5808),#5812);
#5808 = LINE('',#5809,#5810);
#5809 = CARTESIAN_POINT('',(0.3,64.));
#5810 = VECTOR('',#5811,1.);
#5811 = DIRECTION('',(0.,1.));
#5812 = ( GEOMETRIC_REPRESENTATION_CONTEXT(2) 
PARAMETRIC_REPRESENTATION_CONTEXT() REPRESENTATION_CONTEXT('2D SPACE',''
  ) );
#5813 = PCURVE('',#2532,#5814);
#5814 = DEFINITIONAL_REPRESENTATION('',(#5815),#5819);
#5815 = LINE('',#5816,#5817);
#5816 = CARTESIAN_POINT('',(0.,0.212132034356));
#5817 = VECTOR('',#5818,1.);
#5818 = DIRECTION('',(1.,0.));
#5819 = ( GEOMETRIC_REPRESENTATION_CONTEXT(2) 
PARAMETRIC_REPRESENTATION_CONTEXT() REPRESENTATION_CONTEXT('2D SPACE',''
  ) );
#5820 = ORIENTED_EDGE('',*,*,#4803,.T.);
#5821 = ORIENTED_EDGE('',*,*,#355,.F.);
#5822 = ORIENTED_EDGE('',*,*,#5823,.F.);
#5823 = EDGE_CURVE('',#5824,#328,#5826,.T.);
#5824 = VERTEX_POINT('',#5825);
#5825 = CARTESIAN_POINT('',(73.254415587728,10.,40.220584412272));
#5826 = SURFACE_CURVE('',#5827,(#5831,#5838),.PCURVE_S1.);
#5827 = LINE('',#5828,#5829);
#5828 = CARTESIAN_POINT('',(47.783457793864,10.,14.749626618407));
#5829 = VECTOR('',#5830,1.);
#5830 = DIRECTION('',(0.707106781187,-0.,0.707106781187));
#5831 = PCURVE('',#371,#5832);
#5832 = DEFINITIONAL_REPRESENTATION('',(#5833),#5837);
#5833 = LINE('',#5834,#5835);
#5834 = CARTESIAN_POINT('',(14.749626618407,44.783457793864));
#5835 = VECTOR('',#5836,1.);
#5836 = DIRECTION('',(0.707106781187,0.707106781187));
#5837 = ( GEOMETRIC_REPRESENTATION_CONTEXT(2) 
PARAMETRIC_REPRESENTATION_CONTEXT() REPRESENTATION_CONTEXT('2D SPACE',''
  ) );
#5838 = PCURVE('',#343,#5839);
#5839 = DEFINITIONAL_REPRESENTATION('',(#5840),#5844);
#5840 = LINE('',#5841,#5842);
#5841 = CARTESIAN_POINT('',(42.096247692868,-11.));
#5842 = VECTOR('',#5843,1.);
#5843 = DIRECTION('',(-1.,0.));
#5844 = ( GEOMETRIC_REPRESENTATION_CONTEXT(2) 
PARAMETRIC_REPRESENTATION_CONTEXT() REPRESENTATION_CONTEXT('2D SPACE',''
  ) );
#5845 = ORIENTED_EDGE('',*,*,#5846,.T.);
#5846 = EDGE_CURVE('',#5824,#5847,#5849,.T.);
#5847 = VERTEX_POINT('',#5848);
#5848 = CARTESIAN_POINT('',(75.8,10.,34.075));
#5849 = SURFACE_CURVE('',#5850,(#5855,#5866),.PCURVE_S1.);
#5850 = CIRCLE('',#5851,3.6);
#5851 = AXIS2_PLACEMENT_3D('',#5852,#5853,#5854);
#5852 = CARTESIAN_POINT('',(75.8,10.,37.675));
#5853 = DIRECTION('',(0.,-1.,-0.));
#5854 = DIRECTION('',(-0.707106781187,-0.,0.707106781187));
#5855 = PCURVE('',#371,#5856);
#5856 = DEFINITIONAL_REPRESENTATION('',(#5857),#5865);
#5857 = ( BOUNDED_CURVE() B_SPLINE_CURVE(2,(#5858,#5859,#5860,#5861,
#5862,#5863,#5864),.UNSPECIFIED.,.T.,.F.) B_SPLINE_CURVE_WITH_KNOTS((1,2
    ,2,2,2,1),(-2.094395102393,0.,2.094395102393,4.188790204786,
6.28318530718,8.377580409573),.UNSPECIFIED.) CURVE() 
GEOMETRIC_REPRESENTATION_ITEM() RATIONAL_B_SPLINE_CURVE((1.,0.5,1.,0.5,
1.,0.5,1.)) REPRESENTATION_ITEM('') );
#5858 = CARTESIAN_POINT('',(40.220584412272,70.254415587728));
#5859 = CARTESIAN_POINT('',(35.811502875262,65.845334050719));
#5860 = CARTESIAN_POINT('',(34.197667025359,71.868251437631));
#5861 = CARTESIAN_POINT('',(32.583831175457,77.891168824543));
#5862 = CARTESIAN_POINT('',(38.606748562369,76.277332974641));
#5863 = CARTESIAN_POINT('',(44.629665949281,74.663497124738));
#5864 = CARTESIAN_POINT('',(40.220584412272,70.254415587728));
#5865 = ( GEOMETRIC_REPRESENTATION_CONTEXT(2) 
PARAMETRIC_REPRESENTATION_CONTEXT() REPRESENTATION_CONTEXT('2D SPACE',''
  ) );
#5866 = PCURVE('',#1097,#5867);
#5867 = DEFINITIONAL_REPRESENTATION('',(#5868),#5872);
#5868 = LINE('',#5869,#5870);
#5869 = CARTESIAN_POINT('',(0.,-11.));
#5870 = VECTOR('',#5871,1.);
#5871 = DIRECTION('',(1.,0.));
#5872 = ( GEOMETRIC_REPRESENTATION_CONTEXT(2) 
PARAMETRIC_REPRESENTATION_CONTEXT() REPRESENTATION_CONTEXT('2D SPACE',''
  ) );
#5873 = ORIENTED_EDGE('',*,*,#5874,.F.);
#5874 = EDGE_CURVE('',#5875,#5847,#5877,.T.);
#5875 = VERTEX_POINT('',#5876);
#5876 = CARTESIAN_POINT('',(79.3,10.,34.075));
#5877 = SURFACE_CURVE('',#5878,(#5882,#5889),.PCURVE_S1.);
#5878 = LINE('',#5879,#5880);
#5879 = CARTESIAN_POINT('',(39.4,10.,34.075));
#5880 = VECTOR('',#5881,1.);
#5881 = DIRECTION('',(-1.,0.,0.));
#5882 = PCURVE('',#371,#5883);
#5883 = DEFINITIONAL_REPRESENTATION('',(#5884),#5888);
#5884 = LINE('',#5885,#5886);
#5885 = CARTESIAN_POINT('',(34.075,36.4));
#5886 = VECTOR('',#5887,1.);
#5887 = DIRECTION('',(0.,-1.));
#5888 = ( GEOMETRIC_REPRESENTATION_CONTEXT(2) 
PARAMETRIC_REPRESENTATION_CONTEXT() REPRESENTATION_CONTEXT('2D SPACE',''
  ) );
#5889 = PCURVE('',#1125,#5890);
#5890 = DEFINITIONAL_REPRESENTATION('',(#5891),#5895);
#5891 = LINE('',#5892,#5893);
#5892 = CARTESIAN_POINT('',(-36.4,-11.));
#5893 = VECTOR('',#5894,1.);
#5894 = DIRECTION('',(-1.,0.));
#5895 = ( GEOMETRIC_REPRESENTATION_CONTEXT(2) 
PARAMETRIC_REPRESENTATION_CONTEXT() REPRESENTATION_CONTEXT('2D SPACE',''
  ) );
#5896 = ORIENTED_EDGE('',*,*,#5897,.T.);
#5897 = EDGE_CURVE('',#5875,#5898,#5900,.T.);
#5898 = VERTEX_POINT('',#5899);
#5899 = CARTESIAN_POINT('',(81.845584412272,10.,40.220584412272));
#5900 = SURFACE_CURVE('',#5901,(#5906,#5917),.PCURVE_S1.);
#5901 = CIRCLE('',#5902,3.6);
#5902 = AXIS2_PLACEMENT_3D('',#5903,#5904,#5905);
#5903 = CARTESIAN_POINT('',(79.3,10.,37.675));
#5904 = DIRECTION('',(0.,-1.,0.));
#5905 = DIRECTION('',(0.,0.,-1.));
#5906 = PCURVE('',#371,#5907);
#5907 = DEFINITIONAL_REPRESENTATION('',(#5908),#5916);
#5908 = ( BOUNDED_CURVE() B_SPLINE_CURVE(2,(#5909,#5910,#5911,#5912,
#5913,#5914,#5915),.UNSPECIFIED.,.T.,.F.) B_SPLINE_CURVE_WITH_KNOTS((1,2
    ,2,2,2,1),(-2.094395102393,0.,2.094395102393,4.188790204786,
6.28318530718,8.377580409573),.UNSPECIFIED.) CURVE() 
GEOMETRIC_REPRESENTATION_ITEM() RATIONAL_B_SPLINE_CURVE((1.,0.5,1.,0.5,
1.,0.5,1.)) REPRESENTATION_ITEM('') );
#5909 = CARTESIAN_POINT('',(34.075,76.3));
#5910 = CARTESIAN_POINT('',(34.075,82.535382907248));
#5911 = CARTESIAN_POINT('',(39.475,79.417691453624));
#5912 = CARTESIAN_POINT('',(44.875,76.3));
#5913 = CARTESIAN_POINT('',(39.475,73.182308546376));
#5914 = CARTESIAN_POINT('',(34.075,70.064617092752));
#5915 = CARTESIAN_POINT('',(34.075,76.3));
#5916 = ( GEOMETRIC_REPRESENTATION_CONTEXT(2) 
PARAMETRIC_REPRESENTATION_CONTEXT() REPRESENTATION_CONTEXT('2D SPACE',''
  ) );
#5917 = PCURVE('',#1158,#5918);
#5918 = DEFINITIONAL_REPRESENTATION('',(#5919),#5923);
#5919 = LINE('',#5920,#5921);
#5920 = CARTESIAN_POINT('',(0.,-11.));
#5921 = VECTOR('',#5922,1.);
#5922 = DIRECTION('',(1.,0.));
#5923 = ( GEOMETRIC_REPRESENTATION_CONTEXT(2) 
PARAMETRIC_REPRESENTATION_CONTEXT() REPRESENTATION_CONTEXT('2D SPACE',''
  ) );
#5924 = ORIENTED_EDGE('',*,*,#5925,.F.);
#5925 = EDGE_CURVE('',#5926,#5898,#5928,.T.);
#5926 = VERTEX_POINT('',#5927);
#5927 = CARTESIAN_POINT('',(78.466168824543,10.,43.6));
#5928 = SURFACE_CURVE('',#5929,(#5933,#5940),.PCURVE_S1.);
#5929 = LINE('',#5930,#5931);
#5930 = CARTESIAN_POINT('',(72.189334412272,10.,49.876834412272));
#5931 = VECTOR('',#5932,1.);
#5932 = DIRECTION('',(0.707106781187,0.,-0.707106781187));
#5933 = PCURVE('',#371,#5934);
#5934 = DEFINITIONAL_REPRESENTATION('',(#5935),#5939);
#5935 = LINE('',#5936,#5937);
#5936 = CARTESIAN_POINT('',(49.876834412272,69.189334412272));
#5937 = VECTOR('',#5938,1.);
#5938 = DIRECTION('',(-0.707106781187,0.707106781187));
#5939 = ( GEOMETRIC_REPRESENTATION_CONTEXT(2) 
PARAMETRIC_REPRESENTATION_CONTEXT() REPRESENTATION_CONTEXT('2D SPACE',''
  ) );
#5940 = PCURVE('',#1186,#5941);
#5941 = DEFINITIONAL_REPRESENTATION('',(#5942),#5946);
#5942 = LINE('',#5943,#5944);
#5943 = CARTESIAN_POINT('',(13.655999711665,-11.));
#5944 = VECTOR('',#5945,1.);
#5945 = DIRECTION('',(-1.,0.));
#5946 = ( GEOMETRIC_REPRESENTATION_CONTEXT(2) 
PARAMETRIC_REPRESENTATION_CONTEXT() REPRESENTATION_CONTEXT('2D SPACE',''
  ) );
#5947 = ORIENTED_EDGE('',*,*,#5948,.F.);
#5948 = EDGE_CURVE('',#5778,#5926,#5949,.T.);
#5949 = SURFACE_CURVE('',#5950,(#5954,#5961),.PCURVE_S1.);
#5950 = LINE('',#5951,#5952);
#5951 = CARTESIAN_POINT('',(86.3,10.,43.6));
#5952 = VECTOR('',#5953,1.);
#5953 = DIRECTION('',(-1.,0.,0.));
#5954 = PCURVE('',#371,#5955);
#5955 = DEFINITIONAL_REPRESENTATION('',(#5956),#5960);
#5956 = LINE('',#5957,#5958);
#5957 = CARTESIAN_POINT('',(43.6,83.3));
#5958 = VECTOR('',#5959,1.);
#5959 = DIRECTION('',(0.,-1.));
#5960 = ( GEOMETRIC_REPRESENTATION_CONTEXT(2) 
PARAMETRIC_REPRESENTATION_CONTEXT() REPRESENTATION_CONTEXT('2D SPACE',''
  ) );
#5961 = PCURVE('',#1212,#5962);
#5962 = DEFINITIONAL_REPRESENTATION('',(#5963),#5967);
#5963 = LINE('',#5964,#5965);
#5964 = CARTESIAN_POINT('',(83.3,10.));
#5965 = VECTOR('',#5966,1.);
#5966 = DIRECTION('',(-1.,0.));
#5967 = ( GEOMETRIC_REPRESENTATION_CONTEXT(2) 
PARAMETRIC_REPRESENTATION_CONTEXT() REPRESENTATION_CONTEXT('2D SPACE',''
  ) );
#5968 = FACE_BOUND('',#5969,.T.);
#5969 = EDGE_LOOP('',(#5970,#5995,#6023,#6046,#6069));
#5970 = ORIENTED_EDGE('',*,*,#5971,.F.);
#5971 = EDGE_CURVE('',#5972,#5974,#5976,.T.);
#5972 = VERTEX_POINT('',#5973);
#5973 = CARTESIAN_POINT('',(79.3,10.,2.325));
#5974 = VERTEX_POINT('',#5975);
#5975 = CARTESIAN_POINT('',(75.8,10.,2.325));
#5976 = SURFACE_CURVE('',#5977,(#5981,#5988),.PCURVE_S1.);
#5977 = LINE('',#5978,#5979);
#5978 = CARTESIAN_POINT('',(39.4,10.,2.325));
#5979 = VECTOR('',#5980,1.);
#5980 = DIRECTION('',(-1.,0.,0.));
#5981 = PCURVE('',#371,#5982);
#5982 = DEFINITIONAL_REPRESENTATION('',(#5983),#5987);
#5983 = LINE('',#5984,#5985);
#5984 = CARTESIAN_POINT('',(2.325,36.4));
#5985 = VECTOR('',#5986,1.);
#5986 = DIRECTION('',(0.,-1.));
#5987 = ( GEOMETRIC_REPRESENTATION_CONTEXT(2) 
PARAMETRIC_REPRESENTATION_CONTEXT() REPRESENTATION_CONTEXT('2D SPACE',''
  ) );
#5988 = PCURVE('',#1244,#5989);
#5989 = DEFINITIONAL_REPRESENTATION('',(#5990),#5994);
#5990 = LINE('',#5991,#5992);
#5991 = CARTESIAN_POINT('',(-36.4,-11.));
#5992 = VECTOR('',#5993,1.);
#5993 = DIRECTION('',(-1.,0.));
#5994 = ( GEOMETRIC_REPRESENTATION_CONTEXT(2) 
PARAMETRIC_REPRESENTATION_CONTEXT() REPRESENTATION_CONTEXT('2D SPACE',''
  ) );
#5995 = ORIENTED_EDGE('',*,*,#5996,.T.);
#5996 = EDGE_CURVE('',#5972,#5997,#5999,.T.);
#5997 = VERTEX_POINT('',#5998);
#5998 = CARTESIAN_POINT('',(81.845584412272,10.,8.470584412272));
#5999 = SURFACE_CURVE('',#6000,(#6005,#6016),.PCURVE_S1.);
#6000 = CIRCLE('',#6001,3.6);
#6001 = AXIS2_PLACEMENT_3D('',#6002,#6003,#6004);
#6002 = CARTESIAN_POINT('',(79.3,10.,5.925));
#6003 = DIRECTION('',(0.,-1.,0.));
#6004 = DIRECTION('',(0.,0.,-1.));
#6005 = PCURVE('',#371,#6006);
#6006 = DEFINITIONAL_REPRESENTATION('',(#6007),#6015);
#6007 = ( BOUNDED_CURVE() B_SPLINE_CURVE(2,(#6008,#6009,#6010,#6011,
#6012,#6013,#6014),.UNSPECIFIED.,.T.,.F.) B_SPLINE_CURVE_WITH_KNOTS((1,2
    ,2,2,2,1),(-2.094395102393,0.,2.094395102393,4.188790204786,
6.28318530718,8.377580409573),.UNSPECIFIED.) CURVE() 
GEOMETRIC_REPRESENTATION_ITEM() RATIONAL_B_SPLINE_CURVE((1.,0.5,1.,0.5,
1.,0.5,1.)) REPRESENTATION_ITEM('') );
#6008 = CARTESIAN_POINT('',(2.325,76.3));
#6009 = CARTESIAN_POINT('',(2.325,82.535382907248));
#6010 = CARTESIAN_POINT('',(7.725,79.417691453624));
#6011 = CARTESIAN_POINT('',(13.125,76.3));
#6012 = CARTESIAN_POINT('',(7.725,73.182308546376));
#6013 = CARTESIAN_POINT('',(2.325,70.064617092752));
#6014 = CARTESIAN_POINT('',(2.325,76.3));
#6015 = ( GEOMETRIC_REPRESENTATION_CONTEXT(2) 
PARAMETRIC_REPRESENTATION_CONTEXT() REPRESENTATION_CONTEXT('2D SPACE',''
  ) );
#6016 = PCURVE('',#1277,#6017);
#6017 = DEFINITIONAL_REPRESENTATION('',(#6018),#6022);
#6018 = LINE('',#6019,#6020);
#6019 = CARTESIAN_POINT('',(0.,-11.));
#6020 = VECTOR('',#6021,1.);
#6021 = DIRECTION('',(1.,0.));
#6022 = ( GEOMETRIC_REPRESENTATION_CONTEXT(2) 
PARAMETRIC_REPRESENTATION_CONTEXT() REPRESENTATION_CONTEXT('2D SPACE',''
  ) );
#6023 = ORIENTED_EDGE('',*,*,#6024,.F.);
#6024 = EDGE_CURVE('',#6025,#5997,#6027,.T.);
#6025 = VERTEX_POINT('',#6026);
#6026 = CARTESIAN_POINT('',(77.55,10.,12.766168824543));
#6027 = SURFACE_CURVE('',#6028,(#6032,#6039),.PCURVE_S1.);
#6028 = LINE('',#6029,#6030);
#6029 = CARTESIAN_POINT('',(64.251834412272,10.,26.064334412272));
#6030 = VECTOR('',#6031,1.);
#6031 = DIRECTION('',(0.707106781187,0.,-0.707106781187));
#6032 = PCURVE('',#371,#6033);
#6033 = DEFINITIONAL_REPRESENTATION('',(#6034),#6038);
#6034 = LINE('',#6035,#6036);
#6035 = CARTESIAN_POINT('',(26.064334412272,61.251834412272));
#6036 = VECTOR('',#6037,1.);
#6037 = DIRECTION('',(-0.707106781187,0.707106781187));
#6038 = ( GEOMETRIC_REPRESENTATION_CONTEXT(2) 
PARAMETRIC_REPRESENTATION_CONTEXT() REPRESENTATION_CONTEXT('2D SPACE',''
  ) );
#6039 = PCURVE('',#1305,#6040);
#6040 = DEFINITIONAL_REPRESENTATION('',(#6041),#6045);
#6041 = LINE('',#6042,#6043);
#6042 = CARTESIAN_POINT('',(24.881319863002,-11.));
#6043 = VECTOR('',#6044,1.);
#6044 = DIRECTION('',(-1.,0.));
#6045 = ( GEOMETRIC_REPRESENTATION_CONTEXT(2) 
PARAMETRIC_REPRESENTATION_CONTEXT() REPRESENTATION_CONTEXT('2D SPACE',''
  ) );
#6046 = ORIENTED_EDGE('',*,*,#6047,.F.);
#6047 = EDGE_CURVE('',#6048,#6025,#6050,.T.);
#6048 = VERTEX_POINT('',#6049);
#6049 = CARTESIAN_POINT('',(73.254415587728,10.,8.470584412272));
#6050 = SURFACE_CURVE('',#6051,(#6055,#6062),.PCURVE_S1.);
#6051 = LINE('',#6052,#6053);
#6052 = CARTESIAN_POINT('',(55.720957793864,10.,-9.062873381593));
#6053 = VECTOR('',#6054,1.);
#6054 = DIRECTION('',(0.707106781187,-0.,0.707106781187));
#6055 = PCURVE('',#371,#6056);
#6056 = DEFINITIONAL_REPRESENTATION('',(#6057),#6061);
#6057 = LINE('',#6058,#6059);
#6058 = CARTESIAN_POINT('',(-9.062873381593,52.720957793864));
#6059 = VECTOR('',#6060,1.);
#6060 = DIRECTION('',(0.707106781187,0.707106781187));
#6061 = ( GEOMETRIC_REPRESENTATION_CONTEXT(2) 
PARAMETRIC_REPRESENTATION_CONTEXT() REPRESENTATION_CONTEXT('2D SPACE',''
  ) );
#6062 = PCURVE('',#1333,#6063);
#6063 = DEFINITIONAL_REPRESENTATION('',(#6064),#6068);
#6064 = LINE('',#6065,#6066);
#6065 = CARTESIAN_POINT('',(30.870927541532,-11.));
#6066 = VECTOR('',#6067,1.);
#6067 = DIRECTION('',(-1.,0.));
#6068 = ( GEOMETRIC_REPRESENTATION_CONTEXT(2) 
PARAMETRIC_REPRESENTATION_CONTEXT() REPRESENTATION_CONTEXT('2D SPACE',''
  ) );
#6069 = ORIENTED_EDGE('',*,*,#6070,.T.);
#6070 = EDGE_CURVE('',#6048,#5974,#6071,.T.);
#6071 = SURFACE_CURVE('',#6072,(#6077,#6088),.PCURVE_S1.);
#6072 = CIRCLE('',#6073,3.6);
#6073 = AXIS2_PLACEMENT_3D('',#6074,#6075,#6076);
#6074 = CARTESIAN_POINT('',(75.8,10.,5.925));
#6075 = DIRECTION('',(0.,-1.,-0.));
#6076 = DIRECTION('',(-0.707106781187,-0.,0.707106781187));
#6077 = PCURVE('',#371,#6078);
#6078 = DEFINITIONAL_REPRESENTATION('',(#6079),#6087);
#6079 = ( BOUNDED_CURVE() B_SPLINE_CURVE(2,(#6080,#6081,#6082,#6083,
#6084,#6085,#6086),.UNSPECIFIED.,.T.,.F.) B_SPLINE_CURVE_WITH_KNOTS((1,2
    ,2,2,2,1),(-2.094395102393,0.,2.094395102393,4.188790204786,
6.28318530718,8.377580409573),.UNSPECIFIED.) CURVE() 
GEOMETRIC_REPRESENTATION_ITEM() RATIONAL_B_SPLINE_CURVE((1.,0.5,1.,0.5,
1.,0.5,1.)) REPRESENTATION_ITEM('') );
#6080 = CARTESIAN_POINT('',(8.470584412272,70.254415587728));
#6081 = CARTESIAN_POINT('',(4.061502875262,65.845334050719));
#6082 = CARTESIAN_POINT('',(2.447667025359,71.868251437631));
#6083 = CARTESIAN_POINT('',(0.833831175457,77.891168824543));
#6084 = CARTESIAN_POINT('',(6.856748562369,76.277332974641));
#6085 = CARTESIAN_POINT('',(12.879665949281,74.663497124738));
#6086 = CARTESIAN_POINT('',(8.470584412272,70.254415587728));
#6087 = ( GEOMETRIC_REPRESENTATION_CONTEXT(2) 
PARAMETRIC_REPRESENTATION_CONTEXT() REPRESENTATION_CONTEXT('2D SPACE',''
  ) );
#6088 = PCURVE('',#1364,#6089);
#6089 = DEFINITIONAL_REPRESENTATION('',(#6090),#6094);
#6090 = LINE('',#6091,#6092);
#6091 = CARTESIAN_POINT('',(0.,-11.));
#6092 = VECTOR('',#6093,1.);
#6093 = DIRECTION('',(1.,0.));
#6094 = ( GEOMETRIC_REPRESENTATION_CONTEXT(2) 
PARAMETRIC_REPRESENTATION_CONTEXT() REPRESENTATION_CONTEXT('2D SPACE',''
  ) );
#6095 = FACE_BOUND('',#6096,.T.);
#6096 = EDGE_LOOP('',(#6097,#6122,#6150,#6173,#6196));
#6097 = ORIENTED_EDGE('',*,*,#6098,.F.);
#6098 = EDGE_CURVE('',#6099,#6101,#6103,.T.);
#6099 = VERTEX_POINT('',#6100);
#6100 = CARTESIAN_POINT('',(79.3,10.,18.2));
#6101 = VERTEX_POINT('',#6102);
#6102 = CARTESIAN_POINT('',(75.8,10.,18.2));
#6103 = SURFACE_CURVE('',#6104,(#6108,#6115),.PCURVE_S1.);
#6104 = LINE('',#6105,#6106);
#6105 = CARTESIAN_POINT('',(39.4,10.,18.2));
#6106 = VECTOR('',#6107,1.);
#6107 = DIRECTION('',(-1.,0.,0.));
#6108 = PCURVE('',#371,#6109);
#6109 = DEFINITIONAL_REPRESENTATION('',(#6110),#6114);
#6110 = LINE('',#6111,#6112);
#6111 = CARTESIAN_POINT('',(18.2,36.4));
#6112 = VECTOR('',#6113,1.);
#6113 = DIRECTION('',(0.,-1.));
#6114 = ( GEOMETRIC_REPRESENTATION_CONTEXT(2) 
PARAMETRIC_REPRESENTATION_CONTEXT() REPRESENTATION_CONTEXT('2D SPACE',''
  ) );
#6115 = PCURVE('',#1396,#6116);
#6116 = DEFINITIONAL_REPRESENTATION('',(#6117),#6121);
#6117 = LINE('',#6118,#6119);
#6118 = CARTESIAN_POINT('',(-36.4,-11.));
#6119 = VECTOR('',#6120,1.);
#6120 = DIRECTION('',(-1.,0.));
#6121 = ( GEOMETRIC_REPRESENTATION_CONTEXT(2) 
PARAMETRIC_REPRESENTATION_CONTEXT() REPRESENTATION_CONTEXT('2D SPACE',''
  ) );
#6122 = ORIENTED_EDGE('',*,*,#6123,.T.);
#6123 = EDGE_CURVE('',#6099,#6124,#6126,.T.);
#6124 = VERTEX_POINT('',#6125);
#6125 = CARTESIAN_POINT('',(81.845584412272,10.,24.345584412272));
#6126 = SURFACE_CURVE('',#6127,(#6132,#6143),.PCURVE_S1.);
#6127 = CIRCLE('',#6128,3.6);
#6128 = AXIS2_PLACEMENT_3D('',#6129,#6130,#6131);
#6129 = CARTESIAN_POINT('',(79.3,10.,21.8));
#6130 = DIRECTION('',(0.,-1.,0.));
#6131 = DIRECTION('',(0.,0.,-1.));
#6132 = PCURVE('',#371,#6133);
#6133 = DEFINITIONAL_REPRESENTATION('',(#6134),#6142);
#6134 = ( BOUNDED_CURVE() B_SPLINE_CURVE(2,(#6135,#6136,#6137,#6138,
#6139,#6140,#6141),.UNSPECIFIED.,.T.,.F.) B_SPLINE_CURVE_WITH_KNOTS((1,2
    ,2,2,2,1),(-2.094395102393,0.,2.094395102393,4.188790204786,
6.28318530718,8.377580409573),.UNSPECIFIED.) CURVE() 
GEOMETRIC_REPRESENTATION_ITEM() RATIONAL_B_SPLINE_CURVE((1.,0.5,1.,0.5,
1.,0.5,1.)) REPRESENTATION_ITEM('') );
#6135 = CARTESIAN_POINT('',(18.2,76.3));
#6136 = CARTESIAN_POINT('',(18.2,82.535382907248));
#6137 = CARTESIAN_POINT('',(23.6,79.417691453624));
#6138 = CARTESIAN_POINT('',(29.,76.3));
#6139 = CARTESIAN_POINT('',(23.6,73.182308546376));
#6140 = CARTESIAN_POINT('',(18.2,70.064617092752));
#6141 = CARTESIAN_POINT('',(18.2,76.3));
#6142 = ( GEOMETRIC_REPRESENTATION_CONTEXT(2) 
PARAMETRIC_REPRESENTATION_CONTEXT() REPRESENTATION_CONTEXT('2D SPACE',''
  ) );
#6143 = PCURVE('',#1429,#6144);
#6144 = DEFINITIONAL_REPRESENTATION('',(#6145),#6149);
#6145 = LINE('',#6146,#6147);
#6146 = CARTESIAN_POINT('',(0.,-11.));
#6147 = VECTOR('',#6148,1.);
#6148 = DIRECTION('',(1.,0.));
#6149 = ( GEOMETRIC_REPRESENTATION_CONTEXT(2) 
PARAMETRIC_REPRESENTATION_CONTEXT() REPRESENTATION_CONTEXT('2D SPACE',''
  ) );
#6150 = ORIENTED_EDGE('',*,*,#6151,.F.);
#6151 = EDGE_CURVE('',#6152,#6124,#6154,.T.);
#6152 = VERTEX_POINT('',#6153);
#6153 = CARTESIAN_POINT('',(77.55,10.,28.641168824543));
#6154 = SURFACE_CURVE('',#6155,(#6159,#6166),.PCURVE_S1.);
#6155 = LINE('',#6156,#6157);
#6156 = CARTESIAN_POINT('',(68.220584412272,10.,37.970584412272));
#6157 = VECTOR('',#6158,1.);
#6158 = DIRECTION('',(0.707106781187,0.,-0.707106781187));
#6159 = PCURVE('',#371,#6160);
#6160 = DEFINITIONAL_REPRESENTATION('',(#6161),#6165);
#6161 = LINE('',#6162,#6163);
#6162 = CARTESIAN_POINT('',(37.970584412272,65.220584412272));
#6163 = VECTOR('',#6164,1.);
#6164 = DIRECTION('',(-0.707106781187,0.707106781187));
#6165 = ( GEOMETRIC_REPRESENTATION_CONTEXT(2) 
PARAMETRIC_REPRESENTATION_CONTEXT() REPRESENTATION_CONTEXT('2D SPACE',''
  ) );
#6166 = PCURVE('',#1457,#6167);
#6167 = DEFINITIONAL_REPRESENTATION('',(#6168),#6172);
#6168 = LINE('',#6169,#6170);
#6169 = CARTESIAN_POINT('',(19.268659787333,-11.));
#6170 = VECTOR('',#6171,1.);
#6171 = DIRECTION('',(-1.,0.));
#6172 = ( GEOMETRIC_REPRESENTATION_CONTEXT(2) 
PARAMETRIC_REPRESENTATION_CONTEXT() REPRESENTATION_CONTEXT('2D SPACE',''
  ) );
#6173 = ORIENTED_EDGE('',*,*,#6174,.F.);
#6174 = EDGE_CURVE('',#6175,#6152,#6177,.T.);
#6175 = VERTEX_POINT('',#6176);
#6176 = CARTESIAN_POINT('',(73.254415587728,10.,24.345584412272));
#6177 = SURFACE_CURVE('',#6178,(#6182,#6189),.PCURVE_S1.);
#6178 = LINE('',#6179,#6180);
#6179 = CARTESIAN_POINT('',(51.752207793864,10.,2.843376618407));
#6180 = VECTOR('',#6181,1.);
#6181 = DIRECTION('',(0.707106781187,-0.,0.707106781187));
#6182 = PCURVE('',#371,#6183);
#6183 = DEFINITIONAL_REPRESENTATION('',(#6184),#6188);
#6184 = LINE('',#6185,#6186);
#6185 = CARTESIAN_POINT('',(2.843376618407,48.752207793864));
#6186 = VECTOR('',#6187,1.);
#6187 = DIRECTION('',(0.707106781187,0.707106781187));
#6188 = ( GEOMETRIC_REPRESENTATION_CONTEXT(2) 
PARAMETRIC_REPRESENTATION_CONTEXT() REPRESENTATION_CONTEXT('2D SPACE',''
  ) );
#6189 = PCURVE('',#1485,#6190);
#6190 = DEFINITIONAL_REPRESENTATION('',(#6191),#6195);
#6191 = LINE('',#6192,#6193);
#6192 = CARTESIAN_POINT('',(36.4835876172,-11.));
#6193 = VECTOR('',#6194,1.);
#6194 = DIRECTION('',(-1.,0.));
#6195 = ( GEOMETRIC_REPRESENTATION_CONTEXT(2) 
PARAMETRIC_REPRESENTATION_CONTEXT() REPRESENTATION_CONTEXT('2D SPACE',''
  ) );
#6196 = ORIENTED_EDGE('',*,*,#6197,.T.);
#6197 = EDGE_CURVE('',#6175,#6101,#6198,.T.);
#6198 = SURFACE_CURVE('',#6199,(#6204,#6215),.PCURVE_S1.);
#6199 = CIRCLE('',#6200,3.6);
#6200 = AXIS2_PLACEMENT_3D('',#6201,#6202,#6203);
#6201 = CARTESIAN_POINT('',(75.8,10.,21.8));
#6202 = DIRECTION('',(0.,-1.,-0.));
#6203 = DIRECTION('',(-0.707106781187,-0.,0.707106781187));
#6204 = PCURVE('',#371,#6205);
#6205 = DEFINITIONAL_REPRESENTATION('',(#6206),#6214);
#6206 = ( BOUNDED_CURVE() B_SPLINE_CURVE(2,(#6207,#6208,#6209,#6210,
#6211,#6212,#6213),.UNSPECIFIED.,.T.,.F.) B_SPLINE_CURVE_WITH_KNOTS((1,2
    ,2,2,2,1),(-2.094395102393,0.,2.094395102393,4.188790204786,
6.28318530718,8.377580409573),.UNSPECIFIED.) CURVE() 
GEOMETRIC_REPRESENTATION_ITEM() RATIONAL_B_SPLINE_CURVE((1.,0.5,1.,0.5,
1.,0.5,1.)) REPRESENTATION_ITEM('') );
#6207 = CARTESIAN_POINT('',(24.345584412272,70.254415587728));
#6208 = CARTESIAN_POINT('',(19.936502875262,65.845334050719));
#6209 = CARTESIAN_POINT('',(18.322667025359,71.868251437631));
#6210 = CARTESIAN_POINT('',(16.708831175457,77.891168824543));
#6211 = CARTESIAN_POINT('',(22.731748562369,76.277332974641));
#6212 = CARTESIAN_POINT('',(28.754665949281,74.663497124738));
#6213 = CARTESIAN_POINT('',(24.345584412272,70.254415587728));
#6214 = ( GEOMETRIC_REPRESENTATION_CONTEXT(2) 
PARAMETRIC_REPRESENTATION_CONTEXT() REPRESENTATION_CONTEXT('2D SPACE',''
  ) );
#6215 = PCURVE('',#1516,#6216);
#6216 = DEFINITIONAL_REPRESENTATION('',(#6217),#6221);
#6217 = LINE('',#6218,#6219);
#6218 = CARTESIAN_POINT('',(0.,-11.));
#6219 = VECTOR('',#6220,1.);
#6220 = DIRECTION('',(1.,0.));
#6221 = ( GEOMETRIC_REPRESENTATION_CONTEXT(2) 
PARAMETRIC_REPRESENTATION_CONTEXT() REPRESENTATION_CONTEXT('2D SPACE',''
  ) );
#6222 = ADVANCED_FACE('',(#6223),#343,.F.);
#6223 = FACE_BOUND('',#6224,.F.);
#6224 = EDGE_LOOP('',(#6225,#6246,#6247,#6248));
#6225 = ORIENTED_EDGE('',*,*,#6226,.F.);
#6226 = EDGE_CURVE('',#1054,#5824,#6227,.T.);
#6227 = SURFACE_CURVE('',#6228,(#6232,#6239),.PCURVE_S1.);
#6228 = LINE('',#6229,#6230);
#6229 = CARTESIAN_POINT('',(73.254415587728,-1.,40.220584412272));
#6230 = VECTOR('',#6231,1.);
#6231 = DIRECTION('',(-0.,1.,-0.));
#6232 = PCURVE('',#343,#6233);
#6233 = DEFINITIONAL_REPRESENTATION('',(#6234),#6238);
#6234 = LINE('',#6235,#6236);
#6235 = CARTESIAN_POINT('',(6.074873734153,0.));
#6236 = VECTOR('',#6237,1.);
#6237 = DIRECTION('',(0.,-1.));
#6238 = ( GEOMETRIC_REPRESENTATION_CONTEXT(2) 
PARAMETRIC_REPRESENTATION_CONTEXT() REPRESENTATION_CONTEXT('2D SPACE',''
  ) );
#6239 = PCURVE('',#1097,#6240);
#6240 = DEFINITIONAL_REPRESENTATION('',(#6241),#6245);
#6241 = LINE('',#6242,#6243);
#6242 = CARTESIAN_POINT('',(0.,0.));
#6243 = VECTOR('',#6244,1.);
#6244 = DIRECTION('',(0.,-1.));
#6245 = ( GEOMETRIC_REPRESENTATION_CONTEXT(2) 
PARAMETRIC_REPRESENTATION_CONTEXT() REPRESENTATION_CONTEXT('2D SPACE',''
  ) );
#6246 = ORIENTED_EDGE('',*,*,#1053,.T.);
#6247 = ORIENTED_EDGE('',*,*,#327,.F.);
#6248 = ORIENTED_EDGE('',*,*,#5823,.F.);
#6249 = ADVANCED_FACE('',(#6250),#787,.T.);
#6250 = FACE_BOUND('',#6251,.T.);
#6251 = EDGE_LOOP('',(#6252,#6253,#6276,#6304,#6332,#6365,#6388,#6416,
    #6444,#6477,#6500,#6528));
#6252 = ORIENTED_EDGE('',*,*,#769,.F.);
#6253 = ORIENTED_EDGE('',*,*,#6254,.F.);
#6254 = EDGE_CURVE('',#6255,#770,#6257,.T.);
#6255 = VERTEX_POINT('',#6256);
#6256 = CARTESIAN_POINT('',(6.,16.,38.315432893255));
#6257 = SURFACE_CURVE('',#6258,(#6262,#6269),.PCURVE_S1.);
#6258 = LINE('',#6259,#6260);
#6259 = CARTESIAN_POINT('',(6.,16.,2.6));
#6260 = VECTOR('',#6261,1.);
#6261 = DIRECTION('',(0.,0.,1.));
#6262 = PCURVE('',#787,#6263);
#6263 = DEFINITIONAL_REPRESENTATION('',(#6264),#6268);
#6264 = LINE('',#6265,#6266);
#6265 = CARTESIAN_POINT('',(2.6,-12.8));
#6266 = VECTOR('',#6267,1.);
#6267 = DIRECTION('',(1.,0.));
#6268 = ( GEOMETRIC_REPRESENTATION_CONTEXT(2) 
PARAMETRIC_REPRESENTATION_CONTEXT() REPRESENTATION_CONTEXT('2D SPACE',''
  ) );
#6269 = PCURVE('',#985,#6270);
#6270 = DEFINITIONAL_REPRESENTATION('',(#6271),#6275);
#6271 = LINE('',#6272,#6273);
#6272 = CARTESIAN_POINT('',(-3.14159265359,0.));
#6273 = VECTOR('',#6274,1.);
#6274 = DIRECTION('',(-0.,-1.));
#6275 = ( GEOMETRIC_REPRESENTATION_CONTEXT(2) 
PARAMETRIC_REPRESENTATION_CONTEXT() REPRESENTATION_CONTEXT('2D SPACE',''
  ) );
#6276 = ORIENTED_EDGE('',*,*,#6277,.T.);
#6277 = EDGE_CURVE('',#6255,#6278,#6280,.T.);
#6278 = VERTEX_POINT('',#6279);
#6279 = CARTESIAN_POINT('',(6.,17.5,39.815432893255));
#6280 = SURFACE_CURVE('',#6281,(#6285,#6292),.PCURVE_S1.);
#6281 = LINE('',#6282,#6283);
#6282 = CARTESIAN_POINT('',(6.,3.971141776686,26.286574669941));
#6283 = VECTOR('',#6284,1.);
#6284 = DIRECTION('',(-0.,0.707106781187,0.707106781187));
#6285 = PCURVE('',#787,#6286);
#6286 = DEFINITIONAL_REPRESENTATION('',(#6287),#6291);
#6287 = LINE('',#6288,#6289);
#6288 = CARTESIAN_POINT('',(26.286574669941,-0.771141776686));
#6289 = VECTOR('',#6290,1.);
#6290 = DIRECTION('',(0.707106781187,-0.707106781187));
#6291 = ( GEOMETRIC_REPRESENTATION_CONTEXT(2) 
PARAMETRIC_REPRESENTATION_CONTEXT() REPRESENTATION_CONTEXT('2D SPACE',''
  ) );
#6292 = PCURVE('',#6293,#6298);
#6293 = PLANE('',#6294);
#6294 = AXIS2_PLACEMENT_3D('',#6295,#6296,#6297);
#6295 = CARTESIAN_POINT('',(2.4,17.5,39.815432893255));
#6296 = DIRECTION('',(0.,0.707106781187,-0.707106781187));
#6297 = DIRECTION('',(0.,-0.707106781187,-0.707106781187));
#6298 = DEFINITIONAL_REPRESENTATION('',(#6299),#6303);
#6299 = LINE('',#6300,#6301);
#6300 = CARTESIAN_POINT('',(19.132694782833,-3.6));
#6301 = VECTOR('',#6302,1.);
#6302 = DIRECTION('',(-1.,0.));
#6303 = ( GEOMETRIC_REPRESENTATION_CONTEXT(2) 
PARAMETRIC_REPRESENTATION_CONTEXT() REPRESENTATION_CONTEXT('2D SPACE',''
  ) );
#6304 = ORIENTED_EDGE('',*,*,#6305,.T.);
#6305 = EDGE_CURVE('',#6278,#6306,#6308,.T.);
#6306 = VERTEX_POINT('',#6307);
#6307 = CARTESIAN_POINT('',(6.,20.257716446628,37.057716446628));
#6308 = SURFACE_CURVE('',#6309,(#6313,#6320),.PCURVE_S1.);
#6309 = LINE('',#6310,#6311);
#6310 = CARTESIAN_POINT('',(6.,25.257716446628,32.057716446628));
#6311 = VECTOR('',#6312,1.);
#6312 = DIRECTION('',(0.,0.707106781187,-0.707106781187));
#6313 = PCURVE('',#787,#6314);
#6314 = DEFINITIONAL_REPRESENTATION('',(#6315),#6319);
#6315 = LINE('',#6316,#6317);
#6316 = CARTESIAN_POINT('',(32.057716446628,-22.05771644662));
#6317 = VECTOR('',#6318,1.);
#6318 = DIRECTION('',(-0.707106781187,-0.707106781187));
#6319 = ( GEOMETRIC_REPRESENTATION_CONTEXT(2) 
PARAMETRIC_REPRESENTATION_CONTEXT() REPRESENTATION_CONTEXT('2D SPACE',''
  ) );
#6320 = PCURVE('',#6321,#6326);
#6321 = PLANE('',#6322);
#6322 = AXIS2_PLACEMENT_3D('',#6323,#6324,#6325);
#6323 = CARTESIAN_POINT('',(2.4,20.257716446628,37.057716446628));
#6324 = DIRECTION('',(0.,-0.707106781187,-0.707106781187));
#6325 = DIRECTION('',(0.,-0.707106781187,0.707106781187));
#6326 = DEFINITIONAL_REPRESENTATION('',(#6327),#6331);
#6327 = LINE('',#6328,#6329);
#6328 = CARTESIAN_POINT('',(-7.071067811865,-3.6));
#6329 = VECTOR('',#6330,1.);
#6330 = DIRECTION('',(-1.,-0.));
#6331 = ( GEOMETRIC_REPRESENTATION_CONTEXT(2) 
PARAMETRIC_REPRESENTATION_CONTEXT() REPRESENTATION_CONTEXT('2D SPACE',''
  ) );
#6332 = ORIENTED_EDGE('',*,*,#6333,.T.);
#6333 = EDGE_CURVE('',#6306,#6334,#6336,.T.);
#6334 = VERTEX_POINT('',#6335);
#6335 = CARTESIAN_POINT('',(6.,16.,30.7));
#6336 = SURFACE_CURVE('',#6337,(#6342,#6353),.PCURVE_S1.);
#6337 = CIRCLE('',#6338,3.9);
#6338 = AXIS2_PLACEMENT_3D('',#6339,#6340,#6341);
#6339 = CARTESIAN_POINT('',(6.,17.5,34.3));
#6340 = DIRECTION('',(-1.,-0.,0.));
#6341 = DIRECTION('',(-0.,9.109522253335E-16,-1.));
#6342 = PCURVE('',#787,#6343);
#6343 = DEFINITIONAL_REPRESENTATION('',(#6344),#6352);
#6344 = ( BOUNDED_CURVE() B_SPLINE_CURVE(2,(#6345,#6346,#6347,#6348,
#6349,#6350,#6351),.UNSPECIFIED.,.T.,.F.) B_SPLINE_CURVE_WITH_KNOTS((1,2
    ,2,2,2,1),(-2.094395102393,0.,2.094395102393,4.188790204786,
6.28318530718,8.377580409573),.UNSPECIFIED.) CURVE() 
GEOMETRIC_REPRESENTATION_ITEM() RATIONAL_B_SPLINE_CURVE((1.,0.5,1.,0.5,
1.,0.5,1.)) REPRESENTATION_ITEM('') );
#6345 = CARTESIAN_POINT('',(30.4,-14.3));
#6346 = CARTESIAN_POINT('',(30.4,-7.545001850481));
#6347 = CARTESIAN_POINT('',(36.25,-10.92250092524));
#6348 = CARTESIAN_POINT('',(42.1,-14.3));
#6349 = CARTESIAN_POINT('',(36.25,-17.67749907475));
#6350 = CARTESIAN_POINT('',(30.4,-21.05499814951));
#6351 = CARTESIAN_POINT('',(30.4,-14.3));
#6352 = ( GEOMETRIC_REPRESENTATION_CONTEXT(2) 
PARAMETRIC_REPRESENTATION_CONTEXT() REPRESENTATION_CONTEXT('2D SPACE',''
  ) );
#6353 = PCURVE('',#6354,#6359);
#6354 = CYLINDRICAL_SURFACE('',#6355,3.9);
#6355 = AXIS2_PLACEMENT_3D('',#6356,#6357,#6358);
#6356 = CARTESIAN_POINT('',(2.4,17.5,34.3));
#6357 = DIRECTION('',(-1.,-0.,0.));
#6358 = DIRECTION('',(-0.,9.109522253335E-16,-1.));
#6359 = DEFINITIONAL_REPRESENTATION('',(#6360),#6364);
#6360 = LINE('',#6361,#6362);
#6361 = CARTESIAN_POINT('',(-12.56637061435,-3.6));
#6362 = VECTOR('',#6363,1.);
#6363 = DIRECTION('',(1.,-0.));
#6364 = ( GEOMETRIC_REPRESENTATION_CONTEXT(2) 
PARAMETRIC_REPRESENTATION_CONTEXT() REPRESENTATION_CONTEXT('2D SPACE',''
  ) );
#6365 = ORIENTED_EDGE('',*,*,#6366,.F.);
#6366 = EDGE_CURVE('',#6367,#6334,#6369,.T.);
#6367 = VERTEX_POINT('',#6368);
#6368 = CARTESIAN_POINT('',(6.,16.,13.315432893255));
#6369 = SURFACE_CURVE('',#6370,(#6374,#6381),.PCURVE_S1.);
#6370 = LINE('',#6371,#6372);
#6371 = CARTESIAN_POINT('',(6.,16.,2.6));
#6372 = VECTOR('',#6373,1.);
#6373 = DIRECTION('',(0.,0.,1.));
#6374 = PCURVE('',#787,#6375);
#6375 = DEFINITIONAL_REPRESENTATION('',(#6376),#6380);
#6376 = LINE('',#6377,#6378);
#6377 = CARTESIAN_POINT('',(2.6,-12.8));
#6378 = VECTOR('',#6379,1.);
#6379 = DIRECTION('',(1.,0.));
#6380 = ( GEOMETRIC_REPRESENTATION_CONTEXT(2) 
PARAMETRIC_REPRESENTATION_CONTEXT() REPRESENTATION_CONTEXT('2D SPACE',''
  ) );
#6381 = PCURVE('',#985,#6382);
#6382 = DEFINITIONAL_REPRESENTATION('',(#6383),#6387);
#6383 = LINE('',#6384,#6385);
#6384 = CARTESIAN_POINT('',(-3.14159265359,0.));
#6385 = VECTOR('',#6386,1.);
#6386 = DIRECTION('',(-0.,-1.));
#6387 = ( GEOMETRIC_REPRESENTATION_CONTEXT(2) 
PARAMETRIC_REPRESENTATION_CONTEXT() REPRESENTATION_CONTEXT('2D SPACE',''
  ) );
#6388 = ORIENTED_EDGE('',*,*,#6389,.T.);
#6389 = EDGE_CURVE('',#6367,#6390,#6392,.T.);
#6390 = VERTEX_POINT('',#6391);
#6391 = CARTESIAN_POINT('',(6.,17.5,14.815432893255));
#6392 = SURFACE_CURVE('',#6393,(#6397,#6404),.PCURVE_S1.);
#6393 = LINE('',#6394,#6395);
#6394 = CARTESIAN_POINT('',(6.,10.221141776686,7.536574669941));
#6395 = VECTOR('',#6396,1.);
#6396 = DIRECTION('',(-0.,0.707106781187,0.707106781187));
#6397 = PCURVE('',#787,#6398);
#6398 = DEFINITIONAL_REPRESENTATION('',(#6399),#6403);
#6399 = LINE('',#6400,#6401);
#6400 = CARTESIAN_POINT('',(7.536574669941,-7.021141776686));
#6401 = VECTOR('',#6402,1.);
#6402 = DIRECTION('',(0.707106781187,-0.707106781187));
#6403 = ( GEOMETRIC_REPRESENTATION_CONTEXT(2) 
PARAMETRIC_REPRESENTATION_CONTEXT() REPRESENTATION_CONTEXT('2D SPACE',''
  ) );
#6404 = PCURVE('',#6405,#6410);
#6405 = PLANE('',#6406);
#6406 = AXIS2_PLACEMENT_3D('',#6407,#6408,#6409);
#6407 = CARTESIAN_POINT('',(2.4,17.5,14.815432893255));
#6408 = DIRECTION('',(0.,0.707106781187,-0.707106781187));
#6409 = DIRECTION('',(0.,-0.707106781187,-0.707106781187));
#6410 = DEFINITIONAL_REPRESENTATION('',(#6411),#6415);
#6411 = LINE('',#6412,#6413);
#6412 = CARTESIAN_POINT('',(10.293860018001,-3.6));
#6413 = VECTOR('',#6414,1.);
#6414 = DIRECTION('',(-1.,0.));
#6415 = ( GEOMETRIC_REPRESENTATION_CONTEXT(2) 
PARAMETRIC_REPRESENTATION_CONTEXT() REPRESENTATION_CONTEXT('2D SPACE',''
  ) );
#6416 = ORIENTED_EDGE('',*,*,#6417,.T.);
#6417 = EDGE_CURVE('',#6390,#6418,#6420,.T.);
#6418 = VERTEX_POINT('',#6419);
#6419 = CARTESIAN_POINT('',(6.,20.257716446628,12.057716446628));
#6420 = SURFACE_CURVE('',#6421,(#6425,#6432),.PCURVE_S1.);
#6421 = LINE('',#6422,#6423);
#6422 = CARTESIAN_POINT('',(6.,19.007716446628,13.307716446628));
#6423 = VECTOR('',#6424,1.);
#6424 = DIRECTION('',(0.,0.707106781187,-0.707106781187));
#6425 = PCURVE('',#787,#6426);
#6426 = DEFINITIONAL_REPRESENTATION('',(#6427),#6431);
#6427 = LINE('',#6428,#6429);
#6428 = CARTESIAN_POINT('',(13.307716446628,-15.80771644662));
#6429 = VECTOR('',#6430,1.);
#6430 = DIRECTION('',(-0.707106781187,-0.707106781187));
#6431 = ( GEOMETRIC_REPRESENTATION_CONTEXT(2) 
PARAMETRIC_REPRESENTATION_CONTEXT() REPRESENTATION_CONTEXT('2D SPACE',''
  ) );
#6432 = PCURVE('',#6433,#6438);
#6433 = PLANE('',#6434);
#6434 = AXIS2_PLACEMENT_3D('',#6435,#6436,#6437);
#6435 = CARTESIAN_POINT('',(2.4,20.257716446628,12.057716446628));
#6436 = DIRECTION('',(0.,-0.707106781187,-0.707106781187));
#6437 = DIRECTION('',(0.,-0.707106781187,0.707106781187));
#6438 = DEFINITIONAL_REPRESENTATION('',(#6439),#6443);
#6439 = LINE('',#6440,#6441);
#6440 = CARTESIAN_POINT('',(1.767766952966,-3.6));
#6441 = VECTOR('',#6442,1.);
#6442 = DIRECTION('',(-1.,-0.));
#6443 = ( GEOMETRIC_REPRESENTATION_CONTEXT(2) 
PARAMETRIC_REPRESENTATION_CONTEXT() REPRESENTATION_CONTEXT('2D SPACE',''
  ) );
#6444 = ORIENTED_EDGE('',*,*,#6445,.T.);
#6445 = EDGE_CURVE('',#6418,#6446,#6448,.T.);
#6446 = VERTEX_POINT('',#6447);
#6447 = CARTESIAN_POINT('',(6.,16.,5.7));
#6448 = SURFACE_CURVE('',#6449,(#6454,#6465),.PCURVE_S1.);
#6449 = CIRCLE('',#6450,3.9);
#6450 = AXIS2_PLACEMENT_3D('',#6451,#6452,#6453);
#6451 = CARTESIAN_POINT('',(6.,17.5,9.3));
#6452 = DIRECTION('',(-1.,-0.,0.));
#6453 = DIRECTION('',(0.,-0.,-1.));
#6454 = PCURVE('',#787,#6455);
#6455 = DEFINITIONAL_REPRESENTATION('',(#6456),#6464);
#6456 = ( BOUNDED_CURVE() B_SPLINE_CURVE(2,(#6457,#6458,#6459,#6460,
#6461,#6462,#6463),.UNSPECIFIED.,.T.,.F.) B_SPLINE_CURVE_WITH_KNOTS((1,2
    ,2,2,2,1),(-2.094395102393,0.,2.094395102393,4.188790204786,
6.28318530718,8.377580409573),.UNSPECIFIED.) CURVE() 
GEOMETRIC_REPRESENTATION_ITEM() RATIONAL_B_SPLINE_CURVE((1.,0.5,1.,0.5,
1.,0.5,1.)) REPRESENTATION_ITEM('') );
#6457 = CARTESIAN_POINT('',(5.4,-14.3));
#6458 = CARTESIAN_POINT('',(5.4,-7.545001850481));
#6459 = CARTESIAN_POINT('',(11.25,-10.92250092524));
#6460 = CARTESIAN_POINT('',(17.1,-14.3));
#6461 = CARTESIAN_POINT('',(11.25,-17.67749907475));
#6462 = CARTESIAN_POINT('',(5.4,-21.05499814951));
#6463 = CARTESIAN_POINT('',(5.4,-14.3));
#6464 = ( GEOMETRIC_REPRESENTATION_CONTEXT(2) 
PARAMETRIC_REPRESENTATION_CONTEXT() REPRESENTATION_CONTEXT('2D SPACE',''
  ) );
#6465 = PCURVE('',#6466,#6471);
#6466 = CYLINDRICAL_SURFACE('',#6467,3.9);
#6467 = AXIS2_PLACEMENT_3D('',#6468,#6469,#6470);
#6468 = CARTESIAN_POINT('',(2.4,17.5,9.3));
#6469 = DIRECTION('',(-1.,-0.,-0.));
#6470 = DIRECTION('',(0.,-0.,-1.));
#6471 = DEFINITIONAL_REPRESENTATION('',(#6472),#6476);
#6472 = LINE('',#6473,#6474);
#6473 = CARTESIAN_POINT('',(-6.28318530718,-3.6));
#6474 = VECTOR('',#6475,1.);
#6475 = DIRECTION('',(1.,-0.));
#6476 = ( GEOMETRIC_REPRESENTATION_CONTEXT(2) 
PARAMETRIC_REPRESENTATION_CONTEXT() REPRESENTATION_CONTEXT('2D SPACE',''
  ) );
#6477 = ORIENTED_EDGE('',*,*,#6478,.F.);
#6478 = EDGE_CURVE('',#6479,#6446,#6481,.T.);
#6479 = VERTEX_POINT('',#6480);
#6480 = CARTESIAN_POINT('',(6.,16.,4.6));
#6481 = SURFACE_CURVE('',#6482,(#6486,#6493),.PCURVE_S1.);
#6482 = LINE('',#6483,#6484);
#6483 = CARTESIAN_POINT('',(6.,16.,2.6));
#6484 = VECTOR('',#6485,1.);
#6485 = DIRECTION('',(0.,0.,1.));
#6486 = PCURVE('',#787,#6487);
#6487 = DEFINITIONAL_REPRESENTATION('',(#6488),#6492);
#6488 = LINE('',#6489,#6490);
#6489 = CARTESIAN_POINT('',(2.6,-12.8));
#6490 = VECTOR('',#6491,1.);
#6491 = DIRECTION('',(1.,0.));
#6492 = ( GEOMETRIC_REPRESENTATION_CONTEXT(2) 
PARAMETRIC_REPRESENTATION_CONTEXT() REPRESENTATION_CONTEXT('2D SPACE',''
  ) );
#6493 = PCURVE('',#985,#6494);
#6494 = DEFINITIONAL_REPRESENTATION('',(#6495),#6499);
#6495 = LINE('',#6496,#6497);
#6496 = CARTESIAN_POINT('',(-3.14159265359,0.));
#6497 = VECTOR('',#6498,1.);
#6498 = DIRECTION('',(-0.,-1.));
#6499 = ( GEOMETRIC_REPRESENTATION_CONTEXT(2) 
PARAMETRIC_REPRESENTATION_CONTEXT() REPRESENTATION_CONTEXT('2D SPACE',''
  ) );
#6500 = ORIENTED_EDGE('',*,*,#6501,.T.);
#6501 = EDGE_CURVE('',#6479,#6502,#6504,.T.);
#6502 = VERTEX_POINT('',#6503);
#6503 = CARTESIAN_POINT('',(6.,28.,4.6));
#6504 = SURFACE_CURVE('',#6505,(#6509,#6516),.PCURVE_S1.);
#6505 = LINE('',#6506,#6507);
#6506 = CARTESIAN_POINT('',(6.,10.,4.6));
#6507 = VECTOR('',#6508,1.);
#6508 = DIRECTION('',(0.,1.,0.));
#6509 = PCURVE('',#787,#6510);
#6510 = DEFINITIONAL_REPRESENTATION('',(#6511),#6515);
#6511 = LINE('',#6512,#6513);
#6512 = CARTESIAN_POINT('',(4.6,-6.8));
#6513 = VECTOR('',#6514,1.);
#6514 = DIRECTION('',(0.,-1.));
#6515 = ( GEOMETRIC_REPRESENTATION_CONTEXT(2) 
PARAMETRIC_REPRESENTATION_CONTEXT() REPRESENTATION_CONTEXT('2D SPACE',''
  ) );
#6516 = PCURVE('',#6517,#6522);
#6517 = CYLINDRICAL_SURFACE('',#6518,2.);
#6518 = AXIS2_PLACEMENT_3D('',#6519,#6520,#6521);
#6519 = CARTESIAN_POINT('',(8.,10.,4.6));
#6520 = DIRECTION('',(0.,-1.,0.));
#6521 = DIRECTION('',(1.,0.,0.));
#6522 = DEFINITIONAL_REPRESENTATION('',(#6523),#6527);
#6523 = LINE('',#6524,#6525);
#6524 = CARTESIAN_POINT('',(3.14159265359,0.));
#6525 = VECTOR('',#6526,1.);
#6526 = DIRECTION('',(0.,-1.));
#6527 = ( GEOMETRIC_REPRESENTATION_CONTEXT(2) 
PARAMETRIC_REPRESENTATION_CONTEXT() REPRESENTATION_CONTEXT('2D SPACE',''
  ) );
#6528 = ORIENTED_EDGE('',*,*,#6529,.T.);
#6529 = EDGE_CURVE('',#6502,#772,#6530,.T.);
#6530 = SURFACE_CURVE('',#6531,(#6535,#6542),.PCURVE_S1.);
#6531 = LINE('',#6532,#6533);
#6532 = CARTESIAN_POINT('',(6.,28.,2.6));
#6533 = VECTOR('',#6534,1.);
#6534 = DIRECTION('',(0.,0.,1.));
#6535 = PCURVE('',#787,#6536);
#6536 = DEFINITIONAL_REPRESENTATION('',(#6537),#6541);
#6537 = LINE('',#6538,#6539);
#6538 = CARTESIAN_POINT('',(2.6,-24.8));
#6539 = VECTOR('',#6540,1.);
#6540 = DIRECTION('',(1.,0.));
#6541 = ( GEOMETRIC_REPRESENTATION_CONTEXT(2) 
PARAMETRIC_REPRESENTATION_CONTEXT() REPRESENTATION_CONTEXT('2D SPACE',''
  ) );
#6542 = PCURVE('',#816,#6543);
#6543 = DEFINITIONAL_REPRESENTATION('',(#6544),#6548);
#6544 = LINE('',#6545,#6546);
#6545 = CARTESIAN_POINT('',(-3.14159265359,0.));
#6546 = VECTOR('',#6547,1.);
#6547 = DIRECTION('',(-0.,-1.));
#6548 = ( GEOMETRIC_REPRESENTATION_CONTEXT(2) 
PARAMETRIC_REPRESENTATION_CONTEXT() REPRESENTATION_CONTEXT('2D SPACE',''
  ) );
#6549 = ADVANCED_FACE('',(#6550),#985,.F.);
#6550 = FACE_BOUND('',#6551,.T.);
#6551 = EDGE_LOOP('',(#6552,#6583,#6817,#6818,#6928,#6953,#6954,#7064,
    #7089,#7090,#7091));
#6552 = ORIENTED_EDGE('',*,*,#6553,.F.);
#6553 = EDGE_CURVE('',#6554,#6556,#6558,.T.);
#6554 = VERTEX_POINT('',#6555);
#6555 = CARTESIAN_POINT('',(8.,11.527864045,2.6));
#6556 = VERTEX_POINT('',#6557);
#6557 = CARTESIAN_POINT('',(12.,10.,2.6));
#6558 = SURFACE_CURVE('',#6559,(#6564,#6571),.PCURVE_S1.);
#6559 = CIRCLE('',#6560,6.);
#6560 = AXIS2_PLACEMENT_3D('',#6561,#6562,#6563);
#6561 = CARTESIAN_POINT('',(12.,16.,2.6));
#6562 = DIRECTION('',(0.,0.,1.));
#6563 = DIRECTION('',(1.,0.,0.));
#6564 = PCURVE('',#985,#6565);
#6565 = DEFINITIONAL_REPRESENTATION('',(#6566),#6570);
#6566 = LINE('',#6567,#6568);
#6567 = CARTESIAN_POINT('',(-0.,0.));
#6568 = VECTOR('',#6569,1.);
#6569 = DIRECTION('',(-1.,0.));
#6570 = ( GEOMETRIC_REPRESENTATION_CONTEXT(2) 
PARAMETRIC_REPRESENTATION_CONTEXT() REPRESENTATION_CONTEXT('2D SPACE',''
  ) );
#6571 = PCURVE('',#6572,#6577);
#6572 = PLANE('',#6573);
#6573 = AXIS2_PLACEMENT_3D('',#6574,#6575,#6576);
#6574 = CARTESIAN_POINT('',(0.,9.99,2.6));
#6575 = DIRECTION('',(0.,0.,1.));
#6576 = DIRECTION('',(1.,0.,0.));
#6577 = DEFINITIONAL_REPRESENTATION('',(#6578),#6582);
#6578 = CIRCLE('',#6579,6.);
#6579 = AXIS2_PLACEMENT_2D('',#6580,#6581);
#6580 = CARTESIAN_POINT('',(12.,6.01));
#6581 = DIRECTION('',(1.,0.));
#6582 = ( GEOMETRIC_REPRESENTATION_CONTEXT(2) 
PARAMETRIC_REPRESENTATION_CONTEXT() REPRESENTATION_CONTEXT('2D SPACE',''
  ) );
#6583 = ORIENTED_EDGE('',*,*,#6584,.F.);
#6584 = EDGE_CURVE('',#6479,#6554,#6585,.T.);
#6585 = SURFACE_CURVE('',#6586,(#6661,#6739),.PCURVE_S1.);
#6586 = B_SPLINE_CURVE_WITH_KNOTS('',7,(#6587,#6588,#6589,#6590,#6591,
    #6592,#6593,#6594,#6595,#6596,#6597,#6598,#6599,#6600,#6601,#6602,
    #6603,#6604,#6605,#6606,#6607,#6608,#6609,#6610,#6611,#6612,#6613,
    #6614,#6615,#6616,#6617,#6618,#6619,#6620,#6621,#6622,#6623,#6624,
    #6625,#6626,#6627,#6628,#6629,#6630,#6631,#6632,#6633,#6634,#6635,
    #6636,#6637,#6638,#6639,#6640,#6641,#6642,#6643,#6644,#6645,#6646,
    #6647,#6648,#6649,#6650,#6651,#6652,#6653,#6654,#6655,#6656,#6657,
    #6658,#6659,#6660),.UNSPECIFIED.,.F.,.F.,(8,6,6,6,6,6,6,6,6,6,6,6,8)
  ,(0.,6.734000505991E-04,1.346799844412E-03,1.996978471197E-03,
    2.67037701204E-03,3.320553950297E-03,3.993950246302E-03,
    4.644124538265E-03,5.271076759108E-03,5.921247589799E-03,
    0.450400941488,0.827944003298,1.),.UNSPECIFIED.);
#6587 = CARTESIAN_POINT('',(6.,16.,4.6));
#6588 = CARTESIAN_POINT('',(6.,15.999559708327,4.599745797489));
#6589 = CARTESIAN_POINT('',(6.000000037694,15.999119416658,
    4.599491594974));
#6590 = CARTESIAN_POINT('',(6.000000113083,15.998679124989,
    4.599237392461));
#6591 = CARTESIAN_POINT('',(6.000000226166,15.99823883332,4.598983189955
    ));
#6592 = CARTESIAN_POINT('',(6.000000376944,15.997798541651,
    4.598728987462));
#6593 = CARTESIAN_POINT('',(6.000000565416,15.997358249982,
    4.598474784983));
#6594 = CARTESIAN_POINT('',(6.000001017748,15.996477666815,
    4.597966380155));
#6595 = CARTESIAN_POINT('',(6.000001281608,15.996037375317,
    4.597712177808));
#6596 = CARTESIAN_POINT('',(6.000001583163,15.99559708382,4.597457975481
    ));
#6597 = CARTESIAN_POINT('',(6.000001922413,15.995156792324,
    4.597203773178));
#6598 = CARTESIAN_POINT('',(6.000002299356,15.994716500831,
    4.596949570903));
#6599 = CARTESIAN_POINT('',(6.000002713994,15.994276209339,
    4.596695368659));
#6600 = CARTESIAN_POINT('',(6.000003603061,15.993410809141,
    4.596195730018));
#6601 = CARTESIAN_POINT('',(6.000004074935,15.992985700436,
    4.595950293617));
#6602 = CARTESIAN_POINT('',(6.000004581948,15.992560591732,
    4.595704857253));
#6603 = CARTESIAN_POINT('',(6.000005124102,15.992135483031,
    4.595459420927));
#6604 = CARTESIAN_POINT('',(6.000005701394,15.991710374332,
    4.595213984643));
#6605 = CARTESIAN_POINT('',(6.000006313826,15.991285265636,
    4.594968548403));
#6606 = CARTESIAN_POINT('',(6.000007632097,15.990419866288,
    4.594468910726));
#6607 = CARTESIAN_POINT('',(6.00000834049,15.989979575636,4.594214709292
    ));
#6608 = CARTESIAN_POINT('',(6.000009086577,15.989539284987,
    4.593960507913));
#6609 = CARTESIAN_POINT('',(6.000009870359,15.989098994342,
    4.593706306592));
#6610 = CARTESIAN_POINT('',(6.000010691835,15.988658703701,
    4.593452105333));
#6611 = CARTESIAN_POINT('',(6.000011551006,15.988218413064,4.59319790414
    ));
#6612 = CARTESIAN_POINT('',(6.000013313808,15.987353014863,4.59269826781
    ));
#6613 = CARTESIAN_POINT('',(6.000014214885,15.986927907299,4.59245283267
    ));
#6614 = CARTESIAN_POINT('',(6.000015151101,15.98650279974,4.592207397597
    ));
#6615 = CARTESIAN_POINT('',(6.000016122457,15.986077692185,
    4.591961962594));
#6616 = CARTESIAN_POINT('',(6.000017128952,15.985652584634,
    4.591716527665));
#6617 = CARTESIAN_POINT('',(6.000018170587,15.985227477088,
    4.591471092813));
#6618 = CARTESIAN_POINT('',(6.000020362591,15.984362080409,
    4.590971458211));
#6619 = CARTESIAN_POINT('',(6.000021515514,15.983921791276,
    4.590717258468));
#6620 = CARTESIAN_POINT('',(6.000022706131,15.983481502149,
    4.590463058814));
#6621 = CARTESIAN_POINT('',(6.000023934443,15.983041213028,
    4.590208859252));
#6622 = CARTESIAN_POINT('',(6.000025200449,15.982600923912,
    4.589954659787));
#6623 = CARTESIAN_POINT('',(6.00002650415,15.982160634803,4.589700460421
    ));
#6624 = CARTESIAN_POINT('',(6.000029140682,15.981295239922,
    4.589200827932));
#6625 = CARTESIAN_POINT('',(6.000030470958,15.980870134151,
    4.588955394802));
#6626 = CARTESIAN_POINT('',(6.000031836375,15.980445028385,
    4.588709961771));
#6627 = CARTESIAN_POINT('',(6.00003323693,15.980019922626,4.588464528842
    ));
#6628 = CARTESIAN_POINT('',(6.000034672626,15.979594816874,
    4.588219096019));
#6629 = CARTESIAN_POINT('',(6.00003614346,15.979169711128,4.587973663304
    ));
#6630 = CARTESIAN_POINT('',(6.000039101621,15.978334683018,
    4.587491564138));
#6631 = CARTESIAN_POINT('',(6.000040586481,15.977924760653,
    4.587254897679));
#6632 = CARTESIAN_POINT('',(6.000042104016,15.977514838295,
    4.587018231326));
#6633 = CARTESIAN_POINT('',(6.000043654225,15.977104915944,
    4.586781565082));
#6634 = CARTESIAN_POINT('',(6.000045237109,15.976694993599,
    4.586544898951));
#6635 = CARTESIAN_POINT('',(6.000046852667,15.976285071262,
    4.586308232935));
#6636 = CARTESIAN_POINT('',(6.000050210173,15.975450045498,
    4.585826136431));
#6637 = CARTESIAN_POINT('',(6.000051954585,15.975024942072,
    4.585580705952));
#6638 = CARTESIAN_POINT('',(6.000053734138,15.974599838654,
    4.585335275603));
#6639 = CARTESIAN_POINT('',(6.000055548829,15.974174735244,
    4.585089845387));
#6640 = CARTESIAN_POINT('',(6.000057398661,15.973749631843,
    4.584844415307));
#6641 = CARTESIAN_POINT('',(6.000059283632,15.97332452845,4.584598985367
    ));
#6642 = CARTESIAN_POINT('',(6.001373859023,15.682283769619,
    4.416569096006));
#6643 = CARTESIAN_POINT('',(6.019107577765,15.392030886796,
    4.249059129975));
#6644 = CARTESIAN_POINT('',(6.053205342442,15.101875654313,
    4.082630462503));
#6645 = CARTESIAN_POINT('',(6.103980940726,14.811659858994,
    3.918160065943));
#6646 = CARTESIAN_POINT('',(6.172058126577,14.521438967643,
    3.756757783287));
#6647 = CARTESIAN_POINT('',(6.25829599424,14.231570811601,3.599965030222
    ));
#6648 = CARTESIAN_POINT('',(6.453231684291,13.697491217325,
    3.322599598925));
#6649 = CARTESIAN_POINT('',(6.556337465416,13.453673644786,3.20048996493
    ));
#6650 = CARTESIAN_POINT('',(6.673984411958,13.210425186514,3.08426796368
    ));
#6651 = CARTESIAN_POINT('',(6.807466608922,12.967570723049,2.97529124084
    ));
#6652 = CARTESIAN_POINT('',(6.958147224493,12.725699990924,
    2.875861440987));
#6653 = CARTESIAN_POINT('',(7.127221950636,12.486240956571,
    2.789402760282));
#6654 = CARTESIAN_POINT('',(7.400778669453,12.144360990009,
    2.689701061781));
#6655 = CARTESIAN_POINT('',(7.490500784071,12.038077556986,2.66215888868
    ));
#6656 = CARTESIAN_POINT('',(7.584350178011,11.932786398105,
    2.638796250324));
#6657 = CARTESIAN_POINT('',(7.682326855136,11.828775828493,
    2.620194740034));
#6658 = CARTESIAN_POINT('',(7.784372376793,11.726373331865,
    2.607013798851));
#6659 = CARTESIAN_POINT('',(7.890347241711,11.625940453582,2.6));
#6660 = CARTESIAN_POINT('',(8.,11.527864045,2.6));
#6661 = PCURVE('',#985,#6662);
#6662 = DEFINITIONAL_REPRESENTATION('',(#6663),#6738);
#6663 = B_SPLINE_CURVE_WITH_KNOTS('',7,(#6664,#6665,#6666,#6667,#6668,
    #6669,#6670,#6671,#6672,#6673,#6674,#6675,#6676,#6677,#6678,#6679,
    #6680,#6681,#6682,#6683,#6684,#6685,#6686,#6687,#6688,#6689,#6690,
    #6691,#6692,#6693,#6694,#6695,#6696,#6697,#6698,#6699,#6700,#6701,
    #6702,#6703,#6704,#6705,#6706,#6707,#6708,#6709,#6710,#6711,#6712,
    #6713,#6714,#6715,#6716,#6717,#6718,#6719,#6720,#6721,#6722,#6723,
    #6724,#6725,#6726,#6727,#6728,#6729,#6730,#6731,#6732,#6733,#6734,
    #6735,#6736,#6737),.UNSPECIFIED.,.F.,.F.,(8,6,6,6,6,6,6,6,6,6,6,6,8)
  ,(0.,6.734000505991E-04,1.346799844412E-03,1.996978471197E-03,
    2.67037701204E-03,3.320553950297E-03,3.993950246302E-03,
    4.644124538265E-03,5.271076759108E-03,5.921247589799E-03,
    0.450400941488,0.827944003298,1.),.UNSPECIFIED.);
#6664 = CARTESIAN_POINT('',(-3.14159265359,-2.));
#6665 = CARTESIAN_POINT('',(-3.141666035535,-1.999745797489));
#6666 = CARTESIAN_POINT('',(-3.14173941748,-1.999491594974));
#6667 = CARTESIAN_POINT('',(-3.141812799426,-1.999237392461));
#6668 = CARTESIAN_POINT('',(-3.141886181372,-1.998983189955));
#6669 = CARTESIAN_POINT('',(-3.141959563321,-1.998728987462));
#6670 = CARTESIAN_POINT('',(-3.142032945272,-1.998474784983));
#6671 = CARTESIAN_POINT('',(-3.142179709153,-1.997966380155));
#6672 = CARTESIAN_POINT('',(-3.142253091082,-1.997712177808));
#6673 = CARTESIAN_POINT('',(-3.142326473015,-1.997457975481));
#6674 = CARTESIAN_POINT('',(-3.142399854952,-1.997203773178));
#6675 = CARTESIAN_POINT('',(-3.142473236894,-1.996949570903));
#6676 = CARTESIAN_POINT('',(-3.142546618842,-1.996695368659));
#6677 = CARTESIAN_POINT('',(-3.142690852284,-1.996195730018));
#6678 = CARTESIAN_POINT('',(-3.142761703779,-1.995950293617));
#6679 = CARTESIAN_POINT('',(-3.142832555279,-1.995704857253));
#6680 = CARTESIAN_POINT('',(-3.142903406787,-1.995459420927));
#6681 = CARTESIAN_POINT('',(-3.142974258301,-1.995213984643));
#6682 = CARTESIAN_POINT('',(-3.143045109824,-1.994968548403));
#6683 = CARTESIAN_POINT('',(-3.143189343216,-1.994468910726));
#6684 = CARTESIAN_POINT('',(-3.143262725086,-1.994214709292));
#6685 = CARTESIAN_POINT('',(-3.143336106966,-1.993960507913));
#6686 = CARTESIAN_POINT('',(-3.143409488856,-1.993706306592));
#6687 = CARTESIAN_POINT('',(-3.143482870757,-1.993452105333));
#6688 = CARTESIAN_POINT('',(-3.143556252669,-1.99319790414));
#6689 = CARTESIAN_POINT('',(-3.143700486002,-1.99269826781));
#6690 = CARTESIAN_POINT('',(-3.143771337421,-1.99245283267));
#6691 = CARTESIAN_POINT('',(-3.143842188852,-1.992207397597));
#6692 = CARTESIAN_POINT('',(-3.143913040296,-1.991961962594));
#6693 = CARTESIAN_POINT('',(-3.143983891753,-1.991716527665));
#6694 = CARTESIAN_POINT('',(-3.144054743223,-1.991471092813));
#6695 = CARTESIAN_POINT('',(-3.144198976465,-1.990971458211));
#6696 = CARTESIAN_POINT('',(-3.144272358239,-1.990717258468));
#6697 = CARTESIAN_POINT('',(-3.144345740028,-1.990463058814));
#6698 = CARTESIAN_POINT('',(-3.144419121833,-1.990208859252));
#6699 = CARTESIAN_POINT('',(-3.144492503655,-1.989954659787));
#6700 = CARTESIAN_POINT('',(-3.144565885495,-1.989700460421));
#6701 = CARTESIAN_POINT('',(-3.144710118645,-1.989200827932));
#6702 = CARTESIAN_POINT('',(-3.144780969953,-1.988955394802));
#6703 = CARTESIAN_POINT('',(-3.144851821279,-1.988709961771));
#6704 = CARTESIAN_POINT('',(-3.144922672623,-1.988464528842));
#6705 = CARTESIAN_POINT('',(-3.144993523986,-1.988219096019));
#6706 = CARTESIAN_POINT('',(-3.145064375367,-1.987973663304));
#6707 = CARTESIAN_POINT('',(-3.145203547592,-1.987491564138));
#6708 = CARTESIAN_POINT('',(-3.145271868434,-1.987254897679));
#6709 = CARTESIAN_POINT('',(-3.145340189295,-1.987018231326));
#6710 = CARTESIAN_POINT('',(-3.145408510175,-1.986781565082));
#6711 = CARTESIAN_POINT('',(-3.145476831075,-1.986544898951));
#6712 = CARTESIAN_POINT('',(-3.145545151995,-1.986308232935));
#6713 = CARTESIAN_POINT('',(-3.14568432408,-1.985826136431));
#6714 = CARTESIAN_POINT('',(-3.145755175248,-1.985580705952));
#6715 = CARTESIAN_POINT('',(-3.145826026438,-1.985335275603));
#6716 = CARTESIAN_POINT('',(-3.145896877651,-1.985089845387));
#6717 = CARTESIAN_POINT('',(-3.145967728888,-1.984844415307));
#6718 = CARTESIAN_POINT('',(-3.14603858015,-1.984598985367));
#6719 = CARTESIAN_POINT('',(-3.194545868093,-1.816569096006));
#6720 = CARTESIAN_POINT('',(-3.242934222507,-1.649059129975));
#6721 = CARTESIAN_POINT('',(-3.291504143396,-1.482630462503));
#6722 = CARTESIAN_POINT('',(-3.340466442543,-1.318160065943));
#6723 = CARTESIAN_POINT('',(-3.390014441084,-1.156757783287));
#6724 = CARTESIAN_POINT('',(-3.440325388491,-0.999965030222));
#6725 = CARTESIAN_POINT('',(-3.53508252488,-0.722599598925));
#6726 = CARTESIAN_POINT('',(-3.579147542725,-0.600489964929));
#6727 = CARTESIAN_POINT('',(-3.624088843282,-0.48426796368));
#6728 = CARTESIAN_POINT('',(-3.670158425237,-0.37529124084));
#6729 = CARTESIAN_POINT('',(-3.717530281295,-0.275861440987));
#6730 = CARTESIAN_POINT('',(-3.766297683199,-0.189402760282));
#6731 = CARTESIAN_POINT('',(-3.839273171844,-8.970106178107E-02));
#6732 = CARTESIAN_POINT('',(-3.862446954016,-6.215888867992E-02));
#6733 = CARTESIAN_POINT('',(-3.885940869059,-3.879625032379E-02));
#6734 = CARTESIAN_POINT('',(-3.909739330302,-2.01947400337E-02));
#6735 = CARTESIAN_POINT('',(-3.93381818416,-7.01379885053E-03));
#6736 = CARTESIAN_POINT('',(-3.958142222012,-4.440892098501E-16));
#6737 = CARTESIAN_POINT('',(-3.982661324158,-4.440892098501E-16));
#6738 = ( GEOMETRIC_REPRESENTATION_CONTEXT(2) 
PARAMETRIC_REPRESENTATION_CONTEXT() REPRESENTATION_CONTEXT('2D SPACE',''
  ) );
#6739 = PCURVE('',#6517,#6740);
#6740 = DEFINITIONAL_REPRESENTATION('',(#6741),#6816);
#6741 = B_SPLINE_CURVE_WITH_KNOTS('',7,(#6742,#6743,#6744,#6745,#6746,
    #6747,#6748,#6749,#6750,#6751,#6752,#6753,#6754,#6755,#6756,#6757,
    #6758,#6759,#6760,#6761,#6762,#6763,#6764,#6765,#6766,#6767,#6768,
    #6769,#6770,#6771,#6772,#6773,#6774,#6775,#6776,#6777,#6778,#6779,
    #6780,#6781,#6782,#6783,#6784,#6785,#6786,#6787,#6788,#6789,#6790,
    #6791,#6792,#6793,#6794,#6795,#6796,#6797,#6798,#6799,#6800,#6801,
    #6802,#6803,#6804,#6805,#6806,#6807,#6808,#6809,#6810,#6811,#6812,
    #6813,#6814,#6815),.UNSPECIFIED.,.F.,.F.,(8,6,6,6,6,6,6,6,6,6,6,6,8)
  ,(0.,6.734000505991E-04,1.346799844412E-03,1.996978471197E-03,
    2.67037701204E-03,3.320553950297E-03,3.993950246302E-03,
    4.644124538265E-03,5.271076759108E-03,5.921247589799E-03,
    0.450400941488,0.827944003298,1.),.UNSPECIFIED.);
#6742 = CARTESIAN_POINT('',(3.14159265359,-6.));
#6743 = CARTESIAN_POINT('',(3.141719754845,-5.999559708327));
#6744 = CARTESIAN_POINT('',(3.141846856103,-5.999119416658));
#6745 = CARTESIAN_POINT('',(3.141973957363,-5.998679124989));
#6746 = CARTESIAN_POINT('',(3.142101058625,-5.99823883332));
#6747 = CARTESIAN_POINT('',(3.142228159892,-5.997798541651));
#6748 = CARTESIAN_POINT('',(3.142355261165,-5.997358249982));
#6749 = CARTESIAN_POINT('',(3.14260946368,-5.996477666815));
#6750 = CARTESIAN_POINT('',(3.142736564921,-5.996037375317));
#6751 = CARTESIAN_POINT('',(3.142863666171,-5.99559708382));
#6752 = CARTESIAN_POINT('',(3.142990767433,-5.995156792324));
#6753 = CARTESIAN_POINT('',(3.143117868709,-5.994716500831));
#6754 = CARTESIAN_POINT('',(3.143244969998,-5.994276209339));
#6755 = CARTESIAN_POINT('',(3.143494789714,-5.993410809141));
#6756 = CARTESIAN_POINT('',(3.14361750814,-5.992985700436));
#6757 = CARTESIAN_POINT('',(3.143740226582,-5.992560591732));
#6758 = CARTESIAN_POINT('',(3.143862945042,-5.992135483031));
#6759 = CARTESIAN_POINT('',(3.143985663522,-5.991710374332));
#6760 = CARTESIAN_POINT('',(3.144108382022,-5.991285265636));
#6761 = CARTESIAN_POINT('',(3.14435820173,-5.990419866288));
#6762 = CARTESIAN_POINT('',(3.14448530294,-5.989979575636));
#6763 = CARTESIAN_POINT('',(3.144612404174,-5.989539284987));
#6764 = CARTESIAN_POINT('',(3.144739505437,-5.989098994342));
#6765 = CARTESIAN_POINT('',(3.144866606727,-5.988658703701));
#6766 = CARTESIAN_POINT('',(3.144993708049,-5.988218413064));
#6767 = CARTESIAN_POINT('',(3.145243527768,-5.987353014863));
#6768 = CARTESIAN_POINT('',(3.145366246164,-5.986927907299));
#6769 = CARTESIAN_POINT('',(3.145488964592,-5.98650279974));
#6770 = CARTESIAN_POINT('',(3.145611683052,-5.986077692185));
#6771 = CARTESIAN_POINT('',(3.145734401546,-5.985652584634));
#6772 = CARTESIAN_POINT('',(3.145857120076,-5.985227477088));
#6773 = CARTESIAN_POINT('',(3.146106939781,-5.984362080409));
#6774 = CARTESIAN_POINT('',(3.146234040958,-5.983921791276));
#6775 = CARTESIAN_POINT('',(3.146361142177,-5.983481502149));
#6776 = CARTESIAN_POINT('',(3.146488243439,-5.983041213028));
#6777 = CARTESIAN_POINT('',(3.146615344746,-5.982600923912));
#6778 = CARTESIAN_POINT('',(3.146742446099,-5.982160634803));
#6779 = CARTESIAN_POINT('',(3.146992265822,-5.981295239922));
#6780 = CARTESIAN_POINT('',(3.147114984188,-5.980870134151));
#6781 = CARTESIAN_POINT('',(3.147237702601,-5.980445028385));
#6782 = CARTESIAN_POINT('',(3.147360421061,-5.980019922626));
#6783 = CARTESIAN_POINT('',(3.14748313957,-5.979594816874));
#6784 = CARTESIAN_POINT('',(3.14760585813,-5.979169711128));
#6785 = CARTESIAN_POINT('',(3.147846912251,-5.978334683018));
#6786 = CARTESIAN_POINT('',(3.147965247808,-5.977924760653));
#6787 = CARTESIAN_POINT('',(3.148083583416,-5.977514838295));
#6788 = CARTESIAN_POINT('',(3.148201919074,-5.977104915944));
#6789 = CARTESIAN_POINT('',(3.148320254784,-5.976694993599));
#6790 = CARTESIAN_POINT('',(3.148438590548,-5.976285071262));
#6791 = CARTESIAN_POINT('',(3.148679644646,-5.975450045498));
#6792 = CARTESIAN_POINT('',(3.148802362984,-5.975024942072));
#6793 = CARTESIAN_POINT('',(3.148925081382,-5.974599838654));
#6794 = CARTESIAN_POINT('',(3.149047799842,-5.974174735244));
#6795 = CARTESIAN_POINT('',(3.149170518365,-5.973749631843));
#6796 = CARTESIAN_POINT('',(3.149293236954,-5.97332452845));
#6797 = CARTESIAN_POINT('',(3.233310752727,-5.682283769619));
#6798 = CARTESIAN_POINT('',(3.31713326101,-5.392030886796));
#6799 = CARTESIAN_POINT('',(3.40144042324,-5.101875654313));
#6800 = CARTESIAN_POINT('',(3.486760805987,-4.811659858994));
#6801 = CARTESIAN_POINT('',(3.573613557622,-4.521438967643));
#6802 = CARTESIAN_POINT('',(3.662547909601,-4.231570811601));
#6803 = CARTESIAN_POINT('',(3.832055657015,-3.697491217325));
#6804 = CARTESIAN_POINT('',(3.911650616783,-3.453673644786));
#6805 = CARTESIAN_POINT('',(3.993789659766,-3.210425186514));
#6806 = CARTESIAN_POINT('',(4.07921062503,-2.96757072305));
#6807 = CARTESIAN_POINT('',(4.168652161884,-2.725699990924));
#6808 = CARTESIAN_POINT('',(4.262881937883,-2.486240956571));
#6809 = CARTESIAN_POINT('',(4.408461561366,-2.144360990009));
#6810 = CARTESIAN_POINT('',(4.455326151324,-2.038077556986));
#6811 = CARTESIAN_POINT('',(4.503568421231,-1.932786398105));
#6812 = CARTESIAN_POINT('',(4.553283369412,-1.828775828493));
#6813 = CARTESIAN_POINT('',(4.604575117168,-1.726373331865));
#6814 = CARTESIAN_POINT('',(4.65756260124,-1.625940453582));
#6815 = CARTESIAN_POINT('',(4.712388980385,-1.527864045));
#6816 = ( GEOMETRIC_REPRESENTATION_CONTEXT(2) 
PARAMETRIC_REPRESENTATION_CONTEXT() REPRESENTATION_CONTEXT('2D SPACE',''
  ) );
#6817 = ORIENTED_EDGE('',*,*,#6478,.T.);
#6818 = ORIENTED_EDGE('',*,*,#6819,.F.);
#6819 = EDGE_CURVE('',#6820,#6446,#6822,.T.);
#6820 = VERTEX_POINT('',#6821);
#6821 = CARTESIAN_POINT('',(6.133301666194,14.742283553372,
    12.057716446628));
#6822 = SURFACE_CURVE('',#6823,(#6856,#6892),.PCURVE_S1.);
#6823 = B_SPLINE_CURVE_WITH_KNOTS('',6,(#6824,#6825,#6826,#6827,#6828,
    #6829,#6830,#6831,#6832,#6833,#6834,#6835,#6836,#6837,#6838,#6839,
    #6840,#6841,#6842,#6843,#6844,#6845,#6846,#6847,#6848,#6849,#6850,
    #6851,#6852,#6853,#6854,#6855),.UNSPECIFIED.,.F.,.F.,(7,5,5,5,5,5,7)
  ,(0.,0.232594475559,0.411988211141,0.590674374914,0.826213117863,
    0.896380229245,1.),.UNSPECIFIED.);
#6824 = CARTESIAN_POINT('',(6.133301666194,14.742283553372,
    12.057716446628));
#6825 = CARTESIAN_POINT('',(6.180753301969,14.520942381215,
    11.83637527447));
#6826 = CARTESIAN_POINT('',(6.232615003339,14.327920980255,
    11.600718121264));
#6827 = CARTESIAN_POINT('',(6.284557132492,14.161745981172,
    11.354320721477));
#6828 = CARTESIAN_POINT('',(6.333426993351,14.021069572741,
    11.099538667798));
#6829 = CARTESIAN_POINT('',(6.376811073621,13.904877381768,
    10.837891427531));
#6830 = CARTESIAN_POINT('',(6.440708451785,13.741659313979,
    10.364177673261));
#6831 = CARTESIAN_POINT('',(6.464166918998,13.684933319357,
    10.154580299968));
#6832 = CARTESIAN_POINT('',(6.482377783531,13.642460599362,
    9.942572580858));
#6833 = CARTESIAN_POINT('',(6.494728860168,13.614160897879,9.72896955106
    ));
#6834 = CARTESIAN_POINT('',(6.500909166053,13.6,9.514529675823));
#6835 = CARTESIAN_POINT('',(6.500909166053,13.6,9.08631648054));
#6836 = CARTESIAN_POINT('',(6.49477796369,13.61404977677,8.872721109781)
  );
#6837 = CARTESIAN_POINT('',(6.482522733823,13.642125971784,
    8.659952708046));
#6838 = CARTESIAN_POINT('',(6.464453843142,13.684265583281,
    8.448761444338));
#6839 = CARTESIAN_POINT('',(6.441169841821,13.740543874984,
    8.239952720436));
#6840 = CARTESIAN_POINT('',(6.377124862532,13.903994356361,7.7635185584)
  );
#6841 = CARTESIAN_POINT('',(6.333191182059,14.021581407765,
    7.498553541101));
#6842 = CARTESIAN_POINT('',(6.283629861292,14.1642631804,7.240626206015)
  );
#6843 = CARTESIAN_POINT('',(6.230944716705,14.333102065758,
    6.991305249105));
#6844 = CARTESIAN_POINT('',(6.178419692622,14.529509171933,
    6.753048670742));
#6845 = CARTESIAN_POINT('',(6.116337430267,14.822192414505,
    6.463049181564));
#6846 = CARTESIAN_POINT('',(6.10250029623,14.891972849221,6.39778234662)
  );
#6847 = CARTESIAN_POINT('',(6.08919640308,14.96439455521,6.333916510237)
  );
#6848 = CARTESIAN_POINT('',(6.076557935777,15.03949333053,6.271569801459
    ));
#6849 = CARTESIAN_POINT('',(6.064728315543,15.11730183727,6.210872754063
    ));
#6850 = CARTESIAN_POINT('',(6.037815587793,15.31679907381,6.064980753183
    ));
#6851 = CARTESIAN_POINT('',(6.023851852266,15.441859797744,
    5.981801879692));
#6852 = CARTESIAN_POINT('',(6.01251284426,15.572909067005,5.903087108253
    ));
#6853 = CARTESIAN_POINT('',(6.004367361874,15.709772007009,
    5.829471154095));
#6854 = CARTESIAN_POINT('',(6.,15.852225148315,5.761572854869));
#6855 = CARTESIAN_POINT('',(6.,16.,5.7));
#6856 = PCURVE('',#985,#6857);
#6857 = DEFINITIONAL_REPRESENTATION('',(#6858),#6891);
#6858 = B_SPLINE_CURVE_WITH_KNOTS('',6,(#6859,#6860,#6861,#6862,#6863,
    #6864,#6865,#6866,#6867,#6868,#6869,#6870,#6871,#6872,#6873,#6874,
    #6875,#6876,#6877,#6878,#6879,#6880,#6881,#6882,#6883,#6884,#6885,
    #6886,#6887,#6888,#6889,#6890),.UNSPECIFIED.,.F.,.F.,(7,5,5,5,5,5,7)
  ,(0.,0.232594475559,0.411988211141,0.590674374914,0.826213117863,
    0.896380229245,1.),.UNSPECIFIED.);
#6859 = CARTESIAN_POINT('',(-3.352778357145,-9.457716446628));
#6860 = CARTESIAN_POINT('',(-3.390506762385,-9.23637527447));
#6861 = CARTESIAN_POINT('',(-3.423774226674,-9.000718121264));
#6862 = CARTESIAN_POINT('',(-3.452765641436,-8.754320721478));
#6863 = CARTESIAN_POINT('',(-3.477575209126,-8.499538667798));
#6864 = CARTESIAN_POINT('',(-3.498243946707,-8.237891427531));
#6865 = CARTESIAN_POINT('',(-3.527457248752,-7.764177673261));
#6866 = CARTESIAN_POINT('',(-3.537686262616,-7.554580299968));
#6867 = CARTESIAN_POINT('',(-3.545388098742,-7.342572580858));
#6868 = CARTESIAN_POINT('',(-3.550534369553,-7.12896955106));
#6869 = CARTESIAN_POINT('',(-3.553109499657,-6.914529675823));
#6870 = CARTESIAN_POINT('',(-3.553109499657,-6.48631648054));
#6871 = CARTESIAN_POINT('',(-3.550554741798,-6.272721109781));
#6872 = CARTESIAN_POINT('',(-3.545448652528,-6.059952708046));
#6873 = CARTESIAN_POINT('',(-3.537807514,-5.848761444338));
#6874 = CARTESIAN_POINT('',(-3.527658395717,-5.639952720436));
#6875 = CARTESIAN_POINT('',(-3.49840005444,-5.1635185584));
#6876 = CARTESIAN_POINT('',(-3.477481533314,-4.898553541101));
#6877 = CARTESIAN_POINT('',(-3.452318848622,-4.640626206016));
#6878 = CARTESIAN_POINT('',(-3.422867877062,-4.391305249105));
#6879 = CARTESIAN_POINT('',(-3.389029245665,-4.153048670742));
#6880 = CARTESIAN_POINT('',(-3.339163401258,-3.863049181564));
#6881 = CARTESIAN_POINT('',(-3.327307865261,-3.79778234662));
#6882 = CARTESIAN_POINT('',(-3.315037553584,-3.733916510237));
#6883 = CARTESIAN_POINT('',(-3.302347429434,-3.671569801459));
#6884 = CARTESIAN_POINT('',(-3.289232112797,-3.610872754063));
#6885 = CARTESIAN_POINT('',(-3.255681387395,-3.464980753183));
#6886 = CARTESIAN_POINT('',(-3.234713900964,-3.381801879692));
#6887 = CARTESIAN_POINT('',(-3.212801380634,-3.303087108253));
#6888 = CARTESIAN_POINT('',(-3.189963977453,-3.229471154095));
#6889 = CARTESIAN_POINT('',(-3.166221795537,-3.161572854869));
#6890 = CARTESIAN_POINT('',(-3.14159265359,-3.1));
#6891 = ( GEOMETRIC_REPRESENTATION_CONTEXT(2) 
PARAMETRIC_REPRESENTATION_CONTEXT() REPRESENTATION_CONTEXT('2D SPACE',''
  ) );
#6892 = PCURVE('',#6466,#6893);
#6893 = DEFINITIONAL_REPRESENTATION('',(#6894),#6927);
#6894 = B_SPLINE_CURVE_WITH_KNOTS('',6,(#6895,#6896,#6897,#6898,#6899,
    #6900,#6901,#6902,#6903,#6904,#6905,#6906,#6907,#6908,#6909,#6910,
    #6911,#6912,#6913,#6914,#6915,#6916,#6917,#6918,#6919,#6920,#6921,
    #6922,#6923,#6924,#6925,#6926),.UNSPECIFIED.,.F.,.F.,(7,5,5,5,5,5,7)
  ,(0.,0.232594475559,0.411988211141,0.590674374914,0.826213117863,
    0.896380229245,1.),.UNSPECIFIED.);
#6895 = CARTESIAN_POINT('',(2.356194490192,-3.733301666194));
#6896 = CARTESIAN_POINT('',(2.275932006198,-3.780753301969));
#6897 = CARTESIAN_POINT('',(2.198208348752,-3.832615003339));
#6898 = CARTESIAN_POINT('',(2.122475427625,-3.884557132493));
#6899 = CARTESIAN_POINT('',(2.048274027065,-3.933426993351));
#6900 = CARTESIAN_POINT('',(1.97513900819,-3.976811073621));
#6901 = CARTESIAN_POINT('',(1.846666246861,-4.040708451785));
#6902 = CARTESIAN_POINT('',(1.791116635142,-4.064166918998));
#6903 = CARTESIAN_POINT('',(1.735858123525,-4.082377783531));
#6904 = CARTESIAN_POINT('',(1.680788519854,-4.094728860168));
#6905 = CARTESIAN_POINT('',(1.62580393598,-4.100909166053));
#6906 = CARTESIAN_POINT('',(1.51600568078,-4.100909166053));
#6907 = CARTESIAN_POINT('',(1.461237599942,-4.09477796369));
#6908 = CARTESIAN_POINT('',(1.406385636928,-4.082522733823));
#6909 = CARTESIAN_POINT('',(1.351346931623,-4.064453843142));
#6910 = CARTESIAN_POINT('',(1.296020932199,-4.041169841821));
#6911 = CARTESIAN_POINT('',(1.166869152662,-3.977124862532));
#6912 = CARTESIAN_POINT('',(1.092821782975,-3.933191182059));
#6913 = CARTESIAN_POINT('',(1.017681722608,-3.883629861292));
#6914 = CARTESIAN_POINT('',(0.940963770609,-3.830944716705));
#6915 = CARTESIAN_POINT('',(0.862190716055,-3.778419692622));
#6916 = CARTESIAN_POINT('',(0.756543720889,-3.716337430267));
#6917 = CARTESIAN_POINT('',(0.732054750577,-3.70250029623));
#6918 = CARTESIAN_POINT('',(0.707312102146,-3.68919640308));
#6919 = CARTESIAN_POINT('',(0.68230214287,-3.676557935777));
#6920 = CARTESIAN_POINT('',(0.657010933081,-3.664728315543));
#6921 = CARTESIAN_POINT('',(0.593638878423,-3.637815587793));
#6922 = CARTESIAN_POINT('',(0.555165180339,-3.623851852266));
#6923 = CARTESIAN_POINT('',(0.516030480001,-3.61251284426));
#6924 = CARTESIAN_POINT('',(0.476252530486,-3.604367361874));
#6925 = CARTESIAN_POINT('',(0.435839689612,-3.6));
#6926 = CARTESIAN_POINT('',(0.3947911197,-3.6));
#6927 = ( GEOMETRIC_REPRESENTATION_CONTEXT(2) 
PARAMETRIC_REPRESENTATION_CONTEXT() REPRESENTATION_CONTEXT('2D SPACE',''
  ) );
#6928 = ORIENTED_EDGE('',*,*,#6929,.T.);
#6929 = EDGE_CURVE('',#6820,#6367,#6930,.T.);
#6930 = SURFACE_CURVE('',#6931,(#6936,#6946),.PCURVE_S1.);
#6931 = ELLIPSE('',#6932,8.485281374239,6.);
#6932 = AXIS2_PLACEMENT_3D('',#6933,#6934,#6935);
#6933 = CARTESIAN_POINT('',(12.,16.,13.315432893255));
#6934 = DIRECTION('',(0.,0.707106781187,-0.707106781187));
#6935 = DIRECTION('',(0.,-0.707106781187,-0.707106781187));
#6936 = PCURVE('',#985,#6937);
#6937 = DEFINITIONAL_REPRESENTATION('',(#6938),#6945);
#6938 = B_SPLINE_CURVE_WITH_KNOTS('',5,(#6939,#6940,#6941,#6942,#6943,
    #6944),.UNSPECIFIED.,.F.,.F.,(6,6),(1.312347351487,1.570796326795),
  .PIECEWISE_BEZIER_KNOTS.);
#6939 = CARTESIAN_POINT('',(-3.400041628898,-9.181944801965));
#6940 = CARTESIAN_POINT('',(-3.348351833836,-9.481783105123));
#6941 = CARTESIAN_POINT('',(-3.296662038774,-9.786742934277));
#6942 = CARTESIAN_POINT('',(-3.244972243713,-10.09515534629));
#6943 = CARTESIAN_POINT('',(-3.193282448651,-10.40529412288));
#6944 = CARTESIAN_POINT('',(-3.14159265359,-10.71543289325));
#6945 = ( GEOMETRIC_REPRESENTATION_CONTEXT(2) 
PARAMETRIC_REPRESENTATION_CONTEXT() REPRESENTATION_CONTEXT('2D SPACE',''
  ) );
#6946 = PCURVE('',#6405,#6947);
#6947 = DEFINITIONAL_REPRESENTATION('',(#6948),#6952);
#6948 = ELLIPSE('',#6949,8.485281374239,6.);
#6949 = AXIS2_PLACEMENT_2D('',#6950,#6951);
#6950 = CARTESIAN_POINT('',(2.12132034356,-9.6));
#6951 = DIRECTION('',(1.,0.));
#6952 = ( GEOMETRIC_REPRESENTATION_CONTEXT(2) 
PARAMETRIC_REPRESENTATION_CONTEXT() REPRESENTATION_CONTEXT('2D SPACE',''
  ) );
#6953 = ORIENTED_EDGE('',*,*,#6366,.T.);
#6954 = ORIENTED_EDGE('',*,*,#6955,.F.);
#6955 = EDGE_CURVE('',#6956,#6334,#6958,.T.);
#6956 = VERTEX_POINT('',#6957);
#6957 = CARTESIAN_POINT('',(6.133301666194,14.742283553372,
    37.057716446628));
#6958 = SURFACE_CURVE('',#6959,(#6992,#7028),.PCURVE_S1.);
#6959 = B_SPLINE_CURVE_WITH_KNOTS('',6,(#6960,#6961,#6962,#6963,#6964,
    #6965,#6966,#6967,#6968,#6969,#6970,#6971,#6972,#6973,#6974,#6975,
    #6976,#6977,#6978,#6979,#6980,#6981,#6982,#6983,#6984,#6985,#6986,
    #6987,#6988,#6989,#6990,#6991),.UNSPECIFIED.,.F.,.F.,(7,5,5,5,5,5,7)
  ,(0.,0.232594475559,0.411988211142,0.590674374915,0.826213117864,
    0.896380229246,1.),.UNSPECIFIED.);
#6960 = CARTESIAN_POINT('',(6.133301666194,14.742283553372,
    37.057716446628));
#6961 = CARTESIAN_POINT('',(6.180753301969,14.520942381215,
    36.836375274471));
#6962 = CARTESIAN_POINT('',(6.232615003339,14.327920980255,
    36.600718121264));
#6963 = CARTESIAN_POINT('',(6.284557132492,14.161745981172,
    36.354320721478));
#6964 = CARTESIAN_POINT('',(6.333426993351,14.021069572741,
    36.099538667798));
#6965 = CARTESIAN_POINT('',(6.376811073621,13.904877381768,
    35.837891427531));
#6966 = CARTESIAN_POINT('',(6.440708451785,13.741659313979,
    35.364177673261));
#6967 = CARTESIAN_POINT('',(6.464166918998,13.684933319357,
    35.154580299968));
#6968 = CARTESIAN_POINT('',(6.482377783531,13.642460599362,
    34.942572580858));
#6969 = CARTESIAN_POINT('',(6.494728860168,13.614160897879,
    34.72896955106));
#6970 = CARTESIAN_POINT('',(6.500909166053,13.6,34.514529675823));
#6971 = CARTESIAN_POINT('',(6.500909166053,13.6,34.08631648054));
#6972 = CARTESIAN_POINT('',(6.49477796369,13.61404977677,33.872721109781
    ));
#6973 = CARTESIAN_POINT('',(6.482522733823,13.642125971784,
    33.659952708045));
#6974 = CARTESIAN_POINT('',(6.464453843142,13.684265583281,
    33.448761444338));
#6975 = CARTESIAN_POINT('',(6.441169841821,13.740543874984,
    33.239952720436));
#6976 = CARTESIAN_POINT('',(6.377124862532,13.903994356361,32.7635185584
    ));
#6977 = CARTESIAN_POINT('',(6.333191182059,14.021581407765,
    32.498553541101));
#6978 = CARTESIAN_POINT('',(6.283629861292,14.1642631804,32.240626206016
    ));
#6979 = CARTESIAN_POINT('',(6.230944716705,14.333102065758,
    31.991305249105));
#6980 = CARTESIAN_POINT('',(6.178419692622,14.529509171933,
    31.753048670742));
#6981 = CARTESIAN_POINT('',(6.116337430267,14.822192414505,
    31.463049181564));
#6982 = CARTESIAN_POINT('',(6.10250029623,14.891972849221,
    31.397782346619));
#6983 = CARTESIAN_POINT('',(6.08919640308,14.96439455521,31.333916510237
    ));
#6984 = CARTESIAN_POINT('',(6.076557935777,15.03949333053,
    31.271569801459));
#6985 = CARTESIAN_POINT('',(6.064728315543,15.11730183727,
    31.210872754063));
#6986 = CARTESIAN_POINT('',(6.037815587793,15.316799073809,
    31.064980753184));
#6987 = CARTESIAN_POINT('',(6.023851852265,15.441859797745,
    30.981801879691));
#6988 = CARTESIAN_POINT('',(6.012512844259,15.572909067008,
    30.903087108251));
#6989 = CARTESIAN_POINT('',(6.004367361874,15.70977200701,
    30.829471154095));
#6990 = CARTESIAN_POINT('',(6.,15.852225148312,30.76157285487));
#6991 = CARTESIAN_POINT('',(6.,16.,30.7));
#6992 = PCURVE('',#985,#6993);
#6993 = DEFINITIONAL_REPRESENTATION('',(#6994),#7027);
#6994 = B_SPLINE_CURVE_WITH_KNOTS('',6,(#6995,#6996,#6997,#6998,#6999,
    #7000,#7001,#7002,#7003,#7004,#7005,#7006,#7007,#7008,#7009,#7010,
    #7011,#7012,#7013,#7014,#7015,#7016,#7017,#7018,#7019,#7020,#7021,
    #7022,#7023,#7024,#7025,#7026),.UNSPECIFIED.,.F.,.F.,(7,5,5,5,5,5,7)
  ,(0.,0.232594475559,0.411988211142,0.590674374915,0.826213117864,
    0.896380229246,1.),.UNSPECIFIED.);
#6995 = CARTESIAN_POINT('',(-3.352778357145,-34.45771644662));
#6996 = CARTESIAN_POINT('',(-3.390506762385,-34.23637527447));
#6997 = CARTESIAN_POINT('',(-3.423774226674,-34.00071812126));
#6998 = CARTESIAN_POINT('',(-3.452765641436,-33.75432072147));
#6999 = CARTESIAN_POINT('',(-3.477575209126,-33.49953866779));
#7000 = CARTESIAN_POINT('',(-3.498243946707,-33.23789142753));
#7001 = CARTESIAN_POINT('',(-3.527457248752,-32.76417767326));
#7002 = CARTESIAN_POINT('',(-3.537686262616,-32.55458029996));
#7003 = CARTESIAN_POINT('',(-3.545388098742,-32.34257258085));
#7004 = CARTESIAN_POINT('',(-3.550534369553,-32.12896955106));
#7005 = CARTESIAN_POINT('',(-3.553109499657,-31.91452967582));
#7006 = CARTESIAN_POINT('',(-3.553109499657,-31.48631648054));
#7007 = CARTESIAN_POINT('',(-3.550554741798,-31.27272110978));
#7008 = CARTESIAN_POINT('',(-3.545448652528,-31.05995270804));
#7009 = CARTESIAN_POINT('',(-3.537807514,-30.84876144433));
#7010 = CARTESIAN_POINT('',(-3.527658395717,-30.63995272043));
#7011 = CARTESIAN_POINT('',(-3.49840005444,-30.1635185584));
#7012 = CARTESIAN_POINT('',(-3.477481533314,-29.8985535411));
#7013 = CARTESIAN_POINT('',(-3.452318848622,-29.64062620601));
#7014 = CARTESIAN_POINT('',(-3.422867877062,-29.3913052491));
#7015 = CARTESIAN_POINT('',(-3.389029245665,-29.15304867074));
#7016 = CARTESIAN_POINT('',(-3.339163401258,-28.86304918156));
#7017 = CARTESIAN_POINT('',(-3.327307865261,-28.79778234661));
#7018 = CARTESIAN_POINT('',(-3.315037553584,-28.73391651023));
#7019 = CARTESIAN_POINT('',(-3.302347429434,-28.67156980145));
#7020 = CARTESIAN_POINT('',(-3.289232112797,-28.61087275406));
#7021 = CARTESIAN_POINT('',(-3.255681387395,-28.46498075318));
#7022 = CARTESIAN_POINT('',(-3.234713900964,-28.38180187969));
#7023 = CARTESIAN_POINT('',(-3.212801380634,-28.30308710825));
#7024 = CARTESIAN_POINT('',(-3.189963977453,-28.22947115409));
#7025 = CARTESIAN_POINT('',(-3.166221795538,-28.16157285487));
#7026 = CARTESIAN_POINT('',(-3.14159265359,-28.1));
#7027 = ( GEOMETRIC_REPRESENTATION_CONTEXT(2) 
PARAMETRIC_REPRESENTATION_CONTEXT() REPRESENTATION_CONTEXT('2D SPACE',''
  ) );
#7028 = PCURVE('',#6354,#7029);
#7029 = DEFINITIONAL_REPRESENTATION('',(#7030),#7063);
#7030 = B_SPLINE_CURVE_WITH_KNOTS('',6,(#7031,#7032,#7033,#7034,#7035,
    #7036,#7037,#7038,#7039,#7040,#7041,#7042,#7043,#7044,#7045,#7046,
    #7047,#7048,#7049,#7050,#7051,#7052,#7053,#7054,#7055,#7056,#7057,
    #7058,#7059,#7060,#7061,#7062),.UNSPECIFIED.,.F.,.F.,(7,5,5,5,5,5,7)
  ,(0.,0.232594475559,0.411988211142,0.590674374915,0.826213117864,
    0.896380229246,1.),.UNSPECIFIED.);
#7031 = CARTESIAN_POINT('',(-3.926990816987,-3.733301666194));
#7032 = CARTESIAN_POINT('',(-4.007253300981,-3.780753301969));
#7033 = CARTESIAN_POINT('',(-4.084976958428,-3.832615003339));
#7034 = CARTESIAN_POINT('',(-4.160709879555,-3.884557132493));
#7035 = CARTESIAN_POINT('',(-4.234911280115,-3.933426993351));
#7036 = CARTESIAN_POINT('',(-4.308046298989,-3.976811073621));
#7037 = CARTESIAN_POINT('',(-4.436519060318,-4.040708451785));
#7038 = CARTESIAN_POINT('',(-4.492068672037,-4.064166918998));
#7039 = CARTESIAN_POINT('',(-4.547327183655,-4.082377783531));
#7040 = CARTESIAN_POINT('',(-4.602396787326,-4.094728860168));
#7041 = CARTESIAN_POINT('',(-4.657381371199,-4.100909166053));
#7042 = CARTESIAN_POINT('',(-4.7671796264,-4.100909166053));
#7043 = CARTESIAN_POINT('',(-4.821947707237,-4.09477796369));
#7044 = CARTESIAN_POINT('',(-4.876799670252,-4.082522733823));
#7045 = CARTESIAN_POINT('',(-4.931838375557,-4.064453843142));
#7046 = CARTESIAN_POINT('',(-4.987164374981,-4.041169841821));
#7047 = CARTESIAN_POINT('',(-5.116316154517,-3.977124862532));
#7048 = CARTESIAN_POINT('',(-5.190363524205,-3.933191182059));
#7049 = CARTESIAN_POINT('',(-5.265503584572,-3.883629861292));
#7050 = CARTESIAN_POINT('',(-5.342221536571,-3.830944716705));
#7051 = CARTESIAN_POINT('',(-5.420994591125,-3.778419692622));
#7052 = CARTESIAN_POINT('',(-5.52664158629,-3.716337430267));
#7053 = CARTESIAN_POINT('',(-5.551130556603,-3.70250029623));
#7054 = CARTESIAN_POINT('',(-5.575873205033,-3.68919640308));
#7055 = CARTESIAN_POINT('',(-5.60088316431,-3.676557935777));
#7056 = CARTESIAN_POINT('',(-5.626174374099,-3.664728315543));
#7057 = CARTESIAN_POINT('',(-5.689546428756,-3.637815587793));
#7058 = CARTESIAN_POINT('',(-5.728020126841,-3.623851852266));
#7059 = CARTESIAN_POINT('',(-5.767154827179,-3.612512844259));
#7060 = CARTESIAN_POINT('',(-5.806932776694,-3.604367361874));
#7061 = CARTESIAN_POINT('',(-5.847345617566,-3.6));
#7062 = CARTESIAN_POINT('',(-5.88839418748,-3.6));
#7063 = ( GEOMETRIC_REPRESENTATION_CONTEXT(2) 
PARAMETRIC_REPRESENTATION_CONTEXT() REPRESENTATION_CONTEXT('2D SPACE',''
  ) );
#7064 = ORIENTED_EDGE('',*,*,#7065,.T.);
#7065 = EDGE_CURVE('',#6956,#6255,#7066,.T.);
#7066 = SURFACE_CURVE('',#7067,(#7072,#7082),.PCURVE_S1.);
#7067 = ELLIPSE('',#7068,8.485281374239,6.);
#7068 = AXIS2_PLACEMENT_3D('',#7069,#7070,#7071);
#7069 = CARTESIAN_POINT('',(12.,16.,38.315432893255));
#7070 = DIRECTION('',(0.,0.707106781187,-0.707106781187));
#7071 = DIRECTION('',(0.,-0.707106781187,-0.707106781187));
#7072 = PCURVE('',#985,#7073);
#7073 = DEFINITIONAL_REPRESENTATION('',(#7074),#7081);
#7074 = B_SPLINE_CURVE_WITH_KNOTS('',5,(#7075,#7076,#7077,#7078,#7079,
    #7080),.UNSPECIFIED.,.F.,.F.,(6,6),(1.312347351487,1.570796326795),
  .PIECEWISE_BEZIER_KNOTS.);
#7075 = CARTESIAN_POINT('',(-3.400041628898,-34.18194480196));
#7076 = CARTESIAN_POINT('',(-3.348351833836,-34.48178310512));
#7077 = CARTESIAN_POINT('',(-3.296662038775,-34.78674293427));
#7078 = CARTESIAN_POINT('',(-3.244972243713,-35.09515534629));
#7079 = CARTESIAN_POINT('',(-3.193282448651,-35.40529412288));
#7080 = CARTESIAN_POINT('',(-3.14159265359,-35.71543289325));
#7081 = ( GEOMETRIC_REPRESENTATION_CONTEXT(2) 
PARAMETRIC_REPRESENTATION_CONTEXT() REPRESENTATION_CONTEXT('2D SPACE',''
  ) );
#7082 = PCURVE('',#6293,#7083);
#7083 = DEFINITIONAL_REPRESENTATION('',(#7084),#7088);
#7084 = ELLIPSE('',#7085,8.485281374239,6.);
#7085 = AXIS2_PLACEMENT_2D('',#7086,#7087);
#7086 = CARTESIAN_POINT('',(2.12132034356,-9.6));
#7087 = DIRECTION('',(1.,0.));
#7088 = ( GEOMETRIC_REPRESENTATION_CONTEXT(2) 
PARAMETRIC_REPRESENTATION_CONTEXT() REPRESENTATION_CONTEXT('2D SPACE',''
  ) );
#7089 = ORIENTED_EDGE('',*,*,#6254,.T.);
#7090 = ORIENTED_EDGE('',*,*,#970,.T.);
#7091 = ORIENTED_EDGE('',*,*,#7092,.F.);
#7092 = EDGE_CURVE('',#6556,#943,#7093,.T.);
#7093 = SURFACE_CURVE('',#7094,(#7098,#7105),.PCURVE_S1.);
#7094 = LINE('',#7095,#7096);
#7095 = CARTESIAN_POINT('',(12.,10.,2.6));
#7096 = VECTOR('',#7097,1.);
#7097 = DIRECTION('',(0.,0.,1.));
#7098 = PCURVE('',#985,#7099);
#7099 = DEFINITIONAL_REPRESENTATION('',(#7100),#7104);
#7100 = LINE('',#7101,#7102);
#7101 = CARTESIAN_POINT('',(-4.712388980385,0.));
#7102 = VECTOR('',#7103,1.);
#7103 = DIRECTION('',(-0.,-1.));
#7104 = ( GEOMETRIC_REPRESENTATION_CONTEXT(2) 
PARAMETRIC_REPRESENTATION_CONTEXT() REPRESENTATION_CONTEXT('2D SPACE',''
  ) );
#7105 = PCURVE('',#958,#7106);
#7106 = DEFINITIONAL_REPRESENTATION('',(#7107),#7111);
#7107 = LINE('',#7108,#7109);
#7108 = CARTESIAN_POINT('',(2.6,9.));
#7109 = VECTOR('',#7110,1.);
#7110 = DIRECTION('',(1.,0.));
#7111 = ( GEOMETRIC_REPRESENTATION_CONTEXT(2) 
PARAMETRIC_REPRESENTATION_CONTEXT() REPRESENTATION_CONTEXT('2D SPACE',''
  ) );
#7112 = ADVANCED_FACE('',(#7113),#816,.F.);
#7113 = FACE_BOUND('',#7114,.T.);
#7114 = EDGE_LOOP('',(#7115,#7151,#7172,#7173));
#7115 = ORIENTED_EDGE('',*,*,#7116,.T.);
#7116 = EDGE_CURVE('',#6502,#7117,#7119,.T.);
#7117 = VERTEX_POINT('',#7118);
#7118 = CARTESIAN_POINT('',(8.,30.,2.6));
#7119 = SURFACE_CURVE('',#7120,(#7125,#7138),.PCURVE_S1.);
#7120 = ELLIPSE('',#7121,2.828427124746,2.);
#7121 = AXIS2_PLACEMENT_3D('',#7122,#7123,#7124);
#7122 = CARTESIAN_POINT('',(8.,28.,4.6));
#7123 = DIRECTION('',(0.,-0.707106781187,-0.707106781187));
#7124 = DIRECTION('',(-0.,0.707106781187,-0.707106781187));
#7125 = PCURVE('',#816,#7126);
#7126 = DEFINITIONAL_REPRESENTATION('',(#7127),#7137);
#7127 = B_SPLINE_CURVE_WITH_KNOTS('',8,(#7128,#7129,#7130,#7131,#7132,
    #7133,#7134,#7135,#7136),.UNSPECIFIED.,.F.,.F.,(9,9),(4.712388980385
    ,6.28318530718),.PIECEWISE_BEZIER_KNOTS.);
#7128 = CARTESIAN_POINT('',(-3.14159265359,-2.));
#7129 = CARTESIAN_POINT('',(-2.94524311274,-1.607300918301));
#7130 = CARTESIAN_POINT('',(-2.748893571889,-1.214601743364));
#7131 = CARTESIAN_POINT('',(-2.552544031047,-0.844973477578));
#7132 = CARTESIAN_POINT('',(-2.356194490174,-0.521482498846));
#7133 = CARTESIAN_POINT('',(-2.159844949348,-0.26436390732));
#7134 = CARTESIAN_POINT('',(-1.963495408491,-8.812155197256E-02));
#7135 = CARTESIAN_POINT('',(-1.767145867644,-5.402727445362E-16));
#7136 = CARTESIAN_POINT('',(-1.570796326795,-4.440892098501E-16));
#7137 = ( GEOMETRIC_REPRESENTATION_CONTEXT(2) 
PARAMETRIC_REPRESENTATION_CONTEXT() REPRESENTATION_CONTEXT('2D SPACE',''
  ) );
#7138 = PCURVE('',#6517,#7139);
#7139 = DEFINITIONAL_REPRESENTATION('',(#7140),#7150);
#7140 = B_SPLINE_CURVE_WITH_KNOTS('',8,(#7141,#7142,#7143,#7144,#7145,
    #7146,#7147,#7148,#7149),.UNSPECIFIED.,.F.,.F.,(9,9),(4.712388980385
    ,6.28318530718),.PIECEWISE_BEZIER_KNOTS.);
#7141 = CARTESIAN_POINT('',(3.14159265359,-18.));
#7142 = CARTESIAN_POINT('',(3.337942194439,-18.39269908169));
#7143 = CARTESIAN_POINT('',(3.534291735283,-18.78539825664));
#7144 = CARTESIAN_POINT('',(3.730641276145,-19.15502652232));
#7145 = CARTESIAN_POINT('',(3.92699081697,-19.47851750122));
#7146 = CARTESIAN_POINT('',(4.123340357848,-19.73563609251));
#7147 = CARTESIAN_POINT('',(4.319689898682,-19.91187844804));
#7148 = CARTESIAN_POINT('',(4.516039439535,-20.));
#7149 = CARTESIAN_POINT('',(4.712388980385,-20.));
#7150 = ( GEOMETRIC_REPRESENTATION_CONTEXT(2) 
PARAMETRIC_REPRESENTATION_CONTEXT() REPRESENTATION_CONTEXT('2D SPACE',''
  ) );
#7151 = ORIENTED_EDGE('',*,*,#7152,.T.);
#7152 = EDGE_CURVE('',#7117,#800,#7153,.T.);
#7153 = SURFACE_CURVE('',#7154,(#7158,#7165),.PCURVE_S1.);
#7154 = LINE('',#7155,#7156);
#7155 = CARTESIAN_POINT('',(8.,30.,2.6));
#7156 = VECTOR('',#7157,1.);
#7157 = DIRECTION('',(0.,0.,1.));
#7158 = PCURVE('',#816,#7159);
#7159 = DEFINITIONAL_REPRESENTATION('',(#7160),#7164);
#7160 = LINE('',#7161,#7162);
#7161 = CARTESIAN_POINT('',(-1.570796326795,0.));
#7162 = VECTOR('',#7163,1.);
#7163 = DIRECTION('',(-0.,-1.));
#7164 = ( GEOMETRIC_REPRESENTATION_CONTEXT(2) 
PARAMETRIC_REPRESENTATION_CONTEXT() REPRESENTATION_CONTEXT('2D SPACE',''
  ) );
#7165 = PCURVE('',#844,#7166);
#7166 = DEFINITIONAL_REPRESENTATION('',(#7167),#7171);
#7167 = LINE('',#7168,#7169);
#7168 = CARTESIAN_POINT('',(2.6,2.01));
#7169 = VECTOR('',#7170,1.);
#7170 = DIRECTION('',(1.,0.));
#7171 = ( GEOMETRIC_REPRESENTATION_CONTEXT(2) 
PARAMETRIC_REPRESENTATION_CONTEXT() REPRESENTATION_CONTEXT('2D SPACE',''
  ) );
#7172 = ORIENTED_EDGE('',*,*,#799,.T.);
#7173 = ORIENTED_EDGE('',*,*,#6529,.F.);
#7174 = ADVANCED_FACE('',(#7175),#958,.T.);
#7175 = FACE_BOUND('',#7176,.T.);
#7176 = EDGE_LOOP('',(#7177,#7200,#7201,#7202));
#7177 = ORIENTED_EDGE('',*,*,#7178,.F.);
#7178 = EDGE_CURVE('',#6556,#7179,#7181,.T.);
#7179 = VERTEX_POINT('',#7180);
#7180 = CARTESIAN_POINT('',(55.,10.,2.6));
#7181 = SURFACE_CURVE('',#7182,(#7186,#7193),.PCURVE_S1.);
#7182 = LINE('',#7183,#7184);
#7183 = CARTESIAN_POINT('',(1.5,10.,2.6));
#7184 = VECTOR('',#7185,1.);
#7185 = DIRECTION('',(1.,0.,0.));
#7186 = PCURVE('',#958,#7187);
#7187 = DEFINITIONAL_REPRESENTATION('',(#7188),#7192);
#7188 = LINE('',#7189,#7190);
#7189 = CARTESIAN_POINT('',(2.6,-1.5));
#7190 = VECTOR('',#7191,1.);
#7191 = DIRECTION('',(0.,1.));
#7192 = ( GEOMETRIC_REPRESENTATION_CONTEXT(2) 
PARAMETRIC_REPRESENTATION_CONTEXT() REPRESENTATION_CONTEXT('2D SPACE',''
  ) );
#7193 = PCURVE('',#6572,#7194);
#7194 = DEFINITIONAL_REPRESENTATION('',(#7195),#7199);
#7195 = LINE('',#7196,#7197);
#7196 = CARTESIAN_POINT('',(1.5,1.E-02));
#7197 = VECTOR('',#7198,1.);
#7198 = DIRECTION('',(1.,0.));
#7199 = ( GEOMETRIC_REPRESENTATION_CONTEXT(2) 
PARAMETRIC_REPRESENTATION_CONTEXT() REPRESENTATION_CONTEXT('2D SPACE',''
  ) );
#7200 = ORIENTED_EDGE('',*,*,#7092,.T.);
#7201 = ORIENTED_EDGE('',*,*,#942,.F.);
#7202 = ORIENTED_EDGE('',*,*,#7203,.F.);
#7203 = EDGE_CURVE('',#7179,#914,#7204,.T.);
#7204 = SURFACE_CURVE('',#7205,(#7209,#7216),.PCURVE_S1.);
#7205 = LINE('',#7206,#7207);
#7206 = CARTESIAN_POINT('',(55.,10.,2.6));
#7207 = VECTOR('',#7208,1.);
#7208 = DIRECTION('',(0.,0.,1.));
#7209 = PCURVE('',#958,#7210);
#7210 = DEFINITIONAL_REPRESENTATION('',(#7211),#7215);
#7211 = LINE('',#7212,#7213);
#7212 = CARTESIAN_POINT('',(2.6,52.));
#7213 = VECTOR('',#7214,1.);
#7214 = DIRECTION('',(1.,0.));
#7215 = ( GEOMETRIC_REPRESENTATION_CONTEXT(2) 
PARAMETRIC_REPRESENTATION_CONTEXT() REPRESENTATION_CONTEXT('2D SPACE',''
  ) );
#7216 = PCURVE('',#930,#7217);
#7217 = DEFINITIONAL_REPRESENTATION('',(#7218),#7222);
#7218 = LINE('',#7219,#7220);
#7219 = CARTESIAN_POINT('',(-4.712388980385,0.));
#7220 = VECTOR('',#7221,1.);
#7221 = DIRECTION('',(-0.,-1.));
#7222 = ( GEOMETRIC_REPRESENTATION_CONTEXT(2) 
PARAMETRIC_REPRESENTATION_CONTEXT() REPRESENTATION_CONTEXT('2D SPACE',''
  ) );
#7223 = ADVANCED_FACE('',(#7224),#844,.F.);
#7224 = FACE_BOUND('',#7225,.F.);
#7225 = EDGE_LOOP('',(#7226,#7227,#7228,#7251));
#7226 = ORIENTED_EDGE('',*,*,#7152,.T.);
#7227 = ORIENTED_EDGE('',*,*,#828,.T.);
#7228 = ORIENTED_EDGE('',*,*,#7229,.F.);
#7229 = EDGE_CURVE('',#7230,#829,#7232,.T.);
#7230 = VERTEX_POINT('',#7231);
#7231 = CARTESIAN_POINT('',(59.,30.,2.6));
#7232 = SURFACE_CURVE('',#7233,(#7237,#7244),.PCURVE_S1.);
#7233 = LINE('',#7234,#7235);
#7234 = CARTESIAN_POINT('',(59.,30.,2.6));
#7235 = VECTOR('',#7236,1.);
#7236 = DIRECTION('',(0.,0.,1.));
#7237 = PCURVE('',#844,#7238);
#7238 = DEFINITIONAL_REPRESENTATION('',(#7239),#7243);
#7239 = LINE('',#7240,#7241);
#7240 = CARTESIAN_POINT('',(2.6,53.01));
#7241 = VECTOR('',#7242,1.);
#7242 = DIRECTION('',(1.,0.));
#7243 = ( GEOMETRIC_REPRESENTATION_CONTEXT(2) 
PARAMETRIC_REPRESENTATION_CONTEXT() REPRESENTATION_CONTEXT('2D SPACE',''
  ) );
#7244 = PCURVE('',#873,#7245);
#7245 = DEFINITIONAL_REPRESENTATION('',(#7246),#7250);
#7246 = LINE('',#7247,#7248);
#7247 = CARTESIAN_POINT('',(-1.570796326795,0.));
#7248 = VECTOR('',#7249,1.);
#7249 = DIRECTION('',(-0.,-1.));
#7250 = ( GEOMETRIC_REPRESENTATION_CONTEXT(2) 
PARAMETRIC_REPRESENTATION_CONTEXT() REPRESENTATION_CONTEXT('2D SPACE',''
  ) );
#7251 = ORIENTED_EDGE('',*,*,#7252,.T.);
#7252 = EDGE_CURVE('',#7230,#7117,#7253,.T.);
#7253 = SURFACE_CURVE('',#7254,(#7258,#7265),.PCURVE_S1.);
#7254 = LINE('',#7255,#7256);
#7255 = CARTESIAN_POINT('',(2.995,30.,2.6));
#7256 = VECTOR('',#7257,1.);
#7257 = DIRECTION('',(-1.,0.,0.));
#7258 = PCURVE('',#844,#7259);
#7259 = DEFINITIONAL_REPRESENTATION('',(#7260),#7264);
#7260 = LINE('',#7261,#7262);
#7261 = CARTESIAN_POINT('',(2.6,-2.995));
#7262 = VECTOR('',#7263,1.);
#7263 = DIRECTION('',(0.,-1.));
#7264 = ( GEOMETRIC_REPRESENTATION_CONTEXT(2) 
PARAMETRIC_REPRESENTATION_CONTEXT() REPRESENTATION_CONTEXT('2D SPACE',''
  ) );
#7265 = PCURVE('',#6572,#7266);
#7266 = DEFINITIONAL_REPRESENTATION('',(#7267),#7271);
#7267 = LINE('',#7268,#7269);
#7268 = CARTESIAN_POINT('',(2.995,20.01));
#7269 = VECTOR('',#7270,1.);
#7270 = DIRECTION('',(-1.,0.));
#7271 = ( GEOMETRIC_REPRESENTATION_CONTEXT(2) 
PARAMETRIC_REPRESENTATION_CONTEXT() REPRESENTATION_CONTEXT('2D SPACE',''
  ) );
#7272 = ADVANCED_FACE('',(#7273),#930,.F.);
#7273 = FACE_BOUND('',#7274,.T.);
#7274 = EDGE_LOOP('',(#7275,#7276,#7277,#7300,#7327,#7452,#7475,#7502,
    #7627,#7650,#7729));
#7275 = ORIENTED_EDGE('',*,*,#7203,.T.);
#7276 = ORIENTED_EDGE('',*,*,#913,.T.);
#7277 = ORIENTED_EDGE('',*,*,#7278,.F.);
#7278 = EDGE_CURVE('',#7279,#886,#7281,.T.);
#7279 = VERTEX_POINT('',#7280);
#7280 = CARTESIAN_POINT('',(61.,16.,38.881118318204));
#7281 = SURFACE_CURVE('',#7282,(#7286,#7293),.PCURVE_S1.);
#7282 = LINE('',#7283,#7284);
#7283 = CARTESIAN_POINT('',(61.,16.,2.6));
#7284 = VECTOR('',#7285,1.);
#7285 = DIRECTION('',(0.,0.,1.));
#7286 = PCURVE('',#930,#7287);
#7287 = DEFINITIONAL_REPRESENTATION('',(#7288),#7292);
#7288 = LINE('',#7289,#7290);
#7289 = CARTESIAN_POINT('',(-6.28318530718,0.));
#7290 = VECTOR('',#7291,1.);
#7291 = DIRECTION('',(-0.,-1.));
#7292 = ( GEOMETRIC_REPRESENTATION_CONTEXT(2) 
PARAMETRIC_REPRESENTATION_CONTEXT() REPRESENTATION_CONTEXT('2D SPACE',''
  ) );
#7293 = PCURVE('',#901,#7294);
#7294 = DEFINITIONAL_REPRESENTATION('',(#7295),#7299);
#7295 = LINE('',#7296,#7297);
#7296 = CARTESIAN_POINT('',(2.6,-6.01));
#7297 = VECTOR('',#7298,1.);
#7298 = DIRECTION('',(1.,0.));
#7299 = ( GEOMETRIC_REPRESENTATION_CONTEXT(2) 
PARAMETRIC_REPRESENTATION_CONTEXT() REPRESENTATION_CONTEXT('2D SPACE',''
  ) );
#7300 = ORIENTED_EDGE('',*,*,#7301,.T.);
#7301 = EDGE_CURVE('',#7279,#7302,#7304,.T.);
#7302 = VERTEX_POINT('',#7303);
#7303 = CARTESIAN_POINT('',(60.798851392932,14.459440840898,
    37.340559159102));
#7304 = SURFACE_CURVE('',#7305,(#7310,#7320),.PCURVE_S1.);
#7305 = ELLIPSE('',#7306,8.485281374239,6.);
#7306 = AXIS2_PLACEMENT_3D('',#7307,#7308,#7309);
#7307 = CARTESIAN_POINT('',(55.,16.,38.881118318204));
#7308 = DIRECTION('',(0.,0.707106781187,-0.707106781187));
#7309 = DIRECTION('',(0.,-0.707106781187,-0.707106781187));
#7310 = PCURVE('',#930,#7311);
#7311 = DEFINITIONAL_REPRESENTATION('',(#7312),#7319);
#7312 = B_SPLINE_CURVE_WITH_KNOTS('',5,(#7313,#7314,#7315,#7316,#7317,
    #7318),.UNSPECIFIED.,.F.,.F.,(6,6),(4.712388980385,5.02488617581),
  .PIECEWISE_BEZIER_KNOTS.);
#7313 = CARTESIAN_POINT('',(-6.28318530718,-36.2811183182));
#7314 = CARTESIAN_POINT('',(-6.220685868095,-35.90612168369));
#7315 = CARTESIAN_POINT('',(-6.15818642901,-35.53112502572));
#7316 = CARTESIAN_POINT('',(-6.095686989925,-35.15918016444));
#7317 = CARTESIAN_POINT('',(-6.03318755084,-34.79333834455));
#7318 = CARTESIAN_POINT('',(-5.970688111755,-34.43650324319));
#7319 = ( GEOMETRIC_REPRESENTATION_CONTEXT(2) 
PARAMETRIC_REPRESENTATION_CONTEXT() REPRESENTATION_CONTEXT('2D SPACE',''
  ) );
#7320 = PCURVE('',#5760,#7321);
#7321 = DEFINITIONAL_REPRESENTATION('',(#7322),#7326);
#7322 = ELLIPSE('',#7323,8.485281374239,6.);
#7323 = AXIS2_PLACEMENT_2D('',#7324,#7325);
#7324 = CARTESIAN_POINT('',(2.12132034356,5.));
#7325 = DIRECTION('',(1.,0.));
#7326 = ( GEOMETRIC_REPRESENTATION_CONTEXT(2) 
PARAMETRIC_REPRESENTATION_CONTEXT() REPRESENTATION_CONTEXT('2D SPACE',''
  ) );
#7327 = ORIENTED_EDGE('',*,*,#7328,.T.);
#7328 = EDGE_CURVE('',#7302,#7329,#7331,.T.);
#7329 = VERTEX_POINT('',#7330);
#7330 = CARTESIAN_POINT('',(61.,16.,30.270111664078));
#7331 = SURFACE_CURVE('',#7332,(#7370,#7411),.PCURVE_S1.);
#7332 = B_SPLINE_CURVE_WITH_KNOTS('',6,(#7333,#7334,#7335,#7336,#7337,
    #7338,#7339,#7340,#7341,#7342,#7343,#7344,#7345,#7346,#7347,#7348,
    #7349,#7350,#7351,#7352,#7353,#7354,#7355,#7356,#7357,#7358,#7359,
    #7360,#7361,#7362,#7363,#7364,#7365,#7366,#7367,#7368,#7369),
  .UNSPECIFIED.,.F.,.F.,(7,5,5,5,5,5,5,7),(0.,4.75148734985E-02,
    0.182442658854,0.405697639542,0.523593182674,0.629126663932,
    0.899196805228,1.),.UNSPECIFIED.);
#7333 = CARTESIAN_POINT('',(60.798851392932,14.459440840898,
    37.340559159102));
#7334 = CARTESIAN_POINT('',(60.785436901081,14.408947067715,
    37.290065385919));
#7335 = CARTESIAN_POINT('',(60.771817227677,14.359806945908,
    37.238912790734));
#7336 = CARTESIAN_POINT('',(60.758038097674,14.312001544688,
    37.187134314224));
#7337 = CARTESIAN_POINT('',(60.744142773306,14.26551257504,
    37.134759925101));
#7338 = CARTESIAN_POINT('',(60.730172054089,14.220322389724,
    37.081816620112));
#7339 = CARTESIAN_POINT('',(60.676386450942,14.051727467139,
    36.876438219821));
#7340 = CARTESIAN_POINT('',(60.636298936415,13.937340808199,
    36.720110114976));
#7341 = CARTESIAN_POINT('',(60.596795135582,13.832920831459,
    36.55994399801));
#7342 = CARTESIAN_POINT('',(60.558639408841,13.738177311693,
    36.396394046175));
#7343 = CARTESIAN_POINT('',(60.522493146169,13.652880108123,
    36.229801294726));
#7344 = CARTESIAN_POINT('',(60.433424328471,13.451118443735,
    35.780173832519));
#7345 = CARTESIAN_POINT('',(60.384930573164,13.350626699731,
    35.491907952254));
#7346 = CARTESIAN_POINT('',(60.346369325684,13.275370777505,
    35.197948747703));
#7347 = CARTESIAN_POINT('',(60.319883807371,13.225176650213,
    34.900210930603));
#7348 = CARTESIAN_POINT('',(60.306599664569,13.2,34.600362471114));
#7349 = CARTESIAN_POINT('',(60.306599664569,13.2,34.14138586042));
#7350 = CARTESIAN_POINT('',(60.310304015648,13.207020923284,
    33.98279896592));
#7351 = CARTESIAN_POINT('',(60.317711409948,13.221058437319,
    33.824521041709));
#7352 = CARTESIAN_POINT('',(60.328729755076,13.242110457392,
    33.666844710662));
#7353 = CARTESIAN_POINT('',(60.343180793941,13.270172385093,
    33.510073905468));
#7354 = CARTESIAN_POINT('',(60.376580679359,13.336616059128,
    33.21528497653));
#7355 = CARTESIAN_POINT('',(60.394898287921,13.373605386588,
    33.077031907311));
#7356 = CARTESIAN_POINT('',(60.41558008192,13.416208115858,
    32.939915813832));
#7357 = CARTESIAN_POINT('',(60.43840624505,13.46444541298,
    32.804104943507));
#7358 = CARTESIAN_POINT('',(60.463117667761,13.518349234738,
    32.669785371796));
#7359 = CARTESIAN_POINT('',(60.556726599134,13.730508650553,
    32.197763863835));
#7360 = CARTESIAN_POINT('',(60.634281068512,13.920054251505,
    31.870306532481));
#7361 = CARTESIAN_POINT('',(60.717479975481,14.147945360551,
    31.555865737958));
#7362 = CARTESIAN_POINT('',(60.800610613061,14.417162719861,
    31.257507168344));
#7363 = CARTESIAN_POINT('',(60.875741057608,14.731312486032,
    30.98112751963));
#7364 = CARTESIAN_POINT('',(60.951700433568,15.228043874098,
    30.645583356702));
#7365 = CARTESIAN_POINT('',(60.969611307053,15.369851157684,
    30.558731830373));
#7366 = CARTESIAN_POINT('',(60.984101700109,15.518248144776,
    30.47702662013));
#7367 = CARTESIAN_POINT('',(60.994467485744,15.672965557847,
    30.40121882415));
#7368 = CARTESIAN_POINT('',(61.,15.833676185675,30.332020506381));
#7369 = CARTESIAN_POINT('',(61.,16.,30.270111664078));
#7370 = PCURVE('',#930,#7371);
#7371 = DEFINITIONAL_REPRESENTATION('',(#7372),#7410);
#7372 = B_SPLINE_CURVE_WITH_KNOTS('',6,(#7373,#7374,#7375,#7376,#7377,
    #7378,#7379,#7380,#7381,#7382,#7383,#7384,#7385,#7386,#7387,#7388,
    #7389,#7390,#7391,#7392,#7393,#7394,#7395,#7396,#7397,#7398,#7399,
    #7400,#7401,#7402,#7403,#7404,#7405,#7406,#7407,#7408,#7409),
  .UNSPECIFIED.,.F.,.F.,(7,5,5,5,5,5,5,7),(0.,4.75148734985E-02,
    0.182442658854,0.405697639542,0.523593182674,0.629126663932,
    0.899196805228,1.),.UNSPECIFIED.);
#7373 = CARTESIAN_POINT('',(-6.023517137912,-34.7405591591));
#7374 = CARTESIAN_POINT('',(-6.014809590544,-34.69006538591));
#7375 = CARTESIAN_POINT('',(-6.006311298614,-34.63891279073));
#7376 = CARTESIAN_POINT('',(-5.998020009221,-34.58713431422));
#7377 = CARTESIAN_POINT('',(-5.989933704795,-34.5347599251));
#7378 = CARTESIAN_POINT('',(-5.9820506031,-34.48181662011));
#7379 = CARTESIAN_POINT('',(-5.952556187891,-34.27643821982));
#7380 = CARTESIAN_POINT('',(-5.93236291316,-34.12011011497));
#7381 = CARTESIAN_POINT('',(-5.913763269538,-33.95994399801));
#7382 = CARTESIAN_POINT('',(-5.896744523821,-33.79639404617));
#7383 = CARTESIAN_POINT('',(-5.88130629542,-33.62980129472));
#7384 = CARTESIAN_POINT('',(-5.84454844535,-33.18017383251));
#7385 = CARTESIAN_POINT('',(-5.825962399443,-32.89190795225));
#7386 = CARTESIAN_POINT('',(-5.811870639939,-32.5979487477));
#7387 = CARTESIAN_POINT('',(-5.802411522256,-32.3002109306));
#7388 = CARTESIAN_POINT('',(-5.797667184884,-32.00036247111));
#7389 = CARTESIAN_POINT('',(-5.797667184884,-31.54138586042));
#7390 = CARTESIAN_POINT('',(-5.798990206348,-31.38279896592));
#7391 = CARTESIAN_POINT('',(-5.801635595082,-31.2245210417));
#7392 = CARTESIAN_POINT('',(-5.805595708231,-31.06684471066));
#7393 = CARTESIAN_POINT('',(-5.810856189671,-30.91007390546));
#7394 = CARTESIAN_POINT('',(-5.823250536686,-30.61528497653));
#7395 = CARTESIAN_POINT('',(-5.83012981552,-30.47703190731));
#7396 = CARTESIAN_POINT('',(-5.838022347788,-30.33991581383));
#7397 = CARTESIAN_POINT('',(-5.846915766024,-30.2041049435));
#7398 = CARTESIAN_POINT('',(-5.856797791488,-30.06978537179));
#7399 = CARTESIAN_POINT('',(-5.895446583963,-29.59776386383));
#7400 = CARTESIAN_POINT('',(-5.929567507139,-29.27030653248));
#7401 = CARTESIAN_POINT('',(-5.969951066821,-28.95586573795));
#7402 = CARTESIAN_POINT('',(-6.016804944843,-28.65750716834));
#7403 = CARTESIAN_POINT('',(-6.070454921965,-28.38112751963));
#7404 = CARTESIAN_POINT('',(-6.154205858723,-28.0455833567));
#7405 = CARTESIAN_POINT('',(-6.178020072264,-27.95873183037));
#7406 = CARTESIAN_POINT('',(-6.202854966799,-27.87702662013));
#7407 = CARTESIAN_POINT('',(-6.228679582109,-27.80121882415));
#7408 = CARTESIAN_POINT('',(-6.255464671459,-27.73202050638));
#7409 = CARTESIAN_POINT('',(-6.28318530718,-27.67011166407));
#7410 = ( GEOMETRIC_REPRESENTATION_CONTEXT(2) 
PARAMETRIC_REPRESENTATION_CONTEXT() REPRESENTATION_CONTEXT('2D SPACE',''
  ) );
#7411 = PCURVE('',#5734,#7412);
#7412 = DEFINITIONAL_REPRESENTATION('',(#7413),#7451);
#7413 = B_SPLINE_CURVE_WITH_KNOTS('',6,(#7414,#7415,#7416,#7417,#7418,
    #7419,#7420,#7421,#7422,#7423,#7424,#7425,#7426,#7427,#7428,#7429,
    #7430,#7431,#7432,#7433,#7434,#7435,#7436,#7437,#7438,#7439,#7440,
    #7441,#7442,#7443,#7444,#7445,#7446,#7447,#7448,#7449,#7450),
  .UNSPECIFIED.,.F.,.F.,(7,5,5,5,5,5,5,7),(0.,4.75148734985E-02,
    0.182442658854,0.405697639542,0.523593182674,0.629126663932,
    0.899196805228,1.),.UNSPECIFIED.);
#7414 = CARTESIAN_POINT('',(2.356194490192,-0.798851392932));
#7415 = CARTESIAN_POINT('',(2.339587750925,-0.785436901081));
#7416 = CARTESIAN_POINT('',(2.323095251773,-0.771817227677));
#7417 = CARTESIAN_POINT('',(2.3067111133,-0.758038097674));
#7418 = CARTESIAN_POINT('',(2.290429537434,-0.744142773306));
#7419 = CARTESIAN_POINT('',(2.274244807466,-0.730172054089));
#7420 = CARTESIAN_POINT('',(2.212450589036,-0.676386450942));
#7421 = CARTESIAN_POINT('',(2.167471922942,-0.636298936415));
#7422 = CARTESIAN_POINT('',(2.123102492492,-0.596795135582));
#7423 = CARTESIAN_POINT('',(2.079235706102,-0.558639408841));
#7424 = CARTESIAN_POINT('',(2.035767762456,-0.522493146169));
#7425 = CARTESIAN_POINT('',(1.921158207293,-0.433424328471));
#7426 = CARTESIAN_POINT('',(1.850427502629,-0.384930573165));
#7427 = CARTESIAN_POINT('',(1.780235214717,-0.346369325684));
#7428 = CARTESIAN_POINT('',(1.710380228928,-0.319883807371));
#7429 = CARTESIAN_POINT('',(1.640648064263,-0.306599664569));
#7430 = CARTESIAN_POINT('',(1.53390931759,-0.306599664569));
#7431 = CARTESIAN_POINT('',(1.497028635094,-0.310304015648));
#7432 = CARTESIAN_POINT('',(1.460129500429,-0.317711409948));
#7433 = CARTESIAN_POINT('',(1.423189680105,-0.328729755076));
#7434 = CARTESIAN_POINT('',(1.386188663864,-0.343180793941));
#7435 = CARTESIAN_POINT('',(1.315913274781,-0.376580679359));
#7436 = CARTESIAN_POINT('',(1.282656810308,-0.394898287921));
#7437 = CARTESIAN_POINT('',(1.249305423311,-0.41558008192));
#7438 = CARTESIAN_POINT('',(1.215829099896,-0.43840624505));
#7439 = CARTESIAN_POINT('',(1.182198463037,-0.463117667761));
#7440 = CARTESIAN_POINT('',(1.061847452677,-0.556726599134));
#7441 = CARTESIAN_POINT('',(0.974316029452,-0.634281068512));
#7442 = CARTESIAN_POINT('',(0.884728509035,-0.717479975481));
#7443 = CARTESIAN_POINT('',(0.792130132108,-0.800610613061));
#7444 = CARTESIAN_POINT('',(0.6956110479,-0.875741057608));
#7445 = CARTESIAN_POINT('',(0.556205689962,-0.951700433568));
#7446 = CARTESIAN_POINT('',(0.517571930278,-0.969611307053));
#7447 = CARTESIAN_POINT('',(0.478240162757,-0.984101700109));
#7448 = CARTESIAN_POINT('',(0.43824321655,-0.994467485744));
#7449 = CARTESIAN_POINT('',(0.397602649064,-1.));
#7450 = CARTESIAN_POINT('',(0.356330087529,-1.));
#7451 = ( GEOMETRIC_REPRESENTATION_CONTEXT(2) 
PARAMETRIC_REPRESENTATION_CONTEXT() REPRESENTATION_CONTEXT('2D SPACE',''
  ) );
#7452 = ORIENTED_EDGE('',*,*,#7453,.F.);
#7453 = EDGE_CURVE('',#7454,#7329,#7456,.T.);
#7454 = VERTEX_POINT('',#7455);
#7455 = CARTESIAN_POINT('',(61.,16.,13.881118318204));
#7456 = SURFACE_CURVE('',#7457,(#7461,#7468),.PCURVE_S1.);
#7457 = LINE('',#7458,#7459);
#7458 = CARTESIAN_POINT('',(61.,16.,2.6));
#7459 = VECTOR('',#7460,1.);
#7460 = DIRECTION('',(0.,0.,1.));
#7461 = PCURVE('',#930,#7462);
#7462 = DEFINITIONAL_REPRESENTATION('',(#7463),#7467);
#7463 = LINE('',#7464,#7465);
#7464 = CARTESIAN_POINT('',(-6.28318530718,0.));
#7465 = VECTOR('',#7466,1.);
#7466 = DIRECTION('',(-0.,-1.));
#7467 = ( GEOMETRIC_REPRESENTATION_CONTEXT(2) 
PARAMETRIC_REPRESENTATION_CONTEXT() REPRESENTATION_CONTEXT('2D SPACE',''
  ) );
#7468 = PCURVE('',#901,#7469);
#7469 = DEFINITIONAL_REPRESENTATION('',(#7470),#7474);
#7470 = LINE('',#7471,#7472);
#7471 = CARTESIAN_POINT('',(2.6,-6.01));
#7472 = VECTOR('',#7473,1.);
#7473 = DIRECTION('',(1.,0.));
#7474 = ( GEOMETRIC_REPRESENTATION_CONTEXT(2) 
PARAMETRIC_REPRESENTATION_CONTEXT() REPRESENTATION_CONTEXT('2D SPACE',''
  ) );
#7475 = ORIENTED_EDGE('',*,*,#7476,.T.);
#7476 = EDGE_CURVE('',#7454,#7477,#7479,.T.);
#7477 = VERTEX_POINT('',#7478);
#7478 = CARTESIAN_POINT('',(60.798851392932,14.459440840898,
    12.340559159102));
#7479 = SURFACE_CURVE('',#7480,(#7485,#7495),.PCURVE_S1.);
#7480 = ELLIPSE('',#7481,8.485281374239,6.);
#7481 = AXIS2_PLACEMENT_3D('',#7482,#7483,#7484);
#7482 = CARTESIAN_POINT('',(55.,16.,13.881118318204));
#7483 = DIRECTION('',(0.,0.707106781187,-0.707106781187));
#7484 = DIRECTION('',(0.,-0.707106781187,-0.707106781187));
#7485 = PCURVE('',#930,#7486);
#7486 = DEFINITIONAL_REPRESENTATION('',(#7487),#7494);
#7487 = B_SPLINE_CURVE_WITH_KNOTS('',5,(#7488,#7489,#7490,#7491,#7492,
    #7493),.UNSPECIFIED.,.F.,.F.,(6,6),(4.712388980385,5.02488617581),
  .PIECEWISE_BEZIER_KNOTS.);
#7488 = CARTESIAN_POINT('',(-6.28318530718,-11.2811183182));
#7489 = CARTESIAN_POINT('',(-6.220685868095,-10.90612168369));
#7490 = CARTESIAN_POINT('',(-6.15818642901,-10.53112502572));
#7491 = CARTESIAN_POINT('',(-6.095686989925,-10.15918016444));
#7492 = CARTESIAN_POINT('',(-6.03318755084,-9.793338344551));
#7493 = CARTESIAN_POINT('',(-5.970688111755,-9.436503243192));
#7494 = ( GEOMETRIC_REPRESENTATION_CONTEXT(2) 
PARAMETRIC_REPRESENTATION_CONTEXT() REPRESENTATION_CONTEXT('2D SPACE',''
  ) );
#7495 = PCURVE('',#5575,#7496);
#7496 = DEFINITIONAL_REPRESENTATION('',(#7497),#7501);
#7497 = ELLIPSE('',#7498,8.485281374239,6.);
#7498 = AXIS2_PLACEMENT_2D('',#7499,#7500);
#7499 = CARTESIAN_POINT('',(2.12132034356,5.));
#7500 = DIRECTION('',(1.,0.));
#7501 = ( GEOMETRIC_REPRESENTATION_CONTEXT(2) 
PARAMETRIC_REPRESENTATION_CONTEXT() REPRESENTATION_CONTEXT('2D SPACE',''
  ) );
#7502 = ORIENTED_EDGE('',*,*,#7503,.T.);
#7503 = EDGE_CURVE('',#7477,#7504,#7506,.T.);
#7504 = VERTEX_POINT('',#7505);
#7505 = CARTESIAN_POINT('',(61.,16.,5.270111664078));
#7506 = SURFACE_CURVE('',#7507,(#7545,#7586),.PCURVE_S1.);
#7507 = B_SPLINE_CURVE_WITH_KNOTS('',6,(#7508,#7509,#7510,#7511,#7512,
    #7513,#7514,#7515,#7516,#7517,#7518,#7519,#7520,#7521,#7522,#7523,
    #7524,#7525,#7526,#7527,#7528,#7529,#7530,#7531,#7532,#7533,#7534,
    #7535,#7536,#7537,#7538,#7539,#7540,#7541,#7542,#7543,#7544),
  .UNSPECIFIED.,.F.,.F.,(7,5,5,5,5,5,5,7),(0.,4.75148734986E-02,
    0.182442658855,0.405697639542,0.523593182675,0.629126663932,
    0.899196805228,1.),.UNSPECIFIED.);
#7508 = CARTESIAN_POINT('',(60.798851392932,14.459440840898,
    12.340559159102));
#7509 = CARTESIAN_POINT('',(60.785436901081,14.408947067714,
    12.290065385919));
#7510 = CARTESIAN_POINT('',(60.771817227677,14.359806945908,
    12.238912790734));
#7511 = CARTESIAN_POINT('',(60.758038097674,14.312001544688,
    12.187134314224));
#7512 = CARTESIAN_POINT('',(60.744142773306,14.26551257504,
    12.134759925101));
#7513 = CARTESIAN_POINT('',(60.730172054089,14.220322389724,
    12.081816620112));
#7514 = CARTESIAN_POINT('',(60.676386450942,14.051727467139,
    11.876438219821));
#7515 = CARTESIAN_POINT('',(60.636298936415,13.937340808199,
    11.720110114976));
#7516 = CARTESIAN_POINT('',(60.596795135582,13.832920831459,
    11.55994399801));
#7517 = CARTESIAN_POINT('',(60.558639408841,13.738177311693,
    11.396394046175));
#7518 = CARTESIAN_POINT('',(60.522493146169,13.652880108123,
    11.229801294726));
#7519 = CARTESIAN_POINT('',(60.433424328471,13.451118443735,
    10.780173832519));
#7520 = CARTESIAN_POINT('',(60.384930573164,13.35062669973,
    10.491907952253));
#7521 = CARTESIAN_POINT('',(60.346369325684,13.275370777505,
    10.197948747703));
#7522 = CARTESIAN_POINT('',(60.319883807371,13.225176650213,
    9.900210930603));
#7523 = CARTESIAN_POINT('',(60.306599664569,13.2,9.600362471115));
#7524 = CARTESIAN_POINT('',(60.306599664569,13.2,9.14138586042));
#7525 = CARTESIAN_POINT('',(60.310304015648,13.207020923284,
    8.98279896592));
#7526 = CARTESIAN_POINT('',(60.317711409948,13.221058437319,
    8.824521041709));
#7527 = CARTESIAN_POINT('',(60.328729755076,13.242110457392,
    8.666844710662));
#7528 = CARTESIAN_POINT('',(60.343180793941,13.270172385093,
    8.510073905468));
#7529 = CARTESIAN_POINT('',(60.376580679359,13.336616059128,
    8.21528497653));
#7530 = CARTESIAN_POINT('',(60.394898287921,13.373605386588,
    8.077031907311));
#7531 = CARTESIAN_POINT('',(60.41558008192,13.416208115858,
    7.939915813832));
#7532 = CARTESIAN_POINT('',(60.43840624505,13.46444541298,7.804104943507
    ));
#7533 = CARTESIAN_POINT('',(60.463117667761,13.518349234738,
    7.669785371796));
#7534 = CARTESIAN_POINT('',(60.556726599134,13.730508650553,
    7.197763863835));
#7535 = CARTESIAN_POINT('',(60.634281068512,13.920054251505,
    6.870306532481));
#7536 = CARTESIAN_POINT('',(60.717479975481,14.147945360551,
    6.555865737958));
#7537 = CARTESIAN_POINT('',(60.800610613061,14.417162719861,
    6.257507168344));
#7538 = CARTESIAN_POINT('',(60.875741057608,14.731312486033,
    5.98112751963));
#7539 = CARTESIAN_POINT('',(60.951700433568,15.228043874098,
    5.645583356702));
#7540 = CARTESIAN_POINT('',(60.969611307053,15.369851157684,
    5.558731830373));
#7541 = CARTESIAN_POINT('',(60.984101700109,15.518248144776,
    5.47702662013));
#7542 = CARTESIAN_POINT('',(60.994467485744,15.672965557847,
    5.40121882415));
#7543 = CARTESIAN_POINT('',(61.,15.833676185675,5.332020506381));
#7544 = CARTESIAN_POINT('',(61.,16.,5.270111664078));
#7545 = PCURVE('',#930,#7546);
#7546 = DEFINITIONAL_REPRESENTATION('',(#7547),#7585);
#7547 = B_SPLINE_CURVE_WITH_KNOTS('',6,(#7548,#7549,#7550,#7551,#7552,
    #7553,#7554,#7555,#7556,#7557,#7558,#7559,#7560,#7561,#7562,#7563,
    #7564,#7565,#7566,#7567,#7568,#7569,#7570,#7571,#7572,#7573,#7574,
    #7575,#7576,#7577,#7578,#7579,#7580,#7581,#7582,#7583,#7584),
  .UNSPECIFIED.,.F.,.F.,(7,5,5,5,5,5,5,7),(0.,4.75148734986E-02,
    0.182442658855,0.405697639542,0.523593182675,0.629126663932,
    0.899196805228,1.),.UNSPECIFIED.);
#7548 = CARTESIAN_POINT('',(-6.023517137912,-9.740559159102));
#7549 = CARTESIAN_POINT('',(-6.014809590544,-9.690065385919));
#7550 = CARTESIAN_POINT('',(-6.006311298614,-9.638912790734));
#7551 = CARTESIAN_POINT('',(-5.998020009221,-9.587134314224));
#7552 = CARTESIAN_POINT('',(-5.989933704795,-9.534759925101));
#7553 = CARTESIAN_POINT('',(-5.9820506031,-9.481816620112));
#7554 = CARTESIAN_POINT('',(-5.952556187891,-9.276438219821));
#7555 = CARTESIAN_POINT('',(-5.93236291316,-9.120110114976));
#7556 = CARTESIAN_POINT('',(-5.913763269538,-8.95994399801));
#7557 = CARTESIAN_POINT('',(-5.896744523821,-8.796394046175));
#7558 = CARTESIAN_POINT('',(-5.88130629542,-8.629801294726));
#7559 = CARTESIAN_POINT('',(-5.84454844535,-8.180173832519));
#7560 = CARTESIAN_POINT('',(-5.825962399443,-7.891907952253));
#7561 = CARTESIAN_POINT('',(-5.811870639939,-7.597948747703));
#7562 = CARTESIAN_POINT('',(-5.802411522256,-7.300210930603));
#7563 = CARTESIAN_POINT('',(-5.797667184884,-7.000362471115));
#7564 = CARTESIAN_POINT('',(-5.797667184884,-6.54138586042));
#7565 = CARTESIAN_POINT('',(-5.798990206348,-6.38279896592));
#7566 = CARTESIAN_POINT('',(-5.801635595082,-6.224521041709));
#7567 = CARTESIAN_POINT('',(-5.805595708231,-6.066844710662));
#7568 = CARTESIAN_POINT('',(-5.810856189671,-5.910073905468));
#7569 = CARTESIAN_POINT('',(-5.823250536686,-5.61528497653));
#7570 = CARTESIAN_POINT('',(-5.83012981552,-5.477031907311));
#7571 = CARTESIAN_POINT('',(-5.838022347788,-5.339915813832));
#7572 = CARTESIAN_POINT('',(-5.846915766024,-5.204104943507));
#7573 = CARTESIAN_POINT('',(-5.856797791488,-5.069785371796));
#7574 = CARTESIAN_POINT('',(-5.895446583963,-4.597763863835));
#7575 = CARTESIAN_POINT('',(-5.929567507139,-4.27030653248));
#7576 = CARTESIAN_POINT('',(-5.969951066821,-3.955865737958));
#7577 = CARTESIAN_POINT('',(-6.016804944843,-3.657507168344));
#7578 = CARTESIAN_POINT('',(-6.070454921965,-3.38112751963));
#7579 = CARTESIAN_POINT('',(-6.154205858723,-3.045583356702));
#7580 = CARTESIAN_POINT('',(-6.178020072264,-2.958731830373));
#7581 = CARTESIAN_POINT('',(-6.202854966799,-2.87702662013));
#7582 = CARTESIAN_POINT('',(-6.228679582109,-2.80121882415));
#7583 = CARTESIAN_POINT('',(-6.255464671459,-2.732020506381));
#7584 = CARTESIAN_POINT('',(-6.28318530718,-2.670111664078));
#7585 = ( GEOMETRIC_REPRESENTATION_CONTEXT(2) 
PARAMETRIC_REPRESENTATION_CONTEXT() REPRESENTATION_CONTEXT('2D SPACE',''
  ) );
#7586 = PCURVE('',#5549,#7587);
#7587 = DEFINITIONAL_REPRESENTATION('',(#7588),#7626);
#7588 = B_SPLINE_CURVE_WITH_KNOTS('',6,(#7589,#7590,#7591,#7592,#7593,
    #7594,#7595,#7596,#7597,#7598,#7599,#7600,#7601,#7602,#7603,#7604,
    #7605,#7606,#7607,#7608,#7609,#7610,#7611,#7612,#7613,#7614,#7615,
    #7616,#7617,#7618,#7619,#7620,#7621,#7622,#7623,#7624,#7625),
  .UNSPECIFIED.,.F.,.F.,(7,5,5,5,5,5,5,7),(0.,4.75148734986E-02,
    0.182442658855,0.405697639542,0.523593182675,0.629126663932,
    0.899196805228,1.),.UNSPECIFIED.);
#7589 = CARTESIAN_POINT('',(-3.926990816987,-0.798851392932));
#7590 = CARTESIAN_POINT('',(-3.943597556255,-0.785436901081));
#7591 = CARTESIAN_POINT('',(-3.960090055407,-0.771817227677));
#7592 = CARTESIAN_POINT('',(-3.976474193879,-0.758038097674));
#7593 = CARTESIAN_POINT('',(-3.992755769746,-0.744142773306));
#7594 = CARTESIAN_POINT('',(-4.008940499713,-0.730172054089));
#7595 = CARTESIAN_POINT('',(-4.070734718144,-0.676386450942));
#7596 = CARTESIAN_POINT('',(-4.115713384237,-0.636298936415));
#7597 = CARTESIAN_POINT('',(-4.160082814687,-0.596795135582));
#7598 = CARTESIAN_POINT('',(-4.203949601077,-0.558639408841));
#7599 = CARTESIAN_POINT('',(-4.247417544724,-0.522493146169));
#7600 = CARTESIAN_POINT('',(-4.362027099886,-0.433424328471));
#7601 = CARTESIAN_POINT('',(-4.432757804551,-0.384930573164));
#7602 = CARTESIAN_POINT('',(-4.502950092463,-0.346369325684));
#7603 = CARTESIAN_POINT('',(-4.572805078252,-0.319883807371));
#7604 = CARTESIAN_POINT('',(-4.642537242916,-0.306599664569));
#7605 = CARTESIAN_POINT('',(-4.749275989589,-0.306599664569));
#7606 = CARTESIAN_POINT('',(-4.786156672086,-0.310304015648));
#7607 = CARTESIAN_POINT('',(-4.823055806751,-0.317711409948));
#7608 = CARTESIAN_POINT('',(-4.859995627074,-0.328729755076));
#7609 = CARTESIAN_POINT('',(-4.896996643316,-0.343180793941));
#7610 = CARTESIAN_POINT('',(-4.967272032398,-0.376580679359));
#7611 = CARTESIAN_POINT('',(-5.000528496872,-0.394898287921));
#7612 = CARTESIAN_POINT('',(-5.033879883869,-0.41558008192));
#7613 = CARTESIAN_POINT('',(-5.067356207284,-0.43840624505));
#7614 = CARTESIAN_POINT('',(-5.100986844143,-0.463117667761));
#7615 = CARTESIAN_POINT('',(-5.221337854503,-0.556726599134));
#7616 = CARTESIAN_POINT('',(-5.308869277728,-0.634281068512));
#7617 = CARTESIAN_POINT('',(-5.398456798144,-0.717479975481));
#7618 = CARTESIAN_POINT('',(-5.491055175072,-0.800610613061));
#7619 = CARTESIAN_POINT('',(-5.58757425928,-0.875741057608));
#7620 = CARTESIAN_POINT('',(-5.726979617217,-0.951700433568));
#7621 = CARTESIAN_POINT('',(-5.765613376901,-0.969611307053));
#7622 = CARTESIAN_POINT('',(-5.804945144422,-0.984101700109));
#7623 = CARTESIAN_POINT('',(-5.84494209063,-0.994467485744));
#7624 = CARTESIAN_POINT('',(-5.885582658116,-1.));
#7625 = CARTESIAN_POINT('',(-5.926855219651,-1.));
#7626 = ( GEOMETRIC_REPRESENTATION_CONTEXT(2) 
PARAMETRIC_REPRESENTATION_CONTEXT() REPRESENTATION_CONTEXT('2D SPACE',''
  ) );
#7627 = ORIENTED_EDGE('',*,*,#7628,.F.);
#7628 = EDGE_CURVE('',#7629,#7504,#7631,.T.);
#7629 = VERTEX_POINT('',#7630);
#7630 = CARTESIAN_POINT('',(61.,16.,4.6));
#7631 = SURFACE_CURVE('',#7632,(#7636,#7643),.PCURVE_S1.);
#7632 = LINE('',#7633,#7634);
#7633 = CARTESIAN_POINT('',(61.,16.,2.6));
#7634 = VECTOR('',#7635,1.);
#7635 = DIRECTION('',(0.,0.,1.));
#7636 = PCURVE('',#930,#7637);
#7637 = DEFINITIONAL_REPRESENTATION('',(#7638),#7642);
#7638 = LINE('',#7639,#7640);
#7639 = CARTESIAN_POINT('',(-6.28318530718,0.));
#7640 = VECTOR('',#7641,1.);
#7641 = DIRECTION('',(-0.,-1.));
#7642 = ( GEOMETRIC_REPRESENTATION_CONTEXT(2) 
PARAMETRIC_REPRESENTATION_CONTEXT() REPRESENTATION_CONTEXT('2D SPACE',''
  ) );
#7643 = PCURVE('',#901,#7644);
#7644 = DEFINITIONAL_REPRESENTATION('',(#7645),#7649);
#7645 = LINE('',#7646,#7647);
#7646 = CARTESIAN_POINT('',(2.6,-6.01));
#7647 = VECTOR('',#7648,1.);
#7648 = DIRECTION('',(1.,0.));
#7649 = ( GEOMETRIC_REPRESENTATION_CONTEXT(2) 
PARAMETRIC_REPRESENTATION_CONTEXT() REPRESENTATION_CONTEXT('2D SPACE',''
  ) );
#7650 = ORIENTED_EDGE('',*,*,#7651,.F.);
#7651 = EDGE_CURVE('',#7652,#7629,#7654,.T.);
#7652 = VERTEX_POINT('',#7653);
#7653 = CARTESIAN_POINT('',(59.,11.527864045,2.6));
#7654 = SURFACE_CURVE('',#7655,(#7676,#7700),.PCURVE_S1.);
#7655 = B_SPLINE_CURVE_WITH_KNOTS('',7,(#7656,#7657,#7658,#7659,#7660,
    #7661,#7662,#7663,#7664,#7665,#7666,#7667,#7668,#7669,#7670,#7671,
    #7672,#7673,#7674,#7675),.UNSPECIFIED.,.F.,.F.,(8,6,6,8),(0.,
    0.172067678188,0.549636372724,1.),.UNSPECIFIED.);
#7656 = CARTESIAN_POINT('',(59.,11.527864045,2.6));
#7657 = CARTESIAN_POINT('',(59.109652758289,11.625940453582,2.6));
#7658 = CARTESIAN_POINT('',(59.215627623207,11.726373331864,
    2.60701379885));
#7659 = CARTESIAN_POINT('',(59.317673144864,11.828775828494,
    2.620194740034));
#7660 = CARTESIAN_POINT('',(59.415649821989,11.932786398106,
    2.638796250324));
#7661 = CARTESIAN_POINT('',(59.509499215928,12.038077556985,
    2.66215888868));
#7662 = CARTESIAN_POINT('',(59.599221330547,12.14436099001,
    2.689701061781));
#7663 = CARTESIAN_POINT('',(59.872778049364,12.486240956571,
    2.789402760282));
#7664 = CARTESIAN_POINT('',(60.041852775507,12.725699990924,
    2.875861440987));
#7665 = CARTESIAN_POINT('',(60.192533391077,12.967570723048,
    2.975291240839));
#7666 = CARTESIAN_POINT('',(60.326015588043,13.210425186515,
    3.084267963681));
#7667 = CARTESIAN_POINT('',(60.443662534584,13.453673644786,
    3.200489964929));
#7668 = CARTESIAN_POINT('',(60.546768315709,13.697491217326,
    3.322599598925));
#7669 = CARTESIAN_POINT('',(60.743092079881,14.235373819983,
    3.60194005992));
#7670 = CARTESIAN_POINT('',(60.830239238359,14.529154409035,
    3.76093074265));
#7671 = CARTESIAN_POINT('',(60.898742135238,14.823297306315,
    3.924633888493));
#7672 = CARTESIAN_POINT('',(60.949487611727,15.117392589403,
    4.091428214452));
#7673 = CARTESIAN_POINT('',(60.98313189279,15.411380142494,
    4.260161583571));
#7674 = CARTESIAN_POINT('',(60.999999884321,15.705462292779,
    4.429948167753));
#7675 = CARTESIAN_POINT('',(61.,16.,4.6));
#7676 = PCURVE('',#930,#7677);
#7677 = DEFINITIONAL_REPRESENTATION('',(#7678),#7699);
#7678 = B_SPLINE_CURVE_WITH_KNOTS('',7,(#7679,#7680,#7681,#7682,#7683,
    #7684,#7685,#7686,#7687,#7688,#7689,#7690,#7691,#7692,#7693,#7694,
    #7695,#7696,#7697,#7698),.UNSPECIFIED.,.F.,.F.,(8,6,6,8),(0.,
    0.172067678188,0.549636372724,1.),.UNSPECIFIED.);
#7679 = CARTESIAN_POINT('',(-5.442116636612,-4.440892098501E-16));
#7680 = CARTESIAN_POINT('',(-5.466635738757,-4.440892098501E-16));
#7681 = CARTESIAN_POINT('',(-5.49095977661,-7.013798850501E-03));
#7682 = CARTESIAN_POINT('',(-5.515038630468,-2.019474003375E-02));
#7683 = CARTESIAN_POINT('',(-5.53883709171,-3.879625032382E-02));
#7684 = CARTESIAN_POINT('',(-5.562331006753,-6.215888867987E-02));
#7685 = CARTESIAN_POINT('',(-5.585504788926,-8.97010617811E-02));
#7686 = CARTESIAN_POINT('',(-5.658480277571,-0.189402760282));
#7687 = CARTESIAN_POINT('',(-5.707247679475,-0.275861440987));
#7688 = CARTESIAN_POINT('',(-5.754619535532,-0.37529124084));
#7689 = CARTESIAN_POINT('',(-5.800689117487,-0.48426796368));
#7690 = CARTESIAN_POINT('',(-5.845630418045,-0.600489964929));
#7691 = CARTESIAN_POINT('',(-5.88969543589,-0.722599598925));
#7692 = CARTESIAN_POINT('',(-5.985127307258,-1.00194005992));
#7693 = CARTESIAN_POINT('',(-6.036102757392,-1.16093074265));
#7694 = CARTESIAN_POINT('',(-6.086297934615,-1.324633888493));
#7695 = CARTESIAN_POINT('',(-6.135890908565,-1.491428214452));
#7696 = CARTESIAN_POINT('',(-6.185081971985,-1.660161583571));
#7697 = CARTESIAN_POINT('',(-6.234095695665,-1.829948167753));
#7698 = CARTESIAN_POINT('',(-6.28318530718,-2.));
#7699 = ( GEOMETRIC_REPRESENTATION_CONTEXT(2) 
PARAMETRIC_REPRESENTATION_CONTEXT() REPRESENTATION_CONTEXT('2D SPACE',''
  ) );
#7700 = PCURVE('',#7701,#7706);
#7701 = CYLINDRICAL_SURFACE('',#7702,2.);
#7702 = AXIS2_PLACEMENT_3D('',#7703,#7704,#7705);
#7703 = CARTESIAN_POINT('',(59.,10.,4.6));
#7704 = DIRECTION('',(0.,-1.,0.));
#7705 = DIRECTION('',(1.,0.,0.));
#7706 = DEFINITIONAL_REPRESENTATION('',(#7707),#7728);
#7707 = B_SPLINE_CURVE_WITH_KNOTS('',7,(#7708,#7709,#7710,#7711,#7712,
    #7713,#7714,#7715,#7716,#7717,#7718,#7719,#7720,#7721,#7722,#7723,
    #7724,#7725,#7726,#7727),.UNSPECIFIED.,.F.,.F.,(8,6,6,8),(0.,
    0.172067678188,0.549636372724,1.),.UNSPECIFIED.);
#7708 = CARTESIAN_POINT('',(4.712388980385,-1.527864045));
#7709 = CARTESIAN_POINT('',(4.767215359529,-1.625940453582));
#7710 = CARTESIAN_POINT('',(4.820202843601,-1.726373331864));
#7711 = CARTESIAN_POINT('',(4.871494591358,-1.828775828494));
#7712 = CARTESIAN_POINT('',(4.921209539538,-1.932786398106));
#7713 = CARTESIAN_POINT('',(4.969451809445,-2.038077556985));
#7714 = CARTESIAN_POINT('',(5.016316399403,-2.14436099001));
#7715 = CARTESIAN_POINT('',(5.161896022886,-2.486240956571));
#7716 = CARTESIAN_POINT('',(5.256125798886,-2.725699990924));
#7717 = CARTESIAN_POINT('',(5.345567335739,-2.967570723048));
#7718 = CARTESIAN_POINT('',(5.430988301004,-3.210425186515));
#7719 = CARTESIAN_POINT('',(5.513127343987,-3.453673644786));
#7720 = CARTESIAN_POINT('',(5.592722303754,-3.697491217326));
#7721 = CARTESIAN_POINT('',(5.763437061118,-4.235373819983));
#7722 = CARTESIAN_POINT('',(5.853531795982,-4.529154409035));
#7723 = CARTESIAN_POINT('',(5.941498895006,-4.823297306315));
#7724 = CARTESIAN_POINT('',(6.027897341892,-5.117392589403));
#7725 = CARTESIAN_POINT('',(6.113264839651,-5.411380142494));
#7726 = CARTESIAN_POINT('',(6.198159753048,-5.705462292779));
#7727 = CARTESIAN_POINT('',(6.28318530718,-6.));
#7728 = ( GEOMETRIC_REPRESENTATION_CONTEXT(2) 
PARAMETRIC_REPRESENTATION_CONTEXT() REPRESENTATION_CONTEXT('2D SPACE',''
  ) );
#7729 = ORIENTED_EDGE('',*,*,#7730,.F.);
#7730 = EDGE_CURVE('',#7179,#7652,#7731,.T.);
#7731 = SURFACE_CURVE('',#7732,(#7737,#7744),.PCURVE_S1.);
#7732 = CIRCLE('',#7733,6.);
#7733 = AXIS2_PLACEMENT_3D('',#7734,#7735,#7736);
#7734 = CARTESIAN_POINT('',(55.,16.,2.6));
#7735 = DIRECTION('',(0.,0.,1.));
#7736 = DIRECTION('',(1.,0.,0.));
#7737 = PCURVE('',#930,#7738);
#7738 = DEFINITIONAL_REPRESENTATION('',(#7739),#7743);
#7739 = LINE('',#7740,#7741);
#7740 = CARTESIAN_POINT('',(-0.,0.));
#7741 = VECTOR('',#7742,1.);
#7742 = DIRECTION('',(-1.,0.));
#7743 = ( GEOMETRIC_REPRESENTATION_CONTEXT(2) 
PARAMETRIC_REPRESENTATION_CONTEXT() REPRESENTATION_CONTEXT('2D SPACE',''
  ) );
#7744 = PCURVE('',#6572,#7745);
#7745 = DEFINITIONAL_REPRESENTATION('',(#7746),#7750);
#7746 = CIRCLE('',#7747,6.);
#7747 = AXIS2_PLACEMENT_2D('',#7748,#7749);
#7748 = CARTESIAN_POINT('',(55.,6.01));
#7749 = DIRECTION('',(1.,0.));
#7750 = ( GEOMETRIC_REPRESENTATION_CONTEXT(2) 
PARAMETRIC_REPRESENTATION_CONTEXT() REPRESENTATION_CONTEXT('2D SPACE',''
  ) );
#7751 = ADVANCED_FACE('',(#7752),#873,.F.);
#7752 = FACE_BOUND('',#7753,.T.);
#7753 = EDGE_LOOP('',(#7754,#7755,#7791,#7812));
#7754 = ORIENTED_EDGE('',*,*,#7229,.F.);
#7755 = ORIENTED_EDGE('',*,*,#7756,.T.);
#7756 = EDGE_CURVE('',#7230,#7757,#7759,.T.);
#7757 = VERTEX_POINT('',#7758);
#7758 = CARTESIAN_POINT('',(61.,28.,4.6));
#7759 = SURFACE_CURVE('',#7760,(#7765,#7778),.PCURVE_S1.);
#7760 = ELLIPSE('',#7761,2.828427124746,2.);
#7761 = AXIS2_PLACEMENT_3D('',#7762,#7763,#7764);
#7762 = CARTESIAN_POINT('',(59.,28.,4.6));
#7763 = DIRECTION('',(0.,-0.707106781187,-0.707106781187));
#7764 = DIRECTION('',(-0.,0.707106781187,-0.707106781187));
#7765 = PCURVE('',#873,#7766);
#7766 = DEFINITIONAL_REPRESENTATION('',(#7767),#7777);
#7767 = B_SPLINE_CURVE_WITH_KNOTS('',8,(#7768,#7769,#7770,#7771,#7772,
    #7773,#7774,#7775,#7776),.UNSPECIFIED.,.F.,.F.,(9,9),(0.,
    1.570796326795),.PIECEWISE_BEZIER_KNOTS.);
#7768 = CARTESIAN_POINT('',(-1.570796326795,-4.440892098501E-16));
#7769 = CARTESIAN_POINT('',(-1.374446785946,-4.440892098501E-16));
#7770 = CARTESIAN_POINT('',(-1.178097245096,-8.812155197211E-02));
#7771 = CARTESIAN_POINT('',(-0.981747704248,-0.26436390732));
#7772 = CARTESIAN_POINT('',(-0.785398163394,-0.521482498846));
#7773 = CARTESIAN_POINT('',(-0.58904862255,-0.844973477577));
#7774 = CARTESIAN_POINT('',(-0.392699081698,-1.214601743363));
#7775 = CARTESIAN_POINT('',(-0.196349540849,-1.607300918301));
#7776 = CARTESIAN_POINT('',(0.,-2.));
#7777 = ( GEOMETRIC_REPRESENTATION_CONTEXT(2) 
PARAMETRIC_REPRESENTATION_CONTEXT() REPRESENTATION_CONTEXT('2D SPACE',''
  ) );
#7778 = PCURVE('',#7701,#7779);
#7779 = DEFINITIONAL_REPRESENTATION('',(#7780),#7790);
#7780 = B_SPLINE_CURVE_WITH_KNOTS('',8,(#7781,#7782,#7783,#7784,#7785,
    #7786,#7787,#7788,#7789),.UNSPECIFIED.,.F.,.F.,(9,9),(0.,
    1.570796326795),.PIECEWISE_BEZIER_KNOTS.);
#7781 = CARTESIAN_POINT('',(4.712388980385,-20.));
#7782 = CARTESIAN_POINT('',(4.908738521234,-20.));
#7783 = CARTESIAN_POINT('',(5.105088062084,-19.91187844801));
#7784 = CARTESIAN_POINT('',(5.301437602936,-19.73563609263));
#7785 = CARTESIAN_POINT('',(5.497787143781,-19.47851750101));
#7786 = CARTESIAN_POINT('',(5.694136684635,-19.15502652245));
#7787 = CARTESIAN_POINT('',(5.890486225481,-18.78539825662));
#7788 = CARTESIAN_POINT('',(6.08683576633,-18.39269908169));
#7789 = CARTESIAN_POINT('',(6.28318530718,-18.));
#7790 = ( GEOMETRIC_REPRESENTATION_CONTEXT(2) 
PARAMETRIC_REPRESENTATION_CONTEXT() REPRESENTATION_CONTEXT('2D SPACE',''
  ) );
#7791 = ORIENTED_EDGE('',*,*,#7792,.T.);
#7792 = EDGE_CURVE('',#7757,#857,#7793,.T.);
#7793 = SURFACE_CURVE('',#7794,(#7798,#7805),.PCURVE_S1.);
#7794 = LINE('',#7795,#7796);
#7795 = CARTESIAN_POINT('',(61.,28.,2.6));
#7796 = VECTOR('',#7797,1.);
#7797 = DIRECTION('',(0.,0.,1.));
#7798 = PCURVE('',#873,#7799);
#7799 = DEFINITIONAL_REPRESENTATION('',(#7800),#7804);
#7800 = LINE('',#7801,#7802);
#7801 = CARTESIAN_POINT('',(-0.,0.));
#7802 = VECTOR('',#7803,1.);
#7803 = DIRECTION('',(-0.,-1.));
#7804 = ( GEOMETRIC_REPRESENTATION_CONTEXT(2) 
PARAMETRIC_REPRESENTATION_CONTEXT() REPRESENTATION_CONTEXT('2D SPACE',''
  ) );
#7805 = PCURVE('',#901,#7806);
#7806 = DEFINITIONAL_REPRESENTATION('',(#7807),#7811);
#7807 = LINE('',#7808,#7809);
#7808 = CARTESIAN_POINT('',(2.6,-18.01));
#7809 = VECTOR('',#7810,1.);
#7810 = DIRECTION('',(1.,0.));
#7811 = ( GEOMETRIC_REPRESENTATION_CONTEXT(2) 
PARAMETRIC_REPRESENTATION_CONTEXT() REPRESENTATION_CONTEXT('2D SPACE',''
  ) );
#7812 = ORIENTED_EDGE('',*,*,#856,.T.);
#7813 = ADVANCED_FACE('',(#7814),#901,.F.);
#7814 = FACE_BOUND('',#7815,.F.);
#7815 = EDGE_LOOP('',(#7816,#7817,#7818,#7841,#7864,#7890,#7891,#7914,
    #7937,#7963,#7964,#7985));
#7816 = ORIENTED_EDGE('',*,*,#885,.F.);
#7817 = ORIENTED_EDGE('',*,*,#7278,.F.);
#7818 = ORIENTED_EDGE('',*,*,#7819,.T.);
#7819 = EDGE_CURVE('',#7279,#7820,#7822,.T.);
#7820 = VERTEX_POINT('',#7821);
#7821 = CARTESIAN_POINT('',(61.,17.5,40.381118318204));
#7822 = SURFACE_CURVE('',#7823,(#7827,#7834),.PCURVE_S1.);
#7823 = LINE('',#7824,#7825);
#7824 = CARTESIAN_POINT('',(61.,5.527220420449,28.408338738653));
#7825 = VECTOR('',#7826,1.);
#7826 = DIRECTION('',(-0.,0.707106781187,0.707106781187));
#7827 = PCURVE('',#901,#7828);
#7828 = DEFINITIONAL_REPRESENTATION('',(#7829),#7833);
#7829 = LINE('',#7830,#7831);
#7830 = CARTESIAN_POINT('',(28.408338738653,4.462779579551));
#7831 = VECTOR('',#7832,1.);
#7832 = DIRECTION('',(0.707106781187,-0.707106781187));
#7833 = ( GEOMETRIC_REPRESENTATION_CONTEXT(2) 
PARAMETRIC_REPRESENTATION_CONTEXT() REPRESENTATION_CONTEXT('2D SPACE',''
  ) );
#7834 = PCURVE('',#5760,#7835);
#7835 = DEFINITIONAL_REPRESENTATION('',(#7836),#7840);
#7836 = LINE('',#7837,#7838);
#7837 = CARTESIAN_POINT('',(16.932067260705,-1.));
#7838 = VECTOR('',#7839,1.);
#7839 = DIRECTION('',(-1.,0.));
#7840 = ( GEOMETRIC_REPRESENTATION_CONTEXT(2) 
PARAMETRIC_REPRESENTATION_CONTEXT() REPRESENTATION_CONTEXT('2D SPACE',''
  ) );
#7841 = ORIENTED_EDGE('',*,*,#7842,.T.);
#7842 = EDGE_CURVE('',#7820,#7843,#7845,.T.);
#7843 = VERTEX_POINT('',#7844);
#7844 = CARTESIAN_POINT('',(61.,20.540559159102,37.340559159102));
#7845 = SURFACE_CURVE('',#7846,(#7850,#7857),.PCURVE_S1.);
#7846 = LINE('',#7847,#7848);
#7847 = CARTESIAN_POINT('',(61.,27.238059159102,30.643059159102));
#7848 = VECTOR('',#7849,1.);
#7849 = DIRECTION('',(0.,0.707106781187,-0.707106781187));
#7850 = PCURVE('',#901,#7851);
#7851 = DEFINITIONAL_REPRESENTATION('',(#7852),#7856);
#7852 = LINE('',#7853,#7854);
#7853 = CARTESIAN_POINT('',(30.643059159102,-17.2480591591));
#7854 = VECTOR('',#7855,1.);
#7855 = DIRECTION('',(-0.707106781187,-0.707106781187));
#7856 = ( GEOMETRIC_REPRESENTATION_CONTEXT(2) 
PARAMETRIC_REPRESENTATION_CONTEXT() REPRESENTATION_CONTEXT('2D SPACE',''
  ) );
#7857 = PCURVE('',#5701,#7858);
#7858 = DEFINITIONAL_REPRESENTATION('',(#7859),#7863);
#7859 = LINE('',#7860,#7861);
#7860 = CARTESIAN_POINT('',(-9.471695333994,-1.));
#7861 = VECTOR('',#7862,1.);
#7862 = DIRECTION('',(-1.,-0.));
#7863 = ( GEOMETRIC_REPRESENTATION_CONTEXT(2) 
PARAMETRIC_REPRESENTATION_CONTEXT() REPRESENTATION_CONTEXT('2D SPACE',''
  ) );
#7864 = ORIENTED_EDGE('',*,*,#7865,.T.);
#7865 = EDGE_CURVE('',#7843,#7329,#7866,.T.);
#7866 = SURFACE_CURVE('',#7867,(#7872,#7883),.PCURVE_S1.);
#7867 = CIRCLE('',#7868,4.3);
#7868 = AXIS2_PLACEMENT_3D('',#7869,#7870,#7871);
#7869 = CARTESIAN_POINT('',(61.,17.5,34.3));
#7870 = DIRECTION('',(-1.,-0.,0.));
#7871 = DIRECTION('',(0.,-1.652424966884E-15,-1.));
#7872 = PCURVE('',#901,#7873);
#7873 = DEFINITIONAL_REPRESENTATION('',(#7874),#7882);
#7874 = ( BOUNDED_CURVE() B_SPLINE_CURVE(2,(#7875,#7876,#7877,#7878,
#7879,#7880,#7881),.UNSPECIFIED.,.T.,.F.) B_SPLINE_CURVE_WITH_KNOTS((1,2
    ,2,2,2,1),(-2.094395102393,0.,2.094395102393,4.188790204786,
6.28318530718,8.377580409573),.UNSPECIFIED.) CURVE() 
GEOMETRIC_REPRESENTATION_ITEM() RATIONAL_B_SPLINE_CURVE((1.,0.5,1.,0.5,
1.,0.5,1.)) REPRESENTATION_ITEM('') );
#7875 = CARTESIAN_POINT('',(30.,-7.51));
#7876 = CARTESIAN_POINT('',(30.,-6.218152745384E-02));
#7877 = CARTESIAN_POINT('',(36.45,-3.786090763727));
#7878 = CARTESIAN_POINT('',(42.9,-7.51));
#7879 = CARTESIAN_POINT('',(36.45,-11.23390923627));
#7880 = CARTESIAN_POINT('',(30.,-14.95781847254));
#7881 = CARTESIAN_POINT('',(30.,-7.51));
#7882 = ( GEOMETRIC_REPRESENTATION_CONTEXT(2) 
PARAMETRIC_REPRESENTATION_CONTEXT() REPRESENTATION_CONTEXT('2D SPACE',''
  ) );
#7883 = PCURVE('',#5734,#7884);
#7884 = DEFINITIONAL_REPRESENTATION('',(#7885),#7889);
#7885 = LINE('',#7886,#7887);
#7886 = CARTESIAN_POINT('',(-6.28318530718,-1.));
#7887 = VECTOR('',#7888,1.);
#7888 = DIRECTION('',(1.,-0.));
#7889 = ( GEOMETRIC_REPRESENTATION_CONTEXT(2) 
PARAMETRIC_REPRESENTATION_CONTEXT() REPRESENTATION_CONTEXT('2D SPACE',''
  ) );
#7890 = ORIENTED_EDGE('',*,*,#7453,.F.);
#7891 = ORIENTED_EDGE('',*,*,#7892,.T.);
#7892 = EDGE_CURVE('',#7454,#7893,#7895,.T.);
#7893 = VERTEX_POINT('',#7894);
#7894 = CARTESIAN_POINT('',(61.,17.5,15.381118318204));
#7895 = SURFACE_CURVE('',#7896,(#7900,#7907),.PCURVE_S1.);
#7896 = LINE('',#7897,#7898);
#7897 = CARTESIAN_POINT('',(61.,11.777220420449,9.658338738653));
#7898 = VECTOR('',#7899,1.);
#7899 = DIRECTION('',(-0.,0.707106781187,0.707106781187));
#7900 = PCURVE('',#901,#7901);
#7901 = DEFINITIONAL_REPRESENTATION('',(#7902),#7906);
#7902 = LINE('',#7903,#7904);
#7903 = CARTESIAN_POINT('',(9.658338738653,-1.787220420449));
#7904 = VECTOR('',#7905,1.);
#7905 = DIRECTION('',(0.707106781187,-0.707106781187));
#7906 = ( GEOMETRIC_REPRESENTATION_CONTEXT(2) 
PARAMETRIC_REPRESENTATION_CONTEXT() REPRESENTATION_CONTEXT('2D SPACE',''
  ) );
#7907 = PCURVE('',#5575,#7908);
#7908 = DEFINITIONAL_REPRESENTATION('',(#7909),#7913);
#7909 = LINE('',#7910,#7911);
#7910 = CARTESIAN_POINT('',(8.093232495873,-1.));
#7911 = VECTOR('',#7912,1.);
#7912 = DIRECTION('',(-1.,0.));
#7913 = ( GEOMETRIC_REPRESENTATION_CONTEXT(2) 
PARAMETRIC_REPRESENTATION_CONTEXT() REPRESENTATION_CONTEXT('2D SPACE',''
  ) );
#7914 = ORIENTED_EDGE('',*,*,#7915,.T.);
#7915 = EDGE_CURVE('',#7893,#7916,#7918,.T.);
#7916 = VERTEX_POINT('',#7917);
#7917 = CARTESIAN_POINT('',(61.,20.540559159102,12.340559159102));
#7918 = SURFACE_CURVE('',#7919,(#7923,#7930),.PCURVE_S1.);
#7919 = LINE('',#7920,#7921);
#7920 = CARTESIAN_POINT('',(61.,20.988059159102,11.893059159102));
#7921 = VECTOR('',#7922,1.);
#7922 = DIRECTION('',(0.,0.707106781187,-0.707106781187));
#7923 = PCURVE('',#901,#7924);
#7924 = DEFINITIONAL_REPRESENTATION('',(#7925),#7929);
#7925 = LINE('',#7926,#7927);
#7926 = CARTESIAN_POINT('',(11.893059159102,-10.9980591591));
#7927 = VECTOR('',#7928,1.);
#7928 = DIRECTION('',(-0.707106781187,-0.707106781187));
#7929 = ( GEOMETRIC_REPRESENTATION_CONTEXT(2) 
PARAMETRIC_REPRESENTATION_CONTEXT() REPRESENTATION_CONTEXT('2D SPACE',''
  ) );
#7930 = PCURVE('',#5516,#7931);
#7931 = DEFINITIONAL_REPRESENTATION('',(#7932),#7936);
#7932 = LINE('',#7933,#7934);
#7933 = CARTESIAN_POINT('',(-0.632860569162,-1.));
#7934 = VECTOR('',#7935,1.);
#7935 = DIRECTION('',(-1.,-0.));
#7936 = ( GEOMETRIC_REPRESENTATION_CONTEXT(2) 
PARAMETRIC_REPRESENTATION_CONTEXT() REPRESENTATION_CONTEXT('2D SPACE',''
  ) );
#7937 = ORIENTED_EDGE('',*,*,#7938,.T.);
#7938 = EDGE_CURVE('',#7916,#7504,#7939,.T.);
#7939 = SURFACE_CURVE('',#7940,(#7945,#7956),.PCURVE_S1.);
#7940 = CIRCLE('',#7941,4.3);
#7941 = AXIS2_PLACEMENT_3D('',#7942,#7943,#7944);
#7942 = CARTESIAN_POINT('',(61.,17.5,9.3));
#7943 = DIRECTION('',(-1.,-0.,0.));
#7944 = DIRECTION('',(0.,-0.,-1.));
#7945 = PCURVE('',#901,#7946);
#7946 = DEFINITIONAL_REPRESENTATION('',(#7947),#7955);
#7947 = ( BOUNDED_CURVE() B_SPLINE_CURVE(2,(#7948,#7949,#7950,#7951,
#7952,#7953,#7954),.UNSPECIFIED.,.T.,.F.) B_SPLINE_CURVE_WITH_KNOTS((1,2
    ,2,2,2,1),(-2.094395102393,0.,2.094395102393,4.188790204786,
6.28318530718,8.377580409573),.UNSPECIFIED.) CURVE() 
GEOMETRIC_REPRESENTATION_ITEM() RATIONAL_B_SPLINE_CURVE((1.,0.5,1.,0.5,
1.,0.5,1.)) REPRESENTATION_ITEM('') );
#7948 = CARTESIAN_POINT('',(5.,-7.51));
#7949 = CARTESIAN_POINT('',(5.,-6.218152745383E-02));
#7950 = CARTESIAN_POINT('',(11.45,-3.786090763727));
#7951 = CARTESIAN_POINT('',(17.9,-7.51));
#7952 = CARTESIAN_POINT('',(11.45,-11.23390923627));
#7953 = CARTESIAN_POINT('',(5.,-14.95781847254));
#7954 = CARTESIAN_POINT('',(5.,-7.51));
#7955 = ( GEOMETRIC_REPRESENTATION_CONTEXT(2) 
PARAMETRIC_REPRESENTATION_CONTEXT() REPRESENTATION_CONTEXT('2D SPACE',''
  ) );
#7956 = PCURVE('',#5549,#7957);
#7957 = DEFINITIONAL_REPRESENTATION('',(#7958),#7962);
#7958 = LINE('',#7959,#7960);
#7959 = CARTESIAN_POINT('',(-12.56637061435,-1.));
#7960 = VECTOR('',#7961,1.);
#7961 = DIRECTION('',(1.,-0.));
#7962 = ( GEOMETRIC_REPRESENTATION_CONTEXT(2) 
PARAMETRIC_REPRESENTATION_CONTEXT() REPRESENTATION_CONTEXT('2D SPACE',''
  ) );
#7963 = ORIENTED_EDGE('',*,*,#7628,.F.);
#7964 = ORIENTED_EDGE('',*,*,#7965,.T.);
#7965 = EDGE_CURVE('',#7629,#7757,#7966,.T.);
#7966 = SURFACE_CURVE('',#7967,(#7971,#7978),.PCURVE_S1.);
#7967 = LINE('',#7968,#7969);
#7968 = CARTESIAN_POINT('',(61.,10.,4.6));
#7969 = VECTOR('',#7970,1.);
#7970 = DIRECTION('',(0.,1.,0.));
#7971 = PCURVE('',#901,#7972);
#7972 = DEFINITIONAL_REPRESENTATION('',(#7973),#7977);
#7973 = LINE('',#7974,#7975);
#7974 = CARTESIAN_POINT('',(4.6,-1.E-02));
#7975 = VECTOR('',#7976,1.);
#7976 = DIRECTION('',(0.,-1.));
#7977 = ( GEOMETRIC_REPRESENTATION_CONTEXT(2) 
PARAMETRIC_REPRESENTATION_CONTEXT() REPRESENTATION_CONTEXT('2D SPACE',''
  ) );
#7978 = PCURVE('',#7701,#7979);
#7979 = DEFINITIONAL_REPRESENTATION('',(#7980),#7984);
#7980 = LINE('',#7981,#7982);
#7981 = CARTESIAN_POINT('',(6.28318530718,0.));
#7982 = VECTOR('',#7983,1.);
#7983 = DIRECTION('',(0.,-1.));
#7984 = ( GEOMETRIC_REPRESENTATION_CONTEXT(2) 
PARAMETRIC_REPRESENTATION_CONTEXT() REPRESENTATION_CONTEXT('2D SPACE',''
  ) );
#7985 = ORIENTED_EDGE('',*,*,#7792,.T.);
#7986 = ADVANCED_FACE('',(#7987),#1018,.T.);
#7987 = FACE_BOUND('',#7988,.T.);
#7988 = EDGE_LOOP('',(#7989,#7990,#8011,#8012));
#7989 = ORIENTED_EDGE('',*,*,#1000,.F.);
#7990 = ORIENTED_EDGE('',*,*,#7991,.T.);
#7991 = EDGE_CURVE('',#1001,#5776,#7992,.T.);
#7992 = SURFACE_CURVE('',#7993,(#7997,#8004),.PCURVE_S1.);
#7993 = LINE('',#7994,#7995);
#7994 = CARTESIAN_POINT('',(86.3,0.,0.3));
#7995 = VECTOR('',#7996,1.);
#7996 = DIRECTION('',(0.,1.,0.));
#7997 = PCURVE('',#1018,#7998);
#7998 = DEFINITIONAL_REPRESENTATION('',(#7999),#8003);
#7999 = LINE('',#8000,#8001);
#8000 = CARTESIAN_POINT('',(0.3,0.));
#8001 = VECTOR('',#8002,1.);
#8002 = DIRECTION('',(0.,-1.));
#8003 = ( GEOMETRIC_REPRESENTATION_CONTEXT(2) 
PARAMETRIC_REPRESENTATION_CONTEXT() REPRESENTATION_CONTEXT('2D SPACE',''
  ) );
#8004 = PCURVE('',#2475,#8005);
#8005 = DEFINITIONAL_REPRESENTATION('',(#8006),#8010);
#8006 = LINE('',#8007,#8008);
#8007 = CARTESIAN_POINT('',(-2.465190328816E-32,0.212132034356));
#8008 = VECTOR('',#8009,1.);
#8009 = DIRECTION('',(-1.,0.));
#8010 = ( GEOMETRIC_REPRESENTATION_CONTEXT(2) 
PARAMETRIC_REPRESENTATION_CONTEXT() REPRESENTATION_CONTEXT('2D SPACE',''
  ) );
#8011 = ORIENTED_EDGE('',*,*,#5775,.T.);
#8012 = ORIENTED_EDGE('',*,*,#8013,.F.);
#8013 = EDGE_CURVE('',#1003,#5778,#8014,.T.);
#8014 = SURFACE_CURVE('',#8015,(#8019,#8026),.PCURVE_S1.);
#8015 = LINE('',#8016,#8017);
#8016 = CARTESIAN_POINT('',(86.3,0.,43.6));
#8017 = VECTOR('',#8018,1.);
#8018 = DIRECTION('',(0.,1.,0.));
#8019 = PCURVE('',#1018,#8020);
#8020 = DEFINITIONAL_REPRESENTATION('',(#8021),#8025);
#8021 = LINE('',#8022,#8023);
#8022 = CARTESIAN_POINT('',(43.6,0.));
#8023 = VECTOR('',#8024,1.);
#8024 = DIRECTION('',(0.,-1.));
#8025 = ( GEOMETRIC_REPRESENTATION_CONTEXT(2) 
PARAMETRIC_REPRESENTATION_CONTEXT() REPRESENTATION_CONTEXT('2D SPACE',''
  ) );
#8026 = PCURVE('',#1212,#8027);
#8027 = DEFINITIONAL_REPRESENTATION('',(#8028),#8032);
#8028 = LINE('',#8029,#8030);
#8029 = CARTESIAN_POINT('',(83.3,0.));
#8030 = VECTOR('',#8031,1.);
#8031 = DIRECTION('',(0.,1.));
#8032 = ( GEOMETRIC_REPRESENTATION_CONTEXT(2) 
PARAMETRIC_REPRESENTATION_CONTEXT() REPRESENTATION_CONTEXT('2D SPACE',''
  ) );
#8033 = ADVANCED_FACE('',(#8034),#1212,.T.);
#8034 = FACE_BOUND('',#8035,.T.);
#8035 = EDGE_LOOP('',(#8036,#8057,#8058,#8059));
#8036 = ORIENTED_EDGE('',*,*,#8037,.F.);
#8037 = EDGE_CURVE('',#1171,#5926,#8038,.T.);
#8038 = SURFACE_CURVE('',#8039,(#8043,#8050),.PCURVE_S1.);
#8039 = LINE('',#8040,#8041);
#8040 = CARTESIAN_POINT('',(78.466168824543,-0.5,43.6));
#8041 = VECTOR('',#8042,1.);
#8042 = DIRECTION('',(0.,1.,0.));
#8043 = PCURVE('',#1212,#8044);
#8044 = DEFINITIONAL_REPRESENTATION('',(#8045),#8049);
#8045 = LINE('',#8046,#8047);
#8046 = CARTESIAN_POINT('',(75.466168824543,-0.5));
#8047 = VECTOR('',#8048,1.);
#8048 = DIRECTION('',(0.,1.));
#8049 = ( GEOMETRIC_REPRESENTATION_CONTEXT(2) 
PARAMETRIC_REPRESENTATION_CONTEXT() REPRESENTATION_CONTEXT('2D SPACE',''
  ) );
#8050 = PCURVE('',#1186,#8051);
#8051 = DEFINITIONAL_REPRESENTATION('',(#8052),#8056);
#8052 = LINE('',#8053,#8054);
#8053 = CARTESIAN_POINT('',(4.779215357061,-0.5));
#8054 = VECTOR('',#8055,1.);
#8055 = DIRECTION('',(0.,-1.));
#8056 = ( GEOMETRIC_REPRESENTATION_CONTEXT(2) 
PARAMETRIC_REPRESENTATION_CONTEXT() REPRESENTATION_CONTEXT('2D SPACE',''
  ) );
#8057 = ORIENTED_EDGE('',*,*,#1198,.T.);
#8058 = ORIENTED_EDGE('',*,*,#8013,.T.);
#8059 = ORIENTED_EDGE('',*,*,#5948,.T.);
#8060 = ADVANCED_FACE('',(#8061),#1186,.F.);
#8061 = FACE_BOUND('',#8062,.F.);
#8062 = EDGE_LOOP('',(#8063,#8064,#8085,#8086));
#8063 = ORIENTED_EDGE('',*,*,#1170,.T.);
#8064 = ORIENTED_EDGE('',*,*,#8065,.T.);
#8065 = EDGE_CURVE('',#1138,#5898,#8066,.T.);
#8066 = SURFACE_CURVE('',#8067,(#8071,#8078),.PCURVE_S1.);
#8067 = LINE('',#8068,#8069);
#8068 = CARTESIAN_POINT('',(81.845584412272,-1.,40.220584412272));
#8069 = VECTOR('',#8070,1.);
#8070 = DIRECTION('',(-0.,1.,-0.));
#8071 = PCURVE('',#1186,#8072);
#8072 = DEFINITIONAL_REPRESENTATION('',(#8073),#8077);
#8073 = LINE('',#8074,#8075);
#8074 = CARTESIAN_POINT('',(0.,0.));
#8075 = VECTOR('',#8076,1.);
#8076 = DIRECTION('',(0.,-1.));
#8077 = ( GEOMETRIC_REPRESENTATION_CONTEXT(2) 
PARAMETRIC_REPRESENTATION_CONTEXT() REPRESENTATION_CONTEXT('2D SPACE',''
  ) );
#8078 = PCURVE('',#1158,#8079);
#8079 = DEFINITIONAL_REPRESENTATION('',(#8080),#8084);
#8080 = LINE('',#8081,#8082);
#8081 = CARTESIAN_POINT('',(2.356194490192,0.));
#8082 = VECTOR('',#8083,1.);
#8083 = DIRECTION('',(0.,-1.));
#8084 = ( GEOMETRIC_REPRESENTATION_CONTEXT(2) 
PARAMETRIC_REPRESENTATION_CONTEXT() REPRESENTATION_CONTEXT('2D SPACE',''
  ) );
#8085 = ORIENTED_EDGE('',*,*,#5925,.F.);
#8086 = ORIENTED_EDGE('',*,*,#8037,.F.);
#8087 = ADVANCED_FACE('',(#8088),#1158,.F.);
#8088 = FACE_BOUND('',#8089,.F.);
#8089 = EDGE_LOOP('',(#8090,#8091,#8112,#8113));
#8090 = ORIENTED_EDGE('',*,*,#1137,.F.);
#8091 = ORIENTED_EDGE('',*,*,#8092,.T.);
#8092 = EDGE_CURVE('',#1110,#5875,#8093,.T.);
#8093 = SURFACE_CURVE('',#8094,(#8098,#8105),.PCURVE_S1.);
#8094 = LINE('',#8095,#8096);
#8095 = CARTESIAN_POINT('',(79.3,-1.,34.075));
#8096 = VECTOR('',#8097,1.);
#8097 = DIRECTION('',(-0.,1.,-0.));
#8098 = PCURVE('',#1158,#8099);
#8099 = DEFINITIONAL_REPRESENTATION('',(#8100),#8104);
#8100 = LINE('',#8101,#8102);
#8101 = CARTESIAN_POINT('',(0.,0.));
#8102 = VECTOR('',#8103,1.);
#8103 = DIRECTION('',(0.,-1.));
#8104 = ( GEOMETRIC_REPRESENTATION_CONTEXT(2) 
PARAMETRIC_REPRESENTATION_CONTEXT() REPRESENTATION_CONTEXT('2D SPACE',''
  ) );
#8105 = PCURVE('',#1125,#8106);
#8106 = DEFINITIONAL_REPRESENTATION('',(#8107),#8111);
#8107 = LINE('',#8108,#8109);
#8108 = CARTESIAN_POINT('',(3.5,0.));
#8109 = VECTOR('',#8110,1.);
#8110 = DIRECTION('',(0.,-1.));
#8111 = ( GEOMETRIC_REPRESENTATION_CONTEXT(2) 
PARAMETRIC_REPRESENTATION_CONTEXT() REPRESENTATION_CONTEXT('2D SPACE',''
  ) );
#8112 = ORIENTED_EDGE('',*,*,#5897,.T.);
#8113 = ORIENTED_EDGE('',*,*,#8065,.F.);
#8114 = ADVANCED_FACE('',(#8115),#1125,.F.);
#8115 = FACE_BOUND('',#8116,.F.);
#8116 = EDGE_LOOP('',(#8117,#8118,#8139,#8140));
#8117 = ORIENTED_EDGE('',*,*,#1109,.T.);
#8118 = ORIENTED_EDGE('',*,*,#8119,.T.);
#8119 = EDGE_CURVE('',#1077,#5847,#8120,.T.);
#8120 = SURFACE_CURVE('',#8121,(#8125,#8132),.PCURVE_S1.);
#8121 = LINE('',#8122,#8123);
#8122 = CARTESIAN_POINT('',(75.8,-1.,34.075));
#8123 = VECTOR('',#8124,1.);
#8124 = DIRECTION('',(-0.,1.,-0.));
#8125 = PCURVE('',#1125,#8126);
#8126 = DEFINITIONAL_REPRESENTATION('',(#8127),#8131);
#8127 = LINE('',#8128,#8129);
#8128 = CARTESIAN_POINT('',(0.,0.));
#8129 = VECTOR('',#8130,1.);
#8130 = DIRECTION('',(0.,-1.));
#8131 = ( GEOMETRIC_REPRESENTATION_CONTEXT(2) 
PARAMETRIC_REPRESENTATION_CONTEXT() REPRESENTATION_CONTEXT('2D SPACE',''
  ) );
#8132 = PCURVE('',#1097,#8133);
#8133 = DEFINITIONAL_REPRESENTATION('',(#8134),#8138);
#8134 = LINE('',#8135,#8136);
#8135 = CARTESIAN_POINT('',(2.356194490192,0.));
#8136 = VECTOR('',#8137,1.);
#8137 = DIRECTION('',(0.,-1.));
#8138 = ( GEOMETRIC_REPRESENTATION_CONTEXT(2) 
PARAMETRIC_REPRESENTATION_CONTEXT() REPRESENTATION_CONTEXT('2D SPACE',''
  ) );
#8139 = ORIENTED_EDGE('',*,*,#5874,.F.);
#8140 = ORIENTED_EDGE('',*,*,#8092,.F.);
#8141 = ADVANCED_FACE('',(#8142),#1097,.F.);
#8142 = FACE_BOUND('',#8143,.F.);
#8143 = EDGE_LOOP('',(#8144,#8145,#8146,#8147));
#8144 = ORIENTED_EDGE('',*,*,#1076,.F.);
#8145 = ORIENTED_EDGE('',*,*,#6226,.T.);
#8146 = ORIENTED_EDGE('',*,*,#5846,.T.);
#8147 = ORIENTED_EDGE('',*,*,#8119,.F.);
#8148 = ADVANCED_FACE('',(#8149),#1244,.F.);
#8149 = FACE_BOUND('',#8150,.F.);
#8150 = EDGE_LOOP('',(#8151,#8152,#8173,#8174));
#8151 = ORIENTED_EDGE('',*,*,#1226,.T.);
#8152 = ORIENTED_EDGE('',*,*,#8153,.T.);
#8153 = EDGE_CURVE('',#1229,#5974,#8154,.T.);
#8154 = SURFACE_CURVE('',#8155,(#8159,#8166),.PCURVE_S1.);
#8155 = LINE('',#8156,#8157);
#8156 = CARTESIAN_POINT('',(75.8,-1.,2.325));
#8157 = VECTOR('',#8158,1.);
#8158 = DIRECTION('',(-0.,1.,-0.));
#8159 = PCURVE('',#1244,#8160);
#8160 = DEFINITIONAL_REPRESENTATION('',(#8161),#8165);
#8161 = LINE('',#8162,#8163);
#8162 = CARTESIAN_POINT('',(0.,0.));
#8163 = VECTOR('',#8164,1.);
#8164 = DIRECTION('',(0.,-1.));
#8165 = ( GEOMETRIC_REPRESENTATION_CONTEXT(2) 
PARAMETRIC_REPRESENTATION_CONTEXT() REPRESENTATION_CONTEXT('2D SPACE',''
  ) );
#8166 = PCURVE('',#1364,#8167);
#8167 = DEFINITIONAL_REPRESENTATION('',(#8168),#8172);
#8168 = LINE('',#8169,#8170);
#8169 = CARTESIAN_POINT('',(2.356194490192,0.));
#8170 = VECTOR('',#8171,1.);
#8171 = DIRECTION('',(0.,-1.));
#8172 = ( GEOMETRIC_REPRESENTATION_CONTEXT(2) 
PARAMETRIC_REPRESENTATION_CONTEXT() REPRESENTATION_CONTEXT('2D SPACE',''
  ) );
#8173 = ORIENTED_EDGE('',*,*,#5971,.F.);
#8174 = ORIENTED_EDGE('',*,*,#8175,.F.);
#8175 = EDGE_CURVE('',#1227,#5972,#8176,.T.);
#8176 = SURFACE_CURVE('',#8177,(#8181,#8188),.PCURVE_S1.);
#8177 = LINE('',#8178,#8179);
#8178 = CARTESIAN_POINT('',(79.3,-1.,2.325));
#8179 = VECTOR('',#8180,1.);
#8180 = DIRECTION('',(-0.,1.,-0.));
#8181 = PCURVE('',#1244,#8182);
#8182 = DEFINITIONAL_REPRESENTATION('',(#8183),#8187);
#8183 = LINE('',#8184,#8185);
#8184 = CARTESIAN_POINT('',(3.5,0.));
#8185 = VECTOR('',#8186,1.);
#8186 = DIRECTION('',(0.,-1.));
#8187 = ( GEOMETRIC_REPRESENTATION_CONTEXT(2) 
PARAMETRIC_REPRESENTATION_CONTEXT() REPRESENTATION_CONTEXT('2D SPACE',''
  ) );
#8188 = PCURVE('',#1277,#8189);
#8189 = DEFINITIONAL_REPRESENTATION('',(#8190),#8194);
#8190 = LINE('',#8191,#8192);
#8191 = CARTESIAN_POINT('',(0.,0.));
#8192 = VECTOR('',#8193,1.);
#8193 = DIRECTION('',(0.,-1.));
#8194 = ( GEOMETRIC_REPRESENTATION_CONTEXT(2) 
PARAMETRIC_REPRESENTATION_CONTEXT() REPRESENTATION_CONTEXT('2D SPACE',''
  ) );
#8195 = ADVANCED_FACE('',(#8196),#1277,.F.);
#8196 = FACE_BOUND('',#8197,.F.);
#8197 = EDGE_LOOP('',(#8198,#8199,#8200,#8201));
#8198 = ORIENTED_EDGE('',*,*,#1256,.F.);
#8199 = ORIENTED_EDGE('',*,*,#8175,.T.);
#8200 = ORIENTED_EDGE('',*,*,#5996,.T.);
#8201 = ORIENTED_EDGE('',*,*,#8202,.F.);
#8202 = EDGE_CURVE('',#1257,#5997,#8203,.T.);
#8203 = SURFACE_CURVE('',#8204,(#8208,#8215),.PCURVE_S1.);
#8204 = LINE('',#8205,#8206);
#8205 = CARTESIAN_POINT('',(81.845584412272,-1.,8.470584412272));
#8206 = VECTOR('',#8207,1.);
#8207 = DIRECTION('',(-0.,1.,-0.));
#8208 = PCURVE('',#1277,#8209);
#8209 = DEFINITIONAL_REPRESENTATION('',(#8210),#8214);
#8210 = LINE('',#8211,#8212);
#8211 = CARTESIAN_POINT('',(2.356194490192,0.));
#8212 = VECTOR('',#8213,1.);
#8213 = DIRECTION('',(0.,-1.));
#8214 = ( GEOMETRIC_REPRESENTATION_CONTEXT(2) 
PARAMETRIC_REPRESENTATION_CONTEXT() REPRESENTATION_CONTEXT('2D SPACE',''
  ) );
#8215 = PCURVE('',#1305,#8216);
#8216 = DEFINITIONAL_REPRESENTATION('',(#8217),#8221);
#8217 = LINE('',#8218,#8219);
#8218 = CARTESIAN_POINT('',(0.,0.));
#8219 = VECTOR('',#8220,1.);
#8220 = DIRECTION('',(0.,-1.));
#8221 = ( GEOMETRIC_REPRESENTATION_CONTEXT(2) 
PARAMETRIC_REPRESENTATION_CONTEXT() REPRESENTATION_CONTEXT('2D SPACE',''
  ) );
#8222 = ADVANCED_FACE('',(#8223),#1364,.F.);
#8223 = FACE_BOUND('',#8224,.F.);
#8224 = EDGE_LOOP('',(#8225,#8226,#8247,#8248));
#8225 = ORIENTED_EDGE('',*,*,#1345,.F.);
#8226 = ORIENTED_EDGE('',*,*,#8227,.T.);
#8227 = EDGE_CURVE('',#1318,#6048,#8228,.T.);
#8228 = SURFACE_CURVE('',#8229,(#8233,#8240),.PCURVE_S1.);
#8229 = LINE('',#8230,#8231);
#8230 = CARTESIAN_POINT('',(73.254415587728,-1.,8.470584412272));
#8231 = VECTOR('',#8232,1.);
#8232 = DIRECTION('',(-0.,1.,-0.));
#8233 = PCURVE('',#1364,#8234);
#8234 = DEFINITIONAL_REPRESENTATION('',(#8235),#8239);
#8235 = LINE('',#8236,#8237);
#8236 = CARTESIAN_POINT('',(0.,0.));
#8237 = VECTOR('',#8238,1.);
#8238 = DIRECTION('',(0.,-1.));
#8239 = ( GEOMETRIC_REPRESENTATION_CONTEXT(2) 
PARAMETRIC_REPRESENTATION_CONTEXT() REPRESENTATION_CONTEXT('2D SPACE',''
  ) );
#8240 = PCURVE('',#1333,#8241);
#8241 = DEFINITIONAL_REPRESENTATION('',(#8242),#8246);
#8242 = LINE('',#8243,#8244);
#8243 = CARTESIAN_POINT('',(6.074873734153,0.));
#8244 = VECTOR('',#8245,1.);
#8245 = DIRECTION('',(0.,-1.));
#8246 = ( GEOMETRIC_REPRESENTATION_CONTEXT(2) 
PARAMETRIC_REPRESENTATION_CONTEXT() REPRESENTATION_CONTEXT('2D SPACE',''
  ) );
#8247 = ORIENTED_EDGE('',*,*,#6070,.T.);
#8248 = ORIENTED_EDGE('',*,*,#8153,.F.);
#8249 = ADVANCED_FACE('',(#8250),#1305,.F.);
#8250 = FACE_BOUND('',#8251,.F.);
#8251 = EDGE_LOOP('',(#8252,#8253,#8254,#8255));
#8252 = ORIENTED_EDGE('',*,*,#1289,.T.);
#8253 = ORIENTED_EDGE('',*,*,#8202,.T.);
#8254 = ORIENTED_EDGE('',*,*,#6024,.F.);
#8255 = ORIENTED_EDGE('',*,*,#8256,.F.);
#8256 = EDGE_CURVE('',#1290,#6025,#8257,.T.);
#8257 = SURFACE_CURVE('',#8258,(#8262,#8269),.PCURVE_S1.);
#8258 = LINE('',#8259,#8260);
#8259 = CARTESIAN_POINT('',(77.55,-1.,12.766168824543));
#8260 = VECTOR('',#8261,1.);
#8261 = DIRECTION('',(-0.,1.,-0.));
#8262 = PCURVE('',#1305,#8263);
#8263 = DEFINITIONAL_REPRESENTATION('',(#8264),#8268);
#8264 = LINE('',#8265,#8266);
#8265 = CARTESIAN_POINT('',(6.074873734153,0.));
#8266 = VECTOR('',#8267,1.);
#8267 = DIRECTION('',(0.,-1.));
#8268 = ( GEOMETRIC_REPRESENTATION_CONTEXT(2) 
PARAMETRIC_REPRESENTATION_CONTEXT() REPRESENTATION_CONTEXT('2D SPACE',''
  ) );
#8269 = PCURVE('',#1333,#8270);
#8270 = DEFINITIONAL_REPRESENTATION('',(#8271),#8275);
#8271 = LINE('',#8272,#8273);
#8272 = CARTESIAN_POINT('',(0.,0.));
#8273 = VECTOR('',#8274,1.);
#8274 = DIRECTION('',(0.,-1.));
#8275 = ( GEOMETRIC_REPRESENTATION_CONTEXT(2) 
PARAMETRIC_REPRESENTATION_CONTEXT() REPRESENTATION_CONTEXT('2D SPACE',''
  ) );
#8276 = ADVANCED_FACE('',(#8277),#1333,.F.);
#8277 = FACE_BOUND('',#8278,.F.);
#8278 = EDGE_LOOP('',(#8279,#8280,#8281,#8282));
#8279 = ORIENTED_EDGE('',*,*,#1317,.T.);
#8280 = ORIENTED_EDGE('',*,*,#8256,.T.);
#8281 = ORIENTED_EDGE('',*,*,#6047,.F.);
#8282 = ORIENTED_EDGE('',*,*,#8227,.F.);
#8283 = ADVANCED_FACE('',(#8284),#1396,.F.);
#8284 = FACE_BOUND('',#8285,.F.);
#8285 = EDGE_LOOP('',(#8286,#8287,#8308,#8309));
#8286 = ORIENTED_EDGE('',*,*,#1378,.T.);
#8287 = ORIENTED_EDGE('',*,*,#8288,.T.);
#8288 = EDGE_CURVE('',#1381,#6101,#8289,.T.);
#8289 = SURFACE_CURVE('',#8290,(#8294,#8301),.PCURVE_S1.);
#8290 = LINE('',#8291,#8292);
#8291 = CARTESIAN_POINT('',(75.8,-1.,18.2));
#8292 = VECTOR('',#8293,1.);
#8293 = DIRECTION('',(-0.,1.,-0.));
#8294 = PCURVE('',#1396,#8295);
#8295 = DEFINITIONAL_REPRESENTATION('',(#8296),#8300);
#8296 = LINE('',#8297,#8298);
#8297 = CARTESIAN_POINT('',(0.,0.));
#8298 = VECTOR('',#8299,1.);
#8299 = DIRECTION('',(0.,-1.));
#8300 = ( GEOMETRIC_REPRESENTATION_CONTEXT(2) 
PARAMETRIC_REPRESENTATION_CONTEXT() REPRESENTATION_CONTEXT('2D SPACE',''
  ) );
#8301 = PCURVE('',#1516,#8302);
#8302 = DEFINITIONAL_REPRESENTATION('',(#8303),#8307);
#8303 = LINE('',#8304,#8305);
#8304 = CARTESIAN_POINT('',(2.356194490192,0.));
#8305 = VECTOR('',#8306,1.);
#8306 = DIRECTION('',(0.,-1.));
#8307 = ( GEOMETRIC_REPRESENTATION_CONTEXT(2) 
PARAMETRIC_REPRESENTATION_CONTEXT() REPRESENTATION_CONTEXT('2D SPACE',''
  ) );
#8308 = ORIENTED_EDGE('',*,*,#6098,.F.);
#8309 = ORIENTED_EDGE('',*,*,#8310,.F.);
#8310 = EDGE_CURVE('',#1379,#6099,#8311,.T.);
#8311 = SURFACE_CURVE('',#8312,(#8316,#8323),.PCURVE_S1.);
#8312 = LINE('',#8313,#8314);
#8313 = CARTESIAN_POINT('',(79.3,-1.,18.2));
#8314 = VECTOR('',#8315,1.);
#8315 = DIRECTION('',(-0.,1.,-0.));
#8316 = PCURVE('',#1396,#8317);
#8317 = DEFINITIONAL_REPRESENTATION('',(#8318),#8322);
#8318 = LINE('',#8319,#8320);
#8319 = CARTESIAN_POINT('',(3.5,0.));
#8320 = VECTOR('',#8321,1.);
#8321 = DIRECTION('',(0.,-1.));
#8322 = ( GEOMETRIC_REPRESENTATION_CONTEXT(2) 
PARAMETRIC_REPRESENTATION_CONTEXT() REPRESENTATION_CONTEXT('2D SPACE',''
  ) );
#8323 = PCURVE('',#1429,#8324);
#8324 = DEFINITIONAL_REPRESENTATION('',(#8325),#8329);
#8325 = LINE('',#8326,#8327);
#8326 = CARTESIAN_POINT('',(0.,0.));
#8327 = VECTOR('',#8328,1.);
#8328 = DIRECTION('',(0.,-1.));
#8329 = ( GEOMETRIC_REPRESENTATION_CONTEXT(2) 
PARAMETRIC_REPRESENTATION_CONTEXT() REPRESENTATION_CONTEXT('2D SPACE',''
  ) );
#8330 = ADVANCED_FACE('',(#8331),#1429,.F.);
#8331 = FACE_BOUND('',#8332,.F.);
#8332 = EDGE_LOOP('',(#8333,#8334,#8335,#8336));
#8333 = ORIENTED_EDGE('',*,*,#1408,.F.);
#8334 = ORIENTED_EDGE('',*,*,#8310,.T.);
#8335 = ORIENTED_EDGE('',*,*,#6123,.T.);
#8336 = ORIENTED_EDGE('',*,*,#8337,.F.);
#8337 = EDGE_CURVE('',#1409,#6124,#8338,.T.);
#8338 = SURFACE_CURVE('',#8339,(#8343,#8350),.PCURVE_S1.);
#8339 = LINE('',#8340,#8341);
#8340 = CARTESIAN_POINT('',(81.845584412272,-1.,24.345584412272));
#8341 = VECTOR('',#8342,1.);
#8342 = DIRECTION('',(-0.,1.,-0.));
#8343 = PCURVE('',#1429,#8344);
#8344 = DEFINITIONAL_REPRESENTATION('',(#8345),#8349);
#8345 = LINE('',#8346,#8347);
#8346 = CARTESIAN_POINT('',(2.356194490192,0.));
#8347 = VECTOR('',#8348,1.);
#8348 = DIRECTION('',(0.,-1.));
#8349 = ( GEOMETRIC_REPRESENTATION_CONTEXT(2) 
PARAMETRIC_REPRESENTATION_CONTEXT() REPRESENTATION_CONTEXT('2D SPACE',''
  ) );
#8350 = PCURVE('',#1457,#8351);
#8351 = DEFINITIONAL_REPRESENTATION('',(#8352),#8356);
#8352 = LINE('',#8353,#8354);
#8353 = CARTESIAN_POINT('',(0.,0.));
#8354 = VECTOR('',#8355,1.);
#8355 = DIRECTION('',(0.,-1.));
#8356 = ( GEOMETRIC_REPRESENTATION_CONTEXT(2) 
PARAMETRIC_REPRESENTATION_CONTEXT() REPRESENTATION_CONTEXT('2D SPACE',''
  ) );
#8357 = ADVANCED_FACE('',(#8358),#1516,.F.);
#8358 = FACE_BOUND('',#8359,.F.);
#8359 = EDGE_LOOP('',(#8360,#8361,#8382,#8383));
#8360 = ORIENTED_EDGE('',*,*,#1497,.F.);
#8361 = ORIENTED_EDGE('',*,*,#8362,.T.);
#8362 = EDGE_CURVE('',#1470,#6175,#8363,.T.);
#8363 = SURFACE_CURVE('',#8364,(#8368,#8375),.PCURVE_S1.);
#8364 = LINE('',#8365,#8366);
#8365 = CARTESIAN_POINT('',(73.254415587728,-1.,24.345584412272));
#8366 = VECTOR('',#8367,1.);
#8367 = DIRECTION('',(-0.,1.,-0.));
#8368 = PCURVE('',#1516,#8369);
#8369 = DEFINITIONAL_REPRESENTATION('',(#8370),#8374);
#8370 = LINE('',#8371,#8372);
#8371 = CARTESIAN_POINT('',(0.,0.));
#8372 = VECTOR('',#8373,1.);
#8373 = DIRECTION('',(0.,-1.));
#8374 = ( GEOMETRIC_REPRESENTATION_CONTEXT(2) 
PARAMETRIC_REPRESENTATION_CONTEXT() REPRESENTATION_CONTEXT('2D SPACE',''
  ) );
#8375 = PCURVE('',#1485,#8376);
#8376 = DEFINITIONAL_REPRESENTATION('',(#8377),#8381);
#8377 = LINE('',#8378,#8379);
#8378 = CARTESIAN_POINT('',(6.074873734153,0.));
#8379 = VECTOR('',#8380,1.);
#8380 = DIRECTION('',(0.,-1.));
#8381 = ( GEOMETRIC_REPRESENTATION_CONTEXT(2) 
PARAMETRIC_REPRESENTATION_CONTEXT() REPRESENTATION_CONTEXT('2D SPACE',''
  ) );
#8382 = ORIENTED_EDGE('',*,*,#6197,.T.);
#8383 = ORIENTED_EDGE('',*,*,#8288,.F.);
#8384 = ADVANCED_FACE('',(#8385),#1457,.F.);
#8385 = FACE_BOUND('',#8386,.F.);
#8386 = EDGE_LOOP('',(#8387,#8388,#8389,#8390));
#8387 = ORIENTED_EDGE('',*,*,#1441,.T.);
#8388 = ORIENTED_EDGE('',*,*,#8337,.T.);
#8389 = ORIENTED_EDGE('',*,*,#6151,.F.);
#8390 = ORIENTED_EDGE('',*,*,#8391,.F.);
#8391 = EDGE_CURVE('',#1442,#6152,#8392,.T.);
#8392 = SURFACE_CURVE('',#8393,(#8397,#8404),.PCURVE_S1.);
#8393 = LINE('',#8394,#8395);
#8394 = CARTESIAN_POINT('',(77.55,-1.,28.641168824543));
#8395 = VECTOR('',#8396,1.);
#8396 = DIRECTION('',(-0.,1.,-0.));
#8397 = PCURVE('',#1457,#8398);
#8398 = DEFINITIONAL_REPRESENTATION('',(#8399),#8403);
#8399 = LINE('',#8400,#8401);
#8400 = CARTESIAN_POINT('',(6.074873734153,0.));
#8401 = VECTOR('',#8402,1.);
#8402 = DIRECTION('',(0.,-1.));
#8403 = ( GEOMETRIC_REPRESENTATION_CONTEXT(2) 
PARAMETRIC_REPRESENTATION_CONTEXT() REPRESENTATION_CONTEXT('2D SPACE',''
  ) );
#8404 = PCURVE('',#1485,#8405);
#8405 = DEFINITIONAL_REPRESENTATION('',(#8406),#8410);
#8406 = LINE('',#8407,#8408);
#8407 = CARTESIAN_POINT('',(0.,0.));
#8408 = VECTOR('',#8409,1.);
#8409 = DIRECTION('',(0.,-1.));
#8410 = ( GEOMETRIC_REPRESENTATION_CONTEXT(2) 
PARAMETRIC_REPRESENTATION_CONTEXT() REPRESENTATION_CONTEXT('2D SPACE',''
  ) );
#8411 = ADVANCED_FACE('',(#8412),#1485,.F.);
#8412 = FACE_BOUND('',#8413,.F.);
#8413 = EDGE_LOOP('',(#8414,#8415,#8416,#8417));
#8414 = ORIENTED_EDGE('',*,*,#1469,.T.);
#8415 = ORIENTED_EDGE('',*,*,#8391,.T.);
#8416 = ORIENTED_EDGE('',*,*,#6174,.F.);
#8417 = ORIENTED_EDGE('',*,*,#8362,.F.);
#8418 = ADVANCED_FACE('',(#8419),#1547,.T.);
#8419 = FACE_BOUND('',#8420,.F.);
#8420 = EDGE_LOOP('',(#8421,#8422,#8423,#8444));
#8421 = ORIENTED_EDGE('',*,*,#1531,.F.);
#8422 = ORIENTED_EDGE('',*,*,#2600,.T.);
#8423 = ORIENTED_EDGE('',*,*,#8424,.T.);
#8424 = EDGE_CURVE('',#2573,#1587,#8425,.T.);
#8425 = SURFACE_CURVE('',#8426,(#8430,#8437),.PCURVE_S1.);
#8426 = LINE('',#8427,#8428);
#8427 = CARTESIAN_POINT('',(33.9,172.09999999999,-33.6));
#8428 = VECTOR('',#8429,1.);
#8429 = DIRECTION('',(-0.57735026919,0.57735026919,0.57735026919));
#8430 = PCURVE('',#1547,#8431);
#8431 = DEFINITIONAL_REPRESENTATION('',(#8432),#8436);
#8432 = LINE('',#8433,#8434);
#8433 = CARTESIAN_POINT('',(-168.8999999999,-47.72970773009));
#8434 = VECTOR('',#8435,1.);
#8435 = DIRECTION('',(-0.57735026919,0.816496580928));
#8436 = ( GEOMETRIC_REPRESENTATION_CONTEXT(2) 
PARAMETRIC_REPRESENTATION_CONTEXT() REPRESENTATION_CONTEXT('2D SPACE',''
  ) );
#8437 = PCURVE('',#2588,#8438);
#8438 = DEFINITIONAL_REPRESENTATION('',(#8439),#8443);
#8439 = LINE('',#8440,#8441);
#8440 = CARTESIAN_POINT('',(33.9,-47.72970773009));
#8441 = VECTOR('',#8442,1.);
#8442 = DIRECTION('',(-0.57735026919,0.816496580928));
#8443 = ( GEOMETRIC_REPRESENTATION_CONTEXT(2) 
PARAMETRIC_REPRESENTATION_CONTEXT() REPRESENTATION_CONTEXT('2D SPACE',''
  ) );
#8444 = ORIENTED_EDGE('',*,*,#1586,.F.);
#8445 = ADVANCED_FACE('',(#8446),#1914,.F.);
#8446 = FACE_BOUND('',#8447,.T.);
#8447 = EDGE_LOOP('',(#8448,#8471,#8472,#8473));
#8448 = ORIENTED_EDGE('',*,*,#8449,.F.);
#8449 = EDGE_CURVE('',#1866,#8450,#8452,.T.);
#8450 = VERTEX_POINT('',#8451);
#8451 = CARTESIAN_POINT('',(3.,35.004163056034,9.004163056034));
#8452 = SURFACE_CURVE('',#8453,(#8457,#8464),.PCURVE_S1.);
#8453 = LINE('',#8454,#8455);
#8454 = CARTESIAN_POINT('',(-1.,35.004163056034,9.004163056034));
#8455 = VECTOR('',#8456,1.);
#8456 = DIRECTION('',(1.,0.,0.));
#8457 = PCURVE('',#1914,#8458);
#8458 = DEFINITIONAL_REPRESENTATION('',(#8459),#8463);
#8459 = LINE('',#8460,#8461);
#8460 = CARTESIAN_POINT('',(-8.639379797372,0.));
#8461 = VECTOR('',#8462,1.);
#8462 = DIRECTION('',(-0.,-1.));
#8463 = ( GEOMETRIC_REPRESENTATION_CONTEXT(2) 
PARAMETRIC_REPRESENTATION_CONTEXT() REPRESENTATION_CONTEXT('2D SPACE',''
  ) );
#8464 = PCURVE('',#1881,#8465);
#8465 = DEFINITIONAL_REPRESENTATION('',(#8466),#8470);
#8466 = LINE('',#8467,#8468);
#8467 = CARTESIAN_POINT('',(0.,0.));
#8468 = VECTOR('',#8469,1.);
#8469 = DIRECTION('',(0.,-1.));
#8470 = ( GEOMETRIC_REPRESENTATION_CONTEXT(2) 
PARAMETRIC_REPRESENTATION_CONTEXT() REPRESENTATION_CONTEXT('2D SPACE',''
  ) );
#8471 = ORIENTED_EDGE('',*,*,#1893,.T.);
#8472 = ORIENTED_EDGE('',*,*,#2678,.F.);
#8473 = ORIENTED_EDGE('',*,*,#8474,.F.);
#8474 = EDGE_CURVE('',#8450,#2651,#8475,.T.);
#8475 = SURFACE_CURVE('',#8476,(#8481,#8488),.PCURVE_S1.);
#8476 = CIRCLE('',#8477,3.4);
#8477 = AXIS2_PLACEMENT_3D('',#8478,#8479,#8480);
#8478 = CARTESIAN_POINT('',(3.,32.6,6.6));
#8479 = DIRECTION('',(-1.,0.,0.));
#8480 = DIRECTION('',(0.,0.707106781187,0.707106781187));
#8481 = PCURVE('',#1914,#8482);
#8482 = DEFINITIONAL_REPRESENTATION('',(#8483),#8487);
#8483 = LINE('',#8484,#8485);
#8484 = CARTESIAN_POINT('',(-8.639379797372,-4.));
#8485 = VECTOR('',#8486,1.);
#8486 = DIRECTION('',(1.,-0.));
#8487 = ( GEOMETRIC_REPRESENTATION_CONTEXT(2) 
PARAMETRIC_REPRESENTATION_CONTEXT() REPRESENTATION_CONTEXT('2D SPACE',''
  ) );
#8488 = PCURVE('',#2666,#8489);
#8489 = DEFINITIONAL_REPRESENTATION('',(#8490),#8498);
#8490 = ( BOUNDED_CURVE() B_SPLINE_CURVE(2,(#8491,#8492,#8493,#8494,
#8495,#8496,#8497),.UNSPECIFIED.,.T.,.F.) B_SPLINE_CURVE_WITH_KNOTS((1,2
    ,2,2,2,1),(-2.094395102393,0.,2.094395102393,4.188790204786,
6.28318530718,8.377580409573),.UNSPECIFIED.) CURVE() 
GEOMETRIC_REPRESENTATION_ITEM() RATIONAL_B_SPLINE_CURVE((1.,0.5,1.,0.5,
1.,0.5,1.)) REPRESENTATION_ITEM('') );
#8491 = CARTESIAN_POINT('',(1.983943009898,-2.404163056034));
#8492 = CARTESIAN_POINT('',(-2.180189552834,-6.568295618766));
#8493 = CARTESIAN_POINT('',(-3.704367855519,-0.879984753349));
#8494 = CARTESIAN_POINT('',(-5.228546158205,4.808326112069));
#8495 = CARTESIAN_POINT('',(0.459764707212,3.284147809383));
#8496 = CARTESIAN_POINT('',(6.148075572629,1.759969506697));
#8497 = CARTESIAN_POINT('',(1.983943009898,-2.404163056034));
#8498 = ( GEOMETRIC_REPRESENTATION_CONTEXT(2) 
PARAMETRIC_REPRESENTATION_CONTEXT() REPRESENTATION_CONTEXT('2D SPACE',''
  ) );
#8499 = ADVANCED_FACE('',(#8500),#1881,.T.);
#8500 = FACE_BOUND('',#8501,.T.);
#8501 = EDGE_LOOP('',(#8502,#8503,#8504,#8527));
#8502 = ORIENTED_EDGE('',*,*,#1865,.T.);
#8503 = ORIENTED_EDGE('',*,*,#8449,.T.);
#8504 = ORIENTED_EDGE('',*,*,#8505,.T.);
#8505 = EDGE_CURVE('',#8450,#8506,#8508,.T.);
#8506 = VERTEX_POINT('',#8507);
#8507 = CARTESIAN_POINT('',(3.,32.6,11.408326112069));
#8508 = SURFACE_CURVE('',#8509,(#8513,#8520),.PCURVE_S1.);
#8509 = LINE('',#8510,#8511);
#8510 = CARTESIAN_POINT('',(3.,35.004163056034,9.004163056034));
#8511 = VECTOR('',#8512,1.);
#8512 = DIRECTION('',(0.,-0.707106781187,0.707106781187));
#8513 = PCURVE('',#1881,#8514);
#8514 = DEFINITIONAL_REPRESENTATION('',(#8515),#8519);
#8515 = LINE('',#8516,#8517);
#8516 = CARTESIAN_POINT('',(0.,-4.));
#8517 = VECTOR('',#8518,1.);
#8518 = DIRECTION('',(1.,0.));
#8519 = ( GEOMETRIC_REPRESENTATION_CONTEXT(2) 
PARAMETRIC_REPRESENTATION_CONTEXT() REPRESENTATION_CONTEXT('2D SPACE',''
  ) );
#8520 = PCURVE('',#2666,#8521);
#8521 = DEFINITIONAL_REPRESENTATION('',(#8522),#8526);
#8522 = LINE('',#8523,#8524);
#8523 = CARTESIAN_POINT('',(1.983943009898,-2.404163056034));
#8524 = VECTOR('',#8525,1.);
#8525 = DIRECTION('',(0.707106781187,0.707106781187));
#8526 = ( GEOMETRIC_REPRESENTATION_CONTEXT(2) 
PARAMETRIC_REPRESENTATION_CONTEXT() REPRESENTATION_CONTEXT('2D SPACE',''
  ) );
#8527 = ORIENTED_EDGE('',*,*,#8528,.F.);
#8528 = EDGE_CURVE('',#1838,#8506,#8529,.T.);
#8529 = SURFACE_CURVE('',#8530,(#8534,#8541),.PCURVE_S1.);
#8530 = LINE('',#8531,#8532);
#8531 = CARTESIAN_POINT('',(-1.,32.6,11.408326112069));
#8532 = VECTOR('',#8533,1.);
#8533 = DIRECTION('',(1.,0.,0.));
#8534 = PCURVE('',#1881,#8535);
#8535 = DEFINITIONAL_REPRESENTATION('',(#8536),#8540);
#8536 = LINE('',#8537,#8538);
#8537 = CARTESIAN_POINT('',(3.4,0.));
#8538 = VECTOR('',#8539,1.);
#8539 = DIRECTION('',(0.,-1.));
#8540 = ( GEOMETRIC_REPRESENTATION_CONTEXT(2) 
PARAMETRIC_REPRESENTATION_CONTEXT() REPRESENTATION_CONTEXT('2D SPACE',''
  ) );
#8541 = PCURVE('',#1853,#8542);
#8542 = DEFINITIONAL_REPRESENTATION('',(#8543),#8547);
#8543 = LINE('',#8544,#8545);
#8544 = CARTESIAN_POINT('',(0.,0.));
#8545 = VECTOR('',#8546,1.);
#8546 = DIRECTION('',(0.,-1.));
#8547 = ( GEOMETRIC_REPRESENTATION_CONTEXT(2) 
PARAMETRIC_REPRESENTATION_CONTEXT() REPRESENTATION_CONTEXT('2D SPACE',''
  ) );
#8548 = ADVANCED_FACE('',(#8549),#1675,.F.);
#8549 = FACE_BOUND('',#8550,.T.);
#8550 = EDGE_LOOP('',(#8551,#8552,#8575,#8601));
#8551 = ORIENTED_EDGE('',*,*,#1654,.T.);
#8552 = ORIENTED_EDGE('',*,*,#8553,.T.);
#8553 = EDGE_CURVE('',#1655,#8554,#8556,.T.);
#8554 = VERTEX_POINT('',#8555);
#8555 = CARTESIAN_POINT('',(3.,174.99583694396,9.004163056034));
#8556 = SURFACE_CURVE('',#8557,(#8561,#8568),.PCURVE_S1.);
#8557 = LINE('',#8558,#8559);
#8558 = CARTESIAN_POINT('',(-1.,174.99583694396,9.004163056034));
#8559 = VECTOR('',#8560,1.);
#8560 = DIRECTION('',(1.,0.,0.));
#8561 = PCURVE('',#1675,#8562);
#8562 = DEFINITIONAL_REPRESENTATION('',(#8563),#8567);
#8563 = LINE('',#8564,#8565);
#8564 = CARTESIAN_POINT('',(2.356194490192,-0.));
#8565 = VECTOR('',#8566,1.);
#8566 = DIRECTION('',(-0.,-1.));
#8567 = ( GEOMETRIC_REPRESENTATION_CONTEXT(2) 
PARAMETRIC_REPRESENTATION_CONTEXT() REPRESENTATION_CONTEXT('2D SPACE',''
  ) );
#8568 = PCURVE('',#1703,#8569);
#8569 = DEFINITIONAL_REPRESENTATION('',(#8570),#8574);
#8570 = LINE('',#8571,#8572);
#8571 = CARTESIAN_POINT('',(3.4,0.));
#8572 = VECTOR('',#8573,1.);
#8573 = DIRECTION('',(0.,-1.));
#8574 = ( GEOMETRIC_REPRESENTATION_CONTEXT(2) 
PARAMETRIC_REPRESENTATION_CONTEXT() REPRESENTATION_CONTEXT('2D SPACE',''
  ) );
#8575 = ORIENTED_EDGE('',*,*,#8576,.F.);
#8576 = EDGE_CURVE('',#4606,#8554,#8577,.T.);
#8577 = SURFACE_CURVE('',#8578,(#8583,#8590),.PCURVE_S1.);
#8578 = CIRCLE('',#8579,3.4);
#8579 = AXIS2_PLACEMENT_3D('',#8580,#8581,#8582);
#8580 = CARTESIAN_POINT('',(3.,177.4,6.6));
#8581 = DIRECTION('',(-1.,0.,0.));
#8582 = DIRECTION('',(0.,0.707106781187,0.707106781187));
#8583 = PCURVE('',#1675,#8584);
#8584 = DEFINITIONAL_REPRESENTATION('',(#8585),#8589);
#8585 = LINE('',#8586,#8587);
#8586 = CARTESIAN_POINT('',(-2.356194490192,-4.));
#8587 = VECTOR('',#8588,1.);
#8588 = DIRECTION('',(1.,-0.));
#8589 = ( GEOMETRIC_REPRESENTATION_CONTEXT(2) 
PARAMETRIC_REPRESENTATION_CONTEXT() REPRESENTATION_CONTEXT('2D SPACE',''
  ) );
#8590 = PCURVE('',#4621,#8591);
#8591 = DEFINITIONAL_REPRESENTATION('',(#8592),#8600);
#8592 = ( BOUNDED_CURVE() B_SPLINE_CURVE(2,(#8593,#8594,#8595,#8596,
#8597,#8598,#8599),.UNSPECIFIED.,.T.,.F.) B_SPLINE_CURVE_WITH_KNOTS((1,2
    ,2,2,2,1),(-2.094395102393,0.,2.094395102393,4.188790204786,
6.28318530718,8.377580409573),.UNSPECIFIED.) CURVE() 
GEOMETRIC_REPRESENTATION_ITEM() RATIONAL_B_SPLINE_CURVE((1.,0.5,1.,0.5,
1.,0.5,1.)) REPRESENTATION_ITEM('') );
#8593 = CARTESIAN_POINT('',(1.983943009898,-2.404163056034));
#8594 = CARTESIAN_POINT('',(-2.180189552834,-6.568295618766));
#8595 = CARTESIAN_POINT('',(-3.704367855519,-0.879984753349));
#8596 = CARTESIAN_POINT('',(-5.228546158205,4.808326112068));
#8597 = CARTESIAN_POINT('',(0.459764707212,3.284147809383));
#8598 = CARTESIAN_POINT('',(6.148075572629,1.759969506697));
#8599 = CARTESIAN_POINT('',(1.983943009898,-2.404163056034));
#8600 = ( GEOMETRIC_REPRESENTATION_CONTEXT(2) 
PARAMETRIC_REPRESENTATION_CONTEXT() REPRESENTATION_CONTEXT('2D SPACE',''
  ) );
#8601 = ORIENTED_EDGE('',*,*,#4633,.T.);
#8602 = ADVANCED_FACE('',(#8603),#1853,.T.);
#8603 = FACE_BOUND('',#8604,.T.);
#8604 = EDGE_LOOP('',(#8605,#8606,#8607,#8630));
#8605 = ORIENTED_EDGE('',*,*,#1837,.T.);
#8606 = ORIENTED_EDGE('',*,*,#8528,.T.);
#8607 = ORIENTED_EDGE('',*,*,#8608,.T.);
#8608 = EDGE_CURVE('',#8506,#8609,#8611,.T.);
#8609 = VERTEX_POINT('',#8610);
#8610 = CARTESIAN_POINT('',(3.,30.195836943966,9.004163056034));
#8611 = SURFACE_CURVE('',#8612,(#8616,#8623),.PCURVE_S1.);
#8612 = LINE('',#8613,#8614);
#8613 = CARTESIAN_POINT('',(3.,32.6,11.408326112069));
#8614 = VECTOR('',#8615,1.);
#8615 = DIRECTION('',(0.,-0.707106781187,-0.707106781187));
#8616 = PCURVE('',#1853,#8617);
#8617 = DEFINITIONAL_REPRESENTATION('',(#8618),#8622);
#8618 = LINE('',#8619,#8620);
#8619 = CARTESIAN_POINT('',(0.,-4.));
#8620 = VECTOR('',#8621,1.);
#8621 = DIRECTION('',(1.,0.));
#8622 = ( GEOMETRIC_REPRESENTATION_CONTEXT(2) 
PARAMETRIC_REPRESENTATION_CONTEXT() REPRESENTATION_CONTEXT('2D SPACE',''
  ) );
#8623 = PCURVE('',#2666,#8624);
#8624 = DEFINITIONAL_REPRESENTATION('',(#8625),#8629);
#8625 = LINE('',#8626,#8627);
#8626 = CARTESIAN_POINT('',(4.388106065932,7.105427357601E-15));
#8627 = VECTOR('',#8628,1.);
#8628 = DIRECTION('',(-0.707106781187,0.707106781187));
#8629 = ( GEOMETRIC_REPRESENTATION_CONTEXT(2) 
PARAMETRIC_REPRESENTATION_CONTEXT() REPRESENTATION_CONTEXT('2D SPACE',''
  ) );
#8630 = ORIENTED_EDGE('',*,*,#8631,.F.);
#8631 = EDGE_CURVE('',#1805,#8609,#8632,.T.);
#8632 = SURFACE_CURVE('',#8633,(#8637,#8644),.PCURVE_S1.);
#8633 = LINE('',#8634,#8635);
#8634 = CARTESIAN_POINT('',(-1.,30.195836943966,9.004163056034));
#8635 = VECTOR('',#8636,1.);
#8636 = DIRECTION('',(1.,0.,0.));
#8637 = PCURVE('',#1853,#8638);
#8638 = DEFINITIONAL_REPRESENTATION('',(#8639),#8643);
#8639 = LINE('',#8640,#8641);
#8640 = CARTESIAN_POINT('',(3.4,0.));
#8641 = VECTOR('',#8642,1.);
#8642 = DIRECTION('',(0.,-1.));
#8643 = ( GEOMETRIC_REPRESENTATION_CONTEXT(2) 
PARAMETRIC_REPRESENTATION_CONTEXT() REPRESENTATION_CONTEXT('2D SPACE',''
  ) );
#8644 = PCURVE('',#1825,#8645);
#8645 = DEFINITIONAL_REPRESENTATION('',(#8646),#8650);
#8646 = LINE('',#8647,#8648);
#8647 = CARTESIAN_POINT('',(-3.926990816987,0.));
#8648 = VECTOR('',#8649,1.);
#8649 = DIRECTION('',(-0.,-1.));
#8650 = ( GEOMETRIC_REPRESENTATION_CONTEXT(2) 
PARAMETRIC_REPRESENTATION_CONTEXT() REPRESENTATION_CONTEXT('2D SPACE',''
  ) );
#8651 = ADVANCED_FACE('',(#8652),#1703,.T.);
#8652 = FACE_BOUND('',#8653,.T.);
#8653 = EDGE_LOOP('',(#8654,#8655,#8678,#8699));
#8654 = ORIENTED_EDGE('',*,*,#1687,.T.);
#8655 = ORIENTED_EDGE('',*,*,#8656,.T.);
#8656 = EDGE_CURVE('',#1688,#8657,#8659,.T.);
#8657 = VERTEX_POINT('',#8658);
#8658 = CARTESIAN_POINT('',(3.,177.4,11.408326112069));
#8659 = SURFACE_CURVE('',#8660,(#8664,#8671),.PCURVE_S1.);
#8660 = LINE('',#8661,#8662);
#8661 = CARTESIAN_POINT('',(-1.,177.4,11.408326112069));
#8662 = VECTOR('',#8663,1.);
#8663 = DIRECTION('',(1.,0.,0.));
#8664 = PCURVE('',#1703,#8665);
#8665 = DEFINITIONAL_REPRESENTATION('',(#8666),#8670);
#8666 = LINE('',#8667,#8668);
#8667 = CARTESIAN_POINT('',(0.,0.));
#8668 = VECTOR('',#8669,1.);
#8669 = DIRECTION('',(0.,-1.));
#8670 = ( GEOMETRIC_REPRESENTATION_CONTEXT(2) 
PARAMETRIC_REPRESENTATION_CONTEXT() REPRESENTATION_CONTEXT('2D SPACE',''
  ) );
#8671 = PCURVE('',#1731,#8672);
#8672 = DEFINITIONAL_REPRESENTATION('',(#8673),#8677);
#8673 = LINE('',#8674,#8675);
#8674 = CARTESIAN_POINT('',(3.4,0.));
#8675 = VECTOR('',#8676,1.);
#8676 = DIRECTION('',(0.,-1.));
#8677 = ( GEOMETRIC_REPRESENTATION_CONTEXT(2) 
PARAMETRIC_REPRESENTATION_CONTEXT() REPRESENTATION_CONTEXT('2D SPACE',''
  ) );
#8678 = ORIENTED_EDGE('',*,*,#8679,.T.);
#8679 = EDGE_CURVE('',#8657,#8554,#8680,.T.);
#8680 = SURFACE_CURVE('',#8681,(#8685,#8692),.PCURVE_S1.);
#8681 = LINE('',#8682,#8683);
#8682 = CARTESIAN_POINT('',(3.,177.4,11.408326112069));
#8683 = VECTOR('',#8684,1.);
#8684 = DIRECTION('',(0.,-0.707106781187,-0.707106781187));
#8685 = PCURVE('',#1703,#8686);
#8686 = DEFINITIONAL_REPRESENTATION('',(#8687),#8691);
#8687 = LINE('',#8688,#8689);
#8688 = CARTESIAN_POINT('',(0.,-4.));
#8689 = VECTOR('',#8690,1.);
#8690 = DIRECTION('',(1.,0.));
#8691 = ( GEOMETRIC_REPRESENTATION_CONTEXT(2) 
PARAMETRIC_REPRESENTATION_CONTEXT() REPRESENTATION_CONTEXT('2D SPACE',''
  ) );
#8692 = PCURVE('',#4621,#8693);
#8693 = DEFINITIONAL_REPRESENTATION('',(#8694),#8698);
#8694 = LINE('',#8695,#8696);
#8695 = CARTESIAN_POINT('',(4.388106065932,2.84217094304E-14));
#8696 = VECTOR('',#8697,1.);
#8697 = DIRECTION('',(-0.707106781187,0.707106781187));
#8698 = ( GEOMETRIC_REPRESENTATION_CONTEXT(2) 
PARAMETRIC_REPRESENTATION_CONTEXT() REPRESENTATION_CONTEXT('2D SPACE',''
  ) );
#8699 = ORIENTED_EDGE('',*,*,#8553,.F.);
#8700 = ADVANCED_FACE('',(#8701),#1825,.F.);
#8701 = FACE_BOUND('',#8702,.T.);
#8702 = EDGE_LOOP('',(#8703,#8704,#8705,#8733));
#8703 = ORIENTED_EDGE('',*,*,#1804,.T.);
#8704 = ORIENTED_EDGE('',*,*,#8631,.T.);
#8705 = ORIENTED_EDGE('',*,*,#8706,.F.);
#8706 = EDGE_CURVE('',#8707,#8609,#8709,.T.);
#8707 = VERTEX_POINT('',#8708);
#8708 = CARTESIAN_POINT('',(3.,35.878719262151,5.7));
#8709 = SURFACE_CURVE('',#8710,(#8715,#8722),.PCURVE_S1.);
#8710 = CIRCLE('',#8711,3.4);
#8711 = AXIS2_PLACEMENT_3D('',#8712,#8713,#8714);
#8712 = CARTESIAN_POINT('',(3.,32.6,6.6));
#8713 = DIRECTION('',(-1.,0.,0.));
#8714 = DIRECTION('',(0.,0.707106781187,0.707106781187));
#8715 = PCURVE('',#1825,#8716);
#8716 = DEFINITIONAL_REPRESENTATION('',(#8717),#8721);
#8717 = LINE('',#8718,#8719);
#8718 = CARTESIAN_POINT('',(-8.639379797372,-4.));
#8719 = VECTOR('',#8720,1.);
#8720 = DIRECTION('',(1.,-0.));
#8721 = ( GEOMETRIC_REPRESENTATION_CONTEXT(2) 
PARAMETRIC_REPRESENTATION_CONTEXT() REPRESENTATION_CONTEXT('2D SPACE',''
  ) );
#8722 = PCURVE('',#2666,#8723);
#8723 = DEFINITIONAL_REPRESENTATION('',(#8724),#8732);
#8724 = ( BOUNDED_CURVE() B_SPLINE_CURVE(2,(#8725,#8726,#8727,#8728,
#8729,#8730,#8731),.UNSPECIFIED.,.T.,.F.) B_SPLINE_CURVE_WITH_KNOTS((1,2
    ,2,2,2,1),(-2.094395102393,0.,2.094395102393,4.188790204786,
6.28318530718,8.377580409573),.UNSPECIFIED.) CURVE() 
GEOMETRIC_REPRESENTATION_ITEM() RATIONAL_B_SPLINE_CURVE((1.,0.5,1.,0.5,
1.,0.5,1.)) REPRESENTATION_ITEM('') );
#8725 = CARTESIAN_POINT('',(1.983943009898,-2.404163056034));
#8726 = CARTESIAN_POINT('',(-2.180189552834,-6.568295618766));
#8727 = CARTESIAN_POINT('',(-3.704367855519,-0.879984753349));
#8728 = CARTESIAN_POINT('',(-5.228546158205,4.808326112069));
#8729 = CARTESIAN_POINT('',(0.459764707212,3.284147809383));
#8730 = CARTESIAN_POINT('',(6.148075572629,1.759969506697));
#8731 = CARTESIAN_POINT('',(1.983943009898,-2.404163056034));
#8732 = ( GEOMETRIC_REPRESENTATION_CONTEXT(2) 
PARAMETRIC_REPRESENTATION_CONTEXT() REPRESENTATION_CONTEXT('2D SPACE',''
  ) );
#8733 = ORIENTED_EDGE('',*,*,#8734,.T.);
#8734 = EDGE_CURVE('',#8707,#1777,#8735,.T.);
#8735 = SURFACE_CURVE('',#8736,(#8740,#8747),.PCURVE_S1.);
#8736 = LINE('',#8737,#8738);
#8737 = CARTESIAN_POINT('',(-1.,35.878719262151,5.7));
#8738 = VECTOR('',#8739,1.);
#8739 = DIRECTION('',(-1.,-0.,0.));
#8740 = PCURVE('',#1825,#8741);
#8741 = DEFINITIONAL_REPRESENTATION('',(#8742),#8746);
#8742 = LINE('',#8743,#8744);
#8743 = CARTESIAN_POINT('',(-7.586082721568,0.));
#8744 = VECTOR('',#8745,1.);
#8745 = DIRECTION('',(-0.,1.));
#8746 = ( GEOMETRIC_REPRESENTATION_CONTEXT(2) 
PARAMETRIC_REPRESENTATION_CONTEXT() REPRESENTATION_CONTEXT('2D SPACE',''
  ) );
#8747 = PCURVE('',#1792,#8748);
#8748 = DEFINITIONAL_REPRESENTATION('',(#8749),#8753);
#8749 = LINE('',#8750,#8751);
#8750 = CARTESIAN_POINT('',(0.,7.8719262151E-02));
#8751 = VECTOR('',#8752,1.);
#8752 = DIRECTION('',(-1.,0.));
#8753 = ( GEOMETRIC_REPRESENTATION_CONTEXT(2) 
PARAMETRIC_REPRESENTATION_CONTEXT() REPRESENTATION_CONTEXT('2D SPACE',''
  ) );
#8754 = ADVANCED_FACE('',(#8755),#1731,.T.);
#8755 = FACE_BOUND('',#8756,.T.);
#8756 = EDGE_LOOP('',(#8757,#8758,#8781,#8802));
#8757 = ORIENTED_EDGE('',*,*,#1715,.T.);
#8758 = ORIENTED_EDGE('',*,*,#8759,.T.);
#8759 = EDGE_CURVE('',#1716,#8760,#8762,.T.);
#8760 = VERTEX_POINT('',#8761);
#8761 = CARTESIAN_POINT('',(3.,179.80416305603,9.004163056034));
#8762 = SURFACE_CURVE('',#8763,(#8767,#8774),.PCURVE_S1.);
#8763 = LINE('',#8764,#8765);
#8764 = CARTESIAN_POINT('',(-1.,179.80416305603,9.004163056034));
#8765 = VECTOR('',#8766,1.);
#8766 = DIRECTION('',(1.,0.,0.));
#8767 = PCURVE('',#1731,#8768);
#8768 = DEFINITIONAL_REPRESENTATION('',(#8769),#8773);
#8769 = LINE('',#8770,#8771);
#8770 = CARTESIAN_POINT('',(0.,0.));
#8771 = VECTOR('',#8772,1.);
#8772 = DIRECTION('',(0.,-1.));
#8773 = ( GEOMETRIC_REPRESENTATION_CONTEXT(2) 
PARAMETRIC_REPRESENTATION_CONTEXT() REPRESENTATION_CONTEXT('2D SPACE',''
  ) );
#8774 = PCURVE('',#1764,#8775);
#8775 = DEFINITIONAL_REPRESENTATION('',(#8776),#8780);
#8776 = LINE('',#8777,#8778);
#8777 = CARTESIAN_POINT('',(-2.356194490192,0.));
#8778 = VECTOR('',#8779,1.);
#8779 = DIRECTION('',(-0.,-1.));
#8780 = ( GEOMETRIC_REPRESENTATION_CONTEXT(2) 
PARAMETRIC_REPRESENTATION_CONTEXT() REPRESENTATION_CONTEXT('2D SPACE',''
  ) );
#8781 = ORIENTED_EDGE('',*,*,#8782,.T.);
#8782 = EDGE_CURVE('',#8760,#8657,#8783,.T.);
#8783 = SURFACE_CURVE('',#8784,(#8788,#8795),.PCURVE_S1.);
#8784 = LINE('',#8785,#8786);
#8785 = CARTESIAN_POINT('',(3.,179.80416305603,9.004163056034));
#8786 = VECTOR('',#8787,1.);
#8787 = DIRECTION('',(0.,-0.707106781187,0.707106781187));
#8788 = PCURVE('',#1731,#8789);
#8789 = DEFINITIONAL_REPRESENTATION('',(#8790),#8794);
#8790 = LINE('',#8791,#8792);
#8791 = CARTESIAN_POINT('',(0.,-4.));
#8792 = VECTOR('',#8793,1.);
#8793 = DIRECTION('',(1.,0.));
#8794 = ( GEOMETRIC_REPRESENTATION_CONTEXT(2) 
PARAMETRIC_REPRESENTATION_CONTEXT() REPRESENTATION_CONTEXT('2D SPACE',''
  ) );
#8795 = PCURVE('',#4621,#8796);
#8796 = DEFINITIONAL_REPRESENTATION('',(#8797),#8801);
#8797 = LINE('',#8798,#8799);
#8798 = CARTESIAN_POINT('',(1.983943009898,-2.404163056034));
#8799 = VECTOR('',#8800,1.);
#8800 = DIRECTION('',(0.707106781187,0.707106781187));
#8801 = ( GEOMETRIC_REPRESENTATION_CONTEXT(2) 
PARAMETRIC_REPRESENTATION_CONTEXT() REPRESENTATION_CONTEXT('2D SPACE',''
  ) );
#8802 = ORIENTED_EDGE('',*,*,#8656,.F.);
#8803 = ADVANCED_FACE('',(#8804),#1792,.T.);
#8804 = FACE_BOUND('',#8805,.T.);
#8805 = EDGE_LOOP('',(#8806,#8807,#8830,#8851,#8852,#8853,#8874,#8875,
    #8876,#8877,#8899));
#8806 = ORIENTED_EDGE('',*,*,#4582,.F.);
#8807 = ORIENTED_EDGE('',*,*,#8808,.F.);
#8808 = EDGE_CURVE('',#8809,#4583,#8811,.T.);
#8809 = VERTEX_POINT('',#8810);
#8810 = CARTESIAN_POINT('',(3.,174.12128073784,5.7));
#8811 = SURFACE_CURVE('',#8812,(#8816,#8823),.PCURVE_S1.);
#8812 = LINE('',#8813,#8814);
#8813 = CARTESIAN_POINT('',(3.,106.6,5.7));
#8814 = VECTOR('',#8815,1.);
#8815 = DIRECTION('',(0.,1.,0.));
#8816 = PCURVE('',#1792,#8817);
#8817 = DEFINITIONAL_REPRESENTATION('',(#8818),#8822);
#8818 = LINE('',#8819,#8820);
#8819 = CARTESIAN_POINT('',(4.,70.8));
#8820 = VECTOR('',#8821,1.);
#8821 = DIRECTION('',(0.,1.));
#8822 = ( GEOMETRIC_REPRESENTATION_CONTEXT(2) 
PARAMETRIC_REPRESENTATION_CONTEXT() REPRESENTATION_CONTEXT('2D SPACE',''
  ) );
#8823 = PCURVE('',#4621,#8824);
#8824 = DEFINITIONAL_REPRESENTATION('',(#8825),#8829);
#8825 = LINE('',#8826,#8827);
#8826 = CARTESIAN_POINT('',(-1.320220046137,70.8));
#8827 = VECTOR('',#8828,1.);
#8828 = DIRECTION('',(0.,-1.));
#8829 = ( GEOMETRIC_REPRESENTATION_CONTEXT(2) 
PARAMETRIC_REPRESENTATION_CONTEXT() REPRESENTATION_CONTEXT('2D SPACE',''
  ) );
#8830 = ORIENTED_EDGE('',*,*,#8831,.T.);
#8831 = EDGE_CURVE('',#8809,#1744,#8832,.T.);
#8832 = SURFACE_CURVE('',#8833,(#8837,#8844),.PCURVE_S1.);
#8833 = LINE('',#8834,#8835);
#8834 = CARTESIAN_POINT('',(-1.,174.12128073784,5.7));
#8835 = VECTOR('',#8836,1.);
#8836 = DIRECTION('',(-1.,-0.,-0.));
#8837 = PCURVE('',#1792,#8838);
#8838 = DEFINITIONAL_REPRESENTATION('',(#8839),#8843);
#8839 = LINE('',#8840,#8841);
#8840 = CARTESIAN_POINT('',(0.,138.32128073784));
#8841 = VECTOR('',#8842,1.);
#8842 = DIRECTION('',(-1.,0.));
#8843 = ( GEOMETRIC_REPRESENTATION_CONTEXT(2) 
PARAMETRIC_REPRESENTATION_CONTEXT() REPRESENTATION_CONTEXT('2D SPACE',''
  ) );
#8844 = PCURVE('',#1764,#8845);
#8845 = DEFINITIONAL_REPRESENTATION('',(#8846),#8850);
#8846 = LINE('',#8847,#8848);
#8847 = CARTESIAN_POINT('',(1.302897414389,-0.));
#8848 = VECTOR('',#8849,1.);
#8849 = DIRECTION('',(-0.,1.));
#8850 = ( GEOMETRIC_REPRESENTATION_CONTEXT(2) 
PARAMETRIC_REPRESENTATION_CONTEXT() REPRESENTATION_CONTEXT('2D SPACE',''
  ) );
#8851 = ORIENTED_EDGE('',*,*,#1776,.T.);
#8852 = ORIENTED_EDGE('',*,*,#8734,.F.);
#8853 = ORIENTED_EDGE('',*,*,#8854,.F.);
#8854 = EDGE_CURVE('',#2626,#8707,#8855,.T.);
#8855 = SURFACE_CURVE('',#8856,(#8860,#8867),.PCURVE_S1.);
#8856 = LINE('',#8857,#8858);
#8857 = CARTESIAN_POINT('',(3.,34.2,5.7));
#8858 = VECTOR('',#8859,1.);
#8859 = DIRECTION('',(0.,1.,0.));
#8860 = PCURVE('',#1792,#8861);
#8861 = DEFINITIONAL_REPRESENTATION('',(#8862),#8866);
#8862 = LINE('',#8863,#8864);
#8863 = CARTESIAN_POINT('',(4.,-1.6));
#8864 = VECTOR('',#8865,1.);
#8865 = DIRECTION('',(0.,1.));
#8866 = ( GEOMETRIC_REPRESENTATION_CONTEXT(2) 
PARAMETRIC_REPRESENTATION_CONTEXT() REPRESENTATION_CONTEXT('2D SPACE',''
  ) );
#8867 = PCURVE('',#2666,#8868);
#8868 = DEFINITIONAL_REPRESENTATION('',(#8869),#8873);
#8869 = LINE('',#8870,#8871);
#8870 = CARTESIAN_POINT('',(-1.320220046137,-1.6));
#8871 = VECTOR('',#8872,1.);
#8872 = DIRECTION('',(0.,-1.));
#8873 = ( GEOMETRIC_REPRESENTATION_CONTEXT(2) 
PARAMETRIC_REPRESENTATION_CONTEXT() REPRESENTATION_CONTEXT('2D SPACE',''
  ) );
#8874 = ORIENTED_EDGE('',*,*,#2625,.T.);
#8875 = ORIENTED_EDGE('',*,*,#2749,.F.);
#8876 = ORIENTED_EDGE('',*,*,#2774,.T.);
#8877 = ORIENTED_EDGE('',*,*,#8878,.F.);
#8878 = EDGE_CURVE('',#4207,#2775,#8879,.T.);
#8879 = SURFACE_CURVE('',#8880,(#8885,#8892),.PCURVE_S1.);
#8880 = CIRCLE('',#8881,2.);
#8881 = AXIS2_PLACEMENT_3D('',#8882,#8883,#8884);
#8882 = CARTESIAN_POINT('',(8.,36.,5.7));
#8883 = DIRECTION('',(0.,0.,1.));
#8884 = DIRECTION('',(1.,0.,0.));
#8885 = PCURVE('',#1792,#8886);
#8886 = DEFINITIONAL_REPRESENTATION('',(#8887),#8891);
#8887 = CIRCLE('',#8888,2.);
#8888 = AXIS2_PLACEMENT_2D('',#8889,#8890);
#8889 = CARTESIAN_POINT('',(9.,0.2));
#8890 = DIRECTION('',(1.,0.));
#8891 = ( GEOMETRIC_REPRESENTATION_CONTEXT(2) 
PARAMETRIC_REPRESENTATION_CONTEXT() REPRESENTATION_CONTEXT('2D SPACE',''
  ) );
#8892 = PCURVE('',#2864,#8893);
#8893 = DEFINITIONAL_REPRESENTATION('',(#8894),#8898);
#8894 = LINE('',#8895,#8896);
#8895 = CARTESIAN_POINT('',(-0.,-3.1));
#8896 = VECTOR('',#8897,1.);
#8897 = DIRECTION('',(-1.,0.));
#8898 = ( GEOMETRIC_REPRESENTATION_CONTEXT(2) 
PARAMETRIC_REPRESENTATION_CONTEXT() REPRESENTATION_CONTEXT('2D SPACE',''
  ) );
#8899 = ORIENTED_EDGE('',*,*,#4206,.F.);
#8900 = ADVANCED_FACE('',(#8901),#1764,.F.);
#8901 = FACE_BOUND('',#8902,.T.);
#8902 = EDGE_LOOP('',(#8903,#8904,#8905,#8906));
#8903 = ORIENTED_EDGE('',*,*,#8759,.F.);
#8904 = ORIENTED_EDGE('',*,*,#1743,.T.);
#8905 = ORIENTED_EDGE('',*,*,#8831,.F.);
#8906 = ORIENTED_EDGE('',*,*,#8907,.F.);
#8907 = EDGE_CURVE('',#8760,#8809,#8908,.T.);
#8908 = SURFACE_CURVE('',#8909,(#8914,#8921),.PCURVE_S1.);
#8909 = CIRCLE('',#8910,3.4);
#8910 = AXIS2_PLACEMENT_3D('',#8911,#8912,#8913);
#8911 = CARTESIAN_POINT('',(3.,177.4,6.6));
#8912 = DIRECTION('',(-1.,0.,0.));
#8913 = DIRECTION('',(0.,0.707106781187,0.707106781187));
#8914 = PCURVE('',#1764,#8915);
#8915 = DEFINITIONAL_REPRESENTATION('',(#8916),#8920);
#8916 = LINE('',#8917,#8918);
#8917 = CARTESIAN_POINT('',(-2.356194490192,-4.));
#8918 = VECTOR('',#8919,1.);
#8919 = DIRECTION('',(1.,-0.));
#8920 = ( GEOMETRIC_REPRESENTATION_CONTEXT(2) 
PARAMETRIC_REPRESENTATION_CONTEXT() REPRESENTATION_CONTEXT('2D SPACE',''
  ) );
#8921 = PCURVE('',#4621,#8922);
#8922 = DEFINITIONAL_REPRESENTATION('',(#8923),#8931);
#8923 = ( BOUNDED_CURVE() B_SPLINE_CURVE(2,(#8924,#8925,#8926,#8927,
#8928,#8929,#8930),.UNSPECIFIED.,.T.,.F.) B_SPLINE_CURVE_WITH_KNOTS((1,2
    ,2,2,2,1),(-2.094395102393,0.,2.094395102393,4.188790204786,
6.28318530718,8.377580409573),.UNSPECIFIED.) CURVE() 
GEOMETRIC_REPRESENTATION_ITEM() RATIONAL_B_SPLINE_CURVE((1.,0.5,1.,0.5,
1.,0.5,1.)) REPRESENTATION_ITEM('') );
#8924 = CARTESIAN_POINT('',(1.983943009898,-2.404163056034));
#8925 = CARTESIAN_POINT('',(-2.180189552834,-6.568295618766));
#8926 = CARTESIAN_POINT('',(-3.704367855519,-0.879984753349));
#8927 = CARTESIAN_POINT('',(-5.228546158205,4.808326112068));
#8928 = CARTESIAN_POINT('',(0.459764707212,3.284147809383));
#8929 = CARTESIAN_POINT('',(6.148075572629,1.759969506697));
#8930 = CARTESIAN_POINT('',(1.983943009898,-2.404163056034));
#8931 = ( GEOMETRIC_REPRESENTATION_CONTEXT(2) 
PARAMETRIC_REPRESENTATION_CONTEXT() REPRESENTATION_CONTEXT('2D SPACE',''
  ) );
#8932 = ADVANCED_FACE('',(#8933),#1973,.F.);
#8933 = FACE_BOUND('',#8934,.T.);
#8934 = EDGE_LOOP('',(#8935,#8958,#8959,#8982));
#8935 = ORIENTED_EDGE('',*,*,#8936,.F.);
#8936 = EDGE_CURVE('',#1951,#8937,#8939,.T.);
#8937 = VERTEX_POINT('',#8938);
#8938 = CARTESIAN_POINT('',(2.4,194.98492424049,10.784924240492));
#8939 = SURFACE_CURVE('',#8940,(#8944,#8951),.PCURVE_S1.);
#8940 = LINE('',#8941,#8942);
#8941 = CARTESIAN_POINT('',(-1.,194.98492424049,10.784924240492));
#8942 = VECTOR('',#8943,1.);
#8943 = DIRECTION('',(1.,0.,0.));
#8944 = PCURVE('',#1973,#8945);
#8945 = DEFINITIONAL_REPRESENTATION('',(#8946),#8950);
#8946 = LINE('',#8947,#8948);
#8947 = CARTESIAN_POINT('',(-2.356194490192,0.));
#8948 = VECTOR('',#8949,1.);
#8949 = DIRECTION('',(-0.,-1.));
#8950 = ( GEOMETRIC_REPRESENTATION_CONTEXT(2) 
PARAMETRIC_REPRESENTATION_CONTEXT() REPRESENTATION_CONTEXT('2D SPACE',''
  ) );
#8951 = PCURVE('',#2088,#8952);
#8952 = DEFINITIONAL_REPRESENTATION('',(#8953),#8957);
#8953 = LINE('',#8954,#8955);
#8954 = CARTESIAN_POINT('',(0.,0.));
#8955 = VECTOR('',#8956,1.);
#8956 = DIRECTION('',(0.,-1.));
#8957 = ( GEOMETRIC_REPRESENTATION_CONTEXT(2) 
PARAMETRIC_REPRESENTATION_CONTEXT() REPRESENTATION_CONTEXT('2D SPACE',''
  ) );
#8958 = ORIENTED_EDGE('',*,*,#1950,.T.);
#8959 = ORIENTED_EDGE('',*,*,#8960,.T.);
#8960 = EDGE_CURVE('',#1953,#8961,#8963,.T.);
#8961 = VERTEX_POINT('',#8962);
#8962 = CARTESIAN_POINT('',(2.4,193.5,7.2));
#8963 = SURFACE_CURVE('',#8964,(#8968,#8975),.PCURVE_S1.);
#8964 = LINE('',#8965,#8966);
#8965 = CARTESIAN_POINT('',(-1.,193.5,7.2));
#8966 = VECTOR('',#8967,1.);
#8967 = DIRECTION('',(1.,0.,0.));
#8968 = PCURVE('',#1973,#8969);
#8969 = DEFINITIONAL_REPRESENTATION('',(#8970),#8974);
#8970 = LINE('',#8971,#8972);
#8971 = CARTESIAN_POINT('',(-0.,0.));
#8972 = VECTOR('',#8973,1.);
#8973 = DIRECTION('',(-0.,-1.));
#8974 = ( GEOMETRIC_REPRESENTATION_CONTEXT(2) 
PARAMETRIC_REPRESENTATION_CONTEXT() REPRESENTATION_CONTEXT('2D SPACE',''
  ) );
#8975 = PCURVE('',#2001,#8976);
#8976 = DEFINITIONAL_REPRESENTATION('',(#8977),#8981);
#8977 = LINE('',#8978,#8979);
#8978 = CARTESIAN_POINT('',(2.,0.));
#8979 = VECTOR('',#8980,1.);
#8980 = DIRECTION('',(0.,-1.));
#8981 = ( GEOMETRIC_REPRESENTATION_CONTEXT(2) 
PARAMETRIC_REPRESENTATION_CONTEXT() REPRESENTATION_CONTEXT('2D SPACE',''
  ) );
#8982 = ORIENTED_EDGE('',*,*,#8983,.F.);
#8983 = EDGE_CURVE('',#8937,#8961,#8984,.T.);
#8984 = SURFACE_CURVE('',#8985,(#8990,#8997),.PCURVE_S1.);
#8985 = CIRCLE('',#8986,2.1);
#8986 = AXIS2_PLACEMENT_3D('',#8987,#8988,#8989);
#8987 = CARTESIAN_POINT('',(2.4,193.5,9.3));
#8988 = DIRECTION('',(-1.,-0.,0.));
#8989 = DIRECTION('',(0.,-0.,-1.));
#8990 = PCURVE('',#1973,#8991);
#8991 = DEFINITIONAL_REPRESENTATION('',(#8992),#8996);
#8992 = LINE('',#8993,#8994);
#8993 = CARTESIAN_POINT('',(-6.28318530718,-3.4));
#8994 = VECTOR('',#8995,1.);
#8995 = DIRECTION('',(1.,-0.));
#8996 = ( GEOMETRIC_REPRESENTATION_CONTEXT(2) 
PARAMETRIC_REPRESENTATION_CONTEXT() REPRESENTATION_CONTEXT('2D SPACE',''
  ) );
#8997 = PCURVE('',#8998,#9003);
#8998 = PLANE('',#8999);
#8999 = AXIS2_PLACEMENT_3D('',#9000,#9001,#9002);
#9000 = CARTESIAN_POINT('',(2.4,192.5,10.007533727551));
#9001 = DIRECTION('',(1.,0.,0.));
#9002 = DIRECTION('',(-0.,0.,1.));
#9003 = DEFINITIONAL_REPRESENTATION('',(#9004),#9012);
#9004 = ( BOUNDED_CURVE() B_SPLINE_CURVE(2,(#9005,#9006,#9007,#9008,
#9009,#9010,#9011),.UNSPECIFIED.,.T.,.F.) B_SPLINE_CURVE_WITH_KNOTS((1,2
    ,2,2,2,1),(-2.094395102393,0.,2.094395102393,4.188790204786,
6.28318530718,8.377580409573),.UNSPECIFIED.) CURVE() 
GEOMETRIC_REPRESENTATION_ITEM() RATIONAL_B_SPLINE_CURVE((1.,0.5,1.,0.5,
1.,0.5,1.)) REPRESENTATION_ITEM('') );
#9005 = CARTESIAN_POINT('',(-2.807533727551,-1.));
#9006 = CARTESIAN_POINT('',(-2.807533727551,2.637306695895));
#9007 = CARTESIAN_POINT('',(0.342466272449,0.818653347947));
#9008 = CARTESIAN_POINT('',(3.492466272449,-1.));
#9009 = CARTESIAN_POINT('',(0.342466272449,-2.818653347947));
#9010 = CARTESIAN_POINT('',(-2.807533727551,-4.637306695895));
#9011 = CARTESIAN_POINT('',(-2.807533727551,-1.));
#9012 = ( GEOMETRIC_REPRESENTATION_CONTEXT(2) 
PARAMETRIC_REPRESENTATION_CONTEXT() REPRESENTATION_CONTEXT('2D SPACE',''
  ) );
#9013 = ADVANCED_FACE('',(#9014),#2088,.T.);
#9014 = FACE_BOUND('',#9015,.T.);
#9015 = EDGE_LOOP('',(#9016,#9039,#9040,#9041));
#9016 = ORIENTED_EDGE('',*,*,#9017,.F.);
#9017 = EDGE_CURVE('',#2047,#9018,#9020,.T.);
#9018 = VERTEX_POINT('',#9019);
#9019 = CARTESIAN_POINT('',(2.4,192.5,13.269848480984));
#9020 = SURFACE_CURVE('',#9021,(#9025,#9032),.PCURVE_S1.);
#9021 = LINE('',#9022,#9023);
#9022 = CARTESIAN_POINT('',(-1.,192.5,13.269848480984));
#9023 = VECTOR('',#9024,1.);
#9024 = DIRECTION('',(1.,0.,0.));
#9025 = PCURVE('',#2088,#9026);
#9026 = DEFINITIONAL_REPRESENTATION('',(#9027),#9031);
#9027 = LINE('',#9028,#9029);
#9028 = CARTESIAN_POINT('',(3.514213562373,0.));
#9029 = VECTOR('',#9030,1.);
#9030 = DIRECTION('',(0.,-1.));
#9031 = ( GEOMETRIC_REPRESENTATION_CONTEXT(2) 
PARAMETRIC_REPRESENTATION_CONTEXT() REPRESENTATION_CONTEXT('2D SPACE',''
  ) );
#9032 = PCURVE('',#2062,#9033);
#9033 = DEFINITIONAL_REPRESENTATION('',(#9034),#9038);
#9034 = LINE('',#9035,#9036);
#9035 = CARTESIAN_POINT('',(0.,0.));
#9036 = VECTOR('',#9037,1.);
#9037 = DIRECTION('',(0.,-1.));
#9038 = ( GEOMETRIC_REPRESENTATION_CONTEXT(2) 
PARAMETRIC_REPRESENTATION_CONTEXT() REPRESENTATION_CONTEXT('2D SPACE',''
  ) );
#9039 = ORIENTED_EDGE('',*,*,#2074,.T.);
#9040 = ORIENTED_EDGE('',*,*,#8936,.T.);
#9041 = ORIENTED_EDGE('',*,*,#9042,.T.);
#9042 = EDGE_CURVE('',#8937,#9018,#9043,.T.);
#9043 = SURFACE_CURVE('',#9044,(#9048,#9055),.PCURVE_S1.);
#9044 = LINE('',#9045,#9046);
#9045 = CARTESIAN_POINT('',(2.4,194.5580408086,11.211807672379));
#9046 = VECTOR('',#9047,1.);
#9047 = DIRECTION('',(0.,-0.707106781187,0.707106781187));
#9048 = PCURVE('',#2088,#9049);
#9049 = DEFINITIONAL_REPRESENTATION('',(#9050),#9054);
#9050 = LINE('',#9051,#9052);
#9051 = CARTESIAN_POINT('',(0.603704338928,-3.4));
#9052 = VECTOR('',#9053,1.);
#9053 = DIRECTION('',(1.,0.));
#9054 = ( GEOMETRIC_REPRESENTATION_CONTEXT(2) 
PARAMETRIC_REPRESENTATION_CONTEXT() REPRESENTATION_CONTEXT('2D SPACE',''
  ) );
#9055 = PCURVE('',#8998,#9056);
#9056 = DEFINITIONAL_REPRESENTATION('',(#9057),#9061);
#9057 = LINE('',#9058,#9059);
#9058 = CARTESIAN_POINT('',(1.204273944829,-2.058040808604));
#9059 = VECTOR('',#9060,1.);
#9060 = DIRECTION('',(0.707106781187,0.707106781187));
#9061 = ( GEOMETRIC_REPRESENTATION_CONTEXT(2) 
PARAMETRIC_REPRESENTATION_CONTEXT() REPRESENTATION_CONTEXT('2D SPACE',''
  ) );
#9062 = ADVANCED_FACE('',(#9063),#2001,.T.);
#9063 = FACE_BOUND('',#9064,.T.);
#9064 = EDGE_LOOP('',(#9065,#9066,#9067,#9090));
#9065 = ORIENTED_EDGE('',*,*,#8960,.F.);
#9066 = ORIENTED_EDGE('',*,*,#1985,.T.);
#9067 = ORIENTED_EDGE('',*,*,#9068,.T.);
#9068 = EDGE_CURVE('',#1986,#9069,#9071,.T.);
#9069 = VERTEX_POINT('',#9070);
#9070 = CARTESIAN_POINT('',(2.4,191.5,7.2));
#9071 = SURFACE_CURVE('',#9072,(#9076,#9083),.PCURVE_S1.);
#9072 = LINE('',#9073,#9074);
#9073 = CARTESIAN_POINT('',(-1.,191.5,7.2));
#9074 = VECTOR('',#9075,1.);
#9075 = DIRECTION('',(1.,0.,0.));
#9076 = PCURVE('',#2001,#9077);
#9077 = DEFINITIONAL_REPRESENTATION('',(#9078),#9082);
#9078 = LINE('',#9079,#9080);
#9079 = CARTESIAN_POINT('',(0.,0.));
#9080 = VECTOR('',#9081,1.);
#9081 = DIRECTION('',(0.,-1.));
#9082 = ( GEOMETRIC_REPRESENTATION_CONTEXT(2) 
PARAMETRIC_REPRESENTATION_CONTEXT() REPRESENTATION_CONTEXT('2D SPACE',''
  ) );
#9083 = PCURVE('',#2034,#9084);
#9084 = DEFINITIONAL_REPRESENTATION('',(#9085),#9089);
#9085 = LINE('',#9086,#9087);
#9086 = CARTESIAN_POINT('',(-2.356194490192,0.));
#9087 = VECTOR('',#9088,1.);
#9088 = DIRECTION('',(-0.,-1.));
#9089 = ( GEOMETRIC_REPRESENTATION_CONTEXT(2) 
PARAMETRIC_REPRESENTATION_CONTEXT() REPRESENTATION_CONTEXT('2D SPACE',''
  ) );
#9090 = ORIENTED_EDGE('',*,*,#9091,.T.);
#9091 = EDGE_CURVE('',#9069,#8961,#9092,.T.);
#9092 = SURFACE_CURVE('',#9093,(#9097,#9104),.PCURVE_S1.);
#9093 = LINE('',#9094,#9095);
#9094 = CARTESIAN_POINT('',(2.4,192.,7.2));
#9095 = VECTOR('',#9096,1.);
#9096 = DIRECTION('',(0.,1.,0.));
#9097 = PCURVE('',#2001,#9098);
#9098 = DEFINITIONAL_REPRESENTATION('',(#9099),#9103);
#9099 = LINE('',#9100,#9101);
#9100 = CARTESIAN_POINT('',(0.5,-3.4));
#9101 = VECTOR('',#9102,1.);
#9102 = DIRECTION('',(1.,0.));
#9103 = ( GEOMETRIC_REPRESENTATION_CONTEXT(2) 
PARAMETRIC_REPRESENTATION_CONTEXT() REPRESENTATION_CONTEXT('2D SPACE',''
  ) );
#9104 = PCURVE('',#8998,#9105);
#9105 = DEFINITIONAL_REPRESENTATION('',(#9106),#9110);
#9106 = LINE('',#9107,#9108);
#9107 = CARTESIAN_POINT('',(-2.807533727551,0.5));
#9108 = VECTOR('',#9109,1.);
#9109 = DIRECTION('',(0.,-1.));
#9110 = ( GEOMETRIC_REPRESENTATION_CONTEXT(2) 
PARAMETRIC_REPRESENTATION_CONTEXT() REPRESENTATION_CONTEXT('2D SPACE',''
  ) );
#9111 = ADVANCED_FACE('',(#9112),#2062,.T.);
#9112 = FACE_BOUND('',#9113,.T.);
#9113 = EDGE_LOOP('',(#9114,#9137,#9138,#9139));
#9114 = ORIENTED_EDGE('',*,*,#9115,.F.);
#9115 = EDGE_CURVE('',#2014,#9116,#9118,.T.);
#9116 = VERTEX_POINT('',#9117);
#9117 = CARTESIAN_POINT('',(2.4,190.0150757595,10.784924240492));
#9118 = SURFACE_CURVE('',#9119,(#9123,#9130),.PCURVE_S1.);
#9119 = LINE('',#9120,#9121);
#9120 = CARTESIAN_POINT('',(-1.,190.0150757595,10.784924240492));
#9121 = VECTOR('',#9122,1.);
#9122 = DIRECTION('',(1.,0.,0.));
#9123 = PCURVE('',#2062,#9124);
#9124 = DEFINITIONAL_REPRESENTATION('',(#9125),#9129);
#9125 = LINE('',#9126,#9127);
#9126 = CARTESIAN_POINT('',(3.514213562373,0.));
#9127 = VECTOR('',#9128,1.);
#9128 = DIRECTION('',(0.,-1.));
#9129 = ( GEOMETRIC_REPRESENTATION_CONTEXT(2) 
PARAMETRIC_REPRESENTATION_CONTEXT() REPRESENTATION_CONTEXT('2D SPACE',''
  ) );
#9130 = PCURVE('',#2034,#9131);
#9131 = DEFINITIONAL_REPRESENTATION('',(#9132),#9136);
#9132 = LINE('',#9133,#9134);
#9133 = CARTESIAN_POINT('',(-0.,0.));
#9134 = VECTOR('',#9135,1.);
#9135 = DIRECTION('',(-0.,-1.));
#9136 = ( GEOMETRIC_REPRESENTATION_CONTEXT(2) 
PARAMETRIC_REPRESENTATION_CONTEXT() REPRESENTATION_CONTEXT('2D SPACE',''
  ) );
#9137 = ORIENTED_EDGE('',*,*,#2046,.T.);
#9138 = ORIENTED_EDGE('',*,*,#9017,.T.);
#9139 = ORIENTED_EDGE('',*,*,#9140,.T.);
#9140 = EDGE_CURVE('',#9018,#9116,#9141,.T.);
#9141 = SURFACE_CURVE('',#9142,(#9146,#9153),.PCURVE_S1.);
#9142 = LINE('',#9143,#9144);
#9143 = CARTESIAN_POINT('',(2.4,191.68442131164,12.454269792625));
#9144 = VECTOR('',#9145,1.);
#9145 = DIRECTION('',(0.,-0.707106781187,-0.707106781187));
#9146 = PCURVE('',#2062,#9147);
#9147 = DEFINITIONAL_REPRESENTATION('',(#9148),#9152);
#9148 = LINE('',#9149,#9150);
#9149 = CARTESIAN_POINT('',(1.153402442259,-3.4));
#9150 = VECTOR('',#9151,1.);
#9151 = DIRECTION('',(1.,0.));
#9152 = ( GEOMETRIC_REPRESENTATION_CONTEXT(2) 
PARAMETRIC_REPRESENTATION_CONTEXT() REPRESENTATION_CONTEXT('2D SPACE',''
  ) );
#9153 = PCURVE('',#8998,#9154);
#9154 = DEFINITIONAL_REPRESENTATION('',(#9155),#9159);
#9155 = LINE('',#9156,#9157);
#9156 = CARTESIAN_POINT('',(2.446736065074,0.815578688358));
#9157 = VECTOR('',#9158,1.);
#9158 = DIRECTION('',(-0.707106781187,0.707106781187));
#9159 = ( GEOMETRIC_REPRESENTATION_CONTEXT(2) 
PARAMETRIC_REPRESENTATION_CONTEXT() REPRESENTATION_CONTEXT('2D SPACE',''
  ) );
#9160 = ADVANCED_FACE('',(#9161),#2034,.F.);
#9161 = FACE_BOUND('',#9162,.T.);
#9162 = EDGE_LOOP('',(#9163,#9164,#9165,#9166));
#9163 = ORIENTED_EDGE('',*,*,#9068,.F.);
#9164 = ORIENTED_EDGE('',*,*,#2013,.T.);
#9165 = ORIENTED_EDGE('',*,*,#9115,.T.);
#9166 = ORIENTED_EDGE('',*,*,#9167,.F.);
#9167 = EDGE_CURVE('',#9069,#9116,#9168,.T.);
#9168 = SURFACE_CURVE('',#9169,(#9174,#9181),.PCURVE_S1.);
#9169 = CIRCLE('',#9170,2.1);
#9170 = AXIS2_PLACEMENT_3D('',#9171,#9172,#9173);
#9171 = CARTESIAN_POINT('',(2.4,191.5,9.3));
#9172 = DIRECTION('',(-1.,-0.,0.));
#9173 = DIRECTION('',(0.,-0.707106781187,0.707106781187));
#9174 = PCURVE('',#2034,#9175);
#9175 = DEFINITIONAL_REPRESENTATION('',(#9176),#9180);
#9176 = LINE('',#9177,#9178);
#9177 = CARTESIAN_POINT('',(-6.28318530718,-3.4));
#9178 = VECTOR('',#9179,1.);
#9179 = DIRECTION('',(1.,-0.));
#9180 = ( GEOMETRIC_REPRESENTATION_CONTEXT(2) 
PARAMETRIC_REPRESENTATION_CONTEXT() REPRESENTATION_CONTEXT('2D SPACE',''
  ) );
#9181 = PCURVE('',#8998,#9182);
#9182 = DEFINITIONAL_REPRESENTATION('',(#9183),#9191);
#9183 = ( BOUNDED_CURVE() B_SPLINE_CURVE(2,(#9184,#9185,#9186,#9187,
#9188,#9189,#9190),.UNSPECIFIED.,.T.,.F.) B_SPLINE_CURVE_WITH_KNOTS((1,2
    ,2,2,2,1),(-2.094395102393,0.,2.094395102393,4.188790204786,
6.28318530718,8.377580409573),.UNSPECIFIED.) CURVE() 
GEOMETRIC_REPRESENTATION_ITEM() RATIONAL_B_SPLINE_CURVE((1.,0.5,1.,0.5,
1.,0.5,1.)) REPRESENTATION_ITEM('') );
#9184 = CARTESIAN_POINT('',(0.777390512941,2.484924240492));
#9185 = CARTESIAN_POINT('',(3.349354742863,-8.703998943058E-02));
#9186 = CARTESIAN_POINT('',(-0.164013732836,-1.028444235207));
#9187 = CARTESIAN_POINT('',(-3.677382208534,-1.969848480984));
#9188 = CARTESIAN_POINT('',(-2.735977962758,1.543519994715));
#9189 = CARTESIAN_POINT('',(-1.794573716982,5.056888470414));
#9190 = CARTESIAN_POINT('',(0.777390512941,2.484924240492));
#9191 = ( GEOMETRIC_REPRESENTATION_CONTEXT(2) 
PARAMETRIC_REPRESENTATION_CONTEXT() REPRESENTATION_CONTEXT('2D SPACE',''
  ) );
#9192 = ADVANCED_FACE('',(#9193),#2125,.F.);
#9193 = FACE_BOUND('',#9194,.T.);
#9194 = EDGE_LOOP('',(#9195,#9218,#9219,#9242));
#9195 = ORIENTED_EDGE('',*,*,#9196,.F.);
#9196 = EDGE_CURVE('',#2103,#9197,#9199,.T.);
#9197 = VERTEX_POINT('',#9198);
#9198 = CARTESIAN_POINT('',(2.4,194.98492424049,35.784924240492));
#9199 = SURFACE_CURVE('',#9200,(#9204,#9211),.PCURVE_S1.);
#9200 = LINE('',#9201,#9202);
#9201 = CARTESIAN_POINT('',(-1.,194.98492424049,35.784924240492));
#9202 = VECTOR('',#9203,1.);
#9203 = DIRECTION('',(1.,0.,0.));
#9204 = PCURVE('',#2125,#9205);
#9205 = DEFINITIONAL_REPRESENTATION('',(#9206),#9210);
#9206 = LINE('',#9207,#9208);
#9207 = CARTESIAN_POINT('',(-2.356194490192,0.));
#9208 = VECTOR('',#9209,1.);
#9209 = DIRECTION('',(-0.,-1.));
#9210 = ( GEOMETRIC_REPRESENTATION_CONTEXT(2) 
PARAMETRIC_REPRESENTATION_CONTEXT() REPRESENTATION_CONTEXT('2D SPACE',''
  ) );
#9211 = PCURVE('',#2240,#9212);
#9212 = DEFINITIONAL_REPRESENTATION('',(#9213),#9217);
#9213 = LINE('',#9214,#9215);
#9214 = CARTESIAN_POINT('',(0.,0.));
#9215 = VECTOR('',#9216,1.);
#9216 = DIRECTION('',(0.,-1.));
#9217 = ( GEOMETRIC_REPRESENTATION_CONTEXT(2) 
PARAMETRIC_REPRESENTATION_CONTEXT() REPRESENTATION_CONTEXT('2D SPACE',''
  ) );
#9218 = ORIENTED_EDGE('',*,*,#2102,.T.);
#9219 = ORIENTED_EDGE('',*,*,#9220,.T.);
#9220 = EDGE_CURVE('',#2105,#9221,#9223,.T.);
#9221 = VERTEX_POINT('',#9222);
#9222 = CARTESIAN_POINT('',(2.4,193.5,32.2));
#9223 = SURFACE_CURVE('',#9224,(#9228,#9235),.PCURVE_S1.);
#9224 = LINE('',#9225,#9226);
#9225 = CARTESIAN_POINT('',(-1.,193.5,32.2));
#9226 = VECTOR('',#9227,1.);
#9227 = DIRECTION('',(1.,0.,0.));
#9228 = PCURVE('',#2125,#9229);
#9229 = DEFINITIONAL_REPRESENTATION('',(#9230),#9234);
#9230 = LINE('',#9231,#9232);
#9231 = CARTESIAN_POINT('',(-0.,0.));
#9232 = VECTOR('',#9233,1.);
#9233 = DIRECTION('',(-0.,-1.));
#9234 = ( GEOMETRIC_REPRESENTATION_CONTEXT(2) 
PARAMETRIC_REPRESENTATION_CONTEXT() REPRESENTATION_CONTEXT('2D SPACE',''
  ) );
#9235 = PCURVE('',#2153,#9236);
#9236 = DEFINITIONAL_REPRESENTATION('',(#9237),#9241);
#9237 = LINE('',#9238,#9239);
#9238 = CARTESIAN_POINT('',(2.,0.));
#9239 = VECTOR('',#9240,1.);
#9240 = DIRECTION('',(0.,-1.));
#9241 = ( GEOMETRIC_REPRESENTATION_CONTEXT(2) 
PARAMETRIC_REPRESENTATION_CONTEXT() REPRESENTATION_CONTEXT('2D SPACE',''
  ) );
#9242 = ORIENTED_EDGE('',*,*,#9243,.F.);
#9243 = EDGE_CURVE('',#9197,#9221,#9244,.T.);
#9244 = SURFACE_CURVE('',#9245,(#9250,#9257),.PCURVE_S1.);
#9245 = CIRCLE('',#9246,2.1);
#9246 = AXIS2_PLACEMENT_3D('',#9247,#9248,#9249);
#9247 = CARTESIAN_POINT('',(2.4,193.5,34.3));
#9248 = DIRECTION('',(-1.,-0.,0.));
#9249 = DIRECTION('',(0.,-0.,-1.));
#9250 = PCURVE('',#2125,#9251);
#9251 = DEFINITIONAL_REPRESENTATION('',(#9252),#9256);
#9252 = LINE('',#9253,#9254);
#9253 = CARTESIAN_POINT('',(-6.28318530718,-3.4));
#9254 = VECTOR('',#9255,1.);
#9255 = DIRECTION('',(1.,-0.));
#9256 = ( GEOMETRIC_REPRESENTATION_CONTEXT(2) 
PARAMETRIC_REPRESENTATION_CONTEXT() REPRESENTATION_CONTEXT('2D SPACE',''
  ) );
#9257 = PCURVE('',#9258,#9263);
#9258 = PLANE('',#9259);
#9259 = AXIS2_PLACEMENT_3D('',#9260,#9261,#9262);
#9260 = CARTESIAN_POINT('',(2.4,192.5,35.007533727551));
#9261 = DIRECTION('',(1.,0.,0.));
#9262 = DIRECTION('',(-0.,0.,1.));
#9263 = DEFINITIONAL_REPRESENTATION('',(#9264),#9272);
#9264 = ( BOUNDED_CURVE() B_SPLINE_CURVE(2,(#9265,#9266,#9267,#9268,
#9269,#9270,#9271),.UNSPECIFIED.,.T.,.F.) B_SPLINE_CURVE_WITH_KNOTS((1,2
    ,2,2,2,1),(-2.094395102393,0.,2.094395102393,4.188790204786,
6.28318530718,8.377580409573),.UNSPECIFIED.) CURVE() 
GEOMETRIC_REPRESENTATION_ITEM() RATIONAL_B_SPLINE_CURVE((1.,0.5,1.,0.5,
1.,0.5,1.)) REPRESENTATION_ITEM('') );
#9265 = CARTESIAN_POINT('',(-2.807533727551,-1.));
#9266 = CARTESIAN_POINT('',(-2.807533727551,2.637306695895));
#9267 = CARTESIAN_POINT('',(0.342466272449,0.818653347947));
#9268 = CARTESIAN_POINT('',(3.492466272449,-1.));
#9269 = CARTESIAN_POINT('',(0.342466272449,-2.818653347947));
#9270 = CARTESIAN_POINT('',(-2.807533727551,-4.637306695895));
#9271 = CARTESIAN_POINT('',(-2.807533727551,-1.));
#9272 = ( GEOMETRIC_REPRESENTATION_CONTEXT(2) 
PARAMETRIC_REPRESENTATION_CONTEXT() REPRESENTATION_CONTEXT('2D SPACE',''
  ) );
#9273 = ADVANCED_FACE('',(#9274),#2240,.T.);
#9274 = FACE_BOUND('',#9275,.T.);
#9275 = EDGE_LOOP('',(#9276,#9299,#9300,#9301));
#9276 = ORIENTED_EDGE('',*,*,#9277,.F.);
#9277 = EDGE_CURVE('',#2199,#9278,#9280,.T.);
#9278 = VERTEX_POINT('',#9279);
#9279 = CARTESIAN_POINT('',(2.4,192.5,38.269848480983));
#9280 = SURFACE_CURVE('',#9281,(#9285,#9292),.PCURVE_S1.);
#9281 = LINE('',#9282,#9283);
#9282 = CARTESIAN_POINT('',(-1.,192.5,38.269848480983));
#9283 = VECTOR('',#9284,1.);
#9284 = DIRECTION('',(1.,0.,0.));
#9285 = PCURVE('',#2240,#9286);
#9286 = DEFINITIONAL_REPRESENTATION('',(#9287),#9291);
#9287 = LINE('',#9288,#9289);
#9288 = CARTESIAN_POINT('',(3.514213562373,0.));
#9289 = VECTOR('',#9290,1.);
#9290 = DIRECTION('',(0.,-1.));
#9291 = ( GEOMETRIC_REPRESENTATION_CONTEXT(2) 
PARAMETRIC_REPRESENTATION_CONTEXT() REPRESENTATION_CONTEXT('2D SPACE',''
  ) );
#9292 = PCURVE('',#2214,#9293);
#9293 = DEFINITIONAL_REPRESENTATION('',(#9294),#9298);
#9294 = LINE('',#9295,#9296);
#9295 = CARTESIAN_POINT('',(0.,0.));
#9296 = VECTOR('',#9297,1.);
#9297 = DIRECTION('',(0.,-1.));
#9298 = ( GEOMETRIC_REPRESENTATION_CONTEXT(2) 
PARAMETRIC_REPRESENTATION_CONTEXT() REPRESENTATION_CONTEXT('2D SPACE',''
  ) );
#9299 = ORIENTED_EDGE('',*,*,#2226,.T.);
#9300 = ORIENTED_EDGE('',*,*,#9196,.T.);
#9301 = ORIENTED_EDGE('',*,*,#9302,.T.);
#9302 = EDGE_CURVE('',#9197,#9278,#9303,.T.);
#9303 = SURFACE_CURVE('',#9304,(#9308,#9315),.PCURVE_S1.);
#9304 = LINE('',#9305,#9306);
#9305 = CARTESIAN_POINT('',(2.4,194.5580408086,36.211807672379));
#9306 = VECTOR('',#9307,1.);
#9307 = DIRECTION('',(0.,-0.707106781187,0.707106781187));
#9308 = PCURVE('',#2240,#9309);
#9309 = DEFINITIONAL_REPRESENTATION('',(#9310),#9314);
#9310 = LINE('',#9311,#9312);
#9311 = CARTESIAN_POINT('',(0.603704338928,-3.4));
#9312 = VECTOR('',#9313,1.);
#9313 = DIRECTION('',(1.,0.));
#9314 = ( GEOMETRIC_REPRESENTATION_CONTEXT(2) 
PARAMETRIC_REPRESENTATION_CONTEXT() REPRESENTATION_CONTEXT('2D SPACE',''
  ) );
#9315 = PCURVE('',#9258,#9316);
#9316 = DEFINITIONAL_REPRESENTATION('',(#9317),#9321);
#9317 = LINE('',#9318,#9319);
#9318 = CARTESIAN_POINT('',(1.204273944829,-2.058040808604));
#9319 = VECTOR('',#9320,1.);
#9320 = DIRECTION('',(0.707106781187,0.707106781187));
#9321 = ( GEOMETRIC_REPRESENTATION_CONTEXT(2) 
PARAMETRIC_REPRESENTATION_CONTEXT() REPRESENTATION_CONTEXT('2D SPACE',''
  ) );
#9322 = ADVANCED_FACE('',(#9323),#2153,.T.);
#9323 = FACE_BOUND('',#9324,.T.);
#9324 = EDGE_LOOP('',(#9325,#9326,#9327,#9350));
#9325 = ORIENTED_EDGE('',*,*,#9220,.F.);
#9326 = ORIENTED_EDGE('',*,*,#2137,.T.);
#9327 = ORIENTED_EDGE('',*,*,#9328,.T.);
#9328 = EDGE_CURVE('',#2138,#9329,#9331,.T.);
#9329 = VERTEX_POINT('',#9330);
#9330 = CARTESIAN_POINT('',(2.4,191.5,32.2));
#9331 = SURFACE_CURVE('',#9332,(#9336,#9343),.PCURVE_S1.);
#9332 = LINE('',#9333,#9334);
#9333 = CARTESIAN_POINT('',(-1.,191.5,32.2));
#9334 = VECTOR('',#9335,1.);
#9335 = DIRECTION('',(1.,0.,0.));
#9336 = PCURVE('',#2153,#9337);
#9337 = DEFINITIONAL_REPRESENTATION('',(#9338),#9342);
#9338 = LINE('',#9339,#9340);
#9339 = CARTESIAN_POINT('',(0.,0.));
#9340 = VECTOR('',#9341,1.);
#9341 = DIRECTION('',(0.,-1.));
#9342 = ( GEOMETRIC_REPRESENTATION_CONTEXT(2) 
PARAMETRIC_REPRESENTATION_CONTEXT() REPRESENTATION_CONTEXT('2D SPACE',''
  ) );
#9343 = PCURVE('',#2186,#9344);
#9344 = DEFINITIONAL_REPRESENTATION('',(#9345),#9349);
#9345 = LINE('',#9346,#9347);
#9346 = CARTESIAN_POINT('',(-2.356194490192,0.));
#9347 = VECTOR('',#9348,1.);
#9348 = DIRECTION('',(-0.,-1.));
#9349 = ( GEOMETRIC_REPRESENTATION_CONTEXT(2) 
PARAMETRIC_REPRESENTATION_CONTEXT() REPRESENTATION_CONTEXT('2D SPACE',''
  ) );
#9350 = ORIENTED_EDGE('',*,*,#9351,.T.);
#9351 = EDGE_CURVE('',#9329,#9221,#9352,.T.);
#9352 = SURFACE_CURVE('',#9353,(#9357,#9364),.PCURVE_S1.);
#9353 = LINE('',#9354,#9355);
#9354 = CARTESIAN_POINT('',(2.4,192.,32.2));
#9355 = VECTOR('',#9356,1.);
#9356 = DIRECTION('',(0.,1.,0.));
#9357 = PCURVE('',#2153,#9358);
#9358 = DEFINITIONAL_REPRESENTATION('',(#9359),#9363);
#9359 = LINE('',#9360,#9361);
#9360 = CARTESIAN_POINT('',(0.5,-3.4));
#9361 = VECTOR('',#9362,1.);
#9362 = DIRECTION('',(1.,0.));
#9363 = ( GEOMETRIC_REPRESENTATION_CONTEXT(2) 
PARAMETRIC_REPRESENTATION_CONTEXT() REPRESENTATION_CONTEXT('2D SPACE',''
  ) );
#9364 = PCURVE('',#9258,#9365);
#9365 = DEFINITIONAL_REPRESENTATION('',(#9366),#9370);
#9366 = LINE('',#9367,#9368);
#9367 = CARTESIAN_POINT('',(-2.807533727551,0.5));
#9368 = VECTOR('',#9369,1.);
#9369 = DIRECTION('',(0.,-1.));
#9370 = ( GEOMETRIC_REPRESENTATION_CONTEXT(2) 
PARAMETRIC_REPRESENTATION_CONTEXT() REPRESENTATION_CONTEXT('2D SPACE',''
  ) );
#9371 = ADVANCED_FACE('',(#9372),#2214,.T.);
#9372 = FACE_BOUND('',#9373,.T.);
#9373 = EDGE_LOOP('',(#9374,#9397,#9398,#9399));
#9374 = ORIENTED_EDGE('',*,*,#9375,.F.);
#9375 = EDGE_CURVE('',#2166,#9376,#9378,.T.);
#9376 = VERTEX_POINT('',#9377);
#9377 = CARTESIAN_POINT('',(2.4,190.0150757595,35.784924240492));
#9378 = SURFACE_CURVE('',#9379,(#9383,#9390),.PCURVE_S1.);
#9379 = LINE('',#9380,#9381);
#9380 = CARTESIAN_POINT('',(-1.,190.0150757595,35.784924240492));
#9381 = VECTOR('',#9382,1.);
#9382 = DIRECTION('',(1.,0.,0.));
#9383 = PCURVE('',#2214,#9384);
#9384 = DEFINITIONAL_REPRESENTATION('',(#9385),#9389);
#9385 = LINE('',#9386,#9387);
#9386 = CARTESIAN_POINT('',(3.514213562373,0.));
#9387 = VECTOR('',#9388,1.);
#9388 = DIRECTION('',(0.,-1.));
#9389 = ( GEOMETRIC_REPRESENTATION_CONTEXT(2) 
PARAMETRIC_REPRESENTATION_CONTEXT() REPRESENTATION_CONTEXT('2D SPACE',''
  ) );
#9390 = PCURVE('',#2186,#9391);
#9391 = DEFINITIONAL_REPRESENTATION('',(#9392),#9396);
#9392 = LINE('',#9393,#9394);
#9393 = CARTESIAN_POINT('',(-0.,0.));
#9394 = VECTOR('',#9395,1.);
#9395 = DIRECTION('',(-0.,-1.));
#9396 = ( GEOMETRIC_REPRESENTATION_CONTEXT(2) 
PARAMETRIC_REPRESENTATION_CONTEXT() REPRESENTATION_CONTEXT('2D SPACE',''
  ) );
#9397 = ORIENTED_EDGE('',*,*,#2198,.T.);
#9398 = ORIENTED_EDGE('',*,*,#9277,.T.);
#9399 = ORIENTED_EDGE('',*,*,#9400,.T.);
#9400 = EDGE_CURVE('',#9278,#9376,#9401,.T.);
#9401 = SURFACE_CURVE('',#9402,(#9406,#9413),.PCURVE_S1.);
#9402 = LINE('',#9403,#9404);
#9403 = CARTESIAN_POINT('',(2.4,191.68442131164,37.454269792625));
#9404 = VECTOR('',#9405,1.);
#9405 = DIRECTION('',(0.,-0.707106781187,-0.707106781187));
#9406 = PCURVE('',#2214,#9407);
#9407 = DEFINITIONAL_REPRESENTATION('',(#9408),#9412);
#9408 = LINE('',#9409,#9410);
#9409 = CARTESIAN_POINT('',(1.153402442259,-3.4));
#9410 = VECTOR('',#9411,1.);
#9411 = DIRECTION('',(1.,0.));
#9412 = ( GEOMETRIC_REPRESENTATION_CONTEXT(2) 
PARAMETRIC_REPRESENTATION_CONTEXT() REPRESENTATION_CONTEXT('2D SPACE',''
  ) );
#9413 = PCURVE('',#9258,#9414);
#9414 = DEFINITIONAL_REPRESENTATION('',(#9415),#9419);
#9415 = LINE('',#9416,#9417);
#9416 = CARTESIAN_POINT('',(2.446736065074,0.815578688358));
#9417 = VECTOR('',#9418,1.);
#9418 = DIRECTION('',(-0.707106781187,0.707106781187));
#9419 = ( GEOMETRIC_REPRESENTATION_CONTEXT(2) 
PARAMETRIC_REPRESENTATION_CONTEXT() REPRESENTATION_CONTEXT('2D SPACE',''
  ) );
#9420 = ADVANCED_FACE('',(#9421),#2186,.F.);
#9421 = FACE_BOUND('',#9422,.T.);
#9422 = EDGE_LOOP('',(#9423,#9424,#9425,#9426));
#9423 = ORIENTED_EDGE('',*,*,#9328,.F.);
#9424 = ORIENTED_EDGE('',*,*,#2165,.T.);
#9425 = ORIENTED_EDGE('',*,*,#9375,.T.);
#9426 = ORIENTED_EDGE('',*,*,#9427,.F.);
#9427 = EDGE_CURVE('',#9329,#9376,#9428,.T.);
#9428 = SURFACE_CURVE('',#9429,(#9434,#9441),.PCURVE_S1.);
#9429 = CIRCLE('',#9430,2.1);
#9430 = AXIS2_PLACEMENT_3D('',#9431,#9432,#9433);
#9431 = CARTESIAN_POINT('',(2.4,191.5,34.3));
#9432 = DIRECTION('',(-1.,-0.,0.));
#9433 = DIRECTION('',(0.,-0.707106781187,0.707106781187));
#9434 = PCURVE('',#2186,#9435);
#9435 = DEFINITIONAL_REPRESENTATION('',(#9436),#9440);
#9436 = LINE('',#9437,#9438);
#9437 = CARTESIAN_POINT('',(-6.28318530718,-3.4));
#9438 = VECTOR('',#9439,1.);
#9439 = DIRECTION('',(1.,-0.));
#9440 = ( GEOMETRIC_REPRESENTATION_CONTEXT(2) 
PARAMETRIC_REPRESENTATION_CONTEXT() REPRESENTATION_CONTEXT('2D SPACE',''
  ) );
#9441 = PCURVE('',#9258,#9442);
#9442 = DEFINITIONAL_REPRESENTATION('',(#9443),#9451);
#9443 = ( BOUNDED_CURVE() B_SPLINE_CURVE(2,(#9444,#9445,#9446,#9447,
#9448,#9449,#9450),.UNSPECIFIED.,.T.,.F.) B_SPLINE_CURVE_WITH_KNOTS((1,2
    ,2,2,2,1),(-2.094395102393,0.,2.094395102393,4.188790204786,
6.28318530718,8.377580409573),.UNSPECIFIED.) CURVE() 
GEOMETRIC_REPRESENTATION_ITEM() RATIONAL_B_SPLINE_CURVE((1.,0.5,1.,0.5,
1.,0.5,1.)) REPRESENTATION_ITEM('') );
#9444 = CARTESIAN_POINT('',(0.777390512941,2.484924240492));
#9445 = CARTESIAN_POINT('',(3.349354742863,-8.70399894306E-02));
#9446 = CARTESIAN_POINT('',(-0.164013732836,-1.028444235207));
#9447 = CARTESIAN_POINT('',(-3.677382208534,-1.969848480984));
#9448 = CARTESIAN_POINT('',(-2.735977962758,1.543519994715));
#9449 = CARTESIAN_POINT('',(-1.794573716982,5.056888470414));
#9450 = CARTESIAN_POINT('',(0.777390512941,2.484924240492));
#9451 = ( GEOMETRIC_REPRESENTATION_CONTEXT(2) 
PARAMETRIC_REPRESENTATION_CONTEXT() REPRESENTATION_CONTEXT('2D SPACE',''
  ) );
#9452 = ADVANCED_FACE('',(#9453),#2272,.T.);
#9453 = FACE_BOUND('',#9454,.T.);
#9454 = EDGE_LOOP('',(#9455,#9478,#9479,#9502));
#9455 = ORIENTED_EDGE('',*,*,#9456,.F.);
#9456 = EDGE_CURVE('',#2255,#9457,#9459,.T.);
#9457 = VERTEX_POINT('',#9458);
#9458 = CARTESIAN_POINT('',(2.4,17.5,12.269848480984));
#9459 = SURFACE_CURVE('',#9460,(#9464,#9471),.PCURVE_S1.);
#9460 = LINE('',#9461,#9462);
#9461 = CARTESIAN_POINT('',(-1.,17.5,12.269848480984));
#9462 = VECTOR('',#9463,1.);
#9463 = DIRECTION('',(1.,0.,0.));
#9464 = PCURVE('',#2272,#9465);
#9465 = DEFINITIONAL_REPRESENTATION('',(#9466),#9470);
#9466 = LINE('',#9467,#9468);
#9467 = CARTESIAN_POINT('',(2.1,0.));
#9468 = VECTOR('',#9469,1.);
#9469 = DIRECTION('',(0.,-1.));
#9470 = ( GEOMETRIC_REPRESENTATION_CONTEXT(2) 
PARAMETRIC_REPRESENTATION_CONTEXT() REPRESENTATION_CONTEXT('2D SPACE',''
  ) );
#9471 = PCURVE('',#2331,#9472);
#9472 = DEFINITIONAL_REPRESENTATION('',(#9473),#9477);
#9473 = LINE('',#9474,#9475);
#9474 = CARTESIAN_POINT('',(0.,0.));
#9475 = VECTOR('',#9476,1.);
#9476 = DIRECTION('',(0.,-1.));
#9477 = ( GEOMETRIC_REPRESENTATION_CONTEXT(2) 
PARAMETRIC_REPRESENTATION_CONTEXT() REPRESENTATION_CONTEXT('2D SPACE',''
  ) );
#9478 = ORIENTED_EDGE('',*,*,#2254,.T.);
#9479 = ORIENTED_EDGE('',*,*,#9480,.T.);
#9480 = EDGE_CURVE('',#2257,#9481,#9483,.T.);
#9481 = VERTEX_POINT('',#9482);
#9482 = CARTESIAN_POINT('',(2.4,18.984924240492,10.784924240492));
#9483 = SURFACE_CURVE('',#9484,(#9488,#9495),.PCURVE_S1.);
#9484 = LINE('',#9485,#9486);
#9485 = CARTESIAN_POINT('',(-1.,18.984924240492,10.784924240492));
#9486 = VECTOR('',#9487,1.);
#9487 = DIRECTION('',(1.,0.,0.));
#9488 = PCURVE('',#2272,#9489);
#9489 = DEFINITIONAL_REPRESENTATION('',(#9490),#9494);
#9490 = LINE('',#9491,#9492);
#9491 = CARTESIAN_POINT('',(0.,0.));
#9492 = VECTOR('',#9493,1.);
#9493 = DIRECTION('',(0.,-1.));
#9494 = ( GEOMETRIC_REPRESENTATION_CONTEXT(2) 
PARAMETRIC_REPRESENTATION_CONTEXT() REPRESENTATION_CONTEXT('2D SPACE',''
  ) );
#9495 = PCURVE('',#2305,#9496);
#9496 = DEFINITIONAL_REPRESENTATION('',(#9497),#9501);
#9497 = LINE('',#9498,#9499);
#9498 = CARTESIAN_POINT('',(-2.356194490192,0.));
#9499 = VECTOR('',#9500,1.);
#9500 = DIRECTION('',(-0.,-1.));
#9501 = ( GEOMETRIC_REPRESENTATION_CONTEXT(2) 
PARAMETRIC_REPRESENTATION_CONTEXT() REPRESENTATION_CONTEXT('2D SPACE',''
  ) );
#9502 = ORIENTED_EDGE('',*,*,#9503,.T.);
#9503 = EDGE_CURVE('',#9481,#9457,#9504,.T.);
#9504 = SURFACE_CURVE('',#9505,(#9509,#9516),.PCURVE_S1.);
#9505 = LINE('',#9506,#9507);
#9506 = CARTESIAN_POINT('',(2.4,18.864419962556,10.905428518428));
#9507 = VECTOR('',#9508,1.);
#9508 = DIRECTION('',(0.,-0.707106781187,0.707106781187));
#9509 = PCURVE('',#2272,#9510);
#9510 = DEFINITIONAL_REPRESENTATION('',(#9511),#9515);
#9511 = LINE('',#9512,#9513);
#9512 = CARTESIAN_POINT('',(0.170418784181,-3.4));
#9513 = VECTOR('',#9514,1.);
#9514 = DIRECTION('',(1.,0.));
#9515 = ( GEOMETRIC_REPRESENTATION_CONTEXT(2) 
PARAMETRIC_REPRESENTATION_CONTEXT() REPRESENTATION_CONTEXT('2D SPACE',''
  ) );
#9516 = PCURVE('',#9517,#9522);
#9517 = PLANE('',#9518);
#9518 = AXIS2_PLACEMENT_3D('',#9519,#9520,#9521);
#9519 = CARTESIAN_POINT('',(2.4,17.5,9.782017111745));
#9520 = DIRECTION('',(1.,0.,0.));
#9521 = DIRECTION('',(-0.,0.,1.));
#9522 = DEFINITIONAL_REPRESENTATION('',(#9523),#9527);
#9523 = LINE('',#9524,#9525);
#9524 = CARTESIAN_POINT('',(1.123411406683,-1.364419962556));
#9525 = VECTOR('',#9526,1.);
#9526 = DIRECTION('',(0.707106781187,0.707106781187));
#9527 = ( GEOMETRIC_REPRESENTATION_CONTEXT(2) 
PARAMETRIC_REPRESENTATION_CONTEXT() REPRESENTATION_CONTEXT('2D SPACE',''
  ) );
#9528 = ADVANCED_FACE('',(#9529),#2331,.T.);
#9529 = FACE_BOUND('',#9530,.T.);
#9530 = EDGE_LOOP('',(#9531,#9554,#9555,#9556));
#9531 = ORIENTED_EDGE('',*,*,#9532,.F.);
#9532 = EDGE_CURVE('',#2285,#9533,#9535,.T.);
#9533 = VERTEX_POINT('',#9534);
#9534 = CARTESIAN_POINT('',(2.4,16.015075759508,10.784924240492));
#9535 = SURFACE_CURVE('',#9536,(#9540,#9547),.PCURVE_S1.);
#9536 = LINE('',#9537,#9538);
#9537 = CARTESIAN_POINT('',(-1.,16.015075759508,10.784924240492));
#9538 = VECTOR('',#9539,1.);
#9539 = DIRECTION('',(1.,0.,0.));
#9540 = PCURVE('',#2331,#9541);
#9541 = DEFINITIONAL_REPRESENTATION('',(#9542),#9546);
#9542 = LINE('',#9543,#9544);
#9543 = CARTESIAN_POINT('',(2.1,0.));
#9544 = VECTOR('',#9545,1.);
#9545 = DIRECTION('',(0.,-1.));
#9546 = ( GEOMETRIC_REPRESENTATION_CONTEXT(2) 
PARAMETRIC_REPRESENTATION_CONTEXT() REPRESENTATION_CONTEXT('2D SPACE',''
  ) );
#9547 = PCURVE('',#2305,#9548);
#9548 = DEFINITIONAL_REPRESENTATION('',(#9549),#9553);
#9549 = LINE('',#9550,#9551);
#9550 = CARTESIAN_POINT('',(2.356194490192,-0.));
#9551 = VECTOR('',#9552,1.);
#9552 = DIRECTION('',(-0.,-1.));
#9553 = ( GEOMETRIC_REPRESENTATION_CONTEXT(2) 
PARAMETRIC_REPRESENTATION_CONTEXT() REPRESENTATION_CONTEXT('2D SPACE',''
  ) );
#9554 = ORIENTED_EDGE('',*,*,#2317,.T.);
#9555 = ORIENTED_EDGE('',*,*,#9456,.T.);
#9556 = ORIENTED_EDGE('',*,*,#9557,.T.);
#9557 = EDGE_CURVE('',#9457,#9533,#9558,.T.);
#9558 = SURFACE_CURVE('',#9559,(#9563,#9570),.PCURVE_S1.);
#9559 = LINE('',#9560,#9561);
#9560 = CARTESIAN_POINT('',(2.4,16.87804215769,11.647890638674));
#9561 = VECTOR('',#9562,1.);
#9562 = DIRECTION('',(0.,-0.707106781187,-0.707106781187));
#9563 = PCURVE('',#2331,#9564);
#9564 = DEFINITIONAL_REPRESENTATION('',(#9565),#9569);
#9565 = LINE('',#9566,#9567);
#9566 = CARTESIAN_POINT('',(0.879581215819,-3.4));
#9567 = VECTOR('',#9568,1.);
#9568 = DIRECTION('',(1.,0.));
#9569 = ( GEOMETRIC_REPRESENTATION_CONTEXT(2) 
PARAMETRIC_REPRESENTATION_CONTEXT() REPRESENTATION_CONTEXT('2D SPACE',''
  ) );
#9570 = PCURVE('',#9517,#9571);
#9571 = DEFINITIONAL_REPRESENTATION('',(#9572),#9576);
#9572 = LINE('',#9573,#9574);
#9573 = CARTESIAN_POINT('',(1.865873526929,0.62195784231));
#9574 = VECTOR('',#9575,1.);
#9575 = DIRECTION('',(-0.707106781187,0.707106781187));
#9576 = ( GEOMETRIC_REPRESENTATION_CONTEXT(2) 
PARAMETRIC_REPRESENTATION_CONTEXT() REPRESENTATION_CONTEXT('2D SPACE',''
  ) );
#9577 = ADVANCED_FACE('',(#9578),#2305,.F.);
#9578 = FACE_BOUND('',#9579,.T.);
#9579 = EDGE_LOOP('',(#9580,#9581,#9582,#9583));
#9580 = ORIENTED_EDGE('',*,*,#9480,.F.);
#9581 = ORIENTED_EDGE('',*,*,#2284,.T.);
#9582 = ORIENTED_EDGE('',*,*,#9532,.T.);
#9583 = ORIENTED_EDGE('',*,*,#9584,.F.);
#9584 = EDGE_CURVE('',#9481,#9533,#9585,.T.);
#9585 = SURFACE_CURVE('',#9586,(#9591,#9598),.PCURVE_S1.);
#9586 = CIRCLE('',#9587,2.1);
#9587 = AXIS2_PLACEMENT_3D('',#9588,#9589,#9590);
#9588 = CARTESIAN_POINT('',(2.4,17.5,9.3));
#9589 = DIRECTION('',(-1.,-0.,0.));
#9590 = DIRECTION('',(0.,-0.,-1.));
#9591 = PCURVE('',#2305,#9592);
#9592 = DEFINITIONAL_REPRESENTATION('',(#9593),#9597);
#9593 = LINE('',#9594,#9595);
#9594 = CARTESIAN_POINT('',(-6.28318530718,-3.4));
#9595 = VECTOR('',#9596,1.);
#9596 = DIRECTION('',(1.,-0.));
#9597 = ( GEOMETRIC_REPRESENTATION_CONTEXT(2) 
PARAMETRIC_REPRESENTATION_CONTEXT() REPRESENTATION_CONTEXT('2D SPACE',''
  ) );
#9598 = PCURVE('',#9517,#9599);
#9599 = DEFINITIONAL_REPRESENTATION('',(#9600),#9608);
#9600 = ( BOUNDED_CURVE() B_SPLINE_CURVE(2,(#9601,#9602,#9603,#9604,
#9605,#9606,#9607),.UNSPECIFIED.,.T.,.F.) B_SPLINE_CURVE_WITH_KNOTS((1,2
    ,2,2,2,1),(-2.094395102393,0.,2.094395102393,4.188790204786,
6.28318530718,8.377580409573),.UNSPECIFIED.) CURVE() 
GEOMETRIC_REPRESENTATION_ITEM() RATIONAL_B_SPLINE_CURVE((1.,0.5,1.,0.5,
1.,0.5,1.)) REPRESENTATION_ITEM('') );
#9601 = CARTESIAN_POINT('',(-2.582017111745,0.));
#9602 = CARTESIAN_POINT('',(-2.582017111745,3.637306695895));
#9603 = CARTESIAN_POINT('',(0.567982888255,1.818653347947));
#9604 = CARTESIAN_POINT('',(3.717982888255,5.143516556419E-16));
#9605 = CARTESIAN_POINT('',(0.567982888255,-1.818653347947));
#9606 = CARTESIAN_POINT('',(-2.582017111745,-3.637306695895));
#9607 = CARTESIAN_POINT('',(-2.582017111745,0.));
#9608 = ( GEOMETRIC_REPRESENTATION_CONTEXT(2) 
PARAMETRIC_REPRESENTATION_CONTEXT() REPRESENTATION_CONTEXT('2D SPACE',''
  ) );
#9609 = ADVANCED_FACE('',(#9610),#2363,.T.);
#9610 = FACE_BOUND('',#9611,.T.);
#9611 = EDGE_LOOP('',(#9612,#9635,#9636,#9659));
#9612 = ORIENTED_EDGE('',*,*,#9613,.F.);
#9613 = EDGE_CURVE('',#2346,#9614,#9616,.T.);
#9614 = VERTEX_POINT('',#9615);
#9615 = CARTESIAN_POINT('',(2.4,17.5,37.269848480983));
#9616 = SURFACE_CURVE('',#9617,(#9621,#9628),.PCURVE_S1.);
#9617 = LINE('',#9618,#9619);
#9618 = CARTESIAN_POINT('',(-1.,17.5,37.269848480983));
#9619 = VECTOR('',#9620,1.);
#9620 = DIRECTION('',(1.,0.,0.));
#9621 = PCURVE('',#2363,#9622);
#9622 = DEFINITIONAL_REPRESENTATION('',(#9623),#9627);
#9623 = LINE('',#9624,#9625);
#9624 = CARTESIAN_POINT('',(2.1,0.));
#9625 = VECTOR('',#9626,1.);
#9626 = DIRECTION('',(0.,-1.));
#9627 = ( GEOMETRIC_REPRESENTATION_CONTEXT(2) 
PARAMETRIC_REPRESENTATION_CONTEXT() REPRESENTATION_CONTEXT('2D SPACE',''
  ) );
#9628 = PCURVE('',#2422,#9629);
#9629 = DEFINITIONAL_REPRESENTATION('',(#9630),#9634);
#9630 = LINE('',#9631,#9632);
#9631 = CARTESIAN_POINT('',(0.,0.));
#9632 = VECTOR('',#9633,1.);
#9633 = DIRECTION('',(0.,-1.));
#9634 = ( GEOMETRIC_REPRESENTATION_CONTEXT(2) 
PARAMETRIC_REPRESENTATION_CONTEXT() REPRESENTATION_CONTEXT('2D SPACE',''
  ) );
#9635 = ORIENTED_EDGE('',*,*,#2345,.T.);
#9636 = ORIENTED_EDGE('',*,*,#9637,.T.);
#9637 = EDGE_CURVE('',#2348,#9638,#9640,.T.);
#9638 = VERTEX_POINT('',#9639);
#9639 = CARTESIAN_POINT('',(2.4,18.984924240492,35.784924240492));
#9640 = SURFACE_CURVE('',#9641,(#9645,#9652),.PCURVE_S1.);
#9641 = LINE('',#9642,#9643);
#9642 = CARTESIAN_POINT('',(-1.,18.984924240492,35.784924240492));
#9643 = VECTOR('',#9644,1.);
#9644 = DIRECTION('',(1.,0.,0.));
#9645 = PCURVE('',#2363,#9646);
#9646 = DEFINITIONAL_REPRESENTATION('',(#9647),#9651);
#9647 = LINE('',#9648,#9649);
#9648 = CARTESIAN_POINT('',(0.,0.));
#9649 = VECTOR('',#9650,1.);
#9650 = DIRECTION('',(0.,-1.));
#9651 = ( GEOMETRIC_REPRESENTATION_CONTEXT(2) 
PARAMETRIC_REPRESENTATION_CONTEXT() REPRESENTATION_CONTEXT('2D SPACE',''
  ) );
#9652 = PCURVE('',#2396,#9653);
#9653 = DEFINITIONAL_REPRESENTATION('',(#9654),#9658);
#9654 = LINE('',#9655,#9656);
#9655 = CARTESIAN_POINT('',(-2.356194490192,0.));
#9656 = VECTOR('',#9657,1.);
#9657 = DIRECTION('',(-0.,-1.));
#9658 = ( GEOMETRIC_REPRESENTATION_CONTEXT(2) 
PARAMETRIC_REPRESENTATION_CONTEXT() REPRESENTATION_CONTEXT('2D SPACE',''
  ) );
#9659 = ORIENTED_EDGE('',*,*,#9660,.T.);
#9660 = EDGE_CURVE('',#9638,#9614,#9661,.T.);
#9661 = SURFACE_CURVE('',#9662,(#9666,#9673),.PCURVE_S1.);
#9662 = LINE('',#9663,#9664);
#9663 = CARTESIAN_POINT('',(2.4,18.864419962556,35.905428518428));
#9664 = VECTOR('',#9665,1.);
#9665 = DIRECTION('',(0.,-0.707106781187,0.707106781187));
#9666 = PCURVE('',#2363,#9667);
#9667 = DEFINITIONAL_REPRESENTATION('',(#9668),#9672);
#9668 = LINE('',#9669,#9670);
#9669 = CARTESIAN_POINT('',(0.170418784181,-3.4));
#9670 = VECTOR('',#9671,1.);
#9671 = DIRECTION('',(1.,0.));
#9672 = ( GEOMETRIC_REPRESENTATION_CONTEXT(2) 
PARAMETRIC_REPRESENTATION_CONTEXT() REPRESENTATION_CONTEXT('2D SPACE',''
  ) );
#9673 = PCURVE('',#9674,#9679);
#9674 = PLANE('',#9675);
#9675 = AXIS2_PLACEMENT_3D('',#9676,#9677,#9678);
#9676 = CARTESIAN_POINT('',(2.4,17.5,34.782017111745));
#9677 = DIRECTION('',(1.,0.,0.));
#9678 = DIRECTION('',(-0.,0.,1.));
#9679 = DEFINITIONAL_REPRESENTATION('',(#9680),#9684);
#9680 = LINE('',#9681,#9682);
#9681 = CARTESIAN_POINT('',(1.123411406683,-1.364419962556));
#9682 = VECTOR('',#9683,1.);
#9683 = DIRECTION('',(0.707106781187,0.707106781187));
#9684 = ( GEOMETRIC_REPRESENTATION_CONTEXT(2) 
PARAMETRIC_REPRESENTATION_CONTEXT() REPRESENTATION_CONTEXT('2D SPACE',''
  ) );
#9685 = ADVANCED_FACE('',(#9686),#2422,.T.);
#9686 = FACE_BOUND('',#9687,.T.);
#9687 = EDGE_LOOP('',(#9688,#9711,#9712,#9713));
#9688 = ORIENTED_EDGE('',*,*,#9689,.F.);
#9689 = EDGE_CURVE('',#2376,#9690,#9692,.T.);
#9690 = VERTEX_POINT('',#9691);
#9691 = CARTESIAN_POINT('',(2.4,16.015075759508,35.784924240492));
#9692 = SURFACE_CURVE('',#9693,(#9697,#9704),.PCURVE_S1.);
#9693 = LINE('',#9694,#9695);
#9694 = CARTESIAN_POINT('',(-1.,16.015075759508,35.784924240492));
#9695 = VECTOR('',#9696,1.);
#9696 = DIRECTION('',(1.,0.,0.));
#9697 = PCURVE('',#2422,#9698);
#9698 = DEFINITIONAL_REPRESENTATION('',(#9699),#9703);
#9699 = LINE('',#9700,#9701);
#9700 = CARTESIAN_POINT('',(2.1,0.));
#9701 = VECTOR('',#9702,1.);
#9702 = DIRECTION('',(0.,-1.));
#9703 = ( GEOMETRIC_REPRESENTATION_CONTEXT(2) 
PARAMETRIC_REPRESENTATION_CONTEXT() REPRESENTATION_CONTEXT('2D SPACE',''
  ) );
#9704 = PCURVE('',#2396,#9705);
#9705 = DEFINITIONAL_REPRESENTATION('',(#9706),#9710);
#9706 = LINE('',#9707,#9708);
#9707 = CARTESIAN_POINT('',(2.356194490192,-0.));
#9708 = VECTOR('',#9709,1.);
#9709 = DIRECTION('',(-0.,-1.));
#9710 = ( GEOMETRIC_REPRESENTATION_CONTEXT(2) 
PARAMETRIC_REPRESENTATION_CONTEXT() REPRESENTATION_CONTEXT('2D SPACE',''
  ) );
#9711 = ORIENTED_EDGE('',*,*,#2408,.T.);
#9712 = ORIENTED_EDGE('',*,*,#9613,.T.);
#9713 = ORIENTED_EDGE('',*,*,#9714,.T.);
#9714 = EDGE_CURVE('',#9614,#9690,#9715,.T.);
#9715 = SURFACE_CURVE('',#9716,(#9720,#9727),.PCURVE_S1.);
#9716 = LINE('',#9717,#9718);
#9717 = CARTESIAN_POINT('',(2.4,16.87804215769,36.647890638674));
#9718 = VECTOR('',#9719,1.);
#9719 = DIRECTION('',(0.,-0.707106781187,-0.707106781187));
#9720 = PCURVE('',#2422,#9721);
#9721 = DEFINITIONAL_REPRESENTATION('',(#9722),#9726);
#9722 = LINE('',#9723,#9724);
#9723 = CARTESIAN_POINT('',(0.879581215819,-3.4));
#9724 = VECTOR('',#9725,1.);
#9725 = DIRECTION('',(1.,0.));
#9726 = ( GEOMETRIC_REPRESENTATION_CONTEXT(2) 
PARAMETRIC_REPRESENTATION_CONTEXT() REPRESENTATION_CONTEXT('2D SPACE',''
  ) );
#9727 = PCURVE('',#9674,#9728);
#9728 = DEFINITIONAL_REPRESENTATION('',(#9729),#9733);
#9729 = LINE('',#9730,#9731);
#9730 = CARTESIAN_POINT('',(1.865873526929,0.62195784231));
#9731 = VECTOR('',#9732,1.);
#9732 = DIRECTION('',(-0.707106781187,0.707106781187));
#9733 = ( GEOMETRIC_REPRESENTATION_CONTEXT(2) 
PARAMETRIC_REPRESENTATION_CONTEXT() REPRESENTATION_CONTEXT('2D SPACE',''
  ) );
#9734 = ADVANCED_FACE('',(#9735),#2396,.F.);
#9735 = FACE_BOUND('',#9736,.T.);
#9736 = EDGE_LOOP('',(#9737,#9738,#9739,#9740));
#9737 = ORIENTED_EDGE('',*,*,#9637,.F.);
#9738 = ORIENTED_EDGE('',*,*,#2375,.T.);
#9739 = ORIENTED_EDGE('',*,*,#9689,.T.);
#9740 = ORIENTED_EDGE('',*,*,#9741,.F.);
#9741 = EDGE_CURVE('',#9638,#9690,#9742,.T.);
#9742 = SURFACE_CURVE('',#9743,(#9748,#9755),.PCURVE_S1.);
#9743 = CIRCLE('',#9744,2.1);
#9744 = AXIS2_PLACEMENT_3D('',#9745,#9746,#9747);
#9745 = CARTESIAN_POINT('',(2.4,17.5,34.3));
#9746 = DIRECTION('',(-1.,-0.,0.));
#9747 = DIRECTION('',(0.,-1.691768418476E-15,-1.));
#9748 = PCURVE('',#2396,#9749);
#9749 = DEFINITIONAL_REPRESENTATION('',(#9750),#9754);
#9750 = LINE('',#9751,#9752);
#9751 = CARTESIAN_POINT('',(-6.28318530718,-3.4));
#9752 = VECTOR('',#9753,1.);
#9753 = DIRECTION('',(1.,-0.));
#9754 = ( GEOMETRIC_REPRESENTATION_CONTEXT(2) 
PARAMETRIC_REPRESENTATION_CONTEXT() REPRESENTATION_CONTEXT('2D SPACE',''
  ) );
#9755 = PCURVE('',#9674,#9756);
#9756 = DEFINITIONAL_REPRESENTATION('',(#9757),#9765);
#9757 = ( BOUNDED_CURVE() B_SPLINE_CURVE(2,(#9758,#9759,#9760,#9761,
#9762,#9763,#9764),.UNSPECIFIED.,.T.,.F.) B_SPLINE_CURVE_WITH_KNOTS((1,2
    ,2,2,2,1),(-2.094395102393,0.,2.094395102393,4.188790204786,
6.28318530718,8.377580409573),.UNSPECIFIED.) CURVE() 
GEOMETRIC_REPRESENTATION_ITEM() RATIONAL_B_SPLINE_CURVE((1.,0.5,1.,0.5,
1.,0.5,1.)) REPRESENTATION_ITEM('') );
#9758 = CARTESIAN_POINT('',(-2.582017111745,0.));
#9759 = CARTESIAN_POINT('',(-2.582017111745,3.637306695895));
#9760 = CARTESIAN_POINT('',(0.567982888255,1.818653347947));
#9761 = CARTESIAN_POINT('',(3.717982888255,-1.014378938076E-14));
#9762 = CARTESIAN_POINT('',(0.567982888255,-1.818653347947));
#9763 = CARTESIAN_POINT('',(-2.582017111745,-3.637306695895));
#9764 = CARTESIAN_POINT('',(-2.582017111745,0.));
#9765 = ( GEOMETRIC_REPRESENTATION_CONTEXT(2) 
PARAMETRIC_REPRESENTATION_CONTEXT() REPRESENTATION_CONTEXT('2D SPACE',''
  ) );
#9766 = ADVANCED_FACE('',(#9767),#2475,.F.);
#9767 = FACE_BOUND('',#9768,.T.);
#9768 = EDGE_LOOP('',(#9769,#9770,#9771,#9792));
#9769 = ORIENTED_EDGE('',*,*,#2461,.F.);
#9770 = ORIENTED_EDGE('',*,*,#2493,.T.);
#9771 = ORIENTED_EDGE('',*,*,#9772,.T.);
#9772 = EDGE_CURVE('',#2494,#5776,#9773,.T.);
#9773 = SURFACE_CURVE('',#9774,(#9778,#9785),.PCURVE_S1.);
#9774 = LINE('',#9775,#9776);
#9775 = CARTESIAN_POINT('',(81.316666666667,5.016666666667,
    -4.683333333333));
#9776 = VECTOR('',#9777,1.);
#9777 = DIRECTION('',(0.57735026919,0.57735026919,0.57735026919));
#9778 = PCURVE('',#2475,#9779);
#9779 = DEFINITIONAL_REPRESENTATION('',(#9780),#9784);
#9780 = LINE('',#9781,#9782);
#9781 = CARTESIAN_POINT('',(-5.016666666667,-6.83536555147));
#9782 = VECTOR('',#9783,1.);
#9783 = DIRECTION('',(-0.57735026919,0.816496580928));
#9784 = ( GEOMETRIC_REPRESENTATION_CONTEXT(2) 
PARAMETRIC_REPRESENTATION_CONTEXT() REPRESENTATION_CONTEXT('2D SPACE',''
  ) );
#9785 = PCURVE('',#2532,#9786);
#9786 = DEFINITIONAL_REPRESENTATION('',(#9787),#9791);
#9787 = LINE('',#9788,#9789);
#9788 = CARTESIAN_POINT('',(14.316666666667,-6.83536555147));
#9789 = VECTOR('',#9790,1.);
#9790 = DIRECTION('',(0.57735026919,0.816496580928));
#9791 = ( GEOMETRIC_REPRESENTATION_CONTEXT(2) 
PARAMETRIC_REPRESENTATION_CONTEXT() REPRESENTATION_CONTEXT('2D SPACE',''
  ) );
#9792 = ORIENTED_EDGE('',*,*,#7991,.F.);
#9793 = ADVANCED_FACE('',(#9794),#2532,.F.);
#9794 = FACE_BOUND('',#9795,.F.);
#9795 = EDGE_LOOP('',(#9796,#9817,#9818,#9819));
#9796 = ORIENTED_EDGE('',*,*,#9797,.F.);
#9797 = EDGE_CURVE('',#2517,#4804,#9798,.T.);
#9798 = SURFACE_CURVE('',#9799,(#9803,#9810),.PCURVE_S1.);
#9799 = LINE('',#9800,#9801);
#9800 = CARTESIAN_POINT('',(66.9,9.9,0.2));
#9801 = VECTOR('',#9802,1.);
#9802 = DIRECTION('',(0.57735026919,0.57735026919,0.57735026919));
#9803 = PCURVE('',#2532,#9804);
#9804 = DEFINITIONAL_REPRESENTATION('',(#9805),#9809);
#9805 = LINE('',#9806,#9807);
#9806 = CARTESIAN_POINT('',(-0.1,7.071067811866E-02));
#9807 = VECTOR('',#9808,1.);
#9808 = DIRECTION('',(0.57735026919,0.816496580928));
#9809 = ( GEOMETRIC_REPRESENTATION_CONTEXT(2) 
PARAMETRIC_REPRESENTATION_CONTEXT() REPRESENTATION_CONTEXT('2D SPACE',''
  ) );
#9810 = PCURVE('',#2560,#9811);
#9811 = DEFINITIONAL_REPRESENTATION('',(#9812),#9816);
#9812 = LINE('',#9813,#9814);
#9813 = CARTESIAN_POINT('',(1.E-01,7.071067811865E-02));
#9814 = VECTOR('',#9815,1.);
#9815 = DIRECTION('',(-0.57735026919,0.816496580928));
#9816 = ( GEOMETRIC_REPRESENTATION_CONTEXT(2) 
PARAMETRIC_REPRESENTATION_CONTEXT() REPRESENTATION_CONTEXT('2D SPACE',''
  ) );
#9817 = ORIENTED_EDGE('',*,*,#2516,.T.);
#9818 = ORIENTED_EDGE('',*,*,#9772,.T.);
#9819 = ORIENTED_EDGE('',*,*,#5800,.F.);
#9820 = ADVANCED_FACE('',(#9821),#2588,.F.);
#9821 = FACE_BOUND('',#9822,.F.);
#9822 = EDGE_LOOP('',(#9823,#9824,#9825,#9846));
#9823 = ORIENTED_EDGE('',*,*,#8424,.F.);
#9824 = ORIENTED_EDGE('',*,*,#2572,.T.);
#9825 = ORIENTED_EDGE('',*,*,#9826,.T.);
#9826 = EDGE_CURVE('',#2545,#4661,#9827,.T.);
#9827 = SURFACE_CURVE('',#9828,(#9832,#9839),.PCURVE_S1.);
#9828 = LINE('',#9829,#9830);
#9829 = CARTESIAN_POINT('',(23.066666666667,162.06666666666,
    -43.63333333333));
#9830 = VECTOR('',#9831,1.);
#9831 = DIRECTION('',(0.57735026919,0.57735026919,0.57735026919));
#9832 = PCURVE('',#2588,#9833);
#9833 = DEFINITIONAL_REPRESENTATION('',(#9834),#9838);
#9834 = LINE('',#9835,#9836);
#9835 = CARTESIAN_POINT('',(23.066666666667,-61.9189838059));
#9836 = VECTOR('',#9837,1.);
#9837 = DIRECTION('',(0.57735026919,0.816496580928));
#9838 = ( GEOMETRIC_REPRESENTATION_CONTEXT(2) 
PARAMETRIC_REPRESENTATION_CONTEXT() REPRESENTATION_CONTEXT('2D SPACE',''
  ) );
#9839 = PCURVE('',#2560,#9840);
#9840 = DEFINITIONAL_REPRESENTATION('',(#9841),#9845);
#9841 = LINE('',#9842,#9843);
#9842 = CARTESIAN_POINT('',(-152.0666666666,-61.9189838059));
#9843 = VECTOR('',#9844,1.);
#9844 = DIRECTION('',(-0.57735026919,0.816496580928));
#9845 = ( GEOMETRIC_REPRESENTATION_CONTEXT(2) 
PARAMETRIC_REPRESENTATION_CONTEXT() REPRESENTATION_CONTEXT('2D SPACE',''
  ) );
#9846 = ORIENTED_EDGE('',*,*,#4683,.F.);
#9847 = ADVANCED_FACE('',(#9848),#2560,.F.);
#9848 = FACE_BOUND('',#9849,.T.);
#9849 = EDGE_LOOP('',(#9850,#9851,#9852,#9853));
#9850 = ORIENTED_EDGE('',*,*,#9797,.F.);
#9851 = ORIENTED_EDGE('',*,*,#2544,.T.);
#9852 = ORIENTED_EDGE('',*,*,#9826,.T.);
#9853 = ORIENTED_EDGE('',*,*,#4826,.F.);
#9854 = ADVANCED_FACE('',(#9855),#2666,.F.);
#9855 = FACE_BOUND('',#9856,.F.);
#9856 = EDGE_LOOP('',(#9857,#9858,#9859,#9860,#9861,#9862));
#9857 = ORIENTED_EDGE('',*,*,#8474,.F.);
#9858 = ORIENTED_EDGE('',*,*,#8505,.T.);
#9859 = ORIENTED_EDGE('',*,*,#8608,.T.);
#9860 = ORIENTED_EDGE('',*,*,#8706,.F.);
#9861 = ORIENTED_EDGE('',*,*,#8854,.F.);
#9862 = ORIENTED_EDGE('',*,*,#2650,.F.);
#9863 = ADVANCED_FACE('',(#9864),#2864,.F.);
#9864 = FACE_BOUND('',#9865,.T.);
#9865 = EDGE_LOOP('',(#9866,#9867,#9901,#9902));
#9866 = ORIENTED_EDGE('',*,*,#2850,.F.);
#9867 = ORIENTED_EDGE('',*,*,#9868,.T.);
#9868 = EDGE_CURVE('',#2823,#4230,#9869,.T.);
#9869 = SURFACE_CURVE('',#9870,(#9875,#9888),.PCURVE_S1.);
#9870 = ELLIPSE('',#9871,2.828427124746,2.);
#9871 = AXIS2_PLACEMENT_3D('',#9872,#9873,#9874);
#9872 = CARTESIAN_POINT('',(8.,36.,4.6));
#9873 = DIRECTION('',(-0.,0.707106781187,-0.707106781187));
#9874 = DIRECTION('',(0.,-0.707106781187,-0.707106781187));
#9875 = PCURVE('',#2864,#9876);
#9876 = DEFINITIONAL_REPRESENTATION('',(#9877),#9887);
#9877 = B_SPLINE_CURVE_WITH_KNOTS('',8,(#9878,#9879,#9880,#9881,#9882,
    #9883,#9884,#9885,#9886),.UNSPECIFIED.,.F.,.F.,(9,9),(0.,
    1.570796326795),.PIECEWISE_BEZIER_KNOTS.);
#9878 = CARTESIAN_POINT('',(-4.712388980385,-4.440892098501E-16));
#9879 = CARTESIAN_POINT('',(-4.516039439535,-4.440892098501E-16));
#9880 = CARTESIAN_POINT('',(-4.319689898687,-8.812155197211E-02));
#9881 = CARTESIAN_POINT('',(-4.123340357823,-0.26436390732));
#9882 = CARTESIAN_POINT('',(-3.926990816995,-0.521482498846));
#9883 = CARTESIAN_POINT('',(-3.730641276128,-0.844973477577));
#9884 = CARTESIAN_POINT('',(-3.53429173529,-1.214601743363));
#9885 = CARTESIAN_POINT('',(-3.337942194439,-1.607300918301));
#9886 = CARTESIAN_POINT('',(-3.14159265359,-2.));
#9887 = ( GEOMETRIC_REPRESENTATION_CONTEXT(2) 
PARAMETRIC_REPRESENTATION_CONTEXT() REPRESENTATION_CONTEXT('2D SPACE',''
  ) );
#9888 = PCURVE('',#4139,#9889);
#9889 = DEFINITIONAL_REPRESENTATION('',(#9890),#9900);
#9890 = B_SPLINE_CURVE_WITH_KNOTS('',8,(#9891,#9892,#9893,#9894,#9895,
    #9896,#9897,#9898,#9899),.UNSPECIFIED.,.F.,.F.,(9,9),(0.,
    1.570796326795),.PIECEWISE_BEZIER_KNOTS.);
#9891 = CARTESIAN_POINT('',(4.712388980385,-24.));
#9892 = CARTESIAN_POINT('',(4.516039439535,-24.));
#9893 = CARTESIAN_POINT('',(4.319689898689,-24.08812155195));
#9894 = CARTESIAN_POINT('',(4.123340357819,-24.2643639073));
#9895 = CARTESIAN_POINT('',(3.926990817006,-24.52148249873));
#9896 = CARTESIAN_POINT('',(3.730641276115,-24.84497347756));
#9897 = CARTESIAN_POINT('',(3.534291735291,-25.21460174334));
#9898 = CARTESIAN_POINT('',(3.337942194439,-25.6073009183));
#9899 = CARTESIAN_POINT('',(3.14159265359,-26.));
#9900 = ( GEOMETRIC_REPRESENTATION_CONTEXT(2) 
PARAMETRIC_REPRESENTATION_CONTEXT() REPRESENTATION_CONTEXT('2D SPACE',''
  ) );
#9901 = ORIENTED_EDGE('',*,*,#4229,.T.);
#9902 = ORIENTED_EDGE('',*,*,#8878,.T.);
#9903 = ADVANCED_FACE('',(#9904),#2838,.T.);
#9904 = FACE_BOUND('',#9905,.T.);
#9905 = EDGE_LOOP('',(#9906,#9927,#9928,#9949));
#9906 = ORIENTED_EDGE('',*,*,#9907,.T.);
#9907 = EDGE_CURVE('',#2800,#3892,#9908,.T.);
#9908 = SURFACE_CURVE('',#9909,(#9913,#9920),.PCURVE_S1.);
#9909 = LINE('',#9910,#9911);
#9910 = CARTESIAN_POINT('',(59.,10.,2.6));
#9911 = VECTOR('',#9912,1.);
#9912 = DIRECTION('',(0.,1.,0.));
#9913 = PCURVE('',#2838,#9914);
#9914 = DEFINITIONAL_REPRESENTATION('',(#9915),#9919);
#9915 = LINE('',#9916,#9917);
#9916 = CARTESIAN_POINT('',(59.,1.E-02));
#9917 = VECTOR('',#9918,1.);
#9918 = DIRECTION('',(0.,1.));
#9919 = ( GEOMETRIC_REPRESENTATION_CONTEXT(2) 
PARAMETRIC_REPRESENTATION_CONTEXT() REPRESENTATION_CONTEXT('2D SPACE',''
  ) );
#9920 = PCURVE('',#2924,#9921);
#9921 = DEFINITIONAL_REPRESENTATION('',(#9922),#9926);
#9922 = LINE('',#9923,#9924);
#9923 = CARTESIAN_POINT('',(4.712388980385,0.));
#9924 = VECTOR('',#9925,1.);
#9925 = DIRECTION('',(0.,-1.));
#9926 = ( GEOMETRIC_REPRESENTATION_CONTEXT(2) 
PARAMETRIC_REPRESENTATION_CONTEXT() REPRESENTATION_CONTEXT('2D SPACE',''
  ) );
#9927 = ORIENTED_EDGE('',*,*,#3978,.T.);
#9928 = ORIENTED_EDGE('',*,*,#9929,.F.);
#9929 = EDGE_CURVE('',#2823,#3954,#9930,.T.);
#9930 = SURFACE_CURVE('',#9931,(#9935,#9942),.PCURVE_S1.);
#9931 = LINE('',#9932,#9933);
#9932 = CARTESIAN_POINT('',(8.,10.,2.6));
#9933 = VECTOR('',#9934,1.);
#9934 = DIRECTION('',(0.,1.,0.));
#9935 = PCURVE('',#2838,#9936);
#9936 = DEFINITIONAL_REPRESENTATION('',(#9937),#9941);
#9937 = LINE('',#9938,#9939);
#9938 = CARTESIAN_POINT('',(8.,1.E-02));
#9939 = VECTOR('',#9940,1.);
#9940 = DIRECTION('',(0.,1.));
#9941 = ( GEOMETRIC_REPRESENTATION_CONTEXT(2) 
PARAMETRIC_REPRESENTATION_CONTEXT() REPRESENTATION_CONTEXT('2D SPACE',''
  ) );
#9942 = PCURVE('',#4139,#9943);
#9943 = DEFINITIONAL_REPRESENTATION('',(#9944),#9948);
#9944 = LINE('',#9945,#9946);
#9945 = CARTESIAN_POINT('',(4.712388980385,0.));
#9946 = VECTOR('',#9947,1.);
#9947 = DIRECTION('',(0.,-1.));
#9948 = ( GEOMETRIC_REPRESENTATION_CONTEXT(2) 
PARAMETRIC_REPRESENTATION_CONTEXT() REPRESENTATION_CONTEXT('2D SPACE',''
  ) );
#9949 = ORIENTED_EDGE('',*,*,#2822,.F.);
#9950 = ADVANCED_FACE('',(#9951),#2924,.F.);
#9951 = FACE_BOUND('',#9952,.F.);
#9952 = EDGE_LOOP('',(#9953,#9954,#9955,#9956));
#9953 = ORIENTED_EDGE('',*,*,#2948,.F.);
#9954 = ORIENTED_EDGE('',*,*,#2903,.T.);
#9955 = ORIENTED_EDGE('',*,*,#9907,.T.);
#9956 = ORIENTED_EDGE('',*,*,#3914,.T.);
#9957 = ADVANCED_FACE('',(#9958),#3012,.T.);
#9958 = FACE_BOUND('',#9959,.T.);
#9959 = EDGE_LOOP('',(#9960,#9961,#9982,#9983));
#9960 = ORIENTED_EDGE('',*,*,#2994,.T.);
#9961 = ORIENTED_EDGE('',*,*,#9962,.T.);
#9962 = EDGE_CURVE('',#2997,#4854,#9963,.T.);
#9963 = SURFACE_CURVE('',#9964,(#9968,#9975),.PCURVE_S1.);
#9964 = LINE('',#9965,#9966);
#9965 = CARTESIAN_POINT('',(60.,195.5405591591,12.340559159102));
#9966 = VECTOR('',#9967,1.);
#9967 = DIRECTION('',(1.,0.,0.));
#9968 = PCURVE('',#3012,#9969);
#9969 = DEFINITIONAL_REPRESENTATION('',(#9970),#9974);
#9970 = LINE('',#9971,#9972);
#9971 = CARTESIAN_POINT('',(0.,0.));
#9972 = VECTOR('',#9973,1.);
#9973 = DIRECTION('',(0.,-1.));
#9974 = ( GEOMETRIC_REPRESENTATION_CONTEXT(2) 
PARAMETRIC_REPRESENTATION_CONTEXT() REPRESENTATION_CONTEXT('2D SPACE',''
  ) );
#9975 = PCURVE('',#3045,#9976);
#9976 = DEFINITIONAL_REPRESENTATION('',(#9977),#9981);
#9977 = LINE('',#9978,#9979);
#9978 = CARTESIAN_POINT('',(-2.356194490192,0.));
#9979 = VECTOR('',#9980,1.);
#9980 = DIRECTION('',(-0.,-1.));
#9981 = ( GEOMETRIC_REPRESENTATION_CONTEXT(2) 
PARAMETRIC_REPRESENTATION_CONTEXT() REPRESENTATION_CONTEXT('2D SPACE',''
  ) );
#9982 = ORIENTED_EDGE('',*,*,#4851,.F.);
#9983 = ORIENTED_EDGE('',*,*,#9984,.F.);
#9984 = EDGE_CURVE('',#2995,#4852,#9985,.T.);
#9985 = SURFACE_CURVE('',#9986,(#9990,#9997),.PCURVE_S1.);
#9986 = LINE('',#9987,#9988);
#9987 = CARTESIAN_POINT('',(60.,192.5,15.381118318204));
#9988 = VECTOR('',#9989,1.);
#9989 = DIRECTION('',(1.,0.,0.));
#9990 = PCURVE('',#3012,#9991);
#9991 = DEFINITIONAL_REPRESENTATION('',(#9992),#9996);
#9992 = LINE('',#9993,#9994);
#9993 = CARTESIAN_POINT('',(4.3,0.));
#9994 = VECTOR('',#9995,1.);
#9995 = DIRECTION('',(0.,-1.));
#9996 = ( GEOMETRIC_REPRESENTATION_CONTEXT(2) 
PARAMETRIC_REPRESENTATION_CONTEXT() REPRESENTATION_CONTEXT('2D SPACE',''
  ) );
#9997 = PCURVE('',#3071,#9998);
#9998 = DEFINITIONAL_REPRESENTATION('',(#9999),#10003);
#9999 = LINE('',#10000,#10001);
#10000 = CARTESIAN_POINT('',(0.,0.));
#10001 = VECTOR('',#10002,1.);
#10002 = DIRECTION('',(0.,-1.));
#10003 = ( GEOMETRIC_REPRESENTATION_CONTEXT(2) 
PARAMETRIC_REPRESENTATION_CONTEXT() REPRESENTATION_CONTEXT('2D SPACE',''
  ) );
#10004 = ADVANCED_FACE('',(#10005),#3071,.T.);
#10005 = FACE_BOUND('',#10006,.T.);
#10006 = EDGE_LOOP('',(#10007,#10008,#10009,#10010));
#10007 = ORIENTED_EDGE('',*,*,#3057,.T.);
#10008 = ORIENTED_EDGE('',*,*,#9984,.T.);
#10009 = ORIENTED_EDGE('',*,*,#4904,.F.);
#10010 = ORIENTED_EDGE('',*,*,#10011,.F.);
#10011 = EDGE_CURVE('',#3025,#4877,#10012,.T.);
#10012 = SURFACE_CURVE('',#10013,(#10017,#10024),.PCURVE_S1.);
#10013 = LINE('',#10014,#10015);
#10014 = CARTESIAN_POINT('',(60.,189.45944084089,12.340559159102));
#10015 = VECTOR('',#10016,1.);
#10016 = DIRECTION('',(1.,0.,0.));
#10017 = PCURVE('',#3071,#10018);
#10018 = DEFINITIONAL_REPRESENTATION('',(#10019),#10023);
#10019 = LINE('',#10020,#10021);
#10020 = CARTESIAN_POINT('',(4.3,0.));
#10021 = VECTOR('',#10022,1.);
#10022 = DIRECTION('',(0.,-1.));
#10023 = ( GEOMETRIC_REPRESENTATION_CONTEXT(2) 
PARAMETRIC_REPRESENTATION_CONTEXT() REPRESENTATION_CONTEXT('2D SPACE',''
  ) );
#10024 = PCURVE('',#3045,#10025);
#10025 = DEFINITIONAL_REPRESENTATION('',(#10026),#10030);
#10026 = LINE('',#10027,#10028);
#10027 = CARTESIAN_POINT('',(2.356194490192,-0.));
#10028 = VECTOR('',#10029,1.);
#10029 = DIRECTION('',(-0.,-1.));
#10030 = ( GEOMETRIC_REPRESENTATION_CONTEXT(2) 
PARAMETRIC_REPRESENTATION_CONTEXT() REPRESENTATION_CONTEXT('2D SPACE',''
  ) );
#10031 = ADVANCED_FACE('',(#10032),#3045,.F.);
#10032 = FACE_BOUND('',#10033,.T.);
#10033 = EDGE_LOOP('',(#10034,#10035,#10036,#10037));
#10034 = ORIENTED_EDGE('',*,*,#9962,.F.);
#10035 = ORIENTED_EDGE('',*,*,#3024,.T.);
#10036 = ORIENTED_EDGE('',*,*,#10011,.T.);
#10037 = ORIENTED_EDGE('',*,*,#4876,.F.);
#10038 = ADVANCED_FACE('',(#10039),#3103,.T.);
#10039 = FACE_BOUND('',#10040,.T.);
#10040 = EDGE_LOOP('',(#10041,#10042,#10063,#10064));
#10041 = ORIENTED_EDGE('',*,*,#3085,.T.);
#10042 = ORIENTED_EDGE('',*,*,#10043,.T.);
#10043 = EDGE_CURVE('',#3088,#5024,#10044,.T.);
#10044 = SURFACE_CURVE('',#10045,(#10049,#10056),.PCURVE_S1.);
#10045 = LINE('',#10046,#10047);
#10046 = CARTESIAN_POINT('',(60.,151.82132034356,5.));
#10047 = VECTOR('',#10048,1.);
#10048 = DIRECTION('',(1.,0.,0.));
#10049 = PCURVE('',#3103,#10050);
#10050 = DEFINITIONAL_REPRESENTATION('',(#10051),#10055);
#10051 = LINE('',#10052,#10053);
#10052 = CARTESIAN_POINT('',(0.,0.));
#10053 = VECTOR('',#10054,1.);
#10054 = DIRECTION('',(0.,-1.));
#10055 = ( GEOMETRIC_REPRESENTATION_CONTEXT(2) 
PARAMETRIC_REPRESENTATION_CONTEXT() REPRESENTATION_CONTEXT('2D SPACE',''
  ) );
#10056 = PCURVE('',#3131,#10057);
#10057 = DEFINITIONAL_REPRESENTATION('',(#10058),#10062);
#10058 = LINE('',#10059,#10060);
#10059 = CARTESIAN_POINT('',(26.957359312881,0.));
#10060 = VECTOR('',#10061,1.);
#10061 = DIRECTION('',(0.,-1.));
#10062 = ( GEOMETRIC_REPRESENTATION_CONTEXT(2) 
PARAMETRIC_REPRESENTATION_CONTEXT() REPRESENTATION_CONTEXT('2D SPACE',''
  ) );
#10063 = ORIENTED_EDGE('',*,*,#5021,.F.);
#10064 = ORIENTED_EDGE('',*,*,#10065,.F.);
#10065 = EDGE_CURVE('',#3086,#5022,#10066,.T.);
#10066 = SURFACE_CURVE('',#10067,(#10071,#10078),.PCURVE_S1.);
#10067 = LINE('',#10068,#10069);
#10068 = CARTESIAN_POINT('',(60.,138.34264068711,18.47867965644));
#10069 = VECTOR('',#10070,1.);
#10070 = DIRECTION('',(1.,0.,0.));
#10071 = PCURVE('',#3103,#10072);
#10072 = DEFINITIONAL_REPRESENTATION('',(#10073),#10077);
#10073 = LINE('',#10074,#10075);
#10074 = CARTESIAN_POINT('',(19.06173157302,0.));
#10075 = VECTOR('',#10076,1.);
#10076 = DIRECTION('',(0.,-1.));
#10077 = ( GEOMETRIC_REPRESENTATION_CONTEXT(2) 
PARAMETRIC_REPRESENTATION_CONTEXT() REPRESENTATION_CONTEXT('2D SPACE',''
  ) );
#10078 = PCURVE('',#3157,#10079);
#10079 = DEFINITIONAL_REPRESENTATION('',(#10080),#10084);
#10080 = LINE('',#10081,#10082);
#10081 = CARTESIAN_POINT('',(0.,0.));
#10082 = VECTOR('',#10083,1.);
#10083 = DIRECTION('',(0.,-1.));
#10084 = ( GEOMETRIC_REPRESENTATION_CONTEXT(2) 
PARAMETRIC_REPRESENTATION_CONTEXT() REPRESENTATION_CONTEXT('2D SPACE',''
  ) );
#10085 = ADVANCED_FACE('',(#10086),#3157,.T.);
#10086 = FACE_BOUND('',#10087,.T.);
#10087 = EDGE_LOOP('',(#10088,#10089,#10090,#10091));
#10088 = ORIENTED_EDGE('',*,*,#3143,.T.);
#10089 = ORIENTED_EDGE('',*,*,#10065,.T.);
#10090 = ORIENTED_EDGE('',*,*,#5069,.F.);
#10091 = ORIENTED_EDGE('',*,*,#10092,.F.);
#10092 = EDGE_CURVE('',#3116,#5047,#10093,.T.);
#10093 = SURFACE_CURVE('',#10094,(#10098,#10105),.PCURVE_S1.);
#10094 = LINE('',#10095,#10096);
#10095 = CARTESIAN_POINT('',(60.,124.86396103067,5.));
#10096 = VECTOR('',#10097,1.);
#10097 = DIRECTION('',(1.,0.,0.));
#10098 = PCURVE('',#3157,#10099);
#10099 = DEFINITIONAL_REPRESENTATION('',(#10100),#10104);
#10100 = LINE('',#10101,#10102);
#10101 = CARTESIAN_POINT('',(19.06173157302,0.));
#10102 = VECTOR('',#10103,1.);
#10103 = DIRECTION('',(0.,-1.));
#10104 = ( GEOMETRIC_REPRESENTATION_CONTEXT(2) 
PARAMETRIC_REPRESENTATION_CONTEXT() REPRESENTATION_CONTEXT('2D SPACE',''
  ) );
#10105 = PCURVE('',#3131,#10106);
#10106 = DEFINITIONAL_REPRESENTATION('',(#10107),#10111);
#10107 = LINE('',#10108,#10109);
#10108 = CARTESIAN_POINT('',(0.,0.));
#10109 = VECTOR('',#10110,1.);
#10110 = DIRECTION('',(0.,-1.));
#10111 = ( GEOMETRIC_REPRESENTATION_CONTEXT(2) 
PARAMETRIC_REPRESENTATION_CONTEXT() REPRESENTATION_CONTEXT('2D SPACE',''
  ) );
#10112 = ADVANCED_FACE('',(#10113),#3131,.T.);
#10113 = FACE_BOUND('',#10114,.T.);
#10114 = EDGE_LOOP('',(#10115,#10116,#10117,#10118));
#10115 = ORIENTED_EDGE('',*,*,#3115,.T.);
#10116 = ORIENTED_EDGE('',*,*,#10092,.T.);
#10117 = ORIENTED_EDGE('',*,*,#5046,.F.);
#10118 = ORIENTED_EDGE('',*,*,#10043,.F.);
#10119 = ADVANCED_FACE('',(#10120),#3189,.T.);
#10120 = FACE_BOUND('',#10121,.T.);
#10121 = EDGE_LOOP('',(#10122,#10123,#10144,#10145));
#10122 = ORIENTED_EDGE('',*,*,#3171,.T.);
#10123 = ORIENTED_EDGE('',*,*,#10124,.T.);
#10124 = EDGE_CURVE('',#3174,#4930,#10125,.T.);
#10125 = SURFACE_CURVE('',#10126,(#10130,#10137),.PCURVE_S1.);
#10126 = LINE('',#10127,#10128);
#10127 = CARTESIAN_POINT('',(60.,155.46396103067,5.6));
#10128 = VECTOR('',#10129,1.);
#10129 = DIRECTION('',(1.,0.,0.));
#10130 = PCURVE('',#3189,#10131);
#10131 = DEFINITIONAL_REPRESENTATION('',(#10132),#10136);
#10132 = LINE('',#10133,#10134);
#10133 = CARTESIAN_POINT('',(0.,0.));
#10134 = VECTOR('',#10135,1.);
#10135 = DIRECTION('',(0.,-1.));
#10136 = ( GEOMETRIC_REPRESENTATION_CONTEXT(2) 
PARAMETRIC_REPRESENTATION_CONTEXT() REPRESENTATION_CONTEXT('2D SPACE',''
  ) );
#10137 = PCURVE('',#3217,#10138);
#10138 = DEFINITIONAL_REPRESENTATION('',(#10139),#10143);
#10139 = LINE('',#10140,#10141);
#10140 = CARTESIAN_POINT('',(21.213203435596,0.));
#10141 = VECTOR('',#10142,1.);
#10142 = DIRECTION('',(0.,-1.));
#10143 = ( GEOMETRIC_REPRESENTATION_CONTEXT(2) 
PARAMETRIC_REPRESENTATION_CONTEXT() REPRESENTATION_CONTEXT('2D SPACE',''
  ) );
#10144 = ORIENTED_EDGE('',*,*,#4927,.F.);
#10145 = ORIENTED_EDGE('',*,*,#10146,.F.);
#10146 = EDGE_CURVE('',#3172,#4928,#10147,.T.);
#10147 = SURFACE_CURVE('',#10148,(#10152,#10159),.PCURVE_S1.);
#10148 = LINE('',#10149,#10150);
#10149 = CARTESIAN_POINT('',(60.,170.46396103067,20.6));
#10150 = VECTOR('',#10151,1.);
#10151 = DIRECTION('',(1.,0.,0.));
#10152 = PCURVE('',#3189,#10153);
#10153 = DEFINITIONAL_REPRESENTATION('',(#10154),#10158);
#10154 = LINE('',#10155,#10156);
#10155 = CARTESIAN_POINT('',(21.213203435596,0.));
#10156 = VECTOR('',#10157,1.);
#10157 = DIRECTION('',(0.,-1.));
#10158 = ( GEOMETRIC_REPRESENTATION_CONTEXT(2) 
PARAMETRIC_REPRESENTATION_CONTEXT() REPRESENTATION_CONTEXT('2D SPACE',''
  ) );
#10159 = PCURVE('',#3271,#10160);
#10160 = DEFINITIONAL_REPRESENTATION('',(#10161),#10165);
#10161 = LINE('',#10162,#10163);
#10162 = CARTESIAN_POINT('',(0.,0.));
#10163 = VECTOR('',#10164,1.);
#10164 = DIRECTION('',(0.,-1.));
#10165 = ( GEOMETRIC_REPRESENTATION_CONTEXT(2) 
PARAMETRIC_REPRESENTATION_CONTEXT() REPRESENTATION_CONTEXT('2D SPACE',''
  ) );
#10166 = ADVANCED_FACE('',(#10167),#3271,.T.);
#10167 = FACE_BOUND('',#10168,.T.);
#10168 = EDGE_LOOP('',(#10169,#10170,#10171,#10172));
#10169 = ORIENTED_EDGE('',*,*,#3257,.T.);
#10170 = ORIENTED_EDGE('',*,*,#10146,.T.);
#10171 = ORIENTED_EDGE('',*,*,#4998,.F.);
#10172 = ORIENTED_EDGE('',*,*,#10173,.F.);
#10173 = EDGE_CURVE('',#3230,#4976,#10174,.T.);
#10174 = SURFACE_CURVE('',#10175,(#10179,#10186),.PCURVE_S1.);
#10175 = LINE('',#10176,#10177);
#10176 = CARTESIAN_POINT('',(60.,155.46396103067,35.6));
#10177 = VECTOR('',#10178,1.);
#10178 = DIRECTION('',(1.,0.,0.));
#10179 = PCURVE('',#3271,#10180);
#10180 = DEFINITIONAL_REPRESENTATION('',(#10181),#10185);
#10181 = LINE('',#10182,#10183);
#10182 = CARTESIAN_POINT('',(21.213203435596,0.));
#10183 = VECTOR('',#10184,1.);
#10184 = DIRECTION('',(0.,-1.));
#10185 = ( GEOMETRIC_REPRESENTATION_CONTEXT(2) 
PARAMETRIC_REPRESENTATION_CONTEXT() REPRESENTATION_CONTEXT('2D SPACE',''
  ) );
#10186 = PCURVE('',#3245,#10187);
#10187 = DEFINITIONAL_REPRESENTATION('',(#10188),#10192);
#10188 = LINE('',#10189,#10190);
#10189 = CARTESIAN_POINT('',(0.,0.));
#10190 = VECTOR('',#10191,1.);
#10191 = DIRECTION('',(0.,-1.));
#10192 = ( GEOMETRIC_REPRESENTATION_CONTEXT(2) 
PARAMETRIC_REPRESENTATION_CONTEXT() REPRESENTATION_CONTEXT('2D SPACE',''
  ) );
#10193 = ADVANCED_FACE('',(#10194),#3217,.T.);
#10194 = FACE_BOUND('',#10195,.T.);
#10195 = EDGE_LOOP('',(#10196,#10197,#10218,#10219));
#10196 = ORIENTED_EDGE('',*,*,#3201,.T.);
#10197 = ORIENTED_EDGE('',*,*,#10198,.T.);
#10198 = EDGE_CURVE('',#3202,#4953,#10199,.T.);
#10199 = SURFACE_CURVE('',#10200,(#10204,#10211),.PCURVE_S1.);
#10200 = LINE('',#10201,#10202);
#10201 = CARTESIAN_POINT('',(60.,140.46396103067,20.6));
#10202 = VECTOR('',#10203,1.);
#10203 = DIRECTION('',(1.,0.,0.));
#10204 = PCURVE('',#3217,#10205);
#10205 = DEFINITIONAL_REPRESENTATION('',(#10206),#10210);
#10206 = LINE('',#10207,#10208);
#10207 = CARTESIAN_POINT('',(0.,0.));
#10208 = VECTOR('',#10209,1.);
#10209 = DIRECTION('',(0.,-1.));
#10210 = ( GEOMETRIC_REPRESENTATION_CONTEXT(2) 
PARAMETRIC_REPRESENTATION_CONTEXT() REPRESENTATION_CONTEXT('2D SPACE',''
  ) );
#10211 = PCURVE('',#3245,#10212);
#10212 = DEFINITIONAL_REPRESENTATION('',(#10213),#10217);
#10213 = LINE('',#10214,#10215);
#10214 = CARTESIAN_POINT('',(21.213203435596,0.));
#10215 = VECTOR('',#10216,1.);
#10216 = DIRECTION('',(0.,-1.));
#10217 = ( GEOMETRIC_REPRESENTATION_CONTEXT(2) 
PARAMETRIC_REPRESENTATION_CONTEXT() REPRESENTATION_CONTEXT('2D SPACE',''
  ) );
#10218 = ORIENTED_EDGE('',*,*,#4952,.F.);
#10219 = ORIENTED_EDGE('',*,*,#10124,.F.);
#10220 = ADVANCED_FACE('',(#10221),#3245,.T.);
#10221 = FACE_BOUND('',#10222,.T.);
#10222 = EDGE_LOOP('',(#10223,#10224,#10225,#10226));
#10223 = ORIENTED_EDGE('',*,*,#3229,.T.);
#10224 = ORIENTED_EDGE('',*,*,#10173,.T.);
#10225 = ORIENTED_EDGE('',*,*,#4975,.F.);
#10226 = ORIENTED_EDGE('',*,*,#10198,.F.);
#10227 = ADVANCED_FACE('',(#10228),#3303,.T.);
#10228 = FACE_BOUND('',#10229,.T.);
#10229 = EDGE_LOOP('',(#10230,#10231,#10252,#10253));
#10230 = ORIENTED_EDGE('',*,*,#3285,.T.);
#10231 = ORIENTED_EDGE('',*,*,#10232,.T.);
#10232 = EDGE_CURVE('',#3288,#5095,#10233,.T.);
#10233 = SURFACE_CURVE('',#10234,(#10238,#10245),.PCURVE_S1.);
#10234 = LINE('',#10235,#10236);
#10235 = CARTESIAN_POINT('',(60.,121.22132034356,5.6));
#10236 = VECTOR('',#10237,1.);
#10237 = DIRECTION('',(1.,0.,0.));
#10238 = PCURVE('',#3303,#10239);
#10239 = DEFINITIONAL_REPRESENTATION('',(#10240),#10244);
#10240 = LINE('',#10241,#10242);
#10241 = CARTESIAN_POINT('',(0.,0.));
#10242 = VECTOR('',#10243,1.);
#10243 = DIRECTION('',(0.,-1.));
#10244 = ( GEOMETRIC_REPRESENTATION_CONTEXT(2) 
PARAMETRIC_REPRESENTATION_CONTEXT() REPRESENTATION_CONTEXT('2D SPACE',''
  ) );
#10245 = PCURVE('',#3331,#10246);
#10246 = DEFINITIONAL_REPRESENTATION('',(#10247),#10251);
#10247 = LINE('',#10248,#10249);
#10248 = CARTESIAN_POINT('',(21.213203435596,0.));
#10249 = VECTOR('',#10250,1.);
#10250 = DIRECTION('',(0.,-1.));
#10251 = ( GEOMETRIC_REPRESENTATION_CONTEXT(2) 
PARAMETRIC_REPRESENTATION_CONTEXT() REPRESENTATION_CONTEXT('2D SPACE',''
  ) );
#10252 = ORIENTED_EDGE('',*,*,#5092,.F.);
#10253 = ORIENTED_EDGE('',*,*,#10254,.F.);
#10254 = EDGE_CURVE('',#3286,#5093,#10255,.T.);
#10255 = SURFACE_CURVE('',#10256,(#10260,#10267),.PCURVE_S1.);
#10256 = LINE('',#10257,#10258);
#10257 = CARTESIAN_POINT('',(60.,136.22132034356,20.6));
#10258 = VECTOR('',#10259,1.);
#10259 = DIRECTION('',(1.,0.,0.));
#10260 = PCURVE('',#3303,#10261);
#10261 = DEFINITIONAL_REPRESENTATION('',(#10262),#10266);
#10262 = LINE('',#10263,#10264);
#10263 = CARTESIAN_POINT('',(21.213203435596,0.));
#10264 = VECTOR('',#10265,1.);
#10265 = DIRECTION('',(0.,-1.));
#10266 = ( GEOMETRIC_REPRESENTATION_CONTEXT(2) 
PARAMETRIC_REPRESENTATION_CONTEXT() REPRESENTATION_CONTEXT('2D SPACE',''
  ) );
#10267 = PCURVE('',#3385,#10268);
#10268 = DEFINITIONAL_REPRESENTATION('',(#10269),#10273);
#10269 = LINE('',#10270,#10271);
#10270 = CARTESIAN_POINT('',(0.,0.));
#10271 = VECTOR('',#10272,1.);
#10272 = DIRECTION('',(0.,-1.));
#10273 = ( GEOMETRIC_REPRESENTATION_CONTEXT(2) 
PARAMETRIC_REPRESENTATION_CONTEXT() REPRESENTATION_CONTEXT('2D SPACE',''
  ) );
#10274 = ADVANCED_FACE('',(#10275),#3385,.T.);
#10275 = FACE_BOUND('',#10276,.T.);
#10276 = EDGE_LOOP('',(#10277,#10278,#10279,#10280));
#10277 = ORIENTED_EDGE('',*,*,#3371,.T.);
#10278 = ORIENTED_EDGE('',*,*,#10254,.T.);
#10279 = ORIENTED_EDGE('',*,*,#5163,.F.);
#10280 = ORIENTED_EDGE('',*,*,#10281,.F.);
#10281 = EDGE_CURVE('',#3344,#5141,#10282,.T.);
#10282 = SURFACE_CURVE('',#10283,(#10287,#10294),.PCURVE_S1.);
#10283 = LINE('',#10284,#10285);
#10284 = CARTESIAN_POINT('',(60.,121.22132034356,35.6));
#10285 = VECTOR('',#10286,1.);
#10286 = DIRECTION('',(1.,0.,0.));
#10287 = PCURVE('',#3385,#10288);
#10288 = DEFINITIONAL_REPRESENTATION('',(#10289),#10293);
#10289 = LINE('',#10290,#10291);
#10290 = CARTESIAN_POINT('',(21.213203435596,0.));
#10291 = VECTOR('',#10292,1.);
#10292 = DIRECTION('',(0.,-1.));
#10293 = ( GEOMETRIC_REPRESENTATION_CONTEXT(2) 
PARAMETRIC_REPRESENTATION_CONTEXT() REPRESENTATION_CONTEXT('2D SPACE',''
  ) );
#10294 = PCURVE('',#3359,#10295);
#10295 = DEFINITIONAL_REPRESENTATION('',(#10296),#10300);
#10296 = LINE('',#10297,#10298);
#10297 = CARTESIAN_POINT('',(0.,0.));
#10298 = VECTOR('',#10299,1.);
#10299 = DIRECTION('',(0.,-1.));
#10300 = ( GEOMETRIC_REPRESENTATION_CONTEXT(2) 
PARAMETRIC_REPRESENTATION_CONTEXT() REPRESENTATION_CONTEXT('2D SPACE',''
  ) );
#10301 = ADVANCED_FACE('',(#10302),#3331,.T.);
#10302 = FACE_BOUND('',#10303,.T.);
#10303 = EDGE_LOOP('',(#10304,#10305,#10326,#10327));
#10304 = ORIENTED_EDGE('',*,*,#3315,.T.);
#10305 = ORIENTED_EDGE('',*,*,#10306,.T.);
#10306 = EDGE_CURVE('',#3316,#5118,#10307,.T.);
#10307 = SURFACE_CURVE('',#10308,(#10312,#10319),.PCURVE_S1.);
#10308 = LINE('',#10309,#10310);
#10309 = CARTESIAN_POINT('',(60.,106.22132034356,20.6));
#10310 = VECTOR('',#10311,1.);
#10311 = DIRECTION('',(1.,0.,0.));
#10312 = PCURVE('',#3331,#10313);
#10313 = DEFINITIONAL_REPRESENTATION('',(#10314),#10318);
#10314 = LINE('',#10315,#10316);
#10315 = CARTESIAN_POINT('',(0.,0.));
#10316 = VECTOR('',#10317,1.);
#10317 = DIRECTION('',(0.,-1.));
#10318 = ( GEOMETRIC_REPRESENTATION_CONTEXT(2) 
PARAMETRIC_REPRESENTATION_CONTEXT() REPRESENTATION_CONTEXT('2D SPACE',''
  ) );
#10319 = PCURVE('',#3359,#10320);
#10320 = DEFINITIONAL_REPRESENTATION('',(#10321),#10325);
#10321 = LINE('',#10322,#10323);
#10322 = CARTESIAN_POINT('',(21.213203435596,0.));
#10323 = VECTOR('',#10324,1.);
#10324 = DIRECTION('',(0.,-1.));
#10325 = ( GEOMETRIC_REPRESENTATION_CONTEXT(2) 
PARAMETRIC_REPRESENTATION_CONTEXT() REPRESENTATION_CONTEXT('2D SPACE',''
  ) );
#10326 = ORIENTED_EDGE('',*,*,#5117,.F.);
#10327 = ORIENTED_EDGE('',*,*,#10232,.F.);
#10328 = ADVANCED_FACE('',(#10329),#3359,.T.);
#10329 = FACE_BOUND('',#10330,.T.);
#10330 = EDGE_LOOP('',(#10331,#10332,#10333,#10334));
#10331 = ORIENTED_EDGE('',*,*,#3343,.T.);
#10332 = ORIENTED_EDGE('',*,*,#10281,.T.);
#10333 = ORIENTED_EDGE('',*,*,#5140,.F.);
#10334 = ORIENTED_EDGE('',*,*,#10306,.F.);
#10335 = ADVANCED_FACE('',(#10336),#3417,.T.);
#10336 = FACE_BOUND('',#10337,.T.);
#10337 = EDGE_LOOP('',(#10338,#10339,#10360,#10361));
#10338 = ORIENTED_EDGE('',*,*,#3399,.T.);
#10339 = ORIENTED_EDGE('',*,*,#10340,.T.);
#10340 = EDGE_CURVE('',#3402,#5189,#10341,.T.);
#10341 = SURFACE_CURVE('',#10342,(#10346,#10353),.PCURVE_S1.);
#10342 = LINE('',#10343,#10344);
#10343 = CARTESIAN_POINT('',(60.,195.5405591591,37.340559159102));
#10344 = VECTOR('',#10345,1.);
#10345 = DIRECTION('',(1.,0.,0.));
#10346 = PCURVE('',#3417,#10347);
#10347 = DEFINITIONAL_REPRESENTATION('',(#10348),#10352);
#10348 = LINE('',#10349,#10350);
#10349 = CARTESIAN_POINT('',(0.,0.));
#10350 = VECTOR('',#10351,1.);
#10351 = DIRECTION('',(0.,-1.));
#10352 = ( GEOMETRIC_REPRESENTATION_CONTEXT(2) 
PARAMETRIC_REPRESENTATION_CONTEXT() REPRESENTATION_CONTEXT('2D SPACE',''
  ) );
#10353 = PCURVE('',#3450,#10354);
#10354 = DEFINITIONAL_REPRESENTATION('',(#10355),#10359);
#10355 = LINE('',#10356,#10357);
#10356 = CARTESIAN_POINT('',(-2.356194490192,0.));
#10357 = VECTOR('',#10358,1.);
#10358 = DIRECTION('',(-0.,-1.));
#10359 = ( GEOMETRIC_REPRESENTATION_CONTEXT(2) 
PARAMETRIC_REPRESENTATION_CONTEXT() REPRESENTATION_CONTEXT('2D SPACE',''
  ) );
#10360 = ORIENTED_EDGE('',*,*,#5186,.F.);
#10361 = ORIENTED_EDGE('',*,*,#10362,.F.);
#10362 = EDGE_CURVE('',#3400,#5187,#10363,.T.);
#10363 = SURFACE_CURVE('',#10364,(#10368,#10375),.PCURVE_S1.);
#10364 = LINE('',#10365,#10366);
#10365 = CARTESIAN_POINT('',(60.,192.5,40.381118318204));
#10366 = VECTOR('',#10367,1.);
#10367 = DIRECTION('',(1.,0.,0.));
#10368 = PCURVE('',#3417,#10369);
#10369 = DEFINITIONAL_REPRESENTATION('',(#10370),#10374);
#10370 = LINE('',#10371,#10372);
#10371 = CARTESIAN_POINT('',(4.3,0.));
#10372 = VECTOR('',#10373,1.);
#10373 = DIRECTION('',(0.,-1.));
#10374 = ( GEOMETRIC_REPRESENTATION_CONTEXT(2) 
PARAMETRIC_REPRESENTATION_CONTEXT() REPRESENTATION_CONTEXT('2D SPACE',''
  ) );
#10375 = PCURVE('',#3476,#10376);
#10376 = DEFINITIONAL_REPRESENTATION('',(#10377),#10381);
#10377 = LINE('',#10378,#10379);
#10378 = CARTESIAN_POINT('',(0.,0.));
#10379 = VECTOR('',#10380,1.);
#10380 = DIRECTION('',(0.,-1.));
#10381 = ( GEOMETRIC_REPRESENTATION_CONTEXT(2) 
PARAMETRIC_REPRESENTATION_CONTEXT() REPRESENTATION_CONTEXT('2D SPACE',''
  ) );
#10382 = ADVANCED_FACE('',(#10383),#3476,.T.);
#10383 = FACE_BOUND('',#10384,.T.);
#10384 = EDGE_LOOP('',(#10385,#10386,#10387,#10388));
#10385 = ORIENTED_EDGE('',*,*,#3462,.T.);
#10386 = ORIENTED_EDGE('',*,*,#10362,.T.);
#10387 = ORIENTED_EDGE('',*,*,#5239,.F.);
#10388 = ORIENTED_EDGE('',*,*,#10389,.F.);
#10389 = EDGE_CURVE('',#3430,#5212,#10390,.T.);
#10390 = SURFACE_CURVE('',#10391,(#10395,#10402),.PCURVE_S1.);
#10391 = LINE('',#10392,#10393);
#10392 = CARTESIAN_POINT('',(60.,189.45944084089,37.340559159102));
#10393 = VECTOR('',#10394,1.);
#10394 = DIRECTION('',(1.,0.,0.));
#10395 = PCURVE('',#3476,#10396);
#10396 = DEFINITIONAL_REPRESENTATION('',(#10397),#10401);
#10397 = LINE('',#10398,#10399);
#10398 = CARTESIAN_POINT('',(4.3,0.));
#10399 = VECTOR('',#10400,1.);
#10400 = DIRECTION('',(0.,-1.));
#10401 = ( GEOMETRIC_REPRESENTATION_CONTEXT(2) 
PARAMETRIC_REPRESENTATION_CONTEXT() REPRESENTATION_CONTEXT('2D SPACE',''
  ) );
#10402 = PCURVE('',#3450,#10403);
#10403 = DEFINITIONAL_REPRESENTATION('',(#10404),#10408);
#10404 = LINE('',#10405,#10406);
#10405 = CARTESIAN_POINT('',(2.356194490192,-0.));
#10406 = VECTOR('',#10407,1.);
#10407 = DIRECTION('',(-0.,-1.));
#10408 = ( GEOMETRIC_REPRESENTATION_CONTEXT(2) 
PARAMETRIC_REPRESENTATION_CONTEXT() REPRESENTATION_CONTEXT('2D SPACE',''
  ) );
#10409 = ADVANCED_FACE('',(#10410),#3450,.F.);
#10410 = FACE_BOUND('',#10411,.T.);
#10411 = EDGE_LOOP('',(#10412,#10413,#10414,#10415));
#10412 = ORIENTED_EDGE('',*,*,#10340,.F.);
#10413 = ORIENTED_EDGE('',*,*,#3429,.T.);
#10414 = ORIENTED_EDGE('',*,*,#10389,.T.);
#10415 = ORIENTED_EDGE('',*,*,#5211,.F.);
#10416 = ADVANCED_FACE('',(#10417),#3508,.T.);
#10417 = FACE_BOUND('',#10418,.T.);
#10418 = EDGE_LOOP('',(#10419,#10420,#10441,#10442));
#10419 = ORIENTED_EDGE('',*,*,#3490,.T.);
#10420 = ORIENTED_EDGE('',*,*,#10421,.T.);
#10421 = EDGE_CURVE('',#3493,#5265,#10422,.T.);
#10422 = SURFACE_CURVE('',#10423,(#10427,#10434),.PCURVE_S1.);
#10423 = LINE('',#10424,#10425);
#10424 = CARTESIAN_POINT('',(60.,117.57867965644,5.));
#10425 = VECTOR('',#10426,1.);
#10426 = DIRECTION('',(1.,0.,0.));
#10427 = PCURVE('',#3508,#10428);
#10428 = DEFINITIONAL_REPRESENTATION('',(#10429),#10433);
#10429 = LINE('',#10430,#10431);
#10430 = CARTESIAN_POINT('',(0.,0.));
#10431 = VECTOR('',#10432,1.);
#10432 = DIRECTION('',(0.,-1.));
#10433 = ( GEOMETRIC_REPRESENTATION_CONTEXT(2) 
PARAMETRIC_REPRESENTATION_CONTEXT() REPRESENTATION_CONTEXT('2D SPACE',''
  ) );
#10434 = PCURVE('',#3536,#10435);
#10435 = DEFINITIONAL_REPRESENTATION('',(#10436),#10440);
#10436 = LINE('',#10437,#10438);
#10437 = CARTESIAN_POINT('',(26.957359312881,0.));
#10438 = VECTOR('',#10439,1.);
#10439 = DIRECTION('',(0.,-1.));
#10440 = ( GEOMETRIC_REPRESENTATION_CONTEXT(2) 
PARAMETRIC_REPRESENTATION_CONTEXT() REPRESENTATION_CONTEXT('2D SPACE',''
  ) );
#10441 = ORIENTED_EDGE('',*,*,#5262,.F.);
#10442 = ORIENTED_EDGE('',*,*,#10443,.F.);
#10443 = EDGE_CURVE('',#3491,#5263,#10444,.T.);
#10444 = SURFACE_CURVE('',#10445,(#10449,#10456),.PCURVE_S1.);
#10445 = LINE('',#10446,#10447);
#10446 = CARTESIAN_POINT('',(60.,104.1,18.47867965644));
#10447 = VECTOR('',#10448,1.);
#10448 = DIRECTION('',(1.,0.,0.));
#10449 = PCURVE('',#3508,#10450);
#10450 = DEFINITIONAL_REPRESENTATION('',(#10451),#10455);
#10451 = LINE('',#10452,#10453);
#10452 = CARTESIAN_POINT('',(19.06173157302,0.));
#10453 = VECTOR('',#10454,1.);
#10454 = DIRECTION('',(0.,-1.));
#10455 = ( GEOMETRIC_REPRESENTATION_CONTEXT(2) 
PARAMETRIC_REPRESENTATION_CONTEXT() REPRESENTATION_CONTEXT('2D SPACE',''
  ) );
#10456 = PCURVE('',#3562,#10457);
#10457 = DEFINITIONAL_REPRESENTATION('',(#10458),#10462);
#10458 = LINE('',#10459,#10460);
#10459 = CARTESIAN_POINT('',(0.,0.));
#10460 = VECTOR('',#10461,1.);
#10461 = DIRECTION('',(0.,-1.));
#10462 = ( GEOMETRIC_REPRESENTATION_CONTEXT(2) 
PARAMETRIC_REPRESENTATION_CONTEXT() REPRESENTATION_CONTEXT('2D SPACE',''
  ) );
#10463 = ADVANCED_FACE('',(#10464),#3562,.T.);
#10464 = FACE_BOUND('',#10465,.T.);
#10465 = EDGE_LOOP('',(#10466,#10467,#10468,#10469));
#10466 = ORIENTED_EDGE('',*,*,#3548,.T.);
#10467 = ORIENTED_EDGE('',*,*,#10443,.T.);
#10468 = ORIENTED_EDGE('',*,*,#5310,.F.);
#10469 = ORIENTED_EDGE('',*,*,#10470,.F.);
#10470 = EDGE_CURVE('',#3521,#5288,#10471,.T.);
#10471 = SURFACE_CURVE('',#10472,(#10476,#10483),.PCURVE_S1.);
#10472 = LINE('',#10473,#10474);
#10473 = CARTESIAN_POINT('',(60.,90.62132034356,5.));
#10474 = VECTOR('',#10475,1.);
#10475 = DIRECTION('',(1.,0.,0.));
#10476 = PCURVE('',#3562,#10477);
#10477 = DEFINITIONAL_REPRESENTATION('',(#10478),#10482);
#10478 = LINE('',#10479,#10480);
#10479 = CARTESIAN_POINT('',(19.06173157302,0.));
#10480 = VECTOR('',#10481,1.);
#10481 = DIRECTION('',(0.,-1.));
#10482 = ( GEOMETRIC_REPRESENTATION_CONTEXT(2) 
PARAMETRIC_REPRESENTATION_CONTEXT() REPRESENTATION_CONTEXT('2D SPACE',''
  ) );
#10483 = PCURVE('',#3536,#10484);
#10484 = DEFINITIONAL_REPRESENTATION('',(#10485),#10489);
#10485 = LINE('',#10486,#10487);
#10486 = CARTESIAN_POINT('',(0.,0.));
#10487 = VECTOR('',#10488,1.);
#10488 = DIRECTION('',(0.,-1.));
#10489 = ( GEOMETRIC_REPRESENTATION_CONTEXT(2) 
PARAMETRIC_REPRESENTATION_CONTEXT() REPRESENTATION_CONTEXT('2D SPACE',''
  ) );
#10490 = ADVANCED_FACE('',(#10491),#3536,.T.);
#10491 = FACE_BOUND('',#10492,.T.);
#10492 = EDGE_LOOP('',(#10493,#10494,#10495,#10496));
#10493 = ORIENTED_EDGE('',*,*,#3520,.T.);
#10494 = ORIENTED_EDGE('',*,*,#10470,.T.);
#10495 = ORIENTED_EDGE('',*,*,#5287,.F.);
#10496 = ORIENTED_EDGE('',*,*,#10421,.F.);
#10497 = ADVANCED_FACE('',(#10498),#3594,.T.);
#10498 = FACE_BOUND('',#10499,.T.);
#10499 = EDGE_LOOP('',(#10500,#10501,#10522,#10523));
#10500 = ORIENTED_EDGE('',*,*,#3576,.T.);
#10501 = ORIENTED_EDGE('',*,*,#10502,.T.);
#10502 = EDGE_CURVE('',#3579,#5407,#10503,.T.);
#10503 = SURFACE_CURVE('',#10504,(#10508,#10515),.PCURVE_S1.);
#10504 = LINE('',#10505,#10506);
#10505 = CARTESIAN_POINT('',(60.,86.97867965644,5.6));
#10506 = VECTOR('',#10507,1.);
#10507 = DIRECTION('',(1.,0.,0.));
#10508 = PCURVE('',#3594,#10509);
#10509 = DEFINITIONAL_REPRESENTATION('',(#10510),#10514);
#10510 = LINE('',#10511,#10512);
#10511 = CARTESIAN_POINT('',(0.,0.));
#10512 = VECTOR('',#10513,1.);
#10513 = DIRECTION('',(0.,-1.));
#10514 = ( GEOMETRIC_REPRESENTATION_CONTEXT(2) 
PARAMETRIC_REPRESENTATION_CONTEXT() REPRESENTATION_CONTEXT('2D SPACE',''
  ) );
#10515 = PCURVE('',#3622,#10516);
#10516 = DEFINITIONAL_REPRESENTATION('',(#10517),#10521);
#10517 = LINE('',#10518,#10519);
#10518 = CARTESIAN_POINT('',(21.213203435596,0.));
#10519 = VECTOR('',#10520,1.);
#10520 = DIRECTION('',(0.,-1.));
#10521 = ( GEOMETRIC_REPRESENTATION_CONTEXT(2) 
PARAMETRIC_REPRESENTATION_CONTEXT() REPRESENTATION_CONTEXT('2D SPACE',''
  ) );
#10522 = ORIENTED_EDGE('',*,*,#5404,.F.);
#10523 = ORIENTED_EDGE('',*,*,#10524,.F.);
#10524 = EDGE_CURVE('',#3577,#5405,#10525,.T.);
#10525 = SURFACE_CURVE('',#10526,(#10530,#10537),.PCURVE_S1.);
#10526 = LINE('',#10527,#10528);
#10527 = CARTESIAN_POINT('',(60.,101.97867965644,20.6));
#10528 = VECTOR('',#10529,1.);
#10529 = DIRECTION('',(1.,0.,0.));
#10530 = PCURVE('',#3594,#10531);
#10531 = DEFINITIONAL_REPRESENTATION('',(#10532),#10536);
#10532 = LINE('',#10533,#10534);
#10533 = CARTESIAN_POINT('',(21.213203435596,0.));
#10534 = VECTOR('',#10535,1.);
#10535 = DIRECTION('',(0.,-1.));
#10536 = ( GEOMETRIC_REPRESENTATION_CONTEXT(2) 
PARAMETRIC_REPRESENTATION_CONTEXT() REPRESENTATION_CONTEXT('2D SPACE',''
  ) );
#10537 = PCURVE('',#3676,#10538);
#10538 = DEFINITIONAL_REPRESENTATION('',(#10539),#10543);
#10539 = LINE('',#10540,#10541);
#10540 = CARTESIAN_POINT('',(0.,0.));
#10541 = VECTOR('',#10542,1.);
#10542 = DIRECTION('',(0.,-1.));
#10543 = ( GEOMETRIC_REPRESENTATION_CONTEXT(2) 
PARAMETRIC_REPRESENTATION_CONTEXT() REPRESENTATION_CONTEXT('2D SPACE',''
  ) );
#10544 = ADVANCED_FACE('',(#10545),#3676,.T.);
#10545 = FACE_BOUND('',#10546,.T.);
#10546 = EDGE_LOOP('',(#10547,#10548,#10549,#10550));
#10547 = ORIENTED_EDGE('',*,*,#3662,.T.);
#10548 = ORIENTED_EDGE('',*,*,#10524,.T.);
#10549 = ORIENTED_EDGE('',*,*,#5475,.F.);
#10550 = ORIENTED_EDGE('',*,*,#10551,.F.);
#10551 = EDGE_CURVE('',#3635,#5453,#10552,.T.);
#10552 = SURFACE_CURVE('',#10553,(#10557,#10564),.PCURVE_S1.);
#10553 = LINE('',#10554,#10555);
#10554 = CARTESIAN_POINT('',(60.,86.97867965644,35.6));
#10555 = VECTOR('',#10556,1.);
#10556 = DIRECTION('',(1.,0.,0.));
#10557 = PCURVE('',#3676,#10558);
#10558 = DEFINITIONAL_REPRESENTATION('',(#10559),#10563);
#10559 = LINE('',#10560,#10561);
#10560 = CARTESIAN_POINT('',(21.213203435596,0.));
#10561 = VECTOR('',#10562,1.);
#10562 = DIRECTION('',(0.,-1.));
#10563 = ( GEOMETRIC_REPRESENTATION_CONTEXT(2) 
PARAMETRIC_REPRESENTATION_CONTEXT() REPRESENTATION_CONTEXT('2D SPACE',''
  ) );
#10564 = PCURVE('',#3650,#10565);
#10565 = DEFINITIONAL_REPRESENTATION('',(#10566),#10570);
#10566 = LINE('',#10567,#10568);
#10567 = CARTESIAN_POINT('',(0.,0.));
#10568 = VECTOR('',#10569,1.);
#10569 = DIRECTION('',(0.,-1.));
#10570 = ( GEOMETRIC_REPRESENTATION_CONTEXT(2) 
PARAMETRIC_REPRESENTATION_CONTEXT() REPRESENTATION_CONTEXT('2D SPACE',''
  ) );
#10571 = ADVANCED_FACE('',(#10572),#3622,.T.);
#10572 = FACE_BOUND('',#10573,.T.);
#10573 = EDGE_LOOP('',(#10574,#10575,#10596,#10597));
#10574 = ORIENTED_EDGE('',*,*,#3606,.T.);
#10575 = ORIENTED_EDGE('',*,*,#10576,.T.);
#10576 = EDGE_CURVE('',#3607,#5430,#10577,.T.);
#10577 = SURFACE_CURVE('',#10578,(#10582,#10589),.PCURVE_S1.);
#10578 = LINE('',#10579,#10580);
#10579 = CARTESIAN_POINT('',(60.,71.97867965644,20.6));
#10580 = VECTOR('',#10581,1.);
#10581 = DIRECTION('',(1.,0.,0.));
#10582 = PCURVE('',#3622,#10583);
#10583 = DEFINITIONAL_REPRESENTATION('',(#10584),#10588);
#10584 = LINE('',#10585,#10586);
#10585 = CARTESIAN_POINT('',(0.,0.));
#10586 = VECTOR('',#10587,1.);
#10587 = DIRECTION('',(0.,-1.));
#10588 = ( GEOMETRIC_REPRESENTATION_CONTEXT(2) 
PARAMETRIC_REPRESENTATION_CONTEXT() REPRESENTATION_CONTEXT('2D SPACE',''
  ) );
#10589 = PCURVE('',#3650,#10590);
#10590 = DEFINITIONAL_REPRESENTATION('',(#10591),#10595);
#10591 = LINE('',#10592,#10593);
#10592 = CARTESIAN_POINT('',(21.213203435596,0.));
#10593 = VECTOR('',#10594,1.);
#10594 = DIRECTION('',(0.,-1.));
#10595 = ( GEOMETRIC_REPRESENTATION_CONTEXT(2) 
PARAMETRIC_REPRESENTATION_CONTEXT() REPRESENTATION_CONTEXT('2D SPACE',''
  ) );
#10596 = ORIENTED_EDGE('',*,*,#5429,.F.);
#10597 = ORIENTED_EDGE('',*,*,#10502,.F.);
#10598 = ADVANCED_FACE('',(#10599),#3650,.T.);
#10599 = FACE_BOUND('',#10600,.T.);
#10600 = EDGE_LOOP('',(#10601,#10602,#10603,#10604));
#10601 = ORIENTED_EDGE('',*,*,#3634,.T.);
#10602 = ORIENTED_EDGE('',*,*,#10551,.T.);
#10603 = ORIENTED_EDGE('',*,*,#5452,.F.);
#10604 = ORIENTED_EDGE('',*,*,#10576,.F.);
#10605 = ADVANCED_FACE('',(#10606),#3708,.T.);
#10606 = FACE_BOUND('',#10607,.T.);
#10607 = EDGE_LOOP('',(#10608,#10609,#10630,#10631));
#10608 = ORIENTED_EDGE('',*,*,#3690,.T.);
#10609 = ORIENTED_EDGE('',*,*,#10610,.T.);
#10610 = EDGE_CURVE('',#3693,#5336,#10611,.T.);
#10611 = SURFACE_CURVE('',#10612,(#10616,#10623),.PCURVE_S1.);
#10612 = LINE('',#10613,#10614);
#10613 = CARTESIAN_POINT('',(60.,83.336038969321,5.));
#10614 = VECTOR('',#10615,1.);
#10615 = DIRECTION('',(1.,0.,0.));
#10616 = PCURVE('',#3708,#10617);
#10617 = DEFINITIONAL_REPRESENTATION('',(#10618),#10622);
#10618 = LINE('',#10619,#10620);
#10619 = CARTESIAN_POINT('',(0.,0.));
#10620 = VECTOR('',#10621,1.);
#10621 = DIRECTION('',(0.,-1.));
#10622 = ( GEOMETRIC_REPRESENTATION_CONTEXT(2) 
PARAMETRIC_REPRESENTATION_CONTEXT() REPRESENTATION_CONTEXT('2D SPACE',''
  ) );
#10623 = PCURVE('',#3736,#10624);
#10624 = DEFINITIONAL_REPRESENTATION('',(#10625),#10629);
#10625 = LINE('',#10626,#10627);
#10626 = CARTESIAN_POINT('',(26.957359312881,0.));
#10627 = VECTOR('',#10628,1.);
#10628 = DIRECTION('',(0.,-1.));
#10629 = ( GEOMETRIC_REPRESENTATION_CONTEXT(2) 
PARAMETRIC_REPRESENTATION_CONTEXT() REPRESENTATION_CONTEXT('2D SPACE',''
  ) );
#10630 = ORIENTED_EDGE('',*,*,#5333,.F.);
#10631 = ORIENTED_EDGE('',*,*,#10632,.F.);
#10632 = EDGE_CURVE('',#3691,#5334,#10633,.T.);
#10633 = SURFACE_CURVE('',#10634,(#10638,#10645),.PCURVE_S1.);
#10634 = LINE('',#10635,#10636);
#10635 = CARTESIAN_POINT('',(60.,69.857359312881,18.47867965644));
#10636 = VECTOR('',#10637,1.);
#10637 = DIRECTION('',(1.,0.,0.));
#10638 = PCURVE('',#3708,#10639);
#10639 = DEFINITIONAL_REPRESENTATION('',(#10640),#10644);
#10640 = LINE('',#10641,#10642);
#10641 = CARTESIAN_POINT('',(19.06173157302,0.));
#10642 = VECTOR('',#10643,1.);
#10643 = DIRECTION('',(0.,-1.));
#10644 = ( GEOMETRIC_REPRESENTATION_CONTEXT(2) 
PARAMETRIC_REPRESENTATION_CONTEXT() REPRESENTATION_CONTEXT('2D SPACE',''
  ) );
#10645 = PCURVE('',#3762,#10646);
#10646 = DEFINITIONAL_REPRESENTATION('',(#10647),#10651);
#10647 = LINE('',#10648,#10649);
#10648 = CARTESIAN_POINT('',(0.,0.));
#10649 = VECTOR('',#10650,1.);
#10650 = DIRECTION('',(0.,-1.));
#10651 = ( GEOMETRIC_REPRESENTATION_CONTEXT(2) 
PARAMETRIC_REPRESENTATION_CONTEXT() REPRESENTATION_CONTEXT('2D SPACE',''
  ) );
#10652 = ADVANCED_FACE('',(#10653),#3762,.T.);
#10653 = FACE_BOUND('',#10654,.T.);
#10654 = EDGE_LOOP('',(#10655,#10656,#10657,#10658));
#10655 = ORIENTED_EDGE('',*,*,#3748,.T.);
#10656 = ORIENTED_EDGE('',*,*,#10632,.T.);
#10657 = ORIENTED_EDGE('',*,*,#5381,.F.);
#10658 = ORIENTED_EDGE('',*,*,#10659,.F.);
#10659 = EDGE_CURVE('',#3721,#5359,#10660,.T.);
#10660 = SURFACE_CURVE('',#10661,(#10665,#10672),.PCURVE_S1.);
#10661 = LINE('',#10662,#10663);
#10662 = CARTESIAN_POINT('',(60.,56.37867965644,5.));
#10663 = VECTOR('',#10664,1.);
#10664 = DIRECTION('',(1.,0.,0.));
#10665 = PCURVE('',#3762,#10666);
#10666 = DEFINITIONAL_REPRESENTATION('',(#10667),#10671);
#10667 = LINE('',#10668,#10669);
#10668 = CARTESIAN_POINT('',(19.06173157302,0.));
#10669 = VECTOR('',#10670,1.);
#10670 = DIRECTION('',(0.,-1.));
#10671 = ( GEOMETRIC_REPRESENTATION_CONTEXT(2) 
PARAMETRIC_REPRESENTATION_CONTEXT() REPRESENTATION_CONTEXT('2D SPACE',''
  ) );
#10672 = PCURVE('',#3736,#10673);
#10673 = DEFINITIONAL_REPRESENTATION('',(#10674),#10678);
#10674 = LINE('',#10675,#10676);
#10675 = CARTESIAN_POINT('',(0.,0.));
#10676 = VECTOR('',#10677,1.);
#10677 = DIRECTION('',(0.,-1.));
#10678 = ( GEOMETRIC_REPRESENTATION_CONTEXT(2) 
PARAMETRIC_REPRESENTATION_CONTEXT() REPRESENTATION_CONTEXT('2D SPACE',''
  ) );
#10679 = ADVANCED_FACE('',(#10680),#3736,.T.);
#10680 = FACE_BOUND('',#10681,.T.);
#10681 = EDGE_LOOP('',(#10682,#10683,#10684,#10685));
#10682 = ORIENTED_EDGE('',*,*,#3720,.T.);
#10683 = ORIENTED_EDGE('',*,*,#10659,.T.);
#10684 = ORIENTED_EDGE('',*,*,#5358,.F.);
#10685 = ORIENTED_EDGE('',*,*,#10610,.F.);
#10686 = ADVANCED_FACE('',(#10687),#3794,.T.);
#10687 = FACE_BOUND('',#10688,.T.);
#10688 = EDGE_LOOP('',(#10689,#10690,#10711,#10712));
#10689 = ORIENTED_EDGE('',*,*,#3776,.T.);
#10690 = ORIENTED_EDGE('',*,*,#10691,.T.);
#10691 = EDGE_CURVE('',#3779,#5592,#10692,.T.);
#10692 = SURFACE_CURVE('',#10693,(#10697,#10704),.PCURVE_S1.);
#10693 = LINE('',#10694,#10695);
#10694 = CARTESIAN_POINT('',(60.,52.736038969321,5.6));
#10695 = VECTOR('',#10696,1.);
#10696 = DIRECTION('',(1.,0.,0.));
#10697 = PCURVE('',#3794,#10698);
#10698 = DEFINITIONAL_REPRESENTATION('',(#10699),#10703);
#10699 = LINE('',#10700,#10701);
#10700 = CARTESIAN_POINT('',(0.,0.));
#10701 = VECTOR('',#10702,1.);
#10702 = DIRECTION('',(0.,-1.));
#10703 = ( GEOMETRIC_REPRESENTATION_CONTEXT(2) 
PARAMETRIC_REPRESENTATION_CONTEXT() REPRESENTATION_CONTEXT('2D SPACE',''
  ) );
#10704 = PCURVE('',#3822,#10705);
#10705 = DEFINITIONAL_REPRESENTATION('',(#10706),#10710);
#10706 = LINE('',#10707,#10708);
#10707 = CARTESIAN_POINT('',(21.213203435596,0.));
#10708 = VECTOR('',#10709,1.);
#10709 = DIRECTION('',(0.,-1.));
#10710 = ( GEOMETRIC_REPRESENTATION_CONTEXT(2) 
PARAMETRIC_REPRESENTATION_CONTEXT() REPRESENTATION_CONTEXT('2D SPACE',''
  ) );
#10711 = ORIENTED_EDGE('',*,*,#5589,.F.);
#10712 = ORIENTED_EDGE('',*,*,#10713,.F.);
#10713 = EDGE_CURVE('',#3777,#5590,#10714,.T.);
#10714 = SURFACE_CURVE('',#10715,(#10719,#10726),.PCURVE_S1.);
#10715 = LINE('',#10716,#10717);
#10716 = CARTESIAN_POINT('',(60.,67.736038969321,20.6));
#10717 = VECTOR('',#10718,1.);
#10718 = DIRECTION('',(1.,0.,0.));
#10719 = PCURVE('',#3794,#10720);
#10720 = DEFINITIONAL_REPRESENTATION('',(#10721),#10725);
#10721 = LINE('',#10722,#10723);
#10722 = CARTESIAN_POINT('',(21.213203435596,0.));
#10723 = VECTOR('',#10724,1.);
#10724 = DIRECTION('',(0.,-1.));
#10725 = ( GEOMETRIC_REPRESENTATION_CONTEXT(2) 
PARAMETRIC_REPRESENTATION_CONTEXT() REPRESENTATION_CONTEXT('2D SPACE',''
  ) );
#10726 = PCURVE('',#3876,#10727);
#10727 = DEFINITIONAL_REPRESENTATION('',(#10728),#10732);
#10728 = LINE('',#10729,#10730);
#10729 = CARTESIAN_POINT('',(0.,0.));
#10730 = VECTOR('',#10731,1.);
#10731 = DIRECTION('',(0.,-1.));
#10732 = ( GEOMETRIC_REPRESENTATION_CONTEXT(2) 
PARAMETRIC_REPRESENTATION_CONTEXT() REPRESENTATION_CONTEXT('2D SPACE',''
  ) );
#10733 = ADVANCED_FACE('',(#10734),#3876,.T.);
#10734 = FACE_BOUND('',#10735,.T.);
#10735 = EDGE_LOOP('',(#10736,#10737,#10738,#10739));
#10736 = ORIENTED_EDGE('',*,*,#3862,.T.);
#10737 = ORIENTED_EDGE('',*,*,#10713,.T.);
#10738 = ORIENTED_EDGE('',*,*,#5660,.F.);
#10739 = ORIENTED_EDGE('',*,*,#10740,.F.);
#10740 = EDGE_CURVE('',#3835,#5638,#10741,.T.);
#10741 = SURFACE_CURVE('',#10742,(#10746,#10753),.PCURVE_S1.);
#10742 = LINE('',#10743,#10744);
#10743 = CARTESIAN_POINT('',(60.,52.736038969321,35.6));
#10744 = VECTOR('',#10745,1.);
#10745 = DIRECTION('',(1.,0.,0.));
#10746 = PCURVE('',#3876,#10747);
#10747 = DEFINITIONAL_REPRESENTATION('',(#10748),#10752);
#10748 = LINE('',#10749,#10750);
#10749 = CARTESIAN_POINT('',(21.213203435596,0.));
#10750 = VECTOR('',#10751,1.);
#10751 = DIRECTION('',(0.,-1.));
#10752 = ( GEOMETRIC_REPRESENTATION_CONTEXT(2) 
PARAMETRIC_REPRESENTATION_CONTEXT() REPRESENTATION_CONTEXT('2D SPACE',''
  ) );
#10753 = PCURVE('',#3850,#10754);
#10754 = DEFINITIONAL_REPRESENTATION('',(#10755),#10759);
#10755 = LINE('',#10756,#10757);
#10756 = CARTESIAN_POINT('',(0.,0.));
#10757 = VECTOR('',#10758,1.);
#10758 = DIRECTION('',(0.,-1.));
#10759 = ( GEOMETRIC_REPRESENTATION_CONTEXT(2) 
PARAMETRIC_REPRESENTATION_CONTEXT() REPRESENTATION_CONTEXT('2D SPACE',''
  ) );
#10760 = ADVANCED_FACE('',(#10761),#3822,.T.);
#10761 = FACE_BOUND('',#10762,.T.);
#10762 = EDGE_LOOP('',(#10763,#10764,#10785,#10786));
#10763 = ORIENTED_EDGE('',*,*,#3806,.T.);
#10764 = ORIENTED_EDGE('',*,*,#10765,.T.);
#10765 = EDGE_CURVE('',#3807,#5615,#10766,.T.);
#10766 = SURFACE_CURVE('',#10767,(#10771,#10778),.PCURVE_S1.);
#10767 = LINE('',#10768,#10769);
#10768 = CARTESIAN_POINT('',(60.,37.736038969321,20.6));
#10769 = VECTOR('',#10770,1.);
#10770 = DIRECTION('',(1.,0.,0.));
#10771 = PCURVE('',#3822,#10772);
#10772 = DEFINITIONAL_REPRESENTATION('',(#10773),#10777);
#10773 = LINE('',#10774,#10775);
#10774 = CARTESIAN_POINT('',(0.,0.));
#10775 = VECTOR('',#10776,1.);
#10776 = DIRECTION('',(0.,-1.));
#10777 = ( GEOMETRIC_REPRESENTATION_CONTEXT(2) 
PARAMETRIC_REPRESENTATION_CONTEXT() REPRESENTATION_CONTEXT('2D SPACE',''
  ) );
#10778 = PCURVE('',#3850,#10779);
#10779 = DEFINITIONAL_REPRESENTATION('',(#10780),#10784);
#10780 = LINE('',#10781,#10782);
#10781 = CARTESIAN_POINT('',(21.213203435596,0.));
#10782 = VECTOR('',#10783,1.);
#10783 = DIRECTION('',(0.,-1.));
#10784 = ( GEOMETRIC_REPRESENTATION_CONTEXT(2) 
PARAMETRIC_REPRESENTATION_CONTEXT() REPRESENTATION_CONTEXT('2D SPACE',''
  ) );
#10785 = ORIENTED_EDGE('',*,*,#5614,.F.);
#10786 = ORIENTED_EDGE('',*,*,#10691,.F.);
#10787 = ADVANCED_FACE('',(#10788),#3850,.T.);
#10788 = FACE_BOUND('',#10789,.T.);
#10789 = EDGE_LOOP('',(#10790,#10791,#10792,#10793));
#10790 = ORIENTED_EDGE('',*,*,#3834,.T.);
#10791 = ORIENTED_EDGE('',*,*,#10740,.T.);
#10792 = ORIENTED_EDGE('',*,*,#5637,.F.);
#10793 = ORIENTED_EDGE('',*,*,#10765,.F.);
#10794 = ADVANCED_FACE('',(#10795),#4019,.F.);
#10795 = FACE_BOUND('',#10796,.F.);
#10796 = EDGE_LOOP('',(#10797,#10798,#10819,#10820));
#10797 = ORIENTED_EDGE('',*,*,#4001,.T.);
#10798 = ORIENTED_EDGE('',*,*,#10799,.T.);
#10799 = EDGE_CURVE('',#4004,#4711,#10800,.T.);
#10800 = SURFACE_CURVE('',#10801,(#10805,#10812),.PCURVE_S1.);
#10801 = LINE('',#10802,#10803);
#10802 = CARTESIAN_POINT('',(18.,201.,23.1));
#10803 = VECTOR('',#10804,1.);
#10804 = DIRECTION('',(-0.,1.,-0.));
#10805 = PCURVE('',#4019,#10806);
#10806 = DEFINITIONAL_REPRESENTATION('',(#10807),#10811);
#10807 = LINE('',#10808,#10809);
#10808 = CARTESIAN_POINT('',(0.,0.));
#10809 = VECTOR('',#10810,1.);
#10810 = DIRECTION('',(0.,-1.));
#10811 = ( GEOMETRIC_REPRESENTATION_CONTEXT(2) 
PARAMETRIC_REPRESENTATION_CONTEXT() REPRESENTATION_CONTEXT('2D SPACE',''
  ) );
#10812 = PCURVE('',#4101,#10813);
#10813 = DEFINITIONAL_REPRESENTATION('',(#10814),#10818);
#10814 = LINE('',#10815,#10816);
#10815 = CARTESIAN_POINT('',(21.920310216783,0.));
#10816 = VECTOR('',#10817,1.);
#10817 = DIRECTION('',(0.,-1.));
#10818 = ( GEOMETRIC_REPRESENTATION_CONTEXT(2) 
PARAMETRIC_REPRESENTATION_CONTEXT() REPRESENTATION_CONTEXT('2D SPACE',''
  ) );
#10819 = ORIENTED_EDGE('',*,*,#4708,.F.);
#10820 = ORIENTED_EDGE('',*,*,#10821,.F.);
#10821 = EDGE_CURVE('',#4002,#4709,#10822,.T.);
#10822 = SURFACE_CURVE('',#10823,(#10827,#10834),.PCURVE_S1.);
#10823 = LINE('',#10824,#10825);
#10824 = CARTESIAN_POINT('',(33.5,201.,7.6));
#10825 = VECTOR('',#10826,1.);
#10826 = DIRECTION('',(-0.,1.,-0.));
#10827 = PCURVE('',#4019,#10828);
#10828 = DEFINITIONAL_REPRESENTATION('',(#10829),#10833);
#10829 = LINE('',#10830,#10831);
#10830 = CARTESIAN_POINT('',(21.920310216783,0.));
#10831 = VECTOR('',#10832,1.);
#10832 = DIRECTION('',(0.,-1.));
#10833 = ( GEOMETRIC_REPRESENTATION_CONTEXT(2) 
PARAMETRIC_REPRESENTATION_CONTEXT() REPRESENTATION_CONTEXT('2D SPACE',''
  ) );
#10834 = PCURVE('',#4047,#10835);
#10835 = DEFINITIONAL_REPRESENTATION('',(#10836),#10840);
#10836 = LINE('',#10837,#10838);
#10837 = CARTESIAN_POINT('',(0.,0.));
#10838 = VECTOR('',#10839,1.);
#10839 = DIRECTION('',(0.,-1.));
#10840 = ( GEOMETRIC_REPRESENTATION_CONTEXT(2) 
PARAMETRIC_REPRESENTATION_CONTEXT() REPRESENTATION_CONTEXT('2D SPACE',''
  ) );
#10841 = ADVANCED_FACE('',(#10842),#4101,.F.);
#10842 = FACE_BOUND('',#10843,.F.);
#10843 = EDGE_LOOP('',(#10844,#10845,#10866,#10867));
#10844 = ORIENTED_EDGE('',*,*,#4087,.T.);
#10845 = ORIENTED_EDGE('',*,*,#10846,.T.);
#10846 = EDGE_CURVE('',#4060,#4757,#10847,.T.);
#10847 = SURFACE_CURVE('',#10848,(#10852,#10859),.PCURVE_S1.);
#10848 = LINE('',#10849,#10850);
#10849 = CARTESIAN_POINT('',(33.5,201.,38.6));
#10850 = VECTOR('',#10851,1.);
#10851 = DIRECTION('',(-0.,1.,-0.));
#10852 = PCURVE('',#4101,#10853);
#10853 = DEFINITIONAL_REPRESENTATION('',(#10854),#10858);
#10854 = LINE('',#10855,#10856);
#10855 = CARTESIAN_POINT('',(0.,0.));
#10856 = VECTOR('',#10857,1.);
#10857 = DIRECTION('',(0.,-1.));
#10858 = ( GEOMETRIC_REPRESENTATION_CONTEXT(2) 
PARAMETRIC_REPRESENTATION_CONTEXT() REPRESENTATION_CONTEXT('2D SPACE',''
  ) );
#10859 = PCURVE('',#4075,#10860);
#10860 = DEFINITIONAL_REPRESENTATION('',(#10861),#10865);
#10861 = LINE('',#10862,#10863);
#10862 = CARTESIAN_POINT('',(21.920310216783,0.));
#10863 = VECTOR('',#10864,1.);
#10864 = DIRECTION('',(0.,-1.));
#10865 = ( GEOMETRIC_REPRESENTATION_CONTEXT(2) 
PARAMETRIC_REPRESENTATION_CONTEXT() REPRESENTATION_CONTEXT('2D SPACE',''
  ) );
#10866 = ORIENTED_EDGE('',*,*,#4779,.F.);
#10867 = ORIENTED_EDGE('',*,*,#10799,.F.);
#10868 = ADVANCED_FACE('',(#10869),#4075,.F.);
#10869 = FACE_BOUND('',#10870,.F.);
#10870 = EDGE_LOOP('',(#10871,#10872,#10893,#10894));
#10871 = ORIENTED_EDGE('',*,*,#4059,.T.);
#10872 = ORIENTED_EDGE('',*,*,#10873,.T.);
#10873 = EDGE_CURVE('',#4032,#4734,#10874,.T.);
#10874 = SURFACE_CURVE('',#10875,(#10879,#10886),.PCURVE_S1.);
#10875 = LINE('',#10876,#10877);
#10876 = CARTESIAN_POINT('',(49.,201.,23.1));
#10877 = VECTOR('',#10878,1.);
#10878 = DIRECTION('',(-0.,1.,-0.));
#10879 = PCURVE('',#4075,#10880);
#10880 = DEFINITIONAL_REPRESENTATION('',(#10881),#10885);
#10881 = LINE('',#10882,#10883);
#10882 = CARTESIAN_POINT('',(0.,0.));
#10883 = VECTOR('',#10884,1.);
#10884 = DIRECTION('',(0.,-1.));
#10885 = ( GEOMETRIC_REPRESENTATION_CONTEXT(2) 
PARAMETRIC_REPRESENTATION_CONTEXT() REPRESENTATION_CONTEXT('2D SPACE',''
  ) );
#10886 = PCURVE('',#4047,#10887);
#10887 = DEFINITIONAL_REPRESENTATION('',(#10888),#10892);
#10888 = LINE('',#10889,#10890);
#10889 = CARTESIAN_POINT('',(21.920310216783,0.));
#10890 = VECTOR('',#10891,1.);
#10891 = DIRECTION('',(0.,-1.));
#10892 = ( GEOMETRIC_REPRESENTATION_CONTEXT(2) 
PARAMETRIC_REPRESENTATION_CONTEXT() REPRESENTATION_CONTEXT('2D SPACE',''
  ) );
#10893 = ORIENTED_EDGE('',*,*,#4756,.F.);
#10894 = ORIENTED_EDGE('',*,*,#10846,.F.);
#10895 = ADVANCED_FACE('',(#10896),#4047,.F.);
#10896 = FACE_BOUND('',#10897,.F.);
#10897 = EDGE_LOOP('',(#10898,#10899,#10900,#10901));
#10898 = ORIENTED_EDGE('',*,*,#4031,.T.);
#10899 = ORIENTED_EDGE('',*,*,#10821,.T.);
#10900 = ORIENTED_EDGE('',*,*,#4733,.F.);
#10901 = ORIENTED_EDGE('',*,*,#10873,.F.);
#10902 = ADVANCED_FACE('',(#10903),#4139,.F.);
#10903 = FACE_BOUND('',#10904,.F.);
#10904 = EDGE_LOOP('',(#10905,#10906,#10907,#10908));
#10905 = ORIENTED_EDGE('',*,*,#9868,.T.);
#10906 = ORIENTED_EDGE('',*,*,#4252,.T.);
#10907 = ORIENTED_EDGE('',*,*,#4116,.T.);
#10908 = ORIENTED_EDGE('',*,*,#9929,.F.);
#10909 = ADVANCED_FACE('',(#10910),#4300,.F.);
#10910 = FACE_BOUND('',#10911,.T.);
#10911 = EDGE_LOOP('',(#10912,#10938,#10959,#10960));
#10912 = ORIENTED_EDGE('',*,*,#10913,.F.);
#10913 = EDGE_CURVE('',#10914,#10916,#10918,.T.);
#10914 = VERTEX_POINT('',#10915);
#10915 = CARTESIAN_POINT('',(2.4,193.5,5.4));
#10916 = VERTEX_POINT('',#10917);
#10917 = CARTESIAN_POINT('',(2.4,196.25771644662,12.057716446628));
#10918 = SURFACE_CURVE('',#10919,(#10924,#10931),.PCURVE_S1.);
#10919 = CIRCLE('',#10920,3.9);
#10920 = AXIS2_PLACEMENT_3D('',#10921,#10922,#10923);
#10921 = CARTESIAN_POINT('',(2.4,193.5,9.3));
#10922 = DIRECTION('',(1.,0.,0.));
#10923 = DIRECTION('',(0.,-0.,-1.));
#10924 = PCURVE('',#4300,#10925);
#10925 = DEFINITIONAL_REPRESENTATION('',(#10926),#10930);
#10926 = LINE('',#10927,#10928);
#10927 = CARTESIAN_POINT('',(-0.,0.));
#10928 = VECTOR('',#10929,1.);
#10929 = DIRECTION('',(-1.,0.));
#10930 = ( GEOMETRIC_REPRESENTATION_CONTEXT(2) 
PARAMETRIC_REPRESENTATION_CONTEXT() REPRESENTATION_CONTEXT('2D SPACE',''
  ) );
#10931 = PCURVE('',#8998,#10932);
#10932 = DEFINITIONAL_REPRESENTATION('',(#10933),#10937);
#10933 = CIRCLE('',#10934,3.9);
#10934 = AXIS2_PLACEMENT_2D('',#10935,#10936);
#10935 = CARTESIAN_POINT('',(-0.707533727551,-1.));
#10936 = DIRECTION('',(-1.,0.));
#10937 = ( GEOMETRIC_REPRESENTATION_CONTEXT(2) 
PARAMETRIC_REPRESENTATION_CONTEXT() REPRESENTATION_CONTEXT('2D SPACE',''
  ) );
#10938 = ORIENTED_EDGE('',*,*,#10939,.T.);
#10939 = EDGE_CURVE('',#10914,#4280,#10940,.T.);
#10940 = SURFACE_CURVE('',#10941,(#10945,#10952),.PCURVE_S1.);
#10941 = LINE('',#10942,#10943);
#10942 = CARTESIAN_POINT('',(2.4,193.5,5.4));
#10943 = VECTOR('',#10944,1.);
#10944 = DIRECTION('',(1.,0.,0.));
#10945 = PCURVE('',#4300,#10946);
#10946 = DEFINITIONAL_REPRESENTATION('',(#10947),#10951);
#10947 = LINE('',#10948,#10949);
#10948 = CARTESIAN_POINT('',(-0.,0.));
#10949 = VECTOR('',#10950,1.);
#10950 = DIRECTION('',(-0.,-1.));
#10951 = ( GEOMETRIC_REPRESENTATION_CONTEXT(2) 
PARAMETRIC_REPRESENTATION_CONTEXT() REPRESENTATION_CONTEXT('2D SPACE',''
  ) );
#10952 = PCURVE('',#4328,#10953);
#10953 = DEFINITIONAL_REPRESENTATION('',(#10954),#10958);
#10954 = LINE('',#10955,#10956);
#10955 = CARTESIAN_POINT('',(2.,0.));
#10956 = VECTOR('',#10957,1.);
#10957 = DIRECTION('',(0.,-1.));
#10958 = ( GEOMETRIC_REPRESENTATION_CONTEXT(2) 
PARAMETRIC_REPRESENTATION_CONTEXT() REPRESENTATION_CONTEXT('2D SPACE',''
  ) );
#10959 = ORIENTED_EDGE('',*,*,#4277,.F.);
#10960 = ORIENTED_EDGE('',*,*,#10961,.F.);
#10961 = EDGE_CURVE('',#10916,#4278,#10962,.T.);
#10962 = SURFACE_CURVE('',#10963,(#10967,#10974),.PCURVE_S1.);
#10963 = LINE('',#10964,#10965);
#10964 = CARTESIAN_POINT('',(2.4,196.25771644662,12.057716446628));
#10965 = VECTOR('',#10966,1.);
#10966 = DIRECTION('',(1.,0.,0.));
#10967 = PCURVE('',#4300,#10968);
#10968 = DEFINITIONAL_REPRESENTATION('',(#10969),#10973);
#10969 = LINE('',#10970,#10971);
#10970 = CARTESIAN_POINT('',(-2.356194490192,0.));
#10971 = VECTOR('',#10972,1.);
#10972 = DIRECTION('',(-0.,-1.));
#10973 = ( GEOMETRIC_REPRESENTATION_CONTEXT(2) 
PARAMETRIC_REPRESENTATION_CONTEXT() REPRESENTATION_CONTEXT('2D SPACE',''
  ) );
#10974 = PCURVE('',#4415,#10975);
#10975 = DEFINITIONAL_REPRESENTATION('',(#10976),#10980);
#10976 = LINE('',#10977,#10978);
#10977 = CARTESIAN_POINT('',(0.,0.));
#10978 = VECTOR('',#10979,1.);
#10979 = DIRECTION('',(0.,-1.));
#10980 = ( GEOMETRIC_REPRESENTATION_CONTEXT(2) 
PARAMETRIC_REPRESENTATION_CONTEXT() REPRESENTATION_CONTEXT('2D SPACE',''
  ) );
#10981 = ADVANCED_FACE('',(#10982),#4415,.T.);
#10982 = FACE_BOUND('',#10983,.T.);
#10983 = EDGE_LOOP('',(#10984,#11007,#11008,#11009));
#10984 = ORIENTED_EDGE('',*,*,#10985,.F.);
#10985 = EDGE_CURVE('',#10916,#10986,#10988,.T.);
#10986 = VERTEX_POINT('',#10987);
#10987 = CARTESIAN_POINT('',(2.4,192.5,15.815432893255));
#10988 = SURFACE_CURVE('',#10989,(#10993,#11000),.PCURVE_S1.);
#10989 = LINE('',#10990,#10991);
#10990 = CARTESIAN_POINT('',(2.4,196.25771644662,12.057716446628));
#10991 = VECTOR('',#10992,1.);
#10992 = DIRECTION('',(0.,-0.707106781187,0.707106781187));
#10993 = PCURVE('',#4415,#10994);
#10994 = DEFINITIONAL_REPRESENTATION('',(#10995),#10999);
#10995 = LINE('',#10996,#10997);
#10996 = CARTESIAN_POINT('',(0.,0.));
#10997 = VECTOR('',#10998,1.);
#10998 = DIRECTION('',(1.,0.));
#10999 = ( GEOMETRIC_REPRESENTATION_CONTEXT(2) 
PARAMETRIC_REPRESENTATION_CONTEXT() REPRESENTATION_CONTEXT('2D SPACE',''
  ) );
#11000 = PCURVE('',#8998,#11001);
#11001 = DEFINITIONAL_REPRESENTATION('',(#11002),#11006);
#11002 = LINE('',#11003,#11004);
#11003 = CARTESIAN_POINT('',(2.050182719077,-3.757716446628));
#11004 = VECTOR('',#11005,1.);
#11005 = DIRECTION('',(0.707106781187,0.707106781187));
#11006 = ( GEOMETRIC_REPRESENTATION_CONTEXT(2) 
PARAMETRIC_REPRESENTATION_CONTEXT() REPRESENTATION_CONTEXT('2D SPACE',''
  ) );
#11007 = ORIENTED_EDGE('',*,*,#10961,.T.);
#11008 = ORIENTED_EDGE('',*,*,#4401,.F.);
#11009 = ORIENTED_EDGE('',*,*,#11010,.F.);
#11010 = EDGE_CURVE('',#10986,#4374,#11011,.T.);
#11011 = SURFACE_CURVE('',#11012,(#11016,#11023),.PCURVE_S1.);
#11012 = LINE('',#11013,#11014);
#11013 = CARTESIAN_POINT('',(2.4,192.5,15.815432893255));
#11014 = VECTOR('',#11015,1.);
#11015 = DIRECTION('',(1.,0.,0.));
#11016 = PCURVE('',#4415,#11017);
#11017 = DEFINITIONAL_REPRESENTATION('',(#11018),#11022);
#11018 = LINE('',#11019,#11020);
#11019 = CARTESIAN_POINT('',(5.314213562373,0.));
#11020 = VECTOR('',#11021,1.);
#11021 = DIRECTION('',(0.,-1.));
#11022 = ( GEOMETRIC_REPRESENTATION_CONTEXT(2) 
PARAMETRIC_REPRESENTATION_CONTEXT() REPRESENTATION_CONTEXT('2D SPACE',''
  ) );
#11023 = PCURVE('',#4389,#11024);
#11024 = DEFINITIONAL_REPRESENTATION('',(#11025),#11029);
#11025 = LINE('',#11026,#11027);
#11026 = CARTESIAN_POINT('',(0.,0.));
#11027 = VECTOR('',#11028,1.);
#11028 = DIRECTION('',(0.,-1.));
#11029 = ( GEOMETRIC_REPRESENTATION_CONTEXT(2) 
PARAMETRIC_REPRESENTATION_CONTEXT() REPRESENTATION_CONTEXT('2D SPACE',''
  ) );
#11030 = ADVANCED_FACE('',(#11031),#4328,.T.);
#11031 = FACE_BOUND('',#11032,.T.);
#11032 = EDGE_LOOP('',(#11033,#11056,#11077,#11078));
#11033 = ORIENTED_EDGE('',*,*,#11034,.F.);
#11034 = EDGE_CURVE('',#11035,#10914,#11037,.T.);
#11035 = VERTEX_POINT('',#11036);
#11036 = CARTESIAN_POINT('',(2.4,191.5,5.4));
#11037 = SURFACE_CURVE('',#11038,(#11042,#11049),.PCURVE_S1.);
#11038 = LINE('',#11039,#11040);
#11039 = CARTESIAN_POINT('',(2.4,191.5,5.4));
#11040 = VECTOR('',#11041,1.);
#11041 = DIRECTION('',(0.,1.,0.));
#11042 = PCURVE('',#4328,#11043);
#11043 = DEFINITIONAL_REPRESENTATION('',(#11044),#11048);
#11044 = LINE('',#11045,#11046);
#11045 = CARTESIAN_POINT('',(0.,0.));
#11046 = VECTOR('',#11047,1.);
#11047 = DIRECTION('',(1.,0.));
#11048 = ( GEOMETRIC_REPRESENTATION_CONTEXT(2) 
PARAMETRIC_REPRESENTATION_CONTEXT() REPRESENTATION_CONTEXT('2D SPACE',''
  ) );
#11049 = PCURVE('',#8998,#11050);
#11050 = DEFINITIONAL_REPRESENTATION('',(#11051),#11055);
#11051 = LINE('',#11052,#11053);
#11052 = CARTESIAN_POINT('',(-4.607533727551,1.));
#11053 = VECTOR('',#11054,1.);
#11054 = DIRECTION('',(0.,-1.));
#11055 = ( GEOMETRIC_REPRESENTATION_CONTEXT(2) 
PARAMETRIC_REPRESENTATION_CONTEXT() REPRESENTATION_CONTEXT('2D SPACE',''
  ) );
#11056 = ORIENTED_EDGE('',*,*,#11057,.T.);
#11057 = EDGE_CURVE('',#11035,#4313,#11058,.T.);
#11058 = SURFACE_CURVE('',#11059,(#11063,#11070),.PCURVE_S1.);
#11059 = LINE('',#11060,#11061);
#11060 = CARTESIAN_POINT('',(2.4,191.5,5.4));
#11061 = VECTOR('',#11062,1.);
#11062 = DIRECTION('',(1.,0.,0.));
#11063 = PCURVE('',#4328,#11064);
#11064 = DEFINITIONAL_REPRESENTATION('',(#11065),#11069);
#11065 = LINE('',#11066,#11067);
#11066 = CARTESIAN_POINT('',(0.,0.));
#11067 = VECTOR('',#11068,1.);
#11068 = DIRECTION('',(0.,-1.));
#11069 = ( GEOMETRIC_REPRESENTATION_CONTEXT(2) 
PARAMETRIC_REPRESENTATION_CONTEXT() REPRESENTATION_CONTEXT('2D SPACE',''
  ) );
#11070 = PCURVE('',#4361,#11071);
#11071 = DEFINITIONAL_REPRESENTATION('',(#11072),#11076);
#11072 = LINE('',#11073,#11074);
#11073 = CARTESIAN_POINT('',(-2.356194490192,0.));
#11074 = VECTOR('',#11075,1.);
#11075 = DIRECTION('',(-0.,-1.));
#11076 = ( GEOMETRIC_REPRESENTATION_CONTEXT(2) 
PARAMETRIC_REPRESENTATION_CONTEXT() REPRESENTATION_CONTEXT('2D SPACE',''
  ) );
#11077 = ORIENTED_EDGE('',*,*,#4312,.F.);
#11078 = ORIENTED_EDGE('',*,*,#10939,.F.);
#11079 = ADVANCED_FACE('',(#11080),#4389,.T.);
#11080 = FACE_BOUND('',#11081,.T.);
#11081 = EDGE_LOOP('',(#11082,#11105,#11106,#11107));
#11082 = ORIENTED_EDGE('',*,*,#11083,.F.);
#11083 = EDGE_CURVE('',#10986,#11084,#11086,.T.);
#11084 = VERTEX_POINT('',#11085);
#11085 = CARTESIAN_POINT('',(2.4,188.74228355337,12.057716446628));
#11086 = SURFACE_CURVE('',#11087,(#11091,#11098),.PCURVE_S1.);
#11087 = LINE('',#11088,#11089);
#11088 = CARTESIAN_POINT('',(2.4,192.5,15.815432893255));
#11089 = VECTOR('',#11090,1.);
#11090 = DIRECTION('',(0.,-0.707106781187,-0.707106781187));
#11091 = PCURVE('',#4389,#11092);
#11092 = DEFINITIONAL_REPRESENTATION('',(#11093),#11097);
#11093 = LINE('',#11094,#11095);
#11094 = CARTESIAN_POINT('',(0.,0.));
#11095 = VECTOR('',#11096,1.);
#11096 = DIRECTION('',(1.,0.));
#11097 = ( GEOMETRIC_REPRESENTATION_CONTEXT(2) 
PARAMETRIC_REPRESENTATION_CONTEXT() REPRESENTATION_CONTEXT('2D SPACE',''
  ) );
#11098 = PCURVE('',#8998,#11099);
#11099 = DEFINITIONAL_REPRESENTATION('',(#11100),#11104);
#11100 = LINE('',#11101,#11102);
#11101 = CARTESIAN_POINT('',(5.807899165704,0.));
#11102 = VECTOR('',#11103,1.);
#11103 = DIRECTION('',(-0.707106781187,0.707106781187));
#11104 = ( GEOMETRIC_REPRESENTATION_CONTEXT(2) 
PARAMETRIC_REPRESENTATION_CONTEXT() REPRESENTATION_CONTEXT('2D SPACE',''
  ) );
#11105 = ORIENTED_EDGE('',*,*,#11010,.T.);
#11106 = ORIENTED_EDGE('',*,*,#4373,.F.);
#11107 = ORIENTED_EDGE('',*,*,#11108,.F.);
#11108 = EDGE_CURVE('',#11084,#4341,#11109,.T.);
#11109 = SURFACE_CURVE('',#11110,(#11114,#11121),.PCURVE_S1.);
#11110 = LINE('',#11111,#11112);
#11111 = CARTESIAN_POINT('',(2.4,188.74228355337,12.057716446628));
#11112 = VECTOR('',#11113,1.);
#11113 = DIRECTION('',(1.,0.,0.));
#11114 = PCURVE('',#4389,#11115);
#11115 = DEFINITIONAL_REPRESENTATION('',(#11116),#11120);
#11116 = LINE('',#11117,#11118);
#11117 = CARTESIAN_POINT('',(5.314213562373,0.));
#11118 = VECTOR('',#11119,1.);
#11119 = DIRECTION('',(0.,-1.));
#11120 = ( GEOMETRIC_REPRESENTATION_CONTEXT(2) 
PARAMETRIC_REPRESENTATION_CONTEXT() REPRESENTATION_CONTEXT('2D SPACE',''
  ) );
#11121 = PCURVE('',#4361,#11122);
#11122 = DEFINITIONAL_REPRESENTATION('',(#11123),#11127);
#11123 = LINE('',#11124,#11125);
#11124 = CARTESIAN_POINT('',(-0.,0.));
#11125 = VECTOR('',#11126,1.);
#11126 = DIRECTION('',(-0.,-1.));
#11127 = ( GEOMETRIC_REPRESENTATION_CONTEXT(2) 
PARAMETRIC_REPRESENTATION_CONTEXT() REPRESENTATION_CONTEXT('2D SPACE',''
  ) );
#11128 = ADVANCED_FACE('',(#11129),#4361,.F.);
#11129 = FACE_BOUND('',#11130,.T.);
#11130 = EDGE_LOOP('',(#11131,#11153,#11154,#11155));
#11131 = ORIENTED_EDGE('',*,*,#11132,.F.);
#11132 = EDGE_CURVE('',#11084,#11035,#11133,.T.);
#11133 = SURFACE_CURVE('',#11134,(#11139,#11146),.PCURVE_S1.);
#11134 = CIRCLE('',#11135,3.9);
#11135 = AXIS2_PLACEMENT_3D('',#11136,#11137,#11138);
#11136 = CARTESIAN_POINT('',(2.4,191.5,9.3));
#11137 = DIRECTION('',(1.,0.,0.));
#11138 = DIRECTION('',(0.,-0.707106781187,0.707106781187));
#11139 = PCURVE('',#4361,#11140);
#11140 = DEFINITIONAL_REPRESENTATION('',(#11141),#11145);
#11141 = LINE('',#11142,#11143);
#11142 = CARTESIAN_POINT('',(-0.,0.));
#11143 = VECTOR('',#11144,1.);
#11144 = DIRECTION('',(-1.,0.));
#11145 = ( GEOMETRIC_REPRESENTATION_CONTEXT(2) 
PARAMETRIC_REPRESENTATION_CONTEXT() REPRESENTATION_CONTEXT('2D SPACE',''
  ) );
#11146 = PCURVE('',#8998,#11147);
#11147 = DEFINITIONAL_REPRESENTATION('',(#11148),#11152);
#11148 = CIRCLE('',#11149,3.9);
#11149 = AXIS2_PLACEMENT_2D('',#11150,#11151);
#11150 = CARTESIAN_POINT('',(-0.707533727551,1.));
#11151 = DIRECTION('',(0.707106781187,0.707106781187));
#11152 = ( GEOMETRIC_REPRESENTATION_CONTEXT(2) 
PARAMETRIC_REPRESENTATION_CONTEXT() REPRESENTATION_CONTEXT('2D SPACE',''
  ) );
#11153 = ORIENTED_EDGE('',*,*,#11108,.T.);
#11154 = ORIENTED_EDGE('',*,*,#4340,.F.);
#11155 = ORIENTED_EDGE('',*,*,#11057,.F.);
#11156 = ADVANCED_FACE('',(#11157),#4452,.F.);
#11157 = FACE_BOUND('',#11158,.T.);
#11158 = EDGE_LOOP('',(#11159,#11185,#11206,#11207));
#11159 = ORIENTED_EDGE('',*,*,#11160,.F.);
#11160 = EDGE_CURVE('',#11161,#11163,#11165,.T.);
#11161 = VERTEX_POINT('',#11162);
#11162 = CARTESIAN_POINT('',(2.4,193.5,30.4));
#11163 = VERTEX_POINT('',#11164);
#11164 = CARTESIAN_POINT('',(2.4,196.25771644662,37.057716446628));
#11165 = SURFACE_CURVE('',#11166,(#11171,#11178),.PCURVE_S1.);
#11166 = CIRCLE('',#11167,3.9);
#11167 = AXIS2_PLACEMENT_3D('',#11168,#11169,#11170);
#11168 = CARTESIAN_POINT('',(2.4,193.5,34.3));
#11169 = DIRECTION('',(1.,0.,0.));
#11170 = DIRECTION('',(0.,-0.,-1.));
#11171 = PCURVE('',#4452,#11172);
#11172 = DEFINITIONAL_REPRESENTATION('',(#11173),#11177);
#11173 = LINE('',#11174,#11175);
#11174 = CARTESIAN_POINT('',(-0.,0.));
#11175 = VECTOR('',#11176,1.);
#11176 = DIRECTION('',(-1.,0.));
#11177 = ( GEOMETRIC_REPRESENTATION_CONTEXT(2) 
PARAMETRIC_REPRESENTATION_CONTEXT() REPRESENTATION_CONTEXT('2D SPACE',''
  ) );
#11178 = PCURVE('',#9258,#11179);
#11179 = DEFINITIONAL_REPRESENTATION('',(#11180),#11184);
#11180 = CIRCLE('',#11181,3.9);
#11181 = AXIS2_PLACEMENT_2D('',#11182,#11183);
#11182 = CARTESIAN_POINT('',(-0.707533727551,-1.));
#11183 = DIRECTION('',(-1.,0.));
#11184 = ( GEOMETRIC_REPRESENTATION_CONTEXT(2) 
PARAMETRIC_REPRESENTATION_CONTEXT() REPRESENTATION_CONTEXT('2D SPACE',''
  ) );
#11185 = ORIENTED_EDGE('',*,*,#11186,.T.);
#11186 = EDGE_CURVE('',#11161,#4432,#11187,.T.);
#11187 = SURFACE_CURVE('',#11188,(#11192,#11199),.PCURVE_S1.);
#11188 = LINE('',#11189,#11190);
#11189 = CARTESIAN_POINT('',(2.4,193.5,30.4));
#11190 = VECTOR('',#11191,1.);
#11191 = DIRECTION('',(1.,0.,0.));
#11192 = PCURVE('',#4452,#11193);
#11193 = DEFINITIONAL_REPRESENTATION('',(#11194),#11198);
#11194 = LINE('',#11195,#11196);
#11195 = CARTESIAN_POINT('',(-0.,0.));
#11196 = VECTOR('',#11197,1.);
#11197 = DIRECTION('',(-0.,-1.));
#11198 = ( GEOMETRIC_REPRESENTATION_CONTEXT(2) 
PARAMETRIC_REPRESENTATION_CONTEXT() REPRESENTATION_CONTEXT('2D SPACE',''
  ) );
#11199 = PCURVE('',#4480,#11200);
#11200 = DEFINITIONAL_REPRESENTATION('',(#11201),#11205);
#11201 = LINE('',#11202,#11203);
#11202 = CARTESIAN_POINT('',(2.,0.));
#11203 = VECTOR('',#11204,1.);
#11204 = DIRECTION('',(0.,-1.));
#11205 = ( GEOMETRIC_REPRESENTATION_CONTEXT(2) 
PARAMETRIC_REPRESENTATION_CONTEXT() REPRESENTATION_CONTEXT('2D SPACE',''
  ) );
#11206 = ORIENTED_EDGE('',*,*,#4429,.F.);
#11207 = ORIENTED_EDGE('',*,*,#11208,.F.);
#11208 = EDGE_CURVE('',#11163,#4430,#11209,.T.);
#11209 = SURFACE_CURVE('',#11210,(#11214,#11221),.PCURVE_S1.);
#11210 = LINE('',#11211,#11212);
#11211 = CARTESIAN_POINT('',(2.4,196.25771644662,37.057716446628));
#11212 = VECTOR('',#11213,1.);
#11213 = DIRECTION('',(1.,0.,0.));
#11214 = PCURVE('',#4452,#11215);
#11215 = DEFINITIONAL_REPRESENTATION('',(#11216),#11220);
#11216 = LINE('',#11217,#11218);
#11217 = CARTESIAN_POINT('',(-2.356194490192,0.));
#11218 = VECTOR('',#11219,1.);
#11219 = DIRECTION('',(-0.,-1.));
#11220 = ( GEOMETRIC_REPRESENTATION_CONTEXT(2) 
PARAMETRIC_REPRESENTATION_CONTEXT() REPRESENTATION_CONTEXT('2D SPACE',''
  ) );
#11221 = PCURVE('',#4567,#11222);
#11222 = DEFINITIONAL_REPRESENTATION('',(#11223),#11227);
#11223 = LINE('',#11224,#11225);
#11224 = CARTESIAN_POINT('',(0.,0.));
#11225 = VECTOR('',#11226,1.);
#11226 = DIRECTION('',(0.,-1.));
#11227 = ( GEOMETRIC_REPRESENTATION_CONTEXT(2) 
PARAMETRIC_REPRESENTATION_CONTEXT() REPRESENTATION_CONTEXT('2D SPACE',''
  ) );
#11228 = ADVANCED_FACE('',(#11229),#4567,.T.);
#11229 = FACE_BOUND('',#11230,.T.);
#11230 = EDGE_LOOP('',(#11231,#11254,#11255,#11256));
#11231 = ORIENTED_EDGE('',*,*,#11232,.F.);
#11232 = EDGE_CURVE('',#11163,#11233,#11235,.T.);
#11233 = VERTEX_POINT('',#11234);
#11234 = CARTESIAN_POINT('',(2.4,192.5,40.815432893255));
#11235 = SURFACE_CURVE('',#11236,(#11240,#11247),.PCURVE_S1.);
#11236 = LINE('',#11237,#11238);
#11237 = CARTESIAN_POINT('',(2.4,196.25771644662,37.057716446628));
#11238 = VECTOR('',#11239,1.);
#11239 = DIRECTION('',(0.,-0.707106781187,0.707106781187));
#11240 = PCURVE('',#4567,#11241);
#11241 = DEFINITIONAL_REPRESENTATION('',(#11242),#11246);
#11242 = LINE('',#11243,#11244);
#11243 = CARTESIAN_POINT('',(0.,0.));
#11244 = VECTOR('',#11245,1.);
#11245 = DIRECTION('',(1.,0.));
#11246 = ( GEOMETRIC_REPRESENTATION_CONTEXT(2) 
PARAMETRIC_REPRESENTATION_CONTEXT() REPRESENTATION_CONTEXT('2D SPACE',''
  ) );
#11247 = PCURVE('',#9258,#11248);
#11248 = DEFINITIONAL_REPRESENTATION('',(#11249),#11253);
#11249 = LINE('',#11250,#11251);
#11250 = CARTESIAN_POINT('',(2.050182719077,-3.757716446628));
#11251 = VECTOR('',#11252,1.);
#11252 = DIRECTION('',(0.707106781187,0.707106781187));
#11253 = ( GEOMETRIC_REPRESENTATION_CONTEXT(2) 
PARAMETRIC_REPRESENTATION_CONTEXT() REPRESENTATION_CONTEXT('2D SPACE',''
  ) );
#11254 = ORIENTED_EDGE('',*,*,#11208,.T.);
#11255 = ORIENTED_EDGE('',*,*,#4553,.F.);
#11256 = ORIENTED_EDGE('',*,*,#11257,.F.);
#11257 = EDGE_CURVE('',#11233,#4526,#11258,.T.);
#11258 = SURFACE_CURVE('',#11259,(#11263,#11270),.PCURVE_S1.);
#11259 = LINE('',#11260,#11261);
#11260 = CARTESIAN_POINT('',(2.4,192.5,40.815432893255));
#11261 = VECTOR('',#11262,1.);
#11262 = DIRECTION('',(1.,0.,0.));
#11263 = PCURVE('',#4567,#11264);
#11264 = DEFINITIONAL_REPRESENTATION('',(#11265),#11269);
#11265 = LINE('',#11266,#11267);
#11266 = CARTESIAN_POINT('',(5.314213562373,0.));
#11267 = VECTOR('',#11268,1.);
#11268 = DIRECTION('',(0.,-1.));
#11269 = ( GEOMETRIC_REPRESENTATION_CONTEXT(2) 
PARAMETRIC_REPRESENTATION_CONTEXT() REPRESENTATION_CONTEXT('2D SPACE',''
  ) );
#11270 = PCURVE('',#4541,#11271);
#11271 = DEFINITIONAL_REPRESENTATION('',(#11272),#11276);
#11272 = LINE('',#11273,#11274);
#11273 = CARTESIAN_POINT('',(0.,0.));
#11274 = VECTOR('',#11275,1.);
#11275 = DIRECTION('',(0.,-1.));
#11276 = ( GEOMETRIC_REPRESENTATION_CONTEXT(2) 
PARAMETRIC_REPRESENTATION_CONTEXT() REPRESENTATION_CONTEXT('2D SPACE',''
  ) );
#11277 = ADVANCED_FACE('',(#11278),#4541,.T.);
#11278 = FACE_BOUND('',#11279,.T.);
#11279 = EDGE_LOOP('',(#11280,#11303,#11304,#11305));
#11280 = ORIENTED_EDGE('',*,*,#11281,.F.);
#11281 = EDGE_CURVE('',#11233,#11282,#11284,.T.);
#11282 = VERTEX_POINT('',#11283);
#11283 = CARTESIAN_POINT('',(2.4,188.74228355337,37.057716446628));
#11284 = SURFACE_CURVE('',#11285,(#11289,#11296),.PCURVE_S1.);
#11285 = LINE('',#11286,#11287);
#11286 = CARTESIAN_POINT('',(2.4,192.5,40.815432893255));
#11287 = VECTOR('',#11288,1.);
#11288 = DIRECTION('',(0.,-0.707106781187,-0.707106781187));
#11289 = PCURVE('',#4541,#11290);
#11290 = DEFINITIONAL_REPRESENTATION('',(#11291),#11295);
#11291 = LINE('',#11292,#11293);
#11292 = CARTESIAN_POINT('',(0.,0.));
#11293 = VECTOR('',#11294,1.);
#11294 = DIRECTION('',(1.,0.));
#11295 = ( GEOMETRIC_REPRESENTATION_CONTEXT(2) 
PARAMETRIC_REPRESENTATION_CONTEXT() REPRESENTATION_CONTEXT('2D SPACE',''
  ) );
#11296 = PCURVE('',#9258,#11297);
#11297 = DEFINITIONAL_REPRESENTATION('',(#11298),#11302);
#11298 = LINE('',#11299,#11300);
#11299 = CARTESIAN_POINT('',(5.807899165704,-2.84217094304E-14));
#11300 = VECTOR('',#11301,1.);
#11301 = DIRECTION('',(-0.707106781187,0.707106781187));
#11302 = ( GEOMETRIC_REPRESENTATION_CONTEXT(2) 
PARAMETRIC_REPRESENTATION_CONTEXT() REPRESENTATION_CONTEXT('2D SPACE',''
  ) );
#11303 = ORIENTED_EDGE('',*,*,#11257,.T.);
#11304 = ORIENTED_EDGE('',*,*,#4525,.F.);
#11305 = ORIENTED_EDGE('',*,*,#11306,.F.);
#11306 = EDGE_CURVE('',#11282,#4493,#11307,.T.);
#11307 = SURFACE_CURVE('',#11308,(#11312,#11319),.PCURVE_S1.);
#11308 = LINE('',#11309,#11310);
#11309 = CARTESIAN_POINT('',(2.4,188.74228355337,37.057716446628));
#11310 = VECTOR('',#11311,1.);
#11311 = DIRECTION('',(1.,0.,0.));
#11312 = PCURVE('',#4541,#11313);
#11313 = DEFINITIONAL_REPRESENTATION('',(#11314),#11318);
#11314 = LINE('',#11315,#11316);
#11315 = CARTESIAN_POINT('',(5.314213562373,0.));
#11316 = VECTOR('',#11317,1.);
#11317 = DIRECTION('',(0.,-1.));
#11318 = ( GEOMETRIC_REPRESENTATION_CONTEXT(2) 
PARAMETRIC_REPRESENTATION_CONTEXT() REPRESENTATION_CONTEXT('2D SPACE',''
  ) );
#11319 = PCURVE('',#4513,#11320);
#11320 = DEFINITIONAL_REPRESENTATION('',(#11321),#11325);
#11321 = LINE('',#11322,#11323);
#11322 = CARTESIAN_POINT('',(-0.,0.));
#11323 = VECTOR('',#11324,1.);
#11324 = DIRECTION('',(-0.,-1.));
#11325 = ( GEOMETRIC_REPRESENTATION_CONTEXT(2) 
PARAMETRIC_REPRESENTATION_CONTEXT() REPRESENTATION_CONTEXT('2D SPACE',''
  ) );
#11326 = ADVANCED_FACE('',(#11327),#4513,.F.);
#11327 = FACE_BOUND('',#11328,.T.);
#11328 = EDGE_LOOP('',(#11329,#11353,#11354,#11355));
#11329 = ORIENTED_EDGE('',*,*,#11330,.F.);
#11330 = EDGE_CURVE('',#11282,#11331,#11333,.T.);
#11331 = VERTEX_POINT('',#11332);
#11332 = CARTESIAN_POINT('',(2.4,191.5,30.4));
#11333 = SURFACE_CURVE('',#11334,(#11339,#11346),.PCURVE_S1.);
#11334 = CIRCLE('',#11335,3.9);
#11335 = AXIS2_PLACEMENT_3D('',#11336,#11337,#11338);
#11336 = CARTESIAN_POINT('',(2.4,191.5,34.3));
#11337 = DIRECTION('',(1.,0.,0.));
#11338 = DIRECTION('',(0.,-0.707106781187,0.707106781187));
#11339 = PCURVE('',#4513,#11340);
#11340 = DEFINITIONAL_REPRESENTATION('',(#11341),#11345);
#11341 = LINE('',#11342,#11343);
#11342 = CARTESIAN_POINT('',(-0.,0.));
#11343 = VECTOR('',#11344,1.);
#11344 = DIRECTION('',(-1.,0.));
#11345 = ( GEOMETRIC_REPRESENTATION_CONTEXT(2) 
PARAMETRIC_REPRESENTATION_CONTEXT() REPRESENTATION_CONTEXT('2D SPACE',''
  ) );
#11346 = PCURVE('',#9258,#11347);
#11347 = DEFINITIONAL_REPRESENTATION('',(#11348),#11352);
#11348 = CIRCLE('',#11349,3.9);
#11349 = AXIS2_PLACEMENT_2D('',#11350,#11351);
#11350 = CARTESIAN_POINT('',(-0.707533727551,1.));
#11351 = DIRECTION('',(0.707106781187,0.707106781187));
#11352 = ( GEOMETRIC_REPRESENTATION_CONTEXT(2) 
PARAMETRIC_REPRESENTATION_CONTEXT() REPRESENTATION_CONTEXT('2D SPACE',''
  ) );
#11353 = ORIENTED_EDGE('',*,*,#11306,.T.);
#11354 = ORIENTED_EDGE('',*,*,#4492,.F.);
#11355 = ORIENTED_EDGE('',*,*,#11356,.F.);
#11356 = EDGE_CURVE('',#11331,#4465,#11357,.T.);
#11357 = SURFACE_CURVE('',#11358,(#11362,#11369),.PCURVE_S1.);
#11358 = LINE('',#11359,#11360);
#11359 = CARTESIAN_POINT('',(2.4,191.5,30.4));
#11360 = VECTOR('',#11361,1.);
#11361 = DIRECTION('',(1.,0.,0.));
#11362 = PCURVE('',#4513,#11363);
#11363 = DEFINITIONAL_REPRESENTATION('',(#11364),#11368);
#11364 = LINE('',#11365,#11366);
#11365 = CARTESIAN_POINT('',(-2.356194490192,0.));
#11366 = VECTOR('',#11367,1.);
#11367 = DIRECTION('',(-0.,-1.));
#11368 = ( GEOMETRIC_REPRESENTATION_CONTEXT(2) 
PARAMETRIC_REPRESENTATION_CONTEXT() REPRESENTATION_CONTEXT('2D SPACE',''
  ) );
#11369 = PCURVE('',#4480,#11370);
#11370 = DEFINITIONAL_REPRESENTATION('',(#11371),#11375);
#11371 = LINE('',#11372,#11373);
#11372 = CARTESIAN_POINT('',(0.,0.));
#11373 = VECTOR('',#11374,1.);
#11374 = DIRECTION('',(0.,-1.));
#11375 = ( GEOMETRIC_REPRESENTATION_CONTEXT(2) 
PARAMETRIC_REPRESENTATION_CONTEXT() REPRESENTATION_CONTEXT('2D SPACE',''
  ) );
#11376 = ADVANCED_FACE('',(#11377),#4480,.T.);
#11377 = FACE_BOUND('',#11378,.T.);
#11378 = EDGE_LOOP('',(#11379,#11400,#11401,#11402));
#11379 = ORIENTED_EDGE('',*,*,#11380,.F.);
#11380 = EDGE_CURVE('',#11331,#11161,#11381,.T.);
#11381 = SURFACE_CURVE('',#11382,(#11386,#11393),.PCURVE_S1.);
#11382 = LINE('',#11383,#11384);
#11383 = CARTESIAN_POINT('',(2.4,191.5,30.4));
#11384 = VECTOR('',#11385,1.);
#11385 = DIRECTION('',(0.,1.,0.));
#11386 = PCURVE('',#4480,#11387);
#11387 = DEFINITIONAL_REPRESENTATION('',(#11388),#11392);
#11388 = LINE('',#11389,#11390);
#11389 = CARTESIAN_POINT('',(0.,0.));
#11390 = VECTOR('',#11391,1.);
#11391 = DIRECTION('',(1.,0.));
#11392 = ( GEOMETRIC_REPRESENTATION_CONTEXT(2) 
PARAMETRIC_REPRESENTATION_CONTEXT() REPRESENTATION_CONTEXT('2D SPACE',''
  ) );
#11393 = PCURVE('',#9258,#11394);
#11394 = DEFINITIONAL_REPRESENTATION('',(#11395),#11399);
#11395 = LINE('',#11396,#11397);
#11396 = CARTESIAN_POINT('',(-4.607533727551,1.));
#11397 = VECTOR('',#11398,1.);
#11398 = DIRECTION('',(0.,-1.));
#11399 = ( GEOMETRIC_REPRESENTATION_CONTEXT(2) 
PARAMETRIC_REPRESENTATION_CONTEXT() REPRESENTATION_CONTEXT('2D SPACE',''
  ) );
#11400 = ORIENTED_EDGE('',*,*,#11356,.T.);
#11401 = ORIENTED_EDGE('',*,*,#4464,.F.);
#11402 = ORIENTED_EDGE('',*,*,#11186,.F.);
#11403 = ADVANCED_FACE('',(#11404),#4621,.F.);
#11404 = FACE_BOUND('',#11405,.F.);
#11405 = EDGE_LOOP('',(#11406,#11407,#11408,#11409,#11410,#11411));
#11406 = ORIENTED_EDGE('',*,*,#8907,.F.);
#11407 = ORIENTED_EDGE('',*,*,#8782,.T.);
#11408 = ORIENTED_EDGE('',*,*,#8679,.T.);
#11409 = ORIENTED_EDGE('',*,*,#8576,.F.);
#11410 = ORIENTED_EDGE('',*,*,#4605,.T.);
#11411 = ORIENTED_EDGE('',*,*,#8808,.F.);
#11412 = ADVANCED_FACE('',(#11413),#5516,.T.);
#11413 = FACE_BOUND('',#11414,.T.);
#11414 = EDGE_LOOP('',(#11415,#11416,#11437,#11438));
#11415 = ORIENTED_EDGE('',*,*,#7915,.T.);
#11416 = ORIENTED_EDGE('',*,*,#11417,.T.);
#11417 = EDGE_CURVE('',#7916,#5501,#11418,.T.);
#11418 = SURFACE_CURVE('',#11419,(#11423,#11430),.PCURVE_S1.);
#11419 = LINE('',#11420,#11421);
#11420 = CARTESIAN_POINT('',(60.,20.540559159102,12.340559159102));
#11421 = VECTOR('',#11422,1.);
#11422 = DIRECTION('',(1.,0.,0.));
#11423 = PCURVE('',#5516,#11424);
#11424 = DEFINITIONAL_REPRESENTATION('',(#11425),#11429);
#11425 = LINE('',#11426,#11427);
#11426 = CARTESIAN_POINT('',(0.,0.));
#11427 = VECTOR('',#11428,1.);
#11428 = DIRECTION('',(0.,-1.));
#11429 = ( GEOMETRIC_REPRESENTATION_CONTEXT(2) 
PARAMETRIC_REPRESENTATION_CONTEXT() REPRESENTATION_CONTEXT('2D SPACE',''
  ) );
#11430 = PCURVE('',#5549,#11431);
#11431 = DEFINITIONAL_REPRESENTATION('',(#11432),#11436);
#11432 = LINE('',#11433,#11434);
#11433 = CARTESIAN_POINT('',(-8.639379797372,0.));
#11434 = VECTOR('',#11435,1.);
#11435 = DIRECTION('',(-0.,-1.));
#11436 = ( GEOMETRIC_REPRESENTATION_CONTEXT(2) 
PARAMETRIC_REPRESENTATION_CONTEXT() REPRESENTATION_CONTEXT('2D SPACE',''
  ) );
#11437 = ORIENTED_EDGE('',*,*,#5498,.F.);
#11438 = ORIENTED_EDGE('',*,*,#11439,.F.);
#11439 = EDGE_CURVE('',#7893,#5499,#11440,.T.);
#11440 = SURFACE_CURVE('',#11441,(#11445,#11452),.PCURVE_S1.);
#11441 = LINE('',#11442,#11443);
#11442 = CARTESIAN_POINT('',(60.,17.5,15.381118318204));
#11443 = VECTOR('',#11444,1.);
#11444 = DIRECTION('',(1.,0.,0.));
#11445 = PCURVE('',#5516,#11446);
#11446 = DEFINITIONAL_REPRESENTATION('',(#11447),#11451);
#11447 = LINE('',#11448,#11449);
#11448 = CARTESIAN_POINT('',(4.3,0.));
#11449 = VECTOR('',#11450,1.);
#11450 = DIRECTION('',(0.,-1.));
#11451 = ( GEOMETRIC_REPRESENTATION_CONTEXT(2) 
PARAMETRIC_REPRESENTATION_CONTEXT() REPRESENTATION_CONTEXT('2D SPACE',''
  ) );
#11452 = PCURVE('',#5575,#11453);
#11453 = DEFINITIONAL_REPRESENTATION('',(#11454),#11458);
#11454 = LINE('',#11455,#11456);
#11455 = CARTESIAN_POINT('',(0.,0.));
#11456 = VECTOR('',#11457,1.);
#11457 = DIRECTION('',(0.,-1.));
#11458 = ( GEOMETRIC_REPRESENTATION_CONTEXT(2) 
PARAMETRIC_REPRESENTATION_CONTEXT() REPRESENTATION_CONTEXT('2D SPACE',''
  ) );
#11459 = ADVANCED_FACE('',(#11460),#5575,.T.);
#11460 = FACE_BOUND('',#11461,.T.);
#11461 = EDGE_LOOP('',(#11462,#11463,#11464,#11465,#11486));
#11462 = ORIENTED_EDGE('',*,*,#7892,.T.);
#11463 = ORIENTED_EDGE('',*,*,#11439,.T.);
#11464 = ORIENTED_EDGE('',*,*,#5561,.F.);
#11465 = ORIENTED_EDGE('',*,*,#11466,.F.);
#11466 = EDGE_CURVE('',#7477,#5529,#11467,.T.);
#11467 = SURFACE_CURVE('',#11468,(#11472,#11479),.PCURVE_S1.);
#11468 = LINE('',#11469,#11470);
#11469 = CARTESIAN_POINT('',(60.,14.459440840898,12.340559159102));
#11470 = VECTOR('',#11471,1.);
#11471 = DIRECTION('',(1.,0.,0.));
#11472 = PCURVE('',#5575,#11473);
#11473 = DEFINITIONAL_REPRESENTATION('',(#11474),#11478);
#11474 = LINE('',#11475,#11476);
#11475 = CARTESIAN_POINT('',(4.3,0.));
#11476 = VECTOR('',#11477,1.);
#11477 = DIRECTION('',(0.,-1.));
#11478 = ( GEOMETRIC_REPRESENTATION_CONTEXT(2) 
PARAMETRIC_REPRESENTATION_CONTEXT() REPRESENTATION_CONTEXT('2D SPACE',''
  ) );
#11479 = PCURVE('',#5549,#11480);
#11480 = DEFINITIONAL_REPRESENTATION('',(#11481),#11485);
#11481 = LINE('',#11482,#11483);
#11482 = CARTESIAN_POINT('',(-3.926990816987,0.));
#11483 = VECTOR('',#11484,1.);
#11484 = DIRECTION('',(-0.,-1.));
#11485 = ( GEOMETRIC_REPRESENTATION_CONTEXT(2) 
PARAMETRIC_REPRESENTATION_CONTEXT() REPRESENTATION_CONTEXT('2D SPACE',''
  ) );
#11486 = ORIENTED_EDGE('',*,*,#7476,.F.);
#11487 = ADVANCED_FACE('',(#11488),#5549,.F.);
#11488 = FACE_BOUND('',#11489,.T.);
#11489 = EDGE_LOOP('',(#11490,#11491,#11492,#11493,#11494));
#11490 = ORIENTED_EDGE('',*,*,#11417,.F.);
#11491 = ORIENTED_EDGE('',*,*,#7938,.T.);
#11492 = ORIENTED_EDGE('',*,*,#7503,.F.);
#11493 = ORIENTED_EDGE('',*,*,#11466,.T.);
#11494 = ORIENTED_EDGE('',*,*,#5528,.F.);
#11495 = ADVANCED_FACE('',(#11496),#5701,.T.);
#11496 = FACE_BOUND('',#11497,.T.);
#11497 = EDGE_LOOP('',(#11498,#11499,#11520,#11521));
#11498 = ORIENTED_EDGE('',*,*,#7842,.T.);
#11499 = ORIENTED_EDGE('',*,*,#11500,.T.);
#11500 = EDGE_CURVE('',#7843,#5686,#11501,.T.);
#11501 = SURFACE_CURVE('',#11502,(#11506,#11513),.PCURVE_S1.);
#11502 = LINE('',#11503,#11504);
#11503 = CARTESIAN_POINT('',(60.,20.540559159102,37.340559159102));
#11504 = VECTOR('',#11505,1.);
#11505 = DIRECTION('',(1.,0.,0.));
#11506 = PCURVE('',#5701,#11507);
#11507 = DEFINITIONAL_REPRESENTATION('',(#11508),#11512);
#11508 = LINE('',#11509,#11510);
#11509 = CARTESIAN_POINT('',(0.,0.));
#11510 = VECTOR('',#11511,1.);
#11511 = DIRECTION('',(0.,-1.));
#11512 = ( GEOMETRIC_REPRESENTATION_CONTEXT(2) 
PARAMETRIC_REPRESENTATION_CONTEXT() REPRESENTATION_CONTEXT('2D SPACE',''
  ) );
#11513 = PCURVE('',#5734,#11514);
#11514 = DEFINITIONAL_REPRESENTATION('',(#11515),#11519);
#11515 = LINE('',#11516,#11517);
#11516 = CARTESIAN_POINT('',(-2.356194490192,0.));
#11517 = VECTOR('',#11518,1.);
#11518 = DIRECTION('',(-0.,-1.));
#11519 = ( GEOMETRIC_REPRESENTATION_CONTEXT(2) 
PARAMETRIC_REPRESENTATION_CONTEXT() REPRESENTATION_CONTEXT('2D SPACE',''
  ) );
#11520 = ORIENTED_EDGE('',*,*,#5683,.F.);
#11521 = ORIENTED_EDGE('',*,*,#11522,.F.);
#11522 = EDGE_CURVE('',#7820,#5684,#11523,.T.);
#11523 = SURFACE_CURVE('',#11524,(#11528,#11535),.PCURVE_S1.);
#11524 = LINE('',#11525,#11526);
#11525 = CARTESIAN_POINT('',(60.,17.5,40.381118318204));
#11526 = VECTOR('',#11527,1.);
#11527 = DIRECTION('',(1.,0.,0.));
#11528 = PCURVE('',#5701,#11529);
#11529 = DEFINITIONAL_REPRESENTATION('',(#11530),#11534);
#11530 = LINE('',#11531,#11532);
#11531 = CARTESIAN_POINT('',(4.3,0.));
#11532 = VECTOR('',#11533,1.);
#11533 = DIRECTION('',(0.,-1.));
#11534 = ( GEOMETRIC_REPRESENTATION_CONTEXT(2) 
PARAMETRIC_REPRESENTATION_CONTEXT() REPRESENTATION_CONTEXT('2D SPACE',''
  ) );
#11535 = PCURVE('',#5760,#11536);
#11536 = DEFINITIONAL_REPRESENTATION('',(#11537),#11541);
#11537 = LINE('',#11538,#11539);
#11538 = CARTESIAN_POINT('',(0.,0.));
#11539 = VECTOR('',#11540,1.);
#11540 = DIRECTION('',(0.,-1.));
#11541 = ( GEOMETRIC_REPRESENTATION_CONTEXT(2) 
PARAMETRIC_REPRESENTATION_CONTEXT() REPRESENTATION_CONTEXT('2D SPACE',''
  ) );
#11542 = ADVANCED_FACE('',(#11543),#5760,.T.);
#11543 = FACE_BOUND('',#11544,.T.);
#11544 = EDGE_LOOP('',(#11545,#11546,#11547,#11548,#11569));
#11545 = ORIENTED_EDGE('',*,*,#7819,.T.);
#11546 = ORIENTED_EDGE('',*,*,#11522,.T.);
#11547 = ORIENTED_EDGE('',*,*,#5746,.F.);
#11548 = ORIENTED_EDGE('',*,*,#11549,.F.);
#11549 = EDGE_CURVE('',#7302,#5714,#11550,.T.);
#11550 = SURFACE_CURVE('',#11551,(#11555,#11562),.PCURVE_S1.);
#11551 = LINE('',#11552,#11553);
#11552 = CARTESIAN_POINT('',(60.,14.459440840898,37.340559159102));
#11553 = VECTOR('',#11554,1.);
#11554 = DIRECTION('',(1.,0.,0.));
#11555 = PCURVE('',#5760,#11556);
#11556 = DEFINITIONAL_REPRESENTATION('',(#11557),#11561);
#11557 = LINE('',#11558,#11559);
#11558 = CARTESIAN_POINT('',(4.3,0.));
#11559 = VECTOR('',#11560,1.);
#11560 = DIRECTION('',(0.,-1.));
#11561 = ( GEOMETRIC_REPRESENTATION_CONTEXT(2) 
PARAMETRIC_REPRESENTATION_CONTEXT() REPRESENTATION_CONTEXT('2D SPACE',''
  ) );
#11562 = PCURVE('',#5734,#11563);
#11563 = DEFINITIONAL_REPRESENTATION('',(#11564),#11568);
#11564 = LINE('',#11565,#11566);
#11565 = CARTESIAN_POINT('',(2.356194490192,-0.));
#11566 = VECTOR('',#11567,1.);
#11567 = DIRECTION('',(-0.,-1.));
#11568 = ( GEOMETRIC_REPRESENTATION_CONTEXT(2) 
PARAMETRIC_REPRESENTATION_CONTEXT() REPRESENTATION_CONTEXT('2D SPACE',''
  ) );
#11569 = ORIENTED_EDGE('',*,*,#7301,.F.);
#11570 = ADVANCED_FACE('',(#11571),#5734,.F.);
#11571 = FACE_BOUND('',#11572,.T.);
#11572 = EDGE_LOOP('',(#11573,#11574,#11575,#11576,#11577));
#11573 = ORIENTED_EDGE('',*,*,#11500,.F.);
#11574 = ORIENTED_EDGE('',*,*,#7865,.T.);
#11575 = ORIENTED_EDGE('',*,*,#7328,.F.);
#11576 = ORIENTED_EDGE('',*,*,#11549,.T.);
#11577 = ORIENTED_EDGE('',*,*,#5713,.F.);
#11578 = ADVANCED_FACE('',(#11579),#6517,.F.);
#11579 = FACE_BOUND('',#11580,.F.);
#11580 = EDGE_LOOP('',(#11581,#11582,#11583,#11584));
#11581 = ORIENTED_EDGE('',*,*,#6584,.F.);
#11582 = ORIENTED_EDGE('',*,*,#6501,.T.);
#11583 = ORIENTED_EDGE('',*,*,#7116,.T.);
#11584 = ORIENTED_EDGE('',*,*,#11585,.F.);
#11585 = EDGE_CURVE('',#6554,#7117,#11586,.T.);
#11586 = SURFACE_CURVE('',#11587,(#11591,#11598),.PCURVE_S1.);
#11587 = LINE('',#11588,#11589);
#11588 = CARTESIAN_POINT('',(8.,10.,2.6));
#11589 = VECTOR('',#11590,1.);
#11590 = DIRECTION('',(0.,1.,0.));
#11591 = PCURVE('',#6517,#11592);
#11592 = DEFINITIONAL_REPRESENTATION('',(#11593),#11597);
#11593 = LINE('',#11594,#11595);
#11594 = CARTESIAN_POINT('',(4.712388980385,0.));
#11595 = VECTOR('',#11596,1.);
#11596 = DIRECTION('',(0.,-1.));
#11597 = ( GEOMETRIC_REPRESENTATION_CONTEXT(2) 
PARAMETRIC_REPRESENTATION_CONTEXT() REPRESENTATION_CONTEXT('2D SPACE',''
  ) );
#11598 = PCURVE('',#6572,#11599);
#11599 = DEFINITIONAL_REPRESENTATION('',(#11600),#11604);
#11600 = LINE('',#11601,#11602);
#11601 = CARTESIAN_POINT('',(8.,1.E-02));
#11602 = VECTOR('',#11603,1.);
#11603 = DIRECTION('',(0.,1.));
#11604 = ( GEOMETRIC_REPRESENTATION_CONTEXT(2) 
PARAMETRIC_REPRESENTATION_CONTEXT() REPRESENTATION_CONTEXT('2D SPACE',''
  ) );
#11605 = ADVANCED_FACE('',(#11606),#6466,.F.);
#11606 = FACE_BOUND('',#11607,.T.);
#11607 = EDGE_LOOP('',(#11608,#11631,#11655,#11676,#11677));
#11608 = ORIENTED_EDGE('',*,*,#11609,.F.);
#11609 = EDGE_CURVE('',#11610,#6418,#11612,.T.);
#11610 = VERTEX_POINT('',#11611);
#11611 = CARTESIAN_POINT('',(2.4,20.257716446628,12.057716446628));
#11612 = SURFACE_CURVE('',#11613,(#11617,#11624),.PCURVE_S1.);
#11613 = LINE('',#11614,#11615);
#11614 = CARTESIAN_POINT('',(2.4,20.257716446628,12.057716446628));
#11615 = VECTOR('',#11616,1.);
#11616 = DIRECTION('',(1.,0.,0.));
#11617 = PCURVE('',#6466,#11618);
#11618 = DEFINITIONAL_REPRESENTATION('',(#11619),#11623);
#11619 = LINE('',#11620,#11621);
#11620 = CARTESIAN_POINT('',(-2.356194490192,0.));
#11621 = VECTOR('',#11622,1.);
#11622 = DIRECTION('',(-0.,-1.));
#11623 = ( GEOMETRIC_REPRESENTATION_CONTEXT(2) 
PARAMETRIC_REPRESENTATION_CONTEXT() REPRESENTATION_CONTEXT('2D SPACE',''
  ) );
#11624 = PCURVE('',#6433,#11625);
#11625 = DEFINITIONAL_REPRESENTATION('',(#11626),#11630);
#11626 = LINE('',#11627,#11628);
#11627 = CARTESIAN_POINT('',(0.,0.));
#11628 = VECTOR('',#11629,1.);
#11629 = DIRECTION('',(0.,-1.));
#11630 = ( GEOMETRIC_REPRESENTATION_CONTEXT(2) 
PARAMETRIC_REPRESENTATION_CONTEXT() REPRESENTATION_CONTEXT('2D SPACE',''
  ) );
#11631 = ORIENTED_EDGE('',*,*,#11632,.F.);
#11632 = EDGE_CURVE('',#11633,#11610,#11635,.T.);
#11633 = VERTEX_POINT('',#11634);
#11634 = CARTESIAN_POINT('',(2.4,14.742283553372,12.057716446628));
#11635 = SURFACE_CURVE('',#11636,(#11641,#11648),.PCURVE_S1.);
#11636 = CIRCLE('',#11637,3.9);
#11637 = AXIS2_PLACEMENT_3D('',#11638,#11639,#11640);
#11638 = CARTESIAN_POINT('',(2.4,17.5,9.3));
#11639 = DIRECTION('',(1.,0.,0.));
#11640 = DIRECTION('',(0.,-0.707106781187,0.707106781187));
#11641 = PCURVE('',#6466,#11642);
#11642 = DEFINITIONAL_REPRESENTATION('',(#11643),#11647);
#11643 = LINE('',#11644,#11645);
#11644 = CARTESIAN_POINT('',(2.356194490192,-0.));
#11645 = VECTOR('',#11646,1.);
#11646 = DIRECTION('',(-1.,0.));
#11647 = ( GEOMETRIC_REPRESENTATION_CONTEXT(2) 
PARAMETRIC_REPRESENTATION_CONTEXT() REPRESENTATION_CONTEXT('2D SPACE',''
  ) );
#11648 = PCURVE('',#9517,#11649);
#11649 = DEFINITIONAL_REPRESENTATION('',(#11650),#11654);
#11650 = CIRCLE('',#11651,3.9);
#11651 = AXIS2_PLACEMENT_2D('',#11652,#11653);
#11652 = CARTESIAN_POINT('',(-0.482017111745,0.));
#11653 = DIRECTION('',(0.707106781187,0.707106781187));
#11654 = ( GEOMETRIC_REPRESENTATION_CONTEXT(2) 
PARAMETRIC_REPRESENTATION_CONTEXT() REPRESENTATION_CONTEXT('2D SPACE',''
  ) );
#11655 = ORIENTED_EDGE('',*,*,#11656,.T.);
#11656 = EDGE_CURVE('',#11633,#6820,#11657,.T.);
#11657 = SURFACE_CURVE('',#11658,(#11662,#11669),.PCURVE_S1.);
#11658 = LINE('',#11659,#11660);
#11659 = CARTESIAN_POINT('',(2.4,14.742283553372,12.057716446628));
#11660 = VECTOR('',#11661,1.);
#11661 = DIRECTION('',(1.,0.,0.));
#11662 = PCURVE('',#6466,#11663);
#11663 = DEFINITIONAL_REPRESENTATION('',(#11664),#11668);
#11664 = LINE('',#11665,#11666);
#11665 = CARTESIAN_POINT('',(2.356194490192,-0.));
#11666 = VECTOR('',#11667,1.);
#11667 = DIRECTION('',(-0.,-1.));
#11668 = ( GEOMETRIC_REPRESENTATION_CONTEXT(2) 
PARAMETRIC_REPRESENTATION_CONTEXT() REPRESENTATION_CONTEXT('2D SPACE',''
  ) );
#11669 = PCURVE('',#6405,#11670);
#11670 = DEFINITIONAL_REPRESENTATION('',(#11671),#11675);
#11671 = LINE('',#11672,#11673);
#11672 = CARTESIAN_POINT('',(3.9,0.));
#11673 = VECTOR('',#11674,1.);
#11674 = DIRECTION('',(0.,-1.));
#11675 = ( GEOMETRIC_REPRESENTATION_CONTEXT(2) 
PARAMETRIC_REPRESENTATION_CONTEXT() REPRESENTATION_CONTEXT('2D SPACE',''
  ) );
#11676 = ORIENTED_EDGE('',*,*,#6819,.T.);
#11677 = ORIENTED_EDGE('',*,*,#6445,.F.);
#11678 = ADVANCED_FACE('',(#11679),#6433,.T.);
#11679 = FACE_BOUND('',#11680,.T.);
#11680 = EDGE_LOOP('',(#11681,#11704,#11705,#11706));
#11681 = ORIENTED_EDGE('',*,*,#11682,.F.);
#11682 = EDGE_CURVE('',#11610,#11683,#11685,.T.);
#11683 = VERTEX_POINT('',#11684);
#11684 = CARTESIAN_POINT('',(2.4,17.5,14.815432893255));
#11685 = SURFACE_CURVE('',#11686,(#11690,#11697),.PCURVE_S1.);
#11686 = LINE('',#11687,#11688);
#11687 = CARTESIAN_POINT('',(2.4,20.257716446628,12.057716446628));
#11688 = VECTOR('',#11689,1.);
#11689 = DIRECTION('',(0.,-0.707106781187,0.707106781187));
#11690 = PCURVE('',#6433,#11691);
#11691 = DEFINITIONAL_REPRESENTATION('',(#11692),#11696);
#11692 = LINE('',#11693,#11694);
#11693 = CARTESIAN_POINT('',(0.,0.));
#11694 = VECTOR('',#11695,1.);
#11695 = DIRECTION('',(1.,0.));
#11696 = ( GEOMETRIC_REPRESENTATION_CONTEXT(2) 
PARAMETRIC_REPRESENTATION_CONTEXT() REPRESENTATION_CONTEXT('2D SPACE',''
  ) );
#11697 = PCURVE('',#9517,#11698);
#11698 = DEFINITIONAL_REPRESENTATION('',(#11699),#11703);
#11699 = LINE('',#11700,#11701);
#11700 = CARTESIAN_POINT('',(2.275699334883,-2.757716446628));
#11701 = VECTOR('',#11702,1.);
#11702 = DIRECTION('',(0.707106781187,0.707106781187));
#11703 = ( GEOMETRIC_REPRESENTATION_CONTEXT(2) 
PARAMETRIC_REPRESENTATION_CONTEXT() REPRESENTATION_CONTEXT('2D SPACE',''
  ) );
#11704 = ORIENTED_EDGE('',*,*,#11609,.T.);
#11705 = ORIENTED_EDGE('',*,*,#6417,.F.);
#11706 = ORIENTED_EDGE('',*,*,#11707,.F.);
#11707 = EDGE_CURVE('',#11683,#6390,#11708,.T.);
#11708 = SURFACE_CURVE('',#11709,(#11713,#11720),.PCURVE_S1.);
#11709 = LINE('',#11710,#11711);
#11710 = CARTESIAN_POINT('',(2.4,17.5,14.815432893255));
#11711 = VECTOR('',#11712,1.);
#11712 = DIRECTION('',(1.,0.,0.));
#11713 = PCURVE('',#6433,#11714);
#11714 = DEFINITIONAL_REPRESENTATION('',(#11715),#11719);
#11715 = LINE('',#11716,#11717);
#11716 = CARTESIAN_POINT('',(3.9,0.));
#11717 = VECTOR('',#11718,1.);
#11718 = DIRECTION('',(0.,-1.));
#11719 = ( GEOMETRIC_REPRESENTATION_CONTEXT(2) 
PARAMETRIC_REPRESENTATION_CONTEXT() REPRESENTATION_CONTEXT('2D SPACE',''
  ) );
#11720 = PCURVE('',#6405,#11721);
#11721 = DEFINITIONAL_REPRESENTATION('',(#11722),#11726);
#11722 = LINE('',#11723,#11724);
#11723 = CARTESIAN_POINT('',(0.,0.));
#11724 = VECTOR('',#11725,1.);
#11725 = DIRECTION('',(0.,-1.));
#11726 = ( GEOMETRIC_REPRESENTATION_CONTEXT(2) 
PARAMETRIC_REPRESENTATION_CONTEXT() REPRESENTATION_CONTEXT('2D SPACE',''
  ) );
#11727 = ADVANCED_FACE('',(#11728),#6405,.T.);
#11728 = FACE_BOUND('',#11729,.T.);
#11729 = EDGE_LOOP('',(#11730,#11751,#11752,#11753,#11754));
#11730 = ORIENTED_EDGE('',*,*,#11731,.F.);
#11731 = EDGE_CURVE('',#11683,#11633,#11732,.T.);
#11732 = SURFACE_CURVE('',#11733,(#11737,#11744),.PCURVE_S1.);
#11733 = LINE('',#11734,#11735);
#11734 = CARTESIAN_POINT('',(2.4,17.5,14.815432893255));
#11735 = VECTOR('',#11736,1.);
#11736 = DIRECTION('',(0.,-0.707106781187,-0.707106781187));
#11737 = PCURVE('',#6405,#11738);
#11738 = DEFINITIONAL_REPRESENTATION('',(#11739),#11743);
#11739 = LINE('',#11740,#11741);
#11740 = CARTESIAN_POINT('',(0.,0.));
#11741 = VECTOR('',#11742,1.);
#11742 = DIRECTION('',(1.,0.));
#11743 = ( GEOMETRIC_REPRESENTATION_CONTEXT(2) 
PARAMETRIC_REPRESENTATION_CONTEXT() REPRESENTATION_CONTEXT('2D SPACE',''
  ) );
#11744 = PCURVE('',#9517,#11745);
#11745 = DEFINITIONAL_REPRESENTATION('',(#11746),#11750);
#11746 = LINE('',#11747,#11748);
#11747 = CARTESIAN_POINT('',(5.03341578151,0.));
#11748 = VECTOR('',#11749,1.);
#11749 = DIRECTION('',(-0.707106781187,0.707106781187));
#11750 = ( GEOMETRIC_REPRESENTATION_CONTEXT(2) 
PARAMETRIC_REPRESENTATION_CONTEXT() REPRESENTATION_CONTEXT('2D SPACE',''
  ) );
#11751 = ORIENTED_EDGE('',*,*,#11707,.T.);
#11752 = ORIENTED_EDGE('',*,*,#6389,.F.);
#11753 = ORIENTED_EDGE('',*,*,#6929,.F.);
#11754 = ORIENTED_EDGE('',*,*,#11656,.F.);
#11755 = ADVANCED_FACE('',(#11756),#6354,.F.);
#11756 = FACE_BOUND('',#11757,.T.);
#11757 = EDGE_LOOP('',(#11758,#11781,#11805,#11826,#11827));
#11758 = ORIENTED_EDGE('',*,*,#11759,.F.);
#11759 = EDGE_CURVE('',#11760,#6306,#11762,.T.);
#11760 = VERTEX_POINT('',#11761);
#11761 = CARTESIAN_POINT('',(2.4,20.257716446628,37.057716446628));
#11762 = SURFACE_CURVE('',#11763,(#11767,#11774),.PCURVE_S1.);
#11763 = LINE('',#11764,#11765);
#11764 = CARTESIAN_POINT('',(2.4,20.257716446628,37.057716446628));
#11765 = VECTOR('',#11766,1.);
#11766 = DIRECTION('',(1.,0.,0.));
#11767 = PCURVE('',#6354,#11768);
#11768 = DEFINITIONAL_REPRESENTATION('',(#11769),#11773);
#11769 = LINE('',#11770,#11771);
#11770 = CARTESIAN_POINT('',(-8.639379797372,0.));
#11771 = VECTOR('',#11772,1.);
#11772 = DIRECTION('',(-0.,-1.));
#11773 = ( GEOMETRIC_REPRESENTATION_CONTEXT(2) 
PARAMETRIC_REPRESENTATION_CONTEXT() REPRESENTATION_CONTEXT('2D SPACE',''
  ) );
#11774 = PCURVE('',#6321,#11775);
#11775 = DEFINITIONAL_REPRESENTATION('',(#11776),#11780);
#11776 = LINE('',#11777,#11778);
#11777 = CARTESIAN_POINT('',(0.,0.));
#11778 = VECTOR('',#11779,1.);
#11779 = DIRECTION('',(0.,-1.));
#11780 = ( GEOMETRIC_REPRESENTATION_CONTEXT(2) 
PARAMETRIC_REPRESENTATION_CONTEXT() REPRESENTATION_CONTEXT('2D SPACE',''
  ) );
#11781 = ORIENTED_EDGE('',*,*,#11782,.F.);
#11782 = EDGE_CURVE('',#11783,#11760,#11785,.T.);
#11783 = VERTEX_POINT('',#11784);
#11784 = CARTESIAN_POINT('',(2.4,14.742283553372,37.057716446628));
#11785 = SURFACE_CURVE('',#11786,(#11791,#11798),.PCURVE_S1.);
#11786 = CIRCLE('',#11787,3.9);
#11787 = AXIS2_PLACEMENT_3D('',#11788,#11789,#11790);
#11788 = CARTESIAN_POINT('',(2.4,17.5,34.3));
#11789 = DIRECTION('',(1.,0.,0.));
#11790 = DIRECTION('',(0.,-0.707106781187,0.707106781187));
#11791 = PCURVE('',#6354,#11792);
#11792 = DEFINITIONAL_REPRESENTATION('',(#11793),#11797);
#11793 = LINE('',#11794,#11795);
#11794 = CARTESIAN_POINT('',(-3.926990816987,0.));
#11795 = VECTOR('',#11796,1.);
#11796 = DIRECTION('',(-1.,0.));
#11797 = ( GEOMETRIC_REPRESENTATION_CONTEXT(2) 
PARAMETRIC_REPRESENTATION_CONTEXT() REPRESENTATION_CONTEXT('2D SPACE',''
  ) );
#11798 = PCURVE('',#9674,#11799);
#11799 = DEFINITIONAL_REPRESENTATION('',(#11800),#11804);
#11800 = CIRCLE('',#11801,3.9);
#11801 = AXIS2_PLACEMENT_2D('',#11802,#11803);
#11802 = CARTESIAN_POINT('',(-0.482017111745,-3.552713678801E-15));
#11803 = DIRECTION('',(0.707106781187,0.707106781187));
#11804 = ( GEOMETRIC_REPRESENTATION_CONTEXT(2) 
PARAMETRIC_REPRESENTATION_CONTEXT() REPRESENTATION_CONTEXT('2D SPACE',''
  ) );
#11805 = ORIENTED_EDGE('',*,*,#11806,.T.);
#11806 = EDGE_CURVE('',#11783,#6956,#11807,.T.);
#11807 = SURFACE_CURVE('',#11808,(#11812,#11819),.PCURVE_S1.);
#11808 = LINE('',#11809,#11810);
#11809 = CARTESIAN_POINT('',(2.4,14.742283553372,37.057716446628));
#11810 = VECTOR('',#11811,1.);
#11811 = DIRECTION('',(1.,0.,0.));
#11812 = PCURVE('',#6354,#11813);
#11813 = DEFINITIONAL_REPRESENTATION('',(#11814),#11818);
#11814 = LINE('',#11815,#11816);
#11815 = CARTESIAN_POINT('',(-3.926990816987,0.));
#11816 = VECTOR('',#11817,1.);
#11817 = DIRECTION('',(-0.,-1.));
#11818 = ( GEOMETRIC_REPRESENTATION_CONTEXT(2) 
PARAMETRIC_REPRESENTATION_CONTEXT() REPRESENTATION_CONTEXT('2D SPACE',''
  ) );
#11819 = PCURVE('',#6293,#11820);
#11820 = DEFINITIONAL_REPRESENTATION('',(#11821),#11825);
#11821 = LINE('',#11822,#11823);
#11822 = CARTESIAN_POINT('',(3.9,0.));
#11823 = VECTOR('',#11824,1.);
#11824 = DIRECTION('',(0.,-1.));
#11825 = ( GEOMETRIC_REPRESENTATION_CONTEXT(2) 
PARAMETRIC_REPRESENTATION_CONTEXT() REPRESENTATION_CONTEXT('2D SPACE',''
  ) );
#11826 = ORIENTED_EDGE('',*,*,#6955,.T.);
#11827 = ORIENTED_EDGE('',*,*,#6333,.F.);
#11828 = ADVANCED_FACE('',(#11829),#6321,.T.);
#11829 = FACE_BOUND('',#11830,.T.);
#11830 = EDGE_LOOP('',(#11831,#11854,#11855,#11856));
#11831 = ORIENTED_EDGE('',*,*,#11832,.F.);
#11832 = EDGE_CURVE('',#11760,#11833,#11835,.T.);
#11833 = VERTEX_POINT('',#11834);
#11834 = CARTESIAN_POINT('',(2.4,17.5,39.815432893255));
#11835 = SURFACE_CURVE('',#11836,(#11840,#11847),.PCURVE_S1.);
#11836 = LINE('',#11837,#11838);
#11837 = CARTESIAN_POINT('',(2.4,20.257716446628,37.057716446628));
#11838 = VECTOR('',#11839,1.);
#11839 = DIRECTION('',(0.,-0.707106781187,0.707106781187));
#11840 = PCURVE('',#6321,#11841);
#11841 = DEFINITIONAL_REPRESENTATION('',(#11842),#11846);
#11842 = LINE('',#11843,#11844);
#11843 = CARTESIAN_POINT('',(0.,0.));
#11844 = VECTOR('',#11845,1.);
#11845 = DIRECTION('',(1.,0.));
#11846 = ( GEOMETRIC_REPRESENTATION_CONTEXT(2) 
PARAMETRIC_REPRESENTATION_CONTEXT() REPRESENTATION_CONTEXT('2D SPACE',''
  ) );
#11847 = PCURVE('',#9674,#11848);
#11848 = DEFINITIONAL_REPRESENTATION('',(#11849),#11853);
#11849 = LINE('',#11850,#11851);
#11850 = CARTESIAN_POINT('',(2.275699334883,-2.757716446628));
#11851 = VECTOR('',#11852,1.);
#11852 = DIRECTION('',(0.707106781187,0.707106781187));
#11853 = ( GEOMETRIC_REPRESENTATION_CONTEXT(2) 
PARAMETRIC_REPRESENTATION_CONTEXT() REPRESENTATION_CONTEXT('2D SPACE',''
  ) );
#11854 = ORIENTED_EDGE('',*,*,#11759,.T.);
#11855 = ORIENTED_EDGE('',*,*,#6305,.F.);
#11856 = ORIENTED_EDGE('',*,*,#11857,.F.);
#11857 = EDGE_CURVE('',#11833,#6278,#11858,.T.);
#11858 = SURFACE_CURVE('',#11859,(#11863,#11870),.PCURVE_S1.);
#11859 = LINE('',#11860,#11861);
#11860 = CARTESIAN_POINT('',(2.4,17.5,39.815432893255));
#11861 = VECTOR('',#11862,1.);
#11862 = DIRECTION('',(1.,0.,0.));
#11863 = PCURVE('',#6321,#11864);
#11864 = DEFINITIONAL_REPRESENTATION('',(#11865),#11869);
#11865 = LINE('',#11866,#11867);
#11866 = CARTESIAN_POINT('',(3.9,0.));
#11867 = VECTOR('',#11868,1.);
#11868 = DIRECTION('',(0.,-1.));
#11869 = ( GEOMETRIC_REPRESENTATION_CONTEXT(2) 
PARAMETRIC_REPRESENTATION_CONTEXT() REPRESENTATION_CONTEXT('2D SPACE',''
  ) );
#11870 = PCURVE('',#6293,#11871);
#11871 = DEFINITIONAL_REPRESENTATION('',(#11872),#11876);
#11872 = LINE('',#11873,#11874);
#11873 = CARTESIAN_POINT('',(0.,0.));
#11874 = VECTOR('',#11875,1.);
#11875 = DIRECTION('',(0.,-1.));
#11876 = ( GEOMETRIC_REPRESENTATION_CONTEXT(2) 
PARAMETRIC_REPRESENTATION_CONTEXT() REPRESENTATION_CONTEXT('2D SPACE',''
  ) );
#11877 = ADVANCED_FACE('',(#11878),#6293,.T.);
#11878 = FACE_BOUND('',#11879,.T.);
#11879 = EDGE_LOOP('',(#11880,#11901,#11902,#11903,#11904));
#11880 = ORIENTED_EDGE('',*,*,#11881,.F.);
#11881 = EDGE_CURVE('',#11833,#11783,#11882,.T.);
#11882 = SURFACE_CURVE('',#11883,(#11887,#11894),.PCURVE_S1.);
#11883 = LINE('',#11884,#11885);
#11884 = CARTESIAN_POINT('',(2.4,17.5,39.815432893255));
#11885 = VECTOR('',#11886,1.);
#11886 = DIRECTION('',(0.,-0.707106781187,-0.707106781187));
#11887 = PCURVE('',#6293,#11888);
#11888 = DEFINITIONAL_REPRESENTATION('',(#11889),#11893);
#11889 = LINE('',#11890,#11891);
#11890 = CARTESIAN_POINT('',(0.,0.));
#11891 = VECTOR('',#11892,1.);
#11892 = DIRECTION('',(1.,0.));
#11893 = ( GEOMETRIC_REPRESENTATION_CONTEXT(2) 
PARAMETRIC_REPRESENTATION_CONTEXT() REPRESENTATION_CONTEXT('2D SPACE',''
  ) );
#11894 = PCURVE('',#9674,#11895);
#11895 = DEFINITIONAL_REPRESENTATION('',(#11896),#11900);
#11896 = LINE('',#11897,#11898);
#11897 = CARTESIAN_POINT('',(5.03341578151,0.));
#11898 = VECTOR('',#11899,1.);
#11899 = DIRECTION('',(-0.707106781187,0.707106781187));
#11900 = ( GEOMETRIC_REPRESENTATION_CONTEXT(2) 
PARAMETRIC_REPRESENTATION_CONTEXT() REPRESENTATION_CONTEXT('2D SPACE',''
  ) );
#11901 = ORIENTED_EDGE('',*,*,#11857,.T.);
#11902 = ORIENTED_EDGE('',*,*,#6277,.F.);
#11903 = ORIENTED_EDGE('',*,*,#7065,.F.);
#11904 = ORIENTED_EDGE('',*,*,#11806,.F.);
#11905 = ADVANCED_FACE('',(#11906),#6572,.T.);
#11906 = FACE_BOUND('',#11907,.T.);
#11907 = EDGE_LOOP('',(#11908,#11929,#11930,#11931,#11932,#11933));
#11908 = ORIENTED_EDGE('',*,*,#11909,.T.);
#11909 = EDGE_CURVE('',#7652,#7230,#11910,.T.);
#11910 = SURFACE_CURVE('',#11911,(#11915,#11922),.PCURVE_S1.);
#11911 = LINE('',#11912,#11913);
#11912 = CARTESIAN_POINT('',(59.,10.,2.6));
#11913 = VECTOR('',#11914,1.);
#11914 = DIRECTION('',(0.,1.,0.));
#11915 = PCURVE('',#6572,#11916);
#11916 = DEFINITIONAL_REPRESENTATION('',(#11917),#11921);
#11917 = LINE('',#11918,#11919);
#11918 = CARTESIAN_POINT('',(59.,1.E-02));
#11919 = VECTOR('',#11920,1.);
#11920 = DIRECTION('',(0.,1.));
#11921 = ( GEOMETRIC_REPRESENTATION_CONTEXT(2) 
PARAMETRIC_REPRESENTATION_CONTEXT() REPRESENTATION_CONTEXT('2D SPACE',''
  ) );
#11922 = PCURVE('',#7701,#11923);
#11923 = DEFINITIONAL_REPRESENTATION('',(#11924),#11928);
#11924 = LINE('',#11925,#11926);
#11925 = CARTESIAN_POINT('',(4.712388980385,0.));
#11926 = VECTOR('',#11927,1.);
#11927 = DIRECTION('',(0.,-1.));
#11928 = ( GEOMETRIC_REPRESENTATION_CONTEXT(2) 
PARAMETRIC_REPRESENTATION_CONTEXT() REPRESENTATION_CONTEXT('2D SPACE',''
  ) );
#11929 = ORIENTED_EDGE('',*,*,#7252,.T.);
#11930 = ORIENTED_EDGE('',*,*,#11585,.F.);
#11931 = ORIENTED_EDGE('',*,*,#6553,.T.);
#11932 = ORIENTED_EDGE('',*,*,#7178,.T.);
#11933 = ORIENTED_EDGE('',*,*,#7730,.T.);
#11934 = ADVANCED_FACE('',(#11935),#7701,.F.);
#11935 = FACE_BOUND('',#11936,.F.);
#11936 = EDGE_LOOP('',(#11937,#11938,#11939,#11940));
#11937 = ORIENTED_EDGE('',*,*,#7965,.F.);
#11938 = ORIENTED_EDGE('',*,*,#7651,.F.);
#11939 = ORIENTED_EDGE('',*,*,#11909,.T.);
#11940 = ORIENTED_EDGE('',*,*,#7756,.T.);
#11941 = ADVANCED_FACE('',(#11942,#11949),#8998,.T.);
#11942 = FACE_BOUND('',#11943,.T.);
#11943 = EDGE_LOOP('',(#11944,#11945,#11946,#11947,#11948));
#11944 = ORIENTED_EDGE('',*,*,#11034,.T.);
#11945 = ORIENTED_EDGE('',*,*,#10913,.T.);
#11946 = ORIENTED_EDGE('',*,*,#10985,.T.);
#11947 = ORIENTED_EDGE('',*,*,#11083,.T.);
#11948 = ORIENTED_EDGE('',*,*,#11132,.T.);
#11949 = FACE_BOUND('',#11950,.T.);
#11950 = EDGE_LOOP('',(#11951,#11952,#11953,#11954,#11955));
#11951 = ORIENTED_EDGE('',*,*,#9042,.F.);
#11952 = ORIENTED_EDGE('',*,*,#8983,.T.);
#11953 = ORIENTED_EDGE('',*,*,#9091,.F.);
#11954 = ORIENTED_EDGE('',*,*,#9167,.T.);
#11955 = ORIENTED_EDGE('',*,*,#9140,.F.);
#11956 = ADVANCED_FACE('',(#11957,#11964),#9258,.T.);
#11957 = FACE_BOUND('',#11958,.T.);
#11958 = EDGE_LOOP('',(#11959,#11960,#11961,#11962,#11963));
#11959 = ORIENTED_EDGE('',*,*,#11380,.T.);
#11960 = ORIENTED_EDGE('',*,*,#11160,.T.);
#11961 = ORIENTED_EDGE('',*,*,#11232,.T.);
#11962 = ORIENTED_EDGE('',*,*,#11281,.T.);
#11963 = ORIENTED_EDGE('',*,*,#11330,.T.);
#11964 = FACE_BOUND('',#11965,.T.);
#11965 = EDGE_LOOP('',(#11966,#11967,#11968,#11969,#11970));
#11966 = ORIENTED_EDGE('',*,*,#9302,.F.);
#11967 = ORIENTED_EDGE('',*,*,#9243,.T.);
#11968 = ORIENTED_EDGE('',*,*,#9351,.F.);
#11969 = ORIENTED_EDGE('',*,*,#9427,.T.);
#11970 = ORIENTED_EDGE('',*,*,#9400,.F.);
#11971 = ADVANCED_FACE('',(#11972,#11977),#9517,.T.);
#11972 = FACE_BOUND('',#11973,.T.);
#11973 = EDGE_LOOP('',(#11974,#11975,#11976));
#11974 = ORIENTED_EDGE('',*,*,#11682,.T.);
#11975 = ORIENTED_EDGE('',*,*,#11731,.T.);
#11976 = ORIENTED_EDGE('',*,*,#11632,.T.);
#11977 = FACE_BOUND('',#11978,.T.);
#11978 = EDGE_LOOP('',(#11979,#11980,#11981));
#11979 = ORIENTED_EDGE('',*,*,#9503,.F.);
#11980 = ORIENTED_EDGE('',*,*,#9584,.T.);
#11981 = ORIENTED_EDGE('',*,*,#9557,.F.);
#11982 = ADVANCED_FACE('',(#11983,#11988),#9674,.T.);
#11983 = FACE_BOUND('',#11984,.T.);
#11984 = EDGE_LOOP('',(#11985,#11986,#11987));
#11985 = ORIENTED_EDGE('',*,*,#11832,.T.);
#11986 = ORIENTED_EDGE('',*,*,#11881,.T.);
#11987 = ORIENTED_EDGE('',*,*,#11782,.T.);
#11988 = FACE_BOUND('',#11989,.T.);
#11989 = EDGE_LOOP('',(#11990,#11991,#11992));
#11990 = ORIENTED_EDGE('',*,*,#9660,.F.);
#11991 = ORIENTED_EDGE('',*,*,#9741,.T.);
#11992 = ORIENTED_EDGE('',*,*,#9714,.F.);
#11993 = ( GEOMETRIC_REPRESENTATION_CONTEXT(3) 
GLOBAL_UNCERTAINTY_ASSIGNED_CONTEXT((#11997)) 
GLOBAL_UNIT_ASSIGNED_CONTEXT((#11994,#11995,#11996)) 
REPRESENTATION_CONTEXT('Context #1',
  '3D Context with UNIT and UNCERTAINTY') );
#11994 = ( LENGTH_UNIT() NAMED_UNIT(*) SI_UNIT(.MILLI.,.METRE.) );
#11995 = ( NAMED_UNIT(*) PLANE_ANGLE_UNIT() SI_UNIT($,.RADIAN.) );
#11996 = ( NAMED_UNIT(*) SI_UNIT($,.STERADIAN.) SOLID_ANGLE_UNIT() );
#11997 = UNCERTAINTY_MEASURE_WITH_UNIT(LENGTH_MEASURE(5.E-06),#11994,
  'distance_accuracy_value','confusion accuracy');
#11998 = PRODUCT_RELATED_PRODUCT_CATEGORY('part',$,(#7));
ENDSEC;
END-ISO-10303-21;
