ISO-10303-21;
HEADER;
FILE_DESCRIPTION(('Open CASCADE Model'),'2;1');
FILE_NAME('Open CASCADE Shape Model','2026-10-06T21:35:31',('Author'),(
    'Open CASCADE'),'Open CASCADE STEP processor 7.9','Open CASCADE 7.9'
  ,'Unknown');
FILE_SCHEMA(('AUTOMOTIVE_DESIGN { 1 0 10303 214 1 1 1 1 }'));
ENDSEC;
DATA;
#1 = APPLICATION_PROTOCOL_DEFINITION('international standard',
  'automotive_design',2000,#2);
#2 = APPLICATION_CONTEXT(
  'core data for automotive mechanical design processes');
#3 = SHAPE_DEFINITION_REPRESENTATION(#4,#10);
#4 = PRODUCT_DEFINITION_SHAPE('','',#5);
#5 = PRODUCT_DEFINITION('design','',#6,#9);
#6 = PRODUCT_DEFINITION_FORMATION('','',#7);
#7 = PRODUCT('Open CASCADE STEP translator 7.9 4',
  'Open CASCADE STEP translator 7.9 4','',(#8));
#8 = PRODUCT_CONTEXT('',#2,'mechanical');
#9 = PRODUCT_DEFINITION_CONTEXT('part definition',#2,'design');
#10 = ADVANCED_BREP_SHAPE_REPRESENTATION('',(#11,#15),#11889);
#11 = AXIS2_PLACEMENT_3D('',#12,#13,#14);
#12 = CARTESIAN_POINT('',(0.,0.,0.));
#13 = DIRECTION('',(0.,0.,1.));
#14 = DIRECTION('',(1.,0.,-0.));
#15 = MANIFOLD_SOLID_BREP('',#16);
#16 = CLOSED_SHELL('',(#17,#137,#218,#299,#1024,#1531,#1585,#2397,#2451,
    #2585,#2685,#2734,#2839,#2906,#3843,#3905,#4068,#4135,#4518,#4596,
    #4739,#5695,#6122,#6149,#6441,#7016,#7078,#7127,#7176,#7667,#7729,
    #7894,#7941,#7968,#7995,#8022,#8049,#8056,#8103,#8130,#8157,#8184,
    #8191,#8238,#8265,#8292,#8319,#8326,#8353,#8403,#8452,#8502,#8551,
    #8600,#8650,#8699,#8800,#8828,#8905,#8954,#9003,#9052,#9080,#9157,
    #9206,#9255,#9304,#9332,#9408,#9457,#9485,#9561,#9610,#9638,#9665,
    #9692,#9719,#9726,#9735,#9775,#9822,#9829,#9876,#9903,#9910,#9957,
    #9984,#9991,#10038,#10065,#10092,#10099,#10146,#10173,#10200,#10207,
    #10254,#10281,#10288,#10335,#10362,#10369,#10416,#10443,#10470,
    #10477,#10524,#10551,#10558,#10605,#10632,#10659,#10666,#10713,
    #10740,#10767,#10774,#10781,#10857,#10906,#10955,#11004,#11036,
    #11112,#11161,#11210,#11264,#11291,#11300,#11347,#11375,#11383,
    #11430,#11458,#11466,#11493,#11570,#11619,#11647,#11724,#11773,
    #11801,#11830,#11837,#11852,#11867,#11878));
#17 = ADVANCED_FACE('',(#18),#32,.F.);
#18 = FACE_BOUND('',#19,.T.);
#19 = EDGE_LOOP('',(#20,#55,#83,#111));
#20 = ORIENTED_EDGE('',*,*,#21,.T.);
#21 = EDGE_CURVE('',#22,#24,#26,.T.);
#22 = VERTEX_POINT('',#23);
#23 = CARTESIAN_POINT('',(83.3,3.2,0.3));
#24 = VERTEX_POINT('',#25);
#25 = CARTESIAN_POINT('',(83.3,3.2,43.6));
#26 = SURFACE_CURVE('',#27,(#31,#43),.PCURVE_S1.);
#27 = LINE('',#28,#29);
#28 = CARTESIAN_POINT('',(83.3,3.2,0.));
#29 = VECTOR('',#30,1.);
#30 = DIRECTION('',(-0.,-0.,1.));
#31 = PCURVE('',#32,#37);
#32 = PLANE('',#33);
#33 = AXIS2_PLACEMENT_3D('',#34,#35,#36);
#34 = CARTESIAN_POINT('',(83.3,0.,0.));
#35 = DIRECTION('',(-1.,-0.,0.));
#36 = DIRECTION('',(0.,-0.,-1.));
#37 = DEFINITIONAL_REPRESENTATION('',(#38),#42);
#38 = LINE('',#39,#40);
#39 = CARTESIAN_POINT('',(-0.,-3.2));
#40 = VECTOR('',#41,1.);
#41 = DIRECTION('',(-1.,-0.));
#42 = ( GEOMETRIC_REPRESENTATION_CONTEXT(2) 
PARAMETRIC_REPRESENTATION_CONTEXT() REPRESENTATION_CONTEXT('2D SPACE',''
  ) );
#43 = PCURVE('',#44,#49);
#44 = PLANE('',#45);
#45 = AXIS2_PLACEMENT_3D('',#46,#47,#48);
#46 = CARTESIAN_POINT('',(86.3,3.2,0.));
#47 = DIRECTION('',(0.,1.,0.));
#48 = DIRECTION('',(0.,-0.,-1.));
#49 = DEFINITIONAL_REPRESENTATION('',(#50),#54);
#50 = LINE('',#51,#52);
#51 = CARTESIAN_POINT('',(-0.,3.));
#52 = VECTOR('',#53,1.);
#53 = DIRECTION('',(-1.,0.));
#54 = ( GEOMETRIC_REPRESENTATION_CONTEXT(2) 
PARAMETRIC_REPRESENTATION_CONTEXT() REPRESENTATION_CONTEXT('2D SPACE',''
  ) );
#55 = ORIENTED_EDGE('',*,*,#56,.F.);
#56 = EDGE_CURVE('',#57,#24,#59,.T.);
#57 = VERTEX_POINT('',#58);
#58 = CARTESIAN_POINT('',(83.3,0.,43.6));
#59 = SURFACE_CURVE('',#60,(#64,#71),.PCURVE_S1.);
#60 = LINE('',#61,#62);
#61 = CARTESIAN_POINT('',(83.3,0.,43.6));
#62 = VECTOR('',#63,1.);
#63 = DIRECTION('',(0.,1.,0.));
#64 = PCURVE('',#32,#65);
#65 = DEFINITIONAL_REPRESENTATION('',(#66),#70);
#66 = LINE('',#67,#68);
#67 = CARTESIAN_POINT('',(-43.6,-0.));
#68 = VECTOR('',#69,1.);
#69 = DIRECTION('',(-0.,-1.));
#70 = ( GEOMETRIC_REPRESENTATION_CONTEXT(2) 
PARAMETRIC_REPRESENTATION_CONTEXT() REPRESENTATION_CONTEXT('2D SPACE',''
  ) );
#71 = PCURVE('',#72,#77);
#72 = PLANE('',#73);
#73 = AXIS2_PLACEMENT_3D('',#74,#75,#76);
#74 = CARTESIAN_POINT('',(83.3,0.,43.6));
#75 = DIRECTION('',(-0.,-0.,1.));
#76 = DIRECTION('',(1.,0.,0.));
#77 = DEFINITIONAL_REPRESENTATION('',(#78),#82);
#78 = LINE('',#79,#80);
#79 = CARTESIAN_POINT('',(0.,-0.));
#80 = VECTOR('',#81,1.);
#81 = DIRECTION('',(0.,1.));
#82 = ( GEOMETRIC_REPRESENTATION_CONTEXT(2) 
PARAMETRIC_REPRESENTATION_CONTEXT() REPRESENTATION_CONTEXT('2D SPACE',''
  ) );
#83 = ORIENTED_EDGE('',*,*,#84,.F.);
#84 = EDGE_CURVE('',#85,#57,#87,.T.);
#85 = VERTEX_POINT('',#86);
#86 = CARTESIAN_POINT('',(83.3,-2.465190328816E-32,0.3));
#87 = SURFACE_CURVE('',#88,(#92,#99),.PCURVE_S1.);
#88 = LINE('',#89,#90);
#89 = CARTESIAN_POINT('',(83.3,0.,0.));
#90 = VECTOR('',#91,1.);
#91 = DIRECTION('',(0.,0.,1.));
#92 = PCURVE('',#32,#93);
#93 = DEFINITIONAL_REPRESENTATION('',(#94),#98);
#94 = LINE('',#95,#96);
#95 = CARTESIAN_POINT('',(-0.,-0.));
#96 = VECTOR('',#97,1.);
#97 = DIRECTION('',(-1.,-0.));
#98 = ( GEOMETRIC_REPRESENTATION_CONTEXT(2) 
PARAMETRIC_REPRESENTATION_CONTEXT() REPRESENTATION_CONTEXT('2D SPACE',''
  ) );
#99 = PCURVE('',#100,#105);
#100 = PLANE('',#101);
#101 = AXIS2_PLACEMENT_3D('',#102,#103,#104);
#102 = CARTESIAN_POINT('',(83.3,0.,0.));
#103 = DIRECTION('',(0.,1.,0.));
#104 = DIRECTION('',(0.,-0.,-1.));
#105 = DEFINITIONAL_REPRESENTATION('',(#106),#110);
#106 = LINE('',#107,#108);
#107 = CARTESIAN_POINT('',(-0.,-0.));
#108 = VECTOR('',#109,1.);
#109 = DIRECTION('',(-1.,-0.));
#110 = ( GEOMETRIC_REPRESENTATION_CONTEXT(2) 
PARAMETRIC_REPRESENTATION_CONTEXT() REPRESENTATION_CONTEXT('2D SPACE',''
  ) );
#111 = ORIENTED_EDGE('',*,*,#112,.T.);
#112 = EDGE_CURVE('',#85,#22,#113,.T.);
#113 = SURFACE_CURVE('',#114,(#118,#125),.PCURVE_S1.);
#114 = LINE('',#115,#116);
#115 = CARTESIAN_POINT('',(83.3,0.,0.3));
#116 = VECTOR('',#117,1.);
#117 = DIRECTION('',(0.,1.,0.));
#118 = PCURVE('',#32,#119);
#119 = DEFINITIONAL_REPRESENTATION('',(#120),#124);
#120 = LINE('',#121,#122);
#121 = CARTESIAN_POINT('',(-0.3,0.));
#122 = VECTOR('',#123,1.);
#123 = DIRECTION('',(-0.,-1.));
#124 = ( GEOMETRIC_REPRESENTATION_CONTEXT(2) 
PARAMETRIC_REPRESENTATION_CONTEXT() REPRESENTATION_CONTEXT('2D SPACE',''
  ) );
#125 = PCURVE('',#126,#131);
#126 = PLANE('',#127);
#127 = AXIS2_PLACEMENT_3D('',#128,#129,#130);
#128 = CARTESIAN_POINT('',(83.15,0.,0.15));
#129 = DIRECTION('',(0.707106781187,3.472568050348E-18,-0.707106781187)
  );
#130 = DIRECTION('',(2.455476416533E-18,-1.,-2.455476416532E-18));
#131 = DEFINITIONAL_REPRESENTATION('',(#132),#136);
#132 = LINE('',#133,#134);
#133 = CARTESIAN_POINT('',(2.465190328816E-32,-0.212132034356));
#134 = VECTOR('',#135,1.);
#135 = DIRECTION('',(-1.,0.));
#136 = ( GEOMETRIC_REPRESENTATION_CONTEXT(2) 
PARAMETRIC_REPRESENTATION_CONTEXT() REPRESENTATION_CONTEXT('2D SPACE',''
  ) );
#137 = ADVANCED_FACE('',(#138),#44,.F.);
#138 = FACE_BOUND('',#139,.T.);
#139 = EDGE_LOOP('',(#140,#141,#169,#197));
#140 = ORIENTED_EDGE('',*,*,#21,.F.);
#141 = ORIENTED_EDGE('',*,*,#142,.F.);
#142 = EDGE_CURVE('',#143,#22,#145,.T.);
#143 = VERTEX_POINT('',#144);
#144 = CARTESIAN_POINT('',(86.3,3.2,0.3));
#145 = SURFACE_CURVE('',#146,(#150,#157),.PCURVE_S1.);
#146 = LINE('',#147,#148);
#147 = CARTESIAN_POINT('',(86.3,3.2,0.3));
#148 = VECTOR('',#149,1.);
#149 = DIRECTION('',(-1.,-0.,0.));
#150 = PCURVE('',#44,#151);
#151 = DEFINITIONAL_REPRESENTATION('',(#152),#156);
#152 = LINE('',#153,#154);
#153 = CARTESIAN_POINT('',(-0.3,0.));
#154 = VECTOR('',#155,1.);
#155 = DIRECTION('',(-0.,1.));
#156 = ( GEOMETRIC_REPRESENTATION_CONTEXT(2) 
PARAMETRIC_REPRESENTATION_CONTEXT() REPRESENTATION_CONTEXT('2D SPACE',''
  ) );
#157 = PCURVE('',#158,#163);
#158 = PLANE('',#159);
#159 = AXIS2_PLACEMENT_3D('',#160,#161,#162);
#160 = CARTESIAN_POINT('',(86.3,3.35,0.15));
#161 = DIRECTION('',(0.,-0.707106781187,-0.707106781187));
#162 = DIRECTION('',(-1.,-0.,0.));
#163 = DEFINITIONAL_REPRESENTATION('',(#164),#168);
#164 = LINE('',#165,#166);
#165 = CARTESIAN_POINT('',(0.,-0.212132034356));
#166 = VECTOR('',#167,1.);
#167 = DIRECTION('',(1.,0.));
#168 = ( GEOMETRIC_REPRESENTATION_CONTEXT(2) 
PARAMETRIC_REPRESENTATION_CONTEXT() REPRESENTATION_CONTEXT('2D SPACE',''
  ) );
#169 = ORIENTED_EDGE('',*,*,#170,.T.);
#170 = EDGE_CURVE('',#143,#171,#173,.T.);
#171 = VERTEX_POINT('',#172);
#172 = CARTESIAN_POINT('',(86.3,3.2,43.6));
#173 = SURFACE_CURVE('',#174,(#178,#185),.PCURVE_S1.);
#174 = LINE('',#175,#176);
#175 = CARTESIAN_POINT('',(86.3,3.2,0.));
#176 = VECTOR('',#177,1.);
#177 = DIRECTION('',(0.,0.,1.));
#178 = PCURVE('',#44,#179);
#179 = DEFINITIONAL_REPRESENTATION('',(#180),#184);
#180 = LINE('',#181,#182);
#181 = CARTESIAN_POINT('',(-0.,-0.));
#182 = VECTOR('',#183,1.);
#183 = DIRECTION('',(-1.,-0.));
#184 = ( GEOMETRIC_REPRESENTATION_CONTEXT(2) 
PARAMETRIC_REPRESENTATION_CONTEXT() REPRESENTATION_CONTEXT('2D SPACE',''
  ) );
#185 = PCURVE('',#186,#191);
#186 = PLANE('',#187);
#187 = AXIS2_PLACEMENT_3D('',#188,#189,#190);
#188 = CARTESIAN_POINT('',(86.3,3.2,0.));
#189 = DIRECTION('',(-1.,-0.,-0.));
#190 = DIRECTION('',(0.,0.,-1.));
#191 = DEFINITIONAL_REPRESENTATION('',(#192),#196);
#192 = LINE('',#193,#194);
#193 = CARTESIAN_POINT('',(-0.,-0.));
#194 = VECTOR('',#195,1.);
#195 = DIRECTION('',(-1.,-0.));
#196 = ( GEOMETRIC_REPRESENTATION_CONTEXT(2) 
PARAMETRIC_REPRESENTATION_CONTEXT() REPRESENTATION_CONTEXT('2D SPACE',''
  ) );
#197 = ORIENTED_EDGE('',*,*,#198,.T.);
#198 = EDGE_CURVE('',#171,#24,#199,.T.);
#199 = SURFACE_CURVE('',#200,(#204,#211),.PCURVE_S1.);
#200 = LINE('',#201,#202);
#201 = CARTESIAN_POINT('',(86.3,3.2,43.6));
#202 = VECTOR('',#203,1.);
#203 = DIRECTION('',(-1.,-0.,0.));
#204 = PCURVE('',#44,#205);
#205 = DEFINITIONAL_REPRESENTATION('',(#206),#210);
#206 = LINE('',#207,#208);
#207 = CARTESIAN_POINT('',(-43.6,-0.));
#208 = VECTOR('',#209,1.);
#209 = DIRECTION('',(-0.,1.));
#210 = ( GEOMETRIC_REPRESENTATION_CONTEXT(2) 
PARAMETRIC_REPRESENTATION_CONTEXT() REPRESENTATION_CONTEXT('2D SPACE',''
  ) );
#211 = PCURVE('',#72,#212);
#212 = DEFINITIONAL_REPRESENTATION('',(#213),#217);
#213 = LINE('',#214,#215);
#214 = CARTESIAN_POINT('',(3.,3.2));
#215 = VECTOR('',#216,1.);
#216 = DIRECTION('',(-1.,0.));
#217 = ( GEOMETRIC_REPRESENTATION_CONTEXT(2) 
PARAMETRIC_REPRESENTATION_CONTEXT() REPRESENTATION_CONTEXT('2D SPACE',''
  ) );
#218 = ADVANCED_FACE('',(#219),#126,.T.);
#219 = FACE_BOUND('',#220,.F.);
#220 = EDGE_LOOP('',(#221,#249,#250,#273));
#221 = ORIENTED_EDGE('',*,*,#222,.F.);
#222 = EDGE_CURVE('',#85,#223,#225,.T.);
#223 = VERTEX_POINT('',#224);
#224 = CARTESIAN_POINT('',(83.,0.3,2.081668171172E-15));
#225 = SURFACE_CURVE('',#226,(#230,#237),.PCURVE_S1.);
#226 = LINE('',#227,#228);
#227 = CARTESIAN_POINT('',(83.2,1.E-01,0.2));
#228 = VECTOR('',#229,1.);
#229 = DIRECTION('',(-0.57735026919,0.57735026919,-0.57735026919));
#230 = PCURVE('',#126,#231);
#231 = DEFINITIONAL_REPRESENTATION('',(#232),#236);
#232 = LINE('',#233,#234);
#233 = CARTESIAN_POINT('',(-1.E-01,-7.071067811865E-02));
#234 = VECTOR('',#235,1.);
#235 = DIRECTION('',(-0.57735026919,0.816496580928));
#236 = ( GEOMETRIC_REPRESENTATION_CONTEXT(2) 
PARAMETRIC_REPRESENTATION_CONTEXT() REPRESENTATION_CONTEXT('2D SPACE',''
  ) );
#237 = PCURVE('',#238,#243);
#238 = PLANE('',#239);
#239 = AXIS2_PLACEMENT_3D('',#240,#241,#242);
#240 = CARTESIAN_POINT('',(83.3,0.15,0.15));
#241 = DIRECTION('',(0.,-0.707106781187,-0.707106781187));
#242 = DIRECTION('',(1.,0.,-0.));
#243 = DEFINITIONAL_REPRESENTATION('',(#244),#248);
#244 = LINE('',#245,#246);
#245 = CARTESIAN_POINT('',(-0.1,7.071067811866E-02));
#246 = VECTOR('',#247,1.);
#247 = DIRECTION('',(-0.57735026919,-0.816496580928));
#248 = ( GEOMETRIC_REPRESENTATION_CONTEXT(2) 
PARAMETRIC_REPRESENTATION_CONTEXT() REPRESENTATION_CONTEXT('2D SPACE',''
  ) );
#249 = ORIENTED_EDGE('',*,*,#112,.T.);
#250 = ORIENTED_EDGE('',*,*,#251,.T.);
#251 = EDGE_CURVE('',#22,#252,#254,.T.);
#252 = VERTEX_POINT('',#253);
#253 = CARTESIAN_POINT('',(83.,3.5,2.081668171172E-15));
#254 = SURFACE_CURVE('',#255,(#259,#266),.PCURVE_S1.);
#255 = LINE('',#256,#257);
#256 = CARTESIAN_POINT('',(84.233333333333,2.266666666667,1.233333333333
    ));
#257 = VECTOR('',#258,1.);
#258 = DIRECTION('',(-0.57735026919,0.57735026919,-0.57735026919));
#259 = PCURVE('',#126,#260);
#260 = DEFINITIONAL_REPRESENTATION('',(#261),#265);
#261 = LINE('',#262,#263);
#262 = CARTESIAN_POINT('',(-2.266666666667,-1.532064692571));
#263 = VECTOR('',#264,1.);
#264 = DIRECTION('',(-0.57735026919,0.816496580928));
#265 = ( GEOMETRIC_REPRESENTATION_CONTEXT(2) 
PARAMETRIC_REPRESENTATION_CONTEXT() REPRESENTATION_CONTEXT('2D SPACE',''
  ) );
#266 = PCURVE('',#158,#267);
#267 = DEFINITIONAL_REPRESENTATION('',(#268),#272);
#268 = LINE('',#269,#270);
#269 = CARTESIAN_POINT('',(2.066666666667,-1.532064692571));
#270 = VECTOR('',#271,1.);
#271 = DIRECTION('',(0.57735026919,0.816496580928));
#272 = ( GEOMETRIC_REPRESENTATION_CONTEXT(2) 
PARAMETRIC_REPRESENTATION_CONTEXT() REPRESENTATION_CONTEXT('2D SPACE',''
  ) );
#273 = ORIENTED_EDGE('',*,*,#274,.F.);
#274 = EDGE_CURVE('',#223,#252,#275,.T.);
#275 = SURFACE_CURVE('',#276,(#280,#287),.PCURVE_S1.);
#276 = LINE('',#277,#278);
#277 = CARTESIAN_POINT('',(83.,0.,0.));
#278 = VECTOR('',#279,1.);
#279 = DIRECTION('',(0.,1.,0.));
#280 = PCURVE('',#126,#281);
#281 = DEFINITIONAL_REPRESENTATION('',(#282),#286);
#282 = LINE('',#283,#284);
#283 = CARTESIAN_POINT('',(2.465190328816E-32,0.212132034356));
#284 = VECTOR('',#285,1.);
#285 = DIRECTION('',(-1.,0.));
#286 = ( GEOMETRIC_REPRESENTATION_CONTEXT(2) 
PARAMETRIC_REPRESENTATION_CONTEXT() REPRESENTATION_CONTEXT('2D SPACE',''
  ) );
#287 = PCURVE('',#288,#293);
#288 = PLANE('',#289);
#289 = AXIS2_PLACEMENT_3D('',#290,#291,#292);
#290 = CARTESIAN_POINT('',(83.3,0.,0.));
#291 = DIRECTION('',(-0.,-0.,1.));
#292 = DIRECTION('',(1.,0.,0.));
#293 = DEFINITIONAL_REPRESENTATION('',(#294),#298);
#294 = LINE('',#295,#296);
#295 = CARTESIAN_POINT('',(-0.3,0.));
#296 = VECTOR('',#297,1.);
#297 = DIRECTION('',(0.,1.));
#298 = ( GEOMETRIC_REPRESENTATION_CONTEXT(2) 
PARAMETRIC_REPRESENTATION_CONTEXT() REPRESENTATION_CONTEXT('2D SPACE',''
  ) );
#299 = ADVANCED_FACE('',(#300,#778),#72,.T.);
#300 = FACE_BOUND('',#301,.F.);
#301 = EDGE_LOOP('',(#302,#303,#326,#354,#382,#410,#438,#461,#489,#517,
    #550,#578,#611,#639,#672,#700,#728,#756,#777));
#302 = ORIENTED_EDGE('',*,*,#56,.F.);
#303 = ORIENTED_EDGE('',*,*,#304,.T.);
#304 = EDGE_CURVE('',#57,#305,#307,.T.);
#305 = VERTEX_POINT('',#306);
#306 = CARTESIAN_POINT('',(9.666168824543,0.,43.6));
#307 = SURFACE_CURVE('',#308,(#312,#319),.PCURVE_S1.);
#308 = LINE('',#309,#310);
#309 = CARTESIAN_POINT('',(83.3,0.,43.6));
#310 = VECTOR('',#311,1.);
#311 = DIRECTION('',(-1.,-0.,0.));
#312 = PCURVE('',#72,#313);
#313 = DEFINITIONAL_REPRESENTATION('',(#314),#318);
#314 = LINE('',#315,#316);
#315 = CARTESIAN_POINT('',(0.,-0.));
#316 = VECTOR('',#317,1.);
#317 = DIRECTION('',(-1.,0.));
#318 = ( GEOMETRIC_REPRESENTATION_CONTEXT(2) 
PARAMETRIC_REPRESENTATION_CONTEXT() REPRESENTATION_CONTEXT('2D SPACE',''
  ) );
#319 = PCURVE('',#100,#320);
#320 = DEFINITIONAL_REPRESENTATION('',(#321),#325);
#321 = LINE('',#322,#323);
#322 = CARTESIAN_POINT('',(-43.6,-0.));
#323 = VECTOR('',#324,1.);
#324 = DIRECTION('',(-0.,1.));
#325 = ( GEOMETRIC_REPRESENTATION_CONTEXT(2) 
PARAMETRIC_REPRESENTATION_CONTEXT() REPRESENTATION_CONTEXT('2D SPACE',''
  ) );
#326 = ORIENTED_EDGE('',*,*,#327,.F.);
#327 = EDGE_CURVE('',#328,#305,#330,.T.);
#328 = VERTEX_POINT('',#329);
#329 = CARTESIAN_POINT('',(9.666168824543,10.,43.6));
#330 = SURFACE_CURVE('',#331,(#335,#342),.PCURVE_S1.);
#331 = LINE('',#332,#333);
#332 = CARTESIAN_POINT('',(9.666168824543,-0.5,43.6));
#333 = VECTOR('',#334,1.);
#334 = DIRECTION('',(-0.,-1.,-0.));
#335 = PCURVE('',#72,#336);
#336 = DEFINITIONAL_REPRESENTATION('',(#337),#341);
#337 = LINE('',#338,#339);
#338 = CARTESIAN_POINT('',(-73.63383117545,-0.5));
#339 = VECTOR('',#340,1.);
#340 = DIRECTION('',(-0.,-1.));
#341 = ( GEOMETRIC_REPRESENTATION_CONTEXT(2) 
PARAMETRIC_REPRESENTATION_CONTEXT() REPRESENTATION_CONTEXT('2D SPACE',''
  ) );
#342 = PCURVE('',#343,#348);
#343 = PLANE('',#344);
#344 = AXIS2_PLACEMENT_3D('',#345,#346,#347);
#345 = CARTESIAN_POINT('',(8.75,-1.,44.516168824543));
#346 = DIRECTION('',(0.707106781187,-0.,0.707106781187));
#347 = DIRECTION('',(-0.707106781187,-0.,0.707106781187));
#348 = DEFINITIONAL_REPRESENTATION('',(#349),#353);
#349 = LINE('',#350,#351);
#350 = CARTESIAN_POINT('',(-1.295658377092,-0.5));
#351 = VECTOR('',#352,1.);
#352 = DIRECTION('',(-0.,1.));
#353 = ( GEOMETRIC_REPRESENTATION_CONTEXT(2) 
PARAMETRIC_REPRESENTATION_CONTEXT() REPRESENTATION_CONTEXT('2D SPACE',''
  ) );
#354 = ORIENTED_EDGE('',*,*,#355,.T.);
#355 = EDGE_CURVE('',#328,#356,#358,.T.);
#356 = VERTEX_POINT('',#357);
#357 = CARTESIAN_POINT('',(19.3,10.,43.6));
#358 = SURFACE_CURVE('',#359,(#363,#370),.PCURVE_S1.);
#359 = LINE('',#360,#361);
#360 = CARTESIAN_POINT('',(0.,10.,43.6));
#361 = VECTOR('',#362,1.);
#362 = DIRECTION('',(1.,-0.,-0.));
#363 = PCURVE('',#72,#364);
#364 = DEFINITIONAL_REPRESENTATION('',(#365),#369);
#365 = LINE('',#366,#367);
#366 = CARTESIAN_POINT('',(-83.3,10.));
#367 = VECTOR('',#368,1.);
#368 = DIRECTION('',(1.,-0.));
#369 = ( GEOMETRIC_REPRESENTATION_CONTEXT(2) 
PARAMETRIC_REPRESENTATION_CONTEXT() REPRESENTATION_CONTEXT('2D SPACE',''
  ) );
#370 = PCURVE('',#371,#376);
#371 = PLANE('',#372);
#372 = AXIS2_PLACEMENT_3D('',#373,#374,#375);
#373 = CARTESIAN_POINT('',(83.3,10.,0.));
#374 = DIRECTION('',(-0.,1.,-0.));
#375 = DIRECTION('',(0.,0.,-1.));
#376 = DEFINITIONAL_REPRESENTATION('',(#377),#381);
#377 = LINE('',#378,#379);
#378 = CARTESIAN_POINT('',(-43.6,83.3));
#379 = VECTOR('',#380,1.);
#380 = DIRECTION('',(-0.,-1.));
#381 = ( GEOMETRIC_REPRESENTATION_CONTEXT(2) 
PARAMETRIC_REPRESENTATION_CONTEXT() REPRESENTATION_CONTEXT('2D SPACE',''
  ) );
#382 = ORIENTED_EDGE('',*,*,#383,.T.);
#383 = EDGE_CURVE('',#356,#384,#386,.T.);
#384 = VERTEX_POINT('',#385);
#385 = CARTESIAN_POINT('',(19.3,206.,43.6));
#386 = SURFACE_CURVE('',#387,(#391,#398),.PCURVE_S1.);
#387 = LINE('',#388,#389);
#388 = CARTESIAN_POINT('',(19.3,9.99,43.6));
#389 = VECTOR('',#390,1.);
#390 = DIRECTION('',(0.,1.,0.));
#391 = PCURVE('',#72,#392);
#392 = DEFINITIONAL_REPRESENTATION('',(#393),#397);
#393 = LINE('',#394,#395);
#394 = CARTESIAN_POINT('',(-64.,9.99));
#395 = VECTOR('',#396,1.);
#396 = DIRECTION('',(0.,1.));
#397 = ( GEOMETRIC_REPRESENTATION_CONTEXT(2) 
PARAMETRIC_REPRESENTATION_CONTEXT() REPRESENTATION_CONTEXT('2D SPACE',''
  ) );
#398 = PCURVE('',#399,#404);
#399 = PLANE('',#400);
#400 = AXIS2_PLACEMENT_3D('',#401,#402,#403);
#401 = CARTESIAN_POINT('',(19.3,9.99,0.));
#402 = DIRECTION('',(-1.,-0.,-0.));
#403 = DIRECTION('',(0.,0.,-1.));
#404 = DEFINITIONAL_REPRESENTATION('',(#405),#409);
#405 = LINE('',#406,#407);
#406 = CARTESIAN_POINT('',(-43.6,-0.));
#407 = VECTOR('',#408,1.);
#408 = DIRECTION('',(-0.,-1.));
#409 = ( GEOMETRIC_REPRESENTATION_CONTEXT(2) 
PARAMETRIC_REPRESENTATION_CONTEXT() REPRESENTATION_CONTEXT('2D SPACE',''
  ) );
#410 = ORIENTED_EDGE('',*,*,#411,.T.);
#411 = EDGE_CURVE('',#384,#412,#414,.T.);
#412 = VERTEX_POINT('',#413);
#413 = CARTESIAN_POINT('',(86.3,206.,43.6));
#414 = SURFACE_CURVE('',#415,(#419,#426),.PCURVE_S1.);
#415 = LINE('',#416,#417);
#416 = CARTESIAN_POINT('',(19.3,206.,43.6));
#417 = VECTOR('',#418,1.);
#418 = DIRECTION('',(1.,-0.,-0.));
#419 = PCURVE('',#72,#420);
#420 = DEFINITIONAL_REPRESENTATION('',(#421),#425);
#421 = LINE('',#422,#423);
#422 = CARTESIAN_POINT('',(-64.,206.));
#423 = VECTOR('',#424,1.);
#424 = DIRECTION('',(1.,-0.));
#425 = ( GEOMETRIC_REPRESENTATION_CONTEXT(2) 
PARAMETRIC_REPRESENTATION_CONTEXT() REPRESENTATION_CONTEXT('2D SPACE',''
  ) );
#426 = PCURVE('',#427,#432);
#427 = PLANE('',#428);
#428 = AXIS2_PLACEMENT_3D('',#429,#430,#431);
#429 = CARTESIAN_POINT('',(25.3,206.,0.));
#430 = DIRECTION('',(-0.,1.,-0.));
#431 = DIRECTION('',(0.,0.,-1.));
#432 = DEFINITIONAL_REPRESENTATION('',(#433),#437);
#433 = LINE('',#434,#435);
#434 = CARTESIAN_POINT('',(-43.6,6.));
#435 = VECTOR('',#436,1.);
#436 = DIRECTION('',(-0.,-1.));
#437 = ( GEOMETRIC_REPRESENTATION_CONTEXT(2) 
PARAMETRIC_REPRESENTATION_CONTEXT() REPRESENTATION_CONTEXT('2D SPACE',''
  ) );
#438 = ORIENTED_EDGE('',*,*,#439,.F.);
#439 = EDGE_CURVE('',#440,#412,#442,.T.);
#440 = VERTEX_POINT('',#441);
#441 = CARTESIAN_POINT('',(86.3,174.2,43.6));
#442 = SURFACE_CURVE('',#443,(#447,#454),.PCURVE_S1.);
#443 = LINE('',#444,#445);
#444 = CARTESIAN_POINT('',(86.3,3.2,43.6));
#445 = VECTOR('',#446,1.);
#446 = DIRECTION('',(0.,1.,0.));
#447 = PCURVE('',#72,#448);
#448 = DEFINITIONAL_REPRESENTATION('',(#449),#453);
#449 = LINE('',#450,#451);
#450 = CARTESIAN_POINT('',(3.,3.2));
#451 = VECTOR('',#452,1.);
#452 = DIRECTION('',(0.,1.));
#453 = ( GEOMETRIC_REPRESENTATION_CONTEXT(2) 
PARAMETRIC_REPRESENTATION_CONTEXT() REPRESENTATION_CONTEXT('2D SPACE',''
  ) );
#454 = PCURVE('',#186,#455);
#455 = DEFINITIONAL_REPRESENTATION('',(#456),#460);
#456 = LINE('',#457,#458);
#457 = CARTESIAN_POINT('',(-43.6,-0.));
#458 = VECTOR('',#459,1.);
#459 = DIRECTION('',(-0.,-1.));
#460 = ( GEOMETRIC_REPRESENTATION_CONTEXT(2) 
PARAMETRIC_REPRESENTATION_CONTEXT() REPRESENTATION_CONTEXT('2D SPACE',''
  ) );
#461 = ORIENTED_EDGE('',*,*,#462,.F.);
#462 = EDGE_CURVE('',#463,#440,#465,.T.);
#463 = VERTEX_POINT('',#464);
#464 = CARTESIAN_POINT('',(80.3,174.2,43.6));
#465 = SURFACE_CURVE('',#466,(#470,#477),.PCURVE_S1.);
#466 = LINE('',#467,#468);
#467 = CARTESIAN_POINT('',(86.8,174.2,43.6));
#468 = VECTOR('',#469,1.);
#469 = DIRECTION('',(1.,-0.,-0.));
#470 = PCURVE('',#72,#471);
#471 = DEFINITIONAL_REPRESENTATION('',(#472),#476);
#472 = LINE('',#473,#474);
#473 = CARTESIAN_POINT('',(3.5,174.2));
#474 = VECTOR('',#475,1.);
#475 = DIRECTION('',(1.,-0.));
#476 = ( GEOMETRIC_REPRESENTATION_CONTEXT(2) 
PARAMETRIC_REPRESENTATION_CONTEXT() REPRESENTATION_CONTEXT('2D SPACE',''
  ) );
#477 = PCURVE('',#478,#483);
#478 = PLANE('',#479);
#479 = AXIS2_PLACEMENT_3D('',#480,#481,#482);
#480 = CARTESIAN_POINT('',(87.3,174.2,5.7));
#481 = DIRECTION('',(0.,1.,0.));
#482 = DIRECTION('',(0.,-0.,-1.));
#483 = DEFINITIONAL_REPRESENTATION('',(#484),#488);
#484 = LINE('',#485,#486);
#485 = CARTESIAN_POINT('',(-37.9,0.5));
#486 = VECTOR('',#487,1.);
#487 = DIRECTION('',(-0.,-1.));
#488 = ( GEOMETRIC_REPRESENTATION_CONTEXT(2) 
PARAMETRIC_REPRESENTATION_CONTEXT() REPRESENTATION_CONTEXT('2D SPACE',''
  ) );
#489 = ORIENTED_EDGE('',*,*,#490,.T.);
#490 = EDGE_CURVE('',#463,#491,#493,.T.);
#491 = VERTEX_POINT('',#492);
#492 = CARTESIAN_POINT('',(80.3,200.,43.6));
#493 = SURFACE_CURVE('',#494,(#498,#505),.PCURVE_S1.);
#494 = LINE('',#495,#496);
#495 = CARTESIAN_POINT('',(80.3,3.2,43.6));
#496 = VECTOR('',#497,1.);
#497 = DIRECTION('',(0.,1.,0.));
#498 = PCURVE('',#72,#499);
#499 = DEFINITIONAL_REPRESENTATION('',(#500),#504);
#500 = LINE('',#501,#502);
#501 = CARTESIAN_POINT('',(-3.,3.2));
#502 = VECTOR('',#503,1.);
#503 = DIRECTION('',(0.,1.));
#504 = ( GEOMETRIC_REPRESENTATION_CONTEXT(2) 
PARAMETRIC_REPRESENTATION_CONTEXT() REPRESENTATION_CONTEXT('2D SPACE',''
  ) );
#505 = PCURVE('',#506,#511);
#506 = PLANE('',#507);
#507 = AXIS2_PLACEMENT_3D('',#508,#509,#510);
#508 = CARTESIAN_POINT('',(80.3,3.2,0.));
#509 = DIRECTION('',(-1.,-0.,0.));
#510 = DIRECTION('',(0.,-0.,-1.));
#511 = DEFINITIONAL_REPRESENTATION('',(#512),#516);
#512 = LINE('',#513,#514);
#513 = CARTESIAN_POINT('',(-43.6,-0.));
#514 = VECTOR('',#515,1.);
#515 = DIRECTION('',(-0.,-1.));
#516 = ( GEOMETRIC_REPRESENTATION_CONTEXT(2) 
PARAMETRIC_REPRESENTATION_CONTEXT() REPRESENTATION_CONTEXT('2D SPACE',''
  ) );
#517 = ORIENTED_EDGE('',*,*,#518,.F.);
#518 = EDGE_CURVE('',#519,#491,#521,.T.);
#519 = VERTEX_POINT('',#520);
#520 = CARTESIAN_POINT('',(78.3,202.,43.6));
#521 = SURFACE_CURVE('',#522,(#527,#538),.PCURVE_S1.);
#522 = CIRCLE('',#523,2.);
#523 = AXIS2_PLACEMENT_3D('',#524,#525,#526);
#524 = CARTESIAN_POINT('',(78.3,200.,43.6));
#525 = DIRECTION('',(0.,0.,-1.));
#526 = DIRECTION('',(-1.,-0.,-0.));
#527 = PCURVE('',#72,#528);
#528 = DEFINITIONAL_REPRESENTATION('',(#529),#537);
#529 = ( BOUNDED_CURVE() B_SPLINE_CURVE(2,(#530,#531,#532,#533,#534,#535
,#536),.UNSPECIFIED.,.T.,.F.) B_SPLINE_CURVE_WITH_KNOTS((1,2,2,2,2,1),(
    -2.094395102393,0.,2.094395102393,4.188790204786,6.28318530718,
8.377580409573),.UNSPECIFIED.) CURVE() GEOMETRIC_REPRESENTATION_ITEM() 
RATIONAL_B_SPLINE_CURVE((1.,0.5,1.,0.5,1.,0.5,1.)) REPRESENTATION_ITEM(
  '') );
#530 = CARTESIAN_POINT('',(-7.,200.));
#531 = CARTESIAN_POINT('',(-7.,203.46410161513));
#532 = CARTESIAN_POINT('',(-4.,201.73205080756));
#533 = CARTESIAN_POINT('',(-1.,200.));
#534 = CARTESIAN_POINT('',(-4.,198.26794919243));
#535 = CARTESIAN_POINT('',(-7.,196.53589838486));
#536 = CARTESIAN_POINT('',(-7.,200.));
#537 = ( GEOMETRIC_REPRESENTATION_CONTEXT(2) 
PARAMETRIC_REPRESENTATION_CONTEXT() REPRESENTATION_CONTEXT('2D SPACE',''
  ) );
#538 = PCURVE('',#539,#544);
#539 = CYLINDRICAL_SURFACE('',#540,2.);
#540 = AXIS2_PLACEMENT_3D('',#541,#542,#543);
#541 = CARTESIAN_POINT('',(78.3,200.,2.6));
#542 = DIRECTION('',(0.,-0.,-1.));
#543 = DIRECTION('',(-1.,-0.,-0.));
#544 = DEFINITIONAL_REPRESENTATION('',(#545),#549);
#545 = LINE('',#546,#547);
#546 = CARTESIAN_POINT('',(0.,-41.));
#547 = VECTOR('',#548,1.);
#548 = DIRECTION('',(1.,0.));
#549 = ( GEOMETRIC_REPRESENTATION_CONTEXT(2) 
PARAMETRIC_REPRESENTATION_CONTEXT() REPRESENTATION_CONTEXT('2D SPACE',''
  ) );
#550 = ORIENTED_EDGE('',*,*,#551,.T.);
#551 = EDGE_CURVE('',#519,#552,#554,.T.);
#552 = VERTEX_POINT('',#553);
#553 = CARTESIAN_POINT('',(27.3,202.,43.6));
#554 = SURFACE_CURVE('',#555,(#559,#566),.PCURVE_S1.);
#555 = LINE('',#556,#557);
#556 = CARTESIAN_POINT('',(80.31,202.,43.6));
#557 = VECTOR('',#558,1.);
#558 = DIRECTION('',(-1.,-0.,0.));
#559 = PCURVE('',#72,#560);
#560 = DEFINITIONAL_REPRESENTATION('',(#561),#565);
#561 = LINE('',#562,#563);
#562 = CARTESIAN_POINT('',(-2.99,202.));
#563 = VECTOR('',#564,1.);
#564 = DIRECTION('',(-1.,0.));
#565 = ( GEOMETRIC_REPRESENTATION_CONTEXT(2) 
PARAMETRIC_REPRESENTATION_CONTEXT() REPRESENTATION_CONTEXT('2D SPACE',''
  ) );
#566 = PCURVE('',#567,#572);
#567 = PLANE('',#568);
#568 = AXIS2_PLACEMENT_3D('',#569,#570,#571);
#569 = CARTESIAN_POINT('',(80.31,202.,0.));
#570 = DIRECTION('',(0.,1.,0.));
#571 = DIRECTION('',(0.,-0.,-1.));
#572 = DEFINITIONAL_REPRESENTATION('',(#573),#577);
#573 = LINE('',#574,#575);
#574 = CARTESIAN_POINT('',(-43.6,-0.));
#575 = VECTOR('',#576,1.);
#576 = DIRECTION('',(-0.,1.));
#577 = ( GEOMETRIC_REPRESENTATION_CONTEXT(2) 
PARAMETRIC_REPRESENTATION_CONTEXT() REPRESENTATION_CONTEXT('2D SPACE',''
  ) );
#578 = ORIENTED_EDGE('',*,*,#579,.F.);
#579 = EDGE_CURVE('',#580,#552,#582,.T.);
#580 = VERTEX_POINT('',#581);
#581 = CARTESIAN_POINT('',(25.3,200.,43.6));
#582 = SURFACE_CURVE('',#583,(#588,#599),.PCURVE_S1.);
#583 = CIRCLE('',#584,2.);
#584 = AXIS2_PLACEMENT_3D('',#585,#586,#587);
#585 = CARTESIAN_POINT('',(27.3,200.,43.6));
#586 = DIRECTION('',(0.,0.,-1.));
#587 = DIRECTION('',(-1.,-0.,-0.));
#588 = PCURVE('',#72,#589);
#589 = DEFINITIONAL_REPRESENTATION('',(#590),#598);
#590 = ( BOUNDED_CURVE() B_SPLINE_CURVE(2,(#591,#592,#593,#594,#595,#596
,#597),.UNSPECIFIED.,.T.,.F.) B_SPLINE_CURVE_WITH_KNOTS((1,2,2,2,2,1),(
    -2.094395102393,0.,2.094395102393,4.188790204786,6.28318530718,
8.377580409573),.UNSPECIFIED.) CURVE() GEOMETRIC_REPRESENTATION_ITEM() 
RATIONAL_B_SPLINE_CURVE((1.,0.5,1.,0.5,1.,0.5,1.)) REPRESENTATION_ITEM(
  '') );
#591 = CARTESIAN_POINT('',(-58.,200.));
#592 = CARTESIAN_POINT('',(-58.,203.46410161513));
#593 = CARTESIAN_POINT('',(-55.,201.73205080756));
#594 = CARTESIAN_POINT('',(-52.,200.));
#595 = CARTESIAN_POINT('',(-55.,198.26794919243));
#596 = CARTESIAN_POINT('',(-58.,196.53589838486));
#597 = CARTESIAN_POINT('',(-58.,200.));
#598 = ( GEOMETRIC_REPRESENTATION_CONTEXT(2) 
PARAMETRIC_REPRESENTATION_CONTEXT() REPRESENTATION_CONTEXT('2D SPACE',''
  ) );
#599 = PCURVE('',#600,#605);
#600 = CYLINDRICAL_SURFACE('',#601,2.);
#601 = AXIS2_PLACEMENT_3D('',#602,#603,#604);
#602 = CARTESIAN_POINT('',(27.3,200.,2.6));
#603 = DIRECTION('',(0.,-0.,-1.));
#604 = DIRECTION('',(-1.,-0.,-0.));
#605 = DEFINITIONAL_REPRESENTATION('',(#606),#610);
#606 = LINE('',#607,#608);
#607 = CARTESIAN_POINT('',(0.,-41.));
#608 = VECTOR('',#609,1.);
#609 = DIRECTION('',(1.,0.));
#610 = ( GEOMETRIC_REPRESENTATION_CONTEXT(2) 
PARAMETRIC_REPRESENTATION_CONTEXT() REPRESENTATION_CONTEXT('2D SPACE',''
  ) );
#611 = ORIENTED_EDGE('',*,*,#612,.F.);
#612 = EDGE_CURVE('',#613,#580,#615,.T.);
#613 = VERTEX_POINT('',#614);
#614 = CARTESIAN_POINT('',(25.3,36.,43.6));
#615 = SURFACE_CURVE('',#616,(#620,#627),.PCURVE_S1.);
#616 = LINE('',#617,#618);
#617 = CARTESIAN_POINT('',(25.3,9.99,43.6));
#618 = VECTOR('',#619,1.);
#619 = DIRECTION('',(0.,1.,0.));
#620 = PCURVE('',#72,#621);
#621 = DEFINITIONAL_REPRESENTATION('',(#622),#626);
#622 = LINE('',#623,#624);
#623 = CARTESIAN_POINT('',(-58.,9.99));
#624 = VECTOR('',#625,1.);
#625 = DIRECTION('',(0.,1.));
#626 = ( GEOMETRIC_REPRESENTATION_CONTEXT(2) 
PARAMETRIC_REPRESENTATION_CONTEXT() REPRESENTATION_CONTEXT('2D SPACE',''
  ) );
#627 = PCURVE('',#628,#633);
#628 = PLANE('',#629);
#629 = AXIS2_PLACEMENT_3D('',#630,#631,#632);
#630 = CARTESIAN_POINT('',(25.3,9.99,0.));
#631 = DIRECTION('',(-1.,-0.,0.));
#632 = DIRECTION('',(0.,-0.,-1.));
#633 = DEFINITIONAL_REPRESENTATION('',(#634),#638);
#634 = LINE('',#635,#636);
#635 = CARTESIAN_POINT('',(-43.6,-0.));
#636 = VECTOR('',#637,1.);
#637 = DIRECTION('',(-0.,-1.));
#638 = ( GEOMETRIC_REPRESENTATION_CONTEXT(2) 
PARAMETRIC_REPRESENTATION_CONTEXT() REPRESENTATION_CONTEXT('2D SPACE',''
  ) );
#639 = ORIENTED_EDGE('',*,*,#640,.F.);
#640 = EDGE_CURVE('',#641,#613,#643,.T.);
#641 = VERTEX_POINT('',#642);
#642 = CARTESIAN_POINT('',(27.3,34.,43.6));
#643 = SURFACE_CURVE('',#644,(#649,#660),.PCURVE_S1.);
#644 = CIRCLE('',#645,2.);
#645 = AXIS2_PLACEMENT_3D('',#646,#647,#648);
#646 = CARTESIAN_POINT('',(27.3,36.,43.6));
#647 = DIRECTION('',(0.,0.,-1.));
#648 = DIRECTION('',(-1.,-0.,-0.));
#649 = PCURVE('',#72,#650);
#650 = DEFINITIONAL_REPRESENTATION('',(#651),#659);
#651 = ( BOUNDED_CURVE() B_SPLINE_CURVE(2,(#652,#653,#654,#655,#656,#657
,#658),.UNSPECIFIED.,.T.,.F.) B_SPLINE_CURVE_WITH_KNOTS((1,2,2,2,2,1),(
    -2.094395102393,0.,2.094395102393,4.188790204786,6.28318530718,
8.377580409573),.UNSPECIFIED.) CURVE() GEOMETRIC_REPRESENTATION_ITEM() 
RATIONAL_B_SPLINE_CURVE((1.,0.5,1.,0.5,1.,0.5,1.)) REPRESENTATION_ITEM(
  '') );
#652 = CARTESIAN_POINT('',(-58.,36.));
#653 = CARTESIAN_POINT('',(-58.,39.464101615138));
#654 = CARTESIAN_POINT('',(-55.,37.732050807569));
#655 = CARTESIAN_POINT('',(-52.,36.));
#656 = CARTESIAN_POINT('',(-55.,34.267949192431));
#657 = CARTESIAN_POINT('',(-58.,32.535898384862));
#658 = CARTESIAN_POINT('',(-58.,36.));
#659 = ( GEOMETRIC_REPRESENTATION_CONTEXT(2) 
PARAMETRIC_REPRESENTATION_CONTEXT() REPRESENTATION_CONTEXT('2D SPACE',''
  ) );
#660 = PCURVE('',#661,#666);
#661 = CYLINDRICAL_SURFACE('',#662,2.);
#662 = AXIS2_PLACEMENT_3D('',#663,#664,#665);
#663 = CARTESIAN_POINT('',(27.3,36.,2.6));
#664 = DIRECTION('',(0.,-0.,-1.));
#665 = DIRECTION('',(-1.,-0.,-0.));
#666 = DEFINITIONAL_REPRESENTATION('',(#667),#671);
#667 = LINE('',#668,#669);
#668 = CARTESIAN_POINT('',(0.,-41.));
#669 = VECTOR('',#670,1.);
#670 = DIRECTION('',(1.,0.));
#671 = ( GEOMETRIC_REPRESENTATION_CONTEXT(2) 
PARAMETRIC_REPRESENTATION_CONTEXT() REPRESENTATION_CONTEXT('2D SPACE',''
  ) );
#672 = ORIENTED_EDGE('',*,*,#673,.F.);
#673 = EDGE_CURVE('',#674,#641,#676,.T.);
#674 = VERTEX_POINT('',#675);
#675 = CARTESIAN_POINT('',(80.3,34.,43.6));
#676 = SURFACE_CURVE('',#677,(#681,#688),.PCURVE_S1.);
#677 = LINE('',#678,#679);
#678 = CARTESIAN_POINT('',(80.31,34.,43.6));
#679 = VECTOR('',#680,1.);
#680 = DIRECTION('',(-1.,-0.,0.));
#681 = PCURVE('',#72,#682);
#682 = DEFINITIONAL_REPRESENTATION('',(#683),#687);
#683 = LINE('',#684,#685);
#684 = CARTESIAN_POINT('',(-2.99,34.));
#685 = VECTOR('',#686,1.);
#686 = DIRECTION('',(-1.,0.));
#687 = ( GEOMETRIC_REPRESENTATION_CONTEXT(2) 
PARAMETRIC_REPRESENTATION_CONTEXT() REPRESENTATION_CONTEXT('2D SPACE',''
  ) );
#688 = PCURVE('',#689,#694);
#689 = PLANE('',#690);
#690 = AXIS2_PLACEMENT_3D('',#691,#692,#693);
#691 = CARTESIAN_POINT('',(80.31,34.,0.));
#692 = DIRECTION('',(0.,1.,0.));
#693 = DIRECTION('',(0.,-0.,-1.));
#694 = DEFINITIONAL_REPRESENTATION('',(#695),#699);
#695 = LINE('',#696,#697);
#696 = CARTESIAN_POINT('',(-43.6,-0.));
#697 = VECTOR('',#698,1.);
#698 = DIRECTION('',(-0.,1.));
#699 = ( GEOMETRIC_REPRESENTATION_CONTEXT(2) 
PARAMETRIC_REPRESENTATION_CONTEXT() REPRESENTATION_CONTEXT('2D SPACE',''
  ) );
#700 = ORIENTED_EDGE('',*,*,#701,.T.);
#701 = EDGE_CURVE('',#674,#702,#704,.T.);
#702 = VERTEX_POINT('',#703);
#703 = CARTESIAN_POINT('',(80.3,35.8,43.6));
#704 = SURFACE_CURVE('',#705,(#709,#716),.PCURVE_S1.);
#705 = LINE('',#706,#707);
#706 = CARTESIAN_POINT('',(80.3,3.2,43.6));
#707 = VECTOR('',#708,1.);
#708 = DIRECTION('',(0.,1.,0.));
#709 = PCURVE('',#72,#710);
#710 = DEFINITIONAL_REPRESENTATION('',(#711),#715);
#711 = LINE('',#712,#713);
#712 = CARTESIAN_POINT('',(-3.,3.2));
#713 = VECTOR('',#714,1.);
#714 = DIRECTION('',(0.,1.));
#715 = ( GEOMETRIC_REPRESENTATION_CONTEXT(2) 
PARAMETRIC_REPRESENTATION_CONTEXT() REPRESENTATION_CONTEXT('2D SPACE',''
  ) );
#716 = PCURVE('',#717,#722);
#717 = PLANE('',#718);
#718 = AXIS2_PLACEMENT_3D('',#719,#720,#721);
#719 = CARTESIAN_POINT('',(80.3,3.2,0.));
#720 = DIRECTION('',(-1.,-0.,0.));
#721 = DIRECTION('',(0.,-0.,-1.));
#722 = DEFINITIONAL_REPRESENTATION('',(#723),#727);
#723 = LINE('',#724,#725);
#724 = CARTESIAN_POINT('',(-43.6,-0.));
#725 = VECTOR('',#726,1.);
#726 = DIRECTION('',(-0.,-1.));
#727 = ( GEOMETRIC_REPRESENTATION_CONTEXT(2) 
PARAMETRIC_REPRESENTATION_CONTEXT() REPRESENTATION_CONTEXT('2D SPACE',''
  ) );
#728 = ORIENTED_EDGE('',*,*,#729,.T.);
#729 = EDGE_CURVE('',#702,#730,#732,.T.);
#730 = VERTEX_POINT('',#731);
#731 = CARTESIAN_POINT('',(86.3,35.8,43.6));
#732 = SURFACE_CURVE('',#733,(#737,#744),.PCURVE_S1.);
#733 = LINE('',#734,#735);
#734 = CARTESIAN_POINT('',(86.8,35.8,43.6));
#735 = VECTOR('',#736,1.);
#736 = DIRECTION('',(1.,-0.,-0.));
#737 = PCURVE('',#72,#738);
#738 = DEFINITIONAL_REPRESENTATION('',(#739),#743);
#739 = LINE('',#740,#741);
#740 = CARTESIAN_POINT('',(3.5,35.8));
#741 = VECTOR('',#742,1.);
#742 = DIRECTION('',(1.,-0.));
#743 = ( GEOMETRIC_REPRESENTATION_CONTEXT(2) 
PARAMETRIC_REPRESENTATION_CONTEXT() REPRESENTATION_CONTEXT('2D SPACE',''
  ) );
#744 = PCURVE('',#745,#750);
#745 = PLANE('',#746);
#746 = AXIS2_PLACEMENT_3D('',#747,#748,#749);
#747 = CARTESIAN_POINT('',(87.3,35.8,5.7));
#748 = DIRECTION('',(0.,1.,0.));
#749 = DIRECTION('',(0.,-0.,-1.));
#750 = DEFINITIONAL_REPRESENTATION('',(#751),#755);
#751 = LINE('',#752,#753);
#752 = CARTESIAN_POINT('',(-37.9,0.5));
#753 = VECTOR('',#754,1.);
#754 = DIRECTION('',(-0.,-1.));
#755 = ( GEOMETRIC_REPRESENTATION_CONTEXT(2) 
PARAMETRIC_REPRESENTATION_CONTEXT() REPRESENTATION_CONTEXT('2D SPACE',''
  ) );
#756 = ORIENTED_EDGE('',*,*,#757,.T.);
#757 = EDGE_CURVE('',#730,#171,#758,.T.);
#758 = SURFACE_CURVE('',#759,(#763,#770),.PCURVE_S1.);
#759 = LINE('',#760,#761);
#760 = CARTESIAN_POINT('',(86.3,35.8,43.6));
#761 = VECTOR('',#762,1.);
#762 = DIRECTION('',(-0.,-1.,-0.));
#763 = PCURVE('',#72,#764);
#764 = DEFINITIONAL_REPRESENTATION('',(#765),#769);
#765 = LINE('',#766,#767);
#766 = CARTESIAN_POINT('',(3.,35.8));
#767 = VECTOR('',#768,1.);
#768 = DIRECTION('',(-0.,-1.));
#769 = ( GEOMETRIC_REPRESENTATION_CONTEXT(2) 
PARAMETRIC_REPRESENTATION_CONTEXT() REPRESENTATION_CONTEXT('2D SPACE',''
  ) );
#770 = PCURVE('',#186,#771);
#771 = DEFINITIONAL_REPRESENTATION('',(#772),#776);
#772 = LINE('',#773,#774);
#773 = CARTESIAN_POINT('',(-43.6,-32.6));
#774 = VECTOR('',#775,1.);
#775 = DIRECTION('',(-0.,1.));
#776 = ( GEOMETRIC_REPRESENTATION_CONTEXT(2) 
PARAMETRIC_REPRESENTATION_CONTEXT() REPRESENTATION_CONTEXT('2D SPACE',''
  ) );
#777 = ORIENTED_EDGE('',*,*,#198,.T.);
#778 = FACE_BOUND('',#779,.F.);
#779 = EDGE_LOOP('',(#780,#810,#843,#871,#904,#932,#965,#993));
#780 = ORIENTED_EDGE('',*,*,#781,.T.);
#781 = EDGE_CURVE('',#782,#784,#786,.T.);
#782 = VERTEX_POINT('',#783);
#783 = CARTESIAN_POINT('',(80.3,16.,43.6));
#784 = VERTEX_POINT('',#785);
#785 = CARTESIAN_POINT('',(80.3,28.,43.6));
#786 = SURFACE_CURVE('',#787,(#791,#798),.PCURVE_S1.);
#787 = LINE('',#788,#789);
#788 = CARTESIAN_POINT('',(80.3,3.2,43.6));
#789 = VECTOR('',#790,1.);
#790 = DIRECTION('',(0.,1.,0.));
#791 = PCURVE('',#72,#792);
#792 = DEFINITIONAL_REPRESENTATION('',(#793),#797);
#793 = LINE('',#794,#795);
#794 = CARTESIAN_POINT('',(-3.,3.2));
#795 = VECTOR('',#796,1.);
#796 = DIRECTION('',(0.,1.));
#797 = ( GEOMETRIC_REPRESENTATION_CONTEXT(2) 
PARAMETRIC_REPRESENTATION_CONTEXT() REPRESENTATION_CONTEXT('2D SPACE',''
  ) );
#798 = PCURVE('',#799,#804);
#799 = PLANE('',#800);
#800 = AXIS2_PLACEMENT_3D('',#801,#802,#803);
#801 = CARTESIAN_POINT('',(80.3,3.2,0.));
#802 = DIRECTION('',(-1.,-0.,0.));
#803 = DIRECTION('',(0.,-0.,-1.));
#804 = DEFINITIONAL_REPRESENTATION('',(#805),#809);
#805 = LINE('',#806,#807);
#806 = CARTESIAN_POINT('',(-43.6,-0.));
#807 = VECTOR('',#808,1.);
#808 = DIRECTION('',(-0.,-1.));
#809 = ( GEOMETRIC_REPRESENTATION_CONTEXT(2) 
PARAMETRIC_REPRESENTATION_CONTEXT() REPRESENTATION_CONTEXT('2D SPACE',''
  ) );
#810 = ORIENTED_EDGE('',*,*,#811,.F.);
#811 = EDGE_CURVE('',#812,#784,#814,.T.);
#812 = VERTEX_POINT('',#813);
#813 = CARTESIAN_POINT('',(78.3,30.,43.6));
#814 = SURFACE_CURVE('',#815,(#820,#831),.PCURVE_S1.);
#815 = CIRCLE('',#816,2.);
#816 = AXIS2_PLACEMENT_3D('',#817,#818,#819);
#817 = CARTESIAN_POINT('',(78.3,28.,43.6));
#818 = DIRECTION('',(0.,0.,-1.));
#819 = DIRECTION('',(-1.,-0.,-0.));
#820 = PCURVE('',#72,#821);
#821 = DEFINITIONAL_REPRESENTATION('',(#822),#830);
#822 = ( BOUNDED_CURVE() B_SPLINE_CURVE(2,(#823,#824,#825,#826,#827,#828
,#829),.UNSPECIFIED.,.T.,.F.) B_SPLINE_CURVE_WITH_KNOTS((1,2,2,2,2,1),(
    -2.094395102393,0.,2.094395102393,4.188790204786,6.28318530718,
8.377580409573),.UNSPECIFIED.) CURVE() GEOMETRIC_REPRESENTATION_ITEM() 
RATIONAL_B_SPLINE_CURVE((1.,0.5,1.,0.5,1.,0.5,1.)) REPRESENTATION_ITEM(
  '') );
#823 = CARTESIAN_POINT('',(-7.,28.));
#824 = CARTESIAN_POINT('',(-7.,31.464101615138));
#825 = CARTESIAN_POINT('',(-4.,29.732050807569));
#826 = CARTESIAN_POINT('',(-1.,28.));
#827 = CARTESIAN_POINT('',(-4.,26.267949192431));
#828 = CARTESIAN_POINT('',(-7.,24.535898384862));
#829 = CARTESIAN_POINT('',(-7.,28.));
#830 = ( GEOMETRIC_REPRESENTATION_CONTEXT(2) 
PARAMETRIC_REPRESENTATION_CONTEXT() REPRESENTATION_CONTEXT('2D SPACE',''
  ) );
#831 = PCURVE('',#832,#837);
#832 = CYLINDRICAL_SURFACE('',#833,2.);
#833 = AXIS2_PLACEMENT_3D('',#834,#835,#836);
#834 = CARTESIAN_POINT('',(78.3,28.,2.6));
#835 = DIRECTION('',(0.,-0.,-1.));
#836 = DIRECTION('',(-1.,-0.,-0.));
#837 = DEFINITIONAL_REPRESENTATION('',(#838),#842);
#838 = LINE('',#839,#840);
#839 = CARTESIAN_POINT('',(0.,-41.));
#840 = VECTOR('',#841,1.);
#841 = DIRECTION('',(1.,0.));
#842 = ( GEOMETRIC_REPRESENTATION_CONTEXT(2) 
PARAMETRIC_REPRESENTATION_CONTEXT() REPRESENTATION_CONTEXT('2D SPACE',''
  ) );
#843 = ORIENTED_EDGE('',*,*,#844,.T.);
#844 = EDGE_CURVE('',#812,#845,#847,.T.);
#845 = VERTEX_POINT('',#846);
#846 = CARTESIAN_POINT('',(27.3,30.,43.6));
#847 = SURFACE_CURVE('',#848,(#852,#859),.PCURVE_S1.);
#848 = LINE('',#849,#850);
#849 = CARTESIAN_POINT('',(80.31,30.,43.6));
#850 = VECTOR('',#851,1.);
#851 = DIRECTION('',(-1.,-0.,0.));
#852 = PCURVE('',#72,#853);
#853 = DEFINITIONAL_REPRESENTATION('',(#854),#858);
#854 = LINE('',#855,#856);
#855 = CARTESIAN_POINT('',(-2.99,30.));
#856 = VECTOR('',#857,1.);
#857 = DIRECTION('',(-1.,0.));
#858 = ( GEOMETRIC_REPRESENTATION_CONTEXT(2) 
PARAMETRIC_REPRESENTATION_CONTEXT() REPRESENTATION_CONTEXT('2D SPACE',''
  ) );
#859 = PCURVE('',#860,#865);
#860 = PLANE('',#861);
#861 = AXIS2_PLACEMENT_3D('',#862,#863,#864);
#862 = CARTESIAN_POINT('',(80.31,30.,0.));
#863 = DIRECTION('',(0.,1.,0.));
#864 = DIRECTION('',(0.,-0.,-1.));
#865 = DEFINITIONAL_REPRESENTATION('',(#866),#870);
#866 = LINE('',#867,#868);
#867 = CARTESIAN_POINT('',(-43.6,-0.));
#868 = VECTOR('',#869,1.);
#869 = DIRECTION('',(-0.,1.));
#870 = ( GEOMETRIC_REPRESENTATION_CONTEXT(2) 
PARAMETRIC_REPRESENTATION_CONTEXT() REPRESENTATION_CONTEXT('2D SPACE',''
  ) );
#871 = ORIENTED_EDGE('',*,*,#872,.F.);
#872 = EDGE_CURVE('',#873,#845,#875,.T.);
#873 = VERTEX_POINT('',#874);
#874 = CARTESIAN_POINT('',(25.3,28.,43.6));
#875 = SURFACE_CURVE('',#876,(#881,#892),.PCURVE_S1.);
#876 = CIRCLE('',#877,2.);
#877 = AXIS2_PLACEMENT_3D('',#878,#879,#880);
#878 = CARTESIAN_POINT('',(27.3,28.,43.6));
#879 = DIRECTION('',(0.,0.,-1.));
#880 = DIRECTION('',(-1.,-0.,-0.));
#881 = PCURVE('',#72,#882);
#882 = DEFINITIONAL_REPRESENTATION('',(#883),#891);
#883 = ( BOUNDED_CURVE() B_SPLINE_CURVE(2,(#884,#885,#886,#887,#888,#889
,#890),.UNSPECIFIED.,.T.,.F.) B_SPLINE_CURVE_WITH_KNOTS((1,2,2,2,2,1),(
    -2.094395102393,0.,2.094395102393,4.188790204786,6.28318530718,
8.377580409573),.UNSPECIFIED.) CURVE() GEOMETRIC_REPRESENTATION_ITEM() 
RATIONAL_B_SPLINE_CURVE((1.,0.5,1.,0.5,1.,0.5,1.)) REPRESENTATION_ITEM(
  '') );
#884 = CARTESIAN_POINT('',(-58.,28.));
#885 = CARTESIAN_POINT('',(-58.,31.464101615138));
#886 = CARTESIAN_POINT('',(-55.,29.732050807569));
#887 = CARTESIAN_POINT('',(-52.,28.));
#888 = CARTESIAN_POINT('',(-55.,26.267949192431));
#889 = CARTESIAN_POINT('',(-58.,24.535898384862));
#890 = CARTESIAN_POINT('',(-58.,28.));
#891 = ( GEOMETRIC_REPRESENTATION_CONTEXT(2) 
PARAMETRIC_REPRESENTATION_CONTEXT() REPRESENTATION_CONTEXT('2D SPACE',''
  ) );
#892 = PCURVE('',#893,#898);
#893 = CYLINDRICAL_SURFACE('',#894,2.);
#894 = AXIS2_PLACEMENT_3D('',#895,#896,#897);
#895 = CARTESIAN_POINT('',(27.3,28.,2.6));
#896 = DIRECTION('',(0.,-0.,-1.));
#897 = DIRECTION('',(-1.,-0.,-0.));
#898 = DEFINITIONAL_REPRESENTATION('',(#899),#903);
#899 = LINE('',#900,#901);
#900 = CARTESIAN_POINT('',(0.,-41.));
#901 = VECTOR('',#902,1.);
#902 = DIRECTION('',(1.,0.));
#903 = ( GEOMETRIC_REPRESENTATION_CONTEXT(2) 
PARAMETRIC_REPRESENTATION_CONTEXT() REPRESENTATION_CONTEXT('2D SPACE',''
  ) );
#904 = ORIENTED_EDGE('',*,*,#905,.F.);
#905 = EDGE_CURVE('',#906,#873,#908,.T.);
#906 = VERTEX_POINT('',#907);
#907 = CARTESIAN_POINT('',(25.3,16.,43.6));
#908 = SURFACE_CURVE('',#909,(#913,#920),.PCURVE_S1.);
#909 = LINE('',#910,#911);
#910 = CARTESIAN_POINT('',(25.3,9.99,43.6));
#911 = VECTOR('',#912,1.);
#912 = DIRECTION('',(0.,1.,0.));
#913 = PCURVE('',#72,#914);
#914 = DEFINITIONAL_REPRESENTATION('',(#915),#919);
#915 = LINE('',#916,#917);
#916 = CARTESIAN_POINT('',(-58.,9.99));
#917 = VECTOR('',#918,1.);
#918 = DIRECTION('',(0.,1.));
#919 = ( GEOMETRIC_REPRESENTATION_CONTEXT(2) 
PARAMETRIC_REPRESENTATION_CONTEXT() REPRESENTATION_CONTEXT('2D SPACE',''
  ) );
#920 = PCURVE('',#921,#926);
#921 = PLANE('',#922);
#922 = AXIS2_PLACEMENT_3D('',#923,#924,#925);
#923 = CARTESIAN_POINT('',(25.3,9.99,0.));
#924 = DIRECTION('',(-1.,-0.,0.));
#925 = DIRECTION('',(0.,-0.,-1.));
#926 = DEFINITIONAL_REPRESENTATION('',(#927),#931);
#927 = LINE('',#928,#929);
#928 = CARTESIAN_POINT('',(-43.6,-0.));
#929 = VECTOR('',#930,1.);
#930 = DIRECTION('',(-0.,-1.));
#931 = ( GEOMETRIC_REPRESENTATION_CONTEXT(2) 
PARAMETRIC_REPRESENTATION_CONTEXT() REPRESENTATION_CONTEXT('2D SPACE',''
  ) );
#932 = ORIENTED_EDGE('',*,*,#933,.F.);
#933 = EDGE_CURVE('',#934,#906,#936,.T.);
#934 = VERTEX_POINT('',#935);
#935 = CARTESIAN_POINT('',(31.3,10.,43.6));
#936 = SURFACE_CURVE('',#937,(#942,#953),.PCURVE_S1.);
#937 = CIRCLE('',#938,6.);
#938 = AXIS2_PLACEMENT_3D('',#939,#940,#941);
#939 = CARTESIAN_POINT('',(31.3,16.,43.6));
#940 = DIRECTION('',(0.,0.,-1.));
#941 = DIRECTION('',(-1.,-0.,-0.));
#942 = PCURVE('',#72,#943);
#943 = DEFINITIONAL_REPRESENTATION('',(#944),#952);
#944 = ( BOUNDED_CURVE() B_SPLINE_CURVE(2,(#945,#946,#947,#948,#949,#950
,#951),.UNSPECIFIED.,.T.,.F.) B_SPLINE_CURVE_WITH_KNOTS((1,2,2,2,2,1),(
    -2.094395102393,0.,2.094395102393,4.188790204786,6.28318530718,
8.377580409573),.UNSPECIFIED.) CURVE() GEOMETRIC_REPRESENTATION_ITEM() 
RATIONAL_B_SPLINE_CURVE((1.,0.5,1.,0.5,1.,0.5,1.)) REPRESENTATION_ITEM(
  '') );
#945 = CARTESIAN_POINT('',(-58.,16.));
#946 = CARTESIAN_POINT('',(-58.,26.392304845413));
#947 = CARTESIAN_POINT('',(-49.,21.196152422707));
#948 = CARTESIAN_POINT('',(-40.,16.));
#949 = CARTESIAN_POINT('',(-49.,10.803847577293));
#950 = CARTESIAN_POINT('',(-58.,5.607695154587));
#951 = CARTESIAN_POINT('',(-58.,16.));
#952 = ( GEOMETRIC_REPRESENTATION_CONTEXT(2) 
PARAMETRIC_REPRESENTATION_CONTEXT() REPRESENTATION_CONTEXT('2D SPACE',''
  ) );
#953 = PCURVE('',#954,#959);
#954 = CYLINDRICAL_SURFACE('',#955,6.);
#955 = AXIS2_PLACEMENT_3D('',#956,#957,#958);
#956 = CARTESIAN_POINT('',(31.3,16.,2.6));
#957 = DIRECTION('',(0.,-0.,-1.));
#958 = DIRECTION('',(-1.,-0.,-0.));
#959 = DEFINITIONAL_REPRESENTATION('',(#960),#964);
#960 = LINE('',#961,#962);
#961 = CARTESIAN_POINT('',(0.,-41.));
#962 = VECTOR('',#963,1.);
#963 = DIRECTION('',(1.,0.));
#964 = ( GEOMETRIC_REPRESENTATION_CONTEXT(2) 
PARAMETRIC_REPRESENTATION_CONTEXT() REPRESENTATION_CONTEXT('2D SPACE',''
  ) );
#965 = ORIENTED_EDGE('',*,*,#966,.T.);
#966 = EDGE_CURVE('',#934,#967,#969,.T.);
#967 = VERTEX_POINT('',#968);
#968 = CARTESIAN_POINT('',(74.3,10.,43.6));
#969 = SURFACE_CURVE('',#970,(#974,#981),.PCURVE_S1.);
#970 = LINE('',#971,#972);
#971 = CARTESIAN_POINT('',(0.,10.,43.6));
#972 = VECTOR('',#973,1.);
#973 = DIRECTION('',(1.,-0.,-0.));
#974 = PCURVE('',#72,#975);
#975 = DEFINITIONAL_REPRESENTATION('',(#976),#980);
#976 = LINE('',#977,#978);
#977 = CARTESIAN_POINT('',(-83.3,10.));
#978 = VECTOR('',#979,1.);
#979 = DIRECTION('',(1.,-0.));
#980 = ( GEOMETRIC_REPRESENTATION_CONTEXT(2) 
PARAMETRIC_REPRESENTATION_CONTEXT() REPRESENTATION_CONTEXT('2D SPACE',''
  ) );
#981 = PCURVE('',#982,#987);
#982 = PLANE('',#983);
#983 = AXIS2_PLACEMENT_3D('',#984,#985,#986);
#984 = CARTESIAN_POINT('',(83.3,10.,0.));
#985 = DIRECTION('',(-0.,1.,-0.));
#986 = DIRECTION('',(0.,0.,-1.));
#987 = DEFINITIONAL_REPRESENTATION('',(#988),#992);
#988 = LINE('',#989,#990);
#989 = CARTESIAN_POINT('',(-43.6,83.3));
#990 = VECTOR('',#991,1.);
#991 = DIRECTION('',(-0.,-1.));
#992 = ( GEOMETRIC_REPRESENTATION_CONTEXT(2) 
PARAMETRIC_REPRESENTATION_CONTEXT() REPRESENTATION_CONTEXT('2D SPACE',''
  ) );
#993 = ORIENTED_EDGE('',*,*,#994,.F.);
#994 = EDGE_CURVE('',#782,#967,#995,.T.);
#995 = SURFACE_CURVE('',#996,(#1001,#1012),.PCURVE_S1.);
#996 = CIRCLE('',#997,6.);
#997 = AXIS2_PLACEMENT_3D('',#998,#999,#1000);
#998 = CARTESIAN_POINT('',(74.3,16.,43.6));
#999 = DIRECTION('',(0.,0.,-1.));
#1000 = DIRECTION('',(-1.,-0.,-0.));
#1001 = PCURVE('',#72,#1002);
#1002 = DEFINITIONAL_REPRESENTATION('',(#1003),#1011);
#1003 = ( BOUNDED_CURVE() B_SPLINE_CURVE(2,(#1004,#1005,#1006,#1007,
#1008,#1009,#1010),.UNSPECIFIED.,.T.,.F.) B_SPLINE_CURVE_WITH_KNOTS((1,2
    ,2,2,2,1),(-2.094395102393,0.,2.094395102393,4.188790204786,
6.28318530718,8.377580409573),.UNSPECIFIED.) CURVE() 
GEOMETRIC_REPRESENTATION_ITEM() RATIONAL_B_SPLINE_CURVE((1.,0.5,1.,0.5,
1.,0.5,1.)) REPRESENTATION_ITEM('') );
#1004 = CARTESIAN_POINT('',(-15.,16.));
#1005 = CARTESIAN_POINT('',(-15.,26.392304845413));
#1006 = CARTESIAN_POINT('',(-6.,21.196152422707));
#1007 = CARTESIAN_POINT('',(3.,16.));
#1008 = CARTESIAN_POINT('',(-6.,10.803847577293));
#1009 = CARTESIAN_POINT('',(-15.,5.607695154587));
#1010 = CARTESIAN_POINT('',(-15.,16.));
#1011 = ( GEOMETRIC_REPRESENTATION_CONTEXT(2) 
PARAMETRIC_REPRESENTATION_CONTEXT() REPRESENTATION_CONTEXT('2D SPACE',''
  ) );
#1012 = PCURVE('',#1013,#1018);
#1013 = CYLINDRICAL_SURFACE('',#1014,6.);
#1014 = AXIS2_PLACEMENT_3D('',#1015,#1016,#1017);
#1015 = CARTESIAN_POINT('',(74.3,16.,2.6));
#1016 = DIRECTION('',(0.,-0.,-1.));
#1017 = DIRECTION('',(-1.,-0.,-0.));
#1018 = DEFINITIONAL_REPRESENTATION('',(#1019),#1023);
#1019 = LINE('',#1020,#1021);
#1020 = CARTESIAN_POINT('',(0.,-41.));
#1021 = VECTOR('',#1022,1.);
#1022 = DIRECTION('',(1.,0.));
#1023 = ( GEOMETRIC_REPRESENTATION_CONTEXT(2) 
PARAMETRIC_REPRESENTATION_CONTEXT() REPRESENTATION_CONTEXT('2D SPACE',''
  ) );
#1024 = ADVANCED_FACE('',(#1025,#1243,#1387),#100,.F.);
#1025 = FACE_BOUND('',#1026,.T.);
#1026 = EDGE_LOOP('',(#1027,#1057,#1078,#1079,#1080,#1103,#1132,#1160,
    #1189,#1217));
#1027 = ORIENTED_EDGE('',*,*,#1028,.F.);
#1028 = EDGE_CURVE('',#1029,#1031,#1033,.T.);
#1029 = VERTEX_POINT('',#1030);
#1030 = CARTESIAN_POINT('',(0.,-2.775557561563E-17,0.3));
#1031 = VERTEX_POINT('',#1032);
#1032 = CARTESIAN_POINT('',(0.,0.,43.6));
#1033 = SURFACE_CURVE('',#1034,(#1038,#1045),.PCURVE_S1.);
#1034 = LINE('',#1035,#1036);
#1035 = CARTESIAN_POINT('',(0.,0.,0.));
#1036 = VECTOR('',#1037,1.);
#1037 = DIRECTION('',(0.,0.,1.));
#1038 = PCURVE('',#100,#1039);
#1039 = DEFINITIONAL_REPRESENTATION('',(#1040),#1044);
#1040 = LINE('',#1041,#1042);
#1041 = CARTESIAN_POINT('',(-0.,83.3));
#1042 = VECTOR('',#1043,1.);
#1043 = DIRECTION('',(-1.,-0.));
#1044 = ( GEOMETRIC_REPRESENTATION_CONTEXT(2) 
PARAMETRIC_REPRESENTATION_CONTEXT() REPRESENTATION_CONTEXT('2D SPACE',''
  ) );
#1045 = PCURVE('',#1046,#1051);
#1046 = PLANE('',#1047);
#1047 = AXIS2_PLACEMENT_3D('',#1048,#1049,#1050);
#1048 = CARTESIAN_POINT('',(0.,0.,0.));
#1049 = DIRECTION('',(-1.,-0.,0.));
#1050 = DIRECTION('',(0.,-0.,-1.));
#1051 = DEFINITIONAL_REPRESENTATION('',(#1052),#1056);
#1052 = LINE('',#1053,#1054);
#1053 = CARTESIAN_POINT('',(-0.,-0.));
#1054 = VECTOR('',#1055,1.);
#1055 = DIRECTION('',(-1.,-0.));
#1056 = ( GEOMETRIC_REPRESENTATION_CONTEXT(2) 
PARAMETRIC_REPRESENTATION_CONTEXT() REPRESENTATION_CONTEXT('2D SPACE',''
  ) );
#1057 = ORIENTED_EDGE('',*,*,#1058,.F.);
#1058 = EDGE_CURVE('',#85,#1029,#1059,.T.);
#1059 = SURFACE_CURVE('',#1060,(#1064,#1071),.PCURVE_S1.);
#1060 = LINE('',#1061,#1062);
#1061 = CARTESIAN_POINT('',(83.3,0.,0.3));
#1062 = VECTOR('',#1063,1.);
#1063 = DIRECTION('',(-1.,-0.,0.));
#1064 = PCURVE('',#100,#1065);
#1065 = DEFINITIONAL_REPRESENTATION('',(#1066),#1070);
#1066 = LINE('',#1067,#1068);
#1067 = CARTESIAN_POINT('',(-0.3,0.));
#1068 = VECTOR('',#1069,1.);
#1069 = DIRECTION('',(-0.,1.));
#1070 = ( GEOMETRIC_REPRESENTATION_CONTEXT(2) 
PARAMETRIC_REPRESENTATION_CONTEXT() REPRESENTATION_CONTEXT('2D SPACE',''
  ) );
#1071 = PCURVE('',#238,#1072);
#1072 = DEFINITIONAL_REPRESENTATION('',(#1073),#1077);
#1073 = LINE('',#1074,#1075);
#1074 = CARTESIAN_POINT('',(-0.,0.212132034356));
#1075 = VECTOR('',#1076,1.);
#1076 = DIRECTION('',(-1.,0.));
#1077 = ( GEOMETRIC_REPRESENTATION_CONTEXT(2) 
PARAMETRIC_REPRESENTATION_CONTEXT() REPRESENTATION_CONTEXT('2D SPACE',''
  ) );
#1078 = ORIENTED_EDGE('',*,*,#84,.T.);
#1079 = ORIENTED_EDGE('',*,*,#304,.T.);
#1080 = ORIENTED_EDGE('',*,*,#1081,.F.);
#1081 = EDGE_CURVE('',#1082,#305,#1084,.T.);
#1082 = VERTEX_POINT('',#1083);
#1083 = CARTESIAN_POINT('',(13.045584412272,0.,40.220584412272));
#1084 = SURFACE_CURVE('',#1085,(#1089,#1096),.PCURVE_S1.);
#1085 = LINE('',#1086,#1087);
#1086 = CARTESIAN_POINT('',(38.516542206136,0.,14.749626618407));
#1087 = VECTOR('',#1088,1.);
#1088 = DIRECTION('',(-0.707106781187,-0.,0.707106781187));
#1089 = PCURVE('',#100,#1090);
#1090 = DEFINITIONAL_REPRESENTATION('',(#1091),#1095);
#1091 = LINE('',#1092,#1093);
#1092 = CARTESIAN_POINT('',(-14.7496266184,44.783457793864));
#1093 = VECTOR('',#1094,1.);
#1094 = DIRECTION('',(-0.707106781187,0.707106781187));
#1095 = ( GEOMETRIC_REPRESENTATION_CONTEXT(2) 
PARAMETRIC_REPRESENTATION_CONTEXT() REPRESENTATION_CONTEXT('2D SPACE',''
  ) );
#1096 = PCURVE('',#343,#1097);
#1097 = DEFINITIONAL_REPRESENTATION('',(#1098),#1102);
#1098 = LINE('',#1099,#1100);
#1099 = CARTESIAN_POINT('',(-42.09624769286,-1.));
#1100 = VECTOR('',#1101,1.);
#1101 = DIRECTION('',(1.,-0.));
#1102 = ( GEOMETRIC_REPRESENTATION_CONTEXT(2) 
PARAMETRIC_REPRESENTATION_CONTEXT() REPRESENTATION_CONTEXT('2D SPACE',''
  ) );
#1103 = ORIENTED_EDGE('',*,*,#1104,.T.);
#1104 = EDGE_CURVE('',#1082,#1105,#1107,.T.);
#1105 = VERTEX_POINT('',#1106);
#1106 = CARTESIAN_POINT('',(10.5,0.,34.075));
#1107 = SURFACE_CURVE('',#1108,(#1113,#1120),.PCURVE_S1.);
#1108 = CIRCLE('',#1109,3.6);
#1109 = AXIS2_PLACEMENT_3D('',#1110,#1111,#1112);
#1110 = CARTESIAN_POINT('',(10.5,0.,37.675));
#1111 = DIRECTION('',(0.,1.,0.));
#1112 = DIRECTION('',(0.707106781187,-0.,0.707106781187));
#1113 = PCURVE('',#100,#1114);
#1114 = DEFINITIONAL_REPRESENTATION('',(#1115),#1119);
#1115 = CIRCLE('',#1116,3.6);
#1116 = AXIS2_PLACEMENT_2D('',#1117,#1118);
#1117 = CARTESIAN_POINT('',(-37.675,72.8));
#1118 = DIRECTION('',(-0.707106781187,-0.707106781187));
#1119 = ( GEOMETRIC_REPRESENTATION_CONTEXT(2) 
PARAMETRIC_REPRESENTATION_CONTEXT() REPRESENTATION_CONTEXT('2D SPACE',''
  ) );
#1120 = PCURVE('',#1121,#1126);
#1121 = CYLINDRICAL_SURFACE('',#1122,3.6);
#1122 = AXIS2_PLACEMENT_3D('',#1123,#1124,#1125);
#1123 = CARTESIAN_POINT('',(10.5,-1.,37.675));
#1124 = DIRECTION('',(-0.,-1.,-0.));
#1125 = DIRECTION('',(0.707106781187,-0.,0.707106781187));
#1126 = DEFINITIONAL_REPRESENTATION('',(#1127),#1131);
#1127 = LINE('',#1128,#1129);
#1128 = CARTESIAN_POINT('',(-0.,-1.));
#1129 = VECTOR('',#1130,1.);
#1130 = DIRECTION('',(-1.,0.));
#1131 = ( GEOMETRIC_REPRESENTATION_CONTEXT(2) 
PARAMETRIC_REPRESENTATION_CONTEXT() REPRESENTATION_CONTEXT('2D SPACE',''
  ) );
#1132 = ORIENTED_EDGE('',*,*,#1133,.F.);
#1133 = EDGE_CURVE('',#1134,#1105,#1136,.T.);
#1134 = VERTEX_POINT('',#1135);
#1135 = CARTESIAN_POINT('',(7.,0.,34.075));
#1136 = SURFACE_CURVE('',#1137,(#1141,#1148),.PCURVE_S1.);
#1137 = LINE('',#1138,#1139);
#1138 = CARTESIAN_POINT('',(46.9,0.,34.075));
#1139 = VECTOR('',#1140,1.);
#1140 = DIRECTION('',(1.,-0.,-0.));
#1141 = PCURVE('',#100,#1142);
#1142 = DEFINITIONAL_REPRESENTATION('',(#1143),#1147);
#1143 = LINE('',#1144,#1145);
#1144 = CARTESIAN_POINT('',(-34.075,36.4));
#1145 = VECTOR('',#1146,1.);
#1146 = DIRECTION('',(-0.,-1.));
#1147 = ( GEOMETRIC_REPRESENTATION_CONTEXT(2) 
PARAMETRIC_REPRESENTATION_CONTEXT() REPRESENTATION_CONTEXT('2D SPACE',''
  ) );
#1148 = PCURVE('',#1149,#1154);
#1149 = PLANE('',#1150);
#1150 = AXIS2_PLACEMENT_3D('',#1151,#1152,#1153);
#1151 = CARTESIAN_POINT('',(10.5,-1.,34.075));
#1152 = DIRECTION('',(-0.,-0.,-1.));
#1153 = DIRECTION('',(1.,0.,0.));
#1154 = DEFINITIONAL_REPRESENTATION('',(#1155),#1159);
#1155 = LINE('',#1156,#1157);
#1156 = CARTESIAN_POINT('',(36.4,-1.));
#1157 = VECTOR('',#1158,1.);
#1158 = DIRECTION('',(1.,-0.));
#1159 = ( GEOMETRIC_REPRESENTATION_CONTEXT(2) 
PARAMETRIC_REPRESENTATION_CONTEXT() REPRESENTATION_CONTEXT('2D SPACE',''
  ) );
#1160 = ORIENTED_EDGE('',*,*,#1161,.T.);
#1161 = EDGE_CURVE('',#1134,#1162,#1164,.T.);
#1162 = VERTEX_POINT('',#1163);
#1163 = CARTESIAN_POINT('',(4.454415587728,0.,40.220584412272));
#1164 = SURFACE_CURVE('',#1165,(#1170,#1177),.PCURVE_S1.);
#1165 = CIRCLE('',#1166,3.6);
#1166 = AXIS2_PLACEMENT_3D('',#1167,#1168,#1169);
#1167 = CARTESIAN_POINT('',(7.,0.,37.675));
#1168 = DIRECTION('',(0.,1.,0.));
#1169 = DIRECTION('',(-0.,-0.,-1.));
#1170 = PCURVE('',#100,#1171);
#1171 = DEFINITIONAL_REPRESENTATION('',(#1172),#1176);
#1172 = CIRCLE('',#1173,3.6);
#1173 = AXIS2_PLACEMENT_2D('',#1174,#1175);
#1174 = CARTESIAN_POINT('',(-37.675,76.3));
#1175 = DIRECTION('',(1.,-0.));
#1176 = ( GEOMETRIC_REPRESENTATION_CONTEXT(2) 
PARAMETRIC_REPRESENTATION_CONTEXT() REPRESENTATION_CONTEXT('2D SPACE',''
  ) );
#1177 = PCURVE('',#1178,#1183);
#1178 = CYLINDRICAL_SURFACE('',#1179,3.6);
#1179 = AXIS2_PLACEMENT_3D('',#1180,#1181,#1182);
#1180 = CARTESIAN_POINT('',(7.,-1.,37.675));
#1181 = DIRECTION('',(-0.,-1.,-0.));
#1182 = DIRECTION('',(-0.,-0.,-1.));
#1183 = DEFINITIONAL_REPRESENTATION('',(#1184),#1188);
#1184 = LINE('',#1185,#1186);
#1185 = CARTESIAN_POINT('',(-0.,-1.));
#1186 = VECTOR('',#1187,1.);
#1187 = DIRECTION('',(-1.,0.));
#1188 = ( GEOMETRIC_REPRESENTATION_CONTEXT(2) 
PARAMETRIC_REPRESENTATION_CONTEXT() REPRESENTATION_CONTEXT('2D SPACE',''
  ) );
#1189 = ORIENTED_EDGE('',*,*,#1190,.F.);
#1190 = EDGE_CURVE('',#1191,#1162,#1193,.T.);
#1191 = VERTEX_POINT('',#1192);
#1192 = CARTESIAN_POINT('',(7.833831175457,0.,43.6));
#1193 = SURFACE_CURVE('',#1194,(#1198,#1205),.PCURVE_S1.);
#1194 = LINE('',#1195,#1196);
#1195 = CARTESIAN_POINT('',(14.110665587729,0.,49.876834412272));
#1196 = VECTOR('',#1197,1.);
#1197 = DIRECTION('',(-0.707106781187,-0.,-0.707106781187));
#1198 = PCURVE('',#100,#1199);
#1199 = DEFINITIONAL_REPRESENTATION('',(#1200),#1204);
#1200 = LINE('',#1201,#1202);
#1201 = CARTESIAN_POINT('',(-49.87683441227,69.189334412272));
#1202 = VECTOR('',#1203,1.);
#1203 = DIRECTION('',(0.707106781187,0.707106781187));
#1204 = ( GEOMETRIC_REPRESENTATION_CONTEXT(2) 
PARAMETRIC_REPRESENTATION_CONTEXT() REPRESENTATION_CONTEXT('2D SPACE',''
  ) );
#1205 = PCURVE('',#1206,#1211);
#1206 = PLANE('',#1207);
#1207 = AXIS2_PLACEMENT_3D('',#1208,#1209,#1210);
#1208 = CARTESIAN_POINT('',(4.454415587728,-1.,40.220584412272));
#1209 = DIRECTION('',(-0.707106781187,-0.,0.707106781187));
#1210 = DIRECTION('',(-0.707106781187,0.,-0.707106781187));
#1211 = DEFINITIONAL_REPRESENTATION('',(#1212),#1216);
#1212 = LINE('',#1213,#1214);
#1213 = CARTESIAN_POINT('',(-13.65599971166,-1.));
#1214 = VECTOR('',#1215,1.);
#1215 = DIRECTION('',(1.,-0.));
#1216 = ( GEOMETRIC_REPRESENTATION_CONTEXT(2) 
PARAMETRIC_REPRESENTATION_CONTEXT() REPRESENTATION_CONTEXT('2D SPACE',''
  ) );
#1217 = ORIENTED_EDGE('',*,*,#1218,.T.);
#1218 = EDGE_CURVE('',#1191,#1031,#1219,.T.);
#1219 = SURFACE_CURVE('',#1220,(#1224,#1231),.PCURVE_S1.);
#1220 = LINE('',#1221,#1222);
#1221 = CARTESIAN_POINT('',(83.3,0.,43.6));
#1222 = VECTOR('',#1223,1.);
#1223 = DIRECTION('',(-1.,-0.,0.));
#1224 = PCURVE('',#100,#1225);
#1225 = DEFINITIONAL_REPRESENTATION('',(#1226),#1230);
#1226 = LINE('',#1227,#1228);
#1227 = CARTESIAN_POINT('',(-43.6,-0.));
#1228 = VECTOR('',#1229,1.);
#1229 = DIRECTION('',(-0.,1.));
#1230 = ( GEOMETRIC_REPRESENTATION_CONTEXT(2) 
PARAMETRIC_REPRESENTATION_CONTEXT() REPRESENTATION_CONTEXT('2D SPACE',''
  ) );
#1231 = PCURVE('',#1232,#1237);
#1232 = PLANE('',#1233);
#1233 = AXIS2_PLACEMENT_3D('',#1234,#1235,#1236);
#1234 = CARTESIAN_POINT('',(83.3,0.,43.6));
#1235 = DIRECTION('',(-0.,-0.,1.));
#1236 = DIRECTION('',(1.,0.,0.));
#1237 = DEFINITIONAL_REPRESENTATION('',(#1238),#1242);
#1238 = LINE('',#1239,#1240);
#1239 = CARTESIAN_POINT('',(0.,-0.));
#1240 = VECTOR('',#1241,1.);
#1241 = DIRECTION('',(-1.,0.));
#1242 = ( GEOMETRIC_REPRESENTATION_CONTEXT(2) 
PARAMETRIC_REPRESENTATION_CONTEXT() REPRESENTATION_CONTEXT('2D SPACE',''
  ) );
#1243 = FACE_BOUND('',#1244,.T.);
#1244 = EDGE_LOOP('',(#1245,#1275,#1304,#1332,#1360));
#1245 = ORIENTED_EDGE('',*,*,#1246,.F.);
#1246 = EDGE_CURVE('',#1247,#1249,#1251,.T.);
#1247 = VERTEX_POINT('',#1248);
#1248 = CARTESIAN_POINT('',(7.,0.,2.325));
#1249 = VERTEX_POINT('',#1250);
#1250 = CARTESIAN_POINT('',(10.5,0.,2.325));
#1251 = SURFACE_CURVE('',#1252,(#1256,#1263),.PCURVE_S1.);
#1252 = LINE('',#1253,#1254);
#1253 = CARTESIAN_POINT('',(46.9,0.,2.325));
#1254 = VECTOR('',#1255,1.);
#1255 = DIRECTION('',(1.,-0.,-0.));
#1256 = PCURVE('',#100,#1257);
#1257 = DEFINITIONAL_REPRESENTATION('',(#1258),#1262);
#1258 = LINE('',#1259,#1260);
#1259 = CARTESIAN_POINT('',(-2.325,36.4));
#1260 = VECTOR('',#1261,1.);
#1261 = DIRECTION('',(-0.,-1.));
#1262 = ( GEOMETRIC_REPRESENTATION_CONTEXT(2) 
PARAMETRIC_REPRESENTATION_CONTEXT() REPRESENTATION_CONTEXT('2D SPACE',''
  ) );
#1263 = PCURVE('',#1264,#1269);
#1264 = PLANE('',#1265);
#1265 = AXIS2_PLACEMENT_3D('',#1266,#1267,#1268);
#1266 = CARTESIAN_POINT('',(10.5,-1.,2.325));
#1267 = DIRECTION('',(-0.,-0.,-1.));
#1268 = DIRECTION('',(1.,0.,0.));
#1269 = DEFINITIONAL_REPRESENTATION('',(#1270),#1274);
#1270 = LINE('',#1271,#1272);
#1271 = CARTESIAN_POINT('',(36.4,-1.));
#1272 = VECTOR('',#1273,1.);
#1273 = DIRECTION('',(1.,-0.));
#1274 = ( GEOMETRIC_REPRESENTATION_CONTEXT(2) 
PARAMETRIC_REPRESENTATION_CONTEXT() REPRESENTATION_CONTEXT('2D SPACE',''
  ) );
#1275 = ORIENTED_EDGE('',*,*,#1276,.T.);
#1276 = EDGE_CURVE('',#1247,#1277,#1279,.T.);
#1277 = VERTEX_POINT('',#1278);
#1278 = CARTESIAN_POINT('',(4.454415587728,0.,8.470584412272));
#1279 = SURFACE_CURVE('',#1280,(#1285,#1292),.PCURVE_S1.);
#1280 = CIRCLE('',#1281,3.6);
#1281 = AXIS2_PLACEMENT_3D('',#1282,#1283,#1284);
#1282 = CARTESIAN_POINT('',(7.,0.,5.925));
#1283 = DIRECTION('',(0.,1.,0.));
#1284 = DIRECTION('',(-0.,-0.,-1.));
#1285 = PCURVE('',#100,#1286);
#1286 = DEFINITIONAL_REPRESENTATION('',(#1287),#1291);
#1287 = CIRCLE('',#1288,3.6);
#1288 = AXIS2_PLACEMENT_2D('',#1289,#1290);
#1289 = CARTESIAN_POINT('',(-5.925,76.3));
#1290 = DIRECTION('',(1.,-0.));
#1291 = ( GEOMETRIC_REPRESENTATION_CONTEXT(2) 
PARAMETRIC_REPRESENTATION_CONTEXT() REPRESENTATION_CONTEXT('2D SPACE',''
  ) );
#1292 = PCURVE('',#1293,#1298);
#1293 = CYLINDRICAL_SURFACE('',#1294,3.6);
#1294 = AXIS2_PLACEMENT_3D('',#1295,#1296,#1297);
#1295 = CARTESIAN_POINT('',(7.,-1.,5.925));
#1296 = DIRECTION('',(-0.,-1.,-0.));
#1297 = DIRECTION('',(-0.,-0.,-1.));
#1298 = DEFINITIONAL_REPRESENTATION('',(#1299),#1303);
#1299 = LINE('',#1300,#1301);
#1300 = CARTESIAN_POINT('',(-0.,-1.));
#1301 = VECTOR('',#1302,1.);
#1302 = DIRECTION('',(-1.,0.));
#1303 = ( GEOMETRIC_REPRESENTATION_CONTEXT(2) 
PARAMETRIC_REPRESENTATION_CONTEXT() REPRESENTATION_CONTEXT('2D SPACE',''
  ) );
#1304 = ORIENTED_EDGE('',*,*,#1305,.F.);
#1305 = EDGE_CURVE('',#1306,#1277,#1308,.T.);
#1306 = VERTEX_POINT('',#1307);
#1307 = CARTESIAN_POINT('',(8.75,0.,12.766168824543));
#1308 = SURFACE_CURVE('',#1309,(#1313,#1320),.PCURVE_S1.);
#1309 = LINE('',#1310,#1311);
#1310 = CARTESIAN_POINT('',(22.048165587728,1.110223024625E-16,
    26.064334412272));
#1311 = VECTOR('',#1312,1.);
#1312 = DIRECTION('',(-0.707106781187,-0.,-0.707106781187));
#1313 = PCURVE('',#100,#1314);
#1314 = DEFINITIONAL_REPRESENTATION('',(#1315),#1319);
#1315 = LINE('',#1316,#1317);
#1316 = CARTESIAN_POINT('',(-26.06433441227,61.251834412272));
#1317 = VECTOR('',#1318,1.);
#1318 = DIRECTION('',(0.707106781187,0.707106781187));
#1319 = ( GEOMETRIC_REPRESENTATION_CONTEXT(2) 
PARAMETRIC_REPRESENTATION_CONTEXT() REPRESENTATION_CONTEXT('2D SPACE',''
  ) );
#1320 = PCURVE('',#1321,#1326);
#1321 = PLANE('',#1322);
#1322 = AXIS2_PLACEMENT_3D('',#1323,#1324,#1325);
#1323 = CARTESIAN_POINT('',(4.454415587728,-1.,8.470584412272));
#1324 = DIRECTION('',(-0.707106781187,-0.,0.707106781187));
#1325 = DIRECTION('',(-0.707106781187,0.,-0.707106781187));
#1326 = DEFINITIONAL_REPRESENTATION('',(#1327),#1331);
#1327 = LINE('',#1328,#1329);
#1328 = CARTESIAN_POINT('',(-24.881319863,-1.));
#1329 = VECTOR('',#1330,1.);
#1330 = DIRECTION('',(1.,-0.));
#1331 = ( GEOMETRIC_REPRESENTATION_CONTEXT(2) 
PARAMETRIC_REPRESENTATION_CONTEXT() REPRESENTATION_CONTEXT('2D SPACE',''
  ) );
#1332 = ORIENTED_EDGE('',*,*,#1333,.F.);
#1333 = EDGE_CURVE('',#1334,#1306,#1336,.T.);
#1334 = VERTEX_POINT('',#1335);
#1335 = CARTESIAN_POINT('',(13.045584412272,0.,8.470584412272));
#1336 = SURFACE_CURVE('',#1337,(#1341,#1348),.PCURVE_S1.);
#1337 = LINE('',#1338,#1339);
#1338 = CARTESIAN_POINT('',(30.579042206136,1.110223024625E-16,
    -9.062873381593));
#1339 = VECTOR('',#1340,1.);
#1340 = DIRECTION('',(-0.707106781187,-0.,0.707106781187));
#1341 = PCURVE('',#100,#1342);
#1342 = DEFINITIONAL_REPRESENTATION('',(#1343),#1347);
#1343 = LINE('',#1344,#1345);
#1344 = CARTESIAN_POINT('',(9.062873381593,52.720957793864));
#1345 = VECTOR('',#1346,1.);
#1346 = DIRECTION('',(-0.707106781187,0.707106781187));
#1347 = ( GEOMETRIC_REPRESENTATION_CONTEXT(2) 
PARAMETRIC_REPRESENTATION_CONTEXT() REPRESENTATION_CONTEXT('2D SPACE',''
  ) );
#1348 = PCURVE('',#1349,#1354);
#1349 = PLANE('',#1350);
#1350 = AXIS2_PLACEMENT_3D('',#1351,#1352,#1353);
#1351 = CARTESIAN_POINT('',(8.75,-1.,12.766168824543));
#1352 = DIRECTION('',(0.707106781187,-0.,0.707106781187));
#1353 = DIRECTION('',(-0.707106781187,-0.,0.707106781187));
#1354 = DEFINITIONAL_REPRESENTATION('',(#1355),#1359);
#1355 = LINE('',#1356,#1357);
#1356 = CARTESIAN_POINT('',(-30.87092754153,-1.));
#1357 = VECTOR('',#1358,1.);
#1358 = DIRECTION('',(1.,-0.));
#1359 = ( GEOMETRIC_REPRESENTATION_CONTEXT(2) 
PARAMETRIC_REPRESENTATION_CONTEXT() REPRESENTATION_CONTEXT('2D SPACE',''
  ) );
#1360 = ORIENTED_EDGE('',*,*,#1361,.T.);
#1361 = EDGE_CURVE('',#1334,#1249,#1362,.T.);
#1362 = SURFACE_CURVE('',#1363,(#1368,#1375),.PCURVE_S1.);
#1363 = CIRCLE('',#1364,3.6);
#1364 = AXIS2_PLACEMENT_3D('',#1365,#1366,#1367);
#1365 = CARTESIAN_POINT('',(10.5,0.,5.925));
#1366 = DIRECTION('',(0.,1.,0.));
#1367 = DIRECTION('',(0.707106781187,-0.,0.707106781187));
#1368 = PCURVE('',#100,#1369);
#1369 = DEFINITIONAL_REPRESENTATION('',(#1370),#1374);
#1370 = CIRCLE('',#1371,3.6);
#1371 = AXIS2_PLACEMENT_2D('',#1372,#1373);
#1372 = CARTESIAN_POINT('',(-5.925,72.8));
#1373 = DIRECTION('',(-0.707106781187,-0.707106781187));
#1374 = ( GEOMETRIC_REPRESENTATION_CONTEXT(2) 
PARAMETRIC_REPRESENTATION_CONTEXT() REPRESENTATION_CONTEXT('2D SPACE',''
  ) );
#1375 = PCURVE('',#1376,#1381);
#1376 = CYLINDRICAL_SURFACE('',#1377,3.6);
#1377 = AXIS2_PLACEMENT_3D('',#1378,#1379,#1380);
#1378 = CARTESIAN_POINT('',(10.5,-1.,5.925));
#1379 = DIRECTION('',(-0.,-1.,-0.));
#1380 = DIRECTION('',(0.707106781187,-0.,0.707106781187));
#1381 = DEFINITIONAL_REPRESENTATION('',(#1382),#1386);
#1382 = LINE('',#1383,#1384);
#1383 = CARTESIAN_POINT('',(-0.,-1.));
#1384 = VECTOR('',#1385,1.);
#1385 = DIRECTION('',(-1.,0.));
#1386 = ( GEOMETRIC_REPRESENTATION_CONTEXT(2) 
PARAMETRIC_REPRESENTATION_CONTEXT() REPRESENTATION_CONTEXT('2D SPACE',''
  ) );
#1387 = FACE_BOUND('',#1388,.T.);
#1388 = EDGE_LOOP('',(#1389,#1419,#1448,#1476,#1504));
#1389 = ORIENTED_EDGE('',*,*,#1390,.F.);
#1390 = EDGE_CURVE('',#1391,#1393,#1395,.T.);
#1391 = VERTEX_POINT('',#1392);
#1392 = CARTESIAN_POINT('',(7.,0.,18.2));
#1393 = VERTEX_POINT('',#1394);
#1394 = CARTESIAN_POINT('',(10.5,0.,18.2));
#1395 = SURFACE_CURVE('',#1396,(#1400,#1407),.PCURVE_S1.);
#1396 = LINE('',#1397,#1398);
#1397 = CARTESIAN_POINT('',(46.9,0.,18.2));
#1398 = VECTOR('',#1399,1.);
#1399 = DIRECTION('',(1.,-0.,-0.));
#1400 = PCURVE('',#100,#1401);
#1401 = DEFINITIONAL_REPRESENTATION('',(#1402),#1406);
#1402 = LINE('',#1403,#1404);
#1403 = CARTESIAN_POINT('',(-18.2,36.4));
#1404 = VECTOR('',#1405,1.);
#1405 = DIRECTION('',(-0.,-1.));
#1406 = ( GEOMETRIC_REPRESENTATION_CONTEXT(2) 
PARAMETRIC_REPRESENTATION_CONTEXT() REPRESENTATION_CONTEXT('2D SPACE',''
  ) );
#1407 = PCURVE('',#1408,#1413);
#1408 = PLANE('',#1409);
#1409 = AXIS2_PLACEMENT_3D('',#1410,#1411,#1412);
#1410 = CARTESIAN_POINT('',(10.5,-1.,18.2));
#1411 = DIRECTION('',(-0.,-0.,-1.));
#1412 = DIRECTION('',(1.,0.,0.));
#1413 = DEFINITIONAL_REPRESENTATION('',(#1414),#1418);
#1414 = LINE('',#1415,#1416);
#1415 = CARTESIAN_POINT('',(36.4,-1.));
#1416 = VECTOR('',#1417,1.);
#1417 = DIRECTION('',(1.,-0.));
#1418 = ( GEOMETRIC_REPRESENTATION_CONTEXT(2) 
PARAMETRIC_REPRESENTATION_CONTEXT() REPRESENTATION_CONTEXT('2D SPACE',''
  ) );
#1419 = ORIENTED_EDGE('',*,*,#1420,.T.);
#1420 = EDGE_CURVE('',#1391,#1421,#1423,.T.);
#1421 = VERTEX_POINT('',#1422);
#1422 = CARTESIAN_POINT('',(4.454415587728,0.,24.345584412272));
#1423 = SURFACE_CURVE('',#1424,(#1429,#1436),.PCURVE_S1.);
#1424 = CIRCLE('',#1425,3.6);
#1425 = AXIS2_PLACEMENT_3D('',#1426,#1427,#1428);
#1426 = CARTESIAN_POINT('',(7.,0.,21.8));
#1427 = DIRECTION('',(0.,1.,0.));
#1428 = DIRECTION('',(-0.,-0.,-1.));
#1429 = PCURVE('',#100,#1430);
#1430 = DEFINITIONAL_REPRESENTATION('',(#1431),#1435);
#1431 = CIRCLE('',#1432,3.6);
#1432 = AXIS2_PLACEMENT_2D('',#1433,#1434);
#1433 = CARTESIAN_POINT('',(-21.8,76.3));
#1434 = DIRECTION('',(1.,-0.));
#1435 = ( GEOMETRIC_REPRESENTATION_CONTEXT(2) 
PARAMETRIC_REPRESENTATION_CONTEXT() REPRESENTATION_CONTEXT('2D SPACE',''
  ) );
#1436 = PCURVE('',#1437,#1442);
#1437 = CYLINDRICAL_SURFACE('',#1438,3.6);
#1438 = AXIS2_PLACEMENT_3D('',#1439,#1440,#1441);
#1439 = CARTESIAN_POINT('',(7.,-1.,21.8));
#1440 = DIRECTION('',(-0.,-1.,-0.));
#1441 = DIRECTION('',(-0.,-0.,-1.));
#1442 = DEFINITIONAL_REPRESENTATION('',(#1443),#1447);
#1443 = LINE('',#1444,#1445);
#1444 = CARTESIAN_POINT('',(-0.,-1.));
#1445 = VECTOR('',#1446,1.);
#1446 = DIRECTION('',(-1.,0.));
#1447 = ( GEOMETRIC_REPRESENTATION_CONTEXT(2) 
PARAMETRIC_REPRESENTATION_CONTEXT() REPRESENTATION_CONTEXT('2D SPACE',''
  ) );
#1448 = ORIENTED_EDGE('',*,*,#1449,.F.);
#1449 = EDGE_CURVE('',#1450,#1421,#1452,.T.);
#1450 = VERTEX_POINT('',#1451);
#1451 = CARTESIAN_POINT('',(8.75,0.,28.641168824543));
#1452 = SURFACE_CURVE('',#1453,(#1457,#1464),.PCURVE_S1.);
#1453 = LINE('',#1454,#1455);
#1454 = CARTESIAN_POINT('',(18.079415587728,1.110223024625E-16,
    37.970584412272));
#1455 = VECTOR('',#1456,1.);
#1456 = DIRECTION('',(-0.707106781187,-0.,-0.707106781187));
#1457 = PCURVE('',#100,#1458);
#1458 = DEFINITIONAL_REPRESENTATION('',(#1459),#1463);
#1459 = LINE('',#1460,#1461);
#1460 = CARTESIAN_POINT('',(-37.97058441227,65.220584412272));
#1461 = VECTOR('',#1462,1.);
#1462 = DIRECTION('',(0.707106781187,0.707106781187));
#1463 = ( GEOMETRIC_REPRESENTATION_CONTEXT(2) 
PARAMETRIC_REPRESENTATION_CONTEXT() REPRESENTATION_CONTEXT('2D SPACE',''
  ) );
#1464 = PCURVE('',#1465,#1470);
#1465 = PLANE('',#1466);
#1466 = AXIS2_PLACEMENT_3D('',#1467,#1468,#1469);
#1467 = CARTESIAN_POINT('',(4.454415587728,-1.,24.345584412272));
#1468 = DIRECTION('',(-0.707106781187,-0.,0.707106781187));
#1469 = DIRECTION('',(-0.707106781187,0.,-0.707106781187));
#1470 = DEFINITIONAL_REPRESENTATION('',(#1471),#1475);
#1471 = LINE('',#1472,#1473);
#1472 = CARTESIAN_POINT('',(-19.26865978733,-1.));
#1473 = VECTOR('',#1474,1.);
#1474 = DIRECTION('',(1.,-0.));
#1475 = ( GEOMETRIC_REPRESENTATION_CONTEXT(2) 
PARAMETRIC_REPRESENTATION_CONTEXT() REPRESENTATION_CONTEXT('2D SPACE',''
  ) );
#1476 = ORIENTED_EDGE('',*,*,#1477,.F.);
#1477 = EDGE_CURVE('',#1478,#1450,#1480,.T.);
#1478 = VERTEX_POINT('',#1479);
#1479 = CARTESIAN_POINT('',(13.045584412272,0.,24.345584412272));
#1480 = SURFACE_CURVE('',#1481,(#1485,#1492),.PCURVE_S1.);
#1481 = LINE('',#1482,#1483);
#1482 = CARTESIAN_POINT('',(34.547792206136,0.,2.843376618407));
#1483 = VECTOR('',#1484,1.);
#1484 = DIRECTION('',(-0.707106781187,-0.,0.707106781187));
#1485 = PCURVE('',#100,#1486);
#1486 = DEFINITIONAL_REPRESENTATION('',(#1487),#1491);
#1487 = LINE('',#1488,#1489);
#1488 = CARTESIAN_POINT('',(-2.843376618407,48.752207793864));
#1489 = VECTOR('',#1490,1.);
#1490 = DIRECTION('',(-0.707106781187,0.707106781187));
#1491 = ( GEOMETRIC_REPRESENTATION_CONTEXT(2) 
PARAMETRIC_REPRESENTATION_CONTEXT() REPRESENTATION_CONTEXT('2D SPACE',''
  ) );
#1492 = PCURVE('',#1493,#1498);
#1493 = PLANE('',#1494);
#1494 = AXIS2_PLACEMENT_3D('',#1495,#1496,#1497);
#1495 = CARTESIAN_POINT('',(8.75,-1.,28.641168824543));
#1496 = DIRECTION('',(0.707106781187,-0.,0.707106781187));
#1497 = DIRECTION('',(-0.707106781187,-0.,0.707106781187));
#1498 = DEFINITIONAL_REPRESENTATION('',(#1499),#1503);
#1499 = LINE('',#1500,#1501);
#1500 = CARTESIAN_POINT('',(-36.4835876172,-1.));
#1501 = VECTOR('',#1502,1.);
#1502 = DIRECTION('',(1.,-0.));
#1503 = ( GEOMETRIC_REPRESENTATION_CONTEXT(2) 
PARAMETRIC_REPRESENTATION_CONTEXT() REPRESENTATION_CONTEXT('2D SPACE',''
  ) );
#1504 = ORIENTED_EDGE('',*,*,#1505,.T.);
#1505 = EDGE_CURVE('',#1478,#1393,#1506,.T.);
#1506 = SURFACE_CURVE('',#1507,(#1512,#1519),.PCURVE_S1.);
#1507 = CIRCLE('',#1508,3.6);
#1508 = AXIS2_PLACEMENT_3D('',#1509,#1510,#1511);
#1509 = CARTESIAN_POINT('',(10.5,0.,21.8));
#1510 = DIRECTION('',(0.,1.,0.));
#1511 = DIRECTION('',(0.707106781187,-0.,0.707106781187));
#1512 = PCURVE('',#100,#1513);
#1513 = DEFINITIONAL_REPRESENTATION('',(#1514),#1518);
#1514 = CIRCLE('',#1515,3.6);
#1515 = AXIS2_PLACEMENT_2D('',#1516,#1517);
#1516 = CARTESIAN_POINT('',(-21.8,72.8));
#1517 = DIRECTION('',(-0.707106781187,-0.707106781187));
#1518 = ( GEOMETRIC_REPRESENTATION_CONTEXT(2) 
PARAMETRIC_REPRESENTATION_CONTEXT() REPRESENTATION_CONTEXT('2D SPACE',''
  ) );
#1519 = PCURVE('',#1520,#1525);
#1520 = CYLINDRICAL_SURFACE('',#1521,3.6);
#1521 = AXIS2_PLACEMENT_3D('',#1522,#1523,#1524);
#1522 = CARTESIAN_POINT('',(10.5,-1.,21.8));
#1523 = DIRECTION('',(-0.,-1.,-0.));
#1524 = DIRECTION('',(0.707106781187,-0.,0.707106781187));
#1525 = DEFINITIONAL_REPRESENTATION('',(#1526),#1530);
#1526 = LINE('',#1527,#1528);
#1527 = CARTESIAN_POINT('',(-0.,-1.));
#1528 = VECTOR('',#1529,1.);
#1529 = DIRECTION('',(-1.,0.));
#1530 = ( GEOMETRIC_REPRESENTATION_CONTEXT(2) 
PARAMETRIC_REPRESENTATION_CONTEXT() REPRESENTATION_CONTEXT('2D SPACE',''
  ) );
#1531 = ADVANCED_FACE('',(#1532),#158,.T.);
#1532 = FACE_BOUND('',#1533,.T.);
#1533 = EDGE_LOOP('',(#1534,#1562,#1563,#1564));
#1534 = ORIENTED_EDGE('',*,*,#1535,.T.);
#1535 = EDGE_CURVE('',#1536,#143,#1538,.T.);
#1536 = VERTEX_POINT('',#1537);
#1537 = CARTESIAN_POINT('',(86.,3.5,7.105427357601E-15));
#1538 = SURFACE_CURVE('',#1539,(#1543,#1550),.PCURVE_S1.);
#1539 = LINE('',#1540,#1541);
#1540 = CARTESIAN_POINT('',(86.2,3.3,0.2));
#1541 = VECTOR('',#1542,1.);
#1542 = DIRECTION('',(0.57735026919,-0.57735026919,0.57735026919));
#1543 = PCURVE('',#158,#1544);
#1544 = DEFINITIONAL_REPRESENTATION('',(#1545),#1549);
#1545 = LINE('',#1546,#1547);
#1546 = CARTESIAN_POINT('',(0.1,-7.071067811866E-02));
#1547 = VECTOR('',#1548,1.);
#1548 = DIRECTION('',(-0.57735026919,-0.816496580928));
#1549 = ( GEOMETRIC_REPRESENTATION_CONTEXT(2) 
PARAMETRIC_REPRESENTATION_CONTEXT() REPRESENTATION_CONTEXT('2D SPACE',''
  ) );
#1550 = PCURVE('',#1551,#1556);
#1551 = PLANE('',#1552);
#1552 = AXIS2_PLACEMENT_3D('',#1553,#1554,#1555);
#1553 = CARTESIAN_POINT('',(86.15,3.2,0.15));
#1554 = DIRECTION('',(0.707106781187,3.472568050348E-18,-0.707106781187)
  );
#1555 = DIRECTION('',(-2.387045510182E-18,1.,2.523907322883E-18));
#1556 = DEFINITIONAL_REPRESENTATION('',(#1557),#1561);
#1557 = LINE('',#1558,#1559);
#1558 = CARTESIAN_POINT('',(1.E-01,7.071067811865E-02));
#1559 = VECTOR('',#1560,1.);
#1560 = DIRECTION('',(-0.57735026919,0.816496580928));
#1561 = ( GEOMETRIC_REPRESENTATION_CONTEXT(2) 
PARAMETRIC_REPRESENTATION_CONTEXT() REPRESENTATION_CONTEXT('2D SPACE',''
  ) );
#1562 = ORIENTED_EDGE('',*,*,#142,.T.);
#1563 = ORIENTED_EDGE('',*,*,#251,.T.);
#1564 = ORIENTED_EDGE('',*,*,#1565,.F.);
#1565 = EDGE_CURVE('',#1536,#252,#1566,.T.);
#1566 = SURFACE_CURVE('',#1567,(#1571,#1578),.PCURVE_S1.);
#1567 = LINE('',#1568,#1569);
#1568 = CARTESIAN_POINT('',(86.3,3.5,0.));
#1569 = VECTOR('',#1570,1.);
#1570 = DIRECTION('',(-1.,-0.,0.));
#1571 = PCURVE('',#158,#1572);
#1572 = DEFINITIONAL_REPRESENTATION('',(#1573),#1577);
#1573 = LINE('',#1574,#1575);
#1574 = CARTESIAN_POINT('',(0.,0.212132034356));
#1575 = VECTOR('',#1576,1.);
#1576 = DIRECTION('',(1.,0.));
#1577 = ( GEOMETRIC_REPRESENTATION_CONTEXT(2) 
PARAMETRIC_REPRESENTATION_CONTEXT() REPRESENTATION_CONTEXT('2D SPACE',''
  ) );
#1578 = PCURVE('',#288,#1579);
#1579 = DEFINITIONAL_REPRESENTATION('',(#1580),#1584);
#1580 = LINE('',#1581,#1582);
#1581 = CARTESIAN_POINT('',(3.,3.5));
#1582 = VECTOR('',#1583,1.);
#1583 = DIRECTION('',(-1.,0.));
#1584 = ( GEOMETRIC_REPRESENTATION_CONTEXT(2) 
PARAMETRIC_REPRESENTATION_CONTEXT() REPRESENTATION_CONTEXT('2D SPACE',''
  ) );
#1585 = ADVANCED_FACE('',(#1586,#1935,#2079,#2223,#2310),#186,.F.);
#1586 = FACE_BOUND('',#1587,.T.);
#1587 = EDGE_LOOP('',(#1588,#1589,#1612,#1633,#1634,#1657,#1686,#1714,
    #1742,#1771,#1799,#1828,#1856,#1884,#1913,#1934));
#1588 = ORIENTED_EDGE('',*,*,#170,.F.);
#1589 = ORIENTED_EDGE('',*,*,#1590,.T.);
#1590 = EDGE_CURVE('',#143,#1591,#1593,.T.);
#1591 = VERTEX_POINT('',#1592);
#1592 = CARTESIAN_POINT('',(86.3,206.,0.3));
#1593 = SURFACE_CURVE('',#1594,(#1598,#1605),.PCURVE_S1.);
#1594 = LINE('',#1595,#1596);
#1595 = CARTESIAN_POINT('',(86.3,3.2,0.3));
#1596 = VECTOR('',#1597,1.);
#1597 = DIRECTION('',(-0.,1.,1.368618127003E-19));
#1598 = PCURVE('',#186,#1599);
#1599 = DEFINITIONAL_REPRESENTATION('',(#1600),#1604);
#1600 = LINE('',#1601,#1602);
#1601 = CARTESIAN_POINT('',(-0.3,0.));
#1602 = VECTOR('',#1603,1.);
#1603 = DIRECTION('',(-1.368618127003E-19,-1.));
#1604 = ( GEOMETRIC_REPRESENTATION_CONTEXT(2) 
PARAMETRIC_REPRESENTATION_CONTEXT() REPRESENTATION_CONTEXT('2D SPACE',''
  ) );
#1605 = PCURVE('',#1551,#1606);
#1606 = DEFINITIONAL_REPRESENTATION('',(#1607),#1611);
#1607 = LINE('',#1608,#1609);
#1608 = CARTESIAN_POINT('',(0.,0.212132034356));
#1609 = VECTOR('',#1610,1.);
#1610 = DIRECTION('',(1.,0.));
#1611 = ( GEOMETRIC_REPRESENTATION_CONTEXT(2) 
PARAMETRIC_REPRESENTATION_CONTEXT() REPRESENTATION_CONTEXT('2D SPACE',''
  ) );
#1612 = ORIENTED_EDGE('',*,*,#1613,.T.);
#1613 = EDGE_CURVE('',#1591,#412,#1614,.T.);
#1614 = SURFACE_CURVE('',#1615,(#1619,#1626),.PCURVE_S1.);
#1615 = LINE('',#1616,#1617);
#1616 = CARTESIAN_POINT('',(86.3,206.,2.775557561563E-17));
#1617 = VECTOR('',#1618,1.);
#1618 = DIRECTION('',(-0.,-0.,1.));
#1619 = PCURVE('',#186,#1620);
#1620 = DEFINITIONAL_REPRESENTATION('',(#1621),#1625);
#1621 = LINE('',#1622,#1623);
#1622 = CARTESIAN_POINT('',(-2.775557561563E-17,-202.8));
#1623 = VECTOR('',#1624,1.);
#1624 = DIRECTION('',(-1.,-0.));
#1625 = ( GEOMETRIC_REPRESENTATION_CONTEXT(2) 
PARAMETRIC_REPRESENTATION_CONTEXT() REPRESENTATION_CONTEXT('2D SPACE',''
  ) );
#1626 = PCURVE('',#427,#1627);
#1627 = DEFINITIONAL_REPRESENTATION('',(#1628),#1632);
#1628 = LINE('',#1629,#1630);
#1629 = CARTESIAN_POINT('',(-2.775557561563E-17,-61.));
#1630 = VECTOR('',#1631,1.);
#1631 = DIRECTION('',(-1.,0.));
#1632 = ( GEOMETRIC_REPRESENTATION_CONTEXT(2) 
PARAMETRIC_REPRESENTATION_CONTEXT() REPRESENTATION_CONTEXT('2D SPACE',''
  ) );
#1633 = ORIENTED_EDGE('',*,*,#439,.F.);
#1634 = ORIENTED_EDGE('',*,*,#1635,.F.);
#1635 = EDGE_CURVE('',#1636,#440,#1638,.T.);
#1636 = VERTEX_POINT('',#1637);
#1637 = CARTESIAN_POINT('',(86.3,174.2,7.748912529314));
#1638 = SURFACE_CURVE('',#1639,(#1643,#1650),.PCURVE_S1.);
#1639 = LINE('',#1640,#1641);
#1640 = CARTESIAN_POINT('',(86.3,174.2,2.85));
#1641 = VECTOR('',#1642,1.);
#1642 = DIRECTION('',(-0.,-0.,1.));
#1643 = PCURVE('',#186,#1644);
#1644 = DEFINITIONAL_REPRESENTATION('',(#1645),#1649);
#1645 = LINE('',#1646,#1647);
#1646 = CARTESIAN_POINT('',(-2.85,-171.));
#1647 = VECTOR('',#1648,1.);
#1648 = DIRECTION('',(-1.,-0.));
#1649 = ( GEOMETRIC_REPRESENTATION_CONTEXT(2) 
PARAMETRIC_REPRESENTATION_CONTEXT() REPRESENTATION_CONTEXT('2D SPACE',''
  ) );
#1650 = PCURVE('',#478,#1651);
#1651 = DEFINITIONAL_REPRESENTATION('',(#1652),#1656);
#1652 = LINE('',#1653,#1654);
#1653 = CARTESIAN_POINT('',(2.85,1.));
#1654 = VECTOR('',#1655,1.);
#1655 = DIRECTION('',(-1.,0.));
#1656 = ( GEOMETRIC_REPRESENTATION_CONTEXT(2) 
PARAMETRIC_REPRESENTATION_CONTEXT() REPRESENTATION_CONTEXT('2D SPACE',''
  ) );
#1657 = ORIENTED_EDGE('',*,*,#1658,.T.);
#1658 = EDGE_CURVE('',#1636,#1659,#1661,.T.);
#1659 = VERTEX_POINT('',#1660);
#1660 = CARTESIAN_POINT('',(86.3,174.99583694396,9.004163056034));
#1661 = SURFACE_CURVE('',#1662,(#1667,#1674),.PCURVE_S1.);
#1662 = CIRCLE('',#1663,3.4);
#1663 = AXIS2_PLACEMENT_3D('',#1664,#1665,#1666);
#1664 = CARTESIAN_POINT('',(86.3,177.4,6.6));
#1665 = DIRECTION('',(-1.,0.,0.));
#1666 = DIRECTION('',(-0.,-8.35932630306E-15,-1.));
#1667 = PCURVE('',#186,#1668);
#1668 = DEFINITIONAL_REPRESENTATION('',(#1669),#1673);
#1669 = CIRCLE('',#1670,3.4);
#1670 = AXIS2_PLACEMENT_2D('',#1671,#1672);
#1671 = CARTESIAN_POINT('',(-6.6,-174.2));
#1672 = DIRECTION('',(1.,8.35932630306E-15));
#1673 = ( GEOMETRIC_REPRESENTATION_CONTEXT(2) 
PARAMETRIC_REPRESENTATION_CONTEXT() REPRESENTATION_CONTEXT('2D SPACE',''
  ) );
#1674 = PCURVE('',#1675,#1680);
#1675 = CYLINDRICAL_SURFACE('',#1676,3.4);
#1676 = AXIS2_PLACEMENT_3D('',#1677,#1678,#1679);
#1677 = CARTESIAN_POINT('',(87.3,177.4,6.6));
#1678 = DIRECTION('',(1.,-0.,-0.));
#1679 = DIRECTION('',(-0.,-8.35932630306E-15,-1.));
#1680 = DEFINITIONAL_REPRESENTATION('',(#1681),#1685);
#1681 = LINE('',#1682,#1683);
#1682 = CARTESIAN_POINT('',(6.28318530718,-1.));
#1683 = VECTOR('',#1684,1.);
#1684 = DIRECTION('',(-1.,0.));
#1685 = ( GEOMETRIC_REPRESENTATION_CONTEXT(2) 
PARAMETRIC_REPRESENTATION_CONTEXT() REPRESENTATION_CONTEXT('2D SPACE',''
  ) );
#1686 = ORIENTED_EDGE('',*,*,#1687,.T.);
#1687 = EDGE_CURVE('',#1659,#1688,#1690,.T.);
#1688 = VERTEX_POINT('',#1689);
#1689 = CARTESIAN_POINT('',(86.3,177.4,11.408326112069));
#1690 = SURFACE_CURVE('',#1691,(#1695,#1702),.PCURVE_S1.);
#1691 = LINE('',#1692,#1693);
#1692 = CARTESIAN_POINT('',(86.3,130.99791847198,-34.99375541594));
#1693 = VECTOR('',#1694,1.);
#1694 = DIRECTION('',(-0.,0.707106781187,0.707106781187));
#1695 = PCURVE('',#186,#1696);
#1696 = DEFINITIONAL_REPRESENTATION('',(#1697),#1701);
#1697 = LINE('',#1698,#1699);
#1698 = CARTESIAN_POINT('',(34.993755415949,-127.7979184719));
#1699 = VECTOR('',#1700,1.);
#1700 = DIRECTION('',(-0.707106781187,-0.707106781187));
#1701 = ( GEOMETRIC_REPRESENTATION_CONTEXT(2) 
PARAMETRIC_REPRESENTATION_CONTEXT() REPRESENTATION_CONTEXT('2D SPACE',''
  ) );
#1702 = PCURVE('',#1703,#1708);
#1703 = PLANE('',#1704);
#1704 = AXIS2_PLACEMENT_3D('',#1705,#1706,#1707);
#1705 = CARTESIAN_POINT('',(87.3,177.4,11.408326112069));
#1706 = DIRECTION('',(-0.,0.707106781187,-0.707106781187));
#1707 = DIRECTION('',(0.,0.707106781187,0.707106781187));
#1708 = DEFINITIONAL_REPRESENTATION('',(#1709),#1713);
#1709 = LINE('',#1710,#1711);
#1710 = CARTESIAN_POINT('',(-65.62245301926,-1.));
#1711 = VECTOR('',#1712,1.);
#1712 = DIRECTION('',(1.,-0.));
#1713 = ( GEOMETRIC_REPRESENTATION_CONTEXT(2) 
PARAMETRIC_REPRESENTATION_CONTEXT() REPRESENTATION_CONTEXT('2D SPACE',''
  ) );
#1714 = ORIENTED_EDGE('',*,*,#1715,.T.);
#1715 = EDGE_CURVE('',#1688,#1716,#1718,.T.);
#1716 = VERTEX_POINT('',#1717);
#1717 = CARTESIAN_POINT('',(86.3,179.80416305603,9.004163056034));
#1718 = SURFACE_CURVE('',#1719,(#1723,#1730),.PCURVE_S1.);
#1719 = LINE('',#1720,#1721);
#1720 = CARTESIAN_POINT('',(86.3,137.90416305603,50.904163056034));
#1721 = VECTOR('',#1722,1.);
#1722 = DIRECTION('',(-0.,0.707106781187,-0.707106781187));
#1723 = PCURVE('',#186,#1724);
#1724 = DEFINITIONAL_REPRESENTATION('',(#1725),#1729);
#1725 = LINE('',#1726,#1727);
#1726 = CARTESIAN_POINT('',(-50.90416305603,-134.704163056));
#1727 = VECTOR('',#1728,1.);
#1728 = DIRECTION('',(0.707106781187,-0.707106781187));
#1729 = ( GEOMETRIC_REPRESENTATION_CONTEXT(2) 
PARAMETRIC_REPRESENTATION_CONTEXT() REPRESENTATION_CONTEXT('2D SPACE',''
  ) );
#1730 = PCURVE('',#1731,#1736);
#1731 = PLANE('',#1732);
#1732 = AXIS2_PLACEMENT_3D('',#1733,#1734,#1735);
#1733 = CARTESIAN_POINT('',(87.3,179.80416305603,9.004163056034));
#1734 = DIRECTION('',(-0.,-0.707106781187,-0.707106781187));
#1735 = DIRECTION('',(0.,0.707106781187,-0.707106781187));
#1736 = DEFINITIONAL_REPRESENTATION('',(#1737),#1741);
#1737 = LINE('',#1738,#1739);
#1738 = CARTESIAN_POINT('',(-59.25554826343,-1.));
#1739 = VECTOR('',#1740,1.);
#1740 = DIRECTION('',(1.,-0.));
#1741 = ( GEOMETRIC_REPRESENTATION_CONTEXT(2) 
PARAMETRIC_REPRESENTATION_CONTEXT() REPRESENTATION_CONTEXT('2D SPACE',''
  ) );
#1742 = ORIENTED_EDGE('',*,*,#1743,.T.);
#1743 = EDGE_CURVE('',#1716,#1744,#1746,.T.);
#1744 = VERTEX_POINT('',#1745);
#1745 = CARTESIAN_POINT('',(86.3,174.12128073784,5.7));
#1746 = SURFACE_CURVE('',#1747,(#1752,#1759),.PCURVE_S1.);
#1747 = CIRCLE('',#1748,3.4);
#1748 = AXIS2_PLACEMENT_3D('',#1749,#1750,#1751);
#1749 = CARTESIAN_POINT('',(86.3,177.4,6.6));
#1750 = DIRECTION('',(-1.,0.,0.));
#1751 = DIRECTION('',(-0.,-8.35932630306E-15,-1.));
#1752 = PCURVE('',#186,#1753);
#1753 = DEFINITIONAL_REPRESENTATION('',(#1754),#1758);
#1754 = CIRCLE('',#1755,3.4);
#1755 = AXIS2_PLACEMENT_2D('',#1756,#1757);
#1756 = CARTESIAN_POINT('',(-6.6,-174.2));
#1757 = DIRECTION('',(1.,8.35932630306E-15));
#1758 = ( GEOMETRIC_REPRESENTATION_CONTEXT(2) 
PARAMETRIC_REPRESENTATION_CONTEXT() REPRESENTATION_CONTEXT('2D SPACE',''
  ) );
#1759 = PCURVE('',#1760,#1765);
#1760 = CYLINDRICAL_SURFACE('',#1761,3.4);
#1761 = AXIS2_PLACEMENT_3D('',#1762,#1763,#1764);
#1762 = CARTESIAN_POINT('',(87.3,177.4,6.6));
#1763 = DIRECTION('',(1.,-0.,-0.));
#1764 = DIRECTION('',(-0.,-8.35932630306E-15,-1.));
#1765 = DEFINITIONAL_REPRESENTATION('',(#1766),#1770);
#1766 = LINE('',#1767,#1768);
#1767 = CARTESIAN_POINT('',(6.28318530718,-1.));
#1768 = VECTOR('',#1769,1.);
#1769 = DIRECTION('',(-1.,0.));
#1770 = ( GEOMETRIC_REPRESENTATION_CONTEXT(2) 
PARAMETRIC_REPRESENTATION_CONTEXT() REPRESENTATION_CONTEXT('2D SPACE',''
  ) );
#1771 = ORIENTED_EDGE('',*,*,#1772,.T.);
#1772 = EDGE_CURVE('',#1744,#1773,#1775,.T.);
#1773 = VERTEX_POINT('',#1774);
#1774 = CARTESIAN_POINT('',(86.3,35.878719262151,5.7));
#1775 = SURFACE_CURVE('',#1776,(#1780,#1787),.PCURVE_S1.);
#1776 = LINE('',#1777,#1778);
#1777 = CARTESIAN_POINT('',(86.3,19.5,5.7));
#1778 = VECTOR('',#1779,1.);
#1779 = DIRECTION('',(-0.,-1.,-0.));
#1780 = PCURVE('',#186,#1781);
#1781 = DEFINITIONAL_REPRESENTATION('',(#1782),#1786);
#1782 = LINE('',#1783,#1784);
#1783 = CARTESIAN_POINT('',(-5.7,-16.3));
#1784 = VECTOR('',#1785,1.);
#1785 = DIRECTION('',(-0.,1.));
#1786 = ( GEOMETRIC_REPRESENTATION_CONTEXT(2) 
PARAMETRIC_REPRESENTATION_CONTEXT() REPRESENTATION_CONTEXT('2D SPACE',''
  ) );
#1787 = PCURVE('',#1788,#1793);
#1788 = PLANE('',#1789);
#1789 = AXIS2_PLACEMENT_3D('',#1790,#1791,#1792);
#1790 = CARTESIAN_POINT('',(87.3,35.8,5.7));
#1791 = DIRECTION('',(-0.,-0.,1.));
#1792 = DIRECTION('',(1.,0.,0.));
#1793 = DEFINITIONAL_REPRESENTATION('',(#1794),#1798);
#1794 = LINE('',#1795,#1796);
#1795 = CARTESIAN_POINT('',(-1.,-16.3));
#1796 = VECTOR('',#1797,1.);
#1797 = DIRECTION('',(-0.,-1.));
#1798 = ( GEOMETRIC_REPRESENTATION_CONTEXT(2) 
PARAMETRIC_REPRESENTATION_CONTEXT() REPRESENTATION_CONTEXT('2D SPACE',''
  ) );
#1799 = ORIENTED_EDGE('',*,*,#1800,.T.);
#1800 = EDGE_CURVE('',#1773,#1801,#1803,.T.);
#1801 = VERTEX_POINT('',#1802);
#1802 = CARTESIAN_POINT('',(86.3,30.195836943966,9.004163056034));
#1803 = SURFACE_CURVE('',#1804,(#1809,#1816),.PCURVE_S1.);
#1804 = CIRCLE('',#1805,3.4);
#1805 = AXIS2_PLACEMENT_3D('',#1806,#1807,#1808);
#1806 = CARTESIAN_POINT('',(86.3,32.6,6.6));
#1807 = DIRECTION('',(-1.,0.,0.));
#1808 = DIRECTION('',(-0.,2.089831575765E-15,-1.));
#1809 = PCURVE('',#186,#1810);
#1810 = DEFINITIONAL_REPRESENTATION('',(#1811),#1815);
#1811 = CIRCLE('',#1812,3.4);
#1812 = AXIS2_PLACEMENT_2D('',#1813,#1814);
#1813 = CARTESIAN_POINT('',(-6.6,-29.4));
#1814 = DIRECTION('',(1.,-2.089831575765E-15));
#1815 = ( GEOMETRIC_REPRESENTATION_CONTEXT(2) 
PARAMETRIC_REPRESENTATION_CONTEXT() REPRESENTATION_CONTEXT('2D SPACE',''
  ) );
#1816 = PCURVE('',#1817,#1822);
#1817 = CYLINDRICAL_SURFACE('',#1818,3.4);
#1818 = AXIS2_PLACEMENT_3D('',#1819,#1820,#1821);
#1819 = CARTESIAN_POINT('',(87.3,32.6,6.6));
#1820 = DIRECTION('',(1.,-0.,0.));
#1821 = DIRECTION('',(-0.,2.089831575765E-15,-1.));
#1822 = DEFINITIONAL_REPRESENTATION('',(#1823),#1827);
#1823 = LINE('',#1824,#1825);
#1824 = CARTESIAN_POINT('',(12.566370614359,-1.));
#1825 = VECTOR('',#1826,1.);
#1826 = DIRECTION('',(-1.,0.));
#1827 = ( GEOMETRIC_REPRESENTATION_CONTEXT(2) 
PARAMETRIC_REPRESENTATION_CONTEXT() REPRESENTATION_CONTEXT('2D SPACE',''
  ) );
#1828 = ORIENTED_EDGE('',*,*,#1829,.T.);
#1829 = EDGE_CURVE('',#1801,#1830,#1832,.T.);
#1830 = VERTEX_POINT('',#1831);
#1831 = CARTESIAN_POINT('',(86.3,32.6,11.408326112069));
#1832 = SURFACE_CURVE('',#1833,(#1837,#1844),.PCURVE_S1.);
#1833 = LINE('',#1834,#1835);
#1834 = CARTESIAN_POINT('',(86.3,22.397918471983,1.206244584051));
#1835 = VECTOR('',#1836,1.);
#1836 = DIRECTION('',(-0.,0.707106781187,0.707106781187));
#1837 = PCURVE('',#186,#1838);
#1838 = DEFINITIONAL_REPRESENTATION('',(#1839),#1843);
#1839 = LINE('',#1840,#1841);
#1840 = CARTESIAN_POINT('',(-1.206244584051,-19.19791847198));
#1841 = VECTOR('',#1842,1.);
#1842 = DIRECTION('',(-0.707106781187,-0.707106781187));
#1843 = ( GEOMETRIC_REPRESENTATION_CONTEXT(2) 
PARAMETRIC_REPRESENTATION_CONTEXT() REPRESENTATION_CONTEXT('2D SPACE',''
  ) );
#1844 = PCURVE('',#1845,#1850);
#1845 = PLANE('',#1846);
#1846 = AXIS2_PLACEMENT_3D('',#1847,#1848,#1849);
#1847 = CARTESIAN_POINT('',(87.3,32.6,11.408326112069));
#1848 = DIRECTION('',(-0.,0.707106781187,-0.707106781187));
#1849 = DIRECTION('',(0.,0.707106781187,0.707106781187));
#1850 = DEFINITIONAL_REPRESENTATION('',(#1851),#1855);
#1851 = LINE('',#1852,#1853);
#1852 = CARTESIAN_POINT('',(-14.42792206135,-1.));
#1853 = VECTOR('',#1854,1.);
#1854 = DIRECTION('',(1.,-0.));
#1855 = ( GEOMETRIC_REPRESENTATION_CONTEXT(2) 
PARAMETRIC_REPRESENTATION_CONTEXT() REPRESENTATION_CONTEXT('2D SPACE',''
  ) );
#1856 = ORIENTED_EDGE('',*,*,#1857,.T.);
#1857 = EDGE_CURVE('',#1830,#1858,#1860,.T.);
#1858 = VERTEX_POINT('',#1859);
#1859 = CARTESIAN_POINT('',(86.3,35.004163056034,9.004163056034));
#1860 = SURFACE_CURVE('',#1861,(#1865,#1872),.PCURVE_S1.);
#1861 = LINE('',#1862,#1863);
#1862 = CARTESIAN_POINT('',(86.3,29.304163056034,14.704163056034));
#1863 = VECTOR('',#1864,1.);
#1864 = DIRECTION('',(-0.,0.707106781187,-0.707106781187));
#1865 = PCURVE('',#186,#1866);
#1866 = DEFINITIONAL_REPRESENTATION('',(#1867),#1871);
#1867 = LINE('',#1868,#1869);
#1868 = CARTESIAN_POINT('',(-14.70416305603,-26.10416305603));
#1869 = VECTOR('',#1870,1.);
#1870 = DIRECTION('',(0.707106781187,-0.707106781187));
#1871 = ( GEOMETRIC_REPRESENTATION_CONTEXT(2) 
PARAMETRIC_REPRESENTATION_CONTEXT() REPRESENTATION_CONTEXT('2D SPACE',''
  ) );
#1872 = PCURVE('',#1873,#1878);
#1873 = PLANE('',#1874);
#1874 = AXIS2_PLACEMENT_3D('',#1875,#1876,#1877);
#1875 = CARTESIAN_POINT('',(87.3,35.004163056034,9.004163056034));
#1876 = DIRECTION('',(-0.,-0.707106781187,-0.707106781187));
#1877 = DIRECTION('',(0.,0.707106781187,-0.707106781187));
#1878 = DEFINITIONAL_REPRESENTATION('',(#1879),#1883);
#1879 = LINE('',#1880,#1881);
#1880 = CARTESIAN_POINT('',(-8.061017305527,-1.));
#1881 = VECTOR('',#1882,1.);
#1882 = DIRECTION('',(1.,-0.));
#1883 = ( GEOMETRIC_REPRESENTATION_CONTEXT(2) 
PARAMETRIC_REPRESENTATION_CONTEXT() REPRESENTATION_CONTEXT('2D SPACE',''
  ) );
#1884 = ORIENTED_EDGE('',*,*,#1885,.T.);
#1885 = EDGE_CURVE('',#1858,#1886,#1888,.T.);
#1886 = VERTEX_POINT('',#1887);
#1887 = CARTESIAN_POINT('',(86.3,35.8,7.748912529308));
#1888 = SURFACE_CURVE('',#1889,(#1894,#1901),.PCURVE_S1.);
#1889 = CIRCLE('',#1890,3.4);
#1890 = AXIS2_PLACEMENT_3D('',#1891,#1892,#1893);
#1891 = CARTESIAN_POINT('',(86.3,32.6,6.6));
#1892 = DIRECTION('',(-1.,0.,0.));
#1893 = DIRECTION('',(-0.,2.089831575765E-15,-1.));
#1894 = PCURVE('',#186,#1895);
#1895 = DEFINITIONAL_REPRESENTATION('',(#1896),#1900);
#1896 = CIRCLE('',#1897,3.4);
#1897 = AXIS2_PLACEMENT_2D('',#1898,#1899);
#1898 = CARTESIAN_POINT('',(-6.6,-29.4));
#1899 = DIRECTION('',(1.,-2.089831575765E-15));
#1900 = ( GEOMETRIC_REPRESENTATION_CONTEXT(2) 
PARAMETRIC_REPRESENTATION_CONTEXT() REPRESENTATION_CONTEXT('2D SPACE',''
  ) );
#1901 = PCURVE('',#1902,#1907);
#1902 = CYLINDRICAL_SURFACE('',#1903,3.4);
#1903 = AXIS2_PLACEMENT_3D('',#1904,#1905,#1906);
#1904 = CARTESIAN_POINT('',(87.3,32.6,6.6));
#1905 = DIRECTION('',(1.,-0.,0.));
#1906 = DIRECTION('',(-0.,2.089831575765E-15,-1.));
#1907 = DEFINITIONAL_REPRESENTATION('',(#1908),#1912);
#1908 = LINE('',#1909,#1910);
#1909 = CARTESIAN_POINT('',(12.566370614359,-1.));
#1910 = VECTOR('',#1911,1.);
#1911 = DIRECTION('',(-1.,0.));
#1912 = ( GEOMETRIC_REPRESENTATION_CONTEXT(2) 
PARAMETRIC_REPRESENTATION_CONTEXT() REPRESENTATION_CONTEXT('2D SPACE',''
  ) );
#1913 = ORIENTED_EDGE('',*,*,#1914,.T.);
#1914 = EDGE_CURVE('',#1886,#730,#1915,.T.);
#1915 = SURFACE_CURVE('',#1916,(#1920,#1927),.PCURVE_S1.);
#1916 = LINE('',#1917,#1918);
#1917 = CARTESIAN_POINT('',(86.3,35.8,2.85));
#1918 = VECTOR('',#1919,1.);
#1919 = DIRECTION('',(-0.,-0.,1.));
#1920 = PCURVE('',#186,#1921);
#1921 = DEFINITIONAL_REPRESENTATION('',(#1922),#1926);
#1922 = LINE('',#1923,#1924);
#1923 = CARTESIAN_POINT('',(-2.85,-32.6));
#1924 = VECTOR('',#1925,1.);
#1925 = DIRECTION('',(-1.,-0.));
#1926 = ( GEOMETRIC_REPRESENTATION_CONTEXT(2) 
PARAMETRIC_REPRESENTATION_CONTEXT() REPRESENTATION_CONTEXT('2D SPACE',''
  ) );
#1927 = PCURVE('',#745,#1928);
#1928 = DEFINITIONAL_REPRESENTATION('',(#1929),#1933);
#1929 = LINE('',#1930,#1931);
#1930 = CARTESIAN_POINT('',(2.85,1.));
#1931 = VECTOR('',#1932,1.);
#1932 = DIRECTION('',(-1.,0.));
#1933 = ( GEOMETRIC_REPRESENTATION_CONTEXT(2) 
PARAMETRIC_REPRESENTATION_CONTEXT() REPRESENTATION_CONTEXT('2D SPACE',''
  ) );
#1934 = ORIENTED_EDGE('',*,*,#757,.T.);
#1935 = FACE_BOUND('',#1936,.T.);
#1936 = EDGE_LOOP('',(#1937,#1968,#1996,#2025,#2053));
#1937 = ORIENTED_EDGE('',*,*,#1938,.T.);
#1938 = EDGE_CURVE('',#1939,#1941,#1943,.T.);
#1939 = VERTEX_POINT('',#1940);
#1940 = CARTESIAN_POINT('',(86.3,194.98492424049,10.784924240492));
#1941 = VERTEX_POINT('',#1942);
#1942 = CARTESIAN_POINT('',(86.3,193.5,7.2));
#1943 = SURFACE_CURVE('',#1944,(#1949,#1956),.PCURVE_S1.);
#1944 = CIRCLE('',#1945,2.1);
#1945 = AXIS2_PLACEMENT_3D('',#1946,#1947,#1948);
#1946 = CARTESIAN_POINT('',(86.3,193.5,9.3));
#1947 = DIRECTION('',(-1.,0.,0.));
#1948 = DIRECTION('',(-0.,-0.,-1.));
#1949 = PCURVE('',#186,#1950);
#1950 = DEFINITIONAL_REPRESENTATION('',(#1951),#1955);
#1951 = CIRCLE('',#1952,2.1);
#1952 = AXIS2_PLACEMENT_2D('',#1953,#1954);
#1953 = CARTESIAN_POINT('',(-9.3,-190.3));
#1954 = DIRECTION('',(1.,-0.));
#1955 = ( GEOMETRIC_REPRESENTATION_CONTEXT(2) 
PARAMETRIC_REPRESENTATION_CONTEXT() REPRESENTATION_CONTEXT('2D SPACE',''
  ) );
#1956 = PCURVE('',#1957,#1962);
#1957 = CYLINDRICAL_SURFACE('',#1958,2.1);
#1958 = AXIS2_PLACEMENT_3D('',#1959,#1960,#1961);
#1959 = CARTESIAN_POINT('',(87.3,193.5,9.3));
#1960 = DIRECTION('',(1.,-0.,-0.));
#1961 = DIRECTION('',(-0.,-0.,-1.));
#1962 = DEFINITIONAL_REPRESENTATION('',(#1963),#1967);
#1963 = LINE('',#1964,#1965);
#1964 = CARTESIAN_POINT('',(6.28318530718,-1.));
#1965 = VECTOR('',#1966,1.);
#1966 = DIRECTION('',(-1.,0.));
#1967 = ( GEOMETRIC_REPRESENTATION_CONTEXT(2) 
PARAMETRIC_REPRESENTATION_CONTEXT() REPRESENTATION_CONTEXT('2D SPACE',''
  ) );
#1968 = ORIENTED_EDGE('',*,*,#1969,.T.);
#1969 = EDGE_CURVE('',#1941,#1970,#1972,.T.);
#1970 = VERTEX_POINT('',#1971);
#1971 = CARTESIAN_POINT('',(86.3,191.5,7.2));
#1972 = SURFACE_CURVE('',#1973,(#1977,#1984),.PCURVE_S1.);
#1973 = LINE('',#1974,#1975);
#1974 = CARTESIAN_POINT('',(86.3,97.35,7.2));
#1975 = VECTOR('',#1976,1.);
#1976 = DIRECTION('',(-0.,-1.,-0.));
#1977 = PCURVE('',#186,#1978);
#1978 = DEFINITIONAL_REPRESENTATION('',(#1979),#1983);
#1979 = LINE('',#1980,#1981);
#1980 = CARTESIAN_POINT('',(-7.2,-94.15));
#1981 = VECTOR('',#1982,1.);
#1982 = DIRECTION('',(-0.,1.));
#1983 = ( GEOMETRIC_REPRESENTATION_CONTEXT(2) 
PARAMETRIC_REPRESENTATION_CONTEXT() REPRESENTATION_CONTEXT('2D SPACE',''
  ) );
#1984 = PCURVE('',#1985,#1990);
#1985 = PLANE('',#1986);
#1986 = AXIS2_PLACEMENT_3D('',#1987,#1988,#1989);
#1987 = CARTESIAN_POINT('',(87.3,191.5,7.2));
#1988 = DIRECTION('',(-0.,-0.,1.));
#1989 = DIRECTION('',(0.,-1.,0.));
#1990 = DEFINITIONAL_REPRESENTATION('',(#1991),#1995);
#1991 = LINE('',#1992,#1993);
#1992 = CARTESIAN_POINT('',(94.15,-1.));
#1993 = VECTOR('',#1994,1.);
#1994 = DIRECTION('',(1.,-0.));
#1995 = ( GEOMETRIC_REPRESENTATION_CONTEXT(2) 
PARAMETRIC_REPRESENTATION_CONTEXT() REPRESENTATION_CONTEXT('2D SPACE',''
  ) );
#1996 = ORIENTED_EDGE('',*,*,#1997,.T.);
#1997 = EDGE_CURVE('',#1970,#1998,#2000,.T.);
#1998 = VERTEX_POINT('',#1999);
#1999 = CARTESIAN_POINT('',(86.3,190.0150757595,10.784924240492));
#2000 = SURFACE_CURVE('',#2001,(#2006,#2013),.PCURVE_S1.);
#2001 = CIRCLE('',#2002,2.1);
#2002 = AXIS2_PLACEMENT_3D('',#2003,#2004,#2005);
#2003 = CARTESIAN_POINT('',(86.3,191.5,9.3));
#2004 = DIRECTION('',(-1.,0.,-0.));
#2005 = DIRECTION('',(-0.,-0.707106781187,0.707106781187));
#2006 = PCURVE('',#186,#2007);
#2007 = DEFINITIONAL_REPRESENTATION('',(#2008),#2012);
#2008 = CIRCLE('',#2009,2.1);
#2009 = AXIS2_PLACEMENT_2D('',#2010,#2011);
#2010 = CARTESIAN_POINT('',(-9.3,-188.3));
#2011 = DIRECTION('',(-0.707106781187,0.707106781187));
#2012 = ( GEOMETRIC_REPRESENTATION_CONTEXT(2) 
PARAMETRIC_REPRESENTATION_CONTEXT() REPRESENTATION_CONTEXT('2D SPACE',''
  ) );
#2013 = PCURVE('',#2014,#2019);
#2014 = CYLINDRICAL_SURFACE('',#2015,2.1);
#2015 = AXIS2_PLACEMENT_3D('',#2016,#2017,#2018);
#2016 = CARTESIAN_POINT('',(87.3,191.5,9.3));
#2017 = DIRECTION('',(1.,-0.,-0.));
#2018 = DIRECTION('',(-0.,-0.707106781187,0.707106781187));
#2019 = DEFINITIONAL_REPRESENTATION('',(#2020),#2024);
#2020 = LINE('',#2021,#2022);
#2021 = CARTESIAN_POINT('',(6.28318530718,-1.));
#2022 = VECTOR('',#2023,1.);
#2023 = DIRECTION('',(-1.,0.));
#2024 = ( GEOMETRIC_REPRESENTATION_CONTEXT(2) 
PARAMETRIC_REPRESENTATION_CONTEXT() REPRESENTATION_CONTEXT('2D SPACE',''
  ) );
#2025 = ORIENTED_EDGE('',*,*,#2026,.T.);
#2026 = EDGE_CURVE('',#1998,#2027,#2029,.T.);
#2027 = VERTEX_POINT('',#2028);
#2028 = CARTESIAN_POINT('',(86.3,192.5,13.269848480984));
#2029 = SURFACE_CURVE('',#2030,(#2034,#2041),.PCURVE_S1.);
#2030 = LINE('',#2031,#2032);
#2031 = CARTESIAN_POINT('',(86.3,141.85753787975,-37.37261363926));
#2032 = VECTOR('',#2033,1.);
#2033 = DIRECTION('',(-0.,0.707106781187,0.707106781187));
#2034 = PCURVE('',#186,#2035);
#2035 = DEFINITIONAL_REPRESENTATION('',(#2036),#2040);
#2036 = LINE('',#2037,#2038);
#2037 = CARTESIAN_POINT('',(37.372613639262,-138.6575378797));
#2038 = VECTOR('',#2039,1.);
#2039 = DIRECTION('',(-0.707106781187,-0.707106781187));
#2040 = ( GEOMETRIC_REPRESENTATION_CONTEXT(2) 
PARAMETRIC_REPRESENTATION_CONTEXT() REPRESENTATION_CONTEXT('2D SPACE',''
  ) );
#2041 = PCURVE('',#2042,#2047);
#2042 = PLANE('',#2043);
#2043 = AXIS2_PLACEMENT_3D('',#2044,#2045,#2046);
#2044 = CARTESIAN_POINT('',(87.3,192.5,13.269848480984));
#2045 = DIRECTION('',(-0.,0.707106781187,-0.707106781187));
#2046 = DIRECTION('',(0.,0.707106781187,0.707106781187));
#2047 = DEFINITIONAL_REPRESENTATION('',(#2048),#2052);
#2048 = LINE('',#2049,#2050);
#2049 = CARTESIAN_POINT('',(-71.61925676241,-1.));
#2050 = VECTOR('',#2051,1.);
#2051 = DIRECTION('',(1.,-0.));
#2052 = ( GEOMETRIC_REPRESENTATION_CONTEXT(2) 
PARAMETRIC_REPRESENTATION_CONTEXT() REPRESENTATION_CONTEXT('2D SPACE',''
  ) );
#2053 = ORIENTED_EDGE('',*,*,#2054,.T.);
#2054 = EDGE_CURVE('',#2027,#1939,#2055,.T.);
#2055 = SURFACE_CURVE('',#2056,(#2060,#2067),.PCURVE_S1.);
#2056 = LINE('',#2057,#2058);
#2057 = CARTESIAN_POINT('',(86.3,149.73492424049,56.034924240492));
#2058 = VECTOR('',#2059,1.);
#2059 = DIRECTION('',(-0.,0.707106781187,-0.707106781187));
#2060 = PCURVE('',#186,#2061);
#2061 = DEFINITIONAL_REPRESENTATION('',(#2062),#2066);
#2062 = LINE('',#2063,#2064);
#2063 = CARTESIAN_POINT('',(-56.03492424049,-146.5349242404));
#2064 = VECTOR('',#2065,1.);
#2065 = DIRECTION('',(0.707106781187,-0.707106781187));
#2066 = ( GEOMETRIC_REPRESENTATION_CONTEXT(2) 
PARAMETRIC_REPRESENTATION_CONTEXT() REPRESENTATION_CONTEXT('2D SPACE',''
  ) );
#2067 = PCURVE('',#2068,#2073);
#2068 = PLANE('',#2069);
#2069 = AXIS2_PLACEMENT_3D('',#2070,#2071,#2072);
#2070 = CARTESIAN_POINT('',(87.3,194.98492424049,10.784924240492));
#2071 = DIRECTION('',(-0.,-0.707106781187,-0.707106781187));
#2072 = DIRECTION('',(0.,0.707106781187,-0.707106781187));
#2073 = DEFINITIONAL_REPRESENTATION('',(#2074),#2078);
#2074 = LINE('',#2075,#2076);
#2075 = CARTESIAN_POINT('',(-63.99316369738,-1.));
#2076 = VECTOR('',#2077,1.);
#2077 = DIRECTION('',(1.,-0.));
#2078 = ( GEOMETRIC_REPRESENTATION_CONTEXT(2) 
PARAMETRIC_REPRESENTATION_CONTEXT() REPRESENTATION_CONTEXT('2D SPACE',''
  ) );
#2079 = FACE_BOUND('',#2080,.T.);
#2080 = EDGE_LOOP('',(#2081,#2112,#2140,#2169,#2197));
#2081 = ORIENTED_EDGE('',*,*,#2082,.T.);
#2082 = EDGE_CURVE('',#2083,#2085,#2087,.T.);
#2083 = VERTEX_POINT('',#2084);
#2084 = CARTESIAN_POINT('',(86.3,194.98492424049,35.784924240492));
#2085 = VERTEX_POINT('',#2086);
#2086 = CARTESIAN_POINT('',(86.3,193.5,32.2));
#2087 = SURFACE_CURVE('',#2088,(#2093,#2100),.PCURVE_S1.);
#2088 = CIRCLE('',#2089,2.1);
#2089 = AXIS2_PLACEMENT_3D('',#2090,#2091,#2092);
#2090 = CARTESIAN_POINT('',(86.3,193.5,34.3));
#2091 = DIRECTION('',(-1.,0.,0.));
#2092 = DIRECTION('',(-0.,-0.,-1.));
#2093 = PCURVE('',#186,#2094);
#2094 = DEFINITIONAL_REPRESENTATION('',(#2095),#2099);
#2095 = CIRCLE('',#2096,2.1);
#2096 = AXIS2_PLACEMENT_2D('',#2097,#2098);
#2097 = CARTESIAN_POINT('',(-34.3,-190.3));
#2098 = DIRECTION('',(1.,-0.));
#2099 = ( GEOMETRIC_REPRESENTATION_CONTEXT(2) 
PARAMETRIC_REPRESENTATION_CONTEXT() REPRESENTATION_CONTEXT('2D SPACE',''
  ) );
#2100 = PCURVE('',#2101,#2106);
#2101 = CYLINDRICAL_SURFACE('',#2102,2.1);
#2102 = AXIS2_PLACEMENT_3D('',#2103,#2104,#2105);
#2103 = CARTESIAN_POINT('',(87.3,193.5,34.3));
#2104 = DIRECTION('',(1.,-0.,-0.));
#2105 = DIRECTION('',(-0.,-0.,-1.));
#2106 = DEFINITIONAL_REPRESENTATION('',(#2107),#2111);
#2107 = LINE('',#2108,#2109);
#2108 = CARTESIAN_POINT('',(6.28318530718,-1.));
#2109 = VECTOR('',#2110,1.);
#2110 = DIRECTION('',(-1.,0.));
#2111 = ( GEOMETRIC_REPRESENTATION_CONTEXT(2) 
PARAMETRIC_REPRESENTATION_CONTEXT() REPRESENTATION_CONTEXT('2D SPACE',''
  ) );
#2112 = ORIENTED_EDGE('',*,*,#2113,.T.);
#2113 = EDGE_CURVE('',#2085,#2114,#2116,.T.);
#2114 = VERTEX_POINT('',#2115);
#2115 = CARTESIAN_POINT('',(86.3,191.5,32.2));
#2116 = SURFACE_CURVE('',#2117,(#2121,#2128),.PCURVE_S1.);
#2117 = LINE('',#2118,#2119);
#2118 = CARTESIAN_POINT('',(86.3,97.35,32.2));
#2119 = VECTOR('',#2120,1.);
#2120 = DIRECTION('',(-0.,-1.,-0.));
#2121 = PCURVE('',#186,#2122);
#2122 = DEFINITIONAL_REPRESENTATION('',(#2123),#2127);
#2123 = LINE('',#2124,#2125);
#2124 = CARTESIAN_POINT('',(-32.2,-94.15));
#2125 = VECTOR('',#2126,1.);
#2126 = DIRECTION('',(-0.,1.));
#2127 = ( GEOMETRIC_REPRESENTATION_CONTEXT(2) 
PARAMETRIC_REPRESENTATION_CONTEXT() REPRESENTATION_CONTEXT('2D SPACE',''
  ) );
#2128 = PCURVE('',#2129,#2134);
#2129 = PLANE('',#2130);
#2130 = AXIS2_PLACEMENT_3D('',#2131,#2132,#2133);
#2131 = CARTESIAN_POINT('',(87.3,191.5,32.2));
#2132 = DIRECTION('',(-0.,-0.,1.));
#2133 = DIRECTION('',(0.,-1.,0.));
#2134 = DEFINITIONAL_REPRESENTATION('',(#2135),#2139);
#2135 = LINE('',#2136,#2137);
#2136 = CARTESIAN_POINT('',(94.15,-1.));
#2137 = VECTOR('',#2138,1.);
#2138 = DIRECTION('',(1.,-0.));
#2139 = ( GEOMETRIC_REPRESENTATION_CONTEXT(2) 
PARAMETRIC_REPRESENTATION_CONTEXT() REPRESENTATION_CONTEXT('2D SPACE',''
  ) );
#2140 = ORIENTED_EDGE('',*,*,#2141,.T.);
#2141 = EDGE_CURVE('',#2114,#2142,#2144,.T.);
#2142 = VERTEX_POINT('',#2143);
#2143 = CARTESIAN_POINT('',(86.3,190.0150757595,35.784924240492));
#2144 = SURFACE_CURVE('',#2145,(#2150,#2157),.PCURVE_S1.);
#2145 = CIRCLE('',#2146,2.1);
#2146 = AXIS2_PLACEMENT_3D('',#2147,#2148,#2149);
#2147 = CARTESIAN_POINT('',(86.3,191.5,34.3));
#2148 = DIRECTION('',(-1.,0.,-0.));
#2149 = DIRECTION('',(-0.,-0.707106781187,0.707106781187));
#2150 = PCURVE('',#186,#2151);
#2151 = DEFINITIONAL_REPRESENTATION('',(#2152),#2156);
#2152 = CIRCLE('',#2153,2.1);
#2153 = AXIS2_PLACEMENT_2D('',#2154,#2155);
#2154 = CARTESIAN_POINT('',(-34.3,-188.3));
#2155 = DIRECTION('',(-0.707106781187,0.707106781187));
#2156 = ( GEOMETRIC_REPRESENTATION_CONTEXT(2) 
PARAMETRIC_REPRESENTATION_CONTEXT() REPRESENTATION_CONTEXT('2D SPACE',''
  ) );
#2157 = PCURVE('',#2158,#2163);
#2158 = CYLINDRICAL_SURFACE('',#2159,2.1);
#2159 = AXIS2_PLACEMENT_3D('',#2160,#2161,#2162);
#2160 = CARTESIAN_POINT('',(87.3,191.5,34.3));
#2161 = DIRECTION('',(1.,-0.,-0.));
#2162 = DIRECTION('',(-0.,-0.707106781187,0.707106781187));
#2163 = DEFINITIONAL_REPRESENTATION('',(#2164),#2168);
#2164 = LINE('',#2165,#2166);
#2165 = CARTESIAN_POINT('',(6.28318530718,-1.));
#2166 = VECTOR('',#2167,1.);
#2167 = DIRECTION('',(-1.,0.));
#2168 = ( GEOMETRIC_REPRESENTATION_CONTEXT(2) 
PARAMETRIC_REPRESENTATION_CONTEXT() REPRESENTATION_CONTEXT('2D SPACE',''
  ) );
#2169 = ORIENTED_EDGE('',*,*,#2170,.T.);
#2170 = EDGE_CURVE('',#2142,#2171,#2173,.T.);
#2171 = VERTEX_POINT('',#2172);
#2172 = CARTESIAN_POINT('',(86.3,192.5,38.269848480983));
#2173 = SURFACE_CURVE('',#2174,(#2178,#2185),.PCURVE_S1.);
#2174 = LINE('',#2175,#2176);
#2175 = CARTESIAN_POINT('',(86.3,135.60753787975,-18.62261363926));
#2176 = VECTOR('',#2177,1.);
#2177 = DIRECTION('',(-0.,0.707106781187,0.707106781187));
#2178 = PCURVE('',#186,#2179);
#2179 = DEFINITIONAL_REPRESENTATION('',(#2180),#2184);
#2180 = LINE('',#2181,#2182);
#2181 = CARTESIAN_POINT('',(18.622613639262,-132.4075378797));
#2182 = VECTOR('',#2183,1.);
#2183 = DIRECTION('',(-0.707106781187,-0.707106781187));
#2184 = ( GEOMETRIC_REPRESENTATION_CONTEXT(2) 
PARAMETRIC_REPRESENTATION_CONTEXT() REPRESENTATION_CONTEXT('2D SPACE',''
  ) );
#2185 = PCURVE('',#2186,#2191);
#2186 = PLANE('',#2187);
#2187 = AXIS2_PLACEMENT_3D('',#2188,#2189,#2190);
#2188 = CARTESIAN_POINT('',(87.3,192.5,38.269848480983));
#2189 = DIRECTION('',(-0.,0.707106781187,-0.707106781187));
#2190 = DIRECTION('',(0.,0.707106781187,0.707106781187));
#2191 = DEFINITIONAL_REPRESENTATION('',(#2192),#2196);
#2192 = LINE('',#2193,#2194);
#2193 = CARTESIAN_POINT('',(-80.45809152724,-1.));
#2194 = VECTOR('',#2195,1.);
#2195 = DIRECTION('',(1.,-0.));
#2196 = ( GEOMETRIC_REPRESENTATION_CONTEXT(2) 
PARAMETRIC_REPRESENTATION_CONTEXT() REPRESENTATION_CONTEXT('2D SPACE',''
  ) );
#2197 = ORIENTED_EDGE('',*,*,#2198,.T.);
#2198 = EDGE_CURVE('',#2171,#2083,#2199,.T.);
#2199 = SURFACE_CURVE('',#2200,(#2204,#2211),.PCURVE_S1.);
#2200 = LINE('',#2201,#2202);
#2201 = CARTESIAN_POINT('',(86.3,155.98492424049,74.784924240492));
#2202 = VECTOR('',#2203,1.);
#2203 = DIRECTION('',(-0.,0.707106781187,-0.707106781187));
#2204 = PCURVE('',#186,#2205);
#2205 = DEFINITIONAL_REPRESENTATION('',(#2206),#2210);
#2206 = LINE('',#2207,#2208);
#2207 = CARTESIAN_POINT('',(-74.78492424049,-152.7849242404));
#2208 = VECTOR('',#2209,1.);
#2209 = DIRECTION('',(0.707106781187,-0.707106781187));
#2210 = ( GEOMETRIC_REPRESENTATION_CONTEXT(2) 
PARAMETRIC_REPRESENTATION_CONTEXT() REPRESENTATION_CONTEXT('2D SPACE',''
  ) );
#2211 = PCURVE('',#2212,#2217);
#2212 = PLANE('',#2213);
#2213 = AXIS2_PLACEMENT_3D('',#2214,#2215,#2216);
#2214 = CARTESIAN_POINT('',(87.3,194.98492424049,35.784924240492));
#2215 = DIRECTION('',(-0.,-0.707106781187,-0.707106781187));
#2216 = DIRECTION('',(0.,0.707106781187,-0.707106781187));
#2217 = DEFINITIONAL_REPRESENTATION('',(#2218),#2222);
#2218 = LINE('',#2219,#2220);
#2219 = CARTESIAN_POINT('',(-55.15432893255,-1.));
#2220 = VECTOR('',#2221,1.);
#2221 = DIRECTION('',(1.,-0.));
#2222 = ( GEOMETRIC_REPRESENTATION_CONTEXT(2) 
PARAMETRIC_REPRESENTATION_CONTEXT() REPRESENTATION_CONTEXT('2D SPACE',''
  ) );
#2223 = FACE_BOUND('',#2224,.T.);
#2224 = EDGE_LOOP('',(#2225,#2255,#2284));
#2225 = ORIENTED_EDGE('',*,*,#2226,.T.);
#2226 = EDGE_CURVE('',#2227,#2229,#2231,.T.);
#2227 = VERTEX_POINT('',#2228);
#2228 = CARTESIAN_POINT('',(86.3,17.5,12.269848480984));
#2229 = VERTEX_POINT('',#2230);
#2230 = CARTESIAN_POINT('',(86.3,18.984924240492,10.784924240492));
#2231 = SURFACE_CURVE('',#2232,(#2236,#2243),.PCURVE_S1.);
#2232 = LINE('',#2233,#2234);
#2233 = CARTESIAN_POINT('',(86.3,17.734924240492,12.034924240492));
#2234 = VECTOR('',#2235,1.);
#2235 = DIRECTION('',(-0.,0.707106781187,-0.707106781187));
#2236 = PCURVE('',#186,#2237);
#2237 = DEFINITIONAL_REPRESENTATION('',(#2238),#2242);
#2238 = LINE('',#2239,#2240);
#2239 = CARTESIAN_POINT('',(-12.03492424049,-14.53492424049));
#2240 = VECTOR('',#2241,1.);
#2241 = DIRECTION('',(0.707106781187,-0.707106781187));
#2242 = ( GEOMETRIC_REPRESENTATION_CONTEXT(2) 
PARAMETRIC_REPRESENTATION_CONTEXT() REPRESENTATION_CONTEXT('2D SPACE',''
  ) );
#2243 = PCURVE('',#2244,#2249);
#2244 = PLANE('',#2245);
#2245 = AXIS2_PLACEMENT_3D('',#2246,#2247,#2248);
#2246 = CARTESIAN_POINT('',(87.3,18.984924240492,10.784924240492));
#2247 = DIRECTION('',(-0.,-0.707106781187,-0.707106781187));
#2248 = DIRECTION('',(0.,0.707106781187,-0.707106781187));
#2249 = DEFINITIONAL_REPRESENTATION('',(#2250),#2254);
#2250 = LINE('',#2251,#2252);
#2251 = CARTESIAN_POINT('',(-1.767766952966,-1.));
#2252 = VECTOR('',#2253,1.);
#2253 = DIRECTION('',(1.,-0.));
#2254 = ( GEOMETRIC_REPRESENTATION_CONTEXT(2) 
PARAMETRIC_REPRESENTATION_CONTEXT() REPRESENTATION_CONTEXT('2D SPACE',''
  ) );
#2255 = ORIENTED_EDGE('',*,*,#2256,.T.);
#2256 = EDGE_CURVE('',#2229,#2257,#2259,.T.);
#2257 = VERTEX_POINT('',#2258);
#2258 = CARTESIAN_POINT('',(86.3,16.015075759508,10.784924240492));
#2259 = SURFACE_CURVE('',#2260,(#2265,#2272),.PCURVE_S1.);
#2260 = CIRCLE('',#2261,2.1);
#2261 = AXIS2_PLACEMENT_3D('',#2262,#2263,#2264);
#2262 = CARTESIAN_POINT('',(86.3,17.5,9.3));
#2263 = DIRECTION('',(-1.,0.,0.));
#2264 = DIRECTION('',(-0.,-0.,-1.));
#2265 = PCURVE('',#186,#2266);
#2266 = DEFINITIONAL_REPRESENTATION('',(#2267),#2271);
#2267 = CIRCLE('',#2268,2.1);
#2268 = AXIS2_PLACEMENT_2D('',#2269,#2270);
#2269 = CARTESIAN_POINT('',(-9.3,-14.3));
#2270 = DIRECTION('',(1.,-0.));
#2271 = ( GEOMETRIC_REPRESENTATION_CONTEXT(2) 
PARAMETRIC_REPRESENTATION_CONTEXT() REPRESENTATION_CONTEXT('2D SPACE',''
  ) );
#2272 = PCURVE('',#2273,#2278);
#2273 = CYLINDRICAL_SURFACE('',#2274,2.1);
#2274 = AXIS2_PLACEMENT_3D('',#2275,#2276,#2277);
#2275 = CARTESIAN_POINT('',(87.3,17.5,9.3));
#2276 = DIRECTION('',(1.,-0.,-0.));
#2277 = DIRECTION('',(-0.,-0.,-1.));
#2278 = DEFINITIONAL_REPRESENTATION('',(#2279),#2283);
#2279 = LINE('',#2280,#2281);
#2280 = CARTESIAN_POINT('',(6.28318530718,-1.));
#2281 = VECTOR('',#2282,1.);
#2282 = DIRECTION('',(-1.,0.));
#2283 = ( GEOMETRIC_REPRESENTATION_CONTEXT(2) 
PARAMETRIC_REPRESENTATION_CONTEXT() REPRESENTATION_CONTEXT('2D SPACE',''
  ) );
#2284 = ORIENTED_EDGE('',*,*,#2285,.T.);
#2285 = EDGE_CURVE('',#2257,#2227,#2286,.T.);
#2286 = SURFACE_CURVE('',#2287,(#2291,#2298),.PCURVE_S1.);
#2287 = LINE('',#2288,#2289);
#2288 = CARTESIAN_POINT('',(86.3,10.857537879754,5.627386360738));
#2289 = VECTOR('',#2290,1.);
#2290 = DIRECTION('',(-0.,0.707106781187,0.707106781187));
#2291 = PCURVE('',#186,#2292);
#2292 = DEFINITIONAL_REPRESENTATION('',(#2293),#2297);
#2293 = LINE('',#2294,#2295);
#2294 = CARTESIAN_POINT('',(-5.627386360738,-7.657537879754));
#2295 = VECTOR('',#2296,1.);
#2296 = DIRECTION('',(-0.707106781187,-0.707106781187));
#2297 = ( GEOMETRIC_REPRESENTATION_CONTEXT(2) 
PARAMETRIC_REPRESENTATION_CONTEXT() REPRESENTATION_CONTEXT('2D SPACE',''
  ) );
#2298 = PCURVE('',#2299,#2304);
#2299 = PLANE('',#2300);
#2300 = AXIS2_PLACEMENT_3D('',#2301,#2302,#2303);
#2301 = CARTESIAN_POINT('',(87.3,17.5,12.269848480984));
#2302 = DIRECTION('',(-0.,0.707106781187,-0.707106781187));
#2303 = DIRECTION('',(0.,0.707106781187,0.707106781187));
#2304 = DEFINITIONAL_REPRESENTATION('',(#2305),#2309);
#2305 = LINE('',#2306,#2307);
#2306 = CARTESIAN_POINT('',(-9.393860018001,-1.));
#2307 = VECTOR('',#2308,1.);
#2308 = DIRECTION('',(1.,-0.));
#2309 = ( GEOMETRIC_REPRESENTATION_CONTEXT(2) 
PARAMETRIC_REPRESENTATION_CONTEXT() REPRESENTATION_CONTEXT('2D SPACE',''
  ) );
#2310 = FACE_BOUND('',#2311,.T.);
#2311 = EDGE_LOOP('',(#2312,#2342,#2371));
#2312 = ORIENTED_EDGE('',*,*,#2313,.T.);
#2313 = EDGE_CURVE('',#2314,#2316,#2318,.T.);
#2314 = VERTEX_POINT('',#2315);
#2315 = CARTESIAN_POINT('',(86.3,17.5,37.269848480983));
#2316 = VERTEX_POINT('',#2317);
#2317 = CARTESIAN_POINT('',(86.3,18.984924240492,35.784924240492));
#2318 = SURFACE_CURVE('',#2319,(#2323,#2330),.PCURVE_S1.);
#2319 = LINE('',#2320,#2321);
#2320 = CARTESIAN_POINT('',(86.3,23.984924240492,30.784924240492));
#2321 = VECTOR('',#2322,1.);
#2322 = DIRECTION('',(-0.,0.707106781187,-0.707106781187));
#2323 = PCURVE('',#186,#2324);
#2324 = DEFINITIONAL_REPRESENTATION('',(#2325),#2329);
#2325 = LINE('',#2326,#2327);
#2326 = CARTESIAN_POINT('',(-30.78492424049,-20.78492424049));
#2327 = VECTOR('',#2328,1.);
#2328 = DIRECTION('',(0.707106781187,-0.707106781187));
#2329 = ( GEOMETRIC_REPRESENTATION_CONTEXT(2) 
PARAMETRIC_REPRESENTATION_CONTEXT() REPRESENTATION_CONTEXT('2D SPACE',''
  ) );
#2330 = PCURVE('',#2331,#2336);
#2331 = PLANE('',#2332);
#2332 = AXIS2_PLACEMENT_3D('',#2333,#2334,#2335);
#2333 = CARTESIAN_POINT('',(87.3,18.984924240492,35.784924240492));
#2334 = DIRECTION('',(-0.,-0.707106781187,-0.707106781187));
#2335 = DIRECTION('',(0.,0.707106781187,-0.707106781187));
#2336 = DEFINITIONAL_REPRESENTATION('',(#2337),#2341);
#2337 = LINE('',#2338,#2339);
#2338 = CARTESIAN_POINT('',(7.071067811865,-1.));
#2339 = VECTOR('',#2340,1.);
#2340 = DIRECTION('',(1.,-0.));
#2341 = ( GEOMETRIC_REPRESENTATION_CONTEXT(2) 
PARAMETRIC_REPRESENTATION_CONTEXT() REPRESENTATION_CONTEXT('2D SPACE',''
  ) );
#2342 = ORIENTED_EDGE('',*,*,#2343,.T.);
#2343 = EDGE_CURVE('',#2316,#2344,#2346,.T.);
#2344 = VERTEX_POINT('',#2345);
#2345 = CARTESIAN_POINT('',(86.3,16.015075759508,35.784924240492));
#2346 = SURFACE_CURVE('',#2347,(#2352,#2359),.PCURVE_S1.);
#2347 = CIRCLE('',#2348,2.1);
#2348 = AXIS2_PLACEMENT_3D('',#2349,#2350,#2351);
#2349 = CARTESIAN_POINT('',(86.3,17.5,34.3));
#2350 = DIRECTION('',(-1.,0.,0.));
#2351 = DIRECTION('',(-0.,-1.691768418476E-15,-1.));
#2352 = PCURVE('',#186,#2353);
#2353 = DEFINITIONAL_REPRESENTATION('',(#2354),#2358);
#2354 = CIRCLE('',#2355,2.1);
#2355 = AXIS2_PLACEMENT_2D('',#2356,#2357);
#2356 = CARTESIAN_POINT('',(-34.3,-14.3));
#2357 = DIRECTION('',(1.,1.691768418476E-15));
#2358 = ( GEOMETRIC_REPRESENTATION_CONTEXT(2) 
PARAMETRIC_REPRESENTATION_CONTEXT() REPRESENTATION_CONTEXT('2D SPACE',''
  ) );
#2359 = PCURVE('',#2360,#2365);
#2360 = CYLINDRICAL_SURFACE('',#2361,2.1);
#2361 = AXIS2_PLACEMENT_3D('',#2362,#2363,#2364);
#2362 = CARTESIAN_POINT('',(87.3,17.5,34.3));
#2363 = DIRECTION('',(1.,-0.,-0.));
#2364 = DIRECTION('',(-0.,-1.691768418476E-15,-1.));
#2365 = DEFINITIONAL_REPRESENTATION('',(#2366),#2370);
#2366 = LINE('',#2367,#2368);
#2367 = CARTESIAN_POINT('',(6.28318530718,-1.));
#2368 = VECTOR('',#2369,1.);
#2369 = DIRECTION('',(-1.,0.));
#2370 = ( GEOMETRIC_REPRESENTATION_CONTEXT(2) 
PARAMETRIC_REPRESENTATION_CONTEXT() REPRESENTATION_CONTEXT('2D SPACE',''
  ) );
#2371 = ORIENTED_EDGE('',*,*,#2372,.T.);
#2372 = EDGE_CURVE('',#2344,#2314,#2373,.T.);
#2373 = SURFACE_CURVE('',#2374,(#2378,#2385),.PCURVE_S1.);
#2374 = LINE('',#2375,#2376);
#2375 = CARTESIAN_POINT('',(86.3,4.607537879754,24.377386360738));
#2376 = VECTOR('',#2377,1.);
#2377 = DIRECTION('',(-0.,0.707106781187,0.707106781187));
#2378 = PCURVE('',#186,#2379);
#2379 = DEFINITIONAL_REPRESENTATION('',(#2380),#2384);
#2380 = LINE('',#2381,#2382);
#2381 = CARTESIAN_POINT('',(-24.37738636073,-1.407537879754));
#2382 = VECTOR('',#2383,1.);
#2383 = DIRECTION('',(-0.707106781187,-0.707106781187));
#2384 = ( GEOMETRIC_REPRESENTATION_CONTEXT(2) 
PARAMETRIC_REPRESENTATION_CONTEXT() REPRESENTATION_CONTEXT('2D SPACE',''
  ) );
#2385 = PCURVE('',#2386,#2391);
#2386 = PLANE('',#2387);
#2387 = AXIS2_PLACEMENT_3D('',#2388,#2389,#2390);
#2388 = CARTESIAN_POINT('',(87.3,17.5,37.269848480983));
#2389 = DIRECTION('',(-0.,0.707106781187,-0.707106781187));
#2390 = DIRECTION('',(0.,0.707106781187,0.707106781187));
#2391 = DEFINITIONAL_REPRESENTATION('',(#2392),#2396);
#2392 = LINE('',#2393,#2394);
#2393 = CARTESIAN_POINT('',(-18.23269478283,-1.));
#2394 = VECTOR('',#2395,1.);
#2395 = DIRECTION('',(1.,-0.));
#2396 = ( GEOMETRIC_REPRESENTATION_CONTEXT(2) 
PARAMETRIC_REPRESENTATION_CONTEXT() REPRESENTATION_CONTEXT('2D SPACE',''
  ) );
#2397 = ADVANCED_FACE('',(#2398),#238,.T.);
#2398 = FACE_BOUND('',#2399,.F.);
#2399 = EDGE_LOOP('',(#2400,#2401,#2424,#2450));
#2400 = ORIENTED_EDGE('',*,*,#222,.T.);
#2401 = ORIENTED_EDGE('',*,*,#2402,.T.);
#2402 = EDGE_CURVE('',#223,#2403,#2405,.T.);
#2403 = VERTEX_POINT('',#2404);
#2404 = CARTESIAN_POINT('',(0.3,0.3,-2.775557561563E-17));
#2405 = SURFACE_CURVE('',#2406,(#2410,#2417),.PCURVE_S1.);
#2406 = LINE('',#2407,#2408);
#2407 = CARTESIAN_POINT('',(83.3,0.3,0.));
#2408 = VECTOR('',#2409,1.);
#2409 = DIRECTION('',(-1.,-0.,0.));
#2410 = PCURVE('',#238,#2411);
#2411 = DEFINITIONAL_REPRESENTATION('',(#2412),#2416);
#2412 = LINE('',#2413,#2414);
#2413 = CARTESIAN_POINT('',(-0.,-0.212132034356));
#2414 = VECTOR('',#2415,1.);
#2415 = DIRECTION('',(-1.,0.));
#2416 = ( GEOMETRIC_REPRESENTATION_CONTEXT(2) 
PARAMETRIC_REPRESENTATION_CONTEXT() REPRESENTATION_CONTEXT('2D SPACE',''
  ) );
#2417 = PCURVE('',#288,#2418);
#2418 = DEFINITIONAL_REPRESENTATION('',(#2419),#2423);
#2419 = LINE('',#2420,#2421);
#2420 = CARTESIAN_POINT('',(-0.,0.3));
#2421 = VECTOR('',#2422,1.);
#2422 = DIRECTION('',(-1.,0.));
#2423 = ( GEOMETRIC_REPRESENTATION_CONTEXT(2) 
PARAMETRIC_REPRESENTATION_CONTEXT() REPRESENTATION_CONTEXT('2D SPACE',''
  ) );
#2424 = ORIENTED_EDGE('',*,*,#2425,.T.);
#2425 = EDGE_CURVE('',#2403,#1029,#2426,.T.);
#2426 = SURFACE_CURVE('',#2427,(#2431,#2438),.PCURVE_S1.);
#2427 = LINE('',#2428,#2429);
#2428 = CARTESIAN_POINT('',(13.983333333333,13.983333333333,
    -13.68333333333));
#2429 = VECTOR('',#2430,1.);
#2430 = DIRECTION('',(-0.57735026919,-0.57735026919,0.57735026919));
#2431 = PCURVE('',#238,#2432);
#2432 = DEFINITIONAL_REPRESENTATION('',(#2433),#2437);
#2433 = LINE('',#2434,#2435);
#2434 = CARTESIAN_POINT('',(-69.31666666666,-19.56328761282));
#2435 = VECTOR('',#2436,1.);
#2436 = DIRECTION('',(-0.57735026919,0.816496580928));
#2437 = ( GEOMETRIC_REPRESENTATION_CONTEXT(2) 
PARAMETRIC_REPRESENTATION_CONTEXT() REPRESENTATION_CONTEXT('2D SPACE',''
  ) );
#2438 = PCURVE('',#2439,#2444);
#2439 = PLANE('',#2440);
#2440 = AXIS2_PLACEMENT_3D('',#2441,#2442,#2443);
#2441 = CARTESIAN_POINT('',(0.15,0.,0.15));
#2442 = DIRECTION('',(0.707106781187,0.,0.707106781187));
#2443 = DIRECTION('',(-0.,1.,0.));
#2444 = DEFINITIONAL_REPRESENTATION('',(#2445),#2449);
#2445 = LINE('',#2446,#2447);
#2446 = CARTESIAN_POINT('',(13.983333333333,-19.56328761282));
#2447 = VECTOR('',#2448,1.);
#2448 = DIRECTION('',(-0.57735026919,0.816496580928));
#2449 = ( GEOMETRIC_REPRESENTATION_CONTEXT(2) 
PARAMETRIC_REPRESENTATION_CONTEXT() REPRESENTATION_CONTEXT('2D SPACE',''
  ) );
#2450 = ORIENTED_EDGE('',*,*,#1058,.F.);
#2451 = ADVANCED_FACE('',(#2452),#288,.F.);
#2452 = FACE_BOUND('',#2453,.T.);
#2453 = EDGE_LOOP('',(#2454,#2455,#2456,#2479,#2507,#2535,#2563,#2584));
#2454 = ORIENTED_EDGE('',*,*,#274,.F.);
#2455 = ORIENTED_EDGE('',*,*,#2402,.T.);
#2456 = ORIENTED_EDGE('',*,*,#2457,.T.);
#2457 = EDGE_CURVE('',#2403,#2458,#2460,.T.);
#2458 = VERTEX_POINT('',#2459);
#2459 = CARTESIAN_POINT('',(0.3,9.7,-2.775557561563E-17));
#2460 = SURFACE_CURVE('',#2461,(#2465,#2472),.PCURVE_S1.);
#2461 = LINE('',#2462,#2463);
#2462 = CARTESIAN_POINT('',(0.3,0.,0.));
#2463 = VECTOR('',#2464,1.);
#2464 = DIRECTION('',(0.,1.,0.));
#2465 = PCURVE('',#288,#2466);
#2466 = DEFINITIONAL_REPRESENTATION('',(#2467),#2471);
#2467 = LINE('',#2468,#2469);
#2468 = CARTESIAN_POINT('',(-83.,0.));
#2469 = VECTOR('',#2470,1.);
#2470 = DIRECTION('',(0.,1.));
#2471 = ( GEOMETRIC_REPRESENTATION_CONTEXT(2) 
PARAMETRIC_REPRESENTATION_CONTEXT() REPRESENTATION_CONTEXT('2D SPACE',''
  ) );
#2472 = PCURVE('',#2439,#2473);
#2473 = DEFINITIONAL_REPRESENTATION('',(#2474),#2478);
#2474 = LINE('',#2475,#2476);
#2475 = CARTESIAN_POINT('',(0.,-0.212132034356));
#2476 = VECTOR('',#2477,1.);
#2477 = DIRECTION('',(1.,0.));
#2478 = ( GEOMETRIC_REPRESENTATION_CONTEXT(2) 
PARAMETRIC_REPRESENTATION_CONTEXT() REPRESENTATION_CONTEXT('2D SPACE',''
  ) );
#2479 = ORIENTED_EDGE('',*,*,#2480,.F.);
#2480 = EDGE_CURVE('',#2481,#2458,#2483,.T.);
#2481 = VERTEX_POINT('',#2482);
#2482 = CARTESIAN_POINT('',(19.6,9.7,4.718447854657E-16));
#2483 = SURFACE_CURVE('',#2484,(#2488,#2495),.PCURVE_S1.);
#2484 = LINE('',#2485,#2486);
#2485 = CARTESIAN_POINT('',(19.3,9.7,0.));
#2486 = VECTOR('',#2487,1.);
#2487 = DIRECTION('',(-1.,-0.,-0.));
#2488 = PCURVE('',#288,#2489);
#2489 = DEFINITIONAL_REPRESENTATION('',(#2490),#2494);
#2490 = LINE('',#2491,#2492);
#2491 = CARTESIAN_POINT('',(-64.,9.7));
#2492 = VECTOR('',#2493,1.);
#2493 = DIRECTION('',(-1.,0.));
#2494 = ( GEOMETRIC_REPRESENTATION_CONTEXT(2) 
PARAMETRIC_REPRESENTATION_CONTEXT() REPRESENTATION_CONTEXT('2D SPACE',''
  ) );
#2495 = PCURVE('',#2496,#2501);
#2496 = PLANE('',#2497);
#2497 = AXIS2_PLACEMENT_3D('',#2498,#2499,#2500);
#2498 = CARTESIAN_POINT('',(19.3,9.85,0.15));
#2499 = DIRECTION('',(0.,-0.707106781187,0.707106781187));
#2500 = DIRECTION('',(1.,0.,-0.));
#2501 = DEFINITIONAL_REPRESENTATION('',(#2502),#2506);
#2502 = LINE('',#2503,#2504);
#2503 = CARTESIAN_POINT('',(-0.,-0.212132034356));
#2504 = VECTOR('',#2505,1.);
#2505 = DIRECTION('',(-1.,0.));
#2506 = ( GEOMETRIC_REPRESENTATION_CONTEXT(2) 
PARAMETRIC_REPRESENTATION_CONTEXT() REPRESENTATION_CONTEXT('2D SPACE',''
  ) );
#2507 = ORIENTED_EDGE('',*,*,#2508,.T.);
#2508 = EDGE_CURVE('',#2481,#2509,#2511,.T.);
#2509 = VERTEX_POINT('',#2510);
#2510 = CARTESIAN_POINT('',(19.6,205.7,-7.771561172376E-16));
#2511 = SURFACE_CURVE('',#2512,(#2516,#2523),.PCURVE_S1.);
#2512 = LINE('',#2513,#2514);
#2513 = CARTESIAN_POINT('',(19.6,10.,0.));
#2514 = VECTOR('',#2515,1.);
#2515 = DIRECTION('',(0.,1.,0.));
#2516 = PCURVE('',#288,#2517);
#2517 = DEFINITIONAL_REPRESENTATION('',(#2518),#2522);
#2518 = LINE('',#2519,#2520);
#2519 = CARTESIAN_POINT('',(-63.7,10.));
#2520 = VECTOR('',#2521,1.);
#2521 = DIRECTION('',(0.,1.));
#2522 = ( GEOMETRIC_REPRESENTATION_CONTEXT(2) 
PARAMETRIC_REPRESENTATION_CONTEXT() REPRESENTATION_CONTEXT('2D SPACE',''
  ) );
#2523 = PCURVE('',#2524,#2529);
#2524 = PLANE('',#2525);
#2525 = AXIS2_PLACEMENT_3D('',#2526,#2527,#2528);
#2526 = CARTESIAN_POINT('',(19.45,10.,0.15));
#2527 = DIRECTION('',(0.707106781187,0.,0.707106781187));
#2528 = DIRECTION('',(-0.,1.,0.));
#2529 = DEFINITIONAL_REPRESENTATION('',(#2530),#2534);
#2530 = LINE('',#2531,#2532);
#2531 = CARTESIAN_POINT('',(0.,-0.212132034356));
#2532 = VECTOR('',#2533,1.);
#2533 = DIRECTION('',(1.,0.));
#2534 = ( GEOMETRIC_REPRESENTATION_CONTEXT(2) 
PARAMETRIC_REPRESENTATION_CONTEXT() REPRESENTATION_CONTEXT('2D SPACE',''
  ) );
#2535 = ORIENTED_EDGE('',*,*,#2536,.F.);
#2536 = EDGE_CURVE('',#2537,#2509,#2539,.T.);
#2537 = VERTEX_POINT('',#2538);
#2538 = CARTESIAN_POINT('',(86.,205.7,5.634381849973E-15));
#2539 = SURFACE_CURVE('',#2540,(#2544,#2551),.PCURVE_S1.);
#2540 = LINE('',#2541,#2542);
#2541 = CARTESIAN_POINT('',(86.3,205.7,0.));
#2542 = VECTOR('',#2543,1.);
#2543 = DIRECTION('',(-1.,-0.,-4.142623226213E-19));
#2544 = PCURVE('',#288,#2545);
#2545 = DEFINITIONAL_REPRESENTATION('',(#2546),#2550);
#2546 = LINE('',#2547,#2548);
#2547 = CARTESIAN_POINT('',(3.,205.7));
#2548 = VECTOR('',#2549,1.);
#2549 = DIRECTION('',(-1.,0.));
#2550 = ( GEOMETRIC_REPRESENTATION_CONTEXT(2) 
PARAMETRIC_REPRESENTATION_CONTEXT() REPRESENTATION_CONTEXT('2D SPACE',''
  ) );
#2551 = PCURVE('',#2552,#2557);
#2552 = PLANE('',#2553);
#2553 = AXIS2_PLACEMENT_3D('',#2554,#2555,#2556);
#2554 = CARTESIAN_POINT('',(86.3,205.85,0.15));
#2555 = DIRECTION('',(-3.472568050348E-18,-0.707106781187,0.707106781187
    ));
#2556 = DIRECTION('',(1.,-2.248345255222E-18,2.662607577843E-18));
#2557 = DEFINITIONAL_REPRESENTATION('',(#2558),#2562);
#2558 = LINE('',#2559,#2560);
#2559 = CARTESIAN_POINT('',(-0.,-0.212132034356));
#2560 = VECTOR('',#2561,1.);
#2561 = DIRECTION('',(-1.,0.));
#2562 = ( GEOMETRIC_REPRESENTATION_CONTEXT(2) 
PARAMETRIC_REPRESENTATION_CONTEXT() REPRESENTATION_CONTEXT('2D SPACE',''
  ) );
#2563 = ORIENTED_EDGE('',*,*,#2564,.F.);
#2564 = EDGE_CURVE('',#1536,#2537,#2565,.T.);
#2565 = SURFACE_CURVE('',#2566,(#2570,#2577),.PCURVE_S1.);
#2566 = LINE('',#2567,#2568);
#2567 = CARTESIAN_POINT('',(86.,3.2,0.));
#2568 = VECTOR('',#2569,1.);
#2569 = DIRECTION('',(-0.,1.,1.368618127003E-19));
#2570 = PCURVE('',#288,#2571);
#2571 = DEFINITIONAL_REPRESENTATION('',(#2572),#2576);
#2572 = LINE('',#2573,#2574);
#2573 = CARTESIAN_POINT('',(2.7,3.2));
#2574 = VECTOR('',#2575,1.);
#2575 = DIRECTION('',(-0.,1.));
#2576 = ( GEOMETRIC_REPRESENTATION_CONTEXT(2) 
PARAMETRIC_REPRESENTATION_CONTEXT() REPRESENTATION_CONTEXT('2D SPACE',''
  ) );
#2577 = PCURVE('',#1551,#2578);
#2578 = DEFINITIONAL_REPRESENTATION('',(#2579),#2583);
#2579 = LINE('',#2580,#2581);
#2580 = CARTESIAN_POINT('',(0.,-0.212132034356));
#2581 = VECTOR('',#2582,1.);
#2582 = DIRECTION('',(1.,0.));
#2583 = ( GEOMETRIC_REPRESENTATION_CONTEXT(2) 
PARAMETRIC_REPRESENTATION_CONTEXT() REPRESENTATION_CONTEXT('2D SPACE',''
  ) );
#2584 = ORIENTED_EDGE('',*,*,#1565,.T.);
#2585 = ADVANCED_FACE('',(#2586),#745,.T.);
#2586 = FACE_BOUND('',#2587,.F.);
#2587 = EDGE_LOOP('',(#2588,#2613,#2641,#2662,#2663,#2664));
#2588 = ORIENTED_EDGE('',*,*,#2589,.F.);
#2589 = EDGE_CURVE('',#2590,#2592,#2594,.T.);
#2590 = VERTEX_POINT('',#2591);
#2591 = CARTESIAN_POINT('',(83.3,35.8,5.7));
#2592 = VERTEX_POINT('',#2593);
#2593 = CARTESIAN_POINT('',(80.3,35.8,5.7));
#2594 = SURFACE_CURVE('',#2595,(#2599,#2606),.PCURVE_S1.);
#2595 = LINE('',#2596,#2597);
#2596 = CARTESIAN_POINT('',(87.3,35.8,5.7));
#2597 = VECTOR('',#2598,1.);
#2598 = DIRECTION('',(-1.,-0.,0.));
#2599 = PCURVE('',#745,#2600);
#2600 = DEFINITIONAL_REPRESENTATION('',(#2601),#2605);
#2601 = LINE('',#2602,#2603);
#2602 = CARTESIAN_POINT('',(-0.,-0.));
#2603 = VECTOR('',#2604,1.);
#2604 = DIRECTION('',(-0.,1.));
#2605 = ( GEOMETRIC_REPRESENTATION_CONTEXT(2) 
PARAMETRIC_REPRESENTATION_CONTEXT() REPRESENTATION_CONTEXT('2D SPACE',''
  ) );
#2606 = PCURVE('',#1788,#2607);
#2607 = DEFINITIONAL_REPRESENTATION('',(#2608),#2612);
#2608 = LINE('',#2609,#2610);
#2609 = CARTESIAN_POINT('',(0.,-0.));
#2610 = VECTOR('',#2611,1.);
#2611 = DIRECTION('',(-1.,0.));
#2612 = ( GEOMETRIC_REPRESENTATION_CONTEXT(2) 
PARAMETRIC_REPRESENTATION_CONTEXT() REPRESENTATION_CONTEXT('2D SPACE',''
  ) );
#2613 = ORIENTED_EDGE('',*,*,#2614,.F.);
#2614 = EDGE_CURVE('',#2615,#2590,#2617,.T.);
#2615 = VERTEX_POINT('',#2616);
#2616 = CARTESIAN_POINT('',(83.3,35.8,7.748912529308));
#2617 = SURFACE_CURVE('',#2618,(#2622,#2629),.PCURVE_S1.);
#2618 = LINE('',#2619,#2620);
#2619 = CARTESIAN_POINT('',(83.3,35.8,6.360110023068));
#2620 = VECTOR('',#2621,1.);
#2621 = DIRECTION('',(-0.,-0.,-1.));
#2622 = PCURVE('',#745,#2623);
#2623 = DEFINITIONAL_REPRESENTATION('',(#2624),#2628);
#2624 = LINE('',#2625,#2626);
#2625 = CARTESIAN_POINT('',(-0.660110023068,4.));
#2626 = VECTOR('',#2627,1.);
#2627 = DIRECTION('',(1.,-0.));
#2628 = ( GEOMETRIC_REPRESENTATION_CONTEXT(2) 
PARAMETRIC_REPRESENTATION_CONTEXT() REPRESENTATION_CONTEXT('2D SPACE',''
  ) );
#2629 = PCURVE('',#2630,#2635);
#2630 = PLANE('',#2631);
#2631 = AXIS2_PLACEMENT_3D('',#2632,#2633,#2634);
#2632 = CARTESIAN_POINT('',(83.3,32.6,7.020220046137));
#2633 = DIRECTION('',(-1.,-0.,-0.));
#2634 = DIRECTION('',(0.,0.,-1.));
#2635 = DEFINITIONAL_REPRESENTATION('',(#2636),#2640);
#2636 = LINE('',#2637,#2638);
#2637 = CARTESIAN_POINT('',(0.660110023068,-3.2));
#2638 = VECTOR('',#2639,1.);
#2639 = DIRECTION('',(1.,-0.));
#2640 = ( GEOMETRIC_REPRESENTATION_CONTEXT(2) 
PARAMETRIC_REPRESENTATION_CONTEXT() REPRESENTATION_CONTEXT('2D SPACE',''
  ) );
#2641 = ORIENTED_EDGE('',*,*,#2642,.T.);
#2642 = EDGE_CURVE('',#2615,#1886,#2643,.T.);
#2643 = SURFACE_CURVE('',#2644,(#2648,#2655),.PCURVE_S1.);
#2644 = LINE('',#2645,#2646);
#2645 = CARTESIAN_POINT('',(87.3,35.8,7.748912529308));
#2646 = VECTOR('',#2647,1.);
#2647 = DIRECTION('',(1.,-0.,0.));
#2648 = PCURVE('',#745,#2649);
#2649 = DEFINITIONAL_REPRESENTATION('',(#2650),#2654);
#2650 = LINE('',#2651,#2652);
#2651 = CARTESIAN_POINT('',(-2.048912529308,-0.));
#2652 = VECTOR('',#2653,1.);
#2653 = DIRECTION('',(-0.,-1.));
#2654 = ( GEOMETRIC_REPRESENTATION_CONTEXT(2) 
PARAMETRIC_REPRESENTATION_CONTEXT() REPRESENTATION_CONTEXT('2D SPACE',''
  ) );
#2655 = PCURVE('',#1902,#2656);
#2656 = DEFINITIONAL_REPRESENTATION('',(#2657),#2661);
#2657 = LINE('',#2658,#2659);
#2658 = CARTESIAN_POINT('',(8.198682813773,0.));
#2659 = VECTOR('',#2660,1.);
#2660 = DIRECTION('',(0.,1.));
#2661 = ( GEOMETRIC_REPRESENTATION_CONTEXT(2) 
PARAMETRIC_REPRESENTATION_CONTEXT() REPRESENTATION_CONTEXT('2D SPACE',''
  ) );
#2662 = ORIENTED_EDGE('',*,*,#1914,.T.);
#2663 = ORIENTED_EDGE('',*,*,#729,.F.);
#2664 = ORIENTED_EDGE('',*,*,#2665,.F.);
#2665 = EDGE_CURVE('',#2592,#702,#2666,.T.);
#2666 = SURFACE_CURVE('',#2667,(#2671,#2678),.PCURVE_S1.);
#2667 = LINE('',#2668,#2669);
#2668 = CARTESIAN_POINT('',(80.3,35.8,2.85));
#2669 = VECTOR('',#2670,1.);
#2670 = DIRECTION('',(-0.,-0.,1.));
#2671 = PCURVE('',#745,#2672);
#2672 = DEFINITIONAL_REPRESENTATION('',(#2673),#2677);
#2673 = LINE('',#2674,#2675);
#2674 = CARTESIAN_POINT('',(2.85,7.));
#2675 = VECTOR('',#2676,1.);
#2676 = DIRECTION('',(-1.,0.));
#2677 = ( GEOMETRIC_REPRESENTATION_CONTEXT(2) 
PARAMETRIC_REPRESENTATION_CONTEXT() REPRESENTATION_CONTEXT('2D SPACE',''
  ) );
#2678 = PCURVE('',#717,#2679);
#2679 = DEFINITIONAL_REPRESENTATION('',(#2680),#2684);
#2680 = LINE('',#2681,#2682);
#2681 = CARTESIAN_POINT('',(-2.85,-32.6));
#2682 = VECTOR('',#2683,1.);
#2683 = DIRECTION('',(-1.,-0.));
#2684 = ( GEOMETRIC_REPRESENTATION_CONTEXT(2) 
PARAMETRIC_REPRESENTATION_CONTEXT() REPRESENTATION_CONTEXT('2D SPACE',''
  ) );
#2685 = ADVANCED_FACE('',(#2686),#717,.T.);
#2686 = FACE_BOUND('',#2687,.F.);
#2687 = EDGE_LOOP('',(#2688,#2689,#2712,#2733));
#2688 = ORIENTED_EDGE('',*,*,#701,.F.);
#2689 = ORIENTED_EDGE('',*,*,#2690,.F.);
#2690 = EDGE_CURVE('',#2691,#674,#2693,.T.);
#2691 = VERTEX_POINT('',#2692);
#2692 = CARTESIAN_POINT('',(80.3,34.,5.7));
#2693 = SURFACE_CURVE('',#2694,(#2698,#2705),.PCURVE_S1.);
#2694 = LINE('',#2695,#2696);
#2695 = CARTESIAN_POINT('',(80.3,34.,0.));
#2696 = VECTOR('',#2697,1.);
#2697 = DIRECTION('',(-0.,-0.,1.));
#2698 = PCURVE('',#717,#2699);
#2699 = DEFINITIONAL_REPRESENTATION('',(#2700),#2704);
#2700 = LINE('',#2701,#2702);
#2701 = CARTESIAN_POINT('',(-0.,-30.8));
#2702 = VECTOR('',#2703,1.);
#2703 = DIRECTION('',(-1.,-0.));
#2704 = ( GEOMETRIC_REPRESENTATION_CONTEXT(2) 
PARAMETRIC_REPRESENTATION_CONTEXT() REPRESENTATION_CONTEXT('2D SPACE',''
  ) );
#2705 = PCURVE('',#689,#2706);
#2706 = DEFINITIONAL_REPRESENTATION('',(#2707),#2711);
#2707 = LINE('',#2708,#2709);
#2708 = CARTESIAN_POINT('',(-0.,9.999999999991E-03));
#2709 = VECTOR('',#2710,1.);
#2710 = DIRECTION('',(-1.,0.));
#2711 = ( GEOMETRIC_REPRESENTATION_CONTEXT(2) 
PARAMETRIC_REPRESENTATION_CONTEXT() REPRESENTATION_CONTEXT('2D SPACE',''
  ) );
#2712 = ORIENTED_EDGE('',*,*,#2713,.T.);
#2713 = EDGE_CURVE('',#2691,#2592,#2714,.T.);
#2714 = SURFACE_CURVE('',#2715,(#2719,#2726),.PCURVE_S1.);
#2715 = LINE('',#2716,#2717);
#2716 = CARTESIAN_POINT('',(80.3,34.,5.7));
#2717 = VECTOR('',#2718,1.);
#2718 = DIRECTION('',(0.,1.,0.));
#2719 = PCURVE('',#717,#2720);
#2720 = DEFINITIONAL_REPRESENTATION('',(#2721),#2725);
#2721 = LINE('',#2722,#2723);
#2722 = CARTESIAN_POINT('',(-5.7,-30.8));
#2723 = VECTOR('',#2724,1.);
#2724 = DIRECTION('',(-0.,-1.));
#2725 = ( GEOMETRIC_REPRESENTATION_CONTEXT(2) 
PARAMETRIC_REPRESENTATION_CONTEXT() REPRESENTATION_CONTEXT('2D SPACE',''
  ) );
#2726 = PCURVE('',#1788,#2727);
#2727 = DEFINITIONAL_REPRESENTATION('',(#2728),#2732);
#2728 = LINE('',#2729,#2730);
#2729 = CARTESIAN_POINT('',(-7.,-1.8));
#2730 = VECTOR('',#2731,1.);
#2731 = DIRECTION('',(0.,1.));
#2732 = ( GEOMETRIC_REPRESENTATION_CONTEXT(2) 
PARAMETRIC_REPRESENTATION_CONTEXT() REPRESENTATION_CONTEXT('2D SPACE',''
  ) );
#2733 = ORIENTED_EDGE('',*,*,#2665,.T.);
#2734 = ADVANCED_FACE('',(#2735),#689,.T.);
#2735 = FACE_BOUND('',#2736,.F.);
#2736 = EDGE_LOOP('',(#2737,#2760,#2761,#2762,#2785,#2813));
#2737 = ORIENTED_EDGE('',*,*,#2738,.F.);
#2738 = EDGE_CURVE('',#2691,#2739,#2741,.T.);
#2739 = VERTEX_POINT('',#2740);
#2740 = CARTESIAN_POINT('',(78.3,34.,5.7));
#2741 = SURFACE_CURVE('',#2742,(#2746,#2753),.PCURVE_S1.);
#2742 = LINE('',#2743,#2744);
#2743 = CARTESIAN_POINT('',(80.3,34.,5.7));
#2744 = VECTOR('',#2745,1.);
#2745 = DIRECTION('',(-1.,-0.,0.));
#2746 = PCURVE('',#689,#2747);
#2747 = DEFINITIONAL_REPRESENTATION('',(#2748),#2752);
#2748 = LINE('',#2749,#2750);
#2749 = CARTESIAN_POINT('',(-5.7,9.999999999991E-03));
#2750 = VECTOR('',#2751,1.);
#2751 = DIRECTION('',(-0.,1.));
#2752 = ( GEOMETRIC_REPRESENTATION_CONTEXT(2) 
PARAMETRIC_REPRESENTATION_CONTEXT() REPRESENTATION_CONTEXT('2D SPACE',''
  ) );
#2753 = PCURVE('',#1788,#2754);
#2754 = DEFINITIONAL_REPRESENTATION('',(#2755),#2759);
#2755 = LINE('',#2756,#2757);
#2756 = CARTESIAN_POINT('',(-7.,-1.8));
#2757 = VECTOR('',#2758,1.);
#2758 = DIRECTION('',(-1.,0.));
#2759 = ( GEOMETRIC_REPRESENTATION_CONTEXT(2) 
PARAMETRIC_REPRESENTATION_CONTEXT() REPRESENTATION_CONTEXT('2D SPACE',''
  ) );
#2760 = ORIENTED_EDGE('',*,*,#2690,.T.);
#2761 = ORIENTED_EDGE('',*,*,#673,.T.);
#2762 = ORIENTED_EDGE('',*,*,#2763,.F.);
#2763 = EDGE_CURVE('',#2764,#641,#2766,.T.);
#2764 = VERTEX_POINT('',#2765);
#2765 = CARTESIAN_POINT('',(27.3,34.,2.6));
#2766 = SURFACE_CURVE('',#2767,(#2771,#2778),.PCURVE_S1.);
#2767 = LINE('',#2768,#2769);
#2768 = CARTESIAN_POINT('',(27.3,34.,2.6));
#2769 = VECTOR('',#2770,1.);
#2770 = DIRECTION('',(0.,0.,1.));
#2771 = PCURVE('',#689,#2772);
#2772 = DEFINITIONAL_REPRESENTATION('',(#2773),#2777);
#2773 = LINE('',#2774,#2775);
#2774 = CARTESIAN_POINT('',(-2.6,53.01));
#2775 = VECTOR('',#2776,1.);
#2776 = DIRECTION('',(-1.,-0.));
#2777 = ( GEOMETRIC_REPRESENTATION_CONTEXT(2) 
PARAMETRIC_REPRESENTATION_CONTEXT() REPRESENTATION_CONTEXT('2D SPACE',''
  ) );
#2778 = PCURVE('',#661,#2779);
#2779 = DEFINITIONAL_REPRESENTATION('',(#2780),#2784);
#2780 = LINE('',#2781,#2782);
#2781 = CARTESIAN_POINT('',(4.712388980385,0.));
#2782 = VECTOR('',#2783,1.);
#2783 = DIRECTION('',(0.,-1.));
#2784 = ( GEOMETRIC_REPRESENTATION_CONTEXT(2) 
PARAMETRIC_REPRESENTATION_CONTEXT() REPRESENTATION_CONTEXT('2D SPACE',''
  ) );
#2785 = ORIENTED_EDGE('',*,*,#2786,.T.);
#2786 = EDGE_CURVE('',#2764,#2787,#2789,.T.);
#2787 = VERTEX_POINT('',#2788);
#2788 = CARTESIAN_POINT('',(78.3,34.,2.6));
#2789 = SURFACE_CURVE('',#2790,(#2794,#2801),.PCURVE_S1.);
#2790 = LINE('',#2791,#2792);
#2791 = CARTESIAN_POINT('',(83.305,34.,2.6));
#2792 = VECTOR('',#2793,1.);
#2793 = DIRECTION('',(1.,-0.,-0.));
#2794 = PCURVE('',#689,#2795);
#2795 = DEFINITIONAL_REPRESENTATION('',(#2796),#2800);
#2796 = LINE('',#2797,#2798);
#2797 = CARTESIAN_POINT('',(-2.6,-2.995));
#2798 = VECTOR('',#2799,1.);
#2799 = DIRECTION('',(-0.,-1.));
#2800 = ( GEOMETRIC_REPRESENTATION_CONTEXT(2) 
PARAMETRIC_REPRESENTATION_CONTEXT() REPRESENTATION_CONTEXT('2D SPACE',''
  ) );
#2801 = PCURVE('',#2802,#2807);
#2802 = PLANE('',#2803);
#2803 = AXIS2_PLACEMENT_3D('',#2804,#2805,#2806);
#2804 = CARTESIAN_POINT('',(86.3,9.99,2.6));
#2805 = DIRECTION('',(0.,0.,1.));
#2806 = DIRECTION('',(1.,0.,0.));
#2807 = DEFINITIONAL_REPRESENTATION('',(#2808),#2812);
#2808 = LINE('',#2809,#2810);
#2809 = CARTESIAN_POINT('',(-2.995,24.01));
#2810 = VECTOR('',#2811,1.);
#2811 = DIRECTION('',(1.,-0.));
#2812 = ( GEOMETRIC_REPRESENTATION_CONTEXT(2) 
PARAMETRIC_REPRESENTATION_CONTEXT() REPRESENTATION_CONTEXT('2D SPACE',''
  ) );
#2813 = ORIENTED_EDGE('',*,*,#2814,.T.);
#2814 = EDGE_CURVE('',#2787,#2739,#2815,.T.);
#2815 = SURFACE_CURVE('',#2816,(#2820,#2827),.PCURVE_S1.);
#2816 = LINE('',#2817,#2818);
#2817 = CARTESIAN_POINT('',(78.3,34.,2.6));
#2818 = VECTOR('',#2819,1.);
#2819 = DIRECTION('',(0.,0.,1.));
#2820 = PCURVE('',#689,#2821);
#2821 = DEFINITIONAL_REPRESENTATION('',(#2822),#2826);
#2822 = LINE('',#2823,#2824);
#2823 = CARTESIAN_POINT('',(-2.6,2.01));
#2824 = VECTOR('',#2825,1.);
#2825 = DIRECTION('',(-1.,-0.));
#2826 = ( GEOMETRIC_REPRESENTATION_CONTEXT(2) 
PARAMETRIC_REPRESENTATION_CONTEXT() REPRESENTATION_CONTEXT('2D SPACE',''
  ) );
#2827 = PCURVE('',#2828,#2833);
#2828 = CYLINDRICAL_SURFACE('',#2829,2.);
#2829 = AXIS2_PLACEMENT_3D('',#2830,#2831,#2832);
#2830 = CARTESIAN_POINT('',(78.3,36.,2.6));
#2831 = DIRECTION('',(0.,-0.,-1.));
#2832 = DIRECTION('',(-1.,-0.,-0.));
#2833 = DEFINITIONAL_REPRESENTATION('',(#2834),#2838);
#2834 = LINE('',#2835,#2836);
#2835 = CARTESIAN_POINT('',(4.712388980385,0.));
#2836 = VECTOR('',#2837,1.);
#2837 = DIRECTION('',(0.,-1.));
#2838 = ( GEOMETRIC_REPRESENTATION_CONTEXT(2) 
PARAMETRIC_REPRESENTATION_CONTEXT() REPRESENTATION_CONTEXT('2D SPACE',''
  ) );
#2839 = ADVANCED_FACE('',(#2840),#661,.F.);
#2840 = FACE_BOUND('',#2841,.F.);
#2841 = EDGE_LOOP('',(#2842,#2843,#2866,#2905));
#2842 = ORIENTED_EDGE('',*,*,#640,.T.);
#2843 = ORIENTED_EDGE('',*,*,#2844,.F.);
#2844 = EDGE_CURVE('',#2845,#613,#2847,.T.);
#2845 = VERTEX_POINT('',#2846);
#2846 = CARTESIAN_POINT('',(25.3,36.,4.6));
#2847 = SURFACE_CURVE('',#2848,(#2852,#2859),.PCURVE_S1.);
#2848 = LINE('',#2849,#2850);
#2849 = CARTESIAN_POINT('',(25.3,36.,2.6));
#2850 = VECTOR('',#2851,1.);
#2851 = DIRECTION('',(0.,0.,1.));
#2852 = PCURVE('',#661,#2853);
#2853 = DEFINITIONAL_REPRESENTATION('',(#2854),#2858);
#2854 = LINE('',#2855,#2856);
#2855 = CARTESIAN_POINT('',(6.28318530718,0.));
#2856 = VECTOR('',#2857,1.);
#2857 = DIRECTION('',(0.,-1.));
#2858 = ( GEOMETRIC_REPRESENTATION_CONTEXT(2) 
PARAMETRIC_REPRESENTATION_CONTEXT() REPRESENTATION_CONTEXT('2D SPACE',''
  ) );
#2859 = PCURVE('',#628,#2860);
#2860 = DEFINITIONAL_REPRESENTATION('',(#2861),#2865);
#2861 = LINE('',#2862,#2863);
#2862 = CARTESIAN_POINT('',(-2.6,-26.01));
#2863 = VECTOR('',#2864,1.);
#2864 = DIRECTION('',(-1.,-0.));
#2865 = ( GEOMETRIC_REPRESENTATION_CONTEXT(2) 
PARAMETRIC_REPRESENTATION_CONTEXT() REPRESENTATION_CONTEXT('2D SPACE',''
  ) );
#2866 = ORIENTED_EDGE('',*,*,#2867,.T.);
#2867 = EDGE_CURVE('',#2845,#2764,#2868,.T.);
#2868 = SURFACE_CURVE('',#2869,(#2874,#2887),.PCURVE_S1.);
#2869 = ELLIPSE('',#2870,2.828427124746,2.);
#2870 = AXIS2_PLACEMENT_3D('',#2871,#2872,#2873);
#2871 = CARTESIAN_POINT('',(27.3,36.,4.6));
#2872 = DIRECTION('',(-0.,-0.707106781187,0.707106781187));
#2873 = DIRECTION('',(-0.,-0.707106781187,-0.707106781187));
#2874 = PCURVE('',#661,#2875);
#2875 = DEFINITIONAL_REPRESENTATION('',(#2876),#2886);
#2876 = B_SPLINE_CURVE_WITH_KNOTS('',8,(#2877,#2878,#2879,#2880,#2881,
    #2882,#2883,#2884,#2885),.UNSPECIFIED.,.F.,.F.,(9,9),(4.712388980385
    ,6.28318530718),.PIECEWISE_BEZIER_KNOTS.);
#2877 = CARTESIAN_POINT('',(6.28318530718,-2.));
#2878 = CARTESIAN_POINT('',(6.08683576633,-1.607300918301));
#2879 = CARTESIAN_POINT('',(5.890486225481,-1.214601743364));
#2880 = CARTESIAN_POINT('',(5.694136684631,-0.844973477578));
#2881 = CARTESIAN_POINT('',(5.497787143784,-0.521482498846));
#2882 = CARTESIAN_POINT('',(5.301437602934,-0.26436390732));
#2883 = CARTESIAN_POINT('',(5.105088062084,-8.812155197256E-02));
#2884 = CARTESIAN_POINT('',(4.908738521234,-5.402727445362E-16));
#2885 = CARTESIAN_POINT('',(4.712388980385,-4.440892098501E-16));
#2886 = ( GEOMETRIC_REPRESENTATION_CONTEXT(2) 
PARAMETRIC_REPRESENTATION_CONTEXT() REPRESENTATION_CONTEXT('2D SPACE',''
  ) );
#2887 = PCURVE('',#2888,#2893);
#2888 = CYLINDRICAL_SURFACE('',#2889,2.);
#2889 = AXIS2_PLACEMENT_3D('',#2890,#2891,#2892);
#2890 = CARTESIAN_POINT('',(27.3,10.,4.6));
#2891 = DIRECTION('',(-0.,-1.,-0.));
#2892 = DIRECTION('',(-1.,-0.,-0.));
#2893 = DEFINITIONAL_REPRESENTATION('',(#2894),#2904);
#2894 = B_SPLINE_CURVE_WITH_KNOTS('',8,(#2895,#2896,#2897,#2898,#2899,
    #2900,#2901,#2902,#2903),.UNSPECIFIED.,.F.,.F.,(9,9),(4.712388980385
    ,6.28318530718),.PIECEWISE_BEZIER_KNOTS.);
#2895 = CARTESIAN_POINT('',(-6.28318530718,-26.));
#2896 = CARTESIAN_POINT('',(-6.08683576633,-25.6073009183));
#2897 = CARTESIAN_POINT('',(-5.890486225482,-25.21460174337));
#2898 = CARTESIAN_POINT('',(-5.694136684631,-24.8449734775));
#2899 = CARTESIAN_POINT('',(-5.497787143788,-24.52148249888));
#2900 = CARTESIAN_POINT('',(-5.301437602933,-24.26436390727));
#2901 = CARTESIAN_POINT('',(-5.105088062084,-24.08812155197));
#2902 = CARTESIAN_POINT('',(-4.908738521234,-24.));
#2903 = CARTESIAN_POINT('',(-4.712388980385,-24.));
#2904 = ( GEOMETRIC_REPRESENTATION_CONTEXT(2) 
PARAMETRIC_REPRESENTATION_CONTEXT() REPRESENTATION_CONTEXT('2D SPACE',''
  ) );
#2905 = ORIENTED_EDGE('',*,*,#2763,.T.);
#2906 = ADVANCED_FACE('',(#2907,#2955,#3042,#3128,#3242,#3356,#3443,
    #3529,#3643,#3729),#628,.F.);
#2907 = FACE_BOUND('',#2908,.T.);
#2908 = EDGE_LOOP('',(#2909,#2910,#2911,#2934));
#2909 = ORIENTED_EDGE('',*,*,#612,.F.);
#2910 = ORIENTED_EDGE('',*,*,#2844,.F.);
#2911 = ORIENTED_EDGE('',*,*,#2912,.T.);
#2912 = EDGE_CURVE('',#2845,#2913,#2915,.T.);
#2913 = VERTEX_POINT('',#2914);
#2914 = CARTESIAN_POINT('',(25.3,200.,4.6));
#2915 = SURFACE_CURVE('',#2916,(#2920,#2927),.PCURVE_S1.);
#2916 = LINE('',#2917,#2918);
#2917 = CARTESIAN_POINT('',(25.3,10.,4.6));
#2918 = VECTOR('',#2919,1.);
#2919 = DIRECTION('',(0.,1.,0.));
#2920 = PCURVE('',#628,#2921);
#2921 = DEFINITIONAL_REPRESENTATION('',(#2922),#2926);
#2922 = LINE('',#2923,#2924);
#2923 = CARTESIAN_POINT('',(-4.6,-1.E-02));
#2924 = VECTOR('',#2925,1.);
#2925 = DIRECTION('',(-0.,-1.));
#2926 = ( GEOMETRIC_REPRESENTATION_CONTEXT(2) 
PARAMETRIC_REPRESENTATION_CONTEXT() REPRESENTATION_CONTEXT('2D SPACE',''
  ) );
#2927 = PCURVE('',#2888,#2928);
#2928 = DEFINITIONAL_REPRESENTATION('',(#2929),#2933);
#2929 = LINE('',#2930,#2931);
#2930 = CARTESIAN_POINT('',(-6.28318530718,0.));
#2931 = VECTOR('',#2932,1.);
#2932 = DIRECTION('',(-0.,-1.));
#2933 = ( GEOMETRIC_REPRESENTATION_CONTEXT(2) 
PARAMETRIC_REPRESENTATION_CONTEXT() REPRESENTATION_CONTEXT('2D SPACE',''
  ) );
#2934 = ORIENTED_EDGE('',*,*,#2935,.T.);
#2935 = EDGE_CURVE('',#2913,#580,#2936,.T.);
#2936 = SURFACE_CURVE('',#2937,(#2941,#2948),.PCURVE_S1.);
#2937 = LINE('',#2938,#2939);
#2938 = CARTESIAN_POINT('',(25.3,200.,2.6));
#2939 = VECTOR('',#2940,1.);
#2940 = DIRECTION('',(0.,0.,1.));
#2941 = PCURVE('',#628,#2942);
#2942 = DEFINITIONAL_REPRESENTATION('',(#2943),#2947);
#2943 = LINE('',#2944,#2945);
#2944 = CARTESIAN_POINT('',(-2.6,-190.01));
#2945 = VECTOR('',#2946,1.);
#2946 = DIRECTION('',(-1.,-0.));
#2947 = ( GEOMETRIC_REPRESENTATION_CONTEXT(2) 
PARAMETRIC_REPRESENTATION_CONTEXT() REPRESENTATION_CONTEXT('2D SPACE',''
  ) );
#2948 = PCURVE('',#600,#2949);
#2949 = DEFINITIONAL_REPRESENTATION('',(#2950),#2954);
#2950 = LINE('',#2951,#2952);
#2951 = CARTESIAN_POINT('',(0.,0.));
#2952 = VECTOR('',#2953,1.);
#2953 = DIRECTION('',(0.,-1.));
#2954 = ( GEOMETRIC_REPRESENTATION_CONTEXT(2) 
PARAMETRIC_REPRESENTATION_CONTEXT() REPRESENTATION_CONTEXT('2D SPACE',''
  ) );
#2955 = FACE_BOUND('',#2956,.T.);
#2956 = EDGE_LOOP('',(#2957,#2987,#3016));
#2957 = ORIENTED_EDGE('',*,*,#2958,.T.);
#2958 = EDGE_CURVE('',#2959,#2961,#2963,.T.);
#2959 = VERTEX_POINT('',#2960);
#2960 = CARTESIAN_POINT('',(25.3,192.5,15.381118318204));
#2961 = VERTEX_POINT('',#2962);
#2962 = CARTESIAN_POINT('',(25.3,195.5405591591,12.340559159102));
#2963 = SURFACE_CURVE('',#2964,(#2968,#2975),.PCURVE_S1.);
#2964 = LINE('',#2965,#2966);
#2965 = CARTESIAN_POINT('',(25.3,152.2380591591,55.643059159102));
#2966 = VECTOR('',#2967,1.);
#2967 = DIRECTION('',(-0.,0.707106781187,-0.707106781187));
#2968 = PCURVE('',#628,#2969);
#2969 = DEFINITIONAL_REPRESENTATION('',(#2970),#2974);
#2970 = LINE('',#2971,#2972);
#2971 = CARTESIAN_POINT('',(-55.6430591591,-142.2480591591));
#2972 = VECTOR('',#2973,1.);
#2973 = DIRECTION('',(0.707106781187,-0.707106781187));
#2974 = ( GEOMETRIC_REPRESENTATION_CONTEXT(2) 
PARAMETRIC_REPRESENTATION_CONTEXT() REPRESENTATION_CONTEXT('2D SPACE',''
  ) );
#2975 = PCURVE('',#2976,#2981);
#2976 = PLANE('',#2977);
#2977 = AXIS2_PLACEMENT_3D('',#2978,#2979,#2980);
#2978 = CARTESIAN_POINT('',(26.3,195.5405591591,12.340559159102));
#2979 = DIRECTION('',(-0.,-0.707106781187,-0.707106781187));
#2980 = DIRECTION('',(0.,0.707106781187,-0.707106781187));
#2981 = DEFINITIONAL_REPRESENTATION('',(#2982),#2986);
#2982 = LINE('',#2983,#2984);
#2983 = CARTESIAN_POINT('',(-61.23898278466,-1.));
#2984 = VECTOR('',#2985,1.);
#2985 = DIRECTION('',(1.,-0.));
#2986 = ( GEOMETRIC_REPRESENTATION_CONTEXT(2) 
PARAMETRIC_REPRESENTATION_CONTEXT() REPRESENTATION_CONTEXT('2D SPACE',''
  ) );
#2987 = ORIENTED_EDGE('',*,*,#2988,.T.);
#2988 = EDGE_CURVE('',#2961,#2989,#2991,.T.);
#2989 = VERTEX_POINT('',#2990);
#2990 = CARTESIAN_POINT('',(25.3,189.45944084089,12.340559159102));
#2991 = SURFACE_CURVE('',#2992,(#2997,#3004),.PCURVE_S1.);
#2992 = CIRCLE('',#2993,4.3);
#2993 = AXIS2_PLACEMENT_3D('',#2994,#2995,#2996);
#2994 = CARTESIAN_POINT('',(25.3,192.5,9.3));
#2995 = DIRECTION('',(-1.,0.,0.));
#2996 = DIRECTION('',(-0.,-6.609699867536E-15,-1.));
#2997 = PCURVE('',#628,#2998);
#2998 = DEFINITIONAL_REPRESENTATION('',(#2999),#3003);
#2999 = CIRCLE('',#3000,4.3);
#3000 = AXIS2_PLACEMENT_2D('',#3001,#3002);
#3001 = CARTESIAN_POINT('',(-9.3,-182.51));
#3002 = DIRECTION('',(1.,6.609699867536E-15));
#3003 = ( GEOMETRIC_REPRESENTATION_CONTEXT(2) 
PARAMETRIC_REPRESENTATION_CONTEXT() REPRESENTATION_CONTEXT('2D SPACE',''
  ) );
#3004 = PCURVE('',#3005,#3010);
#3005 = CYLINDRICAL_SURFACE('',#3006,4.3);
#3006 = AXIS2_PLACEMENT_3D('',#3007,#3008,#3009);
#3007 = CARTESIAN_POINT('',(26.3,192.5,9.3));
#3008 = DIRECTION('',(1.,-0.,-0.));
#3009 = DIRECTION('',(-0.,-6.609699867536E-15,-1.));
#3010 = DEFINITIONAL_REPRESENTATION('',(#3011),#3015);
#3011 = LINE('',#3012,#3013);
#3012 = CARTESIAN_POINT('',(6.28318530718,-1.));
#3013 = VECTOR('',#3014,1.);
#3014 = DIRECTION('',(-1.,0.));
#3015 = ( GEOMETRIC_REPRESENTATION_CONTEXT(2) 
PARAMETRIC_REPRESENTATION_CONTEXT() REPRESENTATION_CONTEXT('2D SPACE',''
  ) );
#3016 = ORIENTED_EDGE('',*,*,#3017,.T.);
#3017 = EDGE_CURVE('',#2989,#2959,#3018,.T.);
#3018 = SURFACE_CURVE('',#3019,(#3023,#3030),.PCURVE_S1.);
#3019 = LINE('',#3020,#3021);
#3020 = CARTESIAN_POINT('',(25.3,143.02722042044,-34.09166126134));
#3021 = VECTOR('',#3022,1.);
#3022 = DIRECTION('',(-0.,0.707106781187,0.707106781187));
#3023 = PCURVE('',#628,#3024);
#3024 = DEFINITIONAL_REPRESENTATION('',(#3025),#3029);
#3025 = LINE('',#3026,#3027);
#3026 = CARTESIAN_POINT('',(34.091661261347,-133.0372204204));
#3027 = VECTOR('',#3028,1.);
#3028 = DIRECTION('',(-0.707106781187,-0.707106781187));
#3029 = ( GEOMETRIC_REPRESENTATION_CONTEXT(2) 
PARAMETRIC_REPRESENTATION_CONTEXT() REPRESENTATION_CONTEXT('2D SPACE',''
  ) );
#3030 = PCURVE('',#3031,#3036);
#3031 = PLANE('',#3032);
#3032 = AXIS2_PLACEMENT_3D('',#3033,#3034,#3035);
#3033 = CARTESIAN_POINT('',(26.3,192.5,15.381118318204));
#3034 = DIRECTION('',(-0.,0.707106781187,-0.707106781187));
#3035 = DIRECTION('',(0.,0.707106781187,0.707106781187));
#3036 = DEFINITIONAL_REPRESENTATION('',(#3037),#3041);
#3037 = LINE('',#3038,#3039);
#3038 = CARTESIAN_POINT('',(-69.96507584969,-1.));
#3039 = VECTOR('',#3040,1.);
#3040 = DIRECTION('',(1.,-0.));
#3041 = ( GEOMETRIC_REPRESENTATION_CONTEXT(2) 
PARAMETRIC_REPRESENTATION_CONTEXT() REPRESENTATION_CONTEXT('2D SPACE',''
  ) );
#3042 = FACE_BOUND('',#3043,.T.);
#3043 = EDGE_LOOP('',(#3044,#3074,#3102));
#3044 = ORIENTED_EDGE('',*,*,#3045,.T.);
#3045 = EDGE_CURVE('',#3046,#3048,#3050,.T.);
#3046 = VERTEX_POINT('',#3047);
#3047 = CARTESIAN_POINT('',(25.3,138.34264068711,18.47867965644));
#3048 = VERTEX_POINT('',#3049);
#3049 = CARTESIAN_POINT('',(25.3,151.82132034356,5.));
#3050 = SURFACE_CURVE('',#3051,(#3055,#3062),.PCURVE_S1.);
#3051 = LINE('',#3052,#3053);
#3052 = CARTESIAN_POINT('',(25.3,117.61349025767,39.20783008589));
#3053 = VECTOR('',#3054,1.);
#3054 = DIRECTION('',(-0.,0.707106781187,-0.707106781187));
#3055 = PCURVE('',#628,#3056);
#3056 = DEFINITIONAL_REPRESENTATION('',(#3057),#3061);
#3057 = LINE('',#3058,#3059);
#3058 = CARTESIAN_POINT('',(-39.20783008589,-107.6234902576));
#3059 = VECTOR('',#3060,1.);
#3060 = DIRECTION('',(0.707106781187,-0.707106781187));
#3061 = ( GEOMETRIC_REPRESENTATION_CONTEXT(2) 
PARAMETRIC_REPRESENTATION_CONTEXT() REPRESENTATION_CONTEXT('2D SPACE',''
  ) );
#3062 = PCURVE('',#3063,#3068);
#3063 = PLANE('',#3064);
#3064 = AXIS2_PLACEMENT_3D('',#3065,#3066,#3067);
#3065 = CARTESIAN_POINT('',(26.3,151.82132034356,5.));
#3066 = DIRECTION('',(-0.,-0.707106781187,-0.707106781187));
#3067 = DIRECTION('',(0.,0.707106781187,-0.707106781187));
#3068 = DEFINITIONAL_REPRESENTATION('',(#3069),#3073);
#3069 = LINE('',#3070,#3071);
#3070 = CARTESIAN_POINT('',(-48.37717724682,-1.));
#3071 = VECTOR('',#3072,1.);
#3072 = DIRECTION('',(1.,-0.));
#3073 = ( GEOMETRIC_REPRESENTATION_CONTEXT(2) 
PARAMETRIC_REPRESENTATION_CONTEXT() REPRESENTATION_CONTEXT('2D SPACE',''
  ) );
#3074 = ORIENTED_EDGE('',*,*,#3075,.T.);
#3075 = EDGE_CURVE('',#3048,#3076,#3078,.T.);
#3076 = VERTEX_POINT('',#3077);
#3077 = CARTESIAN_POINT('',(25.3,124.86396103067,5.));
#3078 = SURFACE_CURVE('',#3079,(#3083,#3090),.PCURVE_S1.);
#3079 = LINE('',#3080,#3081);
#3080 = CARTESIAN_POINT('',(25.3,67.426980515339,5.));
#3081 = VECTOR('',#3082,1.);
#3082 = DIRECTION('',(-0.,-1.,-0.));
#3083 = PCURVE('',#628,#3084);
#3084 = DEFINITIONAL_REPRESENTATION('',(#3085),#3089);
#3085 = LINE('',#3086,#3087);
#3086 = CARTESIAN_POINT('',(-5.,-57.43698051533));
#3087 = VECTOR('',#3088,1.);
#3088 = DIRECTION('',(-0.,1.));
#3089 = ( GEOMETRIC_REPRESENTATION_CONTEXT(2) 
PARAMETRIC_REPRESENTATION_CONTEXT() REPRESENTATION_CONTEXT('2D SPACE',''
  ) );
#3090 = PCURVE('',#3091,#3096);
#3091 = PLANE('',#3092);
#3092 = AXIS2_PLACEMENT_3D('',#3093,#3094,#3095);
#3093 = CARTESIAN_POINT('',(26.3,124.86396103067,5.));
#3094 = DIRECTION('',(-0.,-0.,1.));
#3095 = DIRECTION('',(0.,-1.,0.));
#3096 = DEFINITIONAL_REPRESENTATION('',(#3097),#3101);
#3097 = LINE('',#3098,#3099);
#3098 = CARTESIAN_POINT('',(57.436980515339,-1.));
#3099 = VECTOR('',#3100,1.);
#3100 = DIRECTION('',(1.,-0.));
#3101 = ( GEOMETRIC_REPRESENTATION_CONTEXT(2) 
PARAMETRIC_REPRESENTATION_CONTEXT() REPRESENTATION_CONTEXT('2D SPACE',''
  ) );
#3102 = ORIENTED_EDGE('',*,*,#3103,.T.);
#3103 = EDGE_CURVE('',#3076,#3046,#3104,.T.);
#3104 = SURFACE_CURVE('',#3105,(#3109,#3116),.PCURVE_S1.);
#3105 = LINE('',#3106,#3107);
#3106 = CARTESIAN_POINT('',(25.3,101.63481060122,-18.22915042945));
#3107 = VECTOR('',#3108,1.);
#3108 = DIRECTION('',(-0.,0.707106781187,0.707106781187));
#3109 = PCURVE('',#628,#3110);
#3110 = DEFINITIONAL_REPRESENTATION('',(#3111),#3115);
#3111 = LINE('',#3112,#3113);
#3112 = CARTESIAN_POINT('',(18.22915042945,-91.64481060122));
#3113 = VECTOR('',#3114,1.);
#3114 = DIRECTION('',(-0.707106781187,-0.707106781187));
#3115 = ( GEOMETRIC_REPRESENTATION_CONTEXT(2) 
PARAMETRIC_REPRESENTATION_CONTEXT() REPRESENTATION_CONTEXT('2D SPACE',''
  ) );
#3116 = PCURVE('',#3117,#3122);
#3117 = PLANE('',#3118);
#3118 = AXIS2_PLACEMENT_3D('',#3119,#3120,#3121);
#3119 = CARTESIAN_POINT('',(26.3,138.34264068711,18.47867965644));
#3120 = DIRECTION('',(-0.,0.707106781187,-0.707106781187));
#3121 = DIRECTION('',(0.,0.707106781187,0.707106781187));
#3122 = DEFINITIONAL_REPRESENTATION('',(#3123),#3127);
#3123 = LINE('',#3124,#3125);
#3124 = CARTESIAN_POINT('',(-51.91271115275,-1.));
#3125 = VECTOR('',#3126,1.);
#3126 = DIRECTION('',(1.,-0.));
#3127 = ( GEOMETRIC_REPRESENTATION_CONTEXT(2) 
PARAMETRIC_REPRESENTATION_CONTEXT() REPRESENTATION_CONTEXT('2D SPACE',''
  ) );
#3128 = FACE_BOUND('',#3129,.T.);
#3129 = EDGE_LOOP('',(#3130,#3160,#3188,#3216));
#3130 = ORIENTED_EDGE('',*,*,#3131,.T.);
#3131 = EDGE_CURVE('',#3132,#3134,#3136,.T.);
#3132 = VERTEX_POINT('',#3133);
#3133 = CARTESIAN_POINT('',(25.3,170.46396103067,20.6));
#3134 = VERTEX_POINT('',#3135);
#3135 = CARTESIAN_POINT('',(25.3,155.46396103067,5.6));
#3136 = SURFACE_CURVE('',#3137,(#3141,#3148),.PCURVE_S1.);
#3137 = LINE('',#3138,#3139);
#3138 = CARTESIAN_POINT('',(25.3,117.695470773,-32.16849025767));
#3139 = VECTOR('',#3140,1.);
#3140 = DIRECTION('',(-0.,-0.707106781187,-0.707106781187));
#3141 = PCURVE('',#628,#3142);
#3142 = DEFINITIONAL_REPRESENTATION('',(#3143),#3147);
#3143 = LINE('',#3144,#3145);
#3144 = CARTESIAN_POINT('',(32.16849025767,-107.705470773));
#3145 = VECTOR('',#3146,1.);
#3146 = DIRECTION('',(0.707106781187,0.707106781187));
#3147 = ( GEOMETRIC_REPRESENTATION_CONTEXT(2) 
PARAMETRIC_REPRESENTATION_CONTEXT() REPRESENTATION_CONTEXT('2D SPACE',''
  ) );
#3148 = PCURVE('',#3149,#3154);
#3149 = PLANE('',#3150);
#3150 = AXIS2_PLACEMENT_3D('',#3151,#3152,#3153);
#3151 = CARTESIAN_POINT('',(26.3,155.46396103067,5.6));
#3152 = DIRECTION('',(-0.,-0.707106781187,0.707106781187));
#3153 = DIRECTION('',(0.,-0.707106781187,-0.707106781187));
#3154 = DEFINITIONAL_REPRESENTATION('',(#3155),#3159);
#3155 = LINE('',#3156,#3157);
#3156 = CARTESIAN_POINT('',(53.412711152753,-1.));
#3157 = VECTOR('',#3158,1.);
#3158 = DIRECTION('',(1.,-0.));
#3159 = ( GEOMETRIC_REPRESENTATION_CONTEXT(2) 
PARAMETRIC_REPRESENTATION_CONTEXT() REPRESENTATION_CONTEXT('2D SPACE',''
  ) );
#3160 = ORIENTED_EDGE('',*,*,#3161,.T.);
#3161 = EDGE_CURVE('',#3134,#3162,#3164,.T.);
#3162 = VERTEX_POINT('',#3163);
#3163 = CARTESIAN_POINT('',(25.3,140.46396103067,20.6));
#3164 = SURFACE_CURVE('',#3165,(#3169,#3176),.PCURVE_S1.);
#3165 = LINE('',#3166,#3167);
#3166 = CARTESIAN_POINT('',(25.3,112.995470773,48.06849025767));
#3167 = VECTOR('',#3168,1.);
#3168 = DIRECTION('',(-0.,-0.707106781187,0.707106781187));
#3169 = PCURVE('',#628,#3170);
#3170 = DEFINITIONAL_REPRESENTATION('',(#3171),#3175);
#3171 = LINE('',#3172,#3173);
#3172 = CARTESIAN_POINT('',(-48.06849025767,-103.005470773));
#3173 = VECTOR('',#3174,1.);
#3174 = DIRECTION('',(-0.707106781187,0.707106781187));
#3175 = ( GEOMETRIC_REPRESENTATION_CONTEXT(2) 
PARAMETRIC_REPRESENTATION_CONTEXT() REPRESENTATION_CONTEXT('2D SPACE',''
  ) );
#3176 = PCURVE('',#3177,#3182);
#3177 = PLANE('',#3178);
#3178 = AXIS2_PLACEMENT_3D('',#3179,#3180,#3181);
#3179 = CARTESIAN_POINT('',(26.3,140.46396103067,20.6));
#3180 = DIRECTION('',(-0.,0.707106781187,0.707106781187));
#3181 = DIRECTION('',(0.,-0.707106781187,0.707106781187));
#3182 = DEFINITIONAL_REPRESENTATION('',(#3183),#3187);
#3183 = LINE('',#3184,#3185);
#3184 = CARTESIAN_POINT('',(38.84631146031,-1.));
#3185 = VECTOR('',#3186,1.);
#3186 = DIRECTION('',(1.,-0.));
#3187 = ( GEOMETRIC_REPRESENTATION_CONTEXT(2) 
PARAMETRIC_REPRESENTATION_CONTEXT() REPRESENTATION_CONTEXT('2D SPACE',''
  ) );
#3188 = ORIENTED_EDGE('',*,*,#3189,.T.);
#3189 = EDGE_CURVE('',#3162,#3190,#3192,.T.);
#3190 = VERTEX_POINT('',#3191);
#3191 = CARTESIAN_POINT('',(25.3,155.46396103067,35.6));
#3192 = SURFACE_CURVE('',#3193,(#3197,#3204),.PCURVE_S1.);
#3193 = LINE('',#3194,#3195);
#3194 = CARTESIAN_POINT('',(25.3,110.195470773,-9.66849025767));
#3195 = VECTOR('',#3196,1.);
#3196 = DIRECTION('',(-0.,0.707106781187,0.707106781187));
#3197 = PCURVE('',#628,#3198);
#3198 = DEFINITIONAL_REPRESENTATION('',(#3199),#3203);
#3199 = LINE('',#3200,#3201);
#3200 = CARTESIAN_POINT('',(9.66849025767,-100.205470773));
#3201 = VECTOR('',#3202,1.);
#3202 = DIRECTION('',(-0.707106781187,-0.707106781187));
#3203 = ( GEOMETRIC_REPRESENTATION_CONTEXT(2) 
PARAMETRIC_REPRESENTATION_CONTEXT() REPRESENTATION_CONTEXT('2D SPACE',''
  ) );
#3204 = PCURVE('',#3205,#3210);
#3205 = PLANE('',#3206);
#3206 = AXIS2_PLACEMENT_3D('',#3207,#3208,#3209);
#3207 = CARTESIAN_POINT('',(26.3,155.46396103067,35.6));
#3208 = DIRECTION('',(-0.,0.707106781187,-0.707106781187));
#3209 = DIRECTION('',(0.,0.707106781187,0.707106781187));
#3210 = DEFINITIONAL_REPRESENTATION('',(#3211),#3215);
#3211 = LINE('',#3212,#3213);
#3212 = CARTESIAN_POINT('',(-64.01931287055,-1.));
#3213 = VECTOR('',#3214,1.);
#3214 = DIRECTION('',(1.,-0.));
#3215 = ( GEOMETRIC_REPRESENTATION_CONTEXT(2) 
PARAMETRIC_REPRESENTATION_CONTEXT() REPRESENTATION_CONTEXT('2D SPACE',''
  ) );
#3216 = ORIENTED_EDGE('',*,*,#3217,.T.);
#3217 = EDGE_CURVE('',#3190,#3132,#3218,.T.);
#3218 = SURFACE_CURVE('',#3219,(#3223,#3230),.PCURVE_S1.);
#3219 = LINE('',#3220,#3221);
#3220 = CARTESIAN_POINT('',(25.3,135.495470773,55.56849025767));
#3221 = VECTOR('',#3222,1.);
#3222 = DIRECTION('',(-0.,0.707106781187,-0.707106781187));
#3223 = PCURVE('',#628,#3224);
#3224 = DEFINITIONAL_REPRESENTATION('',(#3225),#3229);
#3225 = LINE('',#3226,#3227);
#3226 = CARTESIAN_POINT('',(-55.56849025767,-125.505470773));
#3227 = VECTOR('',#3228,1.);
#3228 = DIRECTION('',(0.707106781187,-0.707106781187));
#3229 = ( GEOMETRIC_REPRESENTATION_CONTEXT(2) 
PARAMETRIC_REPRESENTATION_CONTEXT() REPRESENTATION_CONTEXT('2D SPACE',''
  ) );
#3230 = PCURVE('',#3231,#3236);
#3231 = PLANE('',#3232);
#3232 = AXIS2_PLACEMENT_3D('',#3233,#3234,#3235);
#3233 = CARTESIAN_POINT('',(26.3,170.46396103067,20.6));
#3234 = DIRECTION('',(-0.,-0.707106781187,-0.707106781187));
#3235 = DIRECTION('',(0.,0.707106781187,-0.707106781187));
#3236 = DEFINITIONAL_REPRESENTATION('',(#3237),#3241);
#3237 = LINE('',#3238,#3239);
#3238 = CARTESIAN_POINT('',(-49.4529131781,-1.));
#3239 = VECTOR('',#3240,1.);
#3240 = DIRECTION('',(1.,-0.));
#3241 = ( GEOMETRIC_REPRESENTATION_CONTEXT(2) 
PARAMETRIC_REPRESENTATION_CONTEXT() REPRESENTATION_CONTEXT('2D SPACE',''
  ) );
#3242 = FACE_BOUND('',#3243,.T.);
#3243 = EDGE_LOOP('',(#3244,#3274,#3302,#3330));
#3244 = ORIENTED_EDGE('',*,*,#3245,.T.);
#3245 = EDGE_CURVE('',#3246,#3248,#3250,.T.);
#3246 = VERTEX_POINT('',#3247);
#3247 = CARTESIAN_POINT('',(25.3,136.22132034356,20.6));
#3248 = VERTEX_POINT('',#3249);
#3249 = CARTESIAN_POINT('',(25.3,121.22132034356,5.6));
#3250 = SURFACE_CURVE('',#3251,(#3255,#3262),.PCURVE_S1.);
#3251 = LINE('',#3252,#3253);
#3252 = CARTESIAN_POINT('',(25.3,92.01349025767,-23.60783008589));
#3253 = VECTOR('',#3254,1.);
#3254 = DIRECTION('',(-0.,-0.707106781187,-0.707106781187));
#3255 = PCURVE('',#628,#3256);
#3256 = DEFINITIONAL_REPRESENTATION('',(#3257),#3261);
#3257 = LINE('',#3258,#3259);
#3258 = CARTESIAN_POINT('',(23.60783008589,-82.02349025767));
#3259 = VECTOR('',#3260,1.);
#3260 = DIRECTION('',(0.707106781187,0.707106781187));
#3261 = ( GEOMETRIC_REPRESENTATION_CONTEXT(2) 
PARAMETRIC_REPRESENTATION_CONTEXT() REPRESENTATION_CONTEXT('2D SPACE',''
  ) );
#3262 = PCURVE('',#3263,#3268);
#3263 = PLANE('',#3264);
#3264 = AXIS2_PLACEMENT_3D('',#3265,#3266,#3267);
#3265 = CARTESIAN_POINT('',(26.3,121.22132034356,5.6));
#3266 = DIRECTION('',(-0.,-0.707106781187,0.707106781187));
#3267 = DIRECTION('',(0.,-0.707106781187,-0.707106781187));
#3268 = DEFINITIONAL_REPRESENTATION('',(#3269),#3273);
#3269 = LINE('',#3270,#3271);
#3270 = CARTESIAN_POINT('',(41.306109434954,-1.));
#3271 = VECTOR('',#3272,1.);
#3272 = DIRECTION('',(1.,-0.));
#3273 = ( GEOMETRIC_REPRESENTATION_CONTEXT(2) 
PARAMETRIC_REPRESENTATION_CONTEXT() REPRESENTATION_CONTEXT('2D SPACE',''
  ) );
#3274 = ORIENTED_EDGE('',*,*,#3275,.T.);
#3275 = EDGE_CURVE('',#3248,#3276,#3278,.T.);
#3276 = VERTEX_POINT('',#3277);
#3277 = CARTESIAN_POINT('',(25.3,106.22132034356,20.6));
#3278 = SURFACE_CURVE('',#3279,(#3283,#3290),.PCURVE_S1.);
#3279 = LINE('',#3280,#3281);
#3280 = CARTESIAN_POINT('',(25.3,87.31349025767,39.50783008589));
#3281 = VECTOR('',#3282,1.);
#3282 = DIRECTION('',(-0.,-0.707106781187,0.707106781187));
#3283 = PCURVE('',#628,#3284);
#3284 = DEFINITIONAL_REPRESENTATION('',(#3285),#3289);
#3285 = LINE('',#3286,#3287);
#3286 = CARTESIAN_POINT('',(-39.50783008589,-77.32349025767));
#3287 = VECTOR('',#3288,1.);
#3288 = DIRECTION('',(-0.707106781187,0.707106781187));
#3289 = ( GEOMETRIC_REPRESENTATION_CONTEXT(2) 
PARAMETRIC_REPRESENTATION_CONTEXT() REPRESENTATION_CONTEXT('2D SPACE',''
  ) );
#3290 = PCURVE('',#3291,#3296);
#3291 = PLANE('',#3292);
#3292 = AXIS2_PLACEMENT_3D('',#3293,#3294,#3295);
#3293 = CARTESIAN_POINT('',(26.3,106.22132034356,20.6));
#3294 = DIRECTION('',(-0.,0.707106781187,0.707106781187));
#3295 = DIRECTION('',(0.,-0.707106781187,0.707106781187));
#3296 = DEFINITIONAL_REPRESENTATION('',(#3297),#3301);
#3297 = LINE('',#3298,#3299);
#3298 = CARTESIAN_POINT('',(26.739709742512,-1.));
#3299 = VECTOR('',#3300,1.);
#3300 = DIRECTION('',(1.,-0.));
#3301 = ( GEOMETRIC_REPRESENTATION_CONTEXT(2) 
PARAMETRIC_REPRESENTATION_CONTEXT() REPRESENTATION_CONTEXT('2D SPACE',''
  ) );
#3302 = ORIENTED_EDGE('',*,*,#3303,.T.);
#3303 = EDGE_CURVE('',#3276,#3304,#3306,.T.);
#3304 = VERTEX_POINT('',#3305);
#3305 = CARTESIAN_POINT('',(25.3,121.22132034356,35.6));
#3306 = SURFACE_CURVE('',#3307,(#3311,#3318),.PCURVE_S1.);
#3307 = LINE('',#3308,#3309);
#3308 = CARTESIAN_POINT('',(25.3,84.51349025767,-1.10783008589));
#3309 = VECTOR('',#3310,1.);
#3310 = DIRECTION('',(-0.,0.707106781187,0.707106781187));
#3311 = PCURVE('',#628,#3312);
#3312 = DEFINITIONAL_REPRESENTATION('',(#3313),#3317);
#3313 = LINE('',#3314,#3315);
#3314 = CARTESIAN_POINT('',(1.10783008589,-74.52349025767));
#3315 = VECTOR('',#3316,1.);
#3316 = DIRECTION('',(-0.707106781187,-0.707106781187));
#3317 = ( GEOMETRIC_REPRESENTATION_CONTEXT(2) 
PARAMETRIC_REPRESENTATION_CONTEXT() REPRESENTATION_CONTEXT('2D SPACE',''
  ) );
#3318 = PCURVE('',#3319,#3324);
#3319 = PLANE('',#3320);
#3320 = AXIS2_PLACEMENT_3D('',#3321,#3322,#3323);
#3321 = CARTESIAN_POINT('',(26.3,121.22132034356,35.6));
#3322 = DIRECTION('',(-0.,0.707106781187,-0.707106781187));
#3323 = DIRECTION('',(0.,0.707106781187,0.707106781187));
#3324 = DEFINITIONAL_REPRESENTATION('',(#3325),#3329);
#3325 = LINE('',#3326,#3327);
#3326 = CARTESIAN_POINT('',(-51.91271115275,-1.));
#3327 = VECTOR('',#3328,1.);
#3328 = DIRECTION('',(1.,-0.));
#3329 = ( GEOMETRIC_REPRESENTATION_CONTEXT(2) 
PARAMETRIC_REPRESENTATION_CONTEXT() REPRESENTATION_CONTEXT('2D SPACE',''
  ) );
#3330 = ORIENTED_EDGE('',*,*,#3331,.T.);
#3331 = EDGE_CURVE('',#3304,#3246,#3332,.T.);
#3332 = SURFACE_CURVE('',#3333,(#3337,#3344),.PCURVE_S1.);
#3333 = LINE('',#3334,#3335);
#3334 = CARTESIAN_POINT('',(25.3,109.81349025767,47.00783008589));
#3335 = VECTOR('',#3336,1.);
#3336 = DIRECTION('',(-0.,0.707106781187,-0.707106781187));
#3337 = PCURVE('',#628,#3338);
#3338 = DEFINITIONAL_REPRESENTATION('',(#3339),#3343);
#3339 = LINE('',#3340,#3341);
#3340 = CARTESIAN_POINT('',(-47.00783008589,-99.82349025767));
#3341 = VECTOR('',#3342,1.);
#3342 = DIRECTION('',(0.707106781187,-0.707106781187));
#3343 = ( GEOMETRIC_REPRESENTATION_CONTEXT(2) 
PARAMETRIC_REPRESENTATION_CONTEXT() REPRESENTATION_CONTEXT('2D SPACE',''
  ) );
#3344 = PCURVE('',#3345,#3350);
#3345 = PLANE('',#3346);
#3346 = AXIS2_PLACEMENT_3D('',#3347,#3348,#3349);
#3347 = CARTESIAN_POINT('',(26.3,136.22132034356,20.6));
#3348 = DIRECTION('',(-0.,-0.707106781187,-0.707106781187));
#3349 = DIRECTION('',(0.,0.707106781187,-0.707106781187));
#3350 = DEFINITIONAL_REPRESENTATION('',(#3351),#3355);
#3351 = LINE('',#3352,#3353);
#3352 = CARTESIAN_POINT('',(-37.34631146031,-1.));
#3353 = VECTOR('',#3354,1.);
#3354 = DIRECTION('',(1.,-0.));
#3355 = ( GEOMETRIC_REPRESENTATION_CONTEXT(2) 
PARAMETRIC_REPRESENTATION_CONTEXT() REPRESENTATION_CONTEXT('2D SPACE',''
  ) );
#3356 = FACE_BOUND('',#3357,.T.);
#3357 = EDGE_LOOP('',(#3358,#3388,#3417));
#3358 = ORIENTED_EDGE('',*,*,#3359,.T.);
#3359 = EDGE_CURVE('',#3360,#3362,#3364,.T.);
#3360 = VERTEX_POINT('',#3361);
#3361 = CARTESIAN_POINT('',(25.3,192.5,40.381118318204));
#3362 = VERTEX_POINT('',#3363);
#3363 = CARTESIAN_POINT('',(25.3,195.5405591591,37.340559159102));
#3364 = SURFACE_CURVE('',#3365,(#3369,#3376),.PCURVE_S1.);
#3365 = LINE('',#3366,#3367);
#3366 = CARTESIAN_POINT('',(25.3,158.4880591591,74.393059159102));
#3367 = VECTOR('',#3368,1.);
#3368 = DIRECTION('',(-0.,0.707106781187,-0.707106781187));
#3369 = PCURVE('',#628,#3370);
#3370 = DEFINITIONAL_REPRESENTATION('',(#3371),#3375);
#3371 = LINE('',#3372,#3373);
#3372 = CARTESIAN_POINT('',(-74.3930591591,-148.4980591591));
#3373 = VECTOR('',#3374,1.);
#3374 = DIRECTION('',(0.707106781187,-0.707106781187));
#3375 = ( GEOMETRIC_REPRESENTATION_CONTEXT(2) 
PARAMETRIC_REPRESENTATION_CONTEXT() REPRESENTATION_CONTEXT('2D SPACE',''
  ) );
#3376 = PCURVE('',#3377,#3382);
#3377 = PLANE('',#3378);
#3378 = AXIS2_PLACEMENT_3D('',#3379,#3380,#3381);
#3379 = CARTESIAN_POINT('',(26.3,195.5405591591,37.340559159102));
#3380 = DIRECTION('',(-0.,-0.707106781187,-0.707106781187));
#3381 = DIRECTION('',(0.,0.707106781187,-0.707106781187));
#3382 = DEFINITIONAL_REPRESENTATION('',(#3383),#3387);
#3383 = LINE('',#3384,#3385);
#3384 = CARTESIAN_POINT('',(-52.40014801982,-1.));
#3385 = VECTOR('',#3386,1.);
#3386 = DIRECTION('',(1.,-0.));
#3387 = ( GEOMETRIC_REPRESENTATION_CONTEXT(2) 
PARAMETRIC_REPRESENTATION_CONTEXT() REPRESENTATION_CONTEXT('2D SPACE',''
  ) );
#3388 = ORIENTED_EDGE('',*,*,#3389,.T.);
#3389 = EDGE_CURVE('',#3362,#3390,#3392,.T.);
#3390 = VERTEX_POINT('',#3391);
#3391 = CARTESIAN_POINT('',(25.3,189.45944084089,37.340559159102));
#3392 = SURFACE_CURVE('',#3393,(#3398,#3405),.PCURVE_S1.);
#3393 = CIRCLE('',#3394,4.3);
#3394 = AXIS2_PLACEMENT_3D('',#3395,#3396,#3397);
#3395 = CARTESIAN_POINT('',(25.3,192.5,34.3));
#3396 = DIRECTION('',(-1.,0.,0.));
#3397 = DIRECTION('',(-0.,-6.609699867536E-15,-1.));
#3398 = PCURVE('',#628,#3399);
#3399 = DEFINITIONAL_REPRESENTATION('',(#3400),#3404);
#3400 = CIRCLE('',#3401,4.3);
#3401 = AXIS2_PLACEMENT_2D('',#3402,#3403);
#3402 = CARTESIAN_POINT('',(-34.3,-182.51));
#3403 = DIRECTION('',(1.,6.609699867536E-15));
#3404 = ( GEOMETRIC_REPRESENTATION_CONTEXT(2) 
PARAMETRIC_REPRESENTATION_CONTEXT() REPRESENTATION_CONTEXT('2D SPACE',''
  ) );
#3405 = PCURVE('',#3406,#3411);
#3406 = CYLINDRICAL_SURFACE('',#3407,4.3);
#3407 = AXIS2_PLACEMENT_3D('',#3408,#3409,#3410);
#3408 = CARTESIAN_POINT('',(26.3,192.5,34.3));
#3409 = DIRECTION('',(1.,-0.,-0.));
#3410 = DIRECTION('',(-0.,-6.609699867536E-15,-1.));
#3411 = DEFINITIONAL_REPRESENTATION('',(#3412),#3416);
#3412 = LINE('',#3413,#3414);
#3413 = CARTESIAN_POINT('',(6.28318530718,-1.));
#3414 = VECTOR('',#3415,1.);
#3415 = DIRECTION('',(-1.,0.));
#3416 = ( GEOMETRIC_REPRESENTATION_CONTEXT(2) 
PARAMETRIC_REPRESENTATION_CONTEXT() REPRESENTATION_CONTEXT('2D SPACE',''
  ) );
#3417 = ORIENTED_EDGE('',*,*,#3418,.T.);
#3418 = EDGE_CURVE('',#3390,#3360,#3419,.T.);
#3419 = SURFACE_CURVE('',#3420,(#3424,#3431),.PCURVE_S1.);
#3420 = LINE('',#3421,#3422);
#3421 = CARTESIAN_POINT('',(25.3,136.77722042044,-15.34166126134));
#3422 = VECTOR('',#3423,1.);
#3423 = DIRECTION('',(-0.,0.707106781187,0.707106781187));
#3424 = PCURVE('',#628,#3425);
#3425 = DEFINITIONAL_REPRESENTATION('',(#3426),#3430);
#3426 = LINE('',#3427,#3428);
#3427 = CARTESIAN_POINT('',(15.341661261347,-126.7872204204));
#3428 = VECTOR('',#3429,1.);
#3429 = DIRECTION('',(-0.707106781187,-0.707106781187));
#3430 = ( GEOMETRIC_REPRESENTATION_CONTEXT(2) 
PARAMETRIC_REPRESENTATION_CONTEXT() REPRESENTATION_CONTEXT('2D SPACE',''
  ) );
#3431 = PCURVE('',#3432,#3437);
#3432 = PLANE('',#3433);
#3433 = AXIS2_PLACEMENT_3D('',#3434,#3435,#3436);
#3434 = CARTESIAN_POINT('',(26.3,192.5,40.381118318204));
#3435 = DIRECTION('',(-0.,0.707106781187,-0.707106781187));
#3436 = DIRECTION('',(0.,0.707106781187,0.707106781187));
#3437 = DEFINITIONAL_REPRESENTATION('',(#3438),#3442);
#3438 = LINE('',#3439,#3440);
#3439 = CARTESIAN_POINT('',(-78.80391061452,-1.));
#3440 = VECTOR('',#3441,1.);
#3441 = DIRECTION('',(1.,-0.));
#3442 = ( GEOMETRIC_REPRESENTATION_CONTEXT(2) 
PARAMETRIC_REPRESENTATION_CONTEXT() REPRESENTATION_CONTEXT('2D SPACE',''
  ) );
#3443 = FACE_BOUND('',#3444,.T.);
#3444 = EDGE_LOOP('',(#3445,#3475,#3503));
#3445 = ORIENTED_EDGE('',*,*,#3446,.T.);
#3446 = EDGE_CURVE('',#3447,#3449,#3451,.T.);
#3447 = VERTEX_POINT('',#3448);
#3448 = CARTESIAN_POINT('',(25.3,104.1,18.47867965644));
#3449 = VERTEX_POINT('',#3450);
#3450 = CARTESIAN_POINT('',(25.3,117.57867965644,5.));
#3451 = SURFACE_CURVE('',#3452,(#3456,#3463),.PCURVE_S1.);
#3452 = LINE('',#3453,#3454);
#3453 = CARTESIAN_POINT('',(25.3,91.93150974233,30.64716991411));
#3454 = VECTOR('',#3455,1.);
#3455 = DIRECTION('',(-0.,0.707106781187,-0.707106781187));
#3456 = PCURVE('',#628,#3457);
#3457 = DEFINITIONAL_REPRESENTATION('',(#3458),#3462);
#3458 = LINE('',#3459,#3460);
#3459 = CARTESIAN_POINT('',(-30.64716991411,-81.94150974233));
#3460 = VECTOR('',#3461,1.);
#3461 = DIRECTION('',(0.707106781187,-0.707106781187));
#3462 = ( GEOMETRIC_REPRESENTATION_CONTEXT(2) 
PARAMETRIC_REPRESENTATION_CONTEXT() REPRESENTATION_CONTEXT('2D SPACE',''
  ) );
#3463 = PCURVE('',#3464,#3469);
#3464 = PLANE('',#3465);
#3465 = AXIS2_PLACEMENT_3D('',#3466,#3467,#3468);
#3466 = CARTESIAN_POINT('',(26.3,117.57867965644,5.));
#3467 = DIRECTION('',(-0.,-0.707106781187,-0.707106781187));
#3468 = DIRECTION('',(0.,0.707106781187,-0.707106781187));
#3469 = DEFINITIONAL_REPRESENTATION('',(#3470),#3474);
#3470 = LINE('',#3471,#3472);
#3471 = CARTESIAN_POINT('',(-36.27057552902,-1.));
#3472 = VECTOR('',#3473,1.);
#3473 = DIRECTION('',(1.,-0.));
#3474 = ( GEOMETRIC_REPRESENTATION_CONTEXT(2) 
PARAMETRIC_REPRESENTATION_CONTEXT() REPRESENTATION_CONTEXT('2D SPACE',''
  ) );
#3475 = ORIENTED_EDGE('',*,*,#3476,.T.);
#3476 = EDGE_CURVE('',#3449,#3477,#3479,.T.);
#3477 = VERTEX_POINT('',#3478);
#3478 = CARTESIAN_POINT('',(25.3,90.62132034356,5.));
#3479 = SURFACE_CURVE('',#3480,(#3484,#3491),.PCURVE_S1.);
#3480 = LINE('',#3481,#3482);
#3481 = CARTESIAN_POINT('',(25.3,50.30566017178,5.));
#3482 = VECTOR('',#3483,1.);
#3483 = DIRECTION('',(-0.,-1.,-0.));
#3484 = PCURVE('',#628,#3485);
#3485 = DEFINITIONAL_REPRESENTATION('',(#3486),#3490);
#3486 = LINE('',#3487,#3488);
#3487 = CARTESIAN_POINT('',(-5.,-40.31566017178));
#3488 = VECTOR('',#3489,1.);
#3489 = DIRECTION('',(-0.,1.));
#3490 = ( GEOMETRIC_REPRESENTATION_CONTEXT(2) 
PARAMETRIC_REPRESENTATION_CONTEXT() REPRESENTATION_CONTEXT('2D SPACE',''
  ) );
#3491 = PCURVE('',#3492,#3497);
#3492 = PLANE('',#3493);
#3493 = AXIS2_PLACEMENT_3D('',#3494,#3495,#3496);
#3494 = CARTESIAN_POINT('',(26.3,90.62132034356,5.));
#3495 = DIRECTION('',(-0.,-0.,1.));
#3496 = DIRECTION('',(0.,-1.,0.));
#3497 = DEFINITIONAL_REPRESENTATION('',(#3498),#3502);
#3498 = LINE('',#3499,#3500);
#3499 = CARTESIAN_POINT('',(40.31566017178,-1.));
#3500 = VECTOR('',#3501,1.);
#3501 = DIRECTION('',(1.,-0.));
#3502 = ( GEOMETRIC_REPRESENTATION_CONTEXT(2) 
PARAMETRIC_REPRESENTATION_CONTEXT() REPRESENTATION_CONTEXT('2D SPACE',''
  ) );
#3503 = ORIENTED_EDGE('',*,*,#3504,.T.);
#3504 = EDGE_CURVE('',#3477,#3447,#3505,.T.);
#3505 = SURFACE_CURVE('',#3506,(#3510,#3517),.PCURVE_S1.);
#3506 = LINE('',#3507,#3508);
#3507 = CARTESIAN_POINT('',(25.3,75.95283008589,-9.66849025767));
#3508 = VECTOR('',#3509,1.);
#3509 = DIRECTION('',(-0.,0.707106781187,0.707106781187));
#3510 = PCURVE('',#628,#3511);
#3511 = DEFINITIONAL_REPRESENTATION('',(#3512),#3516);
#3512 = LINE('',#3513,#3514);
#3513 = CARTESIAN_POINT('',(9.66849025767,-65.96283008589));
#3514 = VECTOR('',#3515,1.);
#3515 = DIRECTION('',(-0.707106781187,-0.707106781187));
#3516 = ( GEOMETRIC_REPRESENTATION_CONTEXT(2) 
PARAMETRIC_REPRESENTATION_CONTEXT() REPRESENTATION_CONTEXT('2D SPACE',''
  ) );
#3517 = PCURVE('',#3518,#3523);
#3518 = PLANE('',#3519);
#3519 = AXIS2_PLACEMENT_3D('',#3520,#3521,#3522);
#3520 = CARTESIAN_POINT('',(26.3,104.1,18.47867965644));
#3521 = DIRECTION('',(-0.,0.707106781187,-0.707106781187));
#3522 = DIRECTION('',(0.,0.707106781187,0.707106781187));
#3523 = DEFINITIONAL_REPRESENTATION('',(#3524),#3528);
#3524 = LINE('',#3525,#3526);
#3525 = CARTESIAN_POINT('',(-39.80610943495,-1.));
#3526 = VECTOR('',#3527,1.);
#3527 = DIRECTION('',(1.,-0.));
#3528 = ( GEOMETRIC_REPRESENTATION_CONTEXT(2) 
PARAMETRIC_REPRESENTATION_CONTEXT() REPRESENTATION_CONTEXT('2D SPACE',''
  ) );
#3529 = FACE_BOUND('',#3530,.T.);
#3530 = EDGE_LOOP('',(#3531,#3561,#3589,#3617));
#3531 = ORIENTED_EDGE('',*,*,#3532,.T.);
#3532 = EDGE_CURVE('',#3533,#3535,#3537,.T.);
#3533 = VERTEX_POINT('',#3534);
#3534 = CARTESIAN_POINT('',(25.3,101.97867965644,20.6));
#3535 = VERTEX_POINT('',#3536);
#3536 = CARTESIAN_POINT('',(25.3,86.97867965644,5.6));
#3537 = SURFACE_CURVE('',#3538,(#3542,#3549),.PCURVE_S1.);
#3538 = LINE('',#3539,#3540);
#3539 = CARTESIAN_POINT('',(25.3,66.33150974233,-15.04716991411));
#3540 = VECTOR('',#3541,1.);
#3541 = DIRECTION('',(-0.,-0.707106781187,-0.707106781187));
#3542 = PCURVE('',#628,#3543);
#3543 = DEFINITIONAL_REPRESENTATION('',(#3544),#3548);
#3544 = LINE('',#3545,#3546);
#3545 = CARTESIAN_POINT('',(15.04716991411,-56.34150974233));
#3546 = VECTOR('',#3547,1.);
#3547 = DIRECTION('',(0.707106781187,0.707106781187));
#3548 = ( GEOMETRIC_REPRESENTATION_CONTEXT(2) 
PARAMETRIC_REPRESENTATION_CONTEXT() REPRESENTATION_CONTEXT('2D SPACE',''
  ) );
#3549 = PCURVE('',#3550,#3555);
#3550 = PLANE('',#3551);
#3551 = AXIS2_PLACEMENT_3D('',#3552,#3553,#3554);
#3552 = CARTESIAN_POINT('',(26.3,86.97867965644,5.6));
#3553 = DIRECTION('',(-0.,-0.707106781187,0.707106781187));
#3554 = DIRECTION('',(0.,-0.707106781187,-0.707106781187));
#3555 = DEFINITIONAL_REPRESENTATION('',(#3556),#3560);
#3556 = LINE('',#3557,#3558);
#3557 = CARTESIAN_POINT('',(29.199507717156,-1.));
#3558 = VECTOR('',#3559,1.);
#3559 = DIRECTION('',(1.,-0.));
#3560 = ( GEOMETRIC_REPRESENTATION_CONTEXT(2) 
PARAMETRIC_REPRESENTATION_CONTEXT() REPRESENTATION_CONTEXT('2D SPACE',''
  ) );
#3561 = ORIENTED_EDGE('',*,*,#3562,.T.);
#3562 = EDGE_CURVE('',#3535,#3563,#3565,.T.);
#3563 = VERTEX_POINT('',#3564);
#3564 = CARTESIAN_POINT('',(25.3,71.97867965644,20.6));
#3565 = SURFACE_CURVE('',#3566,(#3570,#3577),.PCURVE_S1.);
#3566 = LINE('',#3567,#3568);
#3567 = CARTESIAN_POINT('',(25.3,61.63150974233,30.94716991411));
#3568 = VECTOR('',#3569,1.);
#3569 = DIRECTION('',(-0.,-0.707106781187,0.707106781187));
#3570 = PCURVE('',#628,#3571);
#3571 = DEFINITIONAL_REPRESENTATION('',(#3572),#3576);
#3572 = LINE('',#3573,#3574);
#3573 = CARTESIAN_POINT('',(-30.94716991411,-51.64150974233));
#3574 = VECTOR('',#3575,1.);
#3575 = DIRECTION('',(-0.707106781187,0.707106781187));
#3576 = ( GEOMETRIC_REPRESENTATION_CONTEXT(2) 
PARAMETRIC_REPRESENTATION_CONTEXT() REPRESENTATION_CONTEXT('2D SPACE',''
  ) );
#3577 = PCURVE('',#3578,#3583);
#3578 = PLANE('',#3579);
#3579 = AXIS2_PLACEMENT_3D('',#3580,#3581,#3582);
#3580 = CARTESIAN_POINT('',(26.3,71.97867965644,20.6));
#3581 = DIRECTION('',(-0.,0.707106781187,0.707106781187));
#3582 = DIRECTION('',(0.,-0.707106781187,0.707106781187));
#3583 = DEFINITIONAL_REPRESENTATION('',(#3584),#3588);
#3584 = LINE('',#3585,#3586);
#3585 = CARTESIAN_POINT('',(14.633108024713,-1.));
#3586 = VECTOR('',#3587,1.);
#3587 = DIRECTION('',(1.,-0.));
#3588 = ( GEOMETRIC_REPRESENTATION_CONTEXT(2) 
PARAMETRIC_REPRESENTATION_CONTEXT() REPRESENTATION_CONTEXT('2D SPACE',''
  ) );
#3589 = ORIENTED_EDGE('',*,*,#3590,.T.);
#3590 = EDGE_CURVE('',#3563,#3591,#3593,.T.);
#3591 = VERTEX_POINT('',#3592);
#3592 = CARTESIAN_POINT('',(25.3,86.97867965644,35.6));
#3593 = SURFACE_CURVE('',#3594,(#3598,#3605),.PCURVE_S1.);
#3594 = LINE('',#3595,#3596);
#3595 = CARTESIAN_POINT('',(25.3,58.83150974233,7.45283008589));
#3596 = VECTOR('',#3597,1.);
#3597 = DIRECTION('',(-0.,0.707106781187,0.707106781187));
#3598 = PCURVE('',#628,#3599);
#3599 = DEFINITIONAL_REPRESENTATION('',(#3600),#3604);
#3600 = LINE('',#3601,#3602);
#3601 = CARTESIAN_POINT('',(-7.45283008589,-48.84150974233));
#3602 = VECTOR('',#3603,1.);
#3603 = DIRECTION('',(-0.707106781187,-0.707106781187));
#3604 = ( GEOMETRIC_REPRESENTATION_CONTEXT(2) 
PARAMETRIC_REPRESENTATION_CONTEXT() REPRESENTATION_CONTEXT('2D SPACE',''
  ) );
#3605 = PCURVE('',#3606,#3611);
#3606 = PLANE('',#3607);
#3607 = AXIS2_PLACEMENT_3D('',#3608,#3609,#3610);
#3608 = CARTESIAN_POINT('',(26.3,86.97867965644,35.6));
#3609 = DIRECTION('',(-0.,0.707106781187,-0.707106781187));
#3610 = DIRECTION('',(0.,0.707106781187,0.707106781187));
#3611 = DEFINITIONAL_REPRESENTATION('',(#3612),#3616);
#3612 = LINE('',#3613,#3614);
#3613 = CARTESIAN_POINT('',(-39.80610943495,-1.));
#3614 = VECTOR('',#3615,1.);
#3615 = DIRECTION('',(1.,-0.));
#3616 = ( GEOMETRIC_REPRESENTATION_CONTEXT(2) 
PARAMETRIC_REPRESENTATION_CONTEXT() REPRESENTATION_CONTEXT('2D SPACE',''
  ) );
#3617 = ORIENTED_EDGE('',*,*,#3618,.T.);
#3618 = EDGE_CURVE('',#3591,#3533,#3619,.T.);
#3619 = SURFACE_CURVE('',#3620,(#3624,#3631),.PCURVE_S1.);
#3620 = LINE('',#3621,#3622);
#3621 = CARTESIAN_POINT('',(25.3,84.13150974233,38.44716991411));
#3622 = VECTOR('',#3623,1.);
#3623 = DIRECTION('',(-0.,0.707106781187,-0.707106781187));
#3624 = PCURVE('',#628,#3625);
#3625 = DEFINITIONAL_REPRESENTATION('',(#3626),#3630);
#3626 = LINE('',#3627,#3628);
#3627 = CARTESIAN_POINT('',(-38.44716991411,-74.14150974233));
#3628 = VECTOR('',#3629,1.);
#3629 = DIRECTION('',(0.707106781187,-0.707106781187));
#3630 = ( GEOMETRIC_REPRESENTATION_CONTEXT(2) 
PARAMETRIC_REPRESENTATION_CONTEXT() REPRESENTATION_CONTEXT('2D SPACE',''
  ) );
#3631 = PCURVE('',#3632,#3637);
#3632 = PLANE('',#3633);
#3633 = AXIS2_PLACEMENT_3D('',#3634,#3635,#3636);
#3634 = CARTESIAN_POINT('',(26.3,101.97867965644,20.6));
#3635 = DIRECTION('',(-0.,-0.707106781187,-0.707106781187));
#3636 = DIRECTION('',(0.,0.707106781187,-0.707106781187));
#3637 = DEFINITIONAL_REPRESENTATION('',(#3638),#3642);
#3638 = LINE('',#3639,#3640);
#3639 = CARTESIAN_POINT('',(-25.23970974251,-1.));
#3640 = VECTOR('',#3641,1.);
#3641 = DIRECTION('',(1.,-0.));
#3642 = ( GEOMETRIC_REPRESENTATION_CONTEXT(2) 
PARAMETRIC_REPRESENTATION_CONTEXT() REPRESENTATION_CONTEXT('2D SPACE',''
  ) );
#3643 = FACE_BOUND('',#3644,.T.);
#3644 = EDGE_LOOP('',(#3645,#3675,#3703));
#3645 = ORIENTED_EDGE('',*,*,#3646,.T.);
#3646 = EDGE_CURVE('',#3647,#3649,#3651,.T.);
#3647 = VERTEX_POINT('',#3648);
#3648 = CARTESIAN_POINT('',(25.3,69.857359312881,18.47867965644));
#3649 = VERTEX_POINT('',#3650);
#3650 = CARTESIAN_POINT('',(25.3,83.336038969321,5.));
#3651 = SURFACE_CURVE('',#3652,(#3656,#3663),.PCURVE_S1.);
#3652 = LINE('',#3653,#3654);
#3653 = CARTESIAN_POINT('',(25.3,66.249529226991,22.08650974233));
#3654 = VECTOR('',#3655,1.);
#3655 = DIRECTION('',(-0.,0.707106781187,-0.707106781187));
#3656 = PCURVE('',#628,#3657);
#3657 = DEFINITIONAL_REPRESENTATION('',(#3658),#3662);
#3658 = LINE('',#3659,#3660);
#3659 = CARTESIAN_POINT('',(-22.08650974233,-56.25952922699));
#3660 = VECTOR('',#3661,1.);
#3661 = DIRECTION('',(0.707106781187,-0.707106781187));
#3662 = ( GEOMETRIC_REPRESENTATION_CONTEXT(2) 
PARAMETRIC_REPRESENTATION_CONTEXT() REPRESENTATION_CONTEXT('2D SPACE',''
  ) );
#3663 = PCURVE('',#3664,#3669);
#3664 = PLANE('',#3665);
#3665 = AXIS2_PLACEMENT_3D('',#3666,#3667,#3668);
#3666 = CARTESIAN_POINT('',(26.3,83.336038969321,5.));
#3667 = DIRECTION('',(-0.,-0.707106781187,-0.707106781187));
#3668 = DIRECTION('',(0.,0.707106781187,-0.707106781187));
#3669 = DEFINITIONAL_REPRESENTATION('',(#3670),#3674);
#3670 = LINE('',#3671,#3672);
#3671 = CARTESIAN_POINT('',(-24.16397381122,-1.));
#3672 = VECTOR('',#3673,1.);
#3673 = DIRECTION('',(1.,-0.));
#3674 = ( GEOMETRIC_REPRESENTATION_CONTEXT(2) 
PARAMETRIC_REPRESENTATION_CONTEXT() REPRESENTATION_CONTEXT('2D SPACE',''
  ) );
#3675 = ORIENTED_EDGE('',*,*,#3676,.T.);
#3676 = EDGE_CURVE('',#3649,#3677,#3679,.T.);
#3677 = VERTEX_POINT('',#3678);
#3678 = CARTESIAN_POINT('',(25.3,56.37867965644,5.));
#3679 = SURFACE_CURVE('',#3680,(#3684,#3691),.PCURVE_S1.);
#3680 = LINE('',#3681,#3682);
#3681 = CARTESIAN_POINT('',(25.3,33.18433982822,5.));
#3682 = VECTOR('',#3683,1.);
#3683 = DIRECTION('',(-0.,-1.,-0.));
#3684 = PCURVE('',#628,#3685);
#3685 = DEFINITIONAL_REPRESENTATION('',(#3686),#3690);
#3686 = LINE('',#3687,#3688);
#3687 = CARTESIAN_POINT('',(-5.,-23.19433982822));
#3688 = VECTOR('',#3689,1.);
#3689 = DIRECTION('',(-0.,1.));
#3690 = ( GEOMETRIC_REPRESENTATION_CONTEXT(2) 
PARAMETRIC_REPRESENTATION_CONTEXT() REPRESENTATION_CONTEXT('2D SPACE',''
  ) );
#3691 = PCURVE('',#3692,#3697);
#3692 = PLANE('',#3693);
#3693 = AXIS2_PLACEMENT_3D('',#3694,#3695,#3696);
#3694 = CARTESIAN_POINT('',(26.3,56.37867965644,5.));
#3695 = DIRECTION('',(-0.,-0.,1.));
#3696 = DIRECTION('',(0.,-1.,0.));
#3697 = DEFINITIONAL_REPRESENTATION('',(#3698),#3702);
#3698 = LINE('',#3699,#3700);
#3699 = CARTESIAN_POINT('',(23.19433982822,-1.));
#3700 = VECTOR('',#3701,1.);
#3701 = DIRECTION('',(1.,-0.));
#3702 = ( GEOMETRIC_REPRESENTATION_CONTEXT(2) 
PARAMETRIC_REPRESENTATION_CONTEXT() REPRESENTATION_CONTEXT('2D SPACE',''
  ) );
#3703 = ORIENTED_EDGE('',*,*,#3704,.T.);
#3704 = EDGE_CURVE('',#3677,#3647,#3705,.T.);
#3705 = SURFACE_CURVE('',#3706,(#3710,#3717),.PCURVE_S1.);
#3706 = LINE('',#3707,#3708);
#3707 = CARTESIAN_POINT('',(25.3,50.27084957055,-1.10783008589));
#3708 = VECTOR('',#3709,1.);
#3709 = DIRECTION('',(-0.,0.707106781187,0.707106781187));
#3710 = PCURVE('',#628,#3711);
#3711 = DEFINITIONAL_REPRESENTATION('',(#3712),#3716);
#3712 = LINE('',#3713,#3714);
#3713 = CARTESIAN_POINT('',(1.10783008589,-40.28084957055));
#3714 = VECTOR('',#3715,1.);
#3715 = DIRECTION('',(-0.707106781187,-0.707106781187));
#3716 = ( GEOMETRIC_REPRESENTATION_CONTEXT(2) 
PARAMETRIC_REPRESENTATION_CONTEXT() REPRESENTATION_CONTEXT('2D SPACE',''
  ) );
#3717 = PCURVE('',#3718,#3723);
#3718 = PLANE('',#3719);
#3719 = AXIS2_PLACEMENT_3D('',#3720,#3721,#3722);
#3720 = CARTESIAN_POINT('',(26.3,69.857359312881,18.47867965644));
#3721 = DIRECTION('',(-0.,0.707106781187,-0.707106781187));
#3722 = DIRECTION('',(0.,0.707106781187,0.707106781187));
#3723 = DEFINITIONAL_REPRESENTATION('',(#3724),#3728);
#3724 = LINE('',#3725,#3726);
#3725 = CARTESIAN_POINT('',(-27.69950771715,-1.));
#3726 = VECTOR('',#3727,1.);
#3727 = DIRECTION('',(1.,-0.));
#3728 = ( GEOMETRIC_REPRESENTATION_CONTEXT(2) 
PARAMETRIC_REPRESENTATION_CONTEXT() REPRESENTATION_CONTEXT('2D SPACE',''
  ) );
#3729 = FACE_BOUND('',#3730,.T.);
#3730 = EDGE_LOOP('',(#3731,#3761,#3789,#3817));
#3731 = ORIENTED_EDGE('',*,*,#3732,.T.);
#3732 = EDGE_CURVE('',#3733,#3735,#3737,.T.);
#3733 = VERTEX_POINT('',#3734);
#3734 = CARTESIAN_POINT('',(25.3,67.736038969321,20.6));
#3735 = VERTEX_POINT('',#3736);
#3736 = CARTESIAN_POINT('',(25.3,52.736038969321,5.6));
#3737 = SURFACE_CURVE('',#3738,(#3742,#3749),.PCURVE_S1.);
#3738 = LINE('',#3739,#3740);
#3739 = CARTESIAN_POINT('',(25.3,40.649529226991,-6.48650974233));
#3740 = VECTOR('',#3741,1.);
#3741 = DIRECTION('',(-0.,-0.707106781187,-0.707106781187));
#3742 = PCURVE('',#628,#3743);
#3743 = DEFINITIONAL_REPRESENTATION('',(#3744),#3748);
#3744 = LINE('',#3745,#3746);
#3745 = CARTESIAN_POINT('',(6.48650974233,-30.65952922699));
#3746 = VECTOR('',#3747,1.);
#3747 = DIRECTION('',(0.707106781187,0.707106781187));
#3748 = ( GEOMETRIC_REPRESENTATION_CONTEXT(2) 
PARAMETRIC_REPRESENTATION_CONTEXT() REPRESENTATION_CONTEXT('2D SPACE',''
  ) );
#3749 = PCURVE('',#3750,#3755);
#3750 = PLANE('',#3751);
#3751 = AXIS2_PLACEMENT_3D('',#3752,#3753,#3754);
#3752 = CARTESIAN_POINT('',(26.3,52.736038969321,5.6));
#3753 = DIRECTION('',(-0.,-0.707106781187,0.707106781187));
#3754 = DIRECTION('',(0.,-0.707106781187,-0.707106781187));
#3755 = DEFINITIONAL_REPRESENTATION('',(#3756),#3760);
#3756 = LINE('',#3757,#3758);
#3757 = CARTESIAN_POINT('',(17.092905999358,-1.));
#3758 = VECTOR('',#3759,1.);
#3759 = DIRECTION('',(1.,-0.));
#3760 = ( GEOMETRIC_REPRESENTATION_CONTEXT(2) 
PARAMETRIC_REPRESENTATION_CONTEXT() REPRESENTATION_CONTEXT('2D SPACE',''
  ) );
#3761 = ORIENTED_EDGE('',*,*,#3762,.T.);
#3762 = EDGE_CURVE('',#3735,#3763,#3765,.T.);
#3763 = VERTEX_POINT('',#3764);
#3764 = CARTESIAN_POINT('',(25.3,37.736038969321,20.6));
#3765 = SURFACE_CURVE('',#3766,(#3770,#3777),.PCURVE_S1.);
#3766 = LINE('',#3767,#3768);
#3767 = CARTESIAN_POINT('',(25.3,35.949529226991,22.38650974233));
#3768 = VECTOR('',#3769,1.);
#3769 = DIRECTION('',(-0.,-0.707106781187,0.707106781187));
#3770 = PCURVE('',#628,#3771);
#3771 = DEFINITIONAL_REPRESENTATION('',(#3772),#3776);
#3772 = LINE('',#3773,#3774);
#3773 = CARTESIAN_POINT('',(-22.38650974233,-25.95952922699));
#3774 = VECTOR('',#3775,1.);
#3775 = DIRECTION('',(-0.707106781187,0.707106781187));
#3776 = ( GEOMETRIC_REPRESENTATION_CONTEXT(2) 
PARAMETRIC_REPRESENTATION_CONTEXT() REPRESENTATION_CONTEXT('2D SPACE',''
  ) );
#3777 = PCURVE('',#3778,#3783);
#3778 = PLANE('',#3779);
#3779 = AXIS2_PLACEMENT_3D('',#3780,#3781,#3782);
#3780 = CARTESIAN_POINT('',(26.3,37.736038969321,20.6));
#3781 = DIRECTION('',(-0.,0.707106781187,0.707106781187));
#3782 = DIRECTION('',(0.,-0.707106781187,0.707106781187));
#3783 = DEFINITIONAL_REPRESENTATION('',(#3784),#3788);
#3784 = LINE('',#3785,#3786);
#3785 = CARTESIAN_POINT('',(2.526506306915,-1.));
#3786 = VECTOR('',#3787,1.);
#3787 = DIRECTION('',(1.,-0.));
#3788 = ( GEOMETRIC_REPRESENTATION_CONTEXT(2) 
PARAMETRIC_REPRESENTATION_CONTEXT() REPRESENTATION_CONTEXT('2D SPACE',''
  ) );
#3789 = ORIENTED_EDGE('',*,*,#3790,.T.);
#3790 = EDGE_CURVE('',#3763,#3791,#3793,.T.);
#3791 = VERTEX_POINT('',#3792);
#3792 = CARTESIAN_POINT('',(25.3,52.736038969321,35.6));
#3793 = SURFACE_CURVE('',#3794,(#3798,#3805),.PCURVE_S1.);
#3794 = LINE('',#3795,#3796);
#3795 = CARTESIAN_POINT('',(25.3,33.149529226991,16.01349025767));
#3796 = VECTOR('',#3797,1.);
#3797 = DIRECTION('',(-0.,0.707106781187,0.707106781187));
#3798 = PCURVE('',#628,#3799);
#3799 = DEFINITIONAL_REPRESENTATION('',(#3800),#3804);
#3800 = LINE('',#3801,#3802);
#3801 = CARTESIAN_POINT('',(-16.01349025767,-23.15952922699));
#3802 = VECTOR('',#3803,1.);
#3803 = DIRECTION('',(-0.707106781187,-0.707106781187));
#3804 = ( GEOMETRIC_REPRESENTATION_CONTEXT(2) 
PARAMETRIC_REPRESENTATION_CONTEXT() REPRESENTATION_CONTEXT('2D SPACE',''
  ) );
#3805 = PCURVE('',#3806,#3811);
#3806 = PLANE('',#3807);
#3807 = AXIS2_PLACEMENT_3D('',#3808,#3809,#3810);
#3808 = CARTESIAN_POINT('',(26.3,52.736038969321,35.6));
#3809 = DIRECTION('',(-0.,0.707106781187,-0.707106781187));
#3810 = DIRECTION('',(0.,0.707106781187,0.707106781187));
#3811 = DEFINITIONAL_REPRESENTATION('',(#3812),#3816);
#3812 = LINE('',#3813,#3814);
#3813 = CARTESIAN_POINT('',(-27.69950771715,-1.));
#3814 = VECTOR('',#3815,1.);
#3815 = DIRECTION('',(1.,-0.));
#3816 = ( GEOMETRIC_REPRESENTATION_CONTEXT(2) 
PARAMETRIC_REPRESENTATION_CONTEXT() REPRESENTATION_CONTEXT('2D SPACE',''
  ) );
#3817 = ORIENTED_EDGE('',*,*,#3818,.T.);
#3818 = EDGE_CURVE('',#3791,#3733,#3819,.T.);
#3819 = SURFACE_CURVE('',#3820,(#3824,#3831),.PCURVE_S1.);
#3820 = LINE('',#3821,#3822);
#3821 = CARTESIAN_POINT('',(25.3,58.449529226991,29.88650974233));
#3822 = VECTOR('',#3823,1.);
#3823 = DIRECTION('',(-0.,0.707106781187,-0.707106781187));
#3824 = PCURVE('',#628,#3825);
#3825 = DEFINITIONAL_REPRESENTATION('',(#3826),#3830);
#3826 = LINE('',#3827,#3828);
#3827 = CARTESIAN_POINT('',(-29.88650974233,-48.45952922699));
#3828 = VECTOR('',#3829,1.);
#3829 = DIRECTION('',(0.707106781187,-0.707106781187));
#3830 = ( GEOMETRIC_REPRESENTATION_CONTEXT(2) 
PARAMETRIC_REPRESENTATION_CONTEXT() REPRESENTATION_CONTEXT('2D SPACE',''
  ) );
#3831 = PCURVE('',#3832,#3837);
#3832 = PLANE('',#3833);
#3833 = AXIS2_PLACEMENT_3D('',#3834,#3835,#3836);
#3834 = CARTESIAN_POINT('',(26.3,67.736038969321,20.6));
#3835 = DIRECTION('',(-0.,-0.707106781187,-0.707106781187));
#3836 = DIRECTION('',(0.,0.707106781187,-0.707106781187));
#3837 = DEFINITIONAL_REPRESENTATION('',(#3838),#3842);
#3838 = LINE('',#3839,#3840);
#3839 = CARTESIAN_POINT('',(-13.13310802471,-1.));
#3840 = VECTOR('',#3841,1.);
#3841 = DIRECTION('',(1.,-0.));
#3842 = ( GEOMETRIC_REPRESENTATION_CONTEXT(2) 
PARAMETRIC_REPRESENTATION_CONTEXT() REPRESENTATION_CONTEXT('2D SPACE',''
  ) );
#3843 = ADVANCED_FACE('',(#3844),#600,.F.);
#3844 = FACE_BOUND('',#3845,.F.);
#3845 = EDGE_LOOP('',(#3846,#3869,#3903,#3904));
#3846 = ORIENTED_EDGE('',*,*,#3847,.F.);
#3847 = EDGE_CURVE('',#3848,#552,#3850,.T.);
#3848 = VERTEX_POINT('',#3849);
#3849 = CARTESIAN_POINT('',(27.3,202.,2.6));
#3850 = SURFACE_CURVE('',#3851,(#3855,#3862),.PCURVE_S1.);
#3851 = LINE('',#3852,#3853);
#3852 = CARTESIAN_POINT('',(27.3,202.,2.6));
#3853 = VECTOR('',#3854,1.);
#3854 = DIRECTION('',(0.,0.,1.));
#3855 = PCURVE('',#600,#3856);
#3856 = DEFINITIONAL_REPRESENTATION('',(#3857),#3861);
#3857 = LINE('',#3858,#3859);
#3858 = CARTESIAN_POINT('',(1.570796326795,0.));
#3859 = VECTOR('',#3860,1.);
#3860 = DIRECTION('',(0.,-1.));
#3861 = ( GEOMETRIC_REPRESENTATION_CONTEXT(2) 
PARAMETRIC_REPRESENTATION_CONTEXT() REPRESENTATION_CONTEXT('2D SPACE',''
  ) );
#3862 = PCURVE('',#567,#3863);
#3863 = DEFINITIONAL_REPRESENTATION('',(#3864),#3868);
#3864 = LINE('',#3865,#3866);
#3865 = CARTESIAN_POINT('',(-2.6,53.01));
#3866 = VECTOR('',#3867,1.);
#3867 = DIRECTION('',(-1.,-0.));
#3868 = ( GEOMETRIC_REPRESENTATION_CONTEXT(2) 
PARAMETRIC_REPRESENTATION_CONTEXT() REPRESENTATION_CONTEXT('2D SPACE',''
  ) );
#3869 = ORIENTED_EDGE('',*,*,#3870,.T.);
#3870 = EDGE_CURVE('',#3848,#2913,#3871,.T.);
#3871 = SURFACE_CURVE('',#3872,(#3877,#3890),.PCURVE_S1.);
#3872 = ELLIPSE('',#3873,2.828427124746,2.);
#3873 = AXIS2_PLACEMENT_3D('',#3874,#3875,#3876);
#3874 = CARTESIAN_POINT('',(27.3,200.,4.6));
#3875 = DIRECTION('',(-0.,0.707106781187,0.707106781187));
#3876 = DIRECTION('',(-0.,0.707106781187,-0.707106781187));
#3877 = PCURVE('',#600,#3878);
#3878 = DEFINITIONAL_REPRESENTATION('',(#3879),#3889);
#3879 = B_SPLINE_CURVE_WITH_KNOTS('',8,(#3880,#3881,#3882,#3883,#3884,
    #3885,#3886,#3887,#3888),.UNSPECIFIED.,.F.,.F.,(9,9),(0.,
    1.570796326795),.PIECEWISE_BEZIER_KNOTS.);
#3880 = CARTESIAN_POINT('',(1.570796326795,-4.440892098501E-16));
#3881 = CARTESIAN_POINT('',(1.374446785946,-4.440892098501E-16));
#3882 = CARTESIAN_POINT('',(1.178097245096,-8.812155197211E-02));
#3883 = CARTESIAN_POINT('',(0.981747704246,-0.26436390732));
#3884 = CARTESIAN_POINT('',(0.785398163398,-0.521482498846));
#3885 = CARTESIAN_POINT('',(0.589048622546,-0.844973477577));
#3886 = CARTESIAN_POINT('',(0.392699081699,-1.214601743363));
#3887 = CARTESIAN_POINT('',(0.196349540849,-1.607300918301));
#3888 = CARTESIAN_POINT('',(0.,-2.));
#3889 = ( GEOMETRIC_REPRESENTATION_CONTEXT(2) 
PARAMETRIC_REPRESENTATION_CONTEXT() REPRESENTATION_CONTEXT('2D SPACE',''
  ) );
#3890 = PCURVE('',#2888,#3891);
#3891 = DEFINITIONAL_REPRESENTATION('',(#3892),#3902);
#3892 = B_SPLINE_CURVE_WITH_KNOTS('',8,(#3893,#3894,#3895,#3896,#3897,
    #3898,#3899,#3900,#3901),.UNSPECIFIED.,.F.,.F.,(9,9),(0.,
    1.570796326795),.PIECEWISE_BEZIER_KNOTS.);
#3893 = CARTESIAN_POINT('',(-4.712388980385,-192.));
#3894 = CARTESIAN_POINT('',(-4.908738521234,-192.));
#3895 = CARTESIAN_POINT('',(-5.105088062084,-191.911878448));
#3896 = CARTESIAN_POINT('',(-5.301437602936,-191.7356360919));
#3897 = CARTESIAN_POINT('',(-5.497787143781,-191.4785175016));
#3898 = CARTESIAN_POINT('',(-5.694136684635,-191.1550265211));
#3899 = CARTESIAN_POINT('',(-5.890486225481,-190.7853982567));
#3900 = CARTESIAN_POINT('',(-6.08683576633,-190.3926990816));
#3901 = CARTESIAN_POINT('',(-6.28318530718,-190.));
#3902 = ( GEOMETRIC_REPRESENTATION_CONTEXT(2) 
PARAMETRIC_REPRESENTATION_CONTEXT() REPRESENTATION_CONTEXT('2D SPACE',''
  ) );
#3903 = ORIENTED_EDGE('',*,*,#2935,.T.);
#3904 = ORIENTED_EDGE('',*,*,#579,.T.);
#3905 = ADVANCED_FACE('',(#3906,#3954),#567,.F.);
#3906 = FACE_BOUND('',#3907,.T.);
#3907 = EDGE_LOOP('',(#3908,#3931,#3932,#3933));
#3908 = ORIENTED_EDGE('',*,*,#3909,.T.);
#3909 = EDGE_CURVE('',#3910,#519,#3912,.T.);
#3910 = VERTEX_POINT('',#3911);
#3911 = CARTESIAN_POINT('',(78.3,202.,2.6));
#3912 = SURFACE_CURVE('',#3913,(#3917,#3924),.PCURVE_S1.);
#3913 = LINE('',#3914,#3915);
#3914 = CARTESIAN_POINT('',(78.3,202.,2.6));
#3915 = VECTOR('',#3916,1.);
#3916 = DIRECTION('',(0.,0.,1.));
#3917 = PCURVE('',#567,#3918);
#3918 = DEFINITIONAL_REPRESENTATION('',(#3919),#3923);
#3919 = LINE('',#3920,#3921);
#3920 = CARTESIAN_POINT('',(-2.6,2.01));
#3921 = VECTOR('',#3922,1.);
#3922 = DIRECTION('',(-1.,-0.));
#3923 = ( GEOMETRIC_REPRESENTATION_CONTEXT(2) 
PARAMETRIC_REPRESENTATION_CONTEXT() REPRESENTATION_CONTEXT('2D SPACE',''
  ) );
#3924 = PCURVE('',#539,#3925);
#3925 = DEFINITIONAL_REPRESENTATION('',(#3926),#3930);
#3926 = LINE('',#3927,#3928);
#3927 = CARTESIAN_POINT('',(1.570796326795,0.));
#3928 = VECTOR('',#3929,1.);
#3929 = DIRECTION('',(0.,-1.));
#3930 = ( GEOMETRIC_REPRESENTATION_CONTEXT(2) 
PARAMETRIC_REPRESENTATION_CONTEXT() REPRESENTATION_CONTEXT('2D SPACE',''
  ) );
#3931 = ORIENTED_EDGE('',*,*,#551,.T.);
#3932 = ORIENTED_EDGE('',*,*,#3847,.F.);
#3933 = ORIENTED_EDGE('',*,*,#3934,.T.);
#3934 = EDGE_CURVE('',#3848,#3910,#3935,.T.);
#3935 = SURFACE_CURVE('',#3936,(#3940,#3947),.PCURVE_S1.);
#3936 = LINE('',#3937,#3938);
#3937 = CARTESIAN_POINT('',(83.305,202.,2.6));
#3938 = VECTOR('',#3939,1.);
#3939 = DIRECTION('',(1.,-0.,-0.));
#3940 = PCURVE('',#567,#3941);
#3941 = DEFINITIONAL_REPRESENTATION('',(#3942),#3946);
#3942 = LINE('',#3943,#3944);
#3943 = CARTESIAN_POINT('',(-2.6,-2.995));
#3944 = VECTOR('',#3945,1.);
#3945 = DIRECTION('',(-0.,-1.));
#3946 = ( GEOMETRIC_REPRESENTATION_CONTEXT(2) 
PARAMETRIC_REPRESENTATION_CONTEXT() REPRESENTATION_CONTEXT('2D SPACE',''
  ) );
#3947 = PCURVE('',#2802,#3948);
#3948 = DEFINITIONAL_REPRESENTATION('',(#3949),#3953);
#3949 = LINE('',#3950,#3951);
#3950 = CARTESIAN_POINT('',(-2.995,192.01));
#3951 = VECTOR('',#3952,1.);
#3952 = DIRECTION('',(1.,-0.));
#3953 = ( GEOMETRIC_REPRESENTATION_CONTEXT(2) 
PARAMETRIC_REPRESENTATION_CONTEXT() REPRESENTATION_CONTEXT('2D SPACE',''
  ) );
#3954 = FACE_BOUND('',#3955,.T.);
#3955 = EDGE_LOOP('',(#3956,#3986,#4014,#4042));
#3956 = ORIENTED_EDGE('',*,*,#3957,.F.);
#3957 = EDGE_CURVE('',#3958,#3960,#3962,.T.);
#3958 = VERTEX_POINT('',#3959);
#3959 = CARTESIAN_POINT('',(52.8,202.,7.6));
#3960 = VERTEX_POINT('',#3961);
#3961 = CARTESIAN_POINT('',(68.3,202.,23.1));
#3962 = SURFACE_CURVE('',#3963,(#3967,#3974),.PCURVE_S1.);
#3963 = LINE('',#3964,#3965);
#3964 = CARTESIAN_POINT('',(65.5275,202.,20.3275));
#3965 = VECTOR('',#3966,1.);
#3966 = DIRECTION('',(0.707106781187,-0.,0.707106781187));
#3967 = PCURVE('',#567,#3968);
#3968 = DEFINITIONAL_REPRESENTATION('',(#3969),#3973);
#3969 = LINE('',#3970,#3971);
#3970 = CARTESIAN_POINT('',(-20.3275,14.7825));
#3971 = VECTOR('',#3972,1.);
#3972 = DIRECTION('',(-0.707106781187,-0.707106781187));
#3973 = ( GEOMETRIC_REPRESENTATION_CONTEXT(2) 
PARAMETRIC_REPRESENTATION_CONTEXT() REPRESENTATION_CONTEXT('2D SPACE',''
  ) );
#3974 = PCURVE('',#3975,#3980);
#3975 = PLANE('',#3976);
#3976 = AXIS2_PLACEMENT_3D('',#3977,#3978,#3979);
#3977 = CARTESIAN_POINT('',(68.3,201.,23.1));
#3978 = DIRECTION('',(0.707106781187,-0.,-0.707106781187));
#3979 = DIRECTION('',(0.707106781187,0.,0.707106781187));
#3980 = DEFINITIONAL_REPRESENTATION('',(#3981),#3985);
#3981 = LINE('',#3982,#3983);
#3982 = CARTESIAN_POINT('',(-3.920907101679,-1.));
#3983 = VECTOR('',#3984,1.);
#3984 = DIRECTION('',(1.,-0.));
#3985 = ( GEOMETRIC_REPRESENTATION_CONTEXT(2) 
PARAMETRIC_REPRESENTATION_CONTEXT() REPRESENTATION_CONTEXT('2D SPACE',''
  ) );
#3986 = ORIENTED_EDGE('',*,*,#3987,.F.);
#3987 = EDGE_CURVE('',#3988,#3958,#3990,.T.);
#3988 = VERTEX_POINT('',#3989);
#3989 = CARTESIAN_POINT('',(37.3,202.,23.1));
#3990 = SURFACE_CURVE('',#3991,(#3995,#4002),.PCURVE_S1.);
#3991 = LINE('',#3992,#3993);
#3992 = CARTESIAN_POINT('',(61.5775,202.,-1.1775));
#3993 = VECTOR('',#3994,1.);
#3994 = DIRECTION('',(0.707106781187,0.,-0.707106781187));
#3995 = PCURVE('',#567,#3996);
#3996 = DEFINITIONAL_REPRESENTATION('',(#3997),#4001);
#3997 = LINE('',#3998,#3999);
#3998 = CARTESIAN_POINT('',(1.1775,18.7325));
#3999 = VECTOR('',#4000,1.);
#4000 = DIRECTION('',(0.707106781187,-0.707106781187));
#4001 = ( GEOMETRIC_REPRESENTATION_CONTEXT(2) 
PARAMETRIC_REPRESENTATION_CONTEXT() REPRESENTATION_CONTEXT('2D SPACE',''
  ) );
#4002 = PCURVE('',#4003,#4008);
#4003 = PLANE('',#4004);
#4004 = AXIS2_PLACEMENT_3D('',#4005,#4006,#4007);
#4005 = CARTESIAN_POINT('',(52.8,201.,7.6));
#4006 = DIRECTION('',(-0.707106781187,-0.,-0.707106781187));
#4007 = DIRECTION('',(0.707106781187,0.,-0.707106781187));
#4008 = DEFINITIONAL_REPRESENTATION('',(#4009),#4013);
#4009 = LINE('',#4010,#4011);
#4010 = CARTESIAN_POINT('',(12.41325954373,-1.));
#4011 = VECTOR('',#4012,1.);
#4012 = DIRECTION('',(1.,-0.));
#4013 = ( GEOMETRIC_REPRESENTATION_CONTEXT(2) 
PARAMETRIC_REPRESENTATION_CONTEXT() REPRESENTATION_CONTEXT('2D SPACE',''
  ) );
#4014 = ORIENTED_EDGE('',*,*,#4015,.F.);
#4015 = EDGE_CURVE('',#4016,#3988,#4018,.T.);
#4016 = VERTEX_POINT('',#4017);
#4017 = CARTESIAN_POINT('',(52.8,202.,38.6));
#4018 = SURFACE_CURVE('',#4019,(#4023,#4030),.PCURVE_S1.);
#4019 = LINE('',#4020,#4021);
#4020 = CARTESIAN_POINT('',(42.2775,202.,28.0775));
#4021 = VECTOR('',#4022,1.);
#4022 = DIRECTION('',(-0.707106781187,-0.,-0.707106781187));
#4023 = PCURVE('',#567,#4024);
#4024 = DEFINITIONAL_REPRESENTATION('',(#4025),#4029);
#4025 = LINE('',#4026,#4027);
#4026 = CARTESIAN_POINT('',(-28.0775,38.0325));
#4027 = VECTOR('',#4028,1.);
#4028 = DIRECTION('',(0.707106781187,0.707106781187));
#4029 = ( GEOMETRIC_REPRESENTATION_CONTEXT(2) 
PARAMETRIC_REPRESENTATION_CONTEXT() REPRESENTATION_CONTEXT('2D SPACE',''
  ) );
#4030 = PCURVE('',#4031,#4036);
#4031 = PLANE('',#4032);
#4032 = AXIS2_PLACEMENT_3D('',#4033,#4034,#4035);
#4033 = CARTESIAN_POINT('',(37.3,201.,23.1));
#4034 = DIRECTION('',(-0.707106781187,-0.,0.707106781187));
#4035 = DIRECTION('',(-0.707106781187,0.,-0.707106781187));
#4036 = DEFINITIONAL_REPRESENTATION('',(#4037),#4041);
#4037 = LINE('',#4038,#4039);
#4038 = CARTESIAN_POINT('',(-7.039248006712,-1.));
#4039 = VECTOR('',#4040,1.);
#4040 = DIRECTION('',(1.,-0.));
#4041 = ( GEOMETRIC_REPRESENTATION_CONTEXT(2) 
PARAMETRIC_REPRESENTATION_CONTEXT() REPRESENTATION_CONTEXT('2D SPACE',''
  ) );
#4042 = ORIENTED_EDGE('',*,*,#4043,.F.);
#4043 = EDGE_CURVE('',#3960,#4016,#4044,.T.);
#4044 = SURFACE_CURVE('',#4045,(#4049,#4056),.PCURVE_S1.);
#4045 = LINE('',#4046,#4047);
#4046 = CARTESIAN_POINT('',(69.3275,202.,22.0725));
#4047 = VECTOR('',#4048,1.);
#4048 = DIRECTION('',(-0.707106781187,-0.,0.707106781187));
#4049 = PCURVE('',#567,#4050);
#4050 = DEFINITIONAL_REPRESENTATION('',(#4051),#4055);
#4051 = LINE('',#4052,#4053);
#4052 = CARTESIAN_POINT('',(-22.0725,10.9825));
#4053 = VECTOR('',#4054,1.);
#4054 = DIRECTION('',(-0.707106781187,0.707106781187));
#4055 = ( GEOMETRIC_REPRESENTATION_CONTEXT(2) 
PARAMETRIC_REPRESENTATION_CONTEXT() REPRESENTATION_CONTEXT('2D SPACE',''
  ) );
#4056 = PCURVE('',#4057,#4062);
#4057 = PLANE('',#4058);
#4058 = AXIS2_PLACEMENT_3D('',#4059,#4060,#4061);
#4059 = CARTESIAN_POINT('',(52.8,201.,38.6));
#4060 = DIRECTION('',(0.707106781187,-0.,0.707106781187));
#4061 = DIRECTION('',(-0.707106781187,-0.,0.707106781187));
#4062 = DEFINITIONAL_REPRESENTATION('',(#4063),#4067);
#4063 = LINE('',#4064,#4065);
#4064 = CARTESIAN_POINT('',(-23.37341465212,-1.));
#4065 = VECTOR('',#4066,1.);
#4066 = DIRECTION('',(1.,-0.));
#4067 = ( GEOMETRIC_REPRESENTATION_CONTEXT(2) 
PARAMETRIC_REPRESENTATION_CONTEXT() REPRESENTATION_CONTEXT('2D SPACE',''
  ) );
#4068 = ADVANCED_FACE('',(#4069),#539,.F.);
#4069 = FACE_BOUND('',#4070,.F.);
#4070 = EDGE_LOOP('',(#4071,#4112,#4113,#4114));
#4071 = ORIENTED_EDGE('',*,*,#4072,.T.);
#4072 = EDGE_CURVE('',#4073,#3910,#4075,.T.);
#4073 = VERTEX_POINT('',#4074);
#4074 = CARTESIAN_POINT('',(80.3,200.,4.6));
#4075 = SURFACE_CURVE('',#4076,(#4081,#4094),.PCURVE_S1.);
#4076 = ELLIPSE('',#4077,2.828427124746,2.);
#4077 = AXIS2_PLACEMENT_3D('',#4078,#4079,#4080);
#4078 = CARTESIAN_POINT('',(78.3,200.,4.6));
#4079 = DIRECTION('',(-0.,0.707106781187,0.707106781187));
#4080 = DIRECTION('',(-0.,0.707106781187,-0.707106781187));
#4081 = PCURVE('',#539,#4082);
#4082 = DEFINITIONAL_REPRESENTATION('',(#4083),#4093);
#4083 = B_SPLINE_CURVE_WITH_KNOTS('',8,(#4084,#4085,#4086,#4087,#4088,
    #4089,#4090,#4091,#4092),.UNSPECIFIED.,.F.,.F.,(9,9),(4.712388980385
    ,6.28318530718),.PIECEWISE_BEZIER_KNOTS.);
#4084 = CARTESIAN_POINT('',(3.14159265359,-2.));
#4085 = CARTESIAN_POINT('',(2.94524311274,-1.607300918301));
#4086 = CARTESIAN_POINT('',(2.748893571889,-1.214601743364));
#4087 = CARTESIAN_POINT('',(2.552544031041,-0.844973477578));
#4088 = CARTESIAN_POINT('',(2.356194490188,-0.521482498846));
#4089 = CARTESIAN_POINT('',(2.159844949343,-0.26436390732));
#4090 = CARTESIAN_POINT('',(1.963495408492,-8.812155197256E-02));
#4091 = CARTESIAN_POINT('',(1.767145867644,-5.402727445362E-16));
#4092 = CARTESIAN_POINT('',(1.570796326795,-4.440892098501E-16));
#4093 = ( GEOMETRIC_REPRESENTATION_CONTEXT(2) 
PARAMETRIC_REPRESENTATION_CONTEXT() REPRESENTATION_CONTEXT('2D SPACE',''
  ) );
#4094 = PCURVE('',#4095,#4100);
#4095 = CYLINDRICAL_SURFACE('',#4096,2.);
#4096 = AXIS2_PLACEMENT_3D('',#4097,#4098,#4099);
#4097 = CARTESIAN_POINT('',(78.3,10.,4.6));
#4098 = DIRECTION('',(-0.,-1.,-0.));
#4099 = DIRECTION('',(-1.,-0.,-0.));
#4100 = DEFINITIONAL_REPRESENTATION('',(#4101),#4111);
#4101 = B_SPLINE_CURVE_WITH_KNOTS('',8,(#4102,#4103,#4104,#4105,#4106,
    #4107,#4108,#4109,#4110),.UNSPECIFIED.,.F.,.F.,(9,9),(4.712388980385
    ,6.28318530718),.PIECEWISE_BEZIER_KNOTS.);
#4102 = CARTESIAN_POINT('',(-3.14159265359,-190.));
#4103 = CARTESIAN_POINT('',(-3.337942194439,-190.3926990816));
#4104 = CARTESIAN_POINT('',(-3.534291735283,-190.7853982563));
#4105 = CARTESIAN_POINT('',(-3.730641276145,-191.1550265231));
#4106 = CARTESIAN_POINT('',(-3.92699081697,-191.4785174999));
#4107 = CARTESIAN_POINT('',(-4.123340357848,-191.7356360933));
#4108 = CARTESIAN_POINT('',(-4.319689898682,-191.9118784478));
#4109 = CARTESIAN_POINT('',(-4.516039439535,-192.));
#4110 = CARTESIAN_POINT('',(-4.712388980385,-192.));
#4111 = ( GEOMETRIC_REPRESENTATION_CONTEXT(2) 
PARAMETRIC_REPRESENTATION_CONTEXT() REPRESENTATION_CONTEXT('2D SPACE',''
  ) );
#4112 = ORIENTED_EDGE('',*,*,#3909,.T.);
#4113 = ORIENTED_EDGE('',*,*,#518,.T.);
#4114 = ORIENTED_EDGE('',*,*,#4115,.F.);
#4115 = EDGE_CURVE('',#4073,#491,#4116,.T.);
#4116 = SURFACE_CURVE('',#4117,(#4121,#4128),.PCURVE_S1.);
#4117 = LINE('',#4118,#4119);
#4118 = CARTESIAN_POINT('',(80.3,200.,2.6));
#4119 = VECTOR('',#4120,1.);
#4120 = DIRECTION('',(0.,0.,1.));
#4121 = PCURVE('',#539,#4122);
#4122 = DEFINITIONAL_REPRESENTATION('',(#4123),#4127);
#4123 = LINE('',#4124,#4125);
#4124 = CARTESIAN_POINT('',(3.14159265359,0.));
#4125 = VECTOR('',#4126,1.);
#4126 = DIRECTION('',(0.,-1.));
#4127 = ( GEOMETRIC_REPRESENTATION_CONTEXT(2) 
PARAMETRIC_REPRESENTATION_CONTEXT() REPRESENTATION_CONTEXT('2D SPACE',''
  ) );
#4128 = PCURVE('',#506,#4129);
#4129 = DEFINITIONAL_REPRESENTATION('',(#4130),#4134);
#4130 = LINE('',#4131,#4132);
#4131 = CARTESIAN_POINT('',(-2.6,-196.8));
#4132 = VECTOR('',#4133,1.);
#4133 = DIRECTION('',(-1.,-0.));
#4134 = ( GEOMETRIC_REPRESENTATION_CONTEXT(2) 
PARAMETRIC_REPRESENTATION_CONTEXT() REPRESENTATION_CONTEXT('2D SPACE',''
  ) );
#4135 = ADVANCED_FACE('',(#4136,#4230,#4374),#506,.T.);
#4136 = FACE_BOUND('',#4137,.F.);
#4137 = EDGE_LOOP('',(#4138,#4161,#4184,#4207,#4228,#4229));
#4138 = ORIENTED_EDGE('',*,*,#4139,.F.);
#4139 = EDGE_CURVE('',#4140,#463,#4142,.T.);
#4140 = VERTEX_POINT('',#4141);
#4141 = CARTESIAN_POINT('',(80.3,174.2,5.7));
#4142 = SURFACE_CURVE('',#4143,(#4147,#4154),.PCURVE_S1.);
#4143 = LINE('',#4144,#4145);
#4144 = CARTESIAN_POINT('',(80.3,174.2,2.85));
#4145 = VECTOR('',#4146,1.);
#4146 = DIRECTION('',(-0.,-0.,1.));
#4147 = PCURVE('',#506,#4148);
#4148 = DEFINITIONAL_REPRESENTATION('',(#4149),#4153);
#4149 = LINE('',#4150,#4151);
#4150 = CARTESIAN_POINT('',(-2.85,-171.));
#4151 = VECTOR('',#4152,1.);
#4152 = DIRECTION('',(-1.,-0.));
#4153 = ( GEOMETRIC_REPRESENTATION_CONTEXT(2) 
PARAMETRIC_REPRESENTATION_CONTEXT() REPRESENTATION_CONTEXT('2D SPACE',''
  ) );
#4154 = PCURVE('',#478,#4155);
#4155 = DEFINITIONAL_REPRESENTATION('',(#4156),#4160);
#4156 = LINE('',#4157,#4158);
#4157 = CARTESIAN_POINT('',(2.85,7.));
#4158 = VECTOR('',#4159,1.);
#4159 = DIRECTION('',(-1.,0.));
#4160 = ( GEOMETRIC_REPRESENTATION_CONTEXT(2) 
PARAMETRIC_REPRESENTATION_CONTEXT() REPRESENTATION_CONTEXT('2D SPACE',''
  ) );
#4161 = ORIENTED_EDGE('',*,*,#4162,.T.);
#4162 = EDGE_CURVE('',#4140,#4163,#4165,.T.);
#4163 = VERTEX_POINT('',#4164);
#4164 = CARTESIAN_POINT('',(80.3,36.,5.7));
#4165 = SURFACE_CURVE('',#4166,(#4170,#4177),.PCURVE_S1.);
#4166 = LINE('',#4167,#4168);
#4167 = CARTESIAN_POINT('',(80.3,19.5,5.7));
#4168 = VECTOR('',#4169,1.);
#4169 = DIRECTION('',(-0.,-1.,-0.));
#4170 = PCURVE('',#506,#4171);
#4171 = DEFINITIONAL_REPRESENTATION('',(#4172),#4176);
#4172 = LINE('',#4173,#4174);
#4173 = CARTESIAN_POINT('',(-5.7,-16.3));
#4174 = VECTOR('',#4175,1.);
#4175 = DIRECTION('',(-0.,1.));
#4176 = ( GEOMETRIC_REPRESENTATION_CONTEXT(2) 
PARAMETRIC_REPRESENTATION_CONTEXT() REPRESENTATION_CONTEXT('2D SPACE',''
  ) );
#4177 = PCURVE('',#1788,#4178);
#4178 = DEFINITIONAL_REPRESENTATION('',(#4179),#4183);
#4179 = LINE('',#4180,#4181);
#4180 = CARTESIAN_POINT('',(-7.,-16.3));
#4181 = VECTOR('',#4182,1.);
#4182 = DIRECTION('',(-0.,-1.));
#4183 = ( GEOMETRIC_REPRESENTATION_CONTEXT(2) 
PARAMETRIC_REPRESENTATION_CONTEXT() REPRESENTATION_CONTEXT('2D SPACE',''
  ) );
#4184 = ORIENTED_EDGE('',*,*,#4185,.F.);
#4185 = EDGE_CURVE('',#4186,#4163,#4188,.T.);
#4186 = VERTEX_POINT('',#4187);
#4187 = CARTESIAN_POINT('',(80.3,36.,4.6));
#4188 = SURFACE_CURVE('',#4189,(#4193,#4200),.PCURVE_S1.);
#4189 = LINE('',#4190,#4191);
#4190 = CARTESIAN_POINT('',(80.3,36.,2.6));
#4191 = VECTOR('',#4192,1.);
#4192 = DIRECTION('',(0.,0.,1.));
#4193 = PCURVE('',#506,#4194);
#4194 = DEFINITIONAL_REPRESENTATION('',(#4195),#4199);
#4195 = LINE('',#4196,#4197);
#4196 = CARTESIAN_POINT('',(-2.6,-32.8));
#4197 = VECTOR('',#4198,1.);
#4198 = DIRECTION('',(-1.,-0.));
#4199 = ( GEOMETRIC_REPRESENTATION_CONTEXT(2) 
PARAMETRIC_REPRESENTATION_CONTEXT() REPRESENTATION_CONTEXT('2D SPACE',''
  ) );
#4200 = PCURVE('',#2828,#4201);
#4201 = DEFINITIONAL_REPRESENTATION('',(#4202),#4206);
#4202 = LINE('',#4203,#4204);
#4203 = CARTESIAN_POINT('',(3.14159265359,0.));
#4204 = VECTOR('',#4205,1.);
#4205 = DIRECTION('',(0.,-1.));
#4206 = ( GEOMETRIC_REPRESENTATION_CONTEXT(2) 
PARAMETRIC_REPRESENTATION_CONTEXT() REPRESENTATION_CONTEXT('2D SPACE',''
  ) );
#4207 = ORIENTED_EDGE('',*,*,#4208,.T.);
#4208 = EDGE_CURVE('',#4186,#4073,#4209,.T.);
#4209 = SURFACE_CURVE('',#4210,(#4214,#4221),.PCURVE_S1.);
#4210 = LINE('',#4211,#4212);
#4211 = CARTESIAN_POINT('',(80.3,10.,4.6));
#4212 = VECTOR('',#4213,1.);
#4213 = DIRECTION('',(0.,1.,0.));
#4214 = PCURVE('',#506,#4215);
#4215 = DEFINITIONAL_REPRESENTATION('',(#4216),#4220);
#4216 = LINE('',#4217,#4218);
#4217 = CARTESIAN_POINT('',(-4.6,-6.8));
#4218 = VECTOR('',#4219,1.);
#4219 = DIRECTION('',(-0.,-1.));
#4220 = ( GEOMETRIC_REPRESENTATION_CONTEXT(2) 
PARAMETRIC_REPRESENTATION_CONTEXT() REPRESENTATION_CONTEXT('2D SPACE',''
  ) );
#4221 = PCURVE('',#4095,#4222);
#4222 = DEFINITIONAL_REPRESENTATION('',(#4223),#4227);
#4223 = LINE('',#4224,#4225);
#4224 = CARTESIAN_POINT('',(-3.14159265359,0.));
#4225 = VECTOR('',#4226,1.);
#4226 = DIRECTION('',(-0.,-1.));
#4227 = ( GEOMETRIC_REPRESENTATION_CONTEXT(2) 
PARAMETRIC_REPRESENTATION_CONTEXT() REPRESENTATION_CONTEXT('2D SPACE',''
  ) );
#4228 = ORIENTED_EDGE('',*,*,#4115,.T.);
#4229 = ORIENTED_EDGE('',*,*,#490,.F.);
#4230 = FACE_BOUND('',#4231,.F.);
#4231 = EDGE_LOOP('',(#4232,#4263,#4291,#4320,#4348));
#4232 = ORIENTED_EDGE('',*,*,#4233,.T.);
#4233 = EDGE_CURVE('',#4234,#4236,#4238,.T.);
#4234 = VERTEX_POINT('',#4235);
#4235 = CARTESIAN_POINT('',(80.3,196.25771644662,12.057716446628));
#4236 = VERTEX_POINT('',#4237);
#4237 = CARTESIAN_POINT('',(80.3,193.5,5.4));
#4238 = SURFACE_CURVE('',#4239,(#4244,#4251),.PCURVE_S1.);
#4239 = CIRCLE('',#4240,3.9);
#4240 = AXIS2_PLACEMENT_3D('',#4241,#4242,#4243);
#4241 = CARTESIAN_POINT('',(80.3,193.5,9.3));
#4242 = DIRECTION('',(-1.,0.,0.));
#4243 = DIRECTION('',(-0.,-0.,-1.));
#4244 = PCURVE('',#506,#4245);
#4245 = DEFINITIONAL_REPRESENTATION('',(#4246),#4250);
#4246 = CIRCLE('',#4247,3.9);
#4247 = AXIS2_PLACEMENT_2D('',#4248,#4249);
#4248 = CARTESIAN_POINT('',(-9.3,-190.3));
#4249 = DIRECTION('',(1.,-0.));
#4250 = ( GEOMETRIC_REPRESENTATION_CONTEXT(2) 
PARAMETRIC_REPRESENTATION_CONTEXT() REPRESENTATION_CONTEXT('2D SPACE',''
  ) );
#4251 = PCURVE('',#4252,#4257);
#4252 = CYLINDRICAL_SURFACE('',#4253,3.9);
#4253 = AXIS2_PLACEMENT_3D('',#4254,#4255,#4256);
#4254 = CARTESIAN_POINT('',(83.9,193.5,9.3));
#4255 = DIRECTION('',(1.,-0.,-0.));
#4256 = DIRECTION('',(-0.,-0.,-1.));
#4257 = DEFINITIONAL_REPRESENTATION('',(#4258),#4262);
#4258 = LINE('',#4259,#4260);
#4259 = CARTESIAN_POINT('',(6.28318530718,-3.6));
#4260 = VECTOR('',#4261,1.);
#4261 = DIRECTION('',(-1.,0.));
#4262 = ( GEOMETRIC_REPRESENTATION_CONTEXT(2) 
PARAMETRIC_REPRESENTATION_CONTEXT() REPRESENTATION_CONTEXT('2D SPACE',''
  ) );
#4263 = ORIENTED_EDGE('',*,*,#4264,.T.);
#4264 = EDGE_CURVE('',#4236,#4265,#4267,.T.);
#4265 = VERTEX_POINT('',#4266);
#4266 = CARTESIAN_POINT('',(80.3,191.5,5.4));
#4267 = SURFACE_CURVE('',#4268,(#4272,#4279),.PCURVE_S1.);
#4268 = LINE('',#4269,#4270);
#4269 = CARTESIAN_POINT('',(80.3,97.35,5.4));
#4270 = VECTOR('',#4271,1.);
#4271 = DIRECTION('',(-0.,-1.,-0.));
#4272 = PCURVE('',#506,#4273);
#4273 = DEFINITIONAL_REPRESENTATION('',(#4274),#4278);
#4274 = LINE('',#4275,#4276);
#4275 = CARTESIAN_POINT('',(-5.4,-94.15));
#4276 = VECTOR('',#4277,1.);
#4277 = DIRECTION('',(-0.,1.));
#4278 = ( GEOMETRIC_REPRESENTATION_CONTEXT(2) 
PARAMETRIC_REPRESENTATION_CONTEXT() REPRESENTATION_CONTEXT('2D SPACE',''
  ) );
#4279 = PCURVE('',#4280,#4285);
#4280 = PLANE('',#4281);
#4281 = AXIS2_PLACEMENT_3D('',#4282,#4283,#4284);
#4282 = CARTESIAN_POINT('',(83.9,191.5,5.4));
#4283 = DIRECTION('',(-0.,-0.,1.));
#4284 = DIRECTION('',(0.,-1.,0.));
#4285 = DEFINITIONAL_REPRESENTATION('',(#4286),#4290);
#4286 = LINE('',#4287,#4288);
#4287 = CARTESIAN_POINT('',(94.15,-3.6));
#4288 = VECTOR('',#4289,1.);
#4289 = DIRECTION('',(1.,-0.));
#4290 = ( GEOMETRIC_REPRESENTATION_CONTEXT(2) 
PARAMETRIC_REPRESENTATION_CONTEXT() REPRESENTATION_CONTEXT('2D SPACE',''
  ) );
#4291 = ORIENTED_EDGE('',*,*,#4292,.T.);
#4292 = EDGE_CURVE('',#4265,#4293,#4295,.T.);
#4293 = VERTEX_POINT('',#4294);
#4294 = CARTESIAN_POINT('',(80.3,188.74228355337,12.057716446628));
#4295 = SURFACE_CURVE('',#4296,(#4301,#4308),.PCURVE_S1.);
#4296 = CIRCLE('',#4297,3.9);
#4297 = AXIS2_PLACEMENT_3D('',#4298,#4299,#4300);
#4298 = CARTESIAN_POINT('',(80.3,191.5,9.3));
#4299 = DIRECTION('',(-1.,0.,-0.));
#4300 = DIRECTION('',(-0.,-0.707106781187,0.707106781187));
#4301 = PCURVE('',#506,#4302);
#4302 = DEFINITIONAL_REPRESENTATION('',(#4303),#4307);
#4303 = CIRCLE('',#4304,3.9);
#4304 = AXIS2_PLACEMENT_2D('',#4305,#4306);
#4305 = CARTESIAN_POINT('',(-9.3,-188.3));
#4306 = DIRECTION('',(-0.707106781187,0.707106781187));
#4307 = ( GEOMETRIC_REPRESENTATION_CONTEXT(2) 
PARAMETRIC_REPRESENTATION_CONTEXT() REPRESENTATION_CONTEXT('2D SPACE',''
  ) );
#4308 = PCURVE('',#4309,#4314);
#4309 = CYLINDRICAL_SURFACE('',#4310,3.9);
#4310 = AXIS2_PLACEMENT_3D('',#4311,#4312,#4313);
#4311 = CARTESIAN_POINT('',(83.9,191.5,9.3));
#4312 = DIRECTION('',(1.,-0.,-0.));
#4313 = DIRECTION('',(-0.,-0.707106781187,0.707106781187));
#4314 = DEFINITIONAL_REPRESENTATION('',(#4315),#4319);
#4315 = LINE('',#4316,#4317);
#4316 = CARTESIAN_POINT('',(6.28318530718,-3.6));
#4317 = VECTOR('',#4318,1.);
#4318 = DIRECTION('',(-1.,0.));
#4319 = ( GEOMETRIC_REPRESENTATION_CONTEXT(2) 
PARAMETRIC_REPRESENTATION_CONTEXT() REPRESENTATION_CONTEXT('2D SPACE',''
  ) );
#4320 = ORIENTED_EDGE('',*,*,#4321,.T.);
#4321 = EDGE_CURVE('',#4293,#4322,#4324,.T.);
#4322 = VERTEX_POINT('',#4323);
#4323 = CARTESIAN_POINT('',(80.3,192.5,15.815432893255));
#4324 = SURFACE_CURVE('',#4325,(#4329,#4336),.PCURVE_S1.);
#4325 = LINE('',#4326,#4327);
#4326 = CARTESIAN_POINT('',(80.3,141.22114177668,-35.46342533005));
#4327 = VECTOR('',#4328,1.);
#4328 = DIRECTION('',(-0.,0.707106781187,0.707106781187));
#4329 = PCURVE('',#506,#4330);
#4330 = DEFINITIONAL_REPRESENTATION('',(#4331),#4335);
#4331 = LINE('',#4332,#4333);
#4332 = CARTESIAN_POINT('',(35.463425330059,-138.0211417766));
#4333 = VECTOR('',#4334,1.);
#4334 = DIRECTION('',(-0.707106781187,-0.707106781187));
#4335 = ( GEOMETRIC_REPRESENTATION_CONTEXT(2) 
PARAMETRIC_REPRESENTATION_CONTEXT() REPRESENTATION_CONTEXT('2D SPACE',''
  ) );
#4336 = PCURVE('',#4337,#4342);
#4337 = PLANE('',#4338);
#4338 = AXIS2_PLACEMENT_3D('',#4339,#4340,#4341);
#4339 = CARTESIAN_POINT('',(83.9,192.5,15.815432893255));
#4340 = DIRECTION('',(-0.,0.707106781187,-0.707106781187));
#4341 = DIRECTION('',(0.,0.707106781187,0.707106781187));
#4342 = DEFINITIONAL_REPRESENTATION('',(#4343),#4347);
#4343 = LINE('',#4344,#4345);
#4344 = CARTESIAN_POINT('',(-72.51925676241,-3.6));
#4345 = VECTOR('',#4346,1.);
#4346 = DIRECTION('',(1.,-0.));
#4347 = ( GEOMETRIC_REPRESENTATION_CONTEXT(2) 
PARAMETRIC_REPRESENTATION_CONTEXT() REPRESENTATION_CONTEXT('2D SPACE',''
  ) );
#4348 = ORIENTED_EDGE('',*,*,#4349,.T.);
#4349 = EDGE_CURVE('',#4322,#4234,#4350,.T.);
#4350 = SURFACE_CURVE('',#4351,(#4355,#4362),.PCURVE_S1.);
#4351 = LINE('',#4352,#4353);
#4352 = CARTESIAN_POINT('',(80.3,151.00771644662,57.307716446628));
#4353 = VECTOR('',#4354,1.);
#4354 = DIRECTION('',(-0.,0.707106781187,-0.707106781187));
#4355 = PCURVE('',#506,#4356);
#4356 = DEFINITIONAL_REPRESENTATION('',(#4357),#4361);
#4357 = LINE('',#4358,#4359);
#4358 = CARTESIAN_POINT('',(-57.30771644662,-147.8077164466));
#4359 = VECTOR('',#4360,1.);
#4360 = DIRECTION('',(0.707106781187,-0.707106781187));
#4361 = ( GEOMETRIC_REPRESENTATION_CONTEXT(2) 
PARAMETRIC_REPRESENTATION_CONTEXT() REPRESENTATION_CONTEXT('2D SPACE',''
  ) );
#4362 = PCURVE('',#4363,#4368);
#4363 = PLANE('',#4364);
#4364 = AXIS2_PLACEMENT_3D('',#4365,#4366,#4367);
#4365 = CARTESIAN_POINT('',(83.9,196.25771644662,12.057716446628));
#4366 = DIRECTION('',(-0.,-0.707106781187,-0.707106781187));
#4367 = DIRECTION('',(0.,0.707106781187,-0.707106781187));
#4368 = DEFINITIONAL_REPRESENTATION('',(#4369),#4373);
#4369 = LINE('',#4370,#4371);
#4370 = CARTESIAN_POINT('',(-63.99316369738,-3.6));
#4371 = VECTOR('',#4372,1.);
#4372 = DIRECTION('',(1.,-0.));
#4373 = ( GEOMETRIC_REPRESENTATION_CONTEXT(2) 
PARAMETRIC_REPRESENTATION_CONTEXT() REPRESENTATION_CONTEXT('2D SPACE',''
  ) );
#4374 = FACE_BOUND('',#4375,.F.);
#4375 = EDGE_LOOP('',(#4376,#4407,#4435,#4464,#4492));
#4376 = ORIENTED_EDGE('',*,*,#4377,.T.);
#4377 = EDGE_CURVE('',#4378,#4380,#4382,.T.);
#4378 = VERTEX_POINT('',#4379);
#4379 = CARTESIAN_POINT('',(80.3,196.25771644662,37.057716446628));
#4380 = VERTEX_POINT('',#4381);
#4381 = CARTESIAN_POINT('',(80.3,193.5,30.4));
#4382 = SURFACE_CURVE('',#4383,(#4388,#4395),.PCURVE_S1.);
#4383 = CIRCLE('',#4384,3.9);
#4384 = AXIS2_PLACEMENT_3D('',#4385,#4386,#4387);
#4385 = CARTESIAN_POINT('',(80.3,193.5,34.3));
#4386 = DIRECTION('',(-1.,0.,0.));
#4387 = DIRECTION('',(-0.,-0.,-1.));
#4388 = PCURVE('',#506,#4389);
#4389 = DEFINITIONAL_REPRESENTATION('',(#4390),#4394);
#4390 = CIRCLE('',#4391,3.9);
#4391 = AXIS2_PLACEMENT_2D('',#4392,#4393);
#4392 = CARTESIAN_POINT('',(-34.3,-190.3));
#4393 = DIRECTION('',(1.,-0.));
#4394 = ( GEOMETRIC_REPRESENTATION_CONTEXT(2) 
PARAMETRIC_REPRESENTATION_CONTEXT() REPRESENTATION_CONTEXT('2D SPACE',''
  ) );
#4395 = PCURVE('',#4396,#4401);
#4396 = CYLINDRICAL_SURFACE('',#4397,3.9);
#4397 = AXIS2_PLACEMENT_3D('',#4398,#4399,#4400);
#4398 = CARTESIAN_POINT('',(83.9,193.5,34.3));
#4399 = DIRECTION('',(1.,-0.,-0.));
#4400 = DIRECTION('',(-0.,-0.,-1.));
#4401 = DEFINITIONAL_REPRESENTATION('',(#4402),#4406);
#4402 = LINE('',#4403,#4404);
#4403 = CARTESIAN_POINT('',(6.28318530718,-3.6));
#4404 = VECTOR('',#4405,1.);
#4405 = DIRECTION('',(-1.,0.));
#4406 = ( GEOMETRIC_REPRESENTATION_CONTEXT(2) 
PARAMETRIC_REPRESENTATION_CONTEXT() REPRESENTATION_CONTEXT('2D SPACE',''
  ) );
#4407 = ORIENTED_EDGE('',*,*,#4408,.T.);
#4408 = EDGE_CURVE('',#4380,#4409,#4411,.T.);
#4409 = VERTEX_POINT('',#4410);
#4410 = CARTESIAN_POINT('',(80.3,191.5,30.4));
#4411 = SURFACE_CURVE('',#4412,(#4416,#4423),.PCURVE_S1.);
#4412 = LINE('',#4413,#4414);
#4413 = CARTESIAN_POINT('',(80.3,97.35,30.4));
#4414 = VECTOR('',#4415,1.);
#4415 = DIRECTION('',(-0.,-1.,-0.));
#4416 = PCURVE('',#506,#4417);
#4417 = DEFINITIONAL_REPRESENTATION('',(#4418),#4422);
#4418 = LINE('',#4419,#4420);
#4419 = CARTESIAN_POINT('',(-30.4,-94.15));
#4420 = VECTOR('',#4421,1.);
#4421 = DIRECTION('',(-0.,1.));
#4422 = ( GEOMETRIC_REPRESENTATION_CONTEXT(2) 
PARAMETRIC_REPRESENTATION_CONTEXT() REPRESENTATION_CONTEXT('2D SPACE',''
  ) );
#4423 = PCURVE('',#4424,#4429);
#4424 = PLANE('',#4425);
#4425 = AXIS2_PLACEMENT_3D('',#4426,#4427,#4428);
#4426 = CARTESIAN_POINT('',(83.9,191.5,30.4));
#4427 = DIRECTION('',(-0.,-0.,1.));
#4428 = DIRECTION('',(0.,-1.,0.));
#4429 = DEFINITIONAL_REPRESENTATION('',(#4430),#4434);
#4430 = LINE('',#4431,#4432);
#4431 = CARTESIAN_POINT('',(94.15,-3.6));
#4432 = VECTOR('',#4433,1.);
#4433 = DIRECTION('',(1.,-0.));
#4434 = ( GEOMETRIC_REPRESENTATION_CONTEXT(2) 
PARAMETRIC_REPRESENTATION_CONTEXT() REPRESENTATION_CONTEXT('2D SPACE',''
  ) );
#4435 = ORIENTED_EDGE('',*,*,#4436,.T.);
#4436 = EDGE_CURVE('',#4409,#4437,#4439,.T.);
#4437 = VERTEX_POINT('',#4438);
#4438 = CARTESIAN_POINT('',(80.3,188.74228355337,37.057716446628));
#4439 = SURFACE_CURVE('',#4440,(#4445,#4452),.PCURVE_S1.);
#4440 = CIRCLE('',#4441,3.9);
#4441 = AXIS2_PLACEMENT_3D('',#4442,#4443,#4444);
#4442 = CARTESIAN_POINT('',(80.3,191.5,34.3));
#4443 = DIRECTION('',(-1.,0.,-0.));
#4444 = DIRECTION('',(-0.,-0.707106781187,0.707106781187));
#4445 = PCURVE('',#506,#4446);
#4446 = DEFINITIONAL_REPRESENTATION('',(#4447),#4451);
#4447 = CIRCLE('',#4448,3.9);
#4448 = AXIS2_PLACEMENT_2D('',#4449,#4450);
#4449 = CARTESIAN_POINT('',(-34.3,-188.3));
#4450 = DIRECTION('',(-0.707106781187,0.707106781187));
#4451 = ( GEOMETRIC_REPRESENTATION_CONTEXT(2) 
PARAMETRIC_REPRESENTATION_CONTEXT() REPRESENTATION_CONTEXT('2D SPACE',''
  ) );
#4452 = PCURVE('',#4453,#4458);
#4453 = CYLINDRICAL_SURFACE('',#4454,3.9);
#4454 = AXIS2_PLACEMENT_3D('',#4455,#4456,#4457);
#4455 = CARTESIAN_POINT('',(83.9,191.5,34.3));
#4456 = DIRECTION('',(1.,-0.,-0.));
#4457 = DIRECTION('',(-0.,-0.707106781187,0.707106781187));
#4458 = DEFINITIONAL_REPRESENTATION('',(#4459),#4463);
#4459 = LINE('',#4460,#4461);
#4460 = CARTESIAN_POINT('',(6.28318530718,-3.6));
#4461 = VECTOR('',#4462,1.);
#4462 = DIRECTION('',(-1.,0.));
#4463 = ( GEOMETRIC_REPRESENTATION_CONTEXT(2) 
PARAMETRIC_REPRESENTATION_CONTEXT() REPRESENTATION_CONTEXT('2D SPACE',''
  ) );
#4464 = ORIENTED_EDGE('',*,*,#4465,.T.);
#4465 = EDGE_CURVE('',#4437,#4466,#4468,.T.);
#4466 = VERTEX_POINT('',#4467);
#4467 = CARTESIAN_POINT('',(80.3,192.5,40.815432893255));
#4468 = SURFACE_CURVE('',#4469,(#4473,#4480),.PCURVE_S1.);
#4469 = LINE('',#4470,#4471);
#4470 = CARTESIAN_POINT('',(80.3,134.97114177668,-16.71342533005));
#4471 = VECTOR('',#4472,1.);
#4472 = DIRECTION('',(-0.,0.707106781187,0.707106781187));
#4473 = PCURVE('',#506,#4474);
#4474 = DEFINITIONAL_REPRESENTATION('',(#4475),#4479);
#4475 = LINE('',#4476,#4477);
#4476 = CARTESIAN_POINT('',(16.713425330059,-131.7711417766));
#4477 = VECTOR('',#4478,1.);
#4478 = DIRECTION('',(-0.707106781187,-0.707106781187));
#4479 = ( GEOMETRIC_REPRESENTATION_CONTEXT(2) 
PARAMETRIC_REPRESENTATION_CONTEXT() REPRESENTATION_CONTEXT('2D SPACE',''
  ) );
#4480 = PCURVE('',#4481,#4486);
#4481 = PLANE('',#4482);
#4482 = AXIS2_PLACEMENT_3D('',#4483,#4484,#4485);
#4483 = CARTESIAN_POINT('',(83.9,192.5,40.815432893255));
#4484 = DIRECTION('',(-0.,0.707106781187,-0.707106781187));
#4485 = DIRECTION('',(0.,0.707106781187,0.707106781187));
#4486 = DEFINITIONAL_REPRESENTATION('',(#4487),#4491);
#4487 = LINE('',#4488,#4489);
#4488 = CARTESIAN_POINT('',(-81.35809152724,-3.6));
#4489 = VECTOR('',#4490,1.);
#4490 = DIRECTION('',(1.,-0.));
#4491 = ( GEOMETRIC_REPRESENTATION_CONTEXT(2) 
PARAMETRIC_REPRESENTATION_CONTEXT() REPRESENTATION_CONTEXT('2D SPACE',''
  ) );
#4492 = ORIENTED_EDGE('',*,*,#4493,.T.);
#4493 = EDGE_CURVE('',#4466,#4378,#4494,.T.);
#4494 = SURFACE_CURVE('',#4495,(#4499,#4506),.PCURVE_S1.);
#4495 = LINE('',#4496,#4497);
#4496 = CARTESIAN_POINT('',(80.3,157.25771644662,76.057716446628));
#4497 = VECTOR('',#4498,1.);
#4498 = DIRECTION('',(-0.,0.707106781187,-0.707106781187));
#4499 = PCURVE('',#506,#4500);
#4500 = DEFINITIONAL_REPRESENTATION('',(#4501),#4505);
#4501 = LINE('',#4502,#4503);
#4502 = CARTESIAN_POINT('',(-76.05771644662,-154.0577164466));
#4503 = VECTOR('',#4504,1.);
#4504 = DIRECTION('',(0.707106781187,-0.707106781187));
#4505 = ( GEOMETRIC_REPRESENTATION_CONTEXT(2) 
PARAMETRIC_REPRESENTATION_CONTEXT() REPRESENTATION_CONTEXT('2D SPACE',''
  ) );
#4506 = PCURVE('',#4507,#4512);
#4507 = PLANE('',#4508);
#4508 = AXIS2_PLACEMENT_3D('',#4509,#4510,#4511);
#4509 = CARTESIAN_POINT('',(83.9,196.25771644662,37.057716446628));
#4510 = DIRECTION('',(-0.,-0.707106781187,-0.707106781187));
#4511 = DIRECTION('',(0.,0.707106781187,-0.707106781187));
#4512 = DEFINITIONAL_REPRESENTATION('',(#4513),#4517);
#4513 = LINE('',#4514,#4515);
#4514 = CARTESIAN_POINT('',(-55.15432893255,-3.6));
#4515 = VECTOR('',#4516,1.);
#4516 = DIRECTION('',(1.,-0.));
#4517 = ( GEOMETRIC_REPRESENTATION_CONTEXT(2) 
PARAMETRIC_REPRESENTATION_CONTEXT() REPRESENTATION_CONTEXT('2D SPACE',''
  ) );
#4518 = ADVANCED_FACE('',(#4519),#478,.F.);
#4519 = FACE_BOUND('',#4520,.T.);
#4520 = EDGE_LOOP('',(#4521,#4544,#4572,#4593,#4594,#4595));
#4521 = ORIENTED_EDGE('',*,*,#4522,.F.);
#4522 = EDGE_CURVE('',#4523,#4140,#4525,.T.);
#4523 = VERTEX_POINT('',#4524);
#4524 = CARTESIAN_POINT('',(83.3,174.2,5.7));
#4525 = SURFACE_CURVE('',#4526,(#4530,#4537),.PCURVE_S1.);
#4526 = LINE('',#4527,#4528);
#4527 = CARTESIAN_POINT('',(87.3,174.2,5.7));
#4528 = VECTOR('',#4529,1.);
#4529 = DIRECTION('',(-1.,-0.,0.));
#4530 = PCURVE('',#478,#4531);
#4531 = DEFINITIONAL_REPRESENTATION('',(#4532),#4536);
#4532 = LINE('',#4533,#4534);
#4533 = CARTESIAN_POINT('',(-0.,-0.));
#4534 = VECTOR('',#4535,1.);
#4535 = DIRECTION('',(-0.,1.));
#4536 = ( GEOMETRIC_REPRESENTATION_CONTEXT(2) 
PARAMETRIC_REPRESENTATION_CONTEXT() REPRESENTATION_CONTEXT('2D SPACE',''
  ) );
#4537 = PCURVE('',#1788,#4538);
#4538 = DEFINITIONAL_REPRESENTATION('',(#4539),#4543);
#4539 = LINE('',#4540,#4541);
#4540 = CARTESIAN_POINT('',(0.,138.4));
#4541 = VECTOR('',#4542,1.);
#4542 = DIRECTION('',(-1.,0.));
#4543 = ( GEOMETRIC_REPRESENTATION_CONTEXT(2) 
PARAMETRIC_REPRESENTATION_CONTEXT() REPRESENTATION_CONTEXT('2D SPACE',''
  ) );
#4544 = ORIENTED_EDGE('',*,*,#4545,.F.);
#4545 = EDGE_CURVE('',#4546,#4523,#4548,.T.);
#4546 = VERTEX_POINT('',#4547);
#4547 = CARTESIAN_POINT('',(83.3,174.2,7.748912529307));
#4548 = SURFACE_CURVE('',#4549,(#4553,#4560),.PCURVE_S1.);
#4549 = LINE('',#4550,#4551);
#4550 = CARTESIAN_POINT('',(83.3,174.2,6.360110023068));
#4551 = VECTOR('',#4552,1.);
#4552 = DIRECTION('',(-0.,-0.,-1.));
#4553 = PCURVE('',#478,#4554);
#4554 = DEFINITIONAL_REPRESENTATION('',(#4555),#4559);
#4555 = LINE('',#4556,#4557);
#4556 = CARTESIAN_POINT('',(-0.660110023068,4.));
#4557 = VECTOR('',#4558,1.);
#4558 = DIRECTION('',(1.,-0.));
#4559 = ( GEOMETRIC_REPRESENTATION_CONTEXT(2) 
PARAMETRIC_REPRESENTATION_CONTEXT() REPRESENTATION_CONTEXT('2D SPACE',''
  ) );
#4560 = PCURVE('',#4561,#4566);
#4561 = PLANE('',#4562);
#4562 = AXIS2_PLACEMENT_3D('',#4563,#4564,#4565);
#4563 = CARTESIAN_POINT('',(83.3,177.4,7.020220046137));
#4564 = DIRECTION('',(-1.,-0.,-0.));
#4565 = DIRECTION('',(0.,0.,-1.));
#4566 = DEFINITIONAL_REPRESENTATION('',(#4567),#4571);
#4567 = LINE('',#4568,#4569);
#4568 = CARTESIAN_POINT('',(0.660110023068,3.2));
#4569 = VECTOR('',#4570,1.);
#4570 = DIRECTION('',(1.,-0.));
#4571 = ( GEOMETRIC_REPRESENTATION_CONTEXT(2) 
PARAMETRIC_REPRESENTATION_CONTEXT() REPRESENTATION_CONTEXT('2D SPACE',''
  ) );
#4572 = ORIENTED_EDGE('',*,*,#4573,.T.);
#4573 = EDGE_CURVE('',#4546,#1636,#4574,.T.);
#4574 = SURFACE_CURVE('',#4575,(#4579,#4586),.PCURVE_S1.);
#4575 = LINE('',#4576,#4577);
#4576 = CARTESIAN_POINT('',(87.3,174.2,7.748912529307));
#4577 = VECTOR('',#4578,1.);
#4578 = DIRECTION('',(1.,-0.,-0.));
#4579 = PCURVE('',#478,#4580);
#4580 = DEFINITIONAL_REPRESENTATION('',(#4581),#4585);
#4581 = LINE('',#4582,#4583);
#4582 = CARTESIAN_POINT('',(-2.048912529307,-0.));
#4583 = VECTOR('',#4584,1.);
#4584 = DIRECTION('',(-0.,-1.));
#4585 = ( GEOMETRIC_REPRESENTATION_CONTEXT(2) 
PARAMETRIC_REPRESENTATION_CONTEXT() REPRESENTATION_CONTEXT('2D SPACE',''
  ) );
#4586 = PCURVE('',#1675,#4587);
#4587 = DEFINITIONAL_REPRESENTATION('',(#4588),#4592);
#4588 = LINE('',#4589,#4590);
#4589 = CARTESIAN_POINT('',(-1.915497506593,0.));
#4590 = VECTOR('',#4591,1.);
#4591 = DIRECTION('',(0.,1.));
#4592 = ( GEOMETRIC_REPRESENTATION_CONTEXT(2) 
PARAMETRIC_REPRESENTATION_CONTEXT() REPRESENTATION_CONTEXT('2D SPACE',''
  ) );
#4593 = ORIENTED_EDGE('',*,*,#1635,.T.);
#4594 = ORIENTED_EDGE('',*,*,#462,.F.);
#4595 = ORIENTED_EDGE('',*,*,#4139,.F.);
#4596 = ADVANCED_FACE('',(#4597,#4645),#427,.T.);
#4597 = FACE_BOUND('',#4598,.F.);
#4598 = EDGE_LOOP('',(#4599,#4622,#4643,#4644));
#4599 = ORIENTED_EDGE('',*,*,#4600,.F.);
#4600 = EDGE_CURVE('',#4601,#384,#4603,.T.);
#4601 = VERTEX_POINT('',#4602);
#4602 = CARTESIAN_POINT('',(19.3,206.,0.3));
#4603 = SURFACE_CURVE('',#4604,(#4608,#4615),.PCURVE_S1.);
#4604 = LINE('',#4605,#4606);
#4605 = CARTESIAN_POINT('',(19.3,206.,0.));
#4606 = VECTOR('',#4607,1.);
#4607 = DIRECTION('',(-0.,-0.,1.));
#4608 = PCURVE('',#427,#4609);
#4609 = DEFINITIONAL_REPRESENTATION('',(#4610),#4614);
#4610 = LINE('',#4611,#4612);
#4611 = CARTESIAN_POINT('',(-0.,6.));
#4612 = VECTOR('',#4613,1.);
#4613 = DIRECTION('',(-1.,0.));
#4614 = ( GEOMETRIC_REPRESENTATION_CONTEXT(2) 
PARAMETRIC_REPRESENTATION_CONTEXT() REPRESENTATION_CONTEXT('2D SPACE',''
  ) );
#4615 = PCURVE('',#399,#4616);
#4616 = DEFINITIONAL_REPRESENTATION('',(#4617),#4621);
#4617 = LINE('',#4618,#4619);
#4618 = CARTESIAN_POINT('',(-0.,-196.01));
#4619 = VECTOR('',#4620,1.);
#4620 = DIRECTION('',(-1.,-0.));
#4621 = ( GEOMETRIC_REPRESENTATION_CONTEXT(2) 
PARAMETRIC_REPRESENTATION_CONTEXT() REPRESENTATION_CONTEXT('2D SPACE',''
  ) );
#4622 = ORIENTED_EDGE('',*,*,#4623,.F.);
#4623 = EDGE_CURVE('',#1591,#4601,#4624,.T.);
#4624 = SURFACE_CURVE('',#4625,(#4629,#4636),.PCURVE_S1.);
#4625 = LINE('',#4626,#4627);
#4626 = CARTESIAN_POINT('',(86.3,206.,0.3));
#4627 = VECTOR('',#4628,1.);
#4628 = DIRECTION('',(-1.,-0.,-4.142623226213E-19));
#4629 = PCURVE('',#427,#4630);
#4630 = DEFINITIONAL_REPRESENTATION('',(#4631),#4635);
#4631 = LINE('',#4632,#4633);
#4632 = CARTESIAN_POINT('',(-0.3,-61.));
#4633 = VECTOR('',#4634,1.);
#4634 = DIRECTION('',(4.142623226213E-19,1.));
#4635 = ( GEOMETRIC_REPRESENTATION_CONTEXT(2) 
PARAMETRIC_REPRESENTATION_CONTEXT() REPRESENTATION_CONTEXT('2D SPACE',''
  ) );
#4636 = PCURVE('',#2552,#4637);
#4637 = DEFINITIONAL_REPRESENTATION('',(#4638),#4642);
#4638 = LINE('',#4639,#4640);
#4639 = CARTESIAN_POINT('',(-0.,0.212132034356));
#4640 = VECTOR('',#4641,1.);
#4641 = DIRECTION('',(-1.,0.));
#4642 = ( GEOMETRIC_REPRESENTATION_CONTEXT(2) 
PARAMETRIC_REPRESENTATION_CONTEXT() REPRESENTATION_CONTEXT('2D SPACE',''
  ) );
#4643 = ORIENTED_EDGE('',*,*,#1613,.T.);
#4644 = ORIENTED_EDGE('',*,*,#411,.F.);
#4645 = FACE_BOUND('',#4646,.F.);
#4646 = EDGE_LOOP('',(#4647,#4672,#4695,#4718));
#4647 = ORIENTED_EDGE('',*,*,#4648,.F.);
#4648 = EDGE_CURVE('',#4649,#4651,#4653,.T.);
#4649 = VERTEX_POINT('',#4650);
#4650 = CARTESIAN_POINT('',(52.8,206.,7.6));
#4651 = VERTEX_POINT('',#4652);
#4652 = CARTESIAN_POINT('',(68.3,206.,23.1));
#4653 = SURFACE_CURVE('',#4654,(#4658,#4665),.PCURVE_S1.);
#4654 = LINE('',#4655,#4656);
#4655 = CARTESIAN_POINT('',(51.775,206.,6.575));
#4656 = VECTOR('',#4657,1.);
#4657 = DIRECTION('',(0.707106781187,-0.,0.707106781187));
#4658 = PCURVE('',#427,#4659);
#4659 = DEFINITIONAL_REPRESENTATION('',(#4660),#4664);
#4660 = LINE('',#4661,#4662);
#4661 = CARTESIAN_POINT('',(-6.575,-26.475));
#4662 = VECTOR('',#4663,1.);
#4663 = DIRECTION('',(-0.707106781187,-0.707106781187));
#4664 = ( GEOMETRIC_REPRESENTATION_CONTEXT(2) 
PARAMETRIC_REPRESENTATION_CONTEXT() REPRESENTATION_CONTEXT('2D SPACE',''
  ) );
#4665 = PCURVE('',#3975,#4666);
#4666 = DEFINITIONAL_REPRESENTATION('',(#4667),#4671);
#4667 = LINE('',#4668,#4669);
#4668 = CARTESIAN_POINT('',(-23.36987911821,-5.));
#4669 = VECTOR('',#4670,1.);
#4670 = DIRECTION('',(1.,-0.));
#4671 = ( GEOMETRIC_REPRESENTATION_CONTEXT(2) 
PARAMETRIC_REPRESENTATION_CONTEXT() REPRESENTATION_CONTEXT('2D SPACE',''
  ) );
#4672 = ORIENTED_EDGE('',*,*,#4673,.F.);
#4673 = EDGE_CURVE('',#4674,#4649,#4676,.T.);
#4674 = VERTEX_POINT('',#4675);
#4675 = CARTESIAN_POINT('',(37.3,206.,23.1));
#4676 = SURFACE_CURVE('',#4677,(#4681,#4688),.PCURVE_S1.);
#4677 = LINE('',#4678,#4679);
#4678 = CARTESIAN_POINT('',(47.825,206.,12.575));
#4679 = VECTOR('',#4680,1.);
#4680 = DIRECTION('',(0.707106781187,0.,-0.707106781187));
#4681 = PCURVE('',#427,#4682);
#4682 = DEFINITIONAL_REPRESENTATION('',(#4683),#4687);
#4683 = LINE('',#4684,#4685);
#4684 = CARTESIAN_POINT('',(-12.575,-22.525));
#4685 = VECTOR('',#4686,1.);
#4686 = DIRECTION('',(0.707106781187,-0.707106781187));
#4687 = ( GEOMETRIC_REPRESENTATION_CONTEXT(2) 
PARAMETRIC_REPRESENTATION_CONTEXT() REPRESENTATION_CONTEXT('2D SPACE',''
  ) );
#4688 = PCURVE('',#4003,#4689);
#4689 = DEFINITIONAL_REPRESENTATION('',(#4690),#4694);
#4690 = LINE('',#4691,#4692);
#4691 = CARTESIAN_POINT('',(-7.035712472806,-5.));
#4692 = VECTOR('',#4693,1.);
#4693 = DIRECTION('',(1.,-0.));
#4694 = ( GEOMETRIC_REPRESENTATION_CONTEXT(2) 
PARAMETRIC_REPRESENTATION_CONTEXT() REPRESENTATION_CONTEXT('2D SPACE',''
  ) );
#4695 = ORIENTED_EDGE('',*,*,#4696,.F.);
#4696 = EDGE_CURVE('',#4697,#4674,#4699,.T.);
#4697 = VERTEX_POINT('',#4698);
#4698 = CARTESIAN_POINT('',(52.8,206.,38.6));
#4699 = SURFACE_CURVE('',#4700,(#4704,#4711),.PCURVE_S1.);
#4700 = LINE('',#4701,#4702);
#4701 = CARTESIAN_POINT('',(28.525,206.,14.325));
#4702 = VECTOR('',#4703,1.);
#4703 = DIRECTION('',(-0.707106781187,-0.,-0.707106781187));
#4704 = PCURVE('',#427,#4705);
#4705 = DEFINITIONAL_REPRESENTATION('',(#4706),#4710);
#4706 = LINE('',#4707,#4708);
#4707 = CARTESIAN_POINT('',(-14.325,-3.225));
#4708 = VECTOR('',#4709,1.);
#4709 = DIRECTION('',(0.707106781187,0.707106781187));
#4710 = ( GEOMETRIC_REPRESENTATION_CONTEXT(2) 
PARAMETRIC_REPRESENTATION_CONTEXT() REPRESENTATION_CONTEXT('2D SPACE',''
  ) );
#4711 = PCURVE('',#4031,#4712);
#4712 = DEFINITIONAL_REPRESENTATION('',(#4713),#4717);
#4713 = LINE('',#4714,#4715);
#4714 = CARTESIAN_POINT('',(12.409724009824,-5.));
#4715 = VECTOR('',#4716,1.);
#4716 = DIRECTION('',(1.,-0.));
#4717 = ( GEOMETRIC_REPRESENTATION_CONTEXT(2) 
PARAMETRIC_REPRESENTATION_CONTEXT() REPRESENTATION_CONTEXT('2D SPACE',''
  ) );
#4718 = ORIENTED_EDGE('',*,*,#4719,.F.);
#4719 = EDGE_CURVE('',#4651,#4697,#4720,.T.);
#4720 = SURFACE_CURVE('',#4721,(#4725,#4732),.PCURVE_S1.);
#4721 = LINE('',#4722,#4723);
#4722 = CARTESIAN_POINT('',(55.575,206.,35.825));
#4723 = VECTOR('',#4724,1.);
#4724 = DIRECTION('',(-0.707106781187,-0.,0.707106781187));
#4725 = PCURVE('',#427,#4726);
#4726 = DEFINITIONAL_REPRESENTATION('',(#4727),#4731);
#4727 = LINE('',#4728,#4729);
#4728 = CARTESIAN_POINT('',(-35.825,-30.275));
#4729 = VECTOR('',#4730,1.);
#4730 = DIRECTION('',(-0.707106781187,0.707106781187));
#4731 = ( GEOMETRIC_REPRESENTATION_CONTEXT(2) 
PARAMETRIC_REPRESENTATION_CONTEXT() REPRESENTATION_CONTEXT('2D SPACE',''
  ) );
#4732 = PCURVE('',#4057,#4733);
#4733 = DEFINITIONAL_REPRESENTATION('',(#4734),#4738);
#4734 = LINE('',#4735,#4736);
#4735 = CARTESIAN_POINT('',(-3.924442635585,-5.));
#4736 = VECTOR('',#4737,1.);
#4737 = DIRECTION('',(1.,-0.));
#4738 = ( GEOMETRIC_REPRESENTATION_CONTEXT(2) 
PARAMETRIC_REPRESENTATION_CONTEXT() REPRESENTATION_CONTEXT('2D SPACE',''
  ) );
#4739 = ADVANCED_FACE('',(#4740,#4788,#4860,#4954,#5025,#5119,#5191,
    #5262,#5333,#5427,#5514,#5608),#399,.T.);
#4740 = FACE_BOUND('',#4741,.F.);
#4741 = EDGE_LOOP('',(#4742,#4765,#4786,#4787));
#4742 = ORIENTED_EDGE('',*,*,#4743,.F.);
#4743 = EDGE_CURVE('',#4744,#356,#4746,.T.);
#4744 = VERTEX_POINT('',#4745);
#4745 = CARTESIAN_POINT('',(19.3,10.,0.3));
#4746 = SURFACE_CURVE('',#4747,(#4751,#4758),.PCURVE_S1.);
#4747 = LINE('',#4748,#4749);
#4748 = CARTESIAN_POINT('',(19.3,10.,0.));
#4749 = VECTOR('',#4750,1.);
#4750 = DIRECTION('',(-0.,-0.,1.));
#4751 = PCURVE('',#399,#4752);
#4752 = DEFINITIONAL_REPRESENTATION('',(#4753),#4757);
#4753 = LINE('',#4754,#4755);
#4754 = CARTESIAN_POINT('',(-0.,-1.E-02));
#4755 = VECTOR('',#4756,1.);
#4756 = DIRECTION('',(-1.,-0.));
#4757 = ( GEOMETRIC_REPRESENTATION_CONTEXT(2) 
PARAMETRIC_REPRESENTATION_CONTEXT() REPRESENTATION_CONTEXT('2D SPACE',''
  ) );
#4758 = PCURVE('',#371,#4759);
#4759 = DEFINITIONAL_REPRESENTATION('',(#4760),#4764);
#4760 = LINE('',#4761,#4762);
#4761 = CARTESIAN_POINT('',(-0.,64.));
#4762 = VECTOR('',#4763,1.);
#4763 = DIRECTION('',(-1.,0.));
#4764 = ( GEOMETRIC_REPRESENTATION_CONTEXT(2) 
PARAMETRIC_REPRESENTATION_CONTEXT() REPRESENTATION_CONTEXT('2D SPACE',''
  ) );
#4765 = ORIENTED_EDGE('',*,*,#4766,.T.);
#4766 = EDGE_CURVE('',#4744,#4601,#4767,.T.);
#4767 = SURFACE_CURVE('',#4768,(#4772,#4779),.PCURVE_S1.);
#4768 = LINE('',#4769,#4770);
#4769 = CARTESIAN_POINT('',(19.3,10.,0.3));
#4770 = VECTOR('',#4771,1.);
#4771 = DIRECTION('',(0.,1.,0.));
#4772 = PCURVE('',#399,#4773);
#4773 = DEFINITIONAL_REPRESENTATION('',(#4774),#4778);
#4774 = LINE('',#4775,#4776);
#4775 = CARTESIAN_POINT('',(-0.3,-1.E-02));
#4776 = VECTOR('',#4777,1.);
#4777 = DIRECTION('',(-0.,-1.));
#4778 = ( GEOMETRIC_REPRESENTATION_CONTEXT(2) 
PARAMETRIC_REPRESENTATION_CONTEXT() REPRESENTATION_CONTEXT('2D SPACE',''
  ) );
#4779 = PCURVE('',#2524,#4780);
#4780 = DEFINITIONAL_REPRESENTATION('',(#4781),#4785);
#4781 = LINE('',#4782,#4783);
#4782 = CARTESIAN_POINT('',(0.,0.212132034356));
#4783 = VECTOR('',#4784,1.);
#4784 = DIRECTION('',(1.,0.));
#4785 = ( GEOMETRIC_REPRESENTATION_CONTEXT(2) 
PARAMETRIC_REPRESENTATION_CONTEXT() REPRESENTATION_CONTEXT('2D SPACE',''
  ) );
#4786 = ORIENTED_EDGE('',*,*,#4600,.T.);
#4787 = ORIENTED_EDGE('',*,*,#383,.F.);
#4788 = FACE_BOUND('',#4789,.F.);
#4789 = EDGE_LOOP('',(#4790,#4815,#4839));
#4790 = ORIENTED_EDGE('',*,*,#4791,.T.);
#4791 = EDGE_CURVE('',#4792,#4794,#4796,.T.);
#4792 = VERTEX_POINT('',#4793);
#4793 = CARTESIAN_POINT('',(19.3,192.5,15.381118318204));
#4794 = VERTEX_POINT('',#4795);
#4795 = CARTESIAN_POINT('',(19.3,195.5405591591,12.340559159102));
#4796 = SURFACE_CURVE('',#4797,(#4801,#4808),.PCURVE_S1.);
#4797 = LINE('',#4798,#4799);
#4798 = CARTESIAN_POINT('',(19.3,152.2380591591,55.643059159102));
#4799 = VECTOR('',#4800,1.);
#4800 = DIRECTION('',(-0.,0.707106781187,-0.707106781187));
#4801 = PCURVE('',#399,#4802);
#4802 = DEFINITIONAL_REPRESENTATION('',(#4803),#4807);
#4803 = LINE('',#4804,#4805);
#4804 = CARTESIAN_POINT('',(-55.6430591591,-142.2480591591));
#4805 = VECTOR('',#4806,1.);
#4806 = DIRECTION('',(0.707106781187,-0.707106781187));
#4807 = ( GEOMETRIC_REPRESENTATION_CONTEXT(2) 
PARAMETRIC_REPRESENTATION_CONTEXT() REPRESENTATION_CONTEXT('2D SPACE',''
  ) );
#4808 = PCURVE('',#2976,#4809);
#4809 = DEFINITIONAL_REPRESENTATION('',(#4810),#4814);
#4810 = LINE('',#4811,#4812);
#4811 = CARTESIAN_POINT('',(-61.23898278466,-7.));
#4812 = VECTOR('',#4813,1.);
#4813 = DIRECTION('',(1.,-0.));
#4814 = ( GEOMETRIC_REPRESENTATION_CONTEXT(2) 
PARAMETRIC_REPRESENTATION_CONTEXT() REPRESENTATION_CONTEXT('2D SPACE',''
  ) );
#4815 = ORIENTED_EDGE('',*,*,#4816,.T.);
#4816 = EDGE_CURVE('',#4794,#4817,#4819,.T.);
#4817 = VERTEX_POINT('',#4818);
#4818 = CARTESIAN_POINT('',(19.3,189.45944084089,12.340559159102));
#4819 = SURFACE_CURVE('',#4820,(#4825,#4832),.PCURVE_S1.);
#4820 = CIRCLE('',#4821,4.3);
#4821 = AXIS2_PLACEMENT_3D('',#4822,#4823,#4824);
#4822 = CARTESIAN_POINT('',(19.3,192.5,9.3));
#4823 = DIRECTION('',(-1.,0.,0.));
#4824 = DIRECTION('',(-0.,-6.609699867536E-15,-1.));
#4825 = PCURVE('',#399,#4826);
#4826 = DEFINITIONAL_REPRESENTATION('',(#4827),#4831);
#4827 = CIRCLE('',#4828,4.3);
#4828 = AXIS2_PLACEMENT_2D('',#4829,#4830);
#4829 = CARTESIAN_POINT('',(-9.3,-182.51));
#4830 = DIRECTION('',(1.,6.609699867536E-15));
#4831 = ( GEOMETRIC_REPRESENTATION_CONTEXT(2) 
PARAMETRIC_REPRESENTATION_CONTEXT() REPRESENTATION_CONTEXT('2D SPACE',''
  ) );
#4832 = PCURVE('',#3005,#4833);
#4833 = DEFINITIONAL_REPRESENTATION('',(#4834),#4838);
#4834 = LINE('',#4835,#4836);
#4835 = CARTESIAN_POINT('',(6.28318530718,-7.));
#4836 = VECTOR('',#4837,1.);
#4837 = DIRECTION('',(-1.,0.));
#4838 = ( GEOMETRIC_REPRESENTATION_CONTEXT(2) 
PARAMETRIC_REPRESENTATION_CONTEXT() REPRESENTATION_CONTEXT('2D SPACE',''
  ) );
#4839 = ORIENTED_EDGE('',*,*,#4840,.T.);
#4840 = EDGE_CURVE('',#4817,#4792,#4841,.T.);
#4841 = SURFACE_CURVE('',#4842,(#4846,#4853),.PCURVE_S1.);
#4842 = LINE('',#4843,#4844);
#4843 = CARTESIAN_POINT('',(19.3,143.02722042044,-34.09166126134));
#4844 = VECTOR('',#4845,1.);
#4845 = DIRECTION('',(-0.,0.707106781187,0.707106781187));
#4846 = PCURVE('',#399,#4847);
#4847 = DEFINITIONAL_REPRESENTATION('',(#4848),#4852);
#4848 = LINE('',#4849,#4850);
#4849 = CARTESIAN_POINT('',(34.091661261347,-133.0372204204));
#4850 = VECTOR('',#4851,1.);
#4851 = DIRECTION('',(-0.707106781187,-0.707106781187));
#4852 = ( GEOMETRIC_REPRESENTATION_CONTEXT(2) 
PARAMETRIC_REPRESENTATION_CONTEXT() REPRESENTATION_CONTEXT('2D SPACE',''
  ) );
#4853 = PCURVE('',#3031,#4854);
#4854 = DEFINITIONAL_REPRESENTATION('',(#4855),#4859);
#4855 = LINE('',#4856,#4857);
#4856 = CARTESIAN_POINT('',(-69.96507584969,-7.));
#4857 = VECTOR('',#4858,1.);
#4858 = DIRECTION('',(1.,-0.));
#4859 = ( GEOMETRIC_REPRESENTATION_CONTEXT(2) 
PARAMETRIC_REPRESENTATION_CONTEXT() REPRESENTATION_CONTEXT('2D SPACE',''
  ) );
#4860 = FACE_BOUND('',#4861,.F.);
#4861 = EDGE_LOOP('',(#4862,#4887,#4910,#4933));
#4862 = ORIENTED_EDGE('',*,*,#4863,.T.);
#4863 = EDGE_CURVE('',#4864,#4866,#4868,.T.);
#4864 = VERTEX_POINT('',#4865);
#4865 = CARTESIAN_POINT('',(19.3,170.46396103067,20.6));
#4866 = VERTEX_POINT('',#4867);
#4867 = CARTESIAN_POINT('',(19.3,155.46396103067,5.6));
#4868 = SURFACE_CURVE('',#4869,(#4873,#4880),.PCURVE_S1.);
#4869 = LINE('',#4870,#4871);
#4870 = CARTESIAN_POINT('',(19.3,117.695470773,-32.16849025767));
#4871 = VECTOR('',#4872,1.);
#4872 = DIRECTION('',(-0.,-0.707106781187,-0.707106781187));
#4873 = PCURVE('',#399,#4874);
#4874 = DEFINITIONAL_REPRESENTATION('',(#4875),#4879);
#4875 = LINE('',#4876,#4877);
#4876 = CARTESIAN_POINT('',(32.16849025767,-107.705470773));
#4877 = VECTOR('',#4878,1.);
#4878 = DIRECTION('',(0.707106781187,0.707106781187));
#4879 = ( GEOMETRIC_REPRESENTATION_CONTEXT(2) 
PARAMETRIC_REPRESENTATION_CONTEXT() REPRESENTATION_CONTEXT('2D SPACE',''
  ) );
#4880 = PCURVE('',#3149,#4881);
#4881 = DEFINITIONAL_REPRESENTATION('',(#4882),#4886);
#4882 = LINE('',#4883,#4884);
#4883 = CARTESIAN_POINT('',(53.412711152753,-7.));
#4884 = VECTOR('',#4885,1.);
#4885 = DIRECTION('',(1.,-0.));
#4886 = ( GEOMETRIC_REPRESENTATION_CONTEXT(2) 
PARAMETRIC_REPRESENTATION_CONTEXT() REPRESENTATION_CONTEXT('2D SPACE',''
  ) );
#4887 = ORIENTED_EDGE('',*,*,#4888,.T.);
#4888 = EDGE_CURVE('',#4866,#4889,#4891,.T.);
#4889 = VERTEX_POINT('',#4890);
#4890 = CARTESIAN_POINT('',(19.3,140.46396103067,20.6));
#4891 = SURFACE_CURVE('',#4892,(#4896,#4903),.PCURVE_S1.);
#4892 = LINE('',#4893,#4894);
#4893 = CARTESIAN_POINT('',(19.3,112.995470773,48.06849025767));
#4894 = VECTOR('',#4895,1.);
#4895 = DIRECTION('',(-0.,-0.707106781187,0.707106781187));
#4896 = PCURVE('',#399,#4897);
#4897 = DEFINITIONAL_REPRESENTATION('',(#4898),#4902);
#4898 = LINE('',#4899,#4900);
#4899 = CARTESIAN_POINT('',(-48.06849025767,-103.005470773));
#4900 = VECTOR('',#4901,1.);
#4901 = DIRECTION('',(-0.707106781187,0.707106781187));
#4902 = ( GEOMETRIC_REPRESENTATION_CONTEXT(2) 
PARAMETRIC_REPRESENTATION_CONTEXT() REPRESENTATION_CONTEXT('2D SPACE',''
  ) );
#4903 = PCURVE('',#3177,#4904);
#4904 = DEFINITIONAL_REPRESENTATION('',(#4905),#4909);
#4905 = LINE('',#4906,#4907);
#4906 = CARTESIAN_POINT('',(38.84631146031,-7.));
#4907 = VECTOR('',#4908,1.);
#4908 = DIRECTION('',(1.,-0.));
#4909 = ( GEOMETRIC_REPRESENTATION_CONTEXT(2) 
PARAMETRIC_REPRESENTATION_CONTEXT() REPRESENTATION_CONTEXT('2D SPACE',''
  ) );
#4910 = ORIENTED_EDGE('',*,*,#4911,.T.);
#4911 = EDGE_CURVE('',#4889,#4912,#4914,.T.);
#4912 = VERTEX_POINT('',#4913);
#4913 = CARTESIAN_POINT('',(19.3,155.46396103067,35.6));
#4914 = SURFACE_CURVE('',#4915,(#4919,#4926),.PCURVE_S1.);
#4915 = LINE('',#4916,#4917);
#4916 = CARTESIAN_POINT('',(19.3,110.195470773,-9.66849025767));
#4917 = VECTOR('',#4918,1.);
#4918 = DIRECTION('',(-0.,0.707106781187,0.707106781187));
#4919 = PCURVE('',#399,#4920);
#4920 = DEFINITIONAL_REPRESENTATION('',(#4921),#4925);
#4921 = LINE('',#4922,#4923);
#4922 = CARTESIAN_POINT('',(9.66849025767,-100.205470773));
#4923 = VECTOR('',#4924,1.);
#4924 = DIRECTION('',(-0.707106781187,-0.707106781187));
#4925 = ( GEOMETRIC_REPRESENTATION_CONTEXT(2) 
PARAMETRIC_REPRESENTATION_CONTEXT() REPRESENTATION_CONTEXT('2D SPACE',''
  ) );
#4926 = PCURVE('',#3205,#4927);
#4927 = DEFINITIONAL_REPRESENTATION('',(#4928),#4932);
#4928 = LINE('',#4929,#4930);
#4929 = CARTESIAN_POINT('',(-64.01931287055,-7.));
#4930 = VECTOR('',#4931,1.);
#4931 = DIRECTION('',(1.,-0.));
#4932 = ( GEOMETRIC_REPRESENTATION_CONTEXT(2) 
PARAMETRIC_REPRESENTATION_CONTEXT() REPRESENTATION_CONTEXT('2D SPACE',''
  ) );
#4933 = ORIENTED_EDGE('',*,*,#4934,.T.);
#4934 = EDGE_CURVE('',#4912,#4864,#4935,.T.);
#4935 = SURFACE_CURVE('',#4936,(#4940,#4947),.PCURVE_S1.);
#4936 = LINE('',#4937,#4938);
#4937 = CARTESIAN_POINT('',(19.3,135.495470773,55.56849025767));
#4938 = VECTOR('',#4939,1.);
#4939 = DIRECTION('',(-0.,0.707106781187,-0.707106781187));
#4940 = PCURVE('',#399,#4941);
#4941 = DEFINITIONAL_REPRESENTATION('',(#4942),#4946);
#4942 = LINE('',#4943,#4944);
#4943 = CARTESIAN_POINT('',(-55.56849025767,-125.505470773));
#4944 = VECTOR('',#4945,1.);
#4945 = DIRECTION('',(0.707106781187,-0.707106781187));
#4946 = ( GEOMETRIC_REPRESENTATION_CONTEXT(2) 
PARAMETRIC_REPRESENTATION_CONTEXT() REPRESENTATION_CONTEXT('2D SPACE',''
  ) );
#4947 = PCURVE('',#3231,#4948);
#4948 = DEFINITIONAL_REPRESENTATION('',(#4949),#4953);
#4949 = LINE('',#4950,#4951);
#4950 = CARTESIAN_POINT('',(-49.4529131781,-7.));
#4951 = VECTOR('',#4952,1.);
#4952 = DIRECTION('',(1.,-0.));
#4953 = ( GEOMETRIC_REPRESENTATION_CONTEXT(2) 
PARAMETRIC_REPRESENTATION_CONTEXT() REPRESENTATION_CONTEXT('2D SPACE',''
  ) );
#4954 = FACE_BOUND('',#4955,.F.);
#4955 = EDGE_LOOP('',(#4956,#4981,#5004));
#4956 = ORIENTED_EDGE('',*,*,#4957,.T.);
#4957 = EDGE_CURVE('',#4958,#4960,#4962,.T.);
#4958 = VERTEX_POINT('',#4959);
#4959 = CARTESIAN_POINT('',(19.3,138.34264068711,18.47867965644));
#4960 = VERTEX_POINT('',#4961);
#4961 = CARTESIAN_POINT('',(19.3,151.82132034356,5.));
#4962 = SURFACE_CURVE('',#4963,(#4967,#4974),.PCURVE_S1.);
#4963 = LINE('',#4964,#4965);
#4964 = CARTESIAN_POINT('',(19.3,117.61349025767,39.20783008589));
#4965 = VECTOR('',#4966,1.);
#4966 = DIRECTION('',(-0.,0.707106781187,-0.707106781187));
#4967 = PCURVE('',#399,#4968);
#4968 = DEFINITIONAL_REPRESENTATION('',(#4969),#4973);
#4969 = LINE('',#4970,#4971);
#4970 = CARTESIAN_POINT('',(-39.20783008589,-107.6234902576));
#4971 = VECTOR('',#4972,1.);
#4972 = DIRECTION('',(0.707106781187,-0.707106781187));
#4973 = ( GEOMETRIC_REPRESENTATION_CONTEXT(2) 
PARAMETRIC_REPRESENTATION_CONTEXT() REPRESENTATION_CONTEXT('2D SPACE',''
  ) );
#4974 = PCURVE('',#3063,#4975);
#4975 = DEFINITIONAL_REPRESENTATION('',(#4976),#4980);
#4976 = LINE('',#4977,#4978);
#4977 = CARTESIAN_POINT('',(-48.37717724682,-7.));
#4978 = VECTOR('',#4979,1.);
#4979 = DIRECTION('',(1.,-0.));
#4980 = ( GEOMETRIC_REPRESENTATION_CONTEXT(2) 
PARAMETRIC_REPRESENTATION_CONTEXT() REPRESENTATION_CONTEXT('2D SPACE',''
  ) );
#4981 = ORIENTED_EDGE('',*,*,#4982,.T.);
#4982 = EDGE_CURVE('',#4960,#4983,#4985,.T.);
#4983 = VERTEX_POINT('',#4984);
#4984 = CARTESIAN_POINT('',(19.3,124.86396103067,5.));
#4985 = SURFACE_CURVE('',#4986,(#4990,#4997),.PCURVE_S1.);
#4986 = LINE('',#4987,#4988);
#4987 = CARTESIAN_POINT('',(19.3,67.426980515339,5.));
#4988 = VECTOR('',#4989,1.);
#4989 = DIRECTION('',(-0.,-1.,-0.));
#4990 = PCURVE('',#399,#4991);
#4991 = DEFINITIONAL_REPRESENTATION('',(#4992),#4996);
#4992 = LINE('',#4993,#4994);
#4993 = CARTESIAN_POINT('',(-5.,-57.43698051533));
#4994 = VECTOR('',#4995,1.);
#4995 = DIRECTION('',(-0.,1.));
#4996 = ( GEOMETRIC_REPRESENTATION_CONTEXT(2) 
PARAMETRIC_REPRESENTATION_CONTEXT() REPRESENTATION_CONTEXT('2D SPACE',''
  ) );
#4997 = PCURVE('',#3091,#4998);
#4998 = DEFINITIONAL_REPRESENTATION('',(#4999),#5003);
#4999 = LINE('',#5000,#5001);
#5000 = CARTESIAN_POINT('',(57.436980515339,-7.));
#5001 = VECTOR('',#5002,1.);
#5002 = DIRECTION('',(1.,-0.));
#5003 = ( GEOMETRIC_REPRESENTATION_CONTEXT(2) 
PARAMETRIC_REPRESENTATION_CONTEXT() REPRESENTATION_CONTEXT('2D SPACE',''
  ) );
#5004 = ORIENTED_EDGE('',*,*,#5005,.T.);
#5005 = EDGE_CURVE('',#4983,#4958,#5006,.T.);
#5006 = SURFACE_CURVE('',#5007,(#5011,#5018),.PCURVE_S1.);
#5007 = LINE('',#5008,#5009);
#5008 = CARTESIAN_POINT('',(19.3,101.63481060122,-18.22915042945));
#5009 = VECTOR('',#5010,1.);
#5010 = DIRECTION('',(-0.,0.707106781187,0.707106781187));
#5011 = PCURVE('',#399,#5012);
#5012 = DEFINITIONAL_REPRESENTATION('',(#5013),#5017);
#5013 = LINE('',#5014,#5015);
#5014 = CARTESIAN_POINT('',(18.22915042945,-91.64481060122));
#5015 = VECTOR('',#5016,1.);
#5016 = DIRECTION('',(-0.707106781187,-0.707106781187));
#5017 = ( GEOMETRIC_REPRESENTATION_CONTEXT(2) 
PARAMETRIC_REPRESENTATION_CONTEXT() REPRESENTATION_CONTEXT('2D SPACE',''
  ) );
#5018 = PCURVE('',#3117,#5019);
#5019 = DEFINITIONAL_REPRESENTATION('',(#5020),#5024);
#5020 = LINE('',#5021,#5022);
#5021 = CARTESIAN_POINT('',(-51.91271115275,-7.));
#5022 = VECTOR('',#5023,1.);
#5023 = DIRECTION('',(1.,-0.));
#5024 = ( GEOMETRIC_REPRESENTATION_CONTEXT(2) 
PARAMETRIC_REPRESENTATION_CONTEXT() REPRESENTATION_CONTEXT('2D SPACE',''
  ) );
#5025 = FACE_BOUND('',#5026,.F.);
#5026 = EDGE_LOOP('',(#5027,#5052,#5075,#5098));
#5027 = ORIENTED_EDGE('',*,*,#5028,.T.);
#5028 = EDGE_CURVE('',#5029,#5031,#5033,.T.);
#5029 = VERTEX_POINT('',#5030);
#5030 = CARTESIAN_POINT('',(19.3,136.22132034356,20.6));
#5031 = VERTEX_POINT('',#5032);
#5032 = CARTESIAN_POINT('',(19.3,121.22132034356,5.6));
#5033 = SURFACE_CURVE('',#5034,(#5038,#5045),.PCURVE_S1.);
#5034 = LINE('',#5035,#5036);
#5035 = CARTESIAN_POINT('',(19.3,92.01349025767,-23.60783008589));
#5036 = VECTOR('',#5037,1.);
#5037 = DIRECTION('',(-0.,-0.707106781187,-0.707106781187));
#5038 = PCURVE('',#399,#5039);
#5039 = DEFINITIONAL_REPRESENTATION('',(#5040),#5044);
#5040 = LINE('',#5041,#5042);
#5041 = CARTESIAN_POINT('',(23.60783008589,-82.02349025767));
#5042 = VECTOR('',#5043,1.);
#5043 = DIRECTION('',(0.707106781187,0.707106781187));
#5044 = ( GEOMETRIC_REPRESENTATION_CONTEXT(2) 
PARAMETRIC_REPRESENTATION_CONTEXT() REPRESENTATION_CONTEXT('2D SPACE',''
  ) );
#5045 = PCURVE('',#3263,#5046);
#5046 = DEFINITIONAL_REPRESENTATION('',(#5047),#5051);
#5047 = LINE('',#5048,#5049);
#5048 = CARTESIAN_POINT('',(41.306109434954,-7.));
#5049 = VECTOR('',#5050,1.);
#5050 = DIRECTION('',(1.,-0.));
#5051 = ( GEOMETRIC_REPRESENTATION_CONTEXT(2) 
PARAMETRIC_REPRESENTATION_CONTEXT() REPRESENTATION_CONTEXT('2D SPACE',''
  ) );
#5052 = ORIENTED_EDGE('',*,*,#5053,.T.);
#5053 = EDGE_CURVE('',#5031,#5054,#5056,.T.);
#5054 = VERTEX_POINT('',#5055);
#5055 = CARTESIAN_POINT('',(19.3,106.22132034356,20.6));
#5056 = SURFACE_CURVE('',#5057,(#5061,#5068),.PCURVE_S1.);
#5057 = LINE('',#5058,#5059);
#5058 = CARTESIAN_POINT('',(19.3,87.31349025767,39.50783008589));
#5059 = VECTOR('',#5060,1.);
#5060 = DIRECTION('',(-0.,-0.707106781187,0.707106781187));
#5061 = PCURVE('',#399,#5062);
#5062 = DEFINITIONAL_REPRESENTATION('',(#5063),#5067);
#5063 = LINE('',#5064,#5065);
#5064 = CARTESIAN_POINT('',(-39.50783008589,-77.32349025767));
#5065 = VECTOR('',#5066,1.);
#5066 = DIRECTION('',(-0.707106781187,0.707106781187));
#5067 = ( GEOMETRIC_REPRESENTATION_CONTEXT(2) 
PARAMETRIC_REPRESENTATION_CONTEXT() REPRESENTATION_CONTEXT('2D SPACE',''
  ) );
#5068 = PCURVE('',#3291,#5069);
#5069 = DEFINITIONAL_REPRESENTATION('',(#5070),#5074);
#5070 = LINE('',#5071,#5072);
#5071 = CARTESIAN_POINT('',(26.739709742512,-7.));
#5072 = VECTOR('',#5073,1.);
#5073 = DIRECTION('',(1.,-0.));
#5074 = ( GEOMETRIC_REPRESENTATION_CONTEXT(2) 
PARAMETRIC_REPRESENTATION_CONTEXT() REPRESENTATION_CONTEXT('2D SPACE',''
  ) );
#5075 = ORIENTED_EDGE('',*,*,#5076,.T.);
#5076 = EDGE_CURVE('',#5054,#5077,#5079,.T.);
#5077 = VERTEX_POINT('',#5078);
#5078 = CARTESIAN_POINT('',(19.3,121.22132034356,35.6));
#5079 = SURFACE_CURVE('',#5080,(#5084,#5091),.PCURVE_S1.);
#5080 = LINE('',#5081,#5082);
#5081 = CARTESIAN_POINT('',(19.3,84.51349025767,-1.10783008589));
#5082 = VECTOR('',#5083,1.);
#5083 = DIRECTION('',(-0.,0.707106781187,0.707106781187));
#5084 = PCURVE('',#399,#5085);
#5085 = DEFINITIONAL_REPRESENTATION('',(#5086),#5090);
#5086 = LINE('',#5087,#5088);
#5087 = CARTESIAN_POINT('',(1.10783008589,-74.52349025767));
#5088 = VECTOR('',#5089,1.);
#5089 = DIRECTION('',(-0.707106781187,-0.707106781187));
#5090 = ( GEOMETRIC_REPRESENTATION_CONTEXT(2) 
PARAMETRIC_REPRESENTATION_CONTEXT() REPRESENTATION_CONTEXT('2D SPACE',''
  ) );
#5091 = PCURVE('',#3319,#5092);
#5092 = DEFINITIONAL_REPRESENTATION('',(#5093),#5097);
#5093 = LINE('',#5094,#5095);
#5094 = CARTESIAN_POINT('',(-51.91271115275,-7.));
#5095 = VECTOR('',#5096,1.);
#5096 = DIRECTION('',(1.,-0.));
#5097 = ( GEOMETRIC_REPRESENTATION_CONTEXT(2) 
PARAMETRIC_REPRESENTATION_CONTEXT() REPRESENTATION_CONTEXT('2D SPACE',''
  ) );
#5098 = ORIENTED_EDGE('',*,*,#5099,.T.);
#5099 = EDGE_CURVE('',#5077,#5029,#5100,.T.);
#5100 = SURFACE_CURVE('',#5101,(#5105,#5112),.PCURVE_S1.);
#5101 = LINE('',#5102,#5103);
#5102 = CARTESIAN_POINT('',(19.3,109.81349025767,47.00783008589));
#5103 = VECTOR('',#5104,1.);
#5104 = DIRECTION('',(-0.,0.707106781187,-0.707106781187));
#5105 = PCURVE('',#399,#5106);
#5106 = DEFINITIONAL_REPRESENTATION('',(#5107),#5111);
#5107 = LINE('',#5108,#5109);
#5108 = CARTESIAN_POINT('',(-47.00783008589,-99.82349025767));
#5109 = VECTOR('',#5110,1.);
#5110 = DIRECTION('',(0.707106781187,-0.707106781187));
#5111 = ( GEOMETRIC_REPRESENTATION_CONTEXT(2) 
PARAMETRIC_REPRESENTATION_CONTEXT() REPRESENTATION_CONTEXT('2D SPACE',''
  ) );
#5112 = PCURVE('',#3345,#5113);
#5113 = DEFINITIONAL_REPRESENTATION('',(#5114),#5118);
#5114 = LINE('',#5115,#5116);
#5115 = CARTESIAN_POINT('',(-37.34631146031,-7.));
#5116 = VECTOR('',#5117,1.);
#5117 = DIRECTION('',(1.,-0.));
#5118 = ( GEOMETRIC_REPRESENTATION_CONTEXT(2) 
PARAMETRIC_REPRESENTATION_CONTEXT() REPRESENTATION_CONTEXT('2D SPACE',''
  ) );
#5119 = FACE_BOUND('',#5120,.F.);
#5120 = EDGE_LOOP('',(#5121,#5146,#5170));
#5121 = ORIENTED_EDGE('',*,*,#5122,.T.);
#5122 = EDGE_CURVE('',#5123,#5125,#5127,.T.);
#5123 = VERTEX_POINT('',#5124);
#5124 = CARTESIAN_POINT('',(19.3,192.5,40.381118318204));
#5125 = VERTEX_POINT('',#5126);
#5126 = CARTESIAN_POINT('',(19.3,195.5405591591,37.340559159102));
#5127 = SURFACE_CURVE('',#5128,(#5132,#5139),.PCURVE_S1.);
#5128 = LINE('',#5129,#5130);
#5129 = CARTESIAN_POINT('',(19.3,158.4880591591,74.393059159102));
#5130 = VECTOR('',#5131,1.);
#5131 = DIRECTION('',(-0.,0.707106781187,-0.707106781187));
#5132 = PCURVE('',#399,#5133);
#5133 = DEFINITIONAL_REPRESENTATION('',(#5134),#5138);
#5134 = LINE('',#5135,#5136);
#5135 = CARTESIAN_POINT('',(-74.3930591591,-148.4980591591));
#5136 = VECTOR('',#5137,1.);
#5137 = DIRECTION('',(0.707106781187,-0.707106781187));
#5138 = ( GEOMETRIC_REPRESENTATION_CONTEXT(2) 
PARAMETRIC_REPRESENTATION_CONTEXT() REPRESENTATION_CONTEXT('2D SPACE',''
  ) );
#5139 = PCURVE('',#3377,#5140);
#5140 = DEFINITIONAL_REPRESENTATION('',(#5141),#5145);
#5141 = LINE('',#5142,#5143);
#5142 = CARTESIAN_POINT('',(-52.40014801982,-7.));
#5143 = VECTOR('',#5144,1.);
#5144 = DIRECTION('',(1.,-0.));
#5145 = ( GEOMETRIC_REPRESENTATION_CONTEXT(2) 
PARAMETRIC_REPRESENTATION_CONTEXT() REPRESENTATION_CONTEXT('2D SPACE',''
  ) );
#5146 = ORIENTED_EDGE('',*,*,#5147,.T.);
#5147 = EDGE_CURVE('',#5125,#5148,#5150,.T.);
#5148 = VERTEX_POINT('',#5149);
#5149 = CARTESIAN_POINT('',(19.3,189.45944084089,37.340559159102));
#5150 = SURFACE_CURVE('',#5151,(#5156,#5163),.PCURVE_S1.);
#5151 = CIRCLE('',#5152,4.3);
#5152 = AXIS2_PLACEMENT_3D('',#5153,#5154,#5155);
#5153 = CARTESIAN_POINT('',(19.3,192.5,34.3));
#5154 = DIRECTION('',(-1.,0.,0.));
#5155 = DIRECTION('',(-0.,-6.609699867536E-15,-1.));
#5156 = PCURVE('',#399,#5157);
#5157 = DEFINITIONAL_REPRESENTATION('',(#5158),#5162);
#5158 = CIRCLE('',#5159,4.3);
#5159 = AXIS2_PLACEMENT_2D('',#5160,#5161);
#5160 = CARTESIAN_POINT('',(-34.3,-182.51));
#5161 = DIRECTION('',(1.,6.609699867536E-15));
#5162 = ( GEOMETRIC_REPRESENTATION_CONTEXT(2) 
PARAMETRIC_REPRESENTATION_CONTEXT() REPRESENTATION_CONTEXT('2D SPACE',''
  ) );
#5163 = PCURVE('',#3406,#5164);
#5164 = DEFINITIONAL_REPRESENTATION('',(#5165),#5169);
#5165 = LINE('',#5166,#5167);
#5166 = CARTESIAN_POINT('',(6.28318530718,-7.));
#5167 = VECTOR('',#5168,1.);
#5168 = DIRECTION('',(-1.,0.));
#5169 = ( GEOMETRIC_REPRESENTATION_CONTEXT(2) 
PARAMETRIC_REPRESENTATION_CONTEXT() REPRESENTATION_CONTEXT('2D SPACE',''
  ) );
#5170 = ORIENTED_EDGE('',*,*,#5171,.T.);
#5171 = EDGE_CURVE('',#5148,#5123,#5172,.T.);
#5172 = SURFACE_CURVE('',#5173,(#5177,#5184),.PCURVE_S1.);
#5173 = LINE('',#5174,#5175);
#5174 = CARTESIAN_POINT('',(19.3,136.77722042044,-15.34166126134));
#5175 = VECTOR('',#5176,1.);
#5176 = DIRECTION('',(-0.,0.707106781187,0.707106781187));
#5177 = PCURVE('',#399,#5178);
#5178 = DEFINITIONAL_REPRESENTATION('',(#5179),#5183);
#5179 = LINE('',#5180,#5181);
#5180 = CARTESIAN_POINT('',(15.341661261347,-126.7872204204));
#5181 = VECTOR('',#5182,1.);
#5182 = DIRECTION('',(-0.707106781187,-0.707106781187));
#5183 = ( GEOMETRIC_REPRESENTATION_CONTEXT(2) 
PARAMETRIC_REPRESENTATION_CONTEXT() REPRESENTATION_CONTEXT('2D SPACE',''
  ) );
#5184 = PCURVE('',#3432,#5185);
#5185 = DEFINITIONAL_REPRESENTATION('',(#5186),#5190);
#5186 = LINE('',#5187,#5188);
#5187 = CARTESIAN_POINT('',(-78.80391061452,-7.));
#5188 = VECTOR('',#5189,1.);
#5189 = DIRECTION('',(1.,-0.));
#5190 = ( GEOMETRIC_REPRESENTATION_CONTEXT(2) 
PARAMETRIC_REPRESENTATION_CONTEXT() REPRESENTATION_CONTEXT('2D SPACE',''
  ) );
#5191 = FACE_BOUND('',#5192,.F.);
#5192 = EDGE_LOOP('',(#5193,#5218,#5241));
#5193 = ORIENTED_EDGE('',*,*,#5194,.T.);
#5194 = EDGE_CURVE('',#5195,#5197,#5199,.T.);
#5195 = VERTEX_POINT('',#5196);
#5196 = CARTESIAN_POINT('',(19.3,104.1,18.47867965644));
#5197 = VERTEX_POINT('',#5198);
#5198 = CARTESIAN_POINT('',(19.3,117.57867965644,5.));
#5199 = SURFACE_CURVE('',#5200,(#5204,#5211),.PCURVE_S1.);
#5200 = LINE('',#5201,#5202);
#5201 = CARTESIAN_POINT('',(19.3,91.93150974233,30.64716991411));
#5202 = VECTOR('',#5203,1.);
#5203 = DIRECTION('',(-0.,0.707106781187,-0.707106781187));
#5204 = PCURVE('',#399,#5205);
#5205 = DEFINITIONAL_REPRESENTATION('',(#5206),#5210);
#5206 = LINE('',#5207,#5208);
#5207 = CARTESIAN_POINT('',(-30.64716991411,-81.94150974233));
#5208 = VECTOR('',#5209,1.);
#5209 = DIRECTION('',(0.707106781187,-0.707106781187));
#5210 = ( GEOMETRIC_REPRESENTATION_CONTEXT(2) 
PARAMETRIC_REPRESENTATION_CONTEXT() REPRESENTATION_CONTEXT('2D SPACE',''
  ) );
#5211 = PCURVE('',#3464,#5212);
#5212 = DEFINITIONAL_REPRESENTATION('',(#5213),#5217);
#5213 = LINE('',#5214,#5215);
#5214 = CARTESIAN_POINT('',(-36.27057552902,-7.));
#5215 = VECTOR('',#5216,1.);
#5216 = DIRECTION('',(1.,-0.));
#5217 = ( GEOMETRIC_REPRESENTATION_CONTEXT(2) 
PARAMETRIC_REPRESENTATION_CONTEXT() REPRESENTATION_CONTEXT('2D SPACE',''
  ) );
#5218 = ORIENTED_EDGE('',*,*,#5219,.T.);
#5219 = EDGE_CURVE('',#5197,#5220,#5222,.T.);
#5220 = VERTEX_POINT('',#5221);
#5221 = CARTESIAN_POINT('',(19.3,90.62132034356,5.));
#5222 = SURFACE_CURVE('',#5223,(#5227,#5234),.PCURVE_S1.);
#5223 = LINE('',#5224,#5225);
#5224 = CARTESIAN_POINT('',(19.3,50.30566017178,5.));
#5225 = VECTOR('',#5226,1.);
#5226 = DIRECTION('',(-0.,-1.,-0.));
#5227 = PCURVE('',#399,#5228);
#5228 = DEFINITIONAL_REPRESENTATION('',(#5229),#5233);
#5229 = LINE('',#5230,#5231);
#5230 = CARTESIAN_POINT('',(-5.,-40.31566017178));
#5231 = VECTOR('',#5232,1.);
#5232 = DIRECTION('',(-0.,1.));
#5233 = ( GEOMETRIC_REPRESENTATION_CONTEXT(2) 
PARAMETRIC_REPRESENTATION_CONTEXT() REPRESENTATION_CONTEXT('2D SPACE',''
  ) );
#5234 = PCURVE('',#3492,#5235);
#5235 = DEFINITIONAL_REPRESENTATION('',(#5236),#5240);
#5236 = LINE('',#5237,#5238);
#5237 = CARTESIAN_POINT('',(40.31566017178,-7.));
#5238 = VECTOR('',#5239,1.);
#5239 = DIRECTION('',(1.,-0.));
#5240 = ( GEOMETRIC_REPRESENTATION_CONTEXT(2) 
PARAMETRIC_REPRESENTATION_CONTEXT() REPRESENTATION_CONTEXT('2D SPACE',''
  ) );
#5241 = ORIENTED_EDGE('',*,*,#5242,.T.);
#5242 = EDGE_CURVE('',#5220,#5195,#5243,.T.);
#5243 = SURFACE_CURVE('',#5244,(#5248,#5255),.PCURVE_S1.);
#5244 = LINE('',#5245,#5246);
#5245 = CARTESIAN_POINT('',(19.3,75.95283008589,-9.66849025767));
#5246 = VECTOR('',#5247,1.);
#5247 = DIRECTION('',(-0.,0.707106781187,0.707106781187));
#5248 = PCURVE('',#399,#5249);
#5249 = DEFINITIONAL_REPRESENTATION('',(#5250),#5254);
#5250 = LINE('',#5251,#5252);
#5251 = CARTESIAN_POINT('',(9.66849025767,-65.96283008589));
#5252 = VECTOR('',#5253,1.);
#5253 = DIRECTION('',(-0.707106781187,-0.707106781187));
#5254 = ( GEOMETRIC_REPRESENTATION_CONTEXT(2) 
PARAMETRIC_REPRESENTATION_CONTEXT() REPRESENTATION_CONTEXT('2D SPACE',''
  ) );
#5255 = PCURVE('',#3518,#5256);
#5256 = DEFINITIONAL_REPRESENTATION('',(#5257),#5261);
#5257 = LINE('',#5258,#5259);
#5258 = CARTESIAN_POINT('',(-39.80610943495,-7.));
#5259 = VECTOR('',#5260,1.);
#5260 = DIRECTION('',(1.,-0.));
#5261 = ( GEOMETRIC_REPRESENTATION_CONTEXT(2) 
PARAMETRIC_REPRESENTATION_CONTEXT() REPRESENTATION_CONTEXT('2D SPACE',''
  ) );
#5262 = FACE_BOUND('',#5263,.F.);
#5263 = EDGE_LOOP('',(#5264,#5289,#5312));
#5264 = ORIENTED_EDGE('',*,*,#5265,.T.);
#5265 = EDGE_CURVE('',#5266,#5268,#5270,.T.);
#5266 = VERTEX_POINT('',#5267);
#5267 = CARTESIAN_POINT('',(19.3,69.857359312881,18.47867965644));
#5268 = VERTEX_POINT('',#5269);
#5269 = CARTESIAN_POINT('',(19.3,83.336038969321,5.));
#5270 = SURFACE_CURVE('',#5271,(#5275,#5282),.PCURVE_S1.);
#5271 = LINE('',#5272,#5273);
#5272 = CARTESIAN_POINT('',(19.3,66.249529226991,22.08650974233));
#5273 = VECTOR('',#5274,1.);
#5274 = DIRECTION('',(-0.,0.707106781187,-0.707106781187));
#5275 = PCURVE('',#399,#5276);
#5276 = DEFINITIONAL_REPRESENTATION('',(#5277),#5281);
#5277 = LINE('',#5278,#5279);
#5278 = CARTESIAN_POINT('',(-22.08650974233,-56.25952922699));
#5279 = VECTOR('',#5280,1.);
#5280 = DIRECTION('',(0.707106781187,-0.707106781187));
#5281 = ( GEOMETRIC_REPRESENTATION_CONTEXT(2) 
PARAMETRIC_REPRESENTATION_CONTEXT() REPRESENTATION_CONTEXT('2D SPACE',''
  ) );
#5282 = PCURVE('',#3664,#5283);
#5283 = DEFINITIONAL_REPRESENTATION('',(#5284),#5288);
#5284 = LINE('',#5285,#5286);
#5285 = CARTESIAN_POINT('',(-24.16397381122,-7.));
#5286 = VECTOR('',#5287,1.);
#5287 = DIRECTION('',(1.,-0.));
#5288 = ( GEOMETRIC_REPRESENTATION_CONTEXT(2) 
PARAMETRIC_REPRESENTATION_CONTEXT() REPRESENTATION_CONTEXT('2D SPACE',''
  ) );
#5289 = ORIENTED_EDGE('',*,*,#5290,.T.);
#5290 = EDGE_CURVE('',#5268,#5291,#5293,.T.);
#5291 = VERTEX_POINT('',#5292);
#5292 = CARTESIAN_POINT('',(19.3,56.37867965644,5.));
#5293 = SURFACE_CURVE('',#5294,(#5298,#5305),.PCURVE_S1.);
#5294 = LINE('',#5295,#5296);
#5295 = CARTESIAN_POINT('',(19.3,33.18433982822,5.));
#5296 = VECTOR('',#5297,1.);
#5297 = DIRECTION('',(-0.,-1.,-0.));
#5298 = PCURVE('',#399,#5299);
#5299 = DEFINITIONAL_REPRESENTATION('',(#5300),#5304);
#5300 = LINE('',#5301,#5302);
#5301 = CARTESIAN_POINT('',(-5.,-23.19433982822));
#5302 = VECTOR('',#5303,1.);
#5303 = DIRECTION('',(-0.,1.));
#5304 = ( GEOMETRIC_REPRESENTATION_CONTEXT(2) 
PARAMETRIC_REPRESENTATION_CONTEXT() REPRESENTATION_CONTEXT('2D SPACE',''
  ) );
#5305 = PCURVE('',#3692,#5306);
#5306 = DEFINITIONAL_REPRESENTATION('',(#5307),#5311);
#5307 = LINE('',#5308,#5309);
#5308 = CARTESIAN_POINT('',(23.19433982822,-7.));
#5309 = VECTOR('',#5310,1.);
#5310 = DIRECTION('',(1.,-0.));
#5311 = ( GEOMETRIC_REPRESENTATION_CONTEXT(2) 
PARAMETRIC_REPRESENTATION_CONTEXT() REPRESENTATION_CONTEXT('2D SPACE',''
  ) );
#5312 = ORIENTED_EDGE('',*,*,#5313,.T.);
#5313 = EDGE_CURVE('',#5291,#5266,#5314,.T.);
#5314 = SURFACE_CURVE('',#5315,(#5319,#5326),.PCURVE_S1.);
#5315 = LINE('',#5316,#5317);
#5316 = CARTESIAN_POINT('',(19.3,50.27084957055,-1.10783008589));
#5317 = VECTOR('',#5318,1.);
#5318 = DIRECTION('',(-0.,0.707106781187,0.707106781187));
#5319 = PCURVE('',#399,#5320);
#5320 = DEFINITIONAL_REPRESENTATION('',(#5321),#5325);
#5321 = LINE('',#5322,#5323);
#5322 = CARTESIAN_POINT('',(1.10783008589,-40.28084957055));
#5323 = VECTOR('',#5324,1.);
#5324 = DIRECTION('',(-0.707106781187,-0.707106781187));
#5325 = ( GEOMETRIC_REPRESENTATION_CONTEXT(2) 
PARAMETRIC_REPRESENTATION_CONTEXT() REPRESENTATION_CONTEXT('2D SPACE',''
  ) );
#5326 = PCURVE('',#3718,#5327);
#5327 = DEFINITIONAL_REPRESENTATION('',(#5328),#5332);
#5328 = LINE('',#5329,#5330);
#5329 = CARTESIAN_POINT('',(-27.69950771715,-7.));
#5330 = VECTOR('',#5331,1.);
#5331 = DIRECTION('',(1.,-0.));
#5332 = ( GEOMETRIC_REPRESENTATION_CONTEXT(2) 
PARAMETRIC_REPRESENTATION_CONTEXT() REPRESENTATION_CONTEXT('2D SPACE',''
  ) );
#5333 = FACE_BOUND('',#5334,.F.);
#5334 = EDGE_LOOP('',(#5335,#5360,#5383,#5406));
#5335 = ORIENTED_EDGE('',*,*,#5336,.T.);
#5336 = EDGE_CURVE('',#5337,#5339,#5341,.T.);
#5337 = VERTEX_POINT('',#5338);
#5338 = CARTESIAN_POINT('',(19.3,101.97867965644,20.6));
#5339 = VERTEX_POINT('',#5340);
#5340 = CARTESIAN_POINT('',(19.3,86.97867965644,5.6));
#5341 = SURFACE_CURVE('',#5342,(#5346,#5353),.PCURVE_S1.);
#5342 = LINE('',#5343,#5344);
#5343 = CARTESIAN_POINT('',(19.3,66.33150974233,-15.04716991411));
#5344 = VECTOR('',#5345,1.);
#5345 = DIRECTION('',(-0.,-0.707106781187,-0.707106781187));
#5346 = PCURVE('',#399,#5347);
#5347 = DEFINITIONAL_REPRESENTATION('',(#5348),#5352);
#5348 = LINE('',#5349,#5350);
#5349 = CARTESIAN_POINT('',(15.04716991411,-56.34150974233));
#5350 = VECTOR('',#5351,1.);
#5351 = DIRECTION('',(0.707106781187,0.707106781187));
#5352 = ( GEOMETRIC_REPRESENTATION_CONTEXT(2) 
PARAMETRIC_REPRESENTATION_CONTEXT() REPRESENTATION_CONTEXT('2D SPACE',''
  ) );
#5353 = PCURVE('',#3550,#5354);
#5354 = DEFINITIONAL_REPRESENTATION('',(#5355),#5359);
#5355 = LINE('',#5356,#5357);
#5356 = CARTESIAN_POINT('',(29.199507717156,-7.));
#5357 = VECTOR('',#5358,1.);
#5358 = DIRECTION('',(1.,-0.));
#5359 = ( GEOMETRIC_REPRESENTATION_CONTEXT(2) 
PARAMETRIC_REPRESENTATION_CONTEXT() REPRESENTATION_CONTEXT('2D SPACE',''
  ) );
#5360 = ORIENTED_EDGE('',*,*,#5361,.T.);
#5361 = EDGE_CURVE('',#5339,#5362,#5364,.T.);
#5362 = VERTEX_POINT('',#5363);
#5363 = CARTESIAN_POINT('',(19.3,71.97867965644,20.6));
#5364 = SURFACE_CURVE('',#5365,(#5369,#5376),.PCURVE_S1.);
#5365 = LINE('',#5366,#5367);
#5366 = CARTESIAN_POINT('',(19.3,61.63150974233,30.94716991411));
#5367 = VECTOR('',#5368,1.);
#5368 = DIRECTION('',(-0.,-0.707106781187,0.707106781187));
#5369 = PCURVE('',#399,#5370);
#5370 = DEFINITIONAL_REPRESENTATION('',(#5371),#5375);
#5371 = LINE('',#5372,#5373);
#5372 = CARTESIAN_POINT('',(-30.94716991411,-51.64150974233));
#5373 = VECTOR('',#5374,1.);
#5374 = DIRECTION('',(-0.707106781187,0.707106781187));
#5375 = ( GEOMETRIC_REPRESENTATION_CONTEXT(2) 
PARAMETRIC_REPRESENTATION_CONTEXT() REPRESENTATION_CONTEXT('2D SPACE',''
  ) );
#5376 = PCURVE('',#3578,#5377);
#5377 = DEFINITIONAL_REPRESENTATION('',(#5378),#5382);
#5378 = LINE('',#5379,#5380);
#5379 = CARTESIAN_POINT('',(14.633108024713,-7.));
#5380 = VECTOR('',#5381,1.);
#5381 = DIRECTION('',(1.,-0.));
#5382 = ( GEOMETRIC_REPRESENTATION_CONTEXT(2) 
PARAMETRIC_REPRESENTATION_CONTEXT() REPRESENTATION_CONTEXT('2D SPACE',''
  ) );
#5383 = ORIENTED_EDGE('',*,*,#5384,.T.);
#5384 = EDGE_CURVE('',#5362,#5385,#5387,.T.);
#5385 = VERTEX_POINT('',#5386);
#5386 = CARTESIAN_POINT('',(19.3,86.97867965644,35.6));
#5387 = SURFACE_CURVE('',#5388,(#5392,#5399),.PCURVE_S1.);
#5388 = LINE('',#5389,#5390);
#5389 = CARTESIAN_POINT('',(19.3,58.83150974233,7.45283008589));
#5390 = VECTOR('',#5391,1.);
#5391 = DIRECTION('',(-0.,0.707106781187,0.707106781187));
#5392 = PCURVE('',#399,#5393);
#5393 = DEFINITIONAL_REPRESENTATION('',(#5394),#5398);
#5394 = LINE('',#5395,#5396);
#5395 = CARTESIAN_POINT('',(-7.45283008589,-48.84150974233));
#5396 = VECTOR('',#5397,1.);
#5397 = DIRECTION('',(-0.707106781187,-0.707106781187));
#5398 = ( GEOMETRIC_REPRESENTATION_CONTEXT(2) 
PARAMETRIC_REPRESENTATION_CONTEXT() REPRESENTATION_CONTEXT('2D SPACE',''
  ) );
#5399 = PCURVE('',#3606,#5400);
#5400 = DEFINITIONAL_REPRESENTATION('',(#5401),#5405);
#5401 = LINE('',#5402,#5403);
#5402 = CARTESIAN_POINT('',(-39.80610943495,-7.));
#5403 = VECTOR('',#5404,1.);
#5404 = DIRECTION('',(1.,-0.));
#5405 = ( GEOMETRIC_REPRESENTATION_CONTEXT(2) 
PARAMETRIC_REPRESENTATION_CONTEXT() REPRESENTATION_CONTEXT('2D SPACE',''
  ) );
#5406 = ORIENTED_EDGE('',*,*,#5407,.T.);
#5407 = EDGE_CURVE('',#5385,#5337,#5408,.T.);
#5408 = SURFACE_CURVE('',#5409,(#5413,#5420),.PCURVE_S1.);
#5409 = LINE('',#5410,#5411);
#5410 = CARTESIAN_POINT('',(19.3,84.13150974233,38.44716991411));
#5411 = VECTOR('',#5412,1.);
#5412 = DIRECTION('',(-0.,0.707106781187,-0.707106781187));
#5413 = PCURVE('',#399,#5414);
#5414 = DEFINITIONAL_REPRESENTATION('',(#5415),#5419);
#5415 = LINE('',#5416,#5417);
#5416 = CARTESIAN_POINT('',(-38.44716991411,-74.14150974233));
#5417 = VECTOR('',#5418,1.);
#5418 = DIRECTION('',(0.707106781187,-0.707106781187));
#5419 = ( GEOMETRIC_REPRESENTATION_CONTEXT(2) 
PARAMETRIC_REPRESENTATION_CONTEXT() REPRESENTATION_CONTEXT('2D SPACE',''
  ) );
#5420 = PCURVE('',#3632,#5421);
#5421 = DEFINITIONAL_REPRESENTATION('',(#5422),#5426);
#5422 = LINE('',#5423,#5424);
#5423 = CARTESIAN_POINT('',(-25.23970974251,-7.));
#5424 = VECTOR('',#5425,1.);
#5425 = DIRECTION('',(1.,-0.));
#5426 = ( GEOMETRIC_REPRESENTATION_CONTEXT(2) 
PARAMETRIC_REPRESENTATION_CONTEXT() REPRESENTATION_CONTEXT('2D SPACE',''
  ) );
#5427 = FACE_BOUND('',#5428,.F.);
#5428 = EDGE_LOOP('',(#5429,#5459,#5488));
#5429 = ORIENTED_EDGE('',*,*,#5430,.T.);
#5430 = EDGE_CURVE('',#5431,#5433,#5435,.T.);
#5431 = VERTEX_POINT('',#5432);
#5432 = CARTESIAN_POINT('',(19.3,17.5,15.381118318204));
#5433 = VERTEX_POINT('',#5434);
#5434 = CARTESIAN_POINT('',(19.3,20.540559159102,12.340559159102));
#5435 = SURFACE_CURVE('',#5436,(#5440,#5447),.PCURVE_S1.);
#5436 = LINE('',#5437,#5438);
#5437 = CARTESIAN_POINT('',(19.3,20.988059159102,11.893059159102));
#5438 = VECTOR('',#5439,1.);
#5439 = DIRECTION('',(-0.,0.707106781187,-0.707106781187));
#5440 = PCURVE('',#399,#5441);
#5441 = DEFINITIONAL_REPRESENTATION('',(#5442),#5446);
#5442 = LINE('',#5443,#5444);
#5443 = CARTESIAN_POINT('',(-11.8930591591,-10.9980591591));
#5444 = VECTOR('',#5445,1.);
#5445 = DIRECTION('',(0.707106781187,-0.707106781187));
#5446 = ( GEOMETRIC_REPRESENTATION_CONTEXT(2) 
PARAMETRIC_REPRESENTATION_CONTEXT() REPRESENTATION_CONTEXT('2D SPACE',''
  ) );
#5447 = PCURVE('',#5448,#5453);
#5448 = PLANE('',#5449);
#5449 = AXIS2_PLACEMENT_3D('',#5450,#5451,#5452);
#5450 = CARTESIAN_POINT('',(26.3,20.540559159102,12.340559159102));
#5451 = DIRECTION('',(-0.,-0.707106781187,-0.707106781187));
#5452 = DIRECTION('',(0.,0.707106781187,-0.707106781187));
#5453 = DEFINITIONAL_REPRESENTATION('',(#5454),#5458);
#5454 = LINE('',#5455,#5456);
#5455 = CARTESIAN_POINT('',(0.632860569162,-7.));
#5456 = VECTOR('',#5457,1.);
#5457 = DIRECTION('',(1.,-0.));
#5458 = ( GEOMETRIC_REPRESENTATION_CONTEXT(2) 
PARAMETRIC_REPRESENTATION_CONTEXT() REPRESENTATION_CONTEXT('2D SPACE',''
  ) );
#5459 = ORIENTED_EDGE('',*,*,#5460,.T.);
#5460 = EDGE_CURVE('',#5433,#5461,#5463,.T.);
#5461 = VERTEX_POINT('',#5462);
#5462 = CARTESIAN_POINT('',(19.3,14.459440840898,12.340559159102));
#5463 = SURFACE_CURVE('',#5464,(#5469,#5476),.PCURVE_S1.);
#5464 = CIRCLE('',#5465,4.3);
#5465 = AXIS2_PLACEMENT_3D('',#5466,#5467,#5468);
#5466 = CARTESIAN_POINT('',(19.3,17.5,9.3));
#5467 = DIRECTION('',(-1.,0.,0.));
#5468 = DIRECTION('',(-0.,-0.,-1.));
#5469 = PCURVE('',#399,#5470);
#5470 = DEFINITIONAL_REPRESENTATION('',(#5471),#5475);
#5471 = CIRCLE('',#5472,4.3);
#5472 = AXIS2_PLACEMENT_2D('',#5473,#5474);
#5473 = CARTESIAN_POINT('',(-9.3,-7.51));
#5474 = DIRECTION('',(1.,-0.));
#5475 = ( GEOMETRIC_REPRESENTATION_CONTEXT(2) 
PARAMETRIC_REPRESENTATION_CONTEXT() REPRESENTATION_CONTEXT('2D SPACE',''
  ) );
#5476 = PCURVE('',#5477,#5482);
#5477 = CYLINDRICAL_SURFACE('',#5478,4.3);
#5478 = AXIS2_PLACEMENT_3D('',#5479,#5480,#5481);
#5479 = CARTESIAN_POINT('',(26.3,17.5,9.3));
#5480 = DIRECTION('',(1.,-0.,-0.));
#5481 = DIRECTION('',(-0.,-0.,-1.));
#5482 = DEFINITIONAL_REPRESENTATION('',(#5483),#5487);
#5483 = LINE('',#5484,#5485);
#5484 = CARTESIAN_POINT('',(12.566370614359,-7.));
#5485 = VECTOR('',#5486,1.);
#5486 = DIRECTION('',(-1.,0.));
#5487 = ( GEOMETRIC_REPRESENTATION_CONTEXT(2) 
PARAMETRIC_REPRESENTATION_CONTEXT() REPRESENTATION_CONTEXT('2D SPACE',''
  ) );
#5488 = ORIENTED_EDGE('',*,*,#5489,.T.);
#5489 = EDGE_CURVE('',#5461,#5431,#5490,.T.);
#5490 = SURFACE_CURVE('',#5491,(#5495,#5502),.PCURVE_S1.);
#5491 = LINE('',#5492,#5493);
#5492 = CARTESIAN_POINT('',(19.3,11.777220420449,9.658338738653));
#5493 = VECTOR('',#5494,1.);
#5494 = DIRECTION('',(-0.,0.707106781187,0.707106781187));
#5495 = PCURVE('',#399,#5496);
#5496 = DEFINITIONAL_REPRESENTATION('',(#5497),#5501);
#5497 = LINE('',#5498,#5499);
#5498 = CARTESIAN_POINT('',(-9.658338738653,-1.787220420449));
#5499 = VECTOR('',#5500,1.);
#5500 = DIRECTION('',(-0.707106781187,-0.707106781187));
#5501 = ( GEOMETRIC_REPRESENTATION_CONTEXT(2) 
PARAMETRIC_REPRESENTATION_CONTEXT() REPRESENTATION_CONTEXT('2D SPACE',''
  ) );
#5502 = PCURVE('',#5503,#5508);
#5503 = PLANE('',#5504);
#5504 = AXIS2_PLACEMENT_3D('',#5505,#5506,#5507);
#5505 = CARTESIAN_POINT('',(26.3,17.5,15.381118318204));
#5506 = DIRECTION('',(-0.,0.707106781187,-0.707106781187));
#5507 = DIRECTION('',(0.,0.707106781187,0.707106781187));
#5508 = DEFINITIONAL_REPRESENTATION('',(#5509),#5513);
#5509 = LINE('',#5510,#5511);
#5510 = CARTESIAN_POINT('',(-8.093232495873,-7.));
#5511 = VECTOR('',#5512,1.);
#5512 = DIRECTION('',(1.,-0.));
#5513 = ( GEOMETRIC_REPRESENTATION_CONTEXT(2) 
PARAMETRIC_REPRESENTATION_CONTEXT() REPRESENTATION_CONTEXT('2D SPACE',''
  ) );
#5514 = FACE_BOUND('',#5515,.F.);
#5515 = EDGE_LOOP('',(#5516,#5541,#5564,#5587));
#5516 = ORIENTED_EDGE('',*,*,#5517,.T.);
#5517 = EDGE_CURVE('',#5518,#5520,#5522,.T.);
#5518 = VERTEX_POINT('',#5519);
#5519 = CARTESIAN_POINT('',(19.3,67.736038969321,20.6));
#5520 = VERTEX_POINT('',#5521);
#5521 = CARTESIAN_POINT('',(19.3,52.736038969321,5.6));
#5522 = SURFACE_CURVE('',#5523,(#5527,#5534),.PCURVE_S1.);
#5523 = LINE('',#5524,#5525);
#5524 = CARTESIAN_POINT('',(19.3,40.649529226991,-6.48650974233));
#5525 = VECTOR('',#5526,1.);
#5526 = DIRECTION('',(-0.,-0.707106781187,-0.707106781187));
#5527 = PCURVE('',#399,#5528);
#5528 = DEFINITIONAL_REPRESENTATION('',(#5529),#5533);
#5529 = LINE('',#5530,#5531);
#5530 = CARTESIAN_POINT('',(6.48650974233,-30.65952922699));
#5531 = VECTOR('',#5532,1.);
#5532 = DIRECTION('',(0.707106781187,0.707106781187));
#5533 = ( GEOMETRIC_REPRESENTATION_CONTEXT(2) 
PARAMETRIC_REPRESENTATION_CONTEXT() REPRESENTATION_CONTEXT('2D SPACE',''
  ) );
#5534 = PCURVE('',#3750,#5535);
#5535 = DEFINITIONAL_REPRESENTATION('',(#5536),#5540);
#5536 = LINE('',#5537,#5538);
#5537 = CARTESIAN_POINT('',(17.092905999358,-7.));
#5538 = VECTOR('',#5539,1.);
#5539 = DIRECTION('',(1.,-0.));
#5540 = ( GEOMETRIC_REPRESENTATION_CONTEXT(2) 
PARAMETRIC_REPRESENTATION_CONTEXT() REPRESENTATION_CONTEXT('2D SPACE',''
  ) );
#5541 = ORIENTED_EDGE('',*,*,#5542,.T.);
#5542 = EDGE_CURVE('',#5520,#5543,#5545,.T.);
#5543 = VERTEX_POINT('',#5544);
#5544 = CARTESIAN_POINT('',(19.3,37.736038969321,20.6));
#5545 = SURFACE_CURVE('',#5546,(#5550,#5557),.PCURVE_S1.);
#5546 = LINE('',#5547,#5548);
#5547 = CARTESIAN_POINT('',(19.3,35.949529226991,22.38650974233));
#5548 = VECTOR('',#5549,1.);
#5549 = DIRECTION('',(-0.,-0.707106781187,0.707106781187));
#5550 = PCURVE('',#399,#5551);
#5551 = DEFINITIONAL_REPRESENTATION('',(#5552),#5556);
#5552 = LINE('',#5553,#5554);
#5553 = CARTESIAN_POINT('',(-22.38650974233,-25.95952922699));
#5554 = VECTOR('',#5555,1.);
#5555 = DIRECTION('',(-0.707106781187,0.707106781187));
#5556 = ( GEOMETRIC_REPRESENTATION_CONTEXT(2) 
PARAMETRIC_REPRESENTATION_CONTEXT() REPRESENTATION_CONTEXT('2D SPACE',''
  ) );
#5557 = PCURVE('',#3778,#5558);
#5558 = DEFINITIONAL_REPRESENTATION('',(#5559),#5563);
#5559 = LINE('',#5560,#5561);
#5560 = CARTESIAN_POINT('',(2.526506306915,-7.));
#5561 = VECTOR('',#5562,1.);
#5562 = DIRECTION('',(1.,-0.));
#5563 = ( GEOMETRIC_REPRESENTATION_CONTEXT(2) 
PARAMETRIC_REPRESENTATION_CONTEXT() REPRESENTATION_CONTEXT('2D SPACE',''
  ) );
#5564 = ORIENTED_EDGE('',*,*,#5565,.T.);
#5565 = EDGE_CURVE('',#5543,#5566,#5568,.T.);
#5566 = VERTEX_POINT('',#5567);
#5567 = CARTESIAN_POINT('',(19.3,52.736038969321,35.6));
#5568 = SURFACE_CURVE('',#5569,(#5573,#5580),.PCURVE_S1.);
#5569 = LINE('',#5570,#5571);
#5570 = CARTESIAN_POINT('',(19.3,33.149529226991,16.01349025767));
#5571 = VECTOR('',#5572,1.);
#5572 = DIRECTION('',(-0.,0.707106781187,0.707106781187));
#5573 = PCURVE('',#399,#5574);
#5574 = DEFINITIONAL_REPRESENTATION('',(#5575),#5579);
#5575 = LINE('',#5576,#5577);
#5576 = CARTESIAN_POINT('',(-16.01349025767,-23.15952922699));
#5577 = VECTOR('',#5578,1.);
#5578 = DIRECTION('',(-0.707106781187,-0.707106781187));
#5579 = ( GEOMETRIC_REPRESENTATION_CONTEXT(2) 
PARAMETRIC_REPRESENTATION_CONTEXT() REPRESENTATION_CONTEXT('2D SPACE',''
  ) );
#5580 = PCURVE('',#3806,#5581);
#5581 = DEFINITIONAL_REPRESENTATION('',(#5582),#5586);
#5582 = LINE('',#5583,#5584);
#5583 = CARTESIAN_POINT('',(-27.69950771715,-7.));
#5584 = VECTOR('',#5585,1.);
#5585 = DIRECTION('',(1.,-0.));
#5586 = ( GEOMETRIC_REPRESENTATION_CONTEXT(2) 
PARAMETRIC_REPRESENTATION_CONTEXT() REPRESENTATION_CONTEXT('2D SPACE',''
  ) );
#5587 = ORIENTED_EDGE('',*,*,#5588,.T.);
#5588 = EDGE_CURVE('',#5566,#5518,#5589,.T.);
#5589 = SURFACE_CURVE('',#5590,(#5594,#5601),.PCURVE_S1.);
#5590 = LINE('',#5591,#5592);
#5591 = CARTESIAN_POINT('',(19.3,58.449529226991,29.88650974233));
#5592 = VECTOR('',#5593,1.);
#5593 = DIRECTION('',(-0.,0.707106781187,-0.707106781187));
#5594 = PCURVE('',#399,#5595);
#5595 = DEFINITIONAL_REPRESENTATION('',(#5596),#5600);
#5596 = LINE('',#5597,#5598);
#5597 = CARTESIAN_POINT('',(-29.88650974233,-48.45952922699));
#5598 = VECTOR('',#5599,1.);
#5599 = DIRECTION('',(0.707106781187,-0.707106781187));
#5600 = ( GEOMETRIC_REPRESENTATION_CONTEXT(2) 
PARAMETRIC_REPRESENTATION_CONTEXT() REPRESENTATION_CONTEXT('2D SPACE',''
  ) );
#5601 = PCURVE('',#3832,#5602);
#5602 = DEFINITIONAL_REPRESENTATION('',(#5603),#5607);
#5603 = LINE('',#5604,#5605);
#5604 = CARTESIAN_POINT('',(-13.13310802471,-7.));
#5605 = VECTOR('',#5606,1.);
#5606 = DIRECTION('',(1.,-0.));
#5607 = ( GEOMETRIC_REPRESENTATION_CONTEXT(2) 
PARAMETRIC_REPRESENTATION_CONTEXT() REPRESENTATION_CONTEXT('2D SPACE',''
  ) );
#5608 = FACE_BOUND('',#5609,.F.);
#5609 = EDGE_LOOP('',(#5610,#5640,#5669));
#5610 = ORIENTED_EDGE('',*,*,#5611,.T.);
#5611 = EDGE_CURVE('',#5612,#5614,#5616,.T.);
#5612 = VERTEX_POINT('',#5613);
#5613 = CARTESIAN_POINT('',(19.3,17.5,40.381118318204));
#5614 = VERTEX_POINT('',#5615);
#5615 = CARTESIAN_POINT('',(19.3,20.540559159102,37.340559159102));
#5616 = SURFACE_CURVE('',#5617,(#5621,#5628),.PCURVE_S1.);
#5617 = LINE('',#5618,#5619);
#5618 = CARTESIAN_POINT('',(19.3,27.238059159102,30.643059159102));
#5619 = VECTOR('',#5620,1.);
#5620 = DIRECTION('',(-0.,0.707106781187,-0.707106781187));
#5621 = PCURVE('',#399,#5622);
#5622 = DEFINITIONAL_REPRESENTATION('',(#5623),#5627);
#5623 = LINE('',#5624,#5625);
#5624 = CARTESIAN_POINT('',(-30.6430591591,-17.2480591591));
#5625 = VECTOR('',#5626,1.);
#5626 = DIRECTION('',(0.707106781187,-0.707106781187));
#5627 = ( GEOMETRIC_REPRESENTATION_CONTEXT(2) 
PARAMETRIC_REPRESENTATION_CONTEXT() REPRESENTATION_CONTEXT('2D SPACE',''
  ) );
#5628 = PCURVE('',#5629,#5634);
#5629 = PLANE('',#5630);
#5630 = AXIS2_PLACEMENT_3D('',#5631,#5632,#5633);
#5631 = CARTESIAN_POINT('',(26.3,20.540559159102,37.340559159102));
#5632 = DIRECTION('',(-0.,-0.707106781187,-0.707106781187));
#5633 = DIRECTION('',(0.,0.707106781187,-0.707106781187));
#5634 = DEFINITIONAL_REPRESENTATION('',(#5635),#5639);
#5635 = LINE('',#5636,#5637);
#5636 = CARTESIAN_POINT('',(9.471695333994,-7.));
#5637 = VECTOR('',#5638,1.);
#5638 = DIRECTION('',(1.,-0.));
#5639 = ( GEOMETRIC_REPRESENTATION_CONTEXT(2) 
PARAMETRIC_REPRESENTATION_CONTEXT() REPRESENTATION_CONTEXT('2D SPACE',''
  ) );
#5640 = ORIENTED_EDGE('',*,*,#5641,.T.);
#5641 = EDGE_CURVE('',#5614,#5642,#5644,.T.);
#5642 = VERTEX_POINT('',#5643);
#5643 = CARTESIAN_POINT('',(19.3,14.459440840898,37.340559159102));
#5644 = SURFACE_CURVE('',#5645,(#5650,#5657),.PCURVE_S1.);
#5645 = CIRCLE('',#5646,4.3);
#5646 = AXIS2_PLACEMENT_3D('',#5647,#5648,#5649);
#5647 = CARTESIAN_POINT('',(19.3,17.5,34.3));
#5648 = DIRECTION('',(-1.,0.,0.));
#5649 = DIRECTION('',(-0.,-1.652424966884E-15,-1.));
#5650 = PCURVE('',#399,#5651);
#5651 = DEFINITIONAL_REPRESENTATION('',(#5652),#5656);
#5652 = CIRCLE('',#5653,4.3);
#5653 = AXIS2_PLACEMENT_2D('',#5654,#5655);
#5654 = CARTESIAN_POINT('',(-34.3,-7.51));
#5655 = DIRECTION('',(1.,1.652424966884E-15));
#5656 = ( GEOMETRIC_REPRESENTATION_CONTEXT(2) 
PARAMETRIC_REPRESENTATION_CONTEXT() REPRESENTATION_CONTEXT('2D SPACE',''
  ) );
#5657 = PCURVE('',#5658,#5663);
#5658 = CYLINDRICAL_SURFACE('',#5659,4.3);
#5659 = AXIS2_PLACEMENT_3D('',#5660,#5661,#5662);
#5660 = CARTESIAN_POINT('',(26.3,17.5,34.3));
#5661 = DIRECTION('',(1.,-0.,-0.));
#5662 = DIRECTION('',(-0.,-1.652424966884E-15,-1.));
#5663 = DEFINITIONAL_REPRESENTATION('',(#5664),#5668);
#5664 = LINE('',#5665,#5666);
#5665 = CARTESIAN_POINT('',(6.28318530718,-7.));
#5666 = VECTOR('',#5667,1.);
#5667 = DIRECTION('',(-1.,0.));
#5668 = ( GEOMETRIC_REPRESENTATION_CONTEXT(2) 
PARAMETRIC_REPRESENTATION_CONTEXT() REPRESENTATION_CONTEXT('2D SPACE',''
  ) );
#5669 = ORIENTED_EDGE('',*,*,#5670,.T.);
#5670 = EDGE_CURVE('',#5642,#5612,#5671,.T.);
#5671 = SURFACE_CURVE('',#5672,(#5676,#5683),.PCURVE_S1.);
#5672 = LINE('',#5673,#5674);
#5673 = CARTESIAN_POINT('',(19.3,5.527220420449,28.408338738653));
#5674 = VECTOR('',#5675,1.);
#5675 = DIRECTION('',(-0.,0.707106781187,0.707106781187));
#5676 = PCURVE('',#399,#5677);
#5677 = DEFINITIONAL_REPRESENTATION('',(#5678),#5682);
#5678 = LINE('',#5679,#5680);
#5679 = CARTESIAN_POINT('',(-28.40833873865,4.462779579551));
#5680 = VECTOR('',#5681,1.);
#5681 = DIRECTION('',(-0.707106781187,-0.707106781187));
#5682 = ( GEOMETRIC_REPRESENTATION_CONTEXT(2) 
PARAMETRIC_REPRESENTATION_CONTEXT() REPRESENTATION_CONTEXT('2D SPACE',''
  ) );
#5683 = PCURVE('',#5684,#5689);
#5684 = PLANE('',#5685);
#5685 = AXIS2_PLACEMENT_3D('',#5686,#5687,#5688);
#5686 = CARTESIAN_POINT('',(26.3,17.5,40.381118318204));
#5687 = DIRECTION('',(-0.,0.707106781187,-0.707106781187));
#5688 = DIRECTION('',(0.,0.707106781187,0.707106781187));
#5689 = DEFINITIONAL_REPRESENTATION('',(#5690),#5694);
#5690 = LINE('',#5691,#5692);
#5691 = CARTESIAN_POINT('',(-16.9320672607,-7.));
#5692 = VECTOR('',#5693,1.);
#5693 = DIRECTION('',(1.,-0.));
#5694 = ( GEOMETRIC_REPRESENTATION_CONTEXT(2) 
PARAMETRIC_REPRESENTATION_CONTEXT() REPRESENTATION_CONTEXT('2D SPACE',''
  ) );
#5695 = ADVANCED_FACE('',(#5696,#5884,#6003),#371,.T.);
#5696 = FACE_BOUND('',#5697,.F.);
#5697 = EDGE_LOOP('',(#5698,#5723,#5744,#5745,#5746,#5769,#5793,#5816,
    #5840,#5863));
#5698 = ORIENTED_EDGE('',*,*,#5699,.F.);
#5699 = EDGE_CURVE('',#5700,#5702,#5704,.T.);
#5700 = VERTEX_POINT('',#5701);
#5701 = CARTESIAN_POINT('',(-2.775557561563E-17,10.,0.3));
#5702 = VERTEX_POINT('',#5703);
#5703 = CARTESIAN_POINT('',(0.,10.,43.6));
#5704 = SURFACE_CURVE('',#5705,(#5709,#5716),.PCURVE_S1.);
#5705 = LINE('',#5706,#5707);
#5706 = CARTESIAN_POINT('',(0.,10.,0.));
#5707 = VECTOR('',#5708,1.);
#5708 = DIRECTION('',(0.,0.,1.));
#5709 = PCURVE('',#371,#5710);
#5710 = DEFINITIONAL_REPRESENTATION('',(#5711),#5715);
#5711 = LINE('',#5712,#5713);
#5712 = CARTESIAN_POINT('',(-0.,83.3));
#5713 = VECTOR('',#5714,1.);
#5714 = DIRECTION('',(-1.,-0.));
#5715 = ( GEOMETRIC_REPRESENTATION_CONTEXT(2) 
PARAMETRIC_REPRESENTATION_CONTEXT() REPRESENTATION_CONTEXT('2D SPACE',''
  ) );
#5716 = PCURVE('',#1046,#5717);
#5717 = DEFINITIONAL_REPRESENTATION('',(#5718),#5722);
#5718 = LINE('',#5719,#5720);
#5719 = CARTESIAN_POINT('',(-0.,-10.));
#5720 = VECTOR('',#5721,1.);
#5721 = DIRECTION('',(-1.,-0.));
#5722 = ( GEOMETRIC_REPRESENTATION_CONTEXT(2) 
PARAMETRIC_REPRESENTATION_CONTEXT() REPRESENTATION_CONTEXT('2D SPACE',''
  ) );
#5723 = ORIENTED_EDGE('',*,*,#5724,.F.);
#5724 = EDGE_CURVE('',#4744,#5700,#5725,.T.);
#5725 = SURFACE_CURVE('',#5726,(#5730,#5737),.PCURVE_S1.);
#5726 = LINE('',#5727,#5728);
#5727 = CARTESIAN_POINT('',(19.3,10.,0.3));
#5728 = VECTOR('',#5729,1.);
#5729 = DIRECTION('',(-1.,-0.,-0.));
#5730 = PCURVE('',#371,#5731);
#5731 = DEFINITIONAL_REPRESENTATION('',(#5732),#5736);
#5732 = LINE('',#5733,#5734);
#5733 = CARTESIAN_POINT('',(-0.3,64.));
#5734 = VECTOR('',#5735,1.);
#5735 = DIRECTION('',(-0.,1.));
#5736 = ( GEOMETRIC_REPRESENTATION_CONTEXT(2) 
PARAMETRIC_REPRESENTATION_CONTEXT() REPRESENTATION_CONTEXT('2D SPACE',''
  ) );
#5737 = PCURVE('',#2496,#5738);
#5738 = DEFINITIONAL_REPRESENTATION('',(#5739),#5743);
#5739 = LINE('',#5740,#5741);
#5740 = CARTESIAN_POINT('',(-0.,0.212132034356));
#5741 = VECTOR('',#5742,1.);
#5742 = DIRECTION('',(-1.,0.));
#5743 = ( GEOMETRIC_REPRESENTATION_CONTEXT(2) 
PARAMETRIC_REPRESENTATION_CONTEXT() REPRESENTATION_CONTEXT('2D SPACE',''
  ) );
#5744 = ORIENTED_EDGE('',*,*,#4743,.T.);
#5745 = ORIENTED_EDGE('',*,*,#355,.F.);
#5746 = ORIENTED_EDGE('',*,*,#5747,.F.);
#5747 = EDGE_CURVE('',#5748,#328,#5750,.T.);
#5748 = VERTEX_POINT('',#5749);
#5749 = CARTESIAN_POINT('',(13.045584412272,10.,40.220584412272));
#5750 = SURFACE_CURVE('',#5751,(#5755,#5762),.PCURVE_S1.);
#5751 = LINE('',#5752,#5753);
#5752 = CARTESIAN_POINT('',(38.516542206136,10.,14.749626618407));
#5753 = VECTOR('',#5754,1.);
#5754 = DIRECTION('',(-0.707106781187,-0.,0.707106781187));
#5755 = PCURVE('',#371,#5756);
#5756 = DEFINITIONAL_REPRESENTATION('',(#5757),#5761);
#5757 = LINE('',#5758,#5759);
#5758 = CARTESIAN_POINT('',(-14.7496266184,44.783457793864));
#5759 = VECTOR('',#5760,1.);
#5760 = DIRECTION('',(-0.707106781187,0.707106781187));
#5761 = ( GEOMETRIC_REPRESENTATION_CONTEXT(2) 
PARAMETRIC_REPRESENTATION_CONTEXT() REPRESENTATION_CONTEXT('2D SPACE',''
  ) );
#5762 = PCURVE('',#343,#5763);
#5763 = DEFINITIONAL_REPRESENTATION('',(#5764),#5768);
#5764 = LINE('',#5765,#5766);
#5765 = CARTESIAN_POINT('',(-42.09624769286,-11.));
#5766 = VECTOR('',#5767,1.);
#5767 = DIRECTION('',(1.,-0.));
#5768 = ( GEOMETRIC_REPRESENTATION_CONTEXT(2) 
PARAMETRIC_REPRESENTATION_CONTEXT() REPRESENTATION_CONTEXT('2D SPACE',''
  ) );
#5769 = ORIENTED_EDGE('',*,*,#5770,.T.);
#5770 = EDGE_CURVE('',#5748,#5771,#5773,.T.);
#5771 = VERTEX_POINT('',#5772);
#5772 = CARTESIAN_POINT('',(10.5,10.,34.075));
#5773 = SURFACE_CURVE('',#5774,(#5779,#5786),.PCURVE_S1.);
#5774 = CIRCLE('',#5775,3.6);
#5775 = AXIS2_PLACEMENT_3D('',#5776,#5777,#5778);
#5776 = CARTESIAN_POINT('',(10.5,10.,37.675));
#5777 = DIRECTION('',(0.,1.,0.));
#5778 = DIRECTION('',(0.707106781187,-0.,0.707106781187));
#5779 = PCURVE('',#371,#5780);
#5780 = DEFINITIONAL_REPRESENTATION('',(#5781),#5785);
#5781 = CIRCLE('',#5782,3.6);
#5782 = AXIS2_PLACEMENT_2D('',#5783,#5784);
#5783 = CARTESIAN_POINT('',(-37.675,72.8));
#5784 = DIRECTION('',(-0.707106781187,-0.707106781187));
#5785 = ( GEOMETRIC_REPRESENTATION_CONTEXT(2) 
PARAMETRIC_REPRESENTATION_CONTEXT() REPRESENTATION_CONTEXT('2D SPACE',''
  ) );
#5786 = PCURVE('',#1121,#5787);
#5787 = DEFINITIONAL_REPRESENTATION('',(#5788),#5792);
#5788 = LINE('',#5789,#5790);
#5789 = CARTESIAN_POINT('',(-0.,-11.));
#5790 = VECTOR('',#5791,1.);
#5791 = DIRECTION('',(-1.,0.));
#5792 = ( GEOMETRIC_REPRESENTATION_CONTEXT(2) 
PARAMETRIC_REPRESENTATION_CONTEXT() REPRESENTATION_CONTEXT('2D SPACE',''
  ) );
#5793 = ORIENTED_EDGE('',*,*,#5794,.F.);
#5794 = EDGE_CURVE('',#5795,#5771,#5797,.T.);
#5795 = VERTEX_POINT('',#5796);
#5796 = CARTESIAN_POINT('',(7.,10.,34.075));
#5797 = SURFACE_CURVE('',#5798,(#5802,#5809),.PCURVE_S1.);
#5798 = LINE('',#5799,#5800);
#5799 = CARTESIAN_POINT('',(46.9,10.,34.075));
#5800 = VECTOR('',#5801,1.);
#5801 = DIRECTION('',(1.,-0.,-0.));
#5802 = PCURVE('',#371,#5803);
#5803 = DEFINITIONAL_REPRESENTATION('',(#5804),#5808);
#5804 = LINE('',#5805,#5806);
#5805 = CARTESIAN_POINT('',(-34.075,36.4));
#5806 = VECTOR('',#5807,1.);
#5807 = DIRECTION('',(-0.,-1.));
#5808 = ( GEOMETRIC_REPRESENTATION_CONTEXT(2) 
PARAMETRIC_REPRESENTATION_CONTEXT() REPRESENTATION_CONTEXT('2D SPACE',''
  ) );
#5809 = PCURVE('',#1149,#5810);
#5810 = DEFINITIONAL_REPRESENTATION('',(#5811),#5815);
#5811 = LINE('',#5812,#5813);
#5812 = CARTESIAN_POINT('',(36.4,-11.));
#5813 = VECTOR('',#5814,1.);
#5814 = DIRECTION('',(1.,-0.));
#5815 = ( GEOMETRIC_REPRESENTATION_CONTEXT(2) 
PARAMETRIC_REPRESENTATION_CONTEXT() REPRESENTATION_CONTEXT('2D SPACE',''
  ) );
#5816 = ORIENTED_EDGE('',*,*,#5817,.T.);
#5817 = EDGE_CURVE('',#5795,#5818,#5820,.T.);
#5818 = VERTEX_POINT('',#5819);
#5819 = CARTESIAN_POINT('',(4.454415587728,10.,40.220584412272));
#5820 = SURFACE_CURVE('',#5821,(#5826,#5833),.PCURVE_S1.);
#5821 = CIRCLE('',#5822,3.6);
#5822 = AXIS2_PLACEMENT_3D('',#5823,#5824,#5825);
#5823 = CARTESIAN_POINT('',(7.,10.,37.675));
#5824 = DIRECTION('',(0.,1.,0.));
#5825 = DIRECTION('',(-0.,-0.,-1.));
#5826 = PCURVE('',#371,#5827);
#5827 = DEFINITIONAL_REPRESENTATION('',(#5828),#5832);
#5828 = CIRCLE('',#5829,3.6);
#5829 = AXIS2_PLACEMENT_2D('',#5830,#5831);
#5830 = CARTESIAN_POINT('',(-37.675,76.3));
#5831 = DIRECTION('',(1.,-0.));
#5832 = ( GEOMETRIC_REPRESENTATION_CONTEXT(2) 
PARAMETRIC_REPRESENTATION_CONTEXT() REPRESENTATION_CONTEXT('2D SPACE',''
  ) );
#5833 = PCURVE('',#1178,#5834);
#5834 = DEFINITIONAL_REPRESENTATION('',(#5835),#5839);
#5835 = LINE('',#5836,#5837);
#5836 = CARTESIAN_POINT('',(-0.,-11.));
#5837 = VECTOR('',#5838,1.);
#5838 = DIRECTION('',(-1.,0.));
#5839 = ( GEOMETRIC_REPRESENTATION_CONTEXT(2) 
PARAMETRIC_REPRESENTATION_CONTEXT() REPRESENTATION_CONTEXT('2D SPACE',''
  ) );
#5840 = ORIENTED_EDGE('',*,*,#5841,.F.);
#5841 = EDGE_CURVE('',#5842,#5818,#5844,.T.);
#5842 = VERTEX_POINT('',#5843);
#5843 = CARTESIAN_POINT('',(7.833831175457,10.,43.6));
#5844 = SURFACE_CURVE('',#5845,(#5849,#5856),.PCURVE_S1.);
#5845 = LINE('',#5846,#5847);
#5846 = CARTESIAN_POINT('',(14.110665587729,10.,49.876834412272));
#5847 = VECTOR('',#5848,1.);
#5848 = DIRECTION('',(-0.707106781187,-0.,-0.707106781187));
#5849 = PCURVE('',#371,#5850);
#5850 = DEFINITIONAL_REPRESENTATION('',(#5851),#5855);
#5851 = LINE('',#5852,#5853);
#5852 = CARTESIAN_POINT('',(-49.87683441227,69.189334412272));
#5853 = VECTOR('',#5854,1.);
#5854 = DIRECTION('',(0.707106781187,0.707106781187));
#5855 = ( GEOMETRIC_REPRESENTATION_CONTEXT(2) 
PARAMETRIC_REPRESENTATION_CONTEXT() REPRESENTATION_CONTEXT('2D SPACE',''
  ) );
#5856 = PCURVE('',#1206,#5857);
#5857 = DEFINITIONAL_REPRESENTATION('',(#5858),#5862);
#5858 = LINE('',#5859,#5860);
#5859 = CARTESIAN_POINT('',(-13.65599971166,-11.));
#5860 = VECTOR('',#5861,1.);
#5861 = DIRECTION('',(1.,-0.));
#5862 = ( GEOMETRIC_REPRESENTATION_CONTEXT(2) 
PARAMETRIC_REPRESENTATION_CONTEXT() REPRESENTATION_CONTEXT('2D SPACE',''
  ) );
#5863 = ORIENTED_EDGE('',*,*,#5864,.F.);
#5864 = EDGE_CURVE('',#5702,#5842,#5865,.T.);
#5865 = SURFACE_CURVE('',#5866,(#5870,#5877),.PCURVE_S1.);
#5866 = LINE('',#5867,#5868);
#5867 = CARTESIAN_POINT('',(0.,10.,43.6));
#5868 = VECTOR('',#5869,1.);
#5869 = DIRECTION('',(1.,-0.,-0.));
#5870 = PCURVE('',#371,#5871);
#5871 = DEFINITIONAL_REPRESENTATION('',(#5872),#5876);
#5872 = LINE('',#5873,#5874);
#5873 = CARTESIAN_POINT('',(-43.6,83.3));
#5874 = VECTOR('',#5875,1.);
#5875 = DIRECTION('',(-0.,-1.));
#5876 = ( GEOMETRIC_REPRESENTATION_CONTEXT(2) 
PARAMETRIC_REPRESENTATION_CONTEXT() REPRESENTATION_CONTEXT('2D SPACE',''
  ) );
#5877 = PCURVE('',#1232,#5878);
#5878 = DEFINITIONAL_REPRESENTATION('',(#5879),#5883);
#5879 = LINE('',#5880,#5881);
#5880 = CARTESIAN_POINT('',(-83.3,10.));
#5881 = VECTOR('',#5882,1.);
#5882 = DIRECTION('',(1.,-0.));
#5883 = ( GEOMETRIC_REPRESENTATION_CONTEXT(2) 
PARAMETRIC_REPRESENTATION_CONTEXT() REPRESENTATION_CONTEXT('2D SPACE',''
  ) );
#5884 = FACE_BOUND('',#5885,.F.);
#5885 = EDGE_LOOP('',(#5886,#5911,#5935,#5958,#5981));
#5886 = ORIENTED_EDGE('',*,*,#5887,.F.);
#5887 = EDGE_CURVE('',#5888,#5890,#5892,.T.);
#5888 = VERTEX_POINT('',#5889);
#5889 = CARTESIAN_POINT('',(7.,10.,2.325));
#5890 = VERTEX_POINT('',#5891);
#5891 = CARTESIAN_POINT('',(10.5,10.,2.325));
#5892 = SURFACE_CURVE('',#5893,(#5897,#5904),.PCURVE_S1.);
#5893 = LINE('',#5894,#5895);
#5894 = CARTESIAN_POINT('',(46.9,10.,2.325));
#5895 = VECTOR('',#5896,1.);
#5896 = DIRECTION('',(1.,-0.,-0.));
#5897 = PCURVE('',#371,#5898);
#5898 = DEFINITIONAL_REPRESENTATION('',(#5899),#5903);
#5899 = LINE('',#5900,#5901);
#5900 = CARTESIAN_POINT('',(-2.325,36.4));
#5901 = VECTOR('',#5902,1.);
#5902 = DIRECTION('',(-0.,-1.));
#5903 = ( GEOMETRIC_REPRESENTATION_CONTEXT(2) 
PARAMETRIC_REPRESENTATION_CONTEXT() REPRESENTATION_CONTEXT('2D SPACE',''
  ) );
#5904 = PCURVE('',#1264,#5905);
#5905 = DEFINITIONAL_REPRESENTATION('',(#5906),#5910);
#5906 = LINE('',#5907,#5908);
#5907 = CARTESIAN_POINT('',(36.4,-11.));
#5908 = VECTOR('',#5909,1.);
#5909 = DIRECTION('',(1.,-0.));
#5910 = ( GEOMETRIC_REPRESENTATION_CONTEXT(2) 
PARAMETRIC_REPRESENTATION_CONTEXT() REPRESENTATION_CONTEXT('2D SPACE',''
  ) );
#5911 = ORIENTED_EDGE('',*,*,#5912,.T.);
#5912 = EDGE_CURVE('',#5888,#5913,#5915,.T.);
#5913 = VERTEX_POINT('',#5914);
#5914 = CARTESIAN_POINT('',(4.454415587728,10.,8.470584412272));
#5915 = SURFACE_CURVE('',#5916,(#5921,#5928),.PCURVE_S1.);
#5916 = CIRCLE('',#5917,3.6);
#5917 = AXIS2_PLACEMENT_3D('',#5918,#5919,#5920);
#5918 = CARTESIAN_POINT('',(7.,10.,5.925));
#5919 = DIRECTION('',(0.,1.,0.));
#5920 = DIRECTION('',(-0.,-0.,-1.));
#5921 = PCURVE('',#371,#5922);
#5922 = DEFINITIONAL_REPRESENTATION('',(#5923),#5927);
#5923 = CIRCLE('',#5924,3.6);
#5924 = AXIS2_PLACEMENT_2D('',#5925,#5926);
#5925 = CARTESIAN_POINT('',(-5.925,76.3));
#5926 = DIRECTION('',(1.,-0.));
#5927 = ( GEOMETRIC_REPRESENTATION_CONTEXT(2) 
PARAMETRIC_REPRESENTATION_CONTEXT() REPRESENTATION_CONTEXT('2D SPACE',''
  ) );
#5928 = PCURVE('',#1293,#5929);
#5929 = DEFINITIONAL_REPRESENTATION('',(#5930),#5934);
#5930 = LINE('',#5931,#5932);
#5931 = CARTESIAN_POINT('',(-0.,-11.));
#5932 = VECTOR('',#5933,1.);
#5933 = DIRECTION('',(-1.,0.));
#5934 = ( GEOMETRIC_REPRESENTATION_CONTEXT(2) 
PARAMETRIC_REPRESENTATION_CONTEXT() REPRESENTATION_CONTEXT('2D SPACE',''
  ) );
#5935 = ORIENTED_EDGE('',*,*,#5936,.F.);
#5936 = EDGE_CURVE('',#5937,#5913,#5939,.T.);
#5937 = VERTEX_POINT('',#5938);
#5938 = CARTESIAN_POINT('',(8.75,10.,12.766168824543));
#5939 = SURFACE_CURVE('',#5940,(#5944,#5951),.PCURVE_S1.);
#5940 = LINE('',#5941,#5942);
#5941 = CARTESIAN_POINT('',(22.048165587728,10.,26.064334412272));
#5942 = VECTOR('',#5943,1.);
#5943 = DIRECTION('',(-0.707106781187,-0.,-0.707106781187));
#5944 = PCURVE('',#371,#5945);
#5945 = DEFINITIONAL_REPRESENTATION('',(#5946),#5950);
#5946 = LINE('',#5947,#5948);
#5947 = CARTESIAN_POINT('',(-26.06433441227,61.251834412272));
#5948 = VECTOR('',#5949,1.);
#5949 = DIRECTION('',(0.707106781187,0.707106781187));
#5950 = ( GEOMETRIC_REPRESENTATION_CONTEXT(2) 
PARAMETRIC_REPRESENTATION_CONTEXT() REPRESENTATION_CONTEXT('2D SPACE',''
  ) );
#5951 = PCURVE('',#1321,#5952);
#5952 = DEFINITIONAL_REPRESENTATION('',(#5953),#5957);
#5953 = LINE('',#5954,#5955);
#5954 = CARTESIAN_POINT('',(-24.881319863,-11.));
#5955 = VECTOR('',#5956,1.);
#5956 = DIRECTION('',(1.,-0.));
#5957 = ( GEOMETRIC_REPRESENTATION_CONTEXT(2) 
PARAMETRIC_REPRESENTATION_CONTEXT() REPRESENTATION_CONTEXT('2D SPACE',''
  ) );
#5958 = ORIENTED_EDGE('',*,*,#5959,.F.);
#5959 = EDGE_CURVE('',#5960,#5937,#5962,.T.);
#5960 = VERTEX_POINT('',#5961);
#5961 = CARTESIAN_POINT('',(13.045584412272,10.,8.470584412272));
#5962 = SURFACE_CURVE('',#5963,(#5967,#5974),.PCURVE_S1.);
#5963 = LINE('',#5964,#5965);
#5964 = CARTESIAN_POINT('',(30.579042206136,10.,-9.062873381593));
#5965 = VECTOR('',#5966,1.);
#5966 = DIRECTION('',(-0.707106781187,-0.,0.707106781187));
#5967 = PCURVE('',#371,#5968);
#5968 = DEFINITIONAL_REPRESENTATION('',(#5969),#5973);
#5969 = LINE('',#5970,#5971);
#5970 = CARTESIAN_POINT('',(9.062873381593,52.720957793864));
#5971 = VECTOR('',#5972,1.);
#5972 = DIRECTION('',(-0.707106781187,0.707106781187));
#5973 = ( GEOMETRIC_REPRESENTATION_CONTEXT(2) 
PARAMETRIC_REPRESENTATION_CONTEXT() REPRESENTATION_CONTEXT('2D SPACE',''
  ) );
#5974 = PCURVE('',#1349,#5975);
#5975 = DEFINITIONAL_REPRESENTATION('',(#5976),#5980);
#5976 = LINE('',#5977,#5978);
#5977 = CARTESIAN_POINT('',(-30.87092754153,-11.));
#5978 = VECTOR('',#5979,1.);
#5979 = DIRECTION('',(1.,-0.));
#5980 = ( GEOMETRIC_REPRESENTATION_CONTEXT(2) 
PARAMETRIC_REPRESENTATION_CONTEXT() REPRESENTATION_CONTEXT('2D SPACE',''
  ) );
#5981 = ORIENTED_EDGE('',*,*,#5982,.T.);
#5982 = EDGE_CURVE('',#5960,#5890,#5983,.T.);
#5983 = SURFACE_CURVE('',#5984,(#5989,#5996),.PCURVE_S1.);
#5984 = CIRCLE('',#5985,3.6);
#5985 = AXIS2_PLACEMENT_3D('',#5986,#5987,#5988);
#5986 = CARTESIAN_POINT('',(10.5,10.,5.925));
#5987 = DIRECTION('',(0.,1.,0.));
#5988 = DIRECTION('',(0.707106781187,-0.,0.707106781187));
#5989 = PCURVE('',#371,#5990);
#5990 = DEFINITIONAL_REPRESENTATION('',(#5991),#5995);
#5991 = CIRCLE('',#5992,3.6);
#5992 = AXIS2_PLACEMENT_2D('',#5993,#5994);
#5993 = CARTESIAN_POINT('',(-5.925,72.8));
#5994 = DIRECTION('',(-0.707106781187,-0.707106781187));
#5995 = ( GEOMETRIC_REPRESENTATION_CONTEXT(2) 
PARAMETRIC_REPRESENTATION_CONTEXT() REPRESENTATION_CONTEXT('2D SPACE',''
  ) );
#5996 = PCURVE('',#1376,#5997);
#5997 = DEFINITIONAL_REPRESENTATION('',(#5998),#6002);
#5998 = LINE('',#5999,#6000);
#5999 = CARTESIAN_POINT('',(-0.,-11.));
#6000 = VECTOR('',#6001,1.);
#6001 = DIRECTION('',(-1.,0.));
#6002 = ( GEOMETRIC_REPRESENTATION_CONTEXT(2) 
PARAMETRIC_REPRESENTATION_CONTEXT() REPRESENTATION_CONTEXT('2D SPACE',''
  ) );
#6003 = FACE_BOUND('',#6004,.F.);
#6004 = EDGE_LOOP('',(#6005,#6030,#6054,#6077,#6100));
#6005 = ORIENTED_EDGE('',*,*,#6006,.F.);
#6006 = EDGE_CURVE('',#6007,#6009,#6011,.T.);
#6007 = VERTEX_POINT('',#6008);
#6008 = CARTESIAN_POINT('',(7.,10.,18.2));
#6009 = VERTEX_POINT('',#6010);
#6010 = CARTESIAN_POINT('',(10.5,10.,18.2));
#6011 = SURFACE_CURVE('',#6012,(#6016,#6023),.PCURVE_S1.);
#6012 = LINE('',#6013,#6014);
#6013 = CARTESIAN_POINT('',(46.9,10.,18.2));
#6014 = VECTOR('',#6015,1.);
#6015 = DIRECTION('',(1.,-0.,-0.));
#6016 = PCURVE('',#371,#6017);
#6017 = DEFINITIONAL_REPRESENTATION('',(#6018),#6022);
#6018 = LINE('',#6019,#6020);
#6019 = CARTESIAN_POINT('',(-18.2,36.4));
#6020 = VECTOR('',#6021,1.);
#6021 = DIRECTION('',(-0.,-1.));
#6022 = ( GEOMETRIC_REPRESENTATION_CONTEXT(2) 
PARAMETRIC_REPRESENTATION_CONTEXT() REPRESENTATION_CONTEXT('2D SPACE',''
  ) );
#6023 = PCURVE('',#1408,#6024);
#6024 = DEFINITIONAL_REPRESENTATION('',(#6025),#6029);
#6025 = LINE('',#6026,#6027);
#6026 = CARTESIAN_POINT('',(36.4,-11.));
#6027 = VECTOR('',#6028,1.);
#6028 = DIRECTION('',(1.,-0.));
#6029 = ( GEOMETRIC_REPRESENTATION_CONTEXT(2) 
PARAMETRIC_REPRESENTATION_CONTEXT() REPRESENTATION_CONTEXT('2D SPACE',''
  ) );
#6030 = ORIENTED_EDGE('',*,*,#6031,.T.);
#6031 = EDGE_CURVE('',#6007,#6032,#6034,.T.);
#6032 = VERTEX_POINT('',#6033);
#6033 = CARTESIAN_POINT('',(4.454415587728,10.,24.345584412272));
#6034 = SURFACE_CURVE('',#6035,(#6040,#6047),.PCURVE_S1.);
#6035 = CIRCLE('',#6036,3.6);
#6036 = AXIS2_PLACEMENT_3D('',#6037,#6038,#6039);
#6037 = CARTESIAN_POINT('',(7.,10.,21.8));
#6038 = DIRECTION('',(0.,1.,0.));
#6039 = DIRECTION('',(-0.,-0.,-1.));
#6040 = PCURVE('',#371,#6041);
#6041 = DEFINITIONAL_REPRESENTATION('',(#6042),#6046);
#6042 = CIRCLE('',#6043,3.6);
#6043 = AXIS2_PLACEMENT_2D('',#6044,#6045);
#6044 = CARTESIAN_POINT('',(-21.8,76.3));
#6045 = DIRECTION('',(1.,-0.));
#6046 = ( GEOMETRIC_REPRESENTATION_CONTEXT(2) 
PARAMETRIC_REPRESENTATION_CONTEXT() REPRESENTATION_CONTEXT('2D SPACE',''
  ) );
#6047 = PCURVE('',#1437,#6048);
#6048 = DEFINITIONAL_REPRESENTATION('',(#6049),#6053);
#6049 = LINE('',#6050,#6051);
#6050 = CARTESIAN_POINT('',(-0.,-11.));
#6051 = VECTOR('',#6052,1.);
#6052 = DIRECTION('',(-1.,0.));
#6053 = ( GEOMETRIC_REPRESENTATION_CONTEXT(2) 
PARAMETRIC_REPRESENTATION_CONTEXT() REPRESENTATION_CONTEXT('2D SPACE',''
  ) );
#6054 = ORIENTED_EDGE('',*,*,#6055,.F.);
#6055 = EDGE_CURVE('',#6056,#6032,#6058,.T.);
#6056 = VERTEX_POINT('',#6057);
#6057 = CARTESIAN_POINT('',(8.75,10.,28.641168824543));
#6058 = SURFACE_CURVE('',#6059,(#6063,#6070),.PCURVE_S1.);
#6059 = LINE('',#6060,#6061);
#6060 = CARTESIAN_POINT('',(18.079415587728,10.,37.970584412272));
#6061 = VECTOR('',#6062,1.);
#6062 = DIRECTION('',(-0.707106781187,-0.,-0.707106781187));
#6063 = PCURVE('',#371,#6064);
#6064 = DEFINITIONAL_REPRESENTATION('',(#6065),#6069);
#6065 = LINE('',#6066,#6067);
#6066 = CARTESIAN_POINT('',(-37.97058441227,65.220584412272));
#6067 = VECTOR('',#6068,1.);
#6068 = DIRECTION('',(0.707106781187,0.707106781187));
#6069 = ( GEOMETRIC_REPRESENTATION_CONTEXT(2) 
PARAMETRIC_REPRESENTATION_CONTEXT() REPRESENTATION_CONTEXT('2D SPACE',''
  ) );
#6070 = PCURVE('',#1465,#6071);
#6071 = DEFINITIONAL_REPRESENTATION('',(#6072),#6076);
#6072 = LINE('',#6073,#6074);
#6073 = CARTESIAN_POINT('',(-19.26865978733,-11.));
#6074 = VECTOR('',#6075,1.);
#6075 = DIRECTION('',(1.,-0.));
#6076 = ( GEOMETRIC_REPRESENTATION_CONTEXT(2) 
PARAMETRIC_REPRESENTATION_CONTEXT() REPRESENTATION_CONTEXT('2D SPACE',''
  ) );
#6077 = ORIENTED_EDGE('',*,*,#6078,.F.);
#6078 = EDGE_CURVE('',#6079,#6056,#6081,.T.);
#6079 = VERTEX_POINT('',#6080);
#6080 = CARTESIAN_POINT('',(13.045584412272,10.,24.345584412272));
#6081 = SURFACE_CURVE('',#6082,(#6086,#6093),.PCURVE_S1.);
#6082 = LINE('',#6083,#6084);
#6083 = CARTESIAN_POINT('',(34.547792206136,10.,2.843376618407));
#6084 = VECTOR('',#6085,1.);
#6085 = DIRECTION('',(-0.707106781187,-0.,0.707106781187));
#6086 = PCURVE('',#371,#6087);
#6087 = DEFINITIONAL_REPRESENTATION('',(#6088),#6092);
#6088 = LINE('',#6089,#6090);
#6089 = CARTESIAN_POINT('',(-2.843376618407,48.752207793864));
#6090 = VECTOR('',#6091,1.);
#6091 = DIRECTION('',(-0.707106781187,0.707106781187));
#6092 = ( GEOMETRIC_REPRESENTATION_CONTEXT(2) 
PARAMETRIC_REPRESENTATION_CONTEXT() REPRESENTATION_CONTEXT('2D SPACE',''
  ) );
#6093 = PCURVE('',#1493,#6094);
#6094 = DEFINITIONAL_REPRESENTATION('',(#6095),#6099);
#6095 = LINE('',#6096,#6097);
#6096 = CARTESIAN_POINT('',(-36.4835876172,-11.));
#6097 = VECTOR('',#6098,1.);
#6098 = DIRECTION('',(1.,-0.));
#6099 = ( GEOMETRIC_REPRESENTATION_CONTEXT(2) 
PARAMETRIC_REPRESENTATION_CONTEXT() REPRESENTATION_CONTEXT('2D SPACE',''
  ) );
#6100 = ORIENTED_EDGE('',*,*,#6101,.T.);
#6101 = EDGE_CURVE('',#6079,#6009,#6102,.T.);
#6102 = SURFACE_CURVE('',#6103,(#6108,#6115),.PCURVE_S1.);
#6103 = CIRCLE('',#6104,3.6);
#6104 = AXIS2_PLACEMENT_3D('',#6105,#6106,#6107);
#6105 = CARTESIAN_POINT('',(10.5,10.,21.8));
#6106 = DIRECTION('',(0.,1.,0.));
#6107 = DIRECTION('',(0.707106781187,-0.,0.707106781187));
#6108 = PCURVE('',#371,#6109);
#6109 = DEFINITIONAL_REPRESENTATION('',(#6110),#6114);
#6110 = CIRCLE('',#6111,3.6);
#6111 = AXIS2_PLACEMENT_2D('',#6112,#6113);
#6112 = CARTESIAN_POINT('',(-21.8,72.8));
#6113 = DIRECTION('',(-0.707106781187,-0.707106781187));
#6114 = ( GEOMETRIC_REPRESENTATION_CONTEXT(2) 
PARAMETRIC_REPRESENTATION_CONTEXT() REPRESENTATION_CONTEXT('2D SPACE',''
  ) );
#6115 = PCURVE('',#1520,#6116);
#6116 = DEFINITIONAL_REPRESENTATION('',(#6117),#6121);
#6117 = LINE('',#6118,#6119);
#6118 = CARTESIAN_POINT('',(-0.,-11.));
#6119 = VECTOR('',#6120,1.);
#6120 = DIRECTION('',(-1.,0.));
#6121 = ( GEOMETRIC_REPRESENTATION_CONTEXT(2) 
PARAMETRIC_REPRESENTATION_CONTEXT() REPRESENTATION_CONTEXT('2D SPACE',''
  ) );
#6122 = ADVANCED_FACE('',(#6123),#343,.F.);
#6123 = FACE_BOUND('',#6124,.T.);
#6124 = EDGE_LOOP('',(#6125,#6146,#6147,#6148));
#6125 = ORIENTED_EDGE('',*,*,#6126,.F.);
#6126 = EDGE_CURVE('',#1082,#5748,#6127,.T.);
#6127 = SURFACE_CURVE('',#6128,(#6132,#6139),.PCURVE_S1.);
#6128 = LINE('',#6129,#6130);
#6129 = CARTESIAN_POINT('',(13.045584412272,-1.,40.220584412272));
#6130 = VECTOR('',#6131,1.);
#6131 = DIRECTION('',(-0.,1.,-0.));
#6132 = PCURVE('',#343,#6133);
#6133 = DEFINITIONAL_REPRESENTATION('',(#6134),#6138);
#6134 = LINE('',#6135,#6136);
#6135 = CARTESIAN_POINT('',(-6.074873734153,-0.));
#6136 = VECTOR('',#6137,1.);
#6137 = DIRECTION('',(-0.,-1.));
#6138 = ( GEOMETRIC_REPRESENTATION_CONTEXT(2) 
PARAMETRIC_REPRESENTATION_CONTEXT() REPRESENTATION_CONTEXT('2D SPACE',''
  ) );
#6139 = PCURVE('',#1121,#6140);
#6140 = DEFINITIONAL_REPRESENTATION('',(#6141),#6145);
#6141 = LINE('',#6142,#6143);
#6142 = CARTESIAN_POINT('',(-0.,0.));
#6143 = VECTOR('',#6144,1.);
#6144 = DIRECTION('',(-0.,-1.));
#6145 = ( GEOMETRIC_REPRESENTATION_CONTEXT(2) 
PARAMETRIC_REPRESENTATION_CONTEXT() REPRESENTATION_CONTEXT('2D SPACE',''
  ) );
#6146 = ORIENTED_EDGE('',*,*,#1081,.T.);
#6147 = ORIENTED_EDGE('',*,*,#327,.F.);
#6148 = ORIENTED_EDGE('',*,*,#5747,.F.);
#6149 = ADVANCED_FACE('',(#6150),#799,.T.);
#6150 = FACE_BOUND('',#6151,.F.);
#6151 = EDGE_LOOP('',(#6152,#6153,#6176,#6204,#6232,#6261,#6284,#6312,
    #6340,#6369,#6392,#6420));
#6152 = ORIENTED_EDGE('',*,*,#781,.F.);
#6153 = ORIENTED_EDGE('',*,*,#6154,.F.);
#6154 = EDGE_CURVE('',#6155,#782,#6157,.T.);
#6155 = VERTEX_POINT('',#6156);
#6156 = CARTESIAN_POINT('',(80.3,16.,38.315432893255));
#6157 = SURFACE_CURVE('',#6158,(#6162,#6169),.PCURVE_S1.);
#6158 = LINE('',#6159,#6160);
#6159 = CARTESIAN_POINT('',(80.3,16.,2.6));
#6160 = VECTOR('',#6161,1.);
#6161 = DIRECTION('',(0.,0.,1.));
#6162 = PCURVE('',#799,#6163);
#6163 = DEFINITIONAL_REPRESENTATION('',(#6164),#6168);
#6164 = LINE('',#6165,#6166);
#6165 = CARTESIAN_POINT('',(-2.6,-12.8));
#6166 = VECTOR('',#6167,1.);
#6167 = DIRECTION('',(-1.,-0.));
#6168 = ( GEOMETRIC_REPRESENTATION_CONTEXT(2) 
PARAMETRIC_REPRESENTATION_CONTEXT() REPRESENTATION_CONTEXT('2D SPACE',''
  ) );
#6169 = PCURVE('',#1013,#6170);
#6170 = DEFINITIONAL_REPRESENTATION('',(#6171),#6175);
#6171 = LINE('',#6172,#6173);
#6172 = CARTESIAN_POINT('',(3.14159265359,0.));
#6173 = VECTOR('',#6174,1.);
#6174 = DIRECTION('',(0.,-1.));
#6175 = ( GEOMETRIC_REPRESENTATION_CONTEXT(2) 
PARAMETRIC_REPRESENTATION_CONTEXT() REPRESENTATION_CONTEXT('2D SPACE',''
  ) );
#6176 = ORIENTED_EDGE('',*,*,#6177,.T.);
#6177 = EDGE_CURVE('',#6155,#6178,#6180,.T.);
#6178 = VERTEX_POINT('',#6179);
#6179 = CARTESIAN_POINT('',(80.3,17.5,39.815432893255));
#6180 = SURFACE_CURVE('',#6181,(#6185,#6192),.PCURVE_S1.);
#6181 = LINE('',#6182,#6183);
#6182 = CARTESIAN_POINT('',(80.3,3.971141776686,26.286574669941));
#6183 = VECTOR('',#6184,1.);
#6184 = DIRECTION('',(-0.,0.707106781187,0.707106781187));
#6185 = PCURVE('',#799,#6186);
#6186 = DEFINITIONAL_REPRESENTATION('',(#6187),#6191);
#6187 = LINE('',#6188,#6189);
#6188 = CARTESIAN_POINT('',(-26.28657466994,-0.771141776686));
#6189 = VECTOR('',#6190,1.);
#6190 = DIRECTION('',(-0.707106781187,-0.707106781187));
#6191 = ( GEOMETRIC_REPRESENTATION_CONTEXT(2) 
PARAMETRIC_REPRESENTATION_CONTEXT() REPRESENTATION_CONTEXT('2D SPACE',''
  ) );
#6192 = PCURVE('',#6193,#6198);
#6193 = PLANE('',#6194);
#6194 = AXIS2_PLACEMENT_3D('',#6195,#6196,#6197);
#6195 = CARTESIAN_POINT('',(83.9,17.5,39.815432893255));
#6196 = DIRECTION('',(-0.,0.707106781187,-0.707106781187));
#6197 = DIRECTION('',(0.,0.707106781187,0.707106781187));
#6198 = DEFINITIONAL_REPRESENTATION('',(#6199),#6203);
#6199 = LINE('',#6200,#6201);
#6200 = CARTESIAN_POINT('',(-19.13269478283,-3.6));
#6201 = VECTOR('',#6202,1.);
#6202 = DIRECTION('',(1.,-0.));
#6203 = ( GEOMETRIC_REPRESENTATION_CONTEXT(2) 
PARAMETRIC_REPRESENTATION_CONTEXT() REPRESENTATION_CONTEXT('2D SPACE',''
  ) );
#6204 = ORIENTED_EDGE('',*,*,#6205,.T.);
#6205 = EDGE_CURVE('',#6178,#6206,#6208,.T.);
#6206 = VERTEX_POINT('',#6207);
#6207 = CARTESIAN_POINT('',(80.3,20.257716446628,37.057716446628));
#6208 = SURFACE_CURVE('',#6209,(#6213,#6220),.PCURVE_S1.);
#6209 = LINE('',#6210,#6211);
#6210 = CARTESIAN_POINT('',(80.3,25.257716446628,32.057716446628));
#6211 = VECTOR('',#6212,1.);
#6212 = DIRECTION('',(-0.,0.707106781187,-0.707106781187));
#6213 = PCURVE('',#799,#6214);
#6214 = DEFINITIONAL_REPRESENTATION('',(#6215),#6219);
#6215 = LINE('',#6216,#6217);
#6216 = CARTESIAN_POINT('',(-32.05771644662,-22.05771644662));
#6217 = VECTOR('',#6218,1.);
#6218 = DIRECTION('',(0.707106781187,-0.707106781187));
#6219 = ( GEOMETRIC_REPRESENTATION_CONTEXT(2) 
PARAMETRIC_REPRESENTATION_CONTEXT() REPRESENTATION_CONTEXT('2D SPACE',''
  ) );
#6220 = PCURVE('',#6221,#6226);
#6221 = PLANE('',#6222);
#6222 = AXIS2_PLACEMENT_3D('',#6223,#6224,#6225);
#6223 = CARTESIAN_POINT('',(83.9,20.257716446628,37.057716446628));
#6224 = DIRECTION('',(-0.,-0.707106781187,-0.707106781187));
#6225 = DIRECTION('',(0.,0.707106781187,-0.707106781187));
#6226 = DEFINITIONAL_REPRESENTATION('',(#6227),#6231);
#6227 = LINE('',#6228,#6229);
#6228 = CARTESIAN_POINT('',(7.071067811865,-3.6));
#6229 = VECTOR('',#6230,1.);
#6230 = DIRECTION('',(1.,-0.));
#6231 = ( GEOMETRIC_REPRESENTATION_CONTEXT(2) 
PARAMETRIC_REPRESENTATION_CONTEXT() REPRESENTATION_CONTEXT('2D SPACE',''
  ) );
#6232 = ORIENTED_EDGE('',*,*,#6233,.T.);
#6233 = EDGE_CURVE('',#6206,#6234,#6236,.T.);
#6234 = VERTEX_POINT('',#6235);
#6235 = CARTESIAN_POINT('',(80.3,16.,30.7));
#6236 = SURFACE_CURVE('',#6237,(#6242,#6249),.PCURVE_S1.);
#6237 = CIRCLE('',#6238,3.9);
#6238 = AXIS2_PLACEMENT_3D('',#6239,#6240,#6241);
#6239 = CARTESIAN_POINT('',(80.3,17.5,34.3));
#6240 = DIRECTION('',(-1.,0.,0.));
#6241 = DIRECTION('',(-0.,9.109522253335E-16,-1.));
#6242 = PCURVE('',#799,#6243);
#6243 = DEFINITIONAL_REPRESENTATION('',(#6244),#6248);
#6244 = CIRCLE('',#6245,3.9);
#6245 = AXIS2_PLACEMENT_2D('',#6246,#6247);
#6246 = CARTESIAN_POINT('',(-34.3,-14.3));
#6247 = DIRECTION('',(1.,-9.109522253335E-16));
#6248 = ( GEOMETRIC_REPRESENTATION_CONTEXT(2) 
PARAMETRIC_REPRESENTATION_CONTEXT() REPRESENTATION_CONTEXT('2D SPACE',''
  ) );
#6249 = PCURVE('',#6250,#6255);
#6250 = CYLINDRICAL_SURFACE('',#6251,3.9);
#6251 = AXIS2_PLACEMENT_3D('',#6252,#6253,#6254);
#6252 = CARTESIAN_POINT('',(83.9,17.5,34.3));
#6253 = DIRECTION('',(1.,-0.,0.));
#6254 = DIRECTION('',(-0.,9.109522253335E-16,-1.));
#6255 = DEFINITIONAL_REPRESENTATION('',(#6256),#6260);
#6256 = LINE('',#6257,#6258);
#6257 = CARTESIAN_POINT('',(12.566370614359,-3.6));
#6258 = VECTOR('',#6259,1.);
#6259 = DIRECTION('',(-1.,0.));
#6260 = ( GEOMETRIC_REPRESENTATION_CONTEXT(2) 
PARAMETRIC_REPRESENTATION_CONTEXT() REPRESENTATION_CONTEXT('2D SPACE',''
  ) );
#6261 = ORIENTED_EDGE('',*,*,#6262,.F.);
#6262 = EDGE_CURVE('',#6263,#6234,#6265,.T.);
#6263 = VERTEX_POINT('',#6264);
#6264 = CARTESIAN_POINT('',(80.3,16.,13.315432893255));
#6265 = SURFACE_CURVE('',#6266,(#6270,#6277),.PCURVE_S1.);
#6266 = LINE('',#6267,#6268);
#6267 = CARTESIAN_POINT('',(80.3,16.,2.6));
#6268 = VECTOR('',#6269,1.);
#6269 = DIRECTION('',(0.,0.,1.));
#6270 = PCURVE('',#799,#6271);
#6271 = DEFINITIONAL_REPRESENTATION('',(#6272),#6276);
#6272 = LINE('',#6273,#6274);
#6273 = CARTESIAN_POINT('',(-2.6,-12.8));
#6274 = VECTOR('',#6275,1.);
#6275 = DIRECTION('',(-1.,-0.));
#6276 = ( GEOMETRIC_REPRESENTATION_CONTEXT(2) 
PARAMETRIC_REPRESENTATION_CONTEXT() REPRESENTATION_CONTEXT('2D SPACE',''
  ) );
#6277 = PCURVE('',#1013,#6278);
#6278 = DEFINITIONAL_REPRESENTATION('',(#6279),#6283);
#6279 = LINE('',#6280,#6281);
#6280 = CARTESIAN_POINT('',(3.14159265359,0.));
#6281 = VECTOR('',#6282,1.);
#6282 = DIRECTION('',(0.,-1.));
#6283 = ( GEOMETRIC_REPRESENTATION_CONTEXT(2) 
PARAMETRIC_REPRESENTATION_CONTEXT() REPRESENTATION_CONTEXT('2D SPACE',''
  ) );
#6284 = ORIENTED_EDGE('',*,*,#6285,.T.);
#6285 = EDGE_CURVE('',#6263,#6286,#6288,.T.);
#6286 = VERTEX_POINT('',#6287);
#6287 = CARTESIAN_POINT('',(80.3,17.5,14.815432893255));
#6288 = SURFACE_CURVE('',#6289,(#6293,#6300),.PCURVE_S1.);
#6289 = LINE('',#6290,#6291);
#6290 = CARTESIAN_POINT('',(80.3,10.221141776686,7.536574669941));
#6291 = VECTOR('',#6292,1.);
#6292 = DIRECTION('',(-0.,0.707106781187,0.707106781187));
#6293 = PCURVE('',#799,#6294);
#6294 = DEFINITIONAL_REPRESENTATION('',(#6295),#6299);
#6295 = LINE('',#6296,#6297);
#6296 = CARTESIAN_POINT('',(-7.536574669941,-7.021141776686));
#6297 = VECTOR('',#6298,1.);
#6298 = DIRECTION('',(-0.707106781187,-0.707106781187));
#6299 = ( GEOMETRIC_REPRESENTATION_CONTEXT(2) 
PARAMETRIC_REPRESENTATION_CONTEXT() REPRESENTATION_CONTEXT('2D SPACE',''
  ) );
#6300 = PCURVE('',#6301,#6306);
#6301 = PLANE('',#6302);
#6302 = AXIS2_PLACEMENT_3D('',#6303,#6304,#6305);
#6303 = CARTESIAN_POINT('',(83.9,17.5,14.815432893255));
#6304 = DIRECTION('',(-0.,0.707106781187,-0.707106781187));
#6305 = DIRECTION('',(0.,0.707106781187,0.707106781187));
#6306 = DEFINITIONAL_REPRESENTATION('',(#6307),#6311);
#6307 = LINE('',#6308,#6309);
#6308 = CARTESIAN_POINT('',(-10.293860018,-3.6));
#6309 = VECTOR('',#6310,1.);
#6310 = DIRECTION('',(1.,-0.));
#6311 = ( GEOMETRIC_REPRESENTATION_CONTEXT(2) 
PARAMETRIC_REPRESENTATION_CONTEXT() REPRESENTATION_CONTEXT('2D SPACE',''
  ) );
#6312 = ORIENTED_EDGE('',*,*,#6313,.T.);
#6313 = EDGE_CURVE('',#6286,#6314,#6316,.T.);
#6314 = VERTEX_POINT('',#6315);
#6315 = CARTESIAN_POINT('',(80.3,20.257716446628,12.057716446628));
#6316 = SURFACE_CURVE('',#6317,(#6321,#6328),.PCURVE_S1.);
#6317 = LINE('',#6318,#6319);
#6318 = CARTESIAN_POINT('',(80.3,19.007716446628,13.307716446628));
#6319 = VECTOR('',#6320,1.);
#6320 = DIRECTION('',(-0.,0.707106781187,-0.707106781187));
#6321 = PCURVE('',#799,#6322);
#6322 = DEFINITIONAL_REPRESENTATION('',(#6323),#6327);
#6323 = LINE('',#6324,#6325);
#6324 = CARTESIAN_POINT('',(-13.30771644662,-15.80771644662));
#6325 = VECTOR('',#6326,1.);
#6326 = DIRECTION('',(0.707106781187,-0.707106781187));
#6327 = ( GEOMETRIC_REPRESENTATION_CONTEXT(2) 
PARAMETRIC_REPRESENTATION_CONTEXT() REPRESENTATION_CONTEXT('2D SPACE',''
  ) );
#6328 = PCURVE('',#6329,#6334);
#6329 = PLANE('',#6330);
#6330 = AXIS2_PLACEMENT_3D('',#6331,#6332,#6333);
#6331 = CARTESIAN_POINT('',(83.9,20.257716446628,12.057716446628));
#6332 = DIRECTION('',(-0.,-0.707106781187,-0.707106781187));
#6333 = DIRECTION('',(0.,0.707106781187,-0.707106781187));
#6334 = DEFINITIONAL_REPRESENTATION('',(#6335),#6339);
#6335 = LINE('',#6336,#6337);
#6336 = CARTESIAN_POINT('',(-1.767766952966,-3.6));
#6337 = VECTOR('',#6338,1.);
#6338 = DIRECTION('',(1.,-0.));
#6339 = ( GEOMETRIC_REPRESENTATION_CONTEXT(2) 
PARAMETRIC_REPRESENTATION_CONTEXT() REPRESENTATION_CONTEXT('2D SPACE',''
  ) );
#6340 = ORIENTED_EDGE('',*,*,#6341,.T.);
#6341 = EDGE_CURVE('',#6314,#6342,#6344,.T.);
#6342 = VERTEX_POINT('',#6343);
#6343 = CARTESIAN_POINT('',(80.3,16.,5.7));
#6344 = SURFACE_CURVE('',#6345,(#6350,#6357),.PCURVE_S1.);
#6345 = CIRCLE('',#6346,3.9);
#6346 = AXIS2_PLACEMENT_3D('',#6347,#6348,#6349);
#6347 = CARTESIAN_POINT('',(80.3,17.5,9.3));
#6348 = DIRECTION('',(-1.,0.,0.));
#6349 = DIRECTION('',(-0.,-0.,-1.));
#6350 = PCURVE('',#799,#6351);
#6351 = DEFINITIONAL_REPRESENTATION('',(#6352),#6356);
#6352 = CIRCLE('',#6353,3.9);
#6353 = AXIS2_PLACEMENT_2D('',#6354,#6355);
#6354 = CARTESIAN_POINT('',(-9.3,-14.3));
#6355 = DIRECTION('',(1.,-0.));
#6356 = ( GEOMETRIC_REPRESENTATION_CONTEXT(2) 
PARAMETRIC_REPRESENTATION_CONTEXT() REPRESENTATION_CONTEXT('2D SPACE',''
  ) );
#6357 = PCURVE('',#6358,#6363);
#6358 = CYLINDRICAL_SURFACE('',#6359,3.9);
#6359 = AXIS2_PLACEMENT_3D('',#6360,#6361,#6362);
#6360 = CARTESIAN_POINT('',(83.9,17.5,9.3));
#6361 = DIRECTION('',(1.,-0.,-0.));
#6362 = DIRECTION('',(-0.,-0.,-1.));
#6363 = DEFINITIONAL_REPRESENTATION('',(#6364),#6368);
#6364 = LINE('',#6365,#6366);
#6365 = CARTESIAN_POINT('',(6.28318530718,-3.6));
#6366 = VECTOR('',#6367,1.);
#6367 = DIRECTION('',(-1.,0.));
#6368 = ( GEOMETRIC_REPRESENTATION_CONTEXT(2) 
PARAMETRIC_REPRESENTATION_CONTEXT() REPRESENTATION_CONTEXT('2D SPACE',''
  ) );
#6369 = ORIENTED_EDGE('',*,*,#6370,.F.);
#6370 = EDGE_CURVE('',#6371,#6342,#6373,.T.);
#6371 = VERTEX_POINT('',#6372);
#6372 = CARTESIAN_POINT('',(80.3,16.,4.6));
#6373 = SURFACE_CURVE('',#6374,(#6378,#6385),.PCURVE_S1.);
#6374 = LINE('',#6375,#6376);
#6375 = CARTESIAN_POINT('',(80.3,16.,2.6));
#6376 = VECTOR('',#6377,1.);
#6377 = DIRECTION('',(0.,0.,1.));
#6378 = PCURVE('',#799,#6379);
#6379 = DEFINITIONAL_REPRESENTATION('',(#6380),#6384);
#6380 = LINE('',#6381,#6382);
#6381 = CARTESIAN_POINT('',(-2.6,-12.8));
#6382 = VECTOR('',#6383,1.);
#6383 = DIRECTION('',(-1.,-0.));
#6384 = ( GEOMETRIC_REPRESENTATION_CONTEXT(2) 
PARAMETRIC_REPRESENTATION_CONTEXT() REPRESENTATION_CONTEXT('2D SPACE',''
  ) );
#6385 = PCURVE('',#1013,#6386);
#6386 = DEFINITIONAL_REPRESENTATION('',(#6387),#6391);
#6387 = LINE('',#6388,#6389);
#6388 = CARTESIAN_POINT('',(3.14159265359,0.));
#6389 = VECTOR('',#6390,1.);
#6390 = DIRECTION('',(0.,-1.));
#6391 = ( GEOMETRIC_REPRESENTATION_CONTEXT(2) 
PARAMETRIC_REPRESENTATION_CONTEXT() REPRESENTATION_CONTEXT('2D SPACE',''
  ) );
#6392 = ORIENTED_EDGE('',*,*,#6393,.T.);
#6393 = EDGE_CURVE('',#6371,#6394,#6396,.T.);
#6394 = VERTEX_POINT('',#6395);
#6395 = CARTESIAN_POINT('',(80.3,28.,4.6));
#6396 = SURFACE_CURVE('',#6397,(#6401,#6408),.PCURVE_S1.);
#6397 = LINE('',#6398,#6399);
#6398 = CARTESIAN_POINT('',(80.3,10.,4.6));
#6399 = VECTOR('',#6400,1.);
#6400 = DIRECTION('',(0.,1.,0.));
#6401 = PCURVE('',#799,#6402);
#6402 = DEFINITIONAL_REPRESENTATION('',(#6403),#6407);
#6403 = LINE('',#6404,#6405);
#6404 = CARTESIAN_POINT('',(-4.6,-6.8));
#6405 = VECTOR('',#6406,1.);
#6406 = DIRECTION('',(-0.,-1.));
#6407 = ( GEOMETRIC_REPRESENTATION_CONTEXT(2) 
PARAMETRIC_REPRESENTATION_CONTEXT() REPRESENTATION_CONTEXT('2D SPACE',''
  ) );
#6408 = PCURVE('',#6409,#6414);
#6409 = CYLINDRICAL_SURFACE('',#6410,2.);
#6410 = AXIS2_PLACEMENT_3D('',#6411,#6412,#6413);
#6411 = CARTESIAN_POINT('',(78.3,10.,4.6));
#6412 = DIRECTION('',(-0.,-1.,-0.));
#6413 = DIRECTION('',(-1.,-0.,-0.));
#6414 = DEFINITIONAL_REPRESENTATION('',(#6415),#6419);
#6415 = LINE('',#6416,#6417);
#6416 = CARTESIAN_POINT('',(-3.14159265359,0.));
#6417 = VECTOR('',#6418,1.);
#6418 = DIRECTION('',(-0.,-1.));
#6419 = ( GEOMETRIC_REPRESENTATION_CONTEXT(2) 
PARAMETRIC_REPRESENTATION_CONTEXT() REPRESENTATION_CONTEXT('2D SPACE',''
  ) );
#6420 = ORIENTED_EDGE('',*,*,#6421,.T.);
#6421 = EDGE_CURVE('',#6394,#784,#6422,.T.);
#6422 = SURFACE_CURVE('',#6423,(#6427,#6434),.PCURVE_S1.);
#6423 = LINE('',#6424,#6425);
#6424 = CARTESIAN_POINT('',(80.3,28.,2.6));
#6425 = VECTOR('',#6426,1.);
#6426 = DIRECTION('',(0.,0.,1.));
#6427 = PCURVE('',#799,#6428);
#6428 = DEFINITIONAL_REPRESENTATION('',(#6429),#6433);
#6429 = LINE('',#6430,#6431);
#6430 = CARTESIAN_POINT('',(-2.6,-24.8));
#6431 = VECTOR('',#6432,1.);
#6432 = DIRECTION('',(-1.,-0.));
#6433 = ( GEOMETRIC_REPRESENTATION_CONTEXT(2) 
PARAMETRIC_REPRESENTATION_CONTEXT() REPRESENTATION_CONTEXT('2D SPACE',''
  ) );
#6434 = PCURVE('',#832,#6435);
#6435 = DEFINITIONAL_REPRESENTATION('',(#6436),#6440);
#6436 = LINE('',#6437,#6438);
#6437 = CARTESIAN_POINT('',(3.14159265359,0.));
#6438 = VECTOR('',#6439,1.);
#6439 = DIRECTION('',(0.,-1.));
#6440 = ( GEOMETRIC_REPRESENTATION_CONTEXT(2) 
PARAMETRIC_REPRESENTATION_CONTEXT() REPRESENTATION_CONTEXT('2D SPACE',''
  ) );
#6441 = ADVANCED_FACE('',(#6442),#1013,.F.);
#6442 = FACE_BOUND('',#6443,.F.);
#6443 = EDGE_LOOP('',(#6444,#6479,#6713,#6714,#6824,#6853,#6854,#6964,
    #6993,#6994,#6995));
#6444 = ORIENTED_EDGE('',*,*,#6445,.F.);
#6445 = EDGE_CURVE('',#6446,#6448,#6450,.T.);
#6446 = VERTEX_POINT('',#6447);
#6447 = CARTESIAN_POINT('',(78.3,11.527864045,2.6));
#6448 = VERTEX_POINT('',#6449);
#6449 = CARTESIAN_POINT('',(74.3,10.,2.6));
#6450 = SURFACE_CURVE('',#6451,(#6456,#6463),.PCURVE_S1.);
#6451 = CIRCLE('',#6452,6.);
#6452 = AXIS2_PLACEMENT_3D('',#6453,#6454,#6455);
#6453 = CARTESIAN_POINT('',(74.3,16.,2.6));
#6454 = DIRECTION('',(0.,0.,-1.));
#6455 = DIRECTION('',(-1.,-0.,-0.));
#6456 = PCURVE('',#1013,#6457);
#6457 = DEFINITIONAL_REPRESENTATION('',(#6458),#6462);
#6458 = LINE('',#6459,#6460);
#6459 = CARTESIAN_POINT('',(0.,0.));
#6460 = VECTOR('',#6461,1.);
#6461 = DIRECTION('',(1.,0.));
#6462 = ( GEOMETRIC_REPRESENTATION_CONTEXT(2) 
PARAMETRIC_REPRESENTATION_CONTEXT() REPRESENTATION_CONTEXT('2D SPACE',''
  ) );
#6463 = PCURVE('',#6464,#6469);
#6464 = PLANE('',#6465);
#6465 = AXIS2_PLACEMENT_3D('',#6466,#6467,#6468);
#6466 = CARTESIAN_POINT('',(86.3,9.99,2.6));
#6467 = DIRECTION('',(0.,0.,1.));
#6468 = DIRECTION('',(1.,0.,0.));
#6469 = DEFINITIONAL_REPRESENTATION('',(#6470),#6478);
#6470 = ( BOUNDED_CURVE() B_SPLINE_CURVE(2,(#6471,#6472,#6473,#6474,
#6475,#6476,#6477),.UNSPECIFIED.,.T.,.F.) B_SPLINE_CURVE_WITH_KNOTS((1,2
    ,2,2,2,1),(-2.094395102393,0.,2.094395102393,4.188790204786,
6.28318530718,8.377580409573),.UNSPECIFIED.) CURVE() 
GEOMETRIC_REPRESENTATION_ITEM() RATIONAL_B_SPLINE_CURVE((1.,0.5,1.,0.5,
1.,0.5,1.)) REPRESENTATION_ITEM('') );
#6471 = CARTESIAN_POINT('',(-18.,6.01));
#6472 = CARTESIAN_POINT('',(-18.,16.402304845413));
#6473 = CARTESIAN_POINT('',(-9.,11.206152422707));
#6474 = CARTESIAN_POINT('',(-3.552713678801E-15,6.01));
#6475 = CARTESIAN_POINT('',(-9.,0.813847577293));
#6476 = CARTESIAN_POINT('',(-18.,-4.382304845413));
#6477 = CARTESIAN_POINT('',(-18.,6.01));
#6478 = ( GEOMETRIC_REPRESENTATION_CONTEXT(2) 
PARAMETRIC_REPRESENTATION_CONTEXT() REPRESENTATION_CONTEXT('2D SPACE',''
  ) );
#6479 = ORIENTED_EDGE('',*,*,#6480,.F.);
#6480 = EDGE_CURVE('',#6371,#6446,#6481,.T.);
#6481 = SURFACE_CURVE('',#6482,(#6557,#6635),.PCURVE_S1.);
#6482 = B_SPLINE_CURVE_WITH_KNOTS('',7,(#6483,#6484,#6485,#6486,#6487,
    #6488,#6489,#6490,#6491,#6492,#6493,#6494,#6495,#6496,#6497,#6498,
    #6499,#6500,#6501,#6502,#6503,#6504,#6505,#6506,#6507,#6508,#6509,
    #6510,#6511,#6512,#6513,#6514,#6515,#6516,#6517,#6518,#6519,#6520,
    #6521,#6522,#6523,#6524,#6525,#6526,#6527,#6528,#6529,#6530,#6531,
    #6532,#6533,#6534,#6535,#6536,#6537,#6538,#6539,#6540,#6541,#6542,
    #6543,#6544,#6545,#6546,#6547,#6548,#6549,#6550,#6551,#6552,#6553,
    #6554,#6555,#6556),.UNSPECIFIED.,.F.,.F.,(8,6,6,6,6,6,6,6,6,6,6,6,8)
  ,(0.,6.734000505991E-04,1.346799844412E-03,1.996978471197E-03,
    2.67037701204E-03,3.320553950297E-03,3.993950246302E-03,
    4.644124538265E-03,5.271076759108E-03,5.921247589799E-03,
    0.450400941488,0.827944003298,1.),.UNSPECIFIED.);
#6483 = CARTESIAN_POINT('',(80.3,16.,4.6));
#6484 = CARTESIAN_POINT('',(80.3,15.999559708327,4.599745797489));
#6485 = CARTESIAN_POINT('',(80.299999962306,15.999119416658,
    4.599491594974));
#6486 = CARTESIAN_POINT('',(80.299999886917,15.998679124989,
    4.599237392461));
#6487 = CARTESIAN_POINT('',(80.299999773834,15.99823883332,
    4.598983189955));
#6488 = CARTESIAN_POINT('',(80.299999623056,15.997798541651,
    4.598728987462));
#6489 = CARTESIAN_POINT('',(80.299999434584,15.997358249982,
    4.598474784983));
#6490 = CARTESIAN_POINT('',(80.299998982252,15.996477666815,
    4.597966380155));
#6491 = CARTESIAN_POINT('',(80.299998718392,15.996037375317,
    4.597712177808));
#6492 = CARTESIAN_POINT('',(80.299998416837,15.99559708382,
    4.597457975481));
#6493 = CARTESIAN_POINT('',(80.299998077587,15.995156792324,
    4.597203773178));
#6494 = CARTESIAN_POINT('',(80.299997700644,15.994716500831,
    4.596949570903));
#6495 = CARTESIAN_POINT('',(80.299997286006,15.994276209339,
    4.596695368659));
#6496 = CARTESIAN_POINT('',(80.299996396939,15.993410809141,
    4.596195730018));
#6497 = CARTESIAN_POINT('',(80.299995925065,15.992985700436,
    4.595950293617));
#6498 = CARTESIAN_POINT('',(80.299995418052,15.992560591732,
    4.595704857253));
#6499 = CARTESIAN_POINT('',(80.299994875899,15.992135483031,
    4.595459420927));
#6500 = CARTESIAN_POINT('',(80.299994298606,15.991710374332,
    4.595213984643));
#6501 = CARTESIAN_POINT('',(80.299993686174,15.991285265636,
    4.594968548403));
#6502 = CARTESIAN_POINT('',(80.299992367903,15.990419866288,
    4.594468910726));
#6503 = CARTESIAN_POINT('',(80.29999165951,15.989979575636,
    4.594214709292));
#6504 = CARTESIAN_POINT('',(80.299990913423,15.989539284987,
    4.593960507913));
#6505 = CARTESIAN_POINT('',(80.299990129641,15.989098994342,
    4.593706306592));
#6506 = CARTESIAN_POINT('',(80.299989308165,15.988658703701,
    4.593452105333));
#6507 = CARTESIAN_POINT('',(80.299988448994,15.988218413064,
    4.59319790414));
#6508 = CARTESIAN_POINT('',(80.299986686192,15.987353014863,
    4.59269826781));
#6509 = CARTESIAN_POINT('',(80.299985785115,15.986927907299,
    4.59245283267));
#6510 = CARTESIAN_POINT('',(80.299984848899,15.98650279974,
    4.592207397597));
#6511 = CARTESIAN_POINT('',(80.299983877543,15.986077692185,
    4.591961962594));
#6512 = CARTESIAN_POINT('',(80.299982871048,15.985652584634,
    4.591716527665));
#6513 = CARTESIAN_POINT('',(80.299981829413,15.985227477088,
    4.591471092813));
#6514 = CARTESIAN_POINT('',(80.299979637409,15.984362080409,
    4.590971458211));
#6515 = CARTESIAN_POINT('',(80.299978484486,15.983921791276,
    4.590717258468));
#6516 = CARTESIAN_POINT('',(80.299977293869,15.983481502149,
    4.590463058814));
#6517 = CARTESIAN_POINT('',(80.299976065557,15.983041213028,
    4.590208859252));
#6518 = CARTESIAN_POINT('',(80.299974799551,15.982600923912,
    4.589954659787));
#6519 = CARTESIAN_POINT('',(80.29997349585,15.982160634803,
    4.589700460421));
#6520 = CARTESIAN_POINT('',(80.299970859318,15.981295239922,
    4.589200827932));
#6521 = CARTESIAN_POINT('',(80.299969529042,15.980870134151,
    4.588955394802));
#6522 = CARTESIAN_POINT('',(80.299968163625,15.980445028385,
    4.588709961771));
#6523 = CARTESIAN_POINT('',(80.29996676307,15.980019922626,
    4.588464528842));
#6524 = CARTESIAN_POINT('',(80.299965327375,15.979594816874,
    4.588219096019));
#6525 = CARTESIAN_POINT('',(80.29996385654,15.979169711128,
    4.587973663304));
#6526 = CARTESIAN_POINT('',(80.299960898379,15.978334683018,
    4.587491564138));
#6527 = CARTESIAN_POINT('',(80.299959413519,15.977924760653,
    4.587254897679));
#6528 = CARTESIAN_POINT('',(80.299957895984,15.977514838295,
    4.587018231326));
#6529 = CARTESIAN_POINT('',(80.299956345775,15.977104915944,
    4.586781565082));
#6530 = CARTESIAN_POINT('',(80.299954762891,15.976694993599,
    4.586544898951));
#6531 = CARTESIAN_POINT('',(80.299953147333,15.976285071262,
    4.586308232935));
#6532 = CARTESIAN_POINT('',(80.299949789827,15.975450045498,
    4.585826136431));
#6533 = CARTESIAN_POINT('',(80.299948045415,15.975024942072,
    4.585580705952));
#6534 = CARTESIAN_POINT('',(80.299946265862,15.974599838654,
    4.585335275603));
#6535 = CARTESIAN_POINT('',(80.299944451171,15.974174735244,
    4.585089845387));
#6536 = CARTESIAN_POINT('',(80.299942601339,15.973749631843,
    4.584844415307));
#6537 = CARTESIAN_POINT('',(80.299940716368,15.97332452845,
    4.584598985367));
#6538 = CARTESIAN_POINT('',(80.298626140977,15.682283769619,
    4.416569096006));
#6539 = CARTESIAN_POINT('',(80.280892422235,15.392030886796,
    4.249059129975));
#6540 = CARTESIAN_POINT('',(80.246794657558,15.101875654313,
    4.082630462503));
#6541 = CARTESIAN_POINT('',(80.196019059274,14.811659858994,
    3.918160065943));
#6542 = CARTESIAN_POINT('',(80.127941873423,14.521438967643,
    3.756757783287));
#6543 = CARTESIAN_POINT('',(80.04170400576,14.231570811601,
    3.599965030222));
#6544 = CARTESIAN_POINT('',(79.846768315709,13.697491217325,
    3.322599598925));
#6545 = CARTESIAN_POINT('',(79.743662534584,13.453673644786,
    3.20048996493));
#6546 = CARTESIAN_POINT('',(79.626015588042,13.210425186514,
    3.08426796368));
#6547 = CARTESIAN_POINT('',(79.492533391078,12.967570723049,
    2.97529124084));
#6548 = CARTESIAN_POINT('',(79.341852775507,12.725699990924,
    2.875861440987));
#6549 = CARTESIAN_POINT('',(79.172778049364,12.486240956571,
    2.789402760282));
#6550 = CARTESIAN_POINT('',(78.899221330547,12.144360990009,
    2.689701061781));
#6551 = CARTESIAN_POINT('',(78.809499215929,12.038077556986,
    2.66215888868));
#6552 = CARTESIAN_POINT('',(78.715649821989,11.932786398105,
    2.638796250324));
#6553 = CARTESIAN_POINT('',(78.617673144864,11.828775828493,
    2.620194740034));
#6554 = CARTESIAN_POINT('',(78.515627623207,11.726373331865,
    2.607013798851));
#6555 = CARTESIAN_POINT('',(78.409652758289,11.625940453582,2.6));
#6556 = CARTESIAN_POINT('',(78.3,11.527864045,2.6));
#6557 = PCURVE('',#1013,#6558);
#6558 = DEFINITIONAL_REPRESENTATION('',(#6559),#6634);
#6559 = B_SPLINE_CURVE_WITH_KNOTS('',7,(#6560,#6561,#6562,#6563,#6564,
    #6565,#6566,#6567,#6568,#6569,#6570,#6571,#6572,#6573,#6574,#6575,
    #6576,#6577,#6578,#6579,#6580,#6581,#6582,#6583,#6584,#6585,#6586,
    #6587,#6588,#6589,#6590,#6591,#6592,#6593,#6594,#6595,#6596,#6597,
    #6598,#6599,#6600,#6601,#6602,#6603,#6604,#6605,#6606,#6607,#6608,
    #6609,#6610,#6611,#6612,#6613,#6614,#6615,#6616,#6617,#6618,#6619,
    #6620,#6621,#6622,#6623,#6624,#6625,#6626,#6627,#6628,#6629,#6630,
    #6631,#6632,#6633),.UNSPECIFIED.,.F.,.F.,(8,6,6,6,6,6,6,6,6,6,6,6,8)
  ,(0.,6.734000505991E-04,1.346799844412E-03,1.996978471197E-03,
    2.67037701204E-03,3.320553950297E-03,3.993950246302E-03,
    4.644124538265E-03,5.271076759108E-03,5.921247589799E-03,
    0.450400941488,0.827944003298,1.),.UNSPECIFIED.);
#6560 = CARTESIAN_POINT('',(3.14159265359,-2.));
#6561 = CARTESIAN_POINT('',(3.141666035535,-1.999745797489));
#6562 = CARTESIAN_POINT('',(3.14173941748,-1.999491594974));
#6563 = CARTESIAN_POINT('',(3.141812799426,-1.999237392461));
#6564 = CARTESIAN_POINT('',(3.141886181372,-1.998983189955));
#6565 = CARTESIAN_POINT('',(3.141959563321,-1.998728987462));
#6566 = CARTESIAN_POINT('',(3.142032945272,-1.998474784983));
#6567 = CARTESIAN_POINT('',(3.142179709153,-1.997966380155));
#6568 = CARTESIAN_POINT('',(3.142253091082,-1.997712177808));
#6569 = CARTESIAN_POINT('',(3.142326473015,-1.997457975481));
#6570 = CARTESIAN_POINT('',(3.142399854952,-1.997203773178));
#6571 = CARTESIAN_POINT('',(3.142473236894,-1.996949570903));
#6572 = CARTESIAN_POINT('',(3.142546618842,-1.996695368659));
#6573 = CARTESIAN_POINT('',(3.142690852284,-1.996195730018));
#6574 = CARTESIAN_POINT('',(3.142761703779,-1.995950293617));
#6575 = CARTESIAN_POINT('',(3.142832555279,-1.995704857253));
#6576 = CARTESIAN_POINT('',(3.142903406787,-1.995459420927));
#6577 = CARTESIAN_POINT('',(3.142974258301,-1.995213984643));
#6578 = CARTESIAN_POINT('',(3.143045109824,-1.994968548403));
#6579 = CARTESIAN_POINT('',(3.143189343216,-1.994468910726));
#6580 = CARTESIAN_POINT('',(3.143262725086,-1.994214709292));
#6581 = CARTESIAN_POINT('',(3.143336106966,-1.993960507913));
#6582 = CARTESIAN_POINT('',(3.143409488856,-1.993706306592));
#6583 = CARTESIAN_POINT('',(3.143482870757,-1.993452105333));
#6584 = CARTESIAN_POINT('',(3.143556252669,-1.99319790414));
#6585 = CARTESIAN_POINT('',(3.143700486002,-1.99269826781));
#6586 = CARTESIAN_POINT('',(3.143771337421,-1.99245283267));
#6587 = CARTESIAN_POINT('',(3.143842188852,-1.992207397597));
#6588 = CARTESIAN_POINT('',(3.143913040296,-1.991961962594));
#6589 = CARTESIAN_POINT('',(3.143983891753,-1.991716527665));
#6590 = CARTESIAN_POINT('',(3.144054743223,-1.991471092813));
#6591 = CARTESIAN_POINT('',(3.144198976465,-1.990971458211));
#6592 = CARTESIAN_POINT('',(3.144272358239,-1.990717258468));
#6593 = CARTESIAN_POINT('',(3.144345740028,-1.990463058814));
#6594 = CARTESIAN_POINT('',(3.144419121833,-1.990208859252));
#6595 = CARTESIAN_POINT('',(3.144492503655,-1.989954659787));
#6596 = CARTESIAN_POINT('',(3.144565885495,-1.989700460421));
#6597 = CARTESIAN_POINT('',(3.144710118645,-1.989200827932));
#6598 = CARTESIAN_POINT('',(3.144780969953,-1.988955394802));
#6599 = CARTESIAN_POINT('',(3.144851821279,-1.988709961771));
#6600 = CARTESIAN_POINT('',(3.144922672623,-1.988464528842));
#6601 = CARTESIAN_POINT('',(3.144993523986,-1.988219096019));
#6602 = CARTESIAN_POINT('',(3.145064375367,-1.987973663304));
#6603 = CARTESIAN_POINT('',(3.145203547592,-1.987491564138));
#6604 = CARTESIAN_POINT('',(3.145271868434,-1.987254897679));
#6605 = CARTESIAN_POINT('',(3.145340189295,-1.987018231326));
#6606 = CARTESIAN_POINT('',(3.145408510175,-1.986781565082));
#6607 = CARTESIAN_POINT('',(3.145476831075,-1.986544898951));
#6608 = CARTESIAN_POINT('',(3.145545151995,-1.986308232935));
#6609 = CARTESIAN_POINT('',(3.14568432408,-1.985826136431));
#6610 = CARTESIAN_POINT('',(3.145755175248,-1.985580705952));
#6611 = CARTESIAN_POINT('',(3.145826026438,-1.985335275603));
#6612 = CARTESIAN_POINT('',(3.145896877651,-1.985089845387));
#6613 = CARTESIAN_POINT('',(3.145967728888,-1.984844415307));
#6614 = CARTESIAN_POINT('',(3.14603858015,-1.984598985367));
#6615 = CARTESIAN_POINT('',(3.194545868093,-1.816569096006));
#6616 = CARTESIAN_POINT('',(3.242934222507,-1.649059129975));
#6617 = CARTESIAN_POINT('',(3.291504143396,-1.482630462503));
#6618 = CARTESIAN_POINT('',(3.340466442543,-1.318160065943));
#6619 = CARTESIAN_POINT('',(3.390014441084,-1.156757783287));
#6620 = CARTESIAN_POINT('',(3.440325388491,-0.999965030222));
#6621 = CARTESIAN_POINT('',(3.53508252488,-0.722599598925));
#6622 = CARTESIAN_POINT('',(3.579147542725,-0.600489964929));
#6623 = CARTESIAN_POINT('',(3.624088843282,-0.48426796368));
#6624 = CARTESIAN_POINT('',(3.670158425237,-0.37529124084));
#6625 = CARTESIAN_POINT('',(3.717530281295,-0.275861440987));
#6626 = CARTESIAN_POINT('',(3.766297683199,-0.189402760282));
#6627 = CARTESIAN_POINT('',(3.839273171844,-8.970106178107E-02));
#6628 = CARTESIAN_POINT('',(3.862446954016,-6.215888867992E-02));
#6629 = CARTESIAN_POINT('',(3.885940869059,-3.879625032379E-02));
#6630 = CARTESIAN_POINT('',(3.909739330302,-2.01947400337E-02));
#6631 = CARTESIAN_POINT('',(3.93381818416,-7.01379885053E-03));
#6632 = CARTESIAN_POINT('',(3.958142222012,-4.440892098501E-16));
#6633 = CARTESIAN_POINT('',(3.982661324158,-4.440892098501E-16));
#6634 = ( GEOMETRIC_REPRESENTATION_CONTEXT(2) 
PARAMETRIC_REPRESENTATION_CONTEXT() REPRESENTATION_CONTEXT('2D SPACE',''
  ) );
#6635 = PCURVE('',#6409,#6636);
#6636 = DEFINITIONAL_REPRESENTATION('',(#6637),#6712);
#6637 = B_SPLINE_CURVE_WITH_KNOTS('',7,(#6638,#6639,#6640,#6641,#6642,
    #6643,#6644,#6645,#6646,#6647,#6648,#6649,#6650,#6651,#6652,#6653,
    #6654,#6655,#6656,#6657,#6658,#6659,#6660,#6661,#6662,#6663,#6664,
    #6665,#6666,#6667,#6668,#6669,#6670,#6671,#6672,#6673,#6674,#6675,
    #6676,#6677,#6678,#6679,#6680,#6681,#6682,#6683,#6684,#6685,#6686,
    #6687,#6688,#6689,#6690,#6691,#6692,#6693,#6694,#6695,#6696,#6697,
    #6698,#6699,#6700,#6701,#6702,#6703,#6704,#6705,#6706,#6707,#6708,
    #6709,#6710,#6711),.UNSPECIFIED.,.F.,.F.,(8,6,6,6,6,6,6,6,6,6,6,6,8)
  ,(0.,6.734000505991E-04,1.346799844412E-03,1.996978471197E-03,
    2.67037701204E-03,3.320553950297E-03,3.993950246302E-03,
    4.644124538265E-03,5.271076759108E-03,5.921247589799E-03,
    0.450400941488,0.827944003298,1.),.UNSPECIFIED.);
#6638 = CARTESIAN_POINT('',(-3.14159265359,-6.));
#6639 = CARTESIAN_POINT('',(-3.141719754845,-5.999559708327));
#6640 = CARTESIAN_POINT('',(-3.141846856103,-5.999119416658));
#6641 = CARTESIAN_POINT('',(-3.141973957363,-5.998679124989));
#6642 = CARTESIAN_POINT('',(-3.142101058625,-5.99823883332));
#6643 = CARTESIAN_POINT('',(-3.142228159892,-5.997798541651));
#6644 = CARTESIAN_POINT('',(-3.142355261165,-5.997358249982));
#6645 = CARTESIAN_POINT('',(-3.14260946368,-5.996477666815));
#6646 = CARTESIAN_POINT('',(-3.142736564921,-5.996037375317));
#6647 = CARTESIAN_POINT('',(-3.142863666171,-5.99559708382));
#6648 = CARTESIAN_POINT('',(-3.142990767433,-5.995156792324));
#6649 = CARTESIAN_POINT('',(-3.143117868709,-5.994716500831));
#6650 = CARTESIAN_POINT('',(-3.143244969998,-5.994276209339));
#6651 = CARTESIAN_POINT('',(-3.143494789714,-5.993410809141));
#6652 = CARTESIAN_POINT('',(-3.14361750814,-5.992985700436));
#6653 = CARTESIAN_POINT('',(-3.143740226582,-5.992560591732));
#6654 = CARTESIAN_POINT('',(-3.143862945042,-5.992135483031));
#6655 = CARTESIAN_POINT('',(-3.143985663522,-5.991710374332));
#6656 = CARTESIAN_POINT('',(-3.144108382022,-5.991285265636));
#6657 = CARTESIAN_POINT('',(-3.14435820173,-5.990419866288));
#6658 = CARTESIAN_POINT('',(-3.14448530294,-5.989979575636));
#6659 = CARTESIAN_POINT('',(-3.144612404174,-5.989539284987));
#6660 = CARTESIAN_POINT('',(-3.144739505437,-5.989098994342));
#6661 = CARTESIAN_POINT('',(-3.144866606727,-5.988658703701));
#6662 = CARTESIAN_POINT('',(-3.144993708049,-5.988218413064));
#6663 = CARTESIAN_POINT('',(-3.145243527768,-5.987353014863));
#6664 = CARTESIAN_POINT('',(-3.145366246164,-5.986927907299));
#6665 = CARTESIAN_POINT('',(-3.145488964592,-5.98650279974));
#6666 = CARTESIAN_POINT('',(-3.145611683052,-5.986077692185));
#6667 = CARTESIAN_POINT('',(-3.145734401546,-5.985652584634));
#6668 = CARTESIAN_POINT('',(-3.145857120076,-5.985227477088));
#6669 = CARTESIAN_POINT('',(-3.146106939781,-5.984362080409));
#6670 = CARTESIAN_POINT('',(-3.146234040958,-5.983921791276));
#6671 = CARTESIAN_POINT('',(-3.146361142177,-5.983481502149));
#6672 = CARTESIAN_POINT('',(-3.146488243439,-5.983041213028));
#6673 = CARTESIAN_POINT('',(-3.146615344746,-5.982600923912));
#6674 = CARTESIAN_POINT('',(-3.146742446099,-5.982160634803));
#6675 = CARTESIAN_POINT('',(-3.146992265822,-5.981295239922));
#6676 = CARTESIAN_POINT('',(-3.147114984188,-5.980870134151));
#6677 = CARTESIAN_POINT('',(-3.147237702601,-5.980445028385));
#6678 = CARTESIAN_POINT('',(-3.147360421061,-5.980019922626));
#6679 = CARTESIAN_POINT('',(-3.14748313957,-5.979594816874));
#6680 = CARTESIAN_POINT('',(-3.14760585813,-5.979169711128));
#6681 = CARTESIAN_POINT('',(-3.147846912251,-5.978334683018));
#6682 = CARTESIAN_POINT('',(-3.147965247808,-5.977924760653));
#6683 = CARTESIAN_POINT('',(-3.148083583416,-5.977514838295));
#6684 = CARTESIAN_POINT('',(-3.148201919074,-5.977104915944));
#6685 = CARTESIAN_POINT('',(-3.148320254784,-5.976694993599));
#6686 = CARTESIAN_POINT('',(-3.148438590548,-5.976285071262));
#6687 = CARTESIAN_POINT('',(-3.148679644646,-5.975450045498));
#6688 = CARTESIAN_POINT('',(-3.148802362984,-5.975024942072));
#6689 = CARTESIAN_POINT('',(-3.148925081382,-5.974599838654));
#6690 = CARTESIAN_POINT('',(-3.149047799842,-5.974174735244));
#6691 = CARTESIAN_POINT('',(-3.149170518365,-5.973749631843));
#6692 = CARTESIAN_POINT('',(-3.149293236954,-5.97332452845));
#6693 = CARTESIAN_POINT('',(-3.233310752727,-5.682283769619));
#6694 = CARTESIAN_POINT('',(-3.31713326101,-5.392030886796));
#6695 = CARTESIAN_POINT('',(-3.40144042324,-5.101875654313));
#6696 = CARTESIAN_POINT('',(-3.486760805987,-4.811659858994));
#6697 = CARTESIAN_POINT('',(-3.573613557622,-4.521438967643));
#6698 = CARTESIAN_POINT('',(-3.662547909601,-4.231570811601));
#6699 = CARTESIAN_POINT('',(-3.832055657015,-3.697491217325));
#6700 = CARTESIAN_POINT('',(-3.911650616783,-3.453673644786));
#6701 = CARTESIAN_POINT('',(-3.993789659766,-3.210425186514));
#6702 = CARTESIAN_POINT('',(-4.07921062503,-2.96757072305));
#6703 = CARTESIAN_POINT('',(-4.168652161884,-2.725699990924));
#6704 = CARTESIAN_POINT('',(-4.262881937883,-2.486240956571));
#6705 = CARTESIAN_POINT('',(-4.408461561366,-2.144360990009));
#6706 = CARTESIAN_POINT('',(-4.455326151324,-2.038077556986));
#6707 = CARTESIAN_POINT('',(-4.503568421231,-1.932786398105));
#6708 = CARTESIAN_POINT('',(-4.553283369412,-1.828775828493));
#6709 = CARTESIAN_POINT('',(-4.604575117168,-1.726373331865));
#6710 = CARTESIAN_POINT('',(-4.65756260124,-1.625940453582));
#6711 = CARTESIAN_POINT('',(-4.712388980385,-1.527864045));
#6712 = ( GEOMETRIC_REPRESENTATION_CONTEXT(2) 
PARAMETRIC_REPRESENTATION_CONTEXT() REPRESENTATION_CONTEXT('2D SPACE',''
  ) );
#6713 = ORIENTED_EDGE('',*,*,#6370,.T.);
#6714 = ORIENTED_EDGE('',*,*,#6715,.F.);
#6715 = EDGE_CURVE('',#6716,#6342,#6718,.T.);
#6716 = VERTEX_POINT('',#6717);
#6717 = CARTESIAN_POINT('',(80.166698333806,14.742283553372,
    12.057716446628));
#6718 = SURFACE_CURVE('',#6719,(#6752,#6788),.PCURVE_S1.);
#6719 = B_SPLINE_CURVE_WITH_KNOTS('',6,(#6720,#6721,#6722,#6723,#6724,
    #6725,#6726,#6727,#6728,#6729,#6730,#6731,#6732,#6733,#6734,#6735,
    #6736,#6737,#6738,#6739,#6740,#6741,#6742,#6743,#6744,#6745,#6746,
    #6747,#6748,#6749,#6750,#6751),.UNSPECIFIED.,.F.,.F.,(7,5,5,5,5,5,7)
  ,(0.,0.232594475559,0.411988211141,0.590674374914,0.826213117863,
    0.896380229245,1.),.UNSPECIFIED.);
#6720 = CARTESIAN_POINT('',(80.166698333806,14.742283553372,
    12.057716446628));
#6721 = CARTESIAN_POINT('',(80.119246698031,14.520942381215,
    11.83637527447));
#6722 = CARTESIAN_POINT('',(80.067384996661,14.327920980255,
    11.600718121264));
#6723 = CARTESIAN_POINT('',(80.015442867508,14.161745981172,
    11.354320721477));
#6724 = CARTESIAN_POINT('',(79.966573006649,14.021069572741,
    11.099538667798));
#6725 = CARTESIAN_POINT('',(79.923188926379,13.904877381768,
    10.837891427531));
#6726 = CARTESIAN_POINT('',(79.859291548215,13.741659313979,
    10.364177673261));
#6727 = CARTESIAN_POINT('',(79.835833081002,13.684933319357,
    10.154580299968));
#6728 = CARTESIAN_POINT('',(79.817622216469,13.642460599362,
    9.942572580858));
#6729 = CARTESIAN_POINT('',(79.805271139832,13.614160897879,
    9.72896955106));
#6730 = CARTESIAN_POINT('',(79.799090833947,13.6,9.514529675823));
#6731 = CARTESIAN_POINT('',(79.799090833947,13.6,9.08631648054));
#6732 = CARTESIAN_POINT('',(79.80522203631,13.61404977677,8.872721109781
    ));
#6733 = CARTESIAN_POINT('',(79.817477266177,13.642125971784,
    8.659952708046));
#6734 = CARTESIAN_POINT('',(79.835546156858,13.684265583281,
    8.448761444338));
#6735 = CARTESIAN_POINT('',(79.858830158179,13.740543874984,
    8.239952720436));
#6736 = CARTESIAN_POINT('',(79.922875137468,13.903994356361,7.7635185584
    ));
#6737 = CARTESIAN_POINT('',(79.966808817941,14.021581407765,
    7.498553541101));
#6738 = CARTESIAN_POINT('',(80.016370138708,14.1642631804,7.240626206015
    ));
#6739 = CARTESIAN_POINT('',(80.069055283295,14.333102065758,
    6.991305249105));
#6740 = CARTESIAN_POINT('',(80.121580307378,14.529509171933,
    6.753048670742));
#6741 = CARTESIAN_POINT('',(80.183662569733,14.822192414505,
    6.463049181564));
#6742 = CARTESIAN_POINT('',(80.19749970377,14.891972849221,6.39778234662
    ));
#6743 = CARTESIAN_POINT('',(80.21080359692,14.96439455521,6.333916510237
    ));
#6744 = CARTESIAN_POINT('',(80.223442064223,15.03949333053,
    6.271569801459));
#6745 = CARTESIAN_POINT('',(80.235271684457,15.11730183727,
    6.210872754063));
#6746 = CARTESIAN_POINT('',(80.262184412207,15.31679907381,
    6.064980753183));
#6747 = CARTESIAN_POINT('',(80.276148147734,15.441859797744,
    5.981801879692));
#6748 = CARTESIAN_POINT('',(80.28748715574,15.572909067005,
    5.903087108253));
#6749 = CARTESIAN_POINT('',(80.295632638126,15.709772007009,
    5.829471154095));
#6750 = CARTESIAN_POINT('',(80.3,15.852225148315,5.761572854869));
#6751 = CARTESIAN_POINT('',(80.3,16.,5.7));
#6752 = PCURVE('',#1013,#6753);
#6753 = DEFINITIONAL_REPRESENTATION('',(#6754),#6787);
#6754 = B_SPLINE_CURVE_WITH_KNOTS('',6,(#6755,#6756,#6757,#6758,#6759,
    #6760,#6761,#6762,#6763,#6764,#6765,#6766,#6767,#6768,#6769,#6770,
    #6771,#6772,#6773,#6774,#6775,#6776,#6777,#6778,#6779,#6780,#6781,
    #6782,#6783,#6784,#6785,#6786),.UNSPECIFIED.,.F.,.F.,(7,5,5,5,5,5,7)
  ,(0.,0.232594475559,0.411988211141,0.590674374914,0.826213117863,
    0.896380229245,1.),.UNSPECIFIED.);
#6755 = CARTESIAN_POINT('',(3.352778357145,-9.457716446628));
#6756 = CARTESIAN_POINT('',(3.390506762385,-9.23637527447));
#6757 = CARTESIAN_POINT('',(3.423774226674,-9.000718121264));
#6758 = CARTESIAN_POINT('',(3.452765641436,-8.754320721478));
#6759 = CARTESIAN_POINT('',(3.477575209126,-8.499538667798));
#6760 = CARTESIAN_POINT('',(3.498243946707,-8.237891427531));
#6761 = CARTESIAN_POINT('',(3.527457248752,-7.764177673261));
#6762 = CARTESIAN_POINT('',(3.537686262616,-7.554580299968));
#6763 = CARTESIAN_POINT('',(3.545388098742,-7.342572580858));
#6764 = CARTESIAN_POINT('',(3.550534369553,-7.12896955106));
#6765 = CARTESIAN_POINT('',(3.553109499657,-6.914529675823));
#6766 = CARTESIAN_POINT('',(3.553109499657,-6.48631648054));
#6767 = CARTESIAN_POINT('',(3.550554741798,-6.272721109781));
#6768 = CARTESIAN_POINT('',(3.545448652528,-6.059952708046));
#6769 = CARTESIAN_POINT('',(3.537807514,-5.848761444338));
#6770 = CARTESIAN_POINT('',(3.527658395717,-5.639952720436));
#6771 = CARTESIAN_POINT('',(3.49840005444,-5.1635185584));
#6772 = CARTESIAN_POINT('',(3.477481533314,-4.898553541101));
#6773 = CARTESIAN_POINT('',(3.452318848622,-4.640626206016));
#6774 = CARTESIAN_POINT('',(3.422867877062,-4.391305249105));
#6775 = CARTESIAN_POINT('',(3.389029245665,-4.153048670742));
#6776 = CARTESIAN_POINT('',(3.339163401258,-3.863049181564));
#6777 = CARTESIAN_POINT('',(3.327307865261,-3.79778234662));
#6778 = CARTESIAN_POINT('',(3.315037553584,-3.733916510237));
#6779 = CARTESIAN_POINT('',(3.302347429434,-3.671569801459));
#6780 = CARTESIAN_POINT('',(3.289232112797,-3.610872754063));
#6781 = CARTESIAN_POINT('',(3.255681387395,-3.464980753183));
#6782 = CARTESIAN_POINT('',(3.234713900964,-3.381801879692));
#6783 = CARTESIAN_POINT('',(3.212801380634,-3.303087108253));
#6784 = CARTESIAN_POINT('',(3.189963977453,-3.229471154095));
#6785 = CARTESIAN_POINT('',(3.166221795537,-3.161572854869));
#6786 = CARTESIAN_POINT('',(3.14159265359,-3.1));
#6787 = ( GEOMETRIC_REPRESENTATION_CONTEXT(2) 
PARAMETRIC_REPRESENTATION_CONTEXT() REPRESENTATION_CONTEXT('2D SPACE',''
  ) );
#6788 = PCURVE('',#6358,#6789);
#6789 = DEFINITIONAL_REPRESENTATION('',(#6790),#6823);
#6790 = B_SPLINE_CURVE_WITH_KNOTS('',6,(#6791,#6792,#6793,#6794,#6795,
    #6796,#6797,#6798,#6799,#6800,#6801,#6802,#6803,#6804,#6805,#6806,
    #6807,#6808,#6809,#6810,#6811,#6812,#6813,#6814,#6815,#6816,#6817,
    #6818,#6819,#6820,#6821,#6822),.UNSPECIFIED.,.F.,.F.,(7,5,5,5,5,5,7)
  ,(0.,0.232594475559,0.411988211141,0.590674374914,0.826213117863,
    0.896380229245,1.),.UNSPECIFIED.);
#6791 = CARTESIAN_POINT('',(-2.356194490192,-3.733301666194));
#6792 = CARTESIAN_POINT('',(-2.275932006198,-3.780753301969));
#6793 = CARTESIAN_POINT('',(-2.198208348752,-3.832615003339));
#6794 = CARTESIAN_POINT('',(-2.122475427625,-3.884557132493));
#6795 = CARTESIAN_POINT('',(-2.048274027065,-3.933426993351));
#6796 = CARTESIAN_POINT('',(-1.97513900819,-3.976811073621));
#6797 = CARTESIAN_POINT('',(-1.846666246861,-4.040708451785));
#6798 = CARTESIAN_POINT('',(-1.791116635142,-4.064166918998));
#6799 = CARTESIAN_POINT('',(-1.735858123525,-4.082377783531));
#6800 = CARTESIAN_POINT('',(-1.680788519854,-4.094728860168));
#6801 = CARTESIAN_POINT('',(-1.62580393598,-4.100909166053));
#6802 = CARTESIAN_POINT('',(-1.51600568078,-4.100909166053));
#6803 = CARTESIAN_POINT('',(-1.461237599942,-4.09477796369));
#6804 = CARTESIAN_POINT('',(-1.406385636928,-4.082522733823));
#6805 = CARTESIAN_POINT('',(-1.351346931623,-4.064453843142));
#6806 = CARTESIAN_POINT('',(-1.296020932199,-4.041169841821));
#6807 = CARTESIAN_POINT('',(-1.166869152662,-3.977124862532));
#6808 = CARTESIAN_POINT('',(-1.092821782975,-3.933191182059));
#6809 = CARTESIAN_POINT('',(-1.017681722608,-3.883629861292));
#6810 = CARTESIAN_POINT('',(-0.940963770609,-3.830944716705));
#6811 = CARTESIAN_POINT('',(-0.862190716055,-3.778419692622));
#6812 = CARTESIAN_POINT('',(-0.756543720889,-3.716337430267));
#6813 = CARTESIAN_POINT('',(-0.732054750577,-3.70250029623));
#6814 = CARTESIAN_POINT('',(-0.707312102146,-3.68919640308));
#6815 = CARTESIAN_POINT('',(-0.68230214287,-3.676557935777));
#6816 = CARTESIAN_POINT('',(-0.657010933081,-3.664728315543));
#6817 = CARTESIAN_POINT('',(-0.593638878423,-3.637815587793));
#6818 = CARTESIAN_POINT('',(-0.555165180339,-3.623851852266));
#6819 = CARTESIAN_POINT('',(-0.516030480001,-3.61251284426));
#6820 = CARTESIAN_POINT('',(-0.476252530486,-3.604367361874));
#6821 = CARTESIAN_POINT('',(-0.435839689612,-3.6));
#6822 = CARTESIAN_POINT('',(-0.3947911197,-3.6));
#6823 = ( GEOMETRIC_REPRESENTATION_CONTEXT(2) 
PARAMETRIC_REPRESENTATION_CONTEXT() REPRESENTATION_CONTEXT('2D SPACE',''
  ) );
#6824 = ORIENTED_EDGE('',*,*,#6825,.T.);
#6825 = EDGE_CURVE('',#6716,#6263,#6826,.T.);
#6826 = SURFACE_CURVE('',#6827,(#6832,#6842),.PCURVE_S1.);
#6827 = ELLIPSE('',#6828,8.485281374239,6.);
#6828 = AXIS2_PLACEMENT_3D('',#6829,#6830,#6831);
#6829 = CARTESIAN_POINT('',(74.3,16.,13.315432893255));
#6830 = DIRECTION('',(0.,-0.707106781187,0.707106781187));
#6831 = DIRECTION('',(-0.,-0.707106781187,-0.707106781187));
#6832 = PCURVE('',#1013,#6833);
#6833 = DEFINITIONAL_REPRESENTATION('',(#6834),#6841);
#6834 = B_SPLINE_CURVE_WITH_KNOTS('',5,(#6835,#6836,#6837,#6838,#6839,
    #6840),.UNSPECIFIED.,.F.,.F.,(6,6),(1.312347351487,1.570796326795),
  .PIECEWISE_BEZIER_KNOTS.);
#6835 = CARTESIAN_POINT('',(3.400041628898,-9.181944801965));
#6836 = CARTESIAN_POINT('',(3.348351833836,-9.481783105123));
#6837 = CARTESIAN_POINT('',(3.296662038774,-9.786742934277));
#6838 = CARTESIAN_POINT('',(3.244972243713,-10.09515534629));
#6839 = CARTESIAN_POINT('',(3.193282448651,-10.40529412288));
#6840 = CARTESIAN_POINT('',(3.14159265359,-10.71543289325));
#6841 = ( GEOMETRIC_REPRESENTATION_CONTEXT(2) 
PARAMETRIC_REPRESENTATION_CONTEXT() REPRESENTATION_CONTEXT('2D SPACE',''
  ) );
#6842 = PCURVE('',#6301,#6843);
#6843 = DEFINITIONAL_REPRESENTATION('',(#6844),#6852);
#6844 = ( BOUNDED_CURVE() B_SPLINE_CURVE(2,(#6845,#6846,#6847,#6848,
#6849,#6850,#6851),.UNSPECIFIED.,.T.,.F.) B_SPLINE_CURVE_WITH_KNOTS((1,2
    ,2,2,2,1),(-2.094395102393,0.,2.094395102393,4.188790204786,
6.28318530718,8.377580409573),.UNSPECIFIED.) CURVE() 
GEOMETRIC_REPRESENTATION_ITEM() RATIONAL_B_SPLINE_CURVE((1.,0.5,1.,0.5,
1.,0.5,1.)) REPRESENTATION_ITEM('') );
#6845 = CARTESIAN_POINT('',(-10.60660171779,-9.6));
#6846 = CARTESIAN_POINT('',(-10.60660171779,0.792304845413));
#6847 = CARTESIAN_POINT('',(2.12132034356,-4.403847577293));
#6848 = CARTESIAN_POINT('',(14.849242404918,-9.6));
#6849 = CARTESIAN_POINT('',(2.12132034356,-14.7961524227));
#6850 = CARTESIAN_POINT('',(-10.60660171779,-19.99230484541));
#6851 = CARTESIAN_POINT('',(-10.60660171779,-9.6));
#6852 = ( GEOMETRIC_REPRESENTATION_CONTEXT(2) 
PARAMETRIC_REPRESENTATION_CONTEXT() REPRESENTATION_CONTEXT('2D SPACE',''
  ) );
#6853 = ORIENTED_EDGE('',*,*,#6262,.T.);
#6854 = ORIENTED_EDGE('',*,*,#6855,.F.);
#6855 = EDGE_CURVE('',#6856,#6234,#6858,.T.);
#6856 = VERTEX_POINT('',#6857);
#6857 = CARTESIAN_POINT('',(80.166698333806,14.742283553372,
    37.057716446628));
#6858 = SURFACE_CURVE('',#6859,(#6892,#6928),.PCURVE_S1.);
#6859 = B_SPLINE_CURVE_WITH_KNOTS('',6,(#6860,#6861,#6862,#6863,#6864,
    #6865,#6866,#6867,#6868,#6869,#6870,#6871,#6872,#6873,#6874,#6875,
    #6876,#6877,#6878,#6879,#6880,#6881,#6882,#6883,#6884,#6885,#6886,
    #6887,#6888,#6889,#6890,#6891),.UNSPECIFIED.,.F.,.F.,(7,5,5,5,5,5,7)
  ,(0.,0.232594475559,0.411988211142,0.590674374915,0.826213117864,
    0.896380229246,1.),.UNSPECIFIED.);
#6860 = CARTESIAN_POINT('',(80.166698333806,14.742283553372,
    37.057716446628));
#6861 = CARTESIAN_POINT('',(80.119246698031,14.520942381215,
    36.836375274471));
#6862 = CARTESIAN_POINT('',(80.067384996661,14.327920980255,
    36.600718121264));
#6863 = CARTESIAN_POINT('',(80.015442867508,14.161745981172,
    36.354320721478));
#6864 = CARTESIAN_POINT('',(79.966573006649,14.021069572741,
    36.099538667798));
#6865 = CARTESIAN_POINT('',(79.923188926379,13.904877381768,
    35.837891427531));
#6866 = CARTESIAN_POINT('',(79.859291548215,13.741659313979,
    35.364177673261));
#6867 = CARTESIAN_POINT('',(79.835833081002,13.684933319357,
    35.154580299968));
#6868 = CARTESIAN_POINT('',(79.817622216469,13.642460599362,
    34.942572580858));
#6869 = CARTESIAN_POINT('',(79.805271139832,13.614160897879,
    34.72896955106));
#6870 = CARTESIAN_POINT('',(79.799090833947,13.6,34.514529675823));
#6871 = CARTESIAN_POINT('',(79.799090833947,13.6,34.08631648054));
#6872 = CARTESIAN_POINT('',(79.80522203631,13.61404977677,
    33.872721109781));
#6873 = CARTESIAN_POINT('',(79.817477266177,13.642125971784,
    33.659952708045));
#6874 = CARTESIAN_POINT('',(79.835546156858,13.684265583281,
    33.448761444338));
#6875 = CARTESIAN_POINT('',(79.858830158179,13.740543874984,
    33.239952720436));
#6876 = CARTESIAN_POINT('',(79.922875137468,13.903994356361,
    32.7635185584));
#6877 = CARTESIAN_POINT('',(79.966808817941,14.021581407765,
    32.498553541101));
#6878 = CARTESIAN_POINT('',(80.016370138708,14.1642631804,
    32.240626206016));
#6879 = CARTESIAN_POINT('',(80.069055283295,14.333102065758,
    31.991305249105));
#6880 = CARTESIAN_POINT('',(80.121580307378,14.529509171933,
    31.753048670742));
#6881 = CARTESIAN_POINT('',(80.183662569733,14.822192414505,
    31.463049181564));
#6882 = CARTESIAN_POINT('',(80.19749970377,14.891972849221,
    31.397782346619));
#6883 = CARTESIAN_POINT('',(80.21080359692,14.96439455521,
    31.333916510237));
#6884 = CARTESIAN_POINT('',(80.223442064223,15.03949333053,
    31.271569801459));
#6885 = CARTESIAN_POINT('',(80.235271684457,15.11730183727,
    31.210872754063));
#6886 = CARTESIAN_POINT('',(80.262184412207,15.316799073809,
    31.064980753184));
#6887 = CARTESIAN_POINT('',(80.276148147735,15.441859797745,
    30.981801879691));
#6888 = CARTESIAN_POINT('',(80.287487155741,15.572909067008,
    30.903087108251));
#6889 = CARTESIAN_POINT('',(80.295632638126,15.70977200701,
    30.829471154095));
#6890 = CARTESIAN_POINT('',(80.3,15.852225148312,30.76157285487));
#6891 = CARTESIAN_POINT('',(80.3,16.,30.7));
#6892 = PCURVE('',#1013,#6893);
#6893 = DEFINITIONAL_REPRESENTATION('',(#6894),#6927);
#6894 = B_SPLINE_CURVE_WITH_KNOTS('',6,(#6895,#6896,#6897,#6898,#6899,
    #6900,#6901,#6902,#6903,#6904,#6905,#6906,#6907,#6908,#6909,#6910,
    #6911,#6912,#6913,#6914,#6915,#6916,#6917,#6918,#6919,#6920,#6921,
    #6922,#6923,#6924,#6925,#6926),.UNSPECIFIED.,.F.,.F.,(7,5,5,5,5,5,7)
  ,(0.,0.232594475559,0.411988211142,0.590674374915,0.826213117864,
    0.896380229246,1.),.UNSPECIFIED.);
#6895 = CARTESIAN_POINT('',(3.352778357145,-34.45771644662));
#6896 = CARTESIAN_POINT('',(3.390506762385,-34.23637527447));
#6897 = CARTESIAN_POINT('',(3.423774226674,-34.00071812126));
#6898 = CARTESIAN_POINT('',(3.452765641436,-33.75432072147));
#6899 = CARTESIAN_POINT('',(3.477575209126,-33.49953866779));
#6900 = CARTESIAN_POINT('',(3.498243946707,-33.23789142753));
#6901 = CARTESIAN_POINT('',(3.527457248752,-32.76417767326));
#6902 = CARTESIAN_POINT('',(3.537686262616,-32.55458029996));
#6903 = CARTESIAN_POINT('',(3.545388098742,-32.34257258085));
#6904 = CARTESIAN_POINT('',(3.550534369553,-32.12896955106));
#6905 = CARTESIAN_POINT('',(3.553109499657,-31.91452967582));
#6906 = CARTESIAN_POINT('',(3.553109499657,-31.48631648054));
#6907 = CARTESIAN_POINT('',(3.550554741798,-31.27272110978));
#6908 = CARTESIAN_POINT('',(3.545448652528,-31.05995270804));
#6909 = CARTESIAN_POINT('',(3.537807514,-30.84876144433));
#6910 = CARTESIAN_POINT('',(3.527658395717,-30.63995272043));
#6911 = CARTESIAN_POINT('',(3.49840005444,-30.1635185584));
#6912 = CARTESIAN_POINT('',(3.477481533314,-29.8985535411));
#6913 = CARTESIAN_POINT('',(3.452318848622,-29.64062620601));
#6914 = CARTESIAN_POINT('',(3.422867877062,-29.3913052491));
#6915 = CARTESIAN_POINT('',(3.389029245665,-29.15304867074));
#6916 = CARTESIAN_POINT('',(3.339163401258,-28.86304918156));
#6917 = CARTESIAN_POINT('',(3.327307865261,-28.79778234661));
#6918 = CARTESIAN_POINT('',(3.315037553584,-28.73391651023));
#6919 = CARTESIAN_POINT('',(3.302347429434,-28.67156980145));
#6920 = CARTESIAN_POINT('',(3.289232112797,-28.61087275406));
#6921 = CARTESIAN_POINT('',(3.255681387395,-28.46498075318));
#6922 = CARTESIAN_POINT('',(3.234713900964,-28.38180187969));
#6923 = CARTESIAN_POINT('',(3.212801380634,-28.30308710825));
#6924 = CARTESIAN_POINT('',(3.189963977453,-28.22947115409));
#6925 = CARTESIAN_POINT('',(3.166221795538,-28.16157285487));
#6926 = CARTESIAN_POINT('',(3.14159265359,-28.1));
#6927 = ( GEOMETRIC_REPRESENTATION_CONTEXT(2) 
PARAMETRIC_REPRESENTATION_CONTEXT() REPRESENTATION_CONTEXT('2D SPACE',''
  ) );
#6928 = PCURVE('',#6250,#6929);
#6929 = DEFINITIONAL_REPRESENTATION('',(#6930),#6963);
#6930 = B_SPLINE_CURVE_WITH_KNOTS('',6,(#6931,#6932,#6933,#6934,#6935,
    #6936,#6937,#6938,#6939,#6940,#6941,#6942,#6943,#6944,#6945,#6946,
    #6947,#6948,#6949,#6950,#6951,#6952,#6953,#6954,#6955,#6956,#6957,
    #6958,#6959,#6960,#6961,#6962),.UNSPECIFIED.,.F.,.F.,(7,5,5,5,5,5,7)
  ,(0.,0.232594475559,0.411988211142,0.590674374915,0.826213117864,
    0.896380229246,1.),.UNSPECIFIED.);
#6931 = CARTESIAN_POINT('',(3.926990816987,-3.733301666194));
#6932 = CARTESIAN_POINT('',(4.007253300981,-3.780753301969));
#6933 = CARTESIAN_POINT('',(4.084976958428,-3.832615003339));
#6934 = CARTESIAN_POINT('',(4.160709879555,-3.884557132493));
#6935 = CARTESIAN_POINT('',(4.234911280115,-3.933426993351));
#6936 = CARTESIAN_POINT('',(4.308046298989,-3.976811073621));
#6937 = CARTESIAN_POINT('',(4.436519060318,-4.040708451785));
#6938 = CARTESIAN_POINT('',(4.492068672037,-4.064166918998));
#6939 = CARTESIAN_POINT('',(4.547327183655,-4.082377783531));
#6940 = CARTESIAN_POINT('',(4.602396787326,-4.094728860168));
#6941 = CARTESIAN_POINT('',(4.657381371199,-4.100909166053));
#6942 = CARTESIAN_POINT('',(4.7671796264,-4.100909166053));
#6943 = CARTESIAN_POINT('',(4.821947707237,-4.09477796369));
#6944 = CARTESIAN_POINT('',(4.876799670252,-4.082522733823));
#6945 = CARTESIAN_POINT('',(4.931838375557,-4.064453843142));
#6946 = CARTESIAN_POINT('',(4.987164374981,-4.041169841821));
#6947 = CARTESIAN_POINT('',(5.116316154517,-3.977124862532));
#6948 = CARTESIAN_POINT('',(5.190363524205,-3.933191182059));
#6949 = CARTESIAN_POINT('',(5.265503584572,-3.883629861292));
#6950 = CARTESIAN_POINT('',(5.342221536571,-3.830944716705));
#6951 = CARTESIAN_POINT('',(5.420994591125,-3.778419692622));
#6952 = CARTESIAN_POINT('',(5.52664158629,-3.716337430267));
#6953 = CARTESIAN_POINT('',(5.551130556603,-3.70250029623));
#6954 = CARTESIAN_POINT('',(5.575873205033,-3.68919640308));
#6955 = CARTESIAN_POINT('',(5.60088316431,-3.676557935777));
#6956 = CARTESIAN_POINT('',(5.626174374099,-3.664728315543));
#6957 = CARTESIAN_POINT('',(5.689546428756,-3.637815587793));
#6958 = CARTESIAN_POINT('',(5.728020126841,-3.623851852266));
#6959 = CARTESIAN_POINT('',(5.767154827179,-3.612512844259));
#6960 = CARTESIAN_POINT('',(5.806932776694,-3.604367361874));
#6961 = CARTESIAN_POINT('',(5.847345617566,-3.6));
#6962 = CARTESIAN_POINT('',(5.88839418748,-3.6));
#6963 = ( GEOMETRIC_REPRESENTATION_CONTEXT(2) 
PARAMETRIC_REPRESENTATION_CONTEXT() REPRESENTATION_CONTEXT('2D SPACE',''
  ) );
#6964 = ORIENTED_EDGE('',*,*,#6965,.T.);
#6965 = EDGE_CURVE('',#6856,#6155,#6966,.T.);
#6966 = SURFACE_CURVE('',#6967,(#6972,#6982),.PCURVE_S1.);
#6967 = ELLIPSE('',#6968,8.485281374239,6.);
#6968 = AXIS2_PLACEMENT_3D('',#6969,#6970,#6971);
#6969 = CARTESIAN_POINT('',(74.3,16.,38.315432893255));
#6970 = DIRECTION('',(0.,-0.707106781187,0.707106781187));
#6971 = DIRECTION('',(-0.,-0.707106781187,-0.707106781187));
#6972 = PCURVE('',#1013,#6973);
#6973 = DEFINITIONAL_REPRESENTATION('',(#6974),#6981);
#6974 = B_SPLINE_CURVE_WITH_KNOTS('',5,(#6975,#6976,#6977,#6978,#6979,
    #6980),.UNSPECIFIED.,.F.,.F.,(6,6),(1.312347351487,1.570796326795),
  .PIECEWISE_BEZIER_KNOTS.);
#6975 = CARTESIAN_POINT('',(3.400041628898,-34.18194480196));
#6976 = CARTESIAN_POINT('',(3.348351833836,-34.48178310512));
#6977 = CARTESIAN_POINT('',(3.296662038775,-34.78674293427));
#6978 = CARTESIAN_POINT('',(3.244972243713,-35.09515534629));
#6979 = CARTESIAN_POINT('',(3.193282448651,-35.40529412288));
#6980 = CARTESIAN_POINT('',(3.14159265359,-35.71543289325));
#6981 = ( GEOMETRIC_REPRESENTATION_CONTEXT(2) 
PARAMETRIC_REPRESENTATION_CONTEXT() REPRESENTATION_CONTEXT('2D SPACE',''
  ) );
#6982 = PCURVE('',#6193,#6983);
#6983 = DEFINITIONAL_REPRESENTATION('',(#6984),#6992);
#6984 = ( BOUNDED_CURVE() B_SPLINE_CURVE(2,(#6985,#6986,#6987,#6988,
#6989,#6990,#6991),.UNSPECIFIED.,.T.,.F.) B_SPLINE_CURVE_WITH_KNOTS((1,2
    ,2,2,2,1),(-2.094395102393,0.,2.094395102393,4.188790204786,
6.28318530718,8.377580409573),.UNSPECIFIED.) CURVE() 
GEOMETRIC_REPRESENTATION_ITEM() RATIONAL_B_SPLINE_CURVE((1.,0.5,1.,0.5,
1.,0.5,1.)) REPRESENTATION_ITEM('') );
#6985 = CARTESIAN_POINT('',(-10.60660171779,-9.6));
#6986 = CARTESIAN_POINT('',(-10.60660171779,0.792304845413));
#6987 = CARTESIAN_POINT('',(2.12132034356,-4.403847577293));
#6988 = CARTESIAN_POINT('',(14.849242404918,-9.6));
#6989 = CARTESIAN_POINT('',(2.12132034356,-14.7961524227));
#6990 = CARTESIAN_POINT('',(-10.60660171779,-19.99230484541));
#6991 = CARTESIAN_POINT('',(-10.60660171779,-9.6));
#6992 = ( GEOMETRIC_REPRESENTATION_CONTEXT(2) 
PARAMETRIC_REPRESENTATION_CONTEXT() REPRESENTATION_CONTEXT('2D SPACE',''
  ) );
#6993 = ORIENTED_EDGE('',*,*,#6154,.T.);
#6994 = ORIENTED_EDGE('',*,*,#994,.T.);
#6995 = ORIENTED_EDGE('',*,*,#6996,.F.);
#6996 = EDGE_CURVE('',#6448,#967,#6997,.T.);
#6997 = SURFACE_CURVE('',#6998,(#7002,#7009),.PCURVE_S1.);
#6998 = LINE('',#6999,#7000);
#6999 = CARTESIAN_POINT('',(74.3,10.,2.6));
#7000 = VECTOR('',#7001,1.);
#7001 = DIRECTION('',(0.,0.,1.));
#7002 = PCURVE('',#1013,#7003);
#7003 = DEFINITIONAL_REPRESENTATION('',(#7004),#7008);
#7004 = LINE('',#7005,#7006);
#7005 = CARTESIAN_POINT('',(4.712388980385,0.));
#7006 = VECTOR('',#7007,1.);
#7007 = DIRECTION('',(0.,-1.));
#7008 = ( GEOMETRIC_REPRESENTATION_CONTEXT(2) 
PARAMETRIC_REPRESENTATION_CONTEXT() REPRESENTATION_CONTEXT('2D SPACE',''
  ) );
#7009 = PCURVE('',#982,#7010);
#7010 = DEFINITIONAL_REPRESENTATION('',(#7011),#7015);
#7011 = LINE('',#7012,#7013);
#7012 = CARTESIAN_POINT('',(-2.6,9.));
#7013 = VECTOR('',#7014,1.);
#7014 = DIRECTION('',(-1.,-0.));
#7015 = ( GEOMETRIC_REPRESENTATION_CONTEXT(2) 
PARAMETRIC_REPRESENTATION_CONTEXT() REPRESENTATION_CONTEXT('2D SPACE',''
  ) );
#7016 = ADVANCED_FACE('',(#7017),#832,.F.);
#7017 = FACE_BOUND('',#7018,.F.);
#7018 = EDGE_LOOP('',(#7019,#7055,#7076,#7077));
#7019 = ORIENTED_EDGE('',*,*,#7020,.T.);
#7020 = EDGE_CURVE('',#6394,#7021,#7023,.T.);
#7021 = VERTEX_POINT('',#7022);
#7022 = CARTESIAN_POINT('',(78.3,30.,2.6));
#7023 = SURFACE_CURVE('',#7024,(#7029,#7042),.PCURVE_S1.);
#7024 = ELLIPSE('',#7025,2.828427124746,2.);
#7025 = AXIS2_PLACEMENT_3D('',#7026,#7027,#7028);
#7026 = CARTESIAN_POINT('',(78.3,28.,4.6));
#7027 = DIRECTION('',(-0.,0.707106781187,0.707106781187));
#7028 = DIRECTION('',(-0.,0.707106781187,-0.707106781187));
#7029 = PCURVE('',#832,#7030);
#7030 = DEFINITIONAL_REPRESENTATION('',(#7031),#7041);
#7031 = B_SPLINE_CURVE_WITH_KNOTS('',8,(#7032,#7033,#7034,#7035,#7036,
    #7037,#7038,#7039,#7040),.UNSPECIFIED.,.F.,.F.,(9,9),(4.712388980385
    ,6.28318530718),.PIECEWISE_BEZIER_KNOTS.);
#7032 = CARTESIAN_POINT('',(3.14159265359,-2.));
#7033 = CARTESIAN_POINT('',(2.94524311274,-1.607300918301));
#7034 = CARTESIAN_POINT('',(2.748893571889,-1.214601743364));
#7035 = CARTESIAN_POINT('',(2.552544031047,-0.844973477578));
#7036 = CARTESIAN_POINT('',(2.356194490174,-0.521482498846));
#7037 = CARTESIAN_POINT('',(2.159844949348,-0.26436390732));
#7038 = CARTESIAN_POINT('',(1.963495408491,-8.812155197256E-02));
#7039 = CARTESIAN_POINT('',(1.767145867644,-5.402727445362E-16));
#7040 = CARTESIAN_POINT('',(1.570796326795,-4.440892098501E-16));
#7041 = ( GEOMETRIC_REPRESENTATION_CONTEXT(2) 
PARAMETRIC_REPRESENTATION_CONTEXT() REPRESENTATION_CONTEXT('2D SPACE',''
  ) );
#7042 = PCURVE('',#6409,#7043);
#7043 = DEFINITIONAL_REPRESENTATION('',(#7044),#7054);
#7044 = B_SPLINE_CURVE_WITH_KNOTS('',8,(#7045,#7046,#7047,#7048,#7049,
    #7050,#7051,#7052,#7053),.UNSPECIFIED.,.F.,.F.,(9,9),(4.712388980385
    ,6.28318530718),.PIECEWISE_BEZIER_KNOTS.);
#7045 = CARTESIAN_POINT('',(-3.14159265359,-18.));
#7046 = CARTESIAN_POINT('',(-3.337942194439,-18.39269908169));
#7047 = CARTESIAN_POINT('',(-3.534291735283,-18.78539825664));
#7048 = CARTESIAN_POINT('',(-3.730641276145,-19.15502652232));
#7049 = CARTESIAN_POINT('',(-3.92699081697,-19.47851750122));
#7050 = CARTESIAN_POINT('',(-4.123340357848,-19.73563609251));
#7051 = CARTESIAN_POINT('',(-4.319689898682,-19.91187844804));
#7052 = CARTESIAN_POINT('',(-4.516039439535,-20.));
#7053 = CARTESIAN_POINT('',(-4.712388980385,-20.));
#7054 = ( GEOMETRIC_REPRESENTATION_CONTEXT(2) 
PARAMETRIC_REPRESENTATION_CONTEXT() REPRESENTATION_CONTEXT('2D SPACE',''
  ) );
#7055 = ORIENTED_EDGE('',*,*,#7056,.T.);
#7056 = EDGE_CURVE('',#7021,#812,#7057,.T.);
#7057 = SURFACE_CURVE('',#7058,(#7062,#7069),.PCURVE_S1.);
#7058 = LINE('',#7059,#7060);
#7059 = CARTESIAN_POINT('',(78.3,30.,2.6));
#7060 = VECTOR('',#7061,1.);
#7061 = DIRECTION('',(0.,0.,1.));
#7062 = PCURVE('',#832,#7063);
#7063 = DEFINITIONAL_REPRESENTATION('',(#7064),#7068);
#7064 = LINE('',#7065,#7066);
#7065 = CARTESIAN_POINT('',(1.570796326795,0.));
#7066 = VECTOR('',#7067,1.);
#7067 = DIRECTION('',(0.,-1.));
#7068 = ( GEOMETRIC_REPRESENTATION_CONTEXT(2) 
PARAMETRIC_REPRESENTATION_CONTEXT() REPRESENTATION_CONTEXT('2D SPACE',''
  ) );
#7069 = PCURVE('',#860,#7070);
#7070 = DEFINITIONAL_REPRESENTATION('',(#7071),#7075);
#7071 = LINE('',#7072,#7073);
#7072 = CARTESIAN_POINT('',(-2.6,2.01));
#7073 = VECTOR('',#7074,1.);
#7074 = DIRECTION('',(-1.,-0.));
#7075 = ( GEOMETRIC_REPRESENTATION_CONTEXT(2) 
PARAMETRIC_REPRESENTATION_CONTEXT() REPRESENTATION_CONTEXT('2D SPACE',''
  ) );
#7076 = ORIENTED_EDGE('',*,*,#811,.T.);
#7077 = ORIENTED_EDGE('',*,*,#6421,.F.);
#7078 = ADVANCED_FACE('',(#7079),#982,.T.);
#7079 = FACE_BOUND('',#7080,.F.);
#7080 = EDGE_LOOP('',(#7081,#7104,#7105,#7106));
#7081 = ORIENTED_EDGE('',*,*,#7082,.F.);
#7082 = EDGE_CURVE('',#6448,#7083,#7085,.T.);
#7083 = VERTEX_POINT('',#7084);
#7084 = CARTESIAN_POINT('',(31.3,10.,2.6));
#7085 = SURFACE_CURVE('',#7086,(#7090,#7097),.PCURVE_S1.);
#7086 = LINE('',#7087,#7088);
#7087 = CARTESIAN_POINT('',(84.8,10.,2.6));
#7088 = VECTOR('',#7089,1.);
#7089 = DIRECTION('',(-1.,-0.,-0.));
#7090 = PCURVE('',#982,#7091);
#7091 = DEFINITIONAL_REPRESENTATION('',(#7092),#7096);
#7092 = LINE('',#7093,#7094);
#7093 = CARTESIAN_POINT('',(-2.6,-1.5));
#7094 = VECTOR('',#7095,1.);
#7095 = DIRECTION('',(-0.,1.));
#7096 = ( GEOMETRIC_REPRESENTATION_CONTEXT(2) 
PARAMETRIC_REPRESENTATION_CONTEXT() REPRESENTATION_CONTEXT('2D SPACE',''
  ) );
#7097 = PCURVE('',#6464,#7098);
#7098 = DEFINITIONAL_REPRESENTATION('',(#7099),#7103);
#7099 = LINE('',#7100,#7101);
#7100 = CARTESIAN_POINT('',(-1.5,1.E-02));
#7101 = VECTOR('',#7102,1.);
#7102 = DIRECTION('',(-1.,0.));
#7103 = ( GEOMETRIC_REPRESENTATION_CONTEXT(2) 
PARAMETRIC_REPRESENTATION_CONTEXT() REPRESENTATION_CONTEXT('2D SPACE',''
  ) );
#7104 = ORIENTED_EDGE('',*,*,#6996,.T.);
#7105 = ORIENTED_EDGE('',*,*,#966,.F.);
#7106 = ORIENTED_EDGE('',*,*,#7107,.F.);
#7107 = EDGE_CURVE('',#7083,#934,#7108,.T.);
#7108 = SURFACE_CURVE('',#7109,(#7113,#7120),.PCURVE_S1.);
#7109 = LINE('',#7110,#7111);
#7110 = CARTESIAN_POINT('',(31.3,10.,2.6));
#7111 = VECTOR('',#7112,1.);
#7112 = DIRECTION('',(0.,0.,1.));
#7113 = PCURVE('',#982,#7114);
#7114 = DEFINITIONAL_REPRESENTATION('',(#7115),#7119);
#7115 = LINE('',#7116,#7117);
#7116 = CARTESIAN_POINT('',(-2.6,52.));
#7117 = VECTOR('',#7118,1.);
#7118 = DIRECTION('',(-1.,-0.));
#7119 = ( GEOMETRIC_REPRESENTATION_CONTEXT(2) 
PARAMETRIC_REPRESENTATION_CONTEXT() REPRESENTATION_CONTEXT('2D SPACE',''
  ) );
#7120 = PCURVE('',#954,#7121);
#7121 = DEFINITIONAL_REPRESENTATION('',(#7122),#7126);
#7122 = LINE('',#7123,#7124);
#7123 = CARTESIAN_POINT('',(4.712388980385,0.));
#7124 = VECTOR('',#7125,1.);
#7125 = DIRECTION('',(0.,-1.));
#7126 = ( GEOMETRIC_REPRESENTATION_CONTEXT(2) 
PARAMETRIC_REPRESENTATION_CONTEXT() REPRESENTATION_CONTEXT('2D SPACE',''
  ) );
#7127 = ADVANCED_FACE('',(#7128),#860,.F.);
#7128 = FACE_BOUND('',#7129,.T.);
#7129 = EDGE_LOOP('',(#7130,#7131,#7132,#7155));
#7130 = ORIENTED_EDGE('',*,*,#7056,.T.);
#7131 = ORIENTED_EDGE('',*,*,#844,.T.);
#7132 = ORIENTED_EDGE('',*,*,#7133,.F.);
#7133 = EDGE_CURVE('',#7134,#845,#7136,.T.);
#7134 = VERTEX_POINT('',#7135);
#7135 = CARTESIAN_POINT('',(27.3,30.,2.6));
#7136 = SURFACE_CURVE('',#7137,(#7141,#7148),.PCURVE_S1.);
#7137 = LINE('',#7138,#7139);
#7138 = CARTESIAN_POINT('',(27.3,30.,2.6));
#7139 = VECTOR('',#7140,1.);
#7140 = DIRECTION('',(0.,0.,1.));
#7141 = PCURVE('',#860,#7142);
#7142 = DEFINITIONAL_REPRESENTATION('',(#7143),#7147);
#7143 = LINE('',#7144,#7145);
#7144 = CARTESIAN_POINT('',(-2.6,53.01));
#7145 = VECTOR('',#7146,1.);
#7146 = DIRECTION('',(-1.,-0.));
#7147 = ( GEOMETRIC_REPRESENTATION_CONTEXT(2) 
PARAMETRIC_REPRESENTATION_CONTEXT() REPRESENTATION_CONTEXT('2D SPACE',''
  ) );
#7148 = PCURVE('',#893,#7149);
#7149 = DEFINITIONAL_REPRESENTATION('',(#7150),#7154);
#7150 = LINE('',#7151,#7152);
#7151 = CARTESIAN_POINT('',(1.570796326795,0.));
#7152 = VECTOR('',#7153,1.);
#7153 = DIRECTION('',(0.,-1.));
#7154 = ( GEOMETRIC_REPRESENTATION_CONTEXT(2) 
PARAMETRIC_REPRESENTATION_CONTEXT() REPRESENTATION_CONTEXT('2D SPACE',''
  ) );
#7155 = ORIENTED_EDGE('',*,*,#7156,.T.);
#7156 = EDGE_CURVE('',#7134,#7021,#7157,.T.);
#7157 = SURFACE_CURVE('',#7158,(#7162,#7169),.PCURVE_S1.);
#7158 = LINE('',#7159,#7160);
#7159 = CARTESIAN_POINT('',(83.305,30.,2.6));
#7160 = VECTOR('',#7161,1.);
#7161 = DIRECTION('',(1.,-0.,-0.));
#7162 = PCURVE('',#860,#7163);
#7163 = DEFINITIONAL_REPRESENTATION('',(#7164),#7168);
#7164 = LINE('',#7165,#7166);
#7165 = CARTESIAN_POINT('',(-2.6,-2.995));
#7166 = VECTOR('',#7167,1.);
#7167 = DIRECTION('',(-0.,-1.));
#7168 = ( GEOMETRIC_REPRESENTATION_CONTEXT(2) 
PARAMETRIC_REPRESENTATION_CONTEXT() REPRESENTATION_CONTEXT('2D SPACE',''
  ) );
#7169 = PCURVE('',#6464,#7170);
#7170 = DEFINITIONAL_REPRESENTATION('',(#7171),#7175);
#7171 = LINE('',#7172,#7173);
#7172 = CARTESIAN_POINT('',(-2.995,20.01));
#7173 = VECTOR('',#7174,1.);
#7174 = DIRECTION('',(1.,-0.));
#7175 = ( GEOMETRIC_REPRESENTATION_CONTEXT(2) 
PARAMETRIC_REPRESENTATION_CONTEXT() REPRESENTATION_CONTEXT('2D SPACE',''
  ) );
#7176 = ADVANCED_FACE('',(#7177),#954,.F.);
#7177 = FACE_BOUND('',#7178,.F.);
#7178 = EDGE_LOOP('',(#7179,#7180,#7181,#7204,#7235,#7360,#7383,#7414,
    #7539,#7562,#7641));
#7179 = ORIENTED_EDGE('',*,*,#7107,.T.);
#7180 = ORIENTED_EDGE('',*,*,#933,.T.);
#7181 = ORIENTED_EDGE('',*,*,#7182,.F.);
#7182 = EDGE_CURVE('',#7183,#906,#7185,.T.);
#7183 = VERTEX_POINT('',#7184);
#7184 = CARTESIAN_POINT('',(25.3,16.,38.881118318204));
#7185 = SURFACE_CURVE('',#7186,(#7190,#7197),.PCURVE_S1.);
#7186 = LINE('',#7187,#7188);
#7187 = CARTESIAN_POINT('',(25.3,16.,2.6));
#7188 = VECTOR('',#7189,1.);
#7189 = DIRECTION('',(0.,0.,1.));
#7190 = PCURVE('',#954,#7191);
#7191 = DEFINITIONAL_REPRESENTATION('',(#7192),#7196);
#7192 = LINE('',#7193,#7194);
#7193 = CARTESIAN_POINT('',(6.28318530718,0.));
#7194 = VECTOR('',#7195,1.);
#7195 = DIRECTION('',(0.,-1.));
#7196 = ( GEOMETRIC_REPRESENTATION_CONTEXT(2) 
PARAMETRIC_REPRESENTATION_CONTEXT() REPRESENTATION_CONTEXT('2D SPACE',''
  ) );
#7197 = PCURVE('',#921,#7198);
#7198 = DEFINITIONAL_REPRESENTATION('',(#7199),#7203);
#7199 = LINE('',#7200,#7201);
#7200 = CARTESIAN_POINT('',(-2.6,-6.01));
#7201 = VECTOR('',#7202,1.);
#7202 = DIRECTION('',(-1.,-0.));
#7203 = ( GEOMETRIC_REPRESENTATION_CONTEXT(2) 
PARAMETRIC_REPRESENTATION_CONTEXT() REPRESENTATION_CONTEXT('2D SPACE',''
  ) );
#7204 = ORIENTED_EDGE('',*,*,#7205,.T.);
#7205 = EDGE_CURVE('',#7183,#7206,#7208,.T.);
#7206 = VERTEX_POINT('',#7207);
#7207 = CARTESIAN_POINT('',(25.501148607068,14.459440840898,
    37.340559159102));
#7208 = SURFACE_CURVE('',#7209,(#7214,#7224),.PCURVE_S1.);
#7209 = ELLIPSE('',#7210,8.485281374239,6.);
#7210 = AXIS2_PLACEMENT_3D('',#7211,#7212,#7213);
#7211 = CARTESIAN_POINT('',(31.3,16.,38.881118318204));
#7212 = DIRECTION('',(0.,-0.707106781187,0.707106781187));
#7213 = DIRECTION('',(-0.,-0.707106781187,-0.707106781187));
#7214 = PCURVE('',#954,#7215);
#7215 = DEFINITIONAL_REPRESENTATION('',(#7216),#7223);
#7216 = B_SPLINE_CURVE_WITH_KNOTS('',5,(#7217,#7218,#7219,#7220,#7221,
    #7222),.UNSPECIFIED.,.F.,.F.,(6,6),(4.712388980385,5.02488617581),
  .PIECEWISE_BEZIER_KNOTS.);
#7217 = CARTESIAN_POINT('',(6.28318530718,-36.2811183182));
#7218 = CARTESIAN_POINT('',(6.220685868095,-35.90612168369));
#7219 = CARTESIAN_POINT('',(6.15818642901,-35.53112502572));
#7220 = CARTESIAN_POINT('',(6.095686989925,-35.15918016444));
#7221 = CARTESIAN_POINT('',(6.03318755084,-34.79333834455));
#7222 = CARTESIAN_POINT('',(5.970688111755,-34.43650324319));
#7223 = ( GEOMETRIC_REPRESENTATION_CONTEXT(2) 
PARAMETRIC_REPRESENTATION_CONTEXT() REPRESENTATION_CONTEXT('2D SPACE',''
  ) );
#7224 = PCURVE('',#5684,#7225);
#7225 = DEFINITIONAL_REPRESENTATION('',(#7226),#7234);
#7226 = ( BOUNDED_CURVE() B_SPLINE_CURVE(2,(#7227,#7228,#7229,#7230,
#7231,#7232,#7233),.UNSPECIFIED.,.T.,.F.) B_SPLINE_CURVE_WITH_KNOTS((1,2
    ,2,2,2,1),(-2.094395102393,0.,2.094395102393,4.188790204786,
6.28318530718,8.377580409573),.UNSPECIFIED.) CURVE() 
GEOMETRIC_REPRESENTATION_ITEM() RATIONAL_B_SPLINE_CURVE((1.,0.5,1.,0.5,
1.,0.5,1.)) REPRESENTATION_ITEM('') );
#7227 = CARTESIAN_POINT('',(-10.60660171779,5.));
#7228 = CARTESIAN_POINT('',(-10.60660171779,15.392304845413));
#7229 = CARTESIAN_POINT('',(2.12132034356,10.196152422707));
#7230 = CARTESIAN_POINT('',(14.849242404918,5.));
#7231 = CARTESIAN_POINT('',(2.12132034356,-0.196152422707));
#7232 = CARTESIAN_POINT('',(-10.60660171779,-5.392304845413));
#7233 = CARTESIAN_POINT('',(-10.60660171779,5.));
#7234 = ( GEOMETRIC_REPRESENTATION_CONTEXT(2) 
PARAMETRIC_REPRESENTATION_CONTEXT() REPRESENTATION_CONTEXT('2D SPACE',''
  ) );
#7235 = ORIENTED_EDGE('',*,*,#7236,.T.);
#7236 = EDGE_CURVE('',#7206,#7237,#7239,.T.);
#7237 = VERTEX_POINT('',#7238);
#7238 = CARTESIAN_POINT('',(25.3,16.,30.270111664078));
#7239 = SURFACE_CURVE('',#7240,(#7278,#7319),.PCURVE_S1.);
#7240 = B_SPLINE_CURVE_WITH_KNOTS('',6,(#7241,#7242,#7243,#7244,#7245,
    #7246,#7247,#7248,#7249,#7250,#7251,#7252,#7253,#7254,#7255,#7256,
    #7257,#7258,#7259,#7260,#7261,#7262,#7263,#7264,#7265,#7266,#7267,
    #7268,#7269,#7270,#7271,#7272,#7273,#7274,#7275,#7276,#7277),
  .UNSPECIFIED.,.F.,.F.,(7,5,5,5,5,5,5,7),(0.,4.75148734985E-02,
    0.182442658854,0.405697639542,0.523593182674,0.629126663932,
    0.899196805228,1.),.UNSPECIFIED.);
#7241 = CARTESIAN_POINT('',(25.501148607068,14.459440840898,
    37.340559159102));
#7242 = CARTESIAN_POINT('',(25.514563098919,14.408947067715,
    37.290065385919));
#7243 = CARTESIAN_POINT('',(25.528182772323,14.359806945908,
    37.238912790734));
#7244 = CARTESIAN_POINT('',(25.541961902326,14.312001544688,
    37.187134314224));
#7245 = CARTESIAN_POINT('',(25.555857226694,14.26551257504,
    37.134759925101));
#7246 = CARTESIAN_POINT('',(25.569827945911,14.220322389724,
    37.081816620112));
#7247 = CARTESIAN_POINT('',(25.623613549058,14.051727467139,
    36.876438219821));
#7248 = CARTESIAN_POINT('',(25.663701063585,13.937340808199,
    36.720110114976));
#7249 = CARTESIAN_POINT('',(25.703204864418,13.832920831459,
    36.55994399801));
#7250 = CARTESIAN_POINT('',(25.741360591159,13.738177311693,
    36.396394046175));
#7251 = CARTESIAN_POINT('',(25.777506853831,13.652880108123,
    36.229801294726));
#7252 = CARTESIAN_POINT('',(25.866575671529,13.451118443735,
    35.780173832519));
#7253 = CARTESIAN_POINT('',(25.915069426836,13.350626699731,
    35.491907952254));
#7254 = CARTESIAN_POINT('',(25.953630674316,13.275370777505,
    35.197948747703));
#7255 = CARTESIAN_POINT('',(25.980116192629,13.225176650213,
    34.900210930603));
#7256 = CARTESIAN_POINT('',(25.993400335431,13.2,34.600362471114));
#7257 = CARTESIAN_POINT('',(25.993400335431,13.2,34.14138586042));
#7258 = CARTESIAN_POINT('',(25.989695984352,13.207020923284,
    33.98279896592));
#7259 = CARTESIAN_POINT('',(25.982288590052,13.221058437319,
    33.824521041709));
#7260 = CARTESIAN_POINT('',(25.971270244924,13.242110457392,
    33.666844710662));
#7261 = CARTESIAN_POINT('',(25.956819206059,13.270172385093,
    33.510073905468));
#7262 = CARTESIAN_POINT('',(25.923419320641,13.336616059128,
    33.21528497653));
#7263 = CARTESIAN_POINT('',(25.905101712079,13.373605386588,
    33.077031907311));
#7264 = CARTESIAN_POINT('',(25.88441991808,13.416208115858,
    32.939915813832));
#7265 = CARTESIAN_POINT('',(25.86159375495,13.46444541298,
    32.804104943507));
#7266 = CARTESIAN_POINT('',(25.836882332239,13.518349234738,
    32.669785371796));
#7267 = CARTESIAN_POINT('',(25.743273400866,13.730508650553,
    32.197763863835));
#7268 = CARTESIAN_POINT('',(25.665718931488,13.920054251505,
    31.870306532481));
#7269 = CARTESIAN_POINT('',(25.582520024519,14.147945360551,
    31.555865737958));
#7270 = CARTESIAN_POINT('',(25.499389386939,14.417162719861,
    31.257507168344));
#7271 = CARTESIAN_POINT('',(25.424258942392,14.731312486032,
    30.98112751963));
#7272 = CARTESIAN_POINT('',(25.348299566432,15.228043874098,
    30.645583356702));
#7273 = CARTESIAN_POINT('',(25.330388692947,15.369851157684,
    30.558731830373));
#7274 = CARTESIAN_POINT('',(25.315898299891,15.518248144776,
    30.47702662013));
#7275 = CARTESIAN_POINT('',(25.305532514256,15.672965557847,
    30.40121882415));
#7276 = CARTESIAN_POINT('',(25.3,15.833676185675,30.332020506381));
#7277 = CARTESIAN_POINT('',(25.3,16.,30.270111664078));
#7278 = PCURVE('',#954,#7279);
#7279 = DEFINITIONAL_REPRESENTATION('',(#7280),#7318);
#7280 = B_SPLINE_CURVE_WITH_KNOTS('',6,(#7281,#7282,#7283,#7284,#7285,
    #7286,#7287,#7288,#7289,#7290,#7291,#7292,#7293,#7294,#7295,#7296,
    #7297,#7298,#7299,#7300,#7301,#7302,#7303,#7304,#7305,#7306,#7307,
    #7308,#7309,#7310,#7311,#7312,#7313,#7314,#7315,#7316,#7317),
  .UNSPECIFIED.,.F.,.F.,(7,5,5,5,5,5,5,7),(0.,4.75148734985E-02,
    0.182442658854,0.405697639542,0.523593182674,0.629126663932,
    0.899196805228,1.),.UNSPECIFIED.);
#7281 = CARTESIAN_POINT('',(6.023517137912,-34.7405591591));
#7282 = CARTESIAN_POINT('',(6.014809590544,-34.69006538591));
#7283 = CARTESIAN_POINT('',(6.006311298614,-34.63891279073));
#7284 = CARTESIAN_POINT('',(5.998020009221,-34.58713431422));
#7285 = CARTESIAN_POINT('',(5.989933704795,-34.5347599251));
#7286 = CARTESIAN_POINT('',(5.9820506031,-34.48181662011));
#7287 = CARTESIAN_POINT('',(5.952556187891,-34.27643821982));
#7288 = CARTESIAN_POINT('',(5.93236291316,-34.12011011497));
#7289 = CARTESIAN_POINT('',(5.913763269538,-33.95994399801));
#7290 = CARTESIAN_POINT('',(5.896744523821,-33.79639404617));
#7291 = CARTESIAN_POINT('',(5.88130629542,-33.62980129472));
#7292 = CARTESIAN_POINT('',(5.84454844535,-33.18017383251));
#7293 = CARTESIAN_POINT('',(5.825962399443,-32.89190795225));
#7294 = CARTESIAN_POINT('',(5.811870639939,-32.5979487477));
#7295 = CARTESIAN_POINT('',(5.802411522256,-32.3002109306));
#7296 = CARTESIAN_POINT('',(5.797667184884,-32.00036247111));
#7297 = CARTESIAN_POINT('',(5.797667184884,-31.54138586042));
#7298 = CARTESIAN_POINT('',(5.798990206348,-31.38279896592));
#7299 = CARTESIAN_POINT('',(5.801635595082,-31.2245210417));
#7300 = CARTESIAN_POINT('',(5.805595708231,-31.06684471066));
#7301 = CARTESIAN_POINT('',(5.810856189671,-30.91007390546));
#7302 = CARTESIAN_POINT('',(5.823250536686,-30.61528497653));
#7303 = CARTESIAN_POINT('',(5.83012981552,-30.47703190731));
#7304 = CARTESIAN_POINT('',(5.838022347788,-30.33991581383));
#7305 = CARTESIAN_POINT('',(5.846915766024,-30.2041049435));
#7306 = CARTESIAN_POINT('',(5.856797791488,-30.06978537179));
#7307 = CARTESIAN_POINT('',(5.895446583963,-29.59776386383));
#7308 = CARTESIAN_POINT('',(5.929567507139,-29.27030653248));
#7309 = CARTESIAN_POINT('',(5.969951066821,-28.95586573795));
#7310 = CARTESIAN_POINT('',(6.016804944843,-28.65750716834));
#7311 = CARTESIAN_POINT('',(6.070454921965,-28.38112751963));
#7312 = CARTESIAN_POINT('',(6.154205858723,-28.0455833567));
#7313 = CARTESIAN_POINT('',(6.178020072264,-27.95873183037));
#7314 = CARTESIAN_POINT('',(6.202854966799,-27.87702662013));
#7315 = CARTESIAN_POINT('',(6.228679582109,-27.80121882415));
#7316 = CARTESIAN_POINT('',(6.255464671459,-27.73202050638));
#7317 = CARTESIAN_POINT('',(6.28318530718,-27.67011166407));
#7318 = ( GEOMETRIC_REPRESENTATION_CONTEXT(2) 
PARAMETRIC_REPRESENTATION_CONTEXT() REPRESENTATION_CONTEXT('2D SPACE',''
  ) );
#7319 = PCURVE('',#5658,#7320);
#7320 = DEFINITIONAL_REPRESENTATION('',(#7321),#7359);
#7321 = B_SPLINE_CURVE_WITH_KNOTS('',6,(#7322,#7323,#7324,#7325,#7326,
    #7327,#7328,#7329,#7330,#7331,#7332,#7333,#7334,#7335,#7336,#7337,
    #7338,#7339,#7340,#7341,#7342,#7343,#7344,#7345,#7346,#7347,#7348,
    #7349,#7350,#7351,#7352,#7353,#7354,#7355,#7356,#7357,#7358),
  .UNSPECIFIED.,.F.,.F.,(7,5,5,5,5,5,5,7),(0.,4.75148734985E-02,
    0.182442658854,0.405697639542,0.523593182674,0.629126663932,
    0.899196805228,1.),.UNSPECIFIED.);
#7322 = CARTESIAN_POINT('',(-2.356194490192,-0.798851392932));
#7323 = CARTESIAN_POINT('',(-2.339587750925,-0.785436901081));
#7324 = CARTESIAN_POINT('',(-2.323095251773,-0.771817227677));
#7325 = CARTESIAN_POINT('',(-2.3067111133,-0.758038097674));
#7326 = CARTESIAN_POINT('',(-2.290429537434,-0.744142773306));
#7327 = CARTESIAN_POINT('',(-2.274244807466,-0.730172054089));
#7328 = CARTESIAN_POINT('',(-2.212450589036,-0.676386450942));
#7329 = CARTESIAN_POINT('',(-2.167471922942,-0.636298936415));
#7330 = CARTESIAN_POINT('',(-2.123102492492,-0.596795135582));
#7331 = CARTESIAN_POINT('',(-2.079235706102,-0.558639408841));
#7332 = CARTESIAN_POINT('',(-2.035767762456,-0.522493146169));
#7333 = CARTESIAN_POINT('',(-1.921158207293,-0.433424328471));
#7334 = CARTESIAN_POINT('',(-1.850427502629,-0.384930573165));
#7335 = CARTESIAN_POINT('',(-1.780235214717,-0.346369325684));
#7336 = CARTESIAN_POINT('',(-1.710380228928,-0.319883807371));
#7337 = CARTESIAN_POINT('',(-1.640648064263,-0.306599664569));
#7338 = CARTESIAN_POINT('',(-1.53390931759,-0.306599664569));
#7339 = CARTESIAN_POINT('',(-1.497028635094,-0.310304015648));
#7340 = CARTESIAN_POINT('',(-1.460129500429,-0.317711409948));
#7341 = CARTESIAN_POINT('',(-1.423189680105,-0.328729755076));
#7342 = CARTESIAN_POINT('',(-1.386188663864,-0.343180793941));
#7343 = CARTESIAN_POINT('',(-1.315913274781,-0.376580679359));
#7344 = CARTESIAN_POINT('',(-1.282656810308,-0.394898287921));
#7345 = CARTESIAN_POINT('',(-1.249305423311,-0.41558008192));
#7346 = CARTESIAN_POINT('',(-1.215829099896,-0.43840624505));
#7347 = CARTESIAN_POINT('',(-1.182198463037,-0.463117667761));
#7348 = CARTESIAN_POINT('',(-1.061847452677,-0.556726599134));
#7349 = CARTESIAN_POINT('',(-0.974316029452,-0.634281068512));
#7350 = CARTESIAN_POINT('',(-0.884728509035,-0.717479975481));
#7351 = CARTESIAN_POINT('',(-0.792130132108,-0.800610613061));
#7352 = CARTESIAN_POINT('',(-0.6956110479,-0.875741057608));
#7353 = CARTESIAN_POINT('',(-0.556205689962,-0.951700433568));
#7354 = CARTESIAN_POINT('',(-0.517571930278,-0.969611307053));
#7355 = CARTESIAN_POINT('',(-0.478240162757,-0.984101700109));
#7356 = CARTESIAN_POINT('',(-0.43824321655,-0.994467485744));
#7357 = CARTESIAN_POINT('',(-0.397602649064,-1.));
#7358 = CARTESIAN_POINT('',(-0.356330087529,-1.));
#7359 = ( GEOMETRIC_REPRESENTATION_CONTEXT(2) 
PARAMETRIC_REPRESENTATION_CONTEXT() REPRESENTATION_CONTEXT('2D SPACE',''
  ) );
#7360 = ORIENTED_EDGE('',*,*,#7361,.F.);
#7361 = EDGE_CURVE('',#7362,#7237,#7364,.T.);
#7362 = VERTEX_POINT('',#7363);
#7363 = CARTESIAN_POINT('',(25.3,16.,13.881118318204));
#7364 = SURFACE_CURVE('',#7365,(#7369,#7376),.PCURVE_S1.);
#7365 = LINE('',#7366,#7367);
#7366 = CARTESIAN_POINT('',(25.3,16.,2.6));
#7367 = VECTOR('',#7368,1.);
#7368 = DIRECTION('',(0.,0.,1.));
#7369 = PCURVE('',#954,#7370);
#7370 = DEFINITIONAL_REPRESENTATION('',(#7371),#7375);
#7371 = LINE('',#7372,#7373);
#7372 = CARTESIAN_POINT('',(6.28318530718,0.));
#7373 = VECTOR('',#7374,1.);
#7374 = DIRECTION('',(0.,-1.));
#7375 = ( GEOMETRIC_REPRESENTATION_CONTEXT(2) 
PARAMETRIC_REPRESENTATION_CONTEXT() REPRESENTATION_CONTEXT('2D SPACE',''
  ) );
#7376 = PCURVE('',#921,#7377);
#7377 = DEFINITIONAL_REPRESENTATION('',(#7378),#7382);
#7378 = LINE('',#7379,#7380);
#7379 = CARTESIAN_POINT('',(-2.6,-6.01));
#7380 = VECTOR('',#7381,1.);
#7381 = DIRECTION('',(-1.,-0.));
#7382 = ( GEOMETRIC_REPRESENTATION_CONTEXT(2) 
PARAMETRIC_REPRESENTATION_CONTEXT() REPRESENTATION_CONTEXT('2D SPACE',''
  ) );
#7383 = ORIENTED_EDGE('',*,*,#7384,.T.);
#7384 = EDGE_CURVE('',#7362,#7385,#7387,.T.);
#7385 = VERTEX_POINT('',#7386);
#7386 = CARTESIAN_POINT('',(25.501148607068,14.459440840898,
    12.340559159102));
#7387 = SURFACE_CURVE('',#7388,(#7393,#7403),.PCURVE_S1.);
#7388 = ELLIPSE('',#7389,8.485281374239,6.);
#7389 = AXIS2_PLACEMENT_3D('',#7390,#7391,#7392);
#7390 = CARTESIAN_POINT('',(31.3,16.,13.881118318204));
#7391 = DIRECTION('',(0.,-0.707106781187,0.707106781187));
#7392 = DIRECTION('',(-0.,-0.707106781187,-0.707106781187));
#7393 = PCURVE('',#954,#7394);
#7394 = DEFINITIONAL_REPRESENTATION('',(#7395),#7402);
#7395 = B_SPLINE_CURVE_WITH_KNOTS('',5,(#7396,#7397,#7398,#7399,#7400,
    #7401),.UNSPECIFIED.,.F.,.F.,(6,6),(4.712388980385,5.02488617581),
  .PIECEWISE_BEZIER_KNOTS.);
#7396 = CARTESIAN_POINT('',(6.28318530718,-11.2811183182));
#7397 = CARTESIAN_POINT('',(6.220685868095,-10.90612168369));
#7398 = CARTESIAN_POINT('',(6.15818642901,-10.53112502572));
#7399 = CARTESIAN_POINT('',(6.095686989925,-10.15918016444));
#7400 = CARTESIAN_POINT('',(6.03318755084,-9.793338344551));
#7401 = CARTESIAN_POINT('',(5.970688111755,-9.436503243192));
#7402 = ( GEOMETRIC_REPRESENTATION_CONTEXT(2) 
PARAMETRIC_REPRESENTATION_CONTEXT() REPRESENTATION_CONTEXT('2D SPACE',''
  ) );
#7403 = PCURVE('',#5503,#7404);
#7404 = DEFINITIONAL_REPRESENTATION('',(#7405),#7413);
#7405 = ( BOUNDED_CURVE() B_SPLINE_CURVE(2,(#7406,#7407,#7408,#7409,
#7410,#7411,#7412),.UNSPECIFIED.,.T.,.F.) B_SPLINE_CURVE_WITH_KNOTS((1,2
    ,2,2,2,1),(-2.094395102393,0.,2.094395102393,4.188790204786,
6.28318530718,8.377580409573),.UNSPECIFIED.) CURVE() 
GEOMETRIC_REPRESENTATION_ITEM() RATIONAL_B_SPLINE_CURVE((1.,0.5,1.,0.5,
1.,0.5,1.)) REPRESENTATION_ITEM('') );
#7406 = CARTESIAN_POINT('',(-10.60660171779,5.));
#7407 = CARTESIAN_POINT('',(-10.60660171779,15.392304845413));
#7408 = CARTESIAN_POINT('',(2.12132034356,10.196152422707));
#7409 = CARTESIAN_POINT('',(14.849242404917,5.));
#7410 = CARTESIAN_POINT('',(2.12132034356,-0.196152422707));
#7411 = CARTESIAN_POINT('',(-10.60660171779,-5.392304845413));
#7412 = CARTESIAN_POINT('',(-10.60660171779,5.));
#7413 = ( GEOMETRIC_REPRESENTATION_CONTEXT(2) 
PARAMETRIC_REPRESENTATION_CONTEXT() REPRESENTATION_CONTEXT('2D SPACE',''
  ) );
#7414 = ORIENTED_EDGE('',*,*,#7415,.T.);
#7415 = EDGE_CURVE('',#7385,#7416,#7418,.T.);
#7416 = VERTEX_POINT('',#7417);
#7417 = CARTESIAN_POINT('',(25.3,16.,5.270111664078));
#7418 = SURFACE_CURVE('',#7419,(#7457,#7498),.PCURVE_S1.);
#7419 = B_SPLINE_CURVE_WITH_KNOTS('',6,(#7420,#7421,#7422,#7423,#7424,
    #7425,#7426,#7427,#7428,#7429,#7430,#7431,#7432,#7433,#7434,#7435,
    #7436,#7437,#7438,#7439,#7440,#7441,#7442,#7443,#7444,#7445,#7446,
    #7447,#7448,#7449,#7450,#7451,#7452,#7453,#7454,#7455,#7456),
  .UNSPECIFIED.,.F.,.F.,(7,5,5,5,5,5,5,7),(0.,4.75148734986E-02,
    0.182442658855,0.405697639542,0.523593182675,0.629126663932,
    0.899196805228,1.),.UNSPECIFIED.);
#7420 = CARTESIAN_POINT('',(25.501148607068,14.459440840898,
    12.340559159102));
#7421 = CARTESIAN_POINT('',(25.514563098919,14.408947067714,
    12.290065385919));
#7422 = CARTESIAN_POINT('',(25.528182772323,14.359806945908,
    12.238912790734));
#7423 = CARTESIAN_POINT('',(25.541961902326,14.312001544688,
    12.187134314224));
#7424 = CARTESIAN_POINT('',(25.555857226694,14.26551257504,
    12.134759925101));
#7425 = CARTESIAN_POINT('',(25.569827945911,14.220322389724,
    12.081816620112));
#7426 = CARTESIAN_POINT('',(25.623613549058,14.051727467139,
    11.876438219821));
#7427 = CARTESIAN_POINT('',(25.663701063585,13.937340808199,
    11.720110114976));
#7428 = CARTESIAN_POINT('',(25.703204864418,13.832920831459,
    11.55994399801));
#7429 = CARTESIAN_POINT('',(25.741360591159,13.738177311693,
    11.396394046175));
#7430 = CARTESIAN_POINT('',(25.777506853831,13.652880108123,
    11.229801294726));
#7431 = CARTESIAN_POINT('',(25.866575671529,13.451118443735,
    10.780173832519));
#7432 = CARTESIAN_POINT('',(25.915069426836,13.35062669973,
    10.491907952253));
#7433 = CARTESIAN_POINT('',(25.953630674316,13.275370777505,
    10.197948747703));
#7434 = CARTESIAN_POINT('',(25.980116192629,13.225176650213,
    9.900210930603));
#7435 = CARTESIAN_POINT('',(25.993400335431,13.2,9.600362471115));
#7436 = CARTESIAN_POINT('',(25.993400335431,13.2,9.14138586042));
#7437 = CARTESIAN_POINT('',(25.989695984352,13.207020923284,
    8.98279896592));
#7438 = CARTESIAN_POINT('',(25.982288590052,13.221058437319,
    8.824521041709));
#7439 = CARTESIAN_POINT('',(25.971270244924,13.242110457392,
    8.666844710662));
#7440 = CARTESIAN_POINT('',(25.956819206059,13.270172385093,
    8.510073905468));
#7441 = CARTESIAN_POINT('',(25.923419320641,13.336616059128,
    8.21528497653));
#7442 = CARTESIAN_POINT('',(25.905101712079,13.373605386588,
    8.077031907311));
#7443 = CARTESIAN_POINT('',(25.88441991808,13.416208115858,
    7.939915813832));
#7444 = CARTESIAN_POINT('',(25.86159375495,13.46444541298,7.804104943507
    ));
#7445 = CARTESIAN_POINT('',(25.836882332239,13.518349234738,
    7.669785371796));
#7446 = CARTESIAN_POINT('',(25.743273400866,13.730508650553,
    7.197763863835));
#7447 = CARTESIAN_POINT('',(25.665718931488,13.920054251505,
    6.870306532481));
#7448 = CARTESIAN_POINT('',(25.582520024519,14.147945360551,
    6.555865737958));
#7449 = CARTESIAN_POINT('',(25.499389386939,14.417162719861,
    6.257507168344));
#7450 = CARTESIAN_POINT('',(25.424258942392,14.731312486033,
    5.98112751963));
#7451 = CARTESIAN_POINT('',(25.348299566432,15.228043874098,
    5.645583356702));
#7452 = CARTESIAN_POINT('',(25.330388692947,15.369851157684,
    5.558731830373));
#7453 = CARTESIAN_POINT('',(25.315898299891,15.518248144776,
    5.47702662013));
#7454 = CARTESIAN_POINT('',(25.305532514256,15.672965557847,
    5.40121882415));
#7455 = CARTESIAN_POINT('',(25.3,15.833676185675,5.332020506381));
#7456 = CARTESIAN_POINT('',(25.3,16.,5.270111664078));
#7457 = PCURVE('',#954,#7458);
#7458 = DEFINITIONAL_REPRESENTATION('',(#7459),#7497);
#7459 = B_SPLINE_CURVE_WITH_KNOTS('',6,(#7460,#7461,#7462,#7463,#7464,
    #7465,#7466,#7467,#7468,#7469,#7470,#7471,#7472,#7473,#7474,#7475,
    #7476,#7477,#7478,#7479,#7480,#7481,#7482,#7483,#7484,#7485,#7486,
    #7487,#7488,#7489,#7490,#7491,#7492,#7493,#7494,#7495,#7496),
  .UNSPECIFIED.,.F.,.F.,(7,5,5,5,5,5,5,7),(0.,4.75148734986E-02,
    0.182442658855,0.405697639542,0.523593182675,0.629126663932,
    0.899196805228,1.),.UNSPECIFIED.);
#7460 = CARTESIAN_POINT('',(6.023517137912,-9.740559159102));
#7461 = CARTESIAN_POINT('',(6.014809590544,-9.690065385919));
#7462 = CARTESIAN_POINT('',(6.006311298614,-9.638912790734));
#7463 = CARTESIAN_POINT('',(5.998020009221,-9.587134314224));
#7464 = CARTESIAN_POINT('',(5.989933704795,-9.534759925101));
#7465 = CARTESIAN_POINT('',(5.9820506031,-9.481816620112));
#7466 = CARTESIAN_POINT('',(5.952556187891,-9.276438219821));
#7467 = CARTESIAN_POINT('',(5.93236291316,-9.120110114976));
#7468 = CARTESIAN_POINT('',(5.913763269538,-8.95994399801));
#7469 = CARTESIAN_POINT('',(5.896744523821,-8.796394046175));
#7470 = CARTESIAN_POINT('',(5.88130629542,-8.629801294726));
#7471 = CARTESIAN_POINT('',(5.84454844535,-8.180173832519));
#7472 = CARTESIAN_POINT('',(5.825962399443,-7.891907952253));
#7473 = CARTESIAN_POINT('',(5.811870639939,-7.597948747703));
#7474 = CARTESIAN_POINT('',(5.802411522256,-7.300210930603));
#7475 = CARTESIAN_POINT('',(5.797667184884,-7.000362471115));
#7476 = CARTESIAN_POINT('',(5.797667184884,-6.54138586042));
#7477 = CARTESIAN_POINT('',(5.798990206348,-6.38279896592));
#7478 = CARTESIAN_POINT('',(5.801635595082,-6.224521041709));
#7479 = CARTESIAN_POINT('',(5.805595708231,-6.066844710662));
#7480 = CARTESIAN_POINT('',(5.810856189671,-5.910073905468));
#7481 = CARTESIAN_POINT('',(5.823250536686,-5.61528497653));
#7482 = CARTESIAN_POINT('',(5.83012981552,-5.477031907311));
#7483 = CARTESIAN_POINT('',(5.838022347788,-5.339915813832));
#7484 = CARTESIAN_POINT('',(5.846915766024,-5.204104943507));
#7485 = CARTESIAN_POINT('',(5.856797791488,-5.069785371796));
#7486 = CARTESIAN_POINT('',(5.895446583963,-4.597763863835));
#7487 = CARTESIAN_POINT('',(5.929567507139,-4.27030653248));
#7488 = CARTESIAN_POINT('',(5.969951066821,-3.955865737958));
#7489 = CARTESIAN_POINT('',(6.016804944843,-3.657507168344));
#7490 = CARTESIAN_POINT('',(6.070454921965,-3.38112751963));
#7491 = CARTESIAN_POINT('',(6.154205858723,-3.045583356702));
#7492 = CARTESIAN_POINT('',(6.178020072264,-2.958731830373));
#7493 = CARTESIAN_POINT('',(6.202854966799,-2.87702662013));
#7494 = CARTESIAN_POINT('',(6.228679582109,-2.80121882415));
#7495 = CARTESIAN_POINT('',(6.255464671459,-2.732020506381));
#7496 = CARTESIAN_POINT('',(6.28318530718,-2.670111664078));
#7497 = ( GEOMETRIC_REPRESENTATION_CONTEXT(2) 
PARAMETRIC_REPRESENTATION_CONTEXT() REPRESENTATION_CONTEXT('2D SPACE',''
  ) );
#7498 = PCURVE('',#5477,#7499);
#7499 = DEFINITIONAL_REPRESENTATION('',(#7500),#7538);
#7500 = B_SPLINE_CURVE_WITH_KNOTS('',6,(#7501,#7502,#7503,#7504,#7505,
    #7506,#7507,#7508,#7509,#7510,#7511,#7512,#7513,#7514,#7515,#7516,
    #7517,#7518,#7519,#7520,#7521,#7522,#7523,#7524,#7525,#7526,#7527,
    #7528,#7529,#7530,#7531,#7532,#7533,#7534,#7535,#7536,#7537),
  .UNSPECIFIED.,.F.,.F.,(7,5,5,5,5,5,5,7),(0.,4.75148734986E-02,
    0.182442658855,0.405697639542,0.523593182675,0.629126663932,
    0.899196805228,1.),.UNSPECIFIED.);
#7501 = CARTESIAN_POINT('',(3.926990816987,-0.798851392932));
#7502 = CARTESIAN_POINT('',(3.943597556255,-0.785436901081));
#7503 = CARTESIAN_POINT('',(3.960090055407,-0.771817227677));
#7504 = CARTESIAN_POINT('',(3.976474193879,-0.758038097674));
#7505 = CARTESIAN_POINT('',(3.992755769746,-0.744142773306));
#7506 = CARTESIAN_POINT('',(4.008940499713,-0.730172054089));
#7507 = CARTESIAN_POINT('',(4.070734718144,-0.676386450942));
#7508 = CARTESIAN_POINT('',(4.115713384237,-0.636298936415));
#7509 = CARTESIAN_POINT('',(4.160082814687,-0.596795135582));
#7510 = CARTESIAN_POINT('',(4.203949601077,-0.558639408841));
#7511 = CARTESIAN_POINT('',(4.247417544724,-0.522493146169));
#7512 = CARTESIAN_POINT('',(4.362027099886,-0.433424328471));
#7513 = CARTESIAN_POINT('',(4.432757804551,-0.384930573164));
#7514 = CARTESIAN_POINT('',(4.502950092463,-0.346369325684));
#7515 = CARTESIAN_POINT('',(4.572805078252,-0.319883807371));
#7516 = CARTESIAN_POINT('',(4.642537242916,-0.306599664569));
#7517 = CARTESIAN_POINT('',(4.749275989589,-0.306599664569));
#7518 = CARTESIAN_POINT('',(4.786156672086,-0.310304015648));
#7519 = CARTESIAN_POINT('',(4.823055806751,-0.317711409948));
#7520 = CARTESIAN_POINT('',(4.859995627074,-0.328729755076));
#7521 = CARTESIAN_POINT('',(4.896996643316,-0.343180793941));
#7522 = CARTESIAN_POINT('',(4.967272032398,-0.376580679359));
#7523 = CARTESIAN_POINT('',(5.000528496872,-0.394898287921));
#7524 = CARTESIAN_POINT('',(5.033879883869,-0.41558008192));
#7525 = CARTESIAN_POINT('',(5.067356207284,-0.43840624505));
#7526 = CARTESIAN_POINT('',(5.100986844143,-0.463117667761));
#7527 = CARTESIAN_POINT('',(5.221337854503,-0.556726599134));
#7528 = CARTESIAN_POINT('',(5.308869277728,-0.634281068512));
#7529 = CARTESIAN_POINT('',(5.398456798144,-0.717479975481));
#7530 = CARTESIAN_POINT('',(5.491055175072,-0.800610613061));
#7531 = CARTESIAN_POINT('',(5.58757425928,-0.875741057608));
#7532 = CARTESIAN_POINT('',(5.726979617217,-0.951700433568));
#7533 = CARTESIAN_POINT('',(5.765613376901,-0.969611307053));
#7534 = CARTESIAN_POINT('',(5.804945144422,-0.984101700109));
#7535 = CARTESIAN_POINT('',(5.84494209063,-0.994467485744));
#7536 = CARTESIAN_POINT('',(5.885582658116,-1.));
#7537 = CARTESIAN_POINT('',(5.926855219651,-1.));
#7538 = ( GEOMETRIC_REPRESENTATION_CONTEXT(2) 
PARAMETRIC_REPRESENTATION_CONTEXT() REPRESENTATION_CONTEXT('2D SPACE',''
  ) );
#7539 = ORIENTED_EDGE('',*,*,#7540,.F.);
#7540 = EDGE_CURVE('',#7541,#7416,#7543,.T.);
#7541 = VERTEX_POINT('',#7542);
#7542 = CARTESIAN_POINT('',(25.3,16.,4.6));
#7543 = SURFACE_CURVE('',#7544,(#7548,#7555),.PCURVE_S1.);
#7544 = LINE('',#7545,#7546);
#7545 = CARTESIAN_POINT('',(25.3,16.,2.6));
#7546 = VECTOR('',#7547,1.);
#7547 = DIRECTION('',(0.,0.,1.));
#7548 = PCURVE('',#954,#7549);
#7549 = DEFINITIONAL_REPRESENTATION('',(#7550),#7554);
#7550 = LINE('',#7551,#7552);
#7551 = CARTESIAN_POINT('',(6.28318530718,0.));
#7552 = VECTOR('',#7553,1.);
#7553 = DIRECTION('',(0.,-1.));
#7554 = ( GEOMETRIC_REPRESENTATION_CONTEXT(2) 
PARAMETRIC_REPRESENTATION_CONTEXT() REPRESENTATION_CONTEXT('2D SPACE',''
  ) );
#7555 = PCURVE('',#921,#7556);
#7556 = DEFINITIONAL_REPRESENTATION('',(#7557),#7561);
#7557 = LINE('',#7558,#7559);
#7558 = CARTESIAN_POINT('',(-2.6,-6.01));
#7559 = VECTOR('',#7560,1.);
#7560 = DIRECTION('',(-1.,-0.));
#7561 = ( GEOMETRIC_REPRESENTATION_CONTEXT(2) 
PARAMETRIC_REPRESENTATION_CONTEXT() REPRESENTATION_CONTEXT('2D SPACE',''
  ) );
#7562 = ORIENTED_EDGE('',*,*,#7563,.F.);
#7563 = EDGE_CURVE('',#7564,#7541,#7566,.T.);
#7564 = VERTEX_POINT('',#7565);
#7565 = CARTESIAN_POINT('',(27.3,11.527864045,2.6));
#7566 = SURFACE_CURVE('',#7567,(#7588,#7612),.PCURVE_S1.);
#7567 = B_SPLINE_CURVE_WITH_KNOTS('',7,(#7568,#7569,#7570,#7571,#7572,
    #7573,#7574,#7575,#7576,#7577,#7578,#7579,#7580,#7581,#7582,#7583,
    #7584,#7585,#7586,#7587),.UNSPECIFIED.,.F.,.F.,(8,6,6,8),(0.,
    0.172067678188,0.549636372724,1.),.UNSPECIFIED.);
#7568 = CARTESIAN_POINT('',(27.3,11.527864045,2.6));
#7569 = CARTESIAN_POINT('',(27.190347241711,11.625940453582,2.6));
#7570 = CARTESIAN_POINT('',(27.084372376793,11.726373331864,
    2.60701379885));
#7571 = CARTESIAN_POINT('',(26.982326855136,11.828775828494,
    2.620194740034));
#7572 = CARTESIAN_POINT('',(26.884350178011,11.932786398106,
    2.638796250324));
#7573 = CARTESIAN_POINT('',(26.790500784072,12.038077556985,
    2.66215888868));
#7574 = CARTESIAN_POINT('',(26.700778669453,12.14436099001,
    2.689701061781));
#7575 = CARTESIAN_POINT('',(26.427221950636,12.486240956571,
    2.789402760282));
#7576 = CARTESIAN_POINT('',(26.258147224493,12.725699990924,
    2.875861440987));
#7577 = CARTESIAN_POINT('',(26.107466608923,12.967570723048,
    2.975291240839));
#7578 = CARTESIAN_POINT('',(25.973984411957,13.210425186515,
    3.084267963681));
#7579 = CARTESIAN_POINT('',(25.856337465416,13.453673644786,
    3.200489964929));
#7580 = CARTESIAN_POINT('',(25.753231684291,13.697491217326,
    3.322599598925));
#7581 = CARTESIAN_POINT('',(25.556907920119,14.235373819983,
    3.60194005992));
#7582 = CARTESIAN_POINT('',(25.469760761641,14.529154409035,
    3.76093074265));
#7583 = CARTESIAN_POINT('',(25.401257864762,14.823297306315,
    3.924633888493));
#7584 = CARTESIAN_POINT('',(25.350512388273,15.117392589403,
    4.091428214452));
#7585 = CARTESIAN_POINT('',(25.31686810721,15.411380142494,
    4.260161583571));
#7586 = CARTESIAN_POINT('',(25.300000115679,15.705462292779,
    4.429948167753));
#7587 = CARTESIAN_POINT('',(25.3,16.,4.6));
#7588 = PCURVE('',#954,#7589);
#7589 = DEFINITIONAL_REPRESENTATION('',(#7590),#7611);
#7590 = B_SPLINE_CURVE_WITH_KNOTS('',7,(#7591,#7592,#7593,#7594,#7595,
    #7596,#7597,#7598,#7599,#7600,#7601,#7602,#7603,#7604,#7605,#7606,
    #7607,#7608,#7609,#7610),.UNSPECIFIED.,.F.,.F.,(8,6,6,8),(0.,
    0.172067678188,0.549636372724,1.),.UNSPECIFIED.);
#7591 = CARTESIAN_POINT('',(5.442116636612,-4.440892098501E-16));
#7592 = CARTESIAN_POINT('',(5.466635738757,-4.440892098501E-16));
#7593 = CARTESIAN_POINT('',(5.49095977661,-7.013798850501E-03));
#7594 = CARTESIAN_POINT('',(5.515038630468,-2.019474003375E-02));
#7595 = CARTESIAN_POINT('',(5.53883709171,-3.879625032382E-02));
#7596 = CARTESIAN_POINT('',(5.562331006753,-6.215888867987E-02));
#7597 = CARTESIAN_POINT('',(5.585504788926,-8.97010617811E-02));
#7598 = CARTESIAN_POINT('',(5.658480277571,-0.189402760282));
#7599 = CARTESIAN_POINT('',(5.707247679475,-0.275861440987));
#7600 = CARTESIAN_POINT('',(5.754619535532,-0.37529124084));
#7601 = CARTESIAN_POINT('',(5.800689117487,-0.48426796368));
#7602 = CARTESIAN_POINT('',(5.845630418045,-0.600489964929));
#7603 = CARTESIAN_POINT('',(5.88969543589,-0.722599598925));
#7604 = CARTESIAN_POINT('',(5.985127307258,-1.00194005992));
#7605 = CARTESIAN_POINT('',(6.036102757392,-1.16093074265));
#7606 = CARTESIAN_POINT('',(6.086297934615,-1.324633888493));
#7607 = CARTESIAN_POINT('',(6.135890908565,-1.491428214452));
#7608 = CARTESIAN_POINT('',(6.185081971985,-1.660161583571));
#7609 = CARTESIAN_POINT('',(6.234095695665,-1.829948167753));
#7610 = CARTESIAN_POINT('',(6.28318530718,-2.));
#7611 = ( GEOMETRIC_REPRESENTATION_CONTEXT(2) 
PARAMETRIC_REPRESENTATION_CONTEXT() REPRESENTATION_CONTEXT('2D SPACE',''
  ) );
#7612 = PCURVE('',#7613,#7618);
#7613 = CYLINDRICAL_SURFACE('',#7614,2.);
#7614 = AXIS2_PLACEMENT_3D('',#7615,#7616,#7617);
#7615 = CARTESIAN_POINT('',(27.3,10.,4.6));
#7616 = DIRECTION('',(-0.,-1.,-0.));
#7617 = DIRECTION('',(-1.,-0.,-0.));
#7618 = DEFINITIONAL_REPRESENTATION('',(#7619),#7640);
#7619 = B_SPLINE_CURVE_WITH_KNOTS('',7,(#7620,#7621,#7622,#7623,#7624,
    #7625,#7626,#7627,#7628,#7629,#7630,#7631,#7632,#7633,#7634,#7635,
    #7636,#7637,#7638,#7639),.UNSPECIFIED.,.F.,.F.,(8,6,6,8),(0.,
    0.172067678188,0.549636372724,1.),.UNSPECIFIED.);
#7620 = CARTESIAN_POINT('',(-4.712388980385,-1.527864045));
#7621 = CARTESIAN_POINT('',(-4.767215359529,-1.625940453582));
#7622 = CARTESIAN_POINT('',(-4.820202843601,-1.726373331864));
#7623 = CARTESIAN_POINT('',(-4.871494591358,-1.828775828494));
#7624 = CARTESIAN_POINT('',(-4.921209539538,-1.932786398106));
#7625 = CARTESIAN_POINT('',(-4.969451809445,-2.038077556985));
#7626 = CARTESIAN_POINT('',(-5.016316399403,-2.14436099001));
#7627 = CARTESIAN_POINT('',(-5.161896022886,-2.486240956571));
#7628 = CARTESIAN_POINT('',(-5.256125798886,-2.725699990924));
#7629 = CARTESIAN_POINT('',(-5.345567335739,-2.967570723048));
#7630 = CARTESIAN_POINT('',(-5.430988301004,-3.210425186515));
#7631 = CARTESIAN_POINT('',(-5.513127343987,-3.453673644786));
#7632 = CARTESIAN_POINT('',(-5.592722303754,-3.697491217326));
#7633 = CARTESIAN_POINT('',(-5.763437061118,-4.235373819983));
#7634 = CARTESIAN_POINT('',(-5.853531795982,-4.529154409035));
#7635 = CARTESIAN_POINT('',(-5.941498895006,-4.823297306315));
#7636 = CARTESIAN_POINT('',(-6.027897341892,-5.117392589403));
#7637 = CARTESIAN_POINT('',(-6.113264839651,-5.411380142494));
#7638 = CARTESIAN_POINT('',(-6.198159753048,-5.705462292779));
#7639 = CARTESIAN_POINT('',(-6.28318530718,-6.));
#7640 = ( GEOMETRIC_REPRESENTATION_CONTEXT(2) 
PARAMETRIC_REPRESENTATION_CONTEXT() REPRESENTATION_CONTEXT('2D SPACE',''
  ) );
#7641 = ORIENTED_EDGE('',*,*,#7642,.F.);
#7642 = EDGE_CURVE('',#7083,#7564,#7643,.T.);
#7643 = SURFACE_CURVE('',#7644,(#7649,#7656),.PCURVE_S1.);
#7644 = CIRCLE('',#7645,6.);
#7645 = AXIS2_PLACEMENT_3D('',#7646,#7647,#7648);
#7646 = CARTESIAN_POINT('',(31.3,16.,2.6));
#7647 = DIRECTION('',(0.,0.,-1.));
#7648 = DIRECTION('',(-1.,-0.,-0.));
#7649 = PCURVE('',#954,#7650);
#7650 = DEFINITIONAL_REPRESENTATION('',(#7651),#7655);
#7651 = LINE('',#7652,#7653);
#7652 = CARTESIAN_POINT('',(0.,0.));
#7653 = VECTOR('',#7654,1.);
#7654 = DIRECTION('',(1.,0.));
#7655 = ( GEOMETRIC_REPRESENTATION_CONTEXT(2) 
PARAMETRIC_REPRESENTATION_CONTEXT() REPRESENTATION_CONTEXT('2D SPACE',''
  ) );
#7656 = PCURVE('',#6464,#7657);
#7657 = DEFINITIONAL_REPRESENTATION('',(#7658),#7666);
#7658 = ( BOUNDED_CURVE() B_SPLINE_CURVE(2,(#7659,#7660,#7661,#7662,
#7663,#7664,#7665),.UNSPECIFIED.,.T.,.F.) B_SPLINE_CURVE_WITH_KNOTS((1,2
    ,2,2,2,1),(-2.094395102393,0.,2.094395102393,4.188790204786,
6.28318530718,8.377580409573),.UNSPECIFIED.) CURVE() 
GEOMETRIC_REPRESENTATION_ITEM() RATIONAL_B_SPLINE_CURVE((1.,0.5,1.,0.5,
1.,0.5,1.)) REPRESENTATION_ITEM('') );
#7659 = CARTESIAN_POINT('',(-61.,6.01));
#7660 = CARTESIAN_POINT('',(-61.,16.402304845413));
#7661 = CARTESIAN_POINT('',(-52.,11.206152422707));
#7662 = CARTESIAN_POINT('',(-43.,6.01));
#7663 = CARTESIAN_POINT('',(-52.,0.813847577293));
#7664 = CARTESIAN_POINT('',(-61.,-4.382304845413));
#7665 = CARTESIAN_POINT('',(-61.,6.01));
#7666 = ( GEOMETRIC_REPRESENTATION_CONTEXT(2) 
PARAMETRIC_REPRESENTATION_CONTEXT() REPRESENTATION_CONTEXT('2D SPACE',''
  ) );
#7667 = ADVANCED_FACE('',(#7668),#893,.F.);
#7668 = FACE_BOUND('',#7669,.F.);
#7669 = EDGE_LOOP('',(#7670,#7671,#7707,#7728));
#7670 = ORIENTED_EDGE('',*,*,#7133,.F.);
#7671 = ORIENTED_EDGE('',*,*,#7672,.T.);
#7672 = EDGE_CURVE('',#7134,#7673,#7675,.T.);
#7673 = VERTEX_POINT('',#7674);
#7674 = CARTESIAN_POINT('',(25.3,28.,4.6));
#7675 = SURFACE_CURVE('',#7676,(#7681,#7694),.PCURVE_S1.);
#7676 = ELLIPSE('',#7677,2.828427124746,2.);
#7677 = AXIS2_PLACEMENT_3D('',#7678,#7679,#7680);
#7678 = CARTESIAN_POINT('',(27.3,28.,4.6));
#7679 = DIRECTION('',(-0.,0.707106781187,0.707106781187));
#7680 = DIRECTION('',(-0.,0.707106781187,-0.707106781187));
#7681 = PCURVE('',#893,#7682);
#7682 = DEFINITIONAL_REPRESENTATION('',(#7683),#7693);
#7683 = B_SPLINE_CURVE_WITH_KNOTS('',8,(#7684,#7685,#7686,#7687,#7688,
    #7689,#7690,#7691,#7692),.UNSPECIFIED.,.F.,.F.,(9,9),(0.,
    1.570796326795),.PIECEWISE_BEZIER_KNOTS.);
#7684 = CARTESIAN_POINT('',(1.570796326795,-4.440892098501E-16));
#7685 = CARTESIAN_POINT('',(1.374446785946,-4.440892098501E-16));
#7686 = CARTESIAN_POINT('',(1.178097245096,-8.812155197211E-02));
#7687 = CARTESIAN_POINT('',(0.981747704248,-0.26436390732));
#7688 = CARTESIAN_POINT('',(0.785398163394,-0.521482498846));
#7689 = CARTESIAN_POINT('',(0.58904862255,-0.844973477577));
#7690 = CARTESIAN_POINT('',(0.392699081698,-1.214601743363));
#7691 = CARTESIAN_POINT('',(0.196349540849,-1.607300918301));
#7692 = CARTESIAN_POINT('',(0.,-2.));
#7693 = ( GEOMETRIC_REPRESENTATION_CONTEXT(2) 
PARAMETRIC_REPRESENTATION_CONTEXT() REPRESENTATION_CONTEXT('2D SPACE',''
  ) );
#7694 = PCURVE('',#7613,#7695);
#7695 = DEFINITIONAL_REPRESENTATION('',(#7696),#7706);
#7696 = B_SPLINE_CURVE_WITH_KNOTS('',8,(#7697,#7698,#7699,#7700,#7701,
    #7702,#7703,#7704,#7705),.UNSPECIFIED.,.F.,.F.,(9,9),(0.,
    1.570796326795),.PIECEWISE_BEZIER_KNOTS.);
#7697 = CARTESIAN_POINT('',(-4.712388980385,-20.));
#7698 = CARTESIAN_POINT('',(-4.908738521234,-20.));
#7699 = CARTESIAN_POINT('',(-5.105088062084,-19.91187844801));
#7700 = CARTESIAN_POINT('',(-5.301437602936,-19.73563609263));
#7701 = CARTESIAN_POINT('',(-5.497787143781,-19.47851750101));
#7702 = CARTESIAN_POINT('',(-5.694136684635,-19.15502652245));
#7703 = CARTESIAN_POINT('',(-5.890486225481,-18.78539825662));
#7704 = CARTESIAN_POINT('',(-6.08683576633,-18.39269908169));
#7705 = CARTESIAN_POINT('',(-6.28318530718,-18.));
#7706 = ( GEOMETRIC_REPRESENTATION_CONTEXT(2) 
PARAMETRIC_REPRESENTATION_CONTEXT() REPRESENTATION_CONTEXT('2D SPACE',''
  ) );
#7707 = ORIENTED_EDGE('',*,*,#7708,.T.);
#7708 = EDGE_CURVE('',#7673,#873,#7709,.T.);
#7709 = SURFACE_CURVE('',#7710,(#7714,#7721),.PCURVE_S1.);
#7710 = LINE('',#7711,#7712);
#7711 = CARTESIAN_POINT('',(25.3,28.,2.6));
#7712 = VECTOR('',#7713,1.);
#7713 = DIRECTION('',(0.,0.,1.));
#7714 = PCURVE('',#893,#7715);
#7715 = DEFINITIONAL_REPRESENTATION('',(#7716),#7720);
#7716 = LINE('',#7717,#7718);
#7717 = CARTESIAN_POINT('',(0.,0.));
#7718 = VECTOR('',#7719,1.);
#7719 = DIRECTION('',(0.,-1.));
#7720 = ( GEOMETRIC_REPRESENTATION_CONTEXT(2) 
PARAMETRIC_REPRESENTATION_CONTEXT() REPRESENTATION_CONTEXT('2D SPACE',''
  ) );
#7721 = PCURVE('',#921,#7722);
#7722 = DEFINITIONAL_REPRESENTATION('',(#7723),#7727);
#7723 = LINE('',#7724,#7725);
#7724 = CARTESIAN_POINT('',(-2.6,-18.01));
#7725 = VECTOR('',#7726,1.);
#7726 = DIRECTION('',(-1.,-0.));
#7727 = ( GEOMETRIC_REPRESENTATION_CONTEXT(2) 
PARAMETRIC_REPRESENTATION_CONTEXT() REPRESENTATION_CONTEXT('2D SPACE',''
  ) );
#7728 = ORIENTED_EDGE('',*,*,#872,.T.);
#7729 = ADVANCED_FACE('',(#7730),#921,.F.);
#7730 = FACE_BOUND('',#7731,.T.);
#7731 = EDGE_LOOP('',(#7732,#7733,#7734,#7757,#7780,#7802,#7803,#7826,
    #7849,#7871,#7872,#7893));
#7732 = ORIENTED_EDGE('',*,*,#905,.F.);
#7733 = ORIENTED_EDGE('',*,*,#7182,.F.);
#7734 = ORIENTED_EDGE('',*,*,#7735,.T.);
#7735 = EDGE_CURVE('',#7183,#7736,#7738,.T.);
#7736 = VERTEX_POINT('',#7737);
#7737 = CARTESIAN_POINT('',(25.3,17.5,40.381118318204));
#7738 = SURFACE_CURVE('',#7739,(#7743,#7750),.PCURVE_S1.);
#7739 = LINE('',#7740,#7741);
#7740 = CARTESIAN_POINT('',(25.3,5.527220420449,28.408338738653));
#7741 = VECTOR('',#7742,1.);
#7742 = DIRECTION('',(-0.,0.707106781187,0.707106781187));
#7743 = PCURVE('',#921,#7744);
#7744 = DEFINITIONAL_REPRESENTATION('',(#7745),#7749);
#7745 = LINE('',#7746,#7747);
#7746 = CARTESIAN_POINT('',(-28.40833873865,4.462779579551));
#7747 = VECTOR('',#7748,1.);
#7748 = DIRECTION('',(-0.707106781187,-0.707106781187));
#7749 = ( GEOMETRIC_REPRESENTATION_CONTEXT(2) 
PARAMETRIC_REPRESENTATION_CONTEXT() REPRESENTATION_CONTEXT('2D SPACE',''
  ) );
#7750 = PCURVE('',#5684,#7751);
#7751 = DEFINITIONAL_REPRESENTATION('',(#7752),#7756);
#7752 = LINE('',#7753,#7754);
#7753 = CARTESIAN_POINT('',(-16.9320672607,-1.));
#7754 = VECTOR('',#7755,1.);
#7755 = DIRECTION('',(1.,-0.));
#7756 = ( GEOMETRIC_REPRESENTATION_CONTEXT(2) 
PARAMETRIC_REPRESENTATION_CONTEXT() REPRESENTATION_CONTEXT('2D SPACE',''
  ) );
#7757 = ORIENTED_EDGE('',*,*,#7758,.T.);
#7758 = EDGE_CURVE('',#7736,#7759,#7761,.T.);
#7759 = VERTEX_POINT('',#7760);
#7760 = CARTESIAN_POINT('',(25.3,20.540559159102,37.340559159102));
#7761 = SURFACE_CURVE('',#7762,(#7766,#7773),.PCURVE_S1.);
#7762 = LINE('',#7763,#7764);
#7763 = CARTESIAN_POINT('',(25.3,27.238059159102,30.643059159102));
#7764 = VECTOR('',#7765,1.);
#7765 = DIRECTION('',(-0.,0.707106781187,-0.707106781187));
#7766 = PCURVE('',#921,#7767);
#7767 = DEFINITIONAL_REPRESENTATION('',(#7768),#7772);
#7768 = LINE('',#7769,#7770);
#7769 = CARTESIAN_POINT('',(-30.6430591591,-17.2480591591));
#7770 = VECTOR('',#7771,1.);
#7771 = DIRECTION('',(0.707106781187,-0.707106781187));
#7772 = ( GEOMETRIC_REPRESENTATION_CONTEXT(2) 
PARAMETRIC_REPRESENTATION_CONTEXT() REPRESENTATION_CONTEXT('2D SPACE',''
  ) );
#7773 = PCURVE('',#5629,#7774);
#7774 = DEFINITIONAL_REPRESENTATION('',(#7775),#7779);
#7775 = LINE('',#7776,#7777);
#7776 = CARTESIAN_POINT('',(9.471695333994,-1.));
#7777 = VECTOR('',#7778,1.);
#7778 = DIRECTION('',(1.,-0.));
#7779 = ( GEOMETRIC_REPRESENTATION_CONTEXT(2) 
PARAMETRIC_REPRESENTATION_CONTEXT() REPRESENTATION_CONTEXT('2D SPACE',''
  ) );
#7780 = ORIENTED_EDGE('',*,*,#7781,.T.);
#7781 = EDGE_CURVE('',#7759,#7237,#7782,.T.);
#7782 = SURFACE_CURVE('',#7783,(#7788,#7795),.PCURVE_S1.);
#7783 = CIRCLE('',#7784,4.3);
#7784 = AXIS2_PLACEMENT_3D('',#7785,#7786,#7787);
#7785 = CARTESIAN_POINT('',(25.3,17.5,34.3));
#7786 = DIRECTION('',(-1.,0.,0.));
#7787 = DIRECTION('',(-0.,-1.652424966884E-15,-1.));
#7788 = PCURVE('',#921,#7789);
#7789 = DEFINITIONAL_REPRESENTATION('',(#7790),#7794);
#7790 = CIRCLE('',#7791,4.3);
#7791 = AXIS2_PLACEMENT_2D('',#7792,#7793);
#7792 = CARTESIAN_POINT('',(-34.3,-7.51));
#7793 = DIRECTION('',(1.,1.652424966884E-15));
#7794 = ( GEOMETRIC_REPRESENTATION_CONTEXT(2) 
PARAMETRIC_REPRESENTATION_CONTEXT() REPRESENTATION_CONTEXT('2D SPACE',''
  ) );
#7795 = PCURVE('',#5658,#7796);
#7796 = DEFINITIONAL_REPRESENTATION('',(#7797),#7801);
#7797 = LINE('',#7798,#7799);
#7798 = CARTESIAN_POINT('',(6.28318530718,-1.));
#7799 = VECTOR('',#7800,1.);
#7800 = DIRECTION('',(-1.,0.));
#7801 = ( GEOMETRIC_REPRESENTATION_CONTEXT(2) 
PARAMETRIC_REPRESENTATION_CONTEXT() REPRESENTATION_CONTEXT('2D SPACE',''
  ) );
#7802 = ORIENTED_EDGE('',*,*,#7361,.F.);
#7803 = ORIENTED_EDGE('',*,*,#7804,.T.);
#7804 = EDGE_CURVE('',#7362,#7805,#7807,.T.);
#7805 = VERTEX_POINT('',#7806);
#7806 = CARTESIAN_POINT('',(25.3,17.5,15.381118318204));
#7807 = SURFACE_CURVE('',#7808,(#7812,#7819),.PCURVE_S1.);
#7808 = LINE('',#7809,#7810);
#7809 = CARTESIAN_POINT('',(25.3,11.777220420449,9.658338738653));
#7810 = VECTOR('',#7811,1.);
#7811 = DIRECTION('',(-0.,0.707106781187,0.707106781187));
#7812 = PCURVE('',#921,#7813);
#7813 = DEFINITIONAL_REPRESENTATION('',(#7814),#7818);
#7814 = LINE('',#7815,#7816);
#7815 = CARTESIAN_POINT('',(-9.658338738653,-1.787220420449));
#7816 = VECTOR('',#7817,1.);
#7817 = DIRECTION('',(-0.707106781187,-0.707106781187));
#7818 = ( GEOMETRIC_REPRESENTATION_CONTEXT(2) 
PARAMETRIC_REPRESENTATION_CONTEXT() REPRESENTATION_CONTEXT('2D SPACE',''
  ) );
#7819 = PCURVE('',#5503,#7820);
#7820 = DEFINITIONAL_REPRESENTATION('',(#7821),#7825);
#7821 = LINE('',#7822,#7823);
#7822 = CARTESIAN_POINT('',(-8.093232495873,-1.));
#7823 = VECTOR('',#7824,1.);
#7824 = DIRECTION('',(1.,-0.));
#7825 = ( GEOMETRIC_REPRESENTATION_CONTEXT(2) 
PARAMETRIC_REPRESENTATION_CONTEXT() REPRESENTATION_CONTEXT('2D SPACE',''
  ) );
#7826 = ORIENTED_EDGE('',*,*,#7827,.T.);
#7827 = EDGE_CURVE('',#7805,#7828,#7830,.T.);
#7828 = VERTEX_POINT('',#7829);
#7829 = CARTESIAN_POINT('',(25.3,20.540559159102,12.340559159102));
#7830 = SURFACE_CURVE('',#7831,(#7835,#7842),.PCURVE_S1.);
#7831 = LINE('',#7832,#7833);
#7832 = CARTESIAN_POINT('',(25.3,20.988059159102,11.893059159102));
#7833 = VECTOR('',#7834,1.);
#7834 = DIRECTION('',(-0.,0.707106781187,-0.707106781187));
#7835 = PCURVE('',#921,#7836);
#7836 = DEFINITIONAL_REPRESENTATION('',(#7837),#7841);
#7837 = LINE('',#7838,#7839);
#7838 = CARTESIAN_POINT('',(-11.8930591591,-10.9980591591));
#7839 = VECTOR('',#7840,1.);
#7840 = DIRECTION('',(0.707106781187,-0.707106781187));
#7841 = ( GEOMETRIC_REPRESENTATION_CONTEXT(2) 
PARAMETRIC_REPRESENTATION_CONTEXT() REPRESENTATION_CONTEXT('2D SPACE',''
  ) );
#7842 = PCURVE('',#5448,#7843);
#7843 = DEFINITIONAL_REPRESENTATION('',(#7844),#7848);
#7844 = LINE('',#7845,#7846);
#7845 = CARTESIAN_POINT('',(0.632860569162,-1.));
#7846 = VECTOR('',#7847,1.);
#7847 = DIRECTION('',(1.,-0.));
#7848 = ( GEOMETRIC_REPRESENTATION_CONTEXT(2) 
PARAMETRIC_REPRESENTATION_CONTEXT() REPRESENTATION_CONTEXT('2D SPACE',''
  ) );
#7849 = ORIENTED_EDGE('',*,*,#7850,.T.);
#7850 = EDGE_CURVE('',#7828,#7416,#7851,.T.);
#7851 = SURFACE_CURVE('',#7852,(#7857,#7864),.PCURVE_S1.);
#7852 = CIRCLE('',#7853,4.3);
#7853 = AXIS2_PLACEMENT_3D('',#7854,#7855,#7856);
#7854 = CARTESIAN_POINT('',(25.3,17.5,9.3));
#7855 = DIRECTION('',(-1.,0.,0.));
#7856 = DIRECTION('',(-0.,-0.,-1.));
#7857 = PCURVE('',#921,#7858);
#7858 = DEFINITIONAL_REPRESENTATION('',(#7859),#7863);
#7859 = CIRCLE('',#7860,4.3);
#7860 = AXIS2_PLACEMENT_2D('',#7861,#7862);
#7861 = CARTESIAN_POINT('',(-9.3,-7.51));
#7862 = DIRECTION('',(1.,-0.));
#7863 = ( GEOMETRIC_REPRESENTATION_CONTEXT(2) 
PARAMETRIC_REPRESENTATION_CONTEXT() REPRESENTATION_CONTEXT('2D SPACE',''
  ) );
#7864 = PCURVE('',#5477,#7865);
#7865 = DEFINITIONAL_REPRESENTATION('',(#7866),#7870);
#7866 = LINE('',#7867,#7868);
#7867 = CARTESIAN_POINT('',(12.566370614359,-1.));
#7868 = VECTOR('',#7869,1.);
#7869 = DIRECTION('',(-1.,0.));
#7870 = ( GEOMETRIC_REPRESENTATION_CONTEXT(2) 
PARAMETRIC_REPRESENTATION_CONTEXT() REPRESENTATION_CONTEXT('2D SPACE',''
  ) );
#7871 = ORIENTED_EDGE('',*,*,#7540,.F.);
#7872 = ORIENTED_EDGE('',*,*,#7873,.T.);
#7873 = EDGE_CURVE('',#7541,#7673,#7874,.T.);
#7874 = SURFACE_CURVE('',#7875,(#7879,#7886),.PCURVE_S1.);
#7875 = LINE('',#7876,#7877);
#7876 = CARTESIAN_POINT('',(25.3,10.,4.6));
#7877 = VECTOR('',#7878,1.);
#7878 = DIRECTION('',(0.,1.,0.));
#7879 = PCURVE('',#921,#7880);
#7880 = DEFINITIONAL_REPRESENTATION('',(#7881),#7885);
#7881 = LINE('',#7882,#7883);
#7882 = CARTESIAN_POINT('',(-4.6,-1.E-02));
#7883 = VECTOR('',#7884,1.);
#7884 = DIRECTION('',(-0.,-1.));
#7885 = ( GEOMETRIC_REPRESENTATION_CONTEXT(2) 
PARAMETRIC_REPRESENTATION_CONTEXT() REPRESENTATION_CONTEXT('2D SPACE',''
  ) );
#7886 = PCURVE('',#7613,#7887);
#7887 = DEFINITIONAL_REPRESENTATION('',(#7888),#7892);
#7888 = LINE('',#7889,#7890);
#7889 = CARTESIAN_POINT('',(-6.28318530718,0.));
#7890 = VECTOR('',#7891,1.);
#7891 = DIRECTION('',(-0.,-1.));
#7892 = ( GEOMETRIC_REPRESENTATION_CONTEXT(2) 
PARAMETRIC_REPRESENTATION_CONTEXT() REPRESENTATION_CONTEXT('2D SPACE',''
  ) );
#7893 = ORIENTED_EDGE('',*,*,#7708,.T.);
#7894 = ADVANCED_FACE('',(#7895),#1046,.T.);
#7895 = FACE_BOUND('',#7896,.F.);
#7896 = EDGE_LOOP('',(#7897,#7898,#7919,#7920));
#7897 = ORIENTED_EDGE('',*,*,#1028,.F.);
#7898 = ORIENTED_EDGE('',*,*,#7899,.T.);
#7899 = EDGE_CURVE('',#1029,#5700,#7900,.T.);
#7900 = SURFACE_CURVE('',#7901,(#7905,#7912),.PCURVE_S1.);
#7901 = LINE('',#7902,#7903);
#7902 = CARTESIAN_POINT('',(0.,0.,0.3));
#7903 = VECTOR('',#7904,1.);
#7904 = DIRECTION('',(0.,1.,0.));
#7905 = PCURVE('',#1046,#7906);
#7906 = DEFINITIONAL_REPRESENTATION('',(#7907),#7911);
#7907 = LINE('',#7908,#7909);
#7908 = CARTESIAN_POINT('',(-0.3,0.));
#7909 = VECTOR('',#7910,1.);
#7910 = DIRECTION('',(-0.,-1.));
#7911 = ( GEOMETRIC_REPRESENTATION_CONTEXT(2) 
PARAMETRIC_REPRESENTATION_CONTEXT() REPRESENTATION_CONTEXT('2D SPACE',''
  ) );
#7912 = PCURVE('',#2439,#7913);
#7913 = DEFINITIONAL_REPRESENTATION('',(#7914),#7918);
#7914 = LINE('',#7915,#7916);
#7915 = CARTESIAN_POINT('',(0.,0.212132034356));
#7916 = VECTOR('',#7917,1.);
#7917 = DIRECTION('',(1.,0.));
#7918 = ( GEOMETRIC_REPRESENTATION_CONTEXT(2) 
PARAMETRIC_REPRESENTATION_CONTEXT() REPRESENTATION_CONTEXT('2D SPACE',''
  ) );
#7919 = ORIENTED_EDGE('',*,*,#5699,.T.);
#7920 = ORIENTED_EDGE('',*,*,#7921,.F.);
#7921 = EDGE_CURVE('',#1031,#5702,#7922,.T.);
#7922 = SURFACE_CURVE('',#7923,(#7927,#7934),.PCURVE_S1.);
#7923 = LINE('',#7924,#7925);
#7924 = CARTESIAN_POINT('',(0.,0.,43.6));
#7925 = VECTOR('',#7926,1.);
#7926 = DIRECTION('',(0.,1.,0.));
#7927 = PCURVE('',#1046,#7928);
#7928 = DEFINITIONAL_REPRESENTATION('',(#7929),#7933);
#7929 = LINE('',#7930,#7931);
#7930 = CARTESIAN_POINT('',(-43.6,-0.));
#7931 = VECTOR('',#7932,1.);
#7932 = DIRECTION('',(-0.,-1.));
#7933 = ( GEOMETRIC_REPRESENTATION_CONTEXT(2) 
PARAMETRIC_REPRESENTATION_CONTEXT() REPRESENTATION_CONTEXT('2D SPACE',''
  ) );
#7934 = PCURVE('',#1232,#7935);
#7935 = DEFINITIONAL_REPRESENTATION('',(#7936),#7940);
#7936 = LINE('',#7937,#7938);
#7937 = CARTESIAN_POINT('',(-83.3,0.));
#7938 = VECTOR('',#7939,1.);
#7939 = DIRECTION('',(0.,1.));
#7940 = ( GEOMETRIC_REPRESENTATION_CONTEXT(2) 
PARAMETRIC_REPRESENTATION_CONTEXT() REPRESENTATION_CONTEXT('2D SPACE',''
  ) );
#7941 = ADVANCED_FACE('',(#7942),#1232,.T.);
#7942 = FACE_BOUND('',#7943,.F.);
#7943 = EDGE_LOOP('',(#7944,#7965,#7966,#7967));
#7944 = ORIENTED_EDGE('',*,*,#7945,.F.);
#7945 = EDGE_CURVE('',#1191,#5842,#7946,.T.);
#7946 = SURFACE_CURVE('',#7947,(#7951,#7958),.PCURVE_S1.);
#7947 = LINE('',#7948,#7949);
#7948 = CARTESIAN_POINT('',(7.833831175457,-0.5,43.6));
#7949 = VECTOR('',#7950,1.);
#7950 = DIRECTION('',(-0.,1.,-0.));
#7951 = PCURVE('',#1232,#7952);
#7952 = DEFINITIONAL_REPRESENTATION('',(#7953),#7957);
#7953 = LINE('',#7954,#7955);
#7954 = CARTESIAN_POINT('',(-75.46616882454,-0.5));
#7955 = VECTOR('',#7956,1.);
#7956 = DIRECTION('',(-0.,1.));
#7957 = ( GEOMETRIC_REPRESENTATION_CONTEXT(2) 
PARAMETRIC_REPRESENTATION_CONTEXT() REPRESENTATION_CONTEXT('2D SPACE',''
  ) );
#7958 = PCURVE('',#1206,#7959);
#7959 = DEFINITIONAL_REPRESENTATION('',(#7960),#7964);
#7960 = LINE('',#7961,#7962);
#7961 = CARTESIAN_POINT('',(-4.779215357061,-0.5));
#7962 = VECTOR('',#7963,1.);
#7963 = DIRECTION('',(-0.,-1.));
#7964 = ( GEOMETRIC_REPRESENTATION_CONTEXT(2) 
PARAMETRIC_REPRESENTATION_CONTEXT() REPRESENTATION_CONTEXT('2D SPACE',''
  ) );
#7965 = ORIENTED_EDGE('',*,*,#1218,.T.);
#7966 = ORIENTED_EDGE('',*,*,#7921,.T.);
#7967 = ORIENTED_EDGE('',*,*,#5864,.T.);
#7968 = ADVANCED_FACE('',(#7969),#1206,.F.);
#7969 = FACE_BOUND('',#7970,.T.);
#7970 = EDGE_LOOP('',(#7971,#7972,#7993,#7994));
#7971 = ORIENTED_EDGE('',*,*,#1190,.T.);
#7972 = ORIENTED_EDGE('',*,*,#7973,.T.);
#7973 = EDGE_CURVE('',#1162,#5818,#7974,.T.);
#7974 = SURFACE_CURVE('',#7975,(#7979,#7986),.PCURVE_S1.);
#7975 = LINE('',#7976,#7977);
#7976 = CARTESIAN_POINT('',(4.454415587728,-1.,40.220584412272));
#7977 = VECTOR('',#7978,1.);
#7978 = DIRECTION('',(-0.,1.,-0.));
#7979 = PCURVE('',#1206,#7980);
#7980 = DEFINITIONAL_REPRESENTATION('',(#7981),#7985);
#7981 = LINE('',#7982,#7983);
#7982 = CARTESIAN_POINT('',(-0.,-0.));
#7983 = VECTOR('',#7984,1.);
#7984 = DIRECTION('',(-0.,-1.));
#7985 = ( GEOMETRIC_REPRESENTATION_CONTEXT(2) 
PARAMETRIC_REPRESENTATION_CONTEXT() REPRESENTATION_CONTEXT('2D SPACE',''
  ) );
#7986 = PCURVE('',#1178,#7987);
#7987 = DEFINITIONAL_REPRESENTATION('',(#7988),#7992);
#7988 = LINE('',#7989,#7990);
#7989 = CARTESIAN_POINT('',(-2.356194490192,0.));
#7990 = VECTOR('',#7991,1.);
#7991 = DIRECTION('',(-0.,-1.));
#7992 = ( GEOMETRIC_REPRESENTATION_CONTEXT(2) 
PARAMETRIC_REPRESENTATION_CONTEXT() REPRESENTATION_CONTEXT('2D SPACE',''
  ) );
#7993 = ORIENTED_EDGE('',*,*,#5841,.F.);
#7994 = ORIENTED_EDGE('',*,*,#7945,.F.);
#7995 = ADVANCED_FACE('',(#7996),#1178,.F.);
#7996 = FACE_BOUND('',#7997,.T.);
#7997 = EDGE_LOOP('',(#7998,#7999,#8020,#8021));
#7998 = ORIENTED_EDGE('',*,*,#1161,.F.);
#7999 = ORIENTED_EDGE('',*,*,#8000,.T.);
#8000 = EDGE_CURVE('',#1134,#5795,#8001,.T.);
#8001 = SURFACE_CURVE('',#8002,(#8006,#8013),.PCURVE_S1.);
#8002 = LINE('',#8003,#8004);
#8003 = CARTESIAN_POINT('',(7.,-1.,34.075));
#8004 = VECTOR('',#8005,1.);
#8005 = DIRECTION('',(-0.,1.,-0.));
#8006 = PCURVE('',#1178,#8007);
#8007 = DEFINITIONAL_REPRESENTATION('',(#8008),#8012);
#8008 = LINE('',#8009,#8010);
#8009 = CARTESIAN_POINT('',(-0.,0.));
#8010 = VECTOR('',#8011,1.);
#8011 = DIRECTION('',(-0.,-1.));
#8012 = ( GEOMETRIC_REPRESENTATION_CONTEXT(2) 
PARAMETRIC_REPRESENTATION_CONTEXT() REPRESENTATION_CONTEXT('2D SPACE',''
  ) );
#8013 = PCURVE('',#1149,#8014);
#8014 = DEFINITIONAL_REPRESENTATION('',(#8015),#8019);
#8015 = LINE('',#8016,#8017);
#8016 = CARTESIAN_POINT('',(-3.5,0.));
#8017 = VECTOR('',#8018,1.);
#8018 = DIRECTION('',(-0.,-1.));
#8019 = ( GEOMETRIC_REPRESENTATION_CONTEXT(2) 
PARAMETRIC_REPRESENTATION_CONTEXT() REPRESENTATION_CONTEXT('2D SPACE',''
  ) );
#8020 = ORIENTED_EDGE('',*,*,#5817,.T.);
#8021 = ORIENTED_EDGE('',*,*,#7973,.F.);
#8022 = ADVANCED_FACE('',(#8023),#1149,.F.);
#8023 = FACE_BOUND('',#8024,.T.);
#8024 = EDGE_LOOP('',(#8025,#8026,#8047,#8048));
#8025 = ORIENTED_EDGE('',*,*,#1133,.T.);
#8026 = ORIENTED_EDGE('',*,*,#8027,.T.);
#8027 = EDGE_CURVE('',#1105,#5771,#8028,.T.);
#8028 = SURFACE_CURVE('',#8029,(#8033,#8040),.PCURVE_S1.);
#8029 = LINE('',#8030,#8031);
#8030 = CARTESIAN_POINT('',(10.5,-1.,34.075));
#8031 = VECTOR('',#8032,1.);
#8032 = DIRECTION('',(-0.,1.,-0.));
#8033 = PCURVE('',#1149,#8034);
#8034 = DEFINITIONAL_REPRESENTATION('',(#8035),#8039);
#8035 = LINE('',#8036,#8037);
#8036 = CARTESIAN_POINT('',(-0.,-0.));
#8037 = VECTOR('',#8038,1.);
#8038 = DIRECTION('',(-0.,-1.));
#8039 = ( GEOMETRIC_REPRESENTATION_CONTEXT(2) 
PARAMETRIC_REPRESENTATION_CONTEXT() REPRESENTATION_CONTEXT('2D SPACE',''
  ) );
#8040 = PCURVE('',#1121,#8041);
#8041 = DEFINITIONAL_REPRESENTATION('',(#8042),#8046);
#8042 = LINE('',#8043,#8044);
#8043 = CARTESIAN_POINT('',(-2.356194490192,0.));
#8044 = VECTOR('',#8045,1.);
#8045 = DIRECTION('',(-0.,-1.));
#8046 = ( GEOMETRIC_REPRESENTATION_CONTEXT(2) 
PARAMETRIC_REPRESENTATION_CONTEXT() REPRESENTATION_CONTEXT('2D SPACE',''
  ) );
#8047 = ORIENTED_EDGE('',*,*,#5794,.F.);
#8048 = ORIENTED_EDGE('',*,*,#8000,.F.);
#8049 = ADVANCED_FACE('',(#8050),#1121,.F.);
#8050 = FACE_BOUND('',#8051,.T.);
#8051 = EDGE_LOOP('',(#8052,#8053,#8054,#8055));
#8052 = ORIENTED_EDGE('',*,*,#1104,.F.);
#8053 = ORIENTED_EDGE('',*,*,#6126,.T.);
#8054 = ORIENTED_EDGE('',*,*,#5770,.T.);
#8055 = ORIENTED_EDGE('',*,*,#8027,.F.);
#8056 = ADVANCED_FACE('',(#8057),#1264,.F.);
#8057 = FACE_BOUND('',#8058,.T.);
#8058 = EDGE_LOOP('',(#8059,#8060,#8081,#8082));
#8059 = ORIENTED_EDGE('',*,*,#1246,.T.);
#8060 = ORIENTED_EDGE('',*,*,#8061,.T.);
#8061 = EDGE_CURVE('',#1249,#5890,#8062,.T.);
#8062 = SURFACE_CURVE('',#8063,(#8067,#8074),.PCURVE_S1.);
#8063 = LINE('',#8064,#8065);
#8064 = CARTESIAN_POINT('',(10.5,-1.,2.325));
#8065 = VECTOR('',#8066,1.);
#8066 = DIRECTION('',(-0.,1.,-0.));
#8067 = PCURVE('',#1264,#8068);
#8068 = DEFINITIONAL_REPRESENTATION('',(#8069),#8073);
#8069 = LINE('',#8070,#8071);
#8070 = CARTESIAN_POINT('',(-0.,-0.));
#8071 = VECTOR('',#8072,1.);
#8072 = DIRECTION('',(-0.,-1.));
#8073 = ( GEOMETRIC_REPRESENTATION_CONTEXT(2) 
PARAMETRIC_REPRESENTATION_CONTEXT() REPRESENTATION_CONTEXT('2D SPACE',''
  ) );
#8074 = PCURVE('',#1376,#8075);
#8075 = DEFINITIONAL_REPRESENTATION('',(#8076),#8080);
#8076 = LINE('',#8077,#8078);
#8077 = CARTESIAN_POINT('',(-2.356194490192,0.));
#8078 = VECTOR('',#8079,1.);
#8079 = DIRECTION('',(-0.,-1.));
#8080 = ( GEOMETRIC_REPRESENTATION_CONTEXT(2) 
PARAMETRIC_REPRESENTATION_CONTEXT() REPRESENTATION_CONTEXT('2D SPACE',''
  ) );
#8081 = ORIENTED_EDGE('',*,*,#5887,.F.);
#8082 = ORIENTED_EDGE('',*,*,#8083,.F.);
#8083 = EDGE_CURVE('',#1247,#5888,#8084,.T.);
#8084 = SURFACE_CURVE('',#8085,(#8089,#8096),.PCURVE_S1.);
#8085 = LINE('',#8086,#8087);
#8086 = CARTESIAN_POINT('',(7.,-1.,2.325));
#8087 = VECTOR('',#8088,1.);
#8088 = DIRECTION('',(-0.,1.,-0.));
#8089 = PCURVE('',#1264,#8090);
#8090 = DEFINITIONAL_REPRESENTATION('',(#8091),#8095);
#8091 = LINE('',#8092,#8093);
#8092 = CARTESIAN_POINT('',(-3.5,0.));
#8093 = VECTOR('',#8094,1.);
#8094 = DIRECTION('',(-0.,-1.));
#8095 = ( GEOMETRIC_REPRESENTATION_CONTEXT(2) 
PARAMETRIC_REPRESENTATION_CONTEXT() REPRESENTATION_CONTEXT('2D SPACE',''
  ) );
#8096 = PCURVE('',#1293,#8097);
#8097 = DEFINITIONAL_REPRESENTATION('',(#8098),#8102);
#8098 = LINE('',#8099,#8100);
#8099 = CARTESIAN_POINT('',(-0.,0.));
#8100 = VECTOR('',#8101,1.);
#8101 = DIRECTION('',(-0.,-1.));
#8102 = ( GEOMETRIC_REPRESENTATION_CONTEXT(2) 
PARAMETRIC_REPRESENTATION_CONTEXT() REPRESENTATION_CONTEXT('2D SPACE',''
  ) );
#8103 = ADVANCED_FACE('',(#8104),#1293,.F.);
#8104 = FACE_BOUND('',#8105,.T.);
#8105 = EDGE_LOOP('',(#8106,#8107,#8108,#8109));
#8106 = ORIENTED_EDGE('',*,*,#1276,.F.);
#8107 = ORIENTED_EDGE('',*,*,#8083,.T.);
#8108 = ORIENTED_EDGE('',*,*,#5912,.T.);
#8109 = ORIENTED_EDGE('',*,*,#8110,.F.);
#8110 = EDGE_CURVE('',#1277,#5913,#8111,.T.);
#8111 = SURFACE_CURVE('',#8112,(#8116,#8123),.PCURVE_S1.);
#8112 = LINE('',#8113,#8114);
#8113 = CARTESIAN_POINT('',(4.454415587728,-1.,8.470584412272));
#8114 = VECTOR('',#8115,1.);
#8115 = DIRECTION('',(-0.,1.,-0.));
#8116 = PCURVE('',#1293,#8117);
#8117 = DEFINITIONAL_REPRESENTATION('',(#8118),#8122);
#8118 = LINE('',#8119,#8120);
#8119 = CARTESIAN_POINT('',(-2.356194490192,0.));
#8120 = VECTOR('',#8121,1.);
#8121 = DIRECTION('',(-0.,-1.));
#8122 = ( GEOMETRIC_REPRESENTATION_CONTEXT(2) 
PARAMETRIC_REPRESENTATION_CONTEXT() REPRESENTATION_CONTEXT('2D SPACE',''
  ) );
#8123 = PCURVE('',#1321,#8124);
#8124 = DEFINITIONAL_REPRESENTATION('',(#8125),#8129);
#8125 = LINE('',#8126,#8127);
#8126 = CARTESIAN_POINT('',(-0.,-0.));
#8127 = VECTOR('',#8128,1.);
#8128 = DIRECTION('',(-0.,-1.));
#8129 = ( GEOMETRIC_REPRESENTATION_CONTEXT(2) 
PARAMETRIC_REPRESENTATION_CONTEXT() REPRESENTATION_CONTEXT('2D SPACE',''
  ) );
#8130 = ADVANCED_FACE('',(#8131),#1376,.F.);
#8131 = FACE_BOUND('',#8132,.T.);
#8132 = EDGE_LOOP('',(#8133,#8134,#8155,#8156));
#8133 = ORIENTED_EDGE('',*,*,#1361,.F.);
#8134 = ORIENTED_EDGE('',*,*,#8135,.T.);
#8135 = EDGE_CURVE('',#1334,#5960,#8136,.T.);
#8136 = SURFACE_CURVE('',#8137,(#8141,#8148),.PCURVE_S1.);
#8137 = LINE('',#8138,#8139);
#8138 = CARTESIAN_POINT('',(13.045584412272,-1.,8.470584412272));
#8139 = VECTOR('',#8140,1.);
#8140 = DIRECTION('',(-0.,1.,-0.));
#8141 = PCURVE('',#1376,#8142);
#8142 = DEFINITIONAL_REPRESENTATION('',(#8143),#8147);
#8143 = LINE('',#8144,#8145);
#8144 = CARTESIAN_POINT('',(-0.,0.));
#8145 = VECTOR('',#8146,1.);
#8146 = DIRECTION('',(-0.,-1.));
#8147 = ( GEOMETRIC_REPRESENTATION_CONTEXT(2) 
PARAMETRIC_REPRESENTATION_CONTEXT() REPRESENTATION_CONTEXT('2D SPACE',''
  ) );
#8148 = PCURVE('',#1349,#8149);
#8149 = DEFINITIONAL_REPRESENTATION('',(#8150),#8154);
#8150 = LINE('',#8151,#8152);
#8151 = CARTESIAN_POINT('',(-6.074873734153,-0.));
#8152 = VECTOR('',#8153,1.);
#8153 = DIRECTION('',(-0.,-1.));
#8154 = ( GEOMETRIC_REPRESENTATION_CONTEXT(2) 
PARAMETRIC_REPRESENTATION_CONTEXT() REPRESENTATION_CONTEXT('2D SPACE',''
  ) );
#8155 = ORIENTED_EDGE('',*,*,#5982,.T.);
#8156 = ORIENTED_EDGE('',*,*,#8061,.F.);
#8157 = ADVANCED_FACE('',(#8158),#1321,.F.);
#8158 = FACE_BOUND('',#8159,.T.);
#8159 = EDGE_LOOP('',(#8160,#8161,#8162,#8163));
#8160 = ORIENTED_EDGE('',*,*,#1305,.T.);
#8161 = ORIENTED_EDGE('',*,*,#8110,.T.);
#8162 = ORIENTED_EDGE('',*,*,#5936,.F.);
#8163 = ORIENTED_EDGE('',*,*,#8164,.F.);
#8164 = EDGE_CURVE('',#1306,#5937,#8165,.T.);
#8165 = SURFACE_CURVE('',#8166,(#8170,#8177),.PCURVE_S1.);
#8166 = LINE('',#8167,#8168);
#8167 = CARTESIAN_POINT('',(8.75,-1.,12.766168824543));
#8168 = VECTOR('',#8169,1.);
#8169 = DIRECTION('',(-0.,1.,-0.));
#8170 = PCURVE('',#1321,#8171);
#8171 = DEFINITIONAL_REPRESENTATION('',(#8172),#8176);
#8172 = LINE('',#8173,#8174);
#8173 = CARTESIAN_POINT('',(-6.074873734153,-0.));
#8174 = VECTOR('',#8175,1.);
#8175 = DIRECTION('',(-0.,-1.));
#8176 = ( GEOMETRIC_REPRESENTATION_CONTEXT(2) 
PARAMETRIC_REPRESENTATION_CONTEXT() REPRESENTATION_CONTEXT('2D SPACE',''
  ) );
#8177 = PCURVE('',#1349,#8178);
#8178 = DEFINITIONAL_REPRESENTATION('',(#8179),#8183);
#8179 = LINE('',#8180,#8181);
#8180 = CARTESIAN_POINT('',(-0.,0.));
#8181 = VECTOR('',#8182,1.);
#8182 = DIRECTION('',(-0.,-1.));
#8183 = ( GEOMETRIC_REPRESENTATION_CONTEXT(2) 
PARAMETRIC_REPRESENTATION_CONTEXT() REPRESENTATION_CONTEXT('2D SPACE',''
  ) );
#8184 = ADVANCED_FACE('',(#8185),#1349,.F.);
#8185 = FACE_BOUND('',#8186,.T.);
#8186 = EDGE_LOOP('',(#8187,#8188,#8189,#8190));
#8187 = ORIENTED_EDGE('',*,*,#1333,.T.);
#8188 = ORIENTED_EDGE('',*,*,#8164,.T.);
#8189 = ORIENTED_EDGE('',*,*,#5959,.F.);
#8190 = ORIENTED_EDGE('',*,*,#8135,.F.);
#8191 = ADVANCED_FACE('',(#8192),#1408,.F.);
#8192 = FACE_BOUND('',#8193,.T.);
#8193 = EDGE_LOOP('',(#8194,#8195,#8216,#8217));
#8194 = ORIENTED_EDGE('',*,*,#1390,.T.);
#8195 = ORIENTED_EDGE('',*,*,#8196,.T.);
#8196 = EDGE_CURVE('',#1393,#6009,#8197,.T.);
#8197 = SURFACE_CURVE('',#8198,(#8202,#8209),.PCURVE_S1.);
#8198 = LINE('',#8199,#8200);
#8199 = CARTESIAN_POINT('',(10.5,-1.,18.2));
#8200 = VECTOR('',#8201,1.);
#8201 = DIRECTION('',(-0.,1.,-0.));
#8202 = PCURVE('',#1408,#8203);
#8203 = DEFINITIONAL_REPRESENTATION('',(#8204),#8208);
#8204 = LINE('',#8205,#8206);
#8205 = CARTESIAN_POINT('',(-0.,-0.));
#8206 = VECTOR('',#8207,1.);
#8207 = DIRECTION('',(-0.,-1.));
#8208 = ( GEOMETRIC_REPRESENTATION_CONTEXT(2) 
PARAMETRIC_REPRESENTATION_CONTEXT() REPRESENTATION_CONTEXT('2D SPACE',''
  ) );
#8209 = PCURVE('',#1520,#8210);
#8210 = DEFINITIONAL_REPRESENTATION('',(#8211),#8215);
#8211 = LINE('',#8212,#8213);
#8212 = CARTESIAN_POINT('',(-2.356194490192,0.));
#8213 = VECTOR('',#8214,1.);
#8214 = DIRECTION('',(-0.,-1.));
#8215 = ( GEOMETRIC_REPRESENTATION_CONTEXT(2) 
PARAMETRIC_REPRESENTATION_CONTEXT() REPRESENTATION_CONTEXT('2D SPACE',''
  ) );
#8216 = ORIENTED_EDGE('',*,*,#6006,.F.);
#8217 = ORIENTED_EDGE('',*,*,#8218,.F.);
#8218 = EDGE_CURVE('',#1391,#6007,#8219,.T.);
#8219 = SURFACE_CURVE('',#8220,(#8224,#8231),.PCURVE_S1.);
#8220 = LINE('',#8221,#8222);
#8221 = CARTESIAN_POINT('',(7.,-1.,18.2));
#8222 = VECTOR('',#8223,1.);
#8223 = DIRECTION('',(-0.,1.,-0.));
#8224 = PCURVE('',#1408,#8225);
#8225 = DEFINITIONAL_REPRESENTATION('',(#8226),#8230);
#8226 = LINE('',#8227,#8228);
#8227 = CARTESIAN_POINT('',(-3.5,0.));
#8228 = VECTOR('',#8229,1.);
#8229 = DIRECTION('',(-0.,-1.));
#8230 = ( GEOMETRIC_REPRESENTATION_CONTEXT(2) 
PARAMETRIC_REPRESENTATION_CONTEXT() REPRESENTATION_CONTEXT('2D SPACE',''
  ) );
#8231 = PCURVE('',#1437,#8232);
#8232 = DEFINITIONAL_REPRESENTATION('',(#8233),#8237);
#8233 = LINE('',#8234,#8235);
#8234 = CARTESIAN_POINT('',(-0.,0.));
#8235 = VECTOR('',#8236,1.);
#8236 = DIRECTION('',(-0.,-1.));
#8237 = ( GEOMETRIC_REPRESENTATION_CONTEXT(2) 
PARAMETRIC_REPRESENTATION_CONTEXT() REPRESENTATION_CONTEXT('2D SPACE',''
  ) );
#8238 = ADVANCED_FACE('',(#8239),#1437,.F.);
#8239 = FACE_BOUND('',#8240,.T.);
#8240 = EDGE_LOOP('',(#8241,#8242,#8243,#8244));
#8241 = ORIENTED_EDGE('',*,*,#1420,.F.);
#8242 = ORIENTED_EDGE('',*,*,#8218,.T.);
#8243 = ORIENTED_EDGE('',*,*,#6031,.T.);
#8244 = ORIENTED_EDGE('',*,*,#8245,.F.);
#8245 = EDGE_CURVE('',#1421,#6032,#8246,.T.);
#8246 = SURFACE_CURVE('',#8247,(#8251,#8258),.PCURVE_S1.);
#8247 = LINE('',#8248,#8249);
#8248 = CARTESIAN_POINT('',(4.454415587728,-1.,24.345584412272));
#8249 = VECTOR('',#8250,1.);
#8250 = DIRECTION('',(-0.,1.,-0.));
#8251 = PCURVE('',#1437,#8252);
#8252 = DEFINITIONAL_REPRESENTATION('',(#8253),#8257);
#8253 = LINE('',#8254,#8255);
#8254 = CARTESIAN_POINT('',(-2.356194490192,0.));
#8255 = VECTOR('',#8256,1.);
#8256 = DIRECTION('',(-0.,-1.));
#8257 = ( GEOMETRIC_REPRESENTATION_CONTEXT(2) 
PARAMETRIC_REPRESENTATION_CONTEXT() REPRESENTATION_CONTEXT('2D SPACE',''
  ) );
#8258 = PCURVE('',#1465,#8259);
#8259 = DEFINITIONAL_REPRESENTATION('',(#8260),#8264);
#8260 = LINE('',#8261,#8262);
#8261 = CARTESIAN_POINT('',(-0.,-0.));
#8262 = VECTOR('',#8263,1.);
#8263 = DIRECTION('',(-0.,-1.));
#8264 = ( GEOMETRIC_REPRESENTATION_CONTEXT(2) 
PARAMETRIC_REPRESENTATION_CONTEXT() REPRESENTATION_CONTEXT('2D SPACE',''
  ) );
#8265 = ADVANCED_FACE('',(#8266),#1520,.F.);
#8266 = FACE_BOUND('',#8267,.T.);
#8267 = EDGE_LOOP('',(#8268,#8269,#8290,#8291));
#8268 = ORIENTED_EDGE('',*,*,#1505,.F.);
#8269 = ORIENTED_EDGE('',*,*,#8270,.T.);
#8270 = EDGE_CURVE('',#1478,#6079,#8271,.T.);
#8271 = SURFACE_CURVE('',#8272,(#8276,#8283),.PCURVE_S1.);
#8272 = LINE('',#8273,#8274);
#8273 = CARTESIAN_POINT('',(13.045584412272,-1.,24.345584412272));
#8274 = VECTOR('',#8275,1.);
#8275 = DIRECTION('',(-0.,1.,-0.));
#8276 = PCURVE('',#1520,#8277);
#8277 = DEFINITIONAL_REPRESENTATION('',(#8278),#8282);
#8278 = LINE('',#8279,#8280);
#8279 = CARTESIAN_POINT('',(-0.,0.));
#8280 = VECTOR('',#8281,1.);
#8281 = DIRECTION('',(-0.,-1.));
#8282 = ( GEOMETRIC_REPRESENTATION_CONTEXT(2) 
PARAMETRIC_REPRESENTATION_CONTEXT() REPRESENTATION_CONTEXT('2D SPACE',''
  ) );
#8283 = PCURVE('',#1493,#8284);
#8284 = DEFINITIONAL_REPRESENTATION('',(#8285),#8289);
#8285 = LINE('',#8286,#8287);
#8286 = CARTESIAN_POINT('',(-6.074873734153,-0.));
#8287 = VECTOR('',#8288,1.);
#8288 = DIRECTION('',(-0.,-1.));
#8289 = ( GEOMETRIC_REPRESENTATION_CONTEXT(2) 
PARAMETRIC_REPRESENTATION_CONTEXT() REPRESENTATION_CONTEXT('2D SPACE',''
  ) );
#8290 = ORIENTED_EDGE('',*,*,#6101,.T.);
#8291 = ORIENTED_EDGE('',*,*,#8196,.F.);
#8292 = ADVANCED_FACE('',(#8293),#1465,.F.);
#8293 = FACE_BOUND('',#8294,.T.);
#8294 = EDGE_LOOP('',(#8295,#8296,#8297,#8298));
#8295 = ORIENTED_EDGE('',*,*,#1449,.T.);
#8296 = ORIENTED_EDGE('',*,*,#8245,.T.);
#8297 = ORIENTED_EDGE('',*,*,#6055,.F.);
#8298 = ORIENTED_EDGE('',*,*,#8299,.F.);
#8299 = EDGE_CURVE('',#1450,#6056,#8300,.T.);
#8300 = SURFACE_CURVE('',#8301,(#8305,#8312),.PCURVE_S1.);
#8301 = LINE('',#8302,#8303);
#8302 = CARTESIAN_POINT('',(8.75,-1.,28.641168824543));
#8303 = VECTOR('',#8304,1.);
#8304 = DIRECTION('',(-0.,1.,-0.));
#8305 = PCURVE('',#1465,#8306);
#8306 = DEFINITIONAL_REPRESENTATION('',(#8307),#8311);
#8307 = LINE('',#8308,#8309);
#8308 = CARTESIAN_POINT('',(-6.074873734153,-0.));
#8309 = VECTOR('',#8310,1.);
#8310 = DIRECTION('',(-0.,-1.));
#8311 = ( GEOMETRIC_REPRESENTATION_CONTEXT(2) 
PARAMETRIC_REPRESENTATION_CONTEXT() REPRESENTATION_CONTEXT('2D SPACE',''
  ) );
#8312 = PCURVE('',#1493,#8313);
#8313 = DEFINITIONAL_REPRESENTATION('',(#8314),#8318);
#8314 = LINE('',#8315,#8316);
#8315 = CARTESIAN_POINT('',(-0.,0.));
#8316 = VECTOR('',#8317,1.);
#8317 = DIRECTION('',(-0.,-1.));
#8318 = ( GEOMETRIC_REPRESENTATION_CONTEXT(2) 
PARAMETRIC_REPRESENTATION_CONTEXT() REPRESENTATION_CONTEXT('2D SPACE',''
  ) );
#8319 = ADVANCED_FACE('',(#8320),#1493,.F.);
#8320 = FACE_BOUND('',#8321,.T.);
#8321 = EDGE_LOOP('',(#8322,#8323,#8324,#8325));
#8322 = ORIENTED_EDGE('',*,*,#1477,.T.);
#8323 = ORIENTED_EDGE('',*,*,#8299,.T.);
#8324 = ORIENTED_EDGE('',*,*,#6078,.F.);
#8325 = ORIENTED_EDGE('',*,*,#8270,.F.);
#8326 = ADVANCED_FACE('',(#8327),#1551,.T.);
#8327 = FACE_BOUND('',#8328,.T.);
#8328 = EDGE_LOOP('',(#8329,#8330,#8331,#8352));
#8329 = ORIENTED_EDGE('',*,*,#1535,.F.);
#8330 = ORIENTED_EDGE('',*,*,#2564,.T.);
#8331 = ORIENTED_EDGE('',*,*,#8332,.T.);
#8332 = EDGE_CURVE('',#2537,#1591,#8333,.T.);
#8333 = SURFACE_CURVE('',#8334,(#8338,#8345),.PCURVE_S1.);
#8334 = LINE('',#8335,#8336);
#8335 = CARTESIAN_POINT('',(52.4,172.09999999999,-33.6));
#8336 = VECTOR('',#8337,1.);
#8337 = DIRECTION('',(0.57735026919,0.57735026919,0.57735026919));
#8338 = PCURVE('',#1551,#8339);
#8339 = DEFINITIONAL_REPRESENTATION('',(#8340),#8344);
#8340 = LINE('',#8341,#8342);
#8341 = CARTESIAN_POINT('',(168.89999999999,-47.72970773009));
#8342 = VECTOR('',#8343,1.);
#8343 = DIRECTION('',(0.57735026919,0.816496580928));
#8344 = ( GEOMETRIC_REPRESENTATION_CONTEXT(2) 
PARAMETRIC_REPRESENTATION_CONTEXT() REPRESENTATION_CONTEXT('2D SPACE',''
  ) );
#8345 = PCURVE('',#2552,#8346);
#8346 = DEFINITIONAL_REPRESENTATION('',(#8347),#8351);
#8347 = LINE('',#8348,#8349);
#8348 = CARTESIAN_POINT('',(-33.9,-47.72970773009));
#8349 = VECTOR('',#8350,1.);
#8350 = DIRECTION('',(0.57735026919,0.816496580928));
#8351 = ( GEOMETRIC_REPRESENTATION_CONTEXT(2) 
PARAMETRIC_REPRESENTATION_CONTEXT() REPRESENTATION_CONTEXT('2D SPACE',''
  ) );
#8352 = ORIENTED_EDGE('',*,*,#1590,.F.);
#8353 = ADVANCED_FACE('',(#8354),#1902,.F.);
#8354 = FACE_BOUND('',#8355,.F.);
#8355 = EDGE_LOOP('',(#8356,#8379,#8380,#8381));
#8356 = ORIENTED_EDGE('',*,*,#8357,.F.);
#8357 = EDGE_CURVE('',#1858,#8358,#8360,.T.);
#8358 = VERTEX_POINT('',#8359);
#8359 = CARTESIAN_POINT('',(83.3,35.004163056034,9.004163056034));
#8360 = SURFACE_CURVE('',#8361,(#8365,#8372),.PCURVE_S1.);
#8361 = LINE('',#8362,#8363);
#8362 = CARTESIAN_POINT('',(87.3,35.004163056034,9.004163056034));
#8363 = VECTOR('',#8364,1.);
#8364 = DIRECTION('',(-1.,-0.,-0.));
#8365 = PCURVE('',#1902,#8366);
#8366 = DEFINITIONAL_REPRESENTATION('',(#8367),#8371);
#8367 = LINE('',#8368,#8369);
#8368 = CARTESIAN_POINT('',(8.639379797372,0.));
#8369 = VECTOR('',#8370,1.);
#8370 = DIRECTION('',(0.,-1.));
#8371 = ( GEOMETRIC_REPRESENTATION_CONTEXT(2) 
PARAMETRIC_REPRESENTATION_CONTEXT() REPRESENTATION_CONTEXT('2D SPACE',''
  ) );
#8372 = PCURVE('',#1873,#8373);
#8373 = DEFINITIONAL_REPRESENTATION('',(#8374),#8378);
#8374 = LINE('',#8375,#8376);
#8375 = CARTESIAN_POINT('',(-0.,0.));
#8376 = VECTOR('',#8377,1.);
#8377 = DIRECTION('',(-0.,-1.));
#8378 = ( GEOMETRIC_REPRESENTATION_CONTEXT(2) 
PARAMETRIC_REPRESENTATION_CONTEXT() REPRESENTATION_CONTEXT('2D SPACE',''
  ) );
#8379 = ORIENTED_EDGE('',*,*,#1885,.T.);
#8380 = ORIENTED_EDGE('',*,*,#2642,.F.);
#8381 = ORIENTED_EDGE('',*,*,#8382,.F.);
#8382 = EDGE_CURVE('',#8358,#2615,#8383,.T.);
#8383 = SURFACE_CURVE('',#8384,(#8389,#8396),.PCURVE_S1.);
#8384 = CIRCLE('',#8385,3.4);
#8385 = AXIS2_PLACEMENT_3D('',#8386,#8387,#8388);
#8386 = CARTESIAN_POINT('',(83.3,32.6,6.6));
#8387 = DIRECTION('',(-1.,-0.,0.));
#8388 = DIRECTION('',(-0.,0.707106781187,0.707106781187));
#8389 = PCURVE('',#1902,#8390);
#8390 = DEFINITIONAL_REPRESENTATION('',(#8391),#8395);
#8391 = LINE('',#8392,#8393);
#8392 = CARTESIAN_POINT('',(8.639379797372,-4.));
#8393 = VECTOR('',#8394,1.);
#8394 = DIRECTION('',(-1.,-0.));
#8395 = ( GEOMETRIC_REPRESENTATION_CONTEXT(2) 
PARAMETRIC_REPRESENTATION_CONTEXT() REPRESENTATION_CONTEXT('2D SPACE',''
  ) );
#8396 = PCURVE('',#2630,#8397);
#8397 = DEFINITIONAL_REPRESENTATION('',(#8398),#8402);
#8398 = CIRCLE('',#8399,3.4);
#8399 = AXIS2_PLACEMENT_2D('',#8400,#8401);
#8400 = CARTESIAN_POINT('',(0.420220046137,1.42108547152E-14));
#8401 = DIRECTION('',(-0.707106781187,-0.707106781187));
#8402 = ( GEOMETRIC_REPRESENTATION_CONTEXT(2) 
PARAMETRIC_REPRESENTATION_CONTEXT() REPRESENTATION_CONTEXT('2D SPACE',''
  ) );
#8403 = ADVANCED_FACE('',(#8404),#1873,.T.);
#8404 = FACE_BOUND('',#8405,.F.);
#8405 = EDGE_LOOP('',(#8406,#8407,#8408,#8431));
#8406 = ORIENTED_EDGE('',*,*,#1857,.T.);
#8407 = ORIENTED_EDGE('',*,*,#8357,.T.);
#8408 = ORIENTED_EDGE('',*,*,#8409,.T.);
#8409 = EDGE_CURVE('',#8358,#8410,#8412,.T.);
#8410 = VERTEX_POINT('',#8411);
#8411 = CARTESIAN_POINT('',(83.3,32.6,11.408326112069));
#8412 = SURFACE_CURVE('',#8413,(#8417,#8424),.PCURVE_S1.);
#8413 = LINE('',#8414,#8415);
#8414 = CARTESIAN_POINT('',(83.3,35.004163056034,9.004163056034));
#8415 = VECTOR('',#8416,1.);
#8416 = DIRECTION('',(-0.,-0.707106781187,0.707106781187));
#8417 = PCURVE('',#1873,#8418);
#8418 = DEFINITIONAL_REPRESENTATION('',(#8419),#8423);
#8419 = LINE('',#8420,#8421);
#8420 = CARTESIAN_POINT('',(-0.,-4.));
#8421 = VECTOR('',#8422,1.);
#8422 = DIRECTION('',(-1.,0.));
#8423 = ( GEOMETRIC_REPRESENTATION_CONTEXT(2) 
PARAMETRIC_REPRESENTATION_CONTEXT() REPRESENTATION_CONTEXT('2D SPACE',''
  ) );
#8424 = PCURVE('',#2630,#8425);
#8425 = DEFINITIONAL_REPRESENTATION('',(#8426),#8430);
#8426 = LINE('',#8427,#8428);
#8427 = CARTESIAN_POINT('',(-1.983943009898,-2.404163056034));
#8428 = VECTOR('',#8429,1.);
#8429 = DIRECTION('',(-0.707106781187,0.707106781187));
#8430 = ( GEOMETRIC_REPRESENTATION_CONTEXT(2) 
PARAMETRIC_REPRESENTATION_CONTEXT() REPRESENTATION_CONTEXT('2D SPACE',''
  ) );
#8431 = ORIENTED_EDGE('',*,*,#8432,.F.);
#8432 = EDGE_CURVE('',#1830,#8410,#8433,.T.);
#8433 = SURFACE_CURVE('',#8434,(#8438,#8445),.PCURVE_S1.);
#8434 = LINE('',#8435,#8436);
#8435 = CARTESIAN_POINT('',(87.3,32.6,11.408326112069));
#8436 = VECTOR('',#8437,1.);
#8437 = DIRECTION('',(-1.,-0.,-0.));
#8438 = PCURVE('',#1873,#8439);
#8439 = DEFINITIONAL_REPRESENTATION('',(#8440),#8444);
#8440 = LINE('',#8441,#8442);
#8441 = CARTESIAN_POINT('',(-3.4,0.));
#8442 = VECTOR('',#8443,1.);
#8443 = DIRECTION('',(-0.,-1.));
#8444 = ( GEOMETRIC_REPRESENTATION_CONTEXT(2) 
PARAMETRIC_REPRESENTATION_CONTEXT() REPRESENTATION_CONTEXT('2D SPACE',''
  ) );
#8445 = PCURVE('',#1845,#8446);
#8446 = DEFINITIONAL_REPRESENTATION('',(#8447),#8451);
#8447 = LINE('',#8448,#8449);
#8448 = CARTESIAN_POINT('',(0.,-0.));
#8449 = VECTOR('',#8450,1.);
#8450 = DIRECTION('',(-0.,-1.));
#8451 = ( GEOMETRIC_REPRESENTATION_CONTEXT(2) 
PARAMETRIC_REPRESENTATION_CONTEXT() REPRESENTATION_CONTEXT('2D SPACE',''
  ) );
#8452 = ADVANCED_FACE('',(#8453),#1675,.F.);
#8453 = FACE_BOUND('',#8454,.F.);
#8454 = EDGE_LOOP('',(#8455,#8456,#8479,#8501));
#8455 = ORIENTED_EDGE('',*,*,#1658,.T.);
#8456 = ORIENTED_EDGE('',*,*,#8457,.T.);
#8457 = EDGE_CURVE('',#1659,#8458,#8460,.T.);
#8458 = VERTEX_POINT('',#8459);
#8459 = CARTESIAN_POINT('',(83.3,174.99583694396,9.004163056034));
#8460 = SURFACE_CURVE('',#8461,(#8465,#8472),.PCURVE_S1.);
#8461 = LINE('',#8462,#8463);
#8462 = CARTESIAN_POINT('',(87.3,174.99583694396,9.004163056034));
#8463 = VECTOR('',#8464,1.);
#8464 = DIRECTION('',(-1.,-0.,-0.));
#8465 = PCURVE('',#1675,#8466);
#8466 = DEFINITIONAL_REPRESENTATION('',(#8467),#8471);
#8467 = LINE('',#8468,#8469);
#8468 = CARTESIAN_POINT('',(-2.356194490192,0.));
#8469 = VECTOR('',#8470,1.);
#8470 = DIRECTION('',(0.,-1.));
#8471 = ( GEOMETRIC_REPRESENTATION_CONTEXT(2) 
PARAMETRIC_REPRESENTATION_CONTEXT() REPRESENTATION_CONTEXT('2D SPACE',''
  ) );
#8472 = PCURVE('',#1703,#8473);
#8473 = DEFINITIONAL_REPRESENTATION('',(#8474),#8478);
#8474 = LINE('',#8475,#8476);
#8475 = CARTESIAN_POINT('',(-3.4,0.));
#8476 = VECTOR('',#8477,1.);
#8477 = DIRECTION('',(-0.,-1.));
#8478 = ( GEOMETRIC_REPRESENTATION_CONTEXT(2) 
PARAMETRIC_REPRESENTATION_CONTEXT() REPRESENTATION_CONTEXT('2D SPACE',''
  ) );
#8479 = ORIENTED_EDGE('',*,*,#8480,.F.);
#8480 = EDGE_CURVE('',#4546,#8458,#8481,.T.);
#8481 = SURFACE_CURVE('',#8482,(#8487,#8494),.PCURVE_S1.);
#8482 = CIRCLE('',#8483,3.4);
#8483 = AXIS2_PLACEMENT_3D('',#8484,#8485,#8486);
#8484 = CARTESIAN_POINT('',(83.3,177.4,6.6));
#8485 = DIRECTION('',(-1.,-0.,0.));
#8486 = DIRECTION('',(-0.,0.707106781187,0.707106781187));
#8487 = PCURVE('',#1675,#8488);
#8488 = DEFINITIONAL_REPRESENTATION('',(#8489),#8493);
#8489 = LINE('',#8490,#8491);
#8490 = CARTESIAN_POINT('',(2.356194490192,-4.));
#8491 = VECTOR('',#8492,1.);
#8492 = DIRECTION('',(-1.,-0.));
#8493 = ( GEOMETRIC_REPRESENTATION_CONTEXT(2) 
PARAMETRIC_REPRESENTATION_CONTEXT() REPRESENTATION_CONTEXT('2D SPACE',''
  ) );
#8494 = PCURVE('',#4561,#8495);
#8495 = DEFINITIONAL_REPRESENTATION('',(#8496),#8500);
#8496 = CIRCLE('',#8497,3.4);
#8497 = AXIS2_PLACEMENT_2D('',#8498,#8499);
#8498 = CARTESIAN_POINT('',(0.420220046137,0.));
#8499 = DIRECTION('',(-0.707106781187,-0.707106781187));
#8500 = ( GEOMETRIC_REPRESENTATION_CONTEXT(2) 
PARAMETRIC_REPRESENTATION_CONTEXT() REPRESENTATION_CONTEXT('2D SPACE',''
  ) );
#8501 = ORIENTED_EDGE('',*,*,#4573,.T.);
#8502 = ADVANCED_FACE('',(#8503),#1845,.T.);
#8503 = FACE_BOUND('',#8504,.F.);
#8504 = EDGE_LOOP('',(#8505,#8506,#8507,#8530));
#8505 = ORIENTED_EDGE('',*,*,#1829,.T.);
#8506 = ORIENTED_EDGE('',*,*,#8432,.T.);
#8507 = ORIENTED_EDGE('',*,*,#8508,.T.);
#8508 = EDGE_CURVE('',#8410,#8509,#8511,.T.);
#8509 = VERTEX_POINT('',#8510);
#8510 = CARTESIAN_POINT('',(83.3,30.195836943966,9.004163056034));
#8511 = SURFACE_CURVE('',#8512,(#8516,#8523),.PCURVE_S1.);
#8512 = LINE('',#8513,#8514);
#8513 = CARTESIAN_POINT('',(83.3,32.6,11.408326112069));
#8514 = VECTOR('',#8515,1.);
#8515 = DIRECTION('',(-0.,-0.707106781187,-0.707106781187));
#8516 = PCURVE('',#1845,#8517);
#8517 = DEFINITIONAL_REPRESENTATION('',(#8518),#8522);
#8518 = LINE('',#8519,#8520);
#8519 = CARTESIAN_POINT('',(-0.,-4.));
#8520 = VECTOR('',#8521,1.);
#8521 = DIRECTION('',(-1.,0.));
#8522 = ( GEOMETRIC_REPRESENTATION_CONTEXT(2) 
PARAMETRIC_REPRESENTATION_CONTEXT() REPRESENTATION_CONTEXT('2D SPACE',''
  ) );
#8523 = PCURVE('',#2630,#8524);
#8524 = DEFINITIONAL_REPRESENTATION('',(#8525),#8529);
#8525 = LINE('',#8526,#8527);
#8526 = CARTESIAN_POINT('',(-4.388106065932,7.105427357601E-15));
#8527 = VECTOR('',#8528,1.);
#8528 = DIRECTION('',(0.707106781187,0.707106781187));
#8529 = ( GEOMETRIC_REPRESENTATION_CONTEXT(2) 
PARAMETRIC_REPRESENTATION_CONTEXT() REPRESENTATION_CONTEXT('2D SPACE',''
  ) );
#8530 = ORIENTED_EDGE('',*,*,#8531,.F.);
#8531 = EDGE_CURVE('',#1801,#8509,#8532,.T.);
#8532 = SURFACE_CURVE('',#8533,(#8537,#8544),.PCURVE_S1.);
#8533 = LINE('',#8534,#8535);
#8534 = CARTESIAN_POINT('',(87.3,30.195836943966,9.004163056034));
#8535 = VECTOR('',#8536,1.);
#8536 = DIRECTION('',(-1.,-0.,-0.));
#8537 = PCURVE('',#1845,#8538);
#8538 = DEFINITIONAL_REPRESENTATION('',(#8539),#8543);
#8539 = LINE('',#8540,#8541);
#8540 = CARTESIAN_POINT('',(-3.4,0.));
#8541 = VECTOR('',#8542,1.);
#8542 = DIRECTION('',(-0.,-1.));
#8543 = ( GEOMETRIC_REPRESENTATION_CONTEXT(2) 
PARAMETRIC_REPRESENTATION_CONTEXT() REPRESENTATION_CONTEXT('2D SPACE',''
  ) );
#8544 = PCURVE('',#1817,#8545);
#8545 = DEFINITIONAL_REPRESENTATION('',(#8546),#8550);
#8546 = LINE('',#8547,#8548);
#8547 = CARTESIAN_POINT('',(3.926990816987,0.));
#8548 = VECTOR('',#8549,1.);
#8549 = DIRECTION('',(0.,-1.));
#8550 = ( GEOMETRIC_REPRESENTATION_CONTEXT(2) 
PARAMETRIC_REPRESENTATION_CONTEXT() REPRESENTATION_CONTEXT('2D SPACE',''
  ) );
#8551 = ADVANCED_FACE('',(#8552),#1703,.T.);
#8552 = FACE_BOUND('',#8553,.F.);
#8553 = EDGE_LOOP('',(#8554,#8555,#8578,#8599));
#8554 = ORIENTED_EDGE('',*,*,#1687,.T.);
#8555 = ORIENTED_EDGE('',*,*,#8556,.T.);
#8556 = EDGE_CURVE('',#1688,#8557,#8559,.T.);
#8557 = VERTEX_POINT('',#8558);
#8558 = CARTESIAN_POINT('',(83.3,177.4,11.408326112069));
#8559 = SURFACE_CURVE('',#8560,(#8564,#8571),.PCURVE_S1.);
#8560 = LINE('',#8561,#8562);
#8561 = CARTESIAN_POINT('',(87.3,177.4,11.408326112069));
#8562 = VECTOR('',#8563,1.);
#8563 = DIRECTION('',(-1.,-0.,-0.));
#8564 = PCURVE('',#1703,#8565);
#8565 = DEFINITIONAL_REPRESENTATION('',(#8566),#8570);
#8566 = LINE('',#8567,#8568);
#8567 = CARTESIAN_POINT('',(0.,-0.));
#8568 = VECTOR('',#8569,1.);
#8569 = DIRECTION('',(-0.,-1.));
#8570 = ( GEOMETRIC_REPRESENTATION_CONTEXT(2) 
PARAMETRIC_REPRESENTATION_CONTEXT() REPRESENTATION_CONTEXT('2D SPACE',''
  ) );
#8571 = PCURVE('',#1731,#8572);
#8572 = DEFINITIONAL_REPRESENTATION('',(#8573),#8577);
#8573 = LINE('',#8574,#8575);
#8574 = CARTESIAN_POINT('',(-3.4,0.));
#8575 = VECTOR('',#8576,1.);
#8576 = DIRECTION('',(-0.,-1.));
#8577 = ( GEOMETRIC_REPRESENTATION_CONTEXT(2) 
PARAMETRIC_REPRESENTATION_CONTEXT() REPRESENTATION_CONTEXT('2D SPACE',''
  ) );
#8578 = ORIENTED_EDGE('',*,*,#8579,.T.);
#8579 = EDGE_CURVE('',#8557,#8458,#8580,.T.);
#8580 = SURFACE_CURVE('',#8581,(#8585,#8592),.PCURVE_S1.);
#8581 = LINE('',#8582,#8583);
#8582 = CARTESIAN_POINT('',(83.3,177.4,11.408326112069));
#8583 = VECTOR('',#8584,1.);
#8584 = DIRECTION('',(-0.,-0.707106781187,-0.707106781187));
#8585 = PCURVE('',#1703,#8586);
#8586 = DEFINITIONAL_REPRESENTATION('',(#8587),#8591);
#8587 = LINE('',#8588,#8589);
#8588 = CARTESIAN_POINT('',(-0.,-4.));
#8589 = VECTOR('',#8590,1.);
#8590 = DIRECTION('',(-1.,0.));
#8591 = ( GEOMETRIC_REPRESENTATION_CONTEXT(2) 
PARAMETRIC_REPRESENTATION_CONTEXT() REPRESENTATION_CONTEXT('2D SPACE',''
  ) );
#8592 = PCURVE('',#4561,#8593);
#8593 = DEFINITIONAL_REPRESENTATION('',(#8594),#8598);
#8594 = LINE('',#8595,#8596);
#8595 = CARTESIAN_POINT('',(-4.388106065932,2.84217094304E-14));
#8596 = VECTOR('',#8597,1.);
#8597 = DIRECTION('',(0.707106781187,0.707106781187));
#8598 = ( GEOMETRIC_REPRESENTATION_CONTEXT(2) 
PARAMETRIC_REPRESENTATION_CONTEXT() REPRESENTATION_CONTEXT('2D SPACE',''
  ) );
#8599 = ORIENTED_EDGE('',*,*,#8457,.F.);
#8600 = ADVANCED_FACE('',(#8601),#1817,.F.);
#8601 = FACE_BOUND('',#8602,.F.);
#8602 = EDGE_LOOP('',(#8603,#8604,#8605,#8629));
#8603 = ORIENTED_EDGE('',*,*,#1800,.T.);
#8604 = ORIENTED_EDGE('',*,*,#8531,.T.);
#8605 = ORIENTED_EDGE('',*,*,#8606,.F.);
#8606 = EDGE_CURVE('',#8607,#8509,#8609,.T.);
#8607 = VERTEX_POINT('',#8608);
#8608 = CARTESIAN_POINT('',(83.3,35.878719262151,5.7));
#8609 = SURFACE_CURVE('',#8610,(#8615,#8622),.PCURVE_S1.);
#8610 = CIRCLE('',#8611,3.4);
#8611 = AXIS2_PLACEMENT_3D('',#8612,#8613,#8614);
#8612 = CARTESIAN_POINT('',(83.3,32.6,6.6));
#8613 = DIRECTION('',(-1.,-0.,0.));
#8614 = DIRECTION('',(-0.,0.707106781187,0.707106781187));
#8615 = PCURVE('',#1817,#8616);
#8616 = DEFINITIONAL_REPRESENTATION('',(#8617),#8621);
#8617 = LINE('',#8618,#8619);
#8618 = CARTESIAN_POINT('',(8.639379797372,-4.));
#8619 = VECTOR('',#8620,1.);
#8620 = DIRECTION('',(-1.,-0.));
#8621 = ( GEOMETRIC_REPRESENTATION_CONTEXT(2) 
PARAMETRIC_REPRESENTATION_CONTEXT() REPRESENTATION_CONTEXT('2D SPACE',''
  ) );
#8622 = PCURVE('',#2630,#8623);
#8623 = DEFINITIONAL_REPRESENTATION('',(#8624),#8628);
#8624 = CIRCLE('',#8625,3.4);
#8625 = AXIS2_PLACEMENT_2D('',#8626,#8627);
#8626 = CARTESIAN_POINT('',(0.420220046137,1.42108547152E-14));
#8627 = DIRECTION('',(-0.707106781187,-0.707106781187));
#8628 = ( GEOMETRIC_REPRESENTATION_CONTEXT(2) 
PARAMETRIC_REPRESENTATION_CONTEXT() REPRESENTATION_CONTEXT('2D SPACE',''
  ) );
#8629 = ORIENTED_EDGE('',*,*,#8630,.T.);
#8630 = EDGE_CURVE('',#8607,#1773,#8631,.T.);
#8631 = SURFACE_CURVE('',#8632,(#8636,#8643),.PCURVE_S1.);
#8632 = LINE('',#8633,#8634);
#8633 = CARTESIAN_POINT('',(87.3,35.878719262151,5.7));
#8634 = VECTOR('',#8635,1.);
#8635 = DIRECTION('',(1.,-0.,0.));
#8636 = PCURVE('',#1817,#8637);
#8637 = DEFINITIONAL_REPRESENTATION('',(#8638),#8642);
#8638 = LINE('',#8639,#8640);
#8639 = CARTESIAN_POINT('',(7.586082721568,0.));
#8640 = VECTOR('',#8641,1.);
#8641 = DIRECTION('',(0.,1.));
#8642 = ( GEOMETRIC_REPRESENTATION_CONTEXT(2) 
PARAMETRIC_REPRESENTATION_CONTEXT() REPRESENTATION_CONTEXT('2D SPACE',''
  ) );
#8643 = PCURVE('',#1788,#8644);
#8644 = DEFINITIONAL_REPRESENTATION('',(#8645),#8649);
#8645 = LINE('',#8646,#8647);
#8646 = CARTESIAN_POINT('',(0.,7.8719262151E-02));
#8647 = VECTOR('',#8648,1.);
#8648 = DIRECTION('',(1.,-0.));
#8649 = ( GEOMETRIC_REPRESENTATION_CONTEXT(2) 
PARAMETRIC_REPRESENTATION_CONTEXT() REPRESENTATION_CONTEXT('2D SPACE',''
  ) );
#8650 = ADVANCED_FACE('',(#8651),#1731,.T.);
#8651 = FACE_BOUND('',#8652,.F.);
#8652 = EDGE_LOOP('',(#8653,#8654,#8677,#8698));
#8653 = ORIENTED_EDGE('',*,*,#1715,.T.);
#8654 = ORIENTED_EDGE('',*,*,#8655,.T.);
#8655 = EDGE_CURVE('',#1716,#8656,#8658,.T.);
#8656 = VERTEX_POINT('',#8657);
#8657 = CARTESIAN_POINT('',(83.3,179.80416305603,9.004163056034));
#8658 = SURFACE_CURVE('',#8659,(#8663,#8670),.PCURVE_S1.);
#8659 = LINE('',#8660,#8661);
#8660 = CARTESIAN_POINT('',(87.3,179.80416305603,9.004163056034));
#8661 = VECTOR('',#8662,1.);
#8662 = DIRECTION('',(-1.,-0.,-0.));
#8663 = PCURVE('',#1731,#8664);
#8664 = DEFINITIONAL_REPRESENTATION('',(#8665),#8669);
#8665 = LINE('',#8666,#8667);
#8666 = CARTESIAN_POINT('',(-0.,0.));
#8667 = VECTOR('',#8668,1.);
#8668 = DIRECTION('',(-0.,-1.));
#8669 = ( GEOMETRIC_REPRESENTATION_CONTEXT(2) 
PARAMETRIC_REPRESENTATION_CONTEXT() REPRESENTATION_CONTEXT('2D SPACE',''
  ) );
#8670 = PCURVE('',#1760,#8671);
#8671 = DEFINITIONAL_REPRESENTATION('',(#8672),#8676);
#8672 = LINE('',#8673,#8674);
#8673 = CARTESIAN_POINT('',(2.356194490192,0.));
#8674 = VECTOR('',#8675,1.);
#8675 = DIRECTION('',(0.,-1.));
#8676 = ( GEOMETRIC_REPRESENTATION_CONTEXT(2) 
PARAMETRIC_REPRESENTATION_CONTEXT() REPRESENTATION_CONTEXT('2D SPACE',''
  ) );
#8677 = ORIENTED_EDGE('',*,*,#8678,.T.);
#8678 = EDGE_CURVE('',#8656,#8557,#8679,.T.);
#8679 = SURFACE_CURVE('',#8680,(#8684,#8691),.PCURVE_S1.);
#8680 = LINE('',#8681,#8682);
#8681 = CARTESIAN_POINT('',(83.3,179.80416305603,9.004163056034));
#8682 = VECTOR('',#8683,1.);
#8683 = DIRECTION('',(-0.,-0.707106781187,0.707106781187));
#8684 = PCURVE('',#1731,#8685);
#8685 = DEFINITIONAL_REPRESENTATION('',(#8686),#8690);
#8686 = LINE('',#8687,#8688);
#8687 = CARTESIAN_POINT('',(-0.,-4.));
#8688 = VECTOR('',#8689,1.);
#8689 = DIRECTION('',(-1.,0.));
#8690 = ( GEOMETRIC_REPRESENTATION_CONTEXT(2) 
PARAMETRIC_REPRESENTATION_CONTEXT() REPRESENTATION_CONTEXT('2D SPACE',''
  ) );
#8691 = PCURVE('',#4561,#8692);
#8692 = DEFINITIONAL_REPRESENTATION('',(#8693),#8697);
#8693 = LINE('',#8694,#8695);
#8694 = CARTESIAN_POINT('',(-1.983943009898,-2.404163056034));
#8695 = VECTOR('',#8696,1.);
#8696 = DIRECTION('',(-0.707106781187,0.707106781187));
#8697 = ( GEOMETRIC_REPRESENTATION_CONTEXT(2) 
PARAMETRIC_REPRESENTATION_CONTEXT() REPRESENTATION_CONTEXT('2D SPACE',''
  ) );
#8698 = ORIENTED_EDGE('',*,*,#8556,.F.);
#8699 = ADVANCED_FACE('',(#8700),#1788,.T.);
#8700 = FACE_BOUND('',#8701,.F.);
#8701 = EDGE_LOOP('',(#8702,#8703,#8726,#8747,#8748,#8749,#8770,#8771,
    #8772,#8773,#8799));
#8702 = ORIENTED_EDGE('',*,*,#4522,.F.);
#8703 = ORIENTED_EDGE('',*,*,#8704,.F.);
#8704 = EDGE_CURVE('',#8705,#4523,#8707,.T.);
#8705 = VERTEX_POINT('',#8706);
#8706 = CARTESIAN_POINT('',(83.3,174.12128073784,5.7));
#8707 = SURFACE_CURVE('',#8708,(#8712,#8719),.PCURVE_S1.);
#8708 = LINE('',#8709,#8710);
#8709 = CARTESIAN_POINT('',(83.3,106.6,5.7));
#8710 = VECTOR('',#8711,1.);
#8711 = DIRECTION('',(-0.,1.,-0.));
#8712 = PCURVE('',#1788,#8713);
#8713 = DEFINITIONAL_REPRESENTATION('',(#8714),#8718);
#8714 = LINE('',#8715,#8716);
#8715 = CARTESIAN_POINT('',(-4.,70.8));
#8716 = VECTOR('',#8717,1.);
#8717 = DIRECTION('',(-0.,1.));
#8718 = ( GEOMETRIC_REPRESENTATION_CONTEXT(2) 
PARAMETRIC_REPRESENTATION_CONTEXT() REPRESENTATION_CONTEXT('2D SPACE',''
  ) );
#8719 = PCURVE('',#4561,#8720);
#8720 = DEFINITIONAL_REPRESENTATION('',(#8721),#8725);
#8721 = LINE('',#8722,#8723);
#8722 = CARTESIAN_POINT('',(1.320220046137,70.8));
#8723 = VECTOR('',#8724,1.);
#8724 = DIRECTION('',(-0.,-1.));
#8725 = ( GEOMETRIC_REPRESENTATION_CONTEXT(2) 
PARAMETRIC_REPRESENTATION_CONTEXT() REPRESENTATION_CONTEXT('2D SPACE',''
  ) );
#8726 = ORIENTED_EDGE('',*,*,#8727,.T.);
#8727 = EDGE_CURVE('',#8705,#1744,#8728,.T.);
#8728 = SURFACE_CURVE('',#8729,(#8733,#8740),.PCURVE_S1.);
#8729 = LINE('',#8730,#8731);
#8730 = CARTESIAN_POINT('',(87.3,174.12128073784,5.7));
#8731 = VECTOR('',#8732,1.);
#8732 = DIRECTION('',(1.,-0.,-0.));
#8733 = PCURVE('',#1788,#8734);
#8734 = DEFINITIONAL_REPRESENTATION('',(#8735),#8739);
#8735 = LINE('',#8736,#8737);
#8736 = CARTESIAN_POINT('',(0.,138.32128073784));
#8737 = VECTOR('',#8738,1.);
#8738 = DIRECTION('',(1.,-0.));
#8739 = ( GEOMETRIC_REPRESENTATION_CONTEXT(2) 
PARAMETRIC_REPRESENTATION_CONTEXT() REPRESENTATION_CONTEXT('2D SPACE',''
  ) );
#8740 = PCURVE('',#1760,#8741);
#8741 = DEFINITIONAL_REPRESENTATION('',(#8742),#8746);
#8742 = LINE('',#8743,#8744);
#8743 = CARTESIAN_POINT('',(-1.302897414389,0.));
#8744 = VECTOR('',#8745,1.);
#8745 = DIRECTION('',(0.,1.));
#8746 = ( GEOMETRIC_REPRESENTATION_CONTEXT(2) 
PARAMETRIC_REPRESENTATION_CONTEXT() REPRESENTATION_CONTEXT('2D SPACE',''
  ) );
#8747 = ORIENTED_EDGE('',*,*,#1772,.T.);
#8748 = ORIENTED_EDGE('',*,*,#8630,.F.);
#8749 = ORIENTED_EDGE('',*,*,#8750,.F.);
#8750 = EDGE_CURVE('',#2590,#8607,#8751,.T.);
#8751 = SURFACE_CURVE('',#8752,(#8756,#8763),.PCURVE_S1.);
#8752 = LINE('',#8753,#8754);
#8753 = CARTESIAN_POINT('',(83.3,34.2,5.7));
#8754 = VECTOR('',#8755,1.);
#8755 = DIRECTION('',(-0.,1.,-0.));
#8756 = PCURVE('',#1788,#8757);
#8757 = DEFINITIONAL_REPRESENTATION('',(#8758),#8762);
#8758 = LINE('',#8759,#8760);
#8759 = CARTESIAN_POINT('',(-4.,-1.6));
#8760 = VECTOR('',#8761,1.);
#8761 = DIRECTION('',(-0.,1.));
#8762 = ( GEOMETRIC_REPRESENTATION_CONTEXT(2) 
PARAMETRIC_REPRESENTATION_CONTEXT() REPRESENTATION_CONTEXT('2D SPACE',''
  ) );
#8763 = PCURVE('',#2630,#8764);
#8764 = DEFINITIONAL_REPRESENTATION('',(#8765),#8769);
#8765 = LINE('',#8766,#8767);
#8766 = CARTESIAN_POINT('',(1.320220046137,-1.6));
#8767 = VECTOR('',#8768,1.);
#8768 = DIRECTION('',(-0.,-1.));
#8769 = ( GEOMETRIC_REPRESENTATION_CONTEXT(2) 
PARAMETRIC_REPRESENTATION_CONTEXT() REPRESENTATION_CONTEXT('2D SPACE',''
  ) );
#8770 = ORIENTED_EDGE('',*,*,#2589,.T.);
#8771 = ORIENTED_EDGE('',*,*,#2713,.F.);
#8772 = ORIENTED_EDGE('',*,*,#2738,.T.);
#8773 = ORIENTED_EDGE('',*,*,#8774,.F.);
#8774 = EDGE_CURVE('',#4163,#2739,#8775,.T.);
#8775 = SURFACE_CURVE('',#8776,(#8781,#8792),.PCURVE_S1.);
#8776 = CIRCLE('',#8777,2.);
#8777 = AXIS2_PLACEMENT_3D('',#8778,#8779,#8780);
#8778 = CARTESIAN_POINT('',(78.3,36.,5.7));
#8779 = DIRECTION('',(0.,0.,-1.));
#8780 = DIRECTION('',(-1.,-0.,-0.));
#8781 = PCURVE('',#1788,#8782);
#8782 = DEFINITIONAL_REPRESENTATION('',(#8783),#8791);
#8783 = ( BOUNDED_CURVE() B_SPLINE_CURVE(2,(#8784,#8785,#8786,#8787,
#8788,#8789,#8790),.UNSPECIFIED.,.T.,.F.) B_SPLINE_CURVE_WITH_KNOTS((1,2
    ,2,2,2,1),(-2.094395102393,0.,2.094395102393,4.188790204786,
6.28318530718,8.377580409573),.UNSPECIFIED.) CURVE() 
GEOMETRIC_REPRESENTATION_ITEM() RATIONAL_B_SPLINE_CURVE((1.,0.5,1.,0.5,
1.,0.5,1.)) REPRESENTATION_ITEM('') );
#8784 = CARTESIAN_POINT('',(-11.,0.2));
#8785 = CARTESIAN_POINT('',(-11.,3.664101615138));
#8786 = CARTESIAN_POINT('',(-8.,1.932050807569));
#8787 = CARTESIAN_POINT('',(-5.,0.2));
#8788 = CARTESIAN_POINT('',(-8.,-1.532050807569));
#8789 = CARTESIAN_POINT('',(-11.,-3.264101615138));
#8790 = CARTESIAN_POINT('',(-11.,0.2));
#8791 = ( GEOMETRIC_REPRESENTATION_CONTEXT(2) 
PARAMETRIC_REPRESENTATION_CONTEXT() REPRESENTATION_CONTEXT('2D SPACE',''
  ) );
#8792 = PCURVE('',#2828,#8793);
#8793 = DEFINITIONAL_REPRESENTATION('',(#8794),#8798);
#8794 = LINE('',#8795,#8796);
#8795 = CARTESIAN_POINT('',(0.,-3.1));
#8796 = VECTOR('',#8797,1.);
#8797 = DIRECTION('',(1.,0.));
#8798 = ( GEOMETRIC_REPRESENTATION_CONTEXT(2) 
PARAMETRIC_REPRESENTATION_CONTEXT() REPRESENTATION_CONTEXT('2D SPACE',''
  ) );
#8799 = ORIENTED_EDGE('',*,*,#4162,.F.);
#8800 = ADVANCED_FACE('',(#8801),#1760,.F.);
#8801 = FACE_BOUND('',#8802,.F.);
#8802 = EDGE_LOOP('',(#8803,#8804,#8805,#8806));
#8803 = ORIENTED_EDGE('',*,*,#8655,.F.);
#8804 = ORIENTED_EDGE('',*,*,#1743,.T.);
#8805 = ORIENTED_EDGE('',*,*,#8727,.F.);
#8806 = ORIENTED_EDGE('',*,*,#8807,.F.);
#8807 = EDGE_CURVE('',#8656,#8705,#8808,.T.);
#8808 = SURFACE_CURVE('',#8809,(#8814,#8821),.PCURVE_S1.);
#8809 = CIRCLE('',#8810,3.4);
#8810 = AXIS2_PLACEMENT_3D('',#8811,#8812,#8813);
#8811 = CARTESIAN_POINT('',(83.3,177.4,6.6));
#8812 = DIRECTION('',(-1.,-0.,0.));
#8813 = DIRECTION('',(-0.,0.707106781187,0.707106781187));
#8814 = PCURVE('',#1760,#8815);
#8815 = DEFINITIONAL_REPRESENTATION('',(#8816),#8820);
#8816 = LINE('',#8817,#8818);
#8817 = CARTESIAN_POINT('',(2.356194490192,-4.));
#8818 = VECTOR('',#8819,1.);
#8819 = DIRECTION('',(-1.,-0.));
#8820 = ( GEOMETRIC_REPRESENTATION_CONTEXT(2) 
PARAMETRIC_REPRESENTATION_CONTEXT() REPRESENTATION_CONTEXT('2D SPACE',''
  ) );
#8821 = PCURVE('',#4561,#8822);
#8822 = DEFINITIONAL_REPRESENTATION('',(#8823),#8827);
#8823 = CIRCLE('',#8824,3.4);
#8824 = AXIS2_PLACEMENT_2D('',#8825,#8826);
#8825 = CARTESIAN_POINT('',(0.420220046137,0.));
#8826 = DIRECTION('',(-0.707106781187,-0.707106781187));
#8827 = ( GEOMETRIC_REPRESENTATION_CONTEXT(2) 
PARAMETRIC_REPRESENTATION_CONTEXT() REPRESENTATION_CONTEXT('2D SPACE',''
  ) );
#8828 = ADVANCED_FACE('',(#8829),#1957,.F.);
#8829 = FACE_BOUND('',#8830,.F.);
#8830 = EDGE_LOOP('',(#8831,#8854,#8855,#8878));
#8831 = ORIENTED_EDGE('',*,*,#8832,.F.);
#8832 = EDGE_CURVE('',#1939,#8833,#8835,.T.);
#8833 = VERTEX_POINT('',#8834);
#8834 = CARTESIAN_POINT('',(83.9,194.98492424049,10.784924240492));
#8835 = SURFACE_CURVE('',#8836,(#8840,#8847),.PCURVE_S1.);
#8836 = LINE('',#8837,#8838);
#8837 = CARTESIAN_POINT('',(87.3,194.98492424049,10.784924240492));
#8838 = VECTOR('',#8839,1.);
#8839 = DIRECTION('',(-1.,-0.,-0.));
#8840 = PCURVE('',#1957,#8841);
#8841 = DEFINITIONAL_REPRESENTATION('',(#8842),#8846);
#8842 = LINE('',#8843,#8844);
#8843 = CARTESIAN_POINT('',(2.356194490192,0.));
#8844 = VECTOR('',#8845,1.);
#8845 = DIRECTION('',(0.,-1.));
#8846 = ( GEOMETRIC_REPRESENTATION_CONTEXT(2) 
PARAMETRIC_REPRESENTATION_CONTEXT() REPRESENTATION_CONTEXT('2D SPACE',''
  ) );
#8847 = PCURVE('',#2068,#8848);
#8848 = DEFINITIONAL_REPRESENTATION('',(#8849),#8853);
#8849 = LINE('',#8850,#8851);
#8850 = CARTESIAN_POINT('',(-0.,0.));
#8851 = VECTOR('',#8852,1.);
#8852 = DIRECTION('',(-0.,-1.));
#8853 = ( GEOMETRIC_REPRESENTATION_CONTEXT(2) 
PARAMETRIC_REPRESENTATION_CONTEXT() REPRESENTATION_CONTEXT('2D SPACE',''
  ) );
#8854 = ORIENTED_EDGE('',*,*,#1938,.T.);
#8855 = ORIENTED_EDGE('',*,*,#8856,.T.);
#8856 = EDGE_CURVE('',#1941,#8857,#8859,.T.);
#8857 = VERTEX_POINT('',#8858);
#8858 = CARTESIAN_POINT('',(83.9,193.5,7.2));
#8859 = SURFACE_CURVE('',#8860,(#8864,#8871),.PCURVE_S1.);
#8860 = LINE('',#8861,#8862);
#8861 = CARTESIAN_POINT('',(87.3,193.5,7.2));
#8862 = VECTOR('',#8863,1.);
#8863 = DIRECTION('',(-1.,-0.,-0.));
#8864 = PCURVE('',#1957,#8865);
#8865 = DEFINITIONAL_REPRESENTATION('',(#8866),#8870);
#8866 = LINE('',#8867,#8868);
#8867 = CARTESIAN_POINT('',(0.,0.));
#8868 = VECTOR('',#8869,1.);
#8869 = DIRECTION('',(0.,-1.));
#8870 = ( GEOMETRIC_REPRESENTATION_CONTEXT(2) 
PARAMETRIC_REPRESENTATION_CONTEXT() REPRESENTATION_CONTEXT('2D SPACE',''
  ) );
#8871 = PCURVE('',#1985,#8872);
#8872 = DEFINITIONAL_REPRESENTATION('',(#8873),#8877);
#8873 = LINE('',#8874,#8875);
#8874 = CARTESIAN_POINT('',(-2.,0.));
#8875 = VECTOR('',#8876,1.);
#8876 = DIRECTION('',(-0.,-1.));
#8877 = ( GEOMETRIC_REPRESENTATION_CONTEXT(2) 
PARAMETRIC_REPRESENTATION_CONTEXT() REPRESENTATION_CONTEXT('2D SPACE',''
  ) );
#8878 = ORIENTED_EDGE('',*,*,#8879,.F.);
#8879 = EDGE_CURVE('',#8833,#8857,#8880,.T.);
#8880 = SURFACE_CURVE('',#8881,(#8886,#8893),.PCURVE_S1.);
#8881 = CIRCLE('',#8882,2.1);
#8882 = AXIS2_PLACEMENT_3D('',#8883,#8884,#8885);
#8883 = CARTESIAN_POINT('',(83.9,193.5,9.3));
#8884 = DIRECTION('',(-1.,0.,0.));
#8885 = DIRECTION('',(-0.,-0.,-1.));
#8886 = PCURVE('',#1957,#8887);
#8887 = DEFINITIONAL_REPRESENTATION('',(#8888),#8892);
#8888 = LINE('',#8889,#8890);
#8889 = CARTESIAN_POINT('',(6.28318530718,-3.4));
#8890 = VECTOR('',#8891,1.);
#8891 = DIRECTION('',(-1.,0.));
#8892 = ( GEOMETRIC_REPRESENTATION_CONTEXT(2) 
PARAMETRIC_REPRESENTATION_CONTEXT() REPRESENTATION_CONTEXT('2D SPACE',''
  ) );
#8893 = PCURVE('',#8894,#8899);
#8894 = PLANE('',#8895);
#8895 = AXIS2_PLACEMENT_3D('',#8896,#8897,#8898);
#8896 = CARTESIAN_POINT('',(83.9,192.5,10.007533727551));
#8897 = DIRECTION('',(-1.,-0.,-0.));
#8898 = DIRECTION('',(0.,0.,-1.));
#8899 = DEFINITIONAL_REPRESENTATION('',(#8900),#8904);
#8900 = CIRCLE('',#8901,2.1);
#8901 = AXIS2_PLACEMENT_2D('',#8902,#8903);
#8902 = CARTESIAN_POINT('',(0.707533727551,-1.));
#8903 = DIRECTION('',(1.,-0.));
#8904 = ( GEOMETRIC_REPRESENTATION_CONTEXT(2) 
PARAMETRIC_REPRESENTATION_CONTEXT() REPRESENTATION_CONTEXT('2D SPACE',''
  ) );
#8905 = ADVANCED_FACE('',(#8906),#2068,.T.);
#8906 = FACE_BOUND('',#8907,.F.);
#8907 = EDGE_LOOP('',(#8908,#8931,#8932,#8933));
#8908 = ORIENTED_EDGE('',*,*,#8909,.F.);
#8909 = EDGE_CURVE('',#2027,#8910,#8912,.T.);
#8910 = VERTEX_POINT('',#8911);
#8911 = CARTESIAN_POINT('',(83.9,192.5,13.269848480984));
#8912 = SURFACE_CURVE('',#8913,(#8917,#8924),.PCURVE_S1.);
#8913 = LINE('',#8914,#8915);
#8914 = CARTESIAN_POINT('',(87.3,192.5,13.269848480984));
#8915 = VECTOR('',#8916,1.);
#8916 = DIRECTION('',(-1.,-0.,-0.));
#8917 = PCURVE('',#2068,#8918);
#8918 = DEFINITIONAL_REPRESENTATION('',(#8919),#8923);
#8919 = LINE('',#8920,#8921);
#8920 = CARTESIAN_POINT('',(-3.514213562373,0.));
#8921 = VECTOR('',#8922,1.);
#8922 = DIRECTION('',(-0.,-1.));
#8923 = ( GEOMETRIC_REPRESENTATION_CONTEXT(2) 
PARAMETRIC_REPRESENTATION_CONTEXT() REPRESENTATION_CONTEXT('2D SPACE',''
  ) );
#8924 = PCURVE('',#2042,#8925);
#8925 = DEFINITIONAL_REPRESENTATION('',(#8926),#8930);
#8926 = LINE('',#8927,#8928);
#8927 = CARTESIAN_POINT('',(0.,-0.));
#8928 = VECTOR('',#8929,1.);
#8929 = DIRECTION('',(-0.,-1.));
#8930 = ( GEOMETRIC_REPRESENTATION_CONTEXT(2) 
PARAMETRIC_REPRESENTATION_CONTEXT() REPRESENTATION_CONTEXT('2D SPACE',''
  ) );
#8931 = ORIENTED_EDGE('',*,*,#2054,.T.);
#8932 = ORIENTED_EDGE('',*,*,#8832,.T.);
#8933 = ORIENTED_EDGE('',*,*,#8934,.T.);
#8934 = EDGE_CURVE('',#8833,#8910,#8935,.T.);
#8935 = SURFACE_CURVE('',#8936,(#8940,#8947),.PCURVE_S1.);
#8936 = LINE('',#8937,#8938);
#8937 = CARTESIAN_POINT('',(83.9,194.5580408086,11.211807672379));
#8938 = VECTOR('',#8939,1.);
#8939 = DIRECTION('',(-0.,-0.707106781187,0.707106781187));
#8940 = PCURVE('',#2068,#8941);
#8941 = DEFINITIONAL_REPRESENTATION('',(#8942),#8946);
#8942 = LINE('',#8943,#8944);
#8943 = CARTESIAN_POINT('',(-0.603704338928,-3.4));
#8944 = VECTOR('',#8945,1.);
#8945 = DIRECTION('',(-1.,0.));
#8946 = ( GEOMETRIC_REPRESENTATION_CONTEXT(2) 
PARAMETRIC_REPRESENTATION_CONTEXT() REPRESENTATION_CONTEXT('2D SPACE',''
  ) );
#8947 = PCURVE('',#8894,#8948);
#8948 = DEFINITIONAL_REPRESENTATION('',(#8949),#8953);
#8949 = LINE('',#8950,#8951);
#8950 = CARTESIAN_POINT('',(-1.204273944829,-2.058040808604));
#8951 = VECTOR('',#8952,1.);
#8952 = DIRECTION('',(-0.707106781187,0.707106781187));
#8953 = ( GEOMETRIC_REPRESENTATION_CONTEXT(2) 
PARAMETRIC_REPRESENTATION_CONTEXT() REPRESENTATION_CONTEXT('2D SPACE',''
  ) );
#8954 = ADVANCED_FACE('',(#8955),#1985,.T.);
#8955 = FACE_BOUND('',#8956,.F.);
#8956 = EDGE_LOOP('',(#8957,#8958,#8959,#8982));
#8957 = ORIENTED_EDGE('',*,*,#8856,.F.);
#8958 = ORIENTED_EDGE('',*,*,#1969,.T.);
#8959 = ORIENTED_EDGE('',*,*,#8960,.T.);
#8960 = EDGE_CURVE('',#1970,#8961,#8963,.T.);
#8961 = VERTEX_POINT('',#8962);
#8962 = CARTESIAN_POINT('',(83.9,191.5,7.2));
#8963 = SURFACE_CURVE('',#8964,(#8968,#8975),.PCURVE_S1.);
#8964 = LINE('',#8965,#8966);
#8965 = CARTESIAN_POINT('',(87.3,191.5,7.2));
#8966 = VECTOR('',#8967,1.);
#8967 = DIRECTION('',(-1.,-0.,-0.));
#8968 = PCURVE('',#1985,#8969);
#8969 = DEFINITIONAL_REPRESENTATION('',(#8970),#8974);
#8970 = LINE('',#8971,#8972);
#8971 = CARTESIAN_POINT('',(-0.,0.));
#8972 = VECTOR('',#8973,1.);
#8973 = DIRECTION('',(-0.,-1.));
#8974 = ( GEOMETRIC_REPRESENTATION_CONTEXT(2) 
PARAMETRIC_REPRESENTATION_CONTEXT() REPRESENTATION_CONTEXT('2D SPACE',''
  ) );
#8975 = PCURVE('',#2014,#8976);
#8976 = DEFINITIONAL_REPRESENTATION('',(#8977),#8981);
#8977 = LINE('',#8978,#8979);
#8978 = CARTESIAN_POINT('',(2.356194490192,0.));
#8979 = VECTOR('',#8980,1.);
#8980 = DIRECTION('',(0.,-1.));
#8981 = ( GEOMETRIC_REPRESENTATION_CONTEXT(2) 
PARAMETRIC_REPRESENTATION_CONTEXT() REPRESENTATION_CONTEXT('2D SPACE',''
  ) );
#8982 = ORIENTED_EDGE('',*,*,#8983,.T.);
#8983 = EDGE_CURVE('',#8961,#8857,#8984,.T.);
#8984 = SURFACE_CURVE('',#8985,(#8989,#8996),.PCURVE_S1.);
#8985 = LINE('',#8986,#8987);
#8986 = CARTESIAN_POINT('',(83.9,192.,7.2));
#8987 = VECTOR('',#8988,1.);
#8988 = DIRECTION('',(-0.,1.,-0.));
#8989 = PCURVE('',#1985,#8990);
#8990 = DEFINITIONAL_REPRESENTATION('',(#8991),#8995);
#8991 = LINE('',#8992,#8993);
#8992 = CARTESIAN_POINT('',(-0.5,-3.4));
#8993 = VECTOR('',#8994,1.);
#8994 = DIRECTION('',(-1.,0.));
#8995 = ( GEOMETRIC_REPRESENTATION_CONTEXT(2) 
PARAMETRIC_REPRESENTATION_CONTEXT() REPRESENTATION_CONTEXT('2D SPACE',''
  ) );
#8996 = PCURVE('',#8894,#8997);
#8997 = DEFINITIONAL_REPRESENTATION('',(#8998),#9002);
#8998 = LINE('',#8999,#9000);
#8999 = CARTESIAN_POINT('',(2.807533727551,0.5));
#9000 = VECTOR('',#9001,1.);
#9001 = DIRECTION('',(-0.,-1.));
#9002 = ( GEOMETRIC_REPRESENTATION_CONTEXT(2) 
PARAMETRIC_REPRESENTATION_CONTEXT() REPRESENTATION_CONTEXT('2D SPACE',''
  ) );
#9003 = ADVANCED_FACE('',(#9004),#2042,.T.);
#9004 = FACE_BOUND('',#9005,.F.);
#9005 = EDGE_LOOP('',(#9006,#9029,#9030,#9031));
#9006 = ORIENTED_EDGE('',*,*,#9007,.F.);
#9007 = EDGE_CURVE('',#1998,#9008,#9010,.T.);
#9008 = VERTEX_POINT('',#9009);
#9009 = CARTESIAN_POINT('',(83.9,190.0150757595,10.784924240492));
#9010 = SURFACE_CURVE('',#9011,(#9015,#9022),.PCURVE_S1.);
#9011 = LINE('',#9012,#9013);
#9012 = CARTESIAN_POINT('',(87.3,190.0150757595,10.784924240492));
#9013 = VECTOR('',#9014,1.);
#9014 = DIRECTION('',(-1.,-0.,-0.));
#9015 = PCURVE('',#2042,#9016);
#9016 = DEFINITIONAL_REPRESENTATION('',(#9017),#9021);
#9017 = LINE('',#9018,#9019);
#9018 = CARTESIAN_POINT('',(-3.514213562373,0.));
#9019 = VECTOR('',#9020,1.);
#9020 = DIRECTION('',(-0.,-1.));
#9021 = ( GEOMETRIC_REPRESENTATION_CONTEXT(2) 
PARAMETRIC_REPRESENTATION_CONTEXT() REPRESENTATION_CONTEXT('2D SPACE',''
  ) );
#9022 = PCURVE('',#2014,#9023);
#9023 = DEFINITIONAL_REPRESENTATION('',(#9024),#9028);
#9024 = LINE('',#9025,#9026);
#9025 = CARTESIAN_POINT('',(0.,0.));
#9026 = VECTOR('',#9027,1.);
#9027 = DIRECTION('',(0.,-1.));
#9028 = ( GEOMETRIC_REPRESENTATION_CONTEXT(2) 
PARAMETRIC_REPRESENTATION_CONTEXT() REPRESENTATION_CONTEXT('2D SPACE',''
  ) );
#9029 = ORIENTED_EDGE('',*,*,#2026,.T.);
#9030 = ORIENTED_EDGE('',*,*,#8909,.T.);
#9031 = ORIENTED_EDGE('',*,*,#9032,.T.);
#9032 = EDGE_CURVE('',#8910,#9008,#9033,.T.);
#9033 = SURFACE_CURVE('',#9034,(#9038,#9045),.PCURVE_S1.);
#9034 = LINE('',#9035,#9036);
#9035 = CARTESIAN_POINT('',(83.9,191.68442131164,12.454269792625));
#9036 = VECTOR('',#9037,1.);
#9037 = DIRECTION('',(-0.,-0.707106781187,-0.707106781187));
#9038 = PCURVE('',#2042,#9039);
#9039 = DEFINITIONAL_REPRESENTATION('',(#9040),#9044);
#9040 = LINE('',#9041,#9042);
#9041 = CARTESIAN_POINT('',(-1.153402442259,-3.4));
#9042 = VECTOR('',#9043,1.);
#9043 = DIRECTION('',(-1.,0.));
#9044 = ( GEOMETRIC_REPRESENTATION_CONTEXT(2) 
PARAMETRIC_REPRESENTATION_CONTEXT() REPRESENTATION_CONTEXT('2D SPACE',''
  ) );
#9045 = PCURVE('',#8894,#9046);
#9046 = DEFINITIONAL_REPRESENTATION('',(#9047),#9051);
#9047 = LINE('',#9048,#9049);
#9048 = CARTESIAN_POINT('',(-2.446736065074,0.815578688358));
#9049 = VECTOR('',#9050,1.);
#9050 = DIRECTION('',(0.707106781187,0.707106781187));
#9051 = ( GEOMETRIC_REPRESENTATION_CONTEXT(2) 
PARAMETRIC_REPRESENTATION_CONTEXT() REPRESENTATION_CONTEXT('2D SPACE',''
  ) );
#9052 = ADVANCED_FACE('',(#9053),#2014,.F.);
#9053 = FACE_BOUND('',#9054,.F.);
#9054 = EDGE_LOOP('',(#9055,#9056,#9057,#9058));
#9055 = ORIENTED_EDGE('',*,*,#8960,.F.);
#9056 = ORIENTED_EDGE('',*,*,#1997,.T.);
#9057 = ORIENTED_EDGE('',*,*,#9007,.T.);
#9058 = ORIENTED_EDGE('',*,*,#9059,.F.);
#9059 = EDGE_CURVE('',#8961,#9008,#9060,.T.);
#9060 = SURFACE_CURVE('',#9061,(#9066,#9073),.PCURVE_S1.);
#9061 = CIRCLE('',#9062,2.1);
#9062 = AXIS2_PLACEMENT_3D('',#9063,#9064,#9065);
#9063 = CARTESIAN_POINT('',(83.9,191.5,9.3));
#9064 = DIRECTION('',(-1.,0.,-0.));
#9065 = DIRECTION('',(-0.,-0.707106781187,0.707106781187));
#9066 = PCURVE('',#2014,#9067);
#9067 = DEFINITIONAL_REPRESENTATION('',(#9068),#9072);
#9068 = LINE('',#9069,#9070);
#9069 = CARTESIAN_POINT('',(6.28318530718,-3.4));
#9070 = VECTOR('',#9071,1.);
#9071 = DIRECTION('',(-1.,0.));
#9072 = ( GEOMETRIC_REPRESENTATION_CONTEXT(2) 
PARAMETRIC_REPRESENTATION_CONTEXT() REPRESENTATION_CONTEXT('2D SPACE',''
  ) );
#9073 = PCURVE('',#8894,#9074);
#9074 = DEFINITIONAL_REPRESENTATION('',(#9075),#9079);
#9075 = CIRCLE('',#9076,2.1);
#9076 = AXIS2_PLACEMENT_2D('',#9077,#9078);
#9077 = CARTESIAN_POINT('',(0.707533727551,1.));
#9078 = DIRECTION('',(-0.707106781187,0.707106781187));
#9079 = ( GEOMETRIC_REPRESENTATION_CONTEXT(2) 
PARAMETRIC_REPRESENTATION_CONTEXT() REPRESENTATION_CONTEXT('2D SPACE',''
  ) );
#9080 = ADVANCED_FACE('',(#9081),#2101,.F.);
#9081 = FACE_BOUND('',#9082,.F.);
#9082 = EDGE_LOOP('',(#9083,#9106,#9107,#9130));
#9083 = ORIENTED_EDGE('',*,*,#9084,.F.);
#9084 = EDGE_CURVE('',#2083,#9085,#9087,.T.);
#9085 = VERTEX_POINT('',#9086);
#9086 = CARTESIAN_POINT('',(83.9,194.98492424049,35.784924240492));
#9087 = SURFACE_CURVE('',#9088,(#9092,#9099),.PCURVE_S1.);
#9088 = LINE('',#9089,#9090);
#9089 = CARTESIAN_POINT('',(87.3,194.98492424049,35.784924240492));
#9090 = VECTOR('',#9091,1.);
#9091 = DIRECTION('',(-1.,-0.,-0.));
#9092 = PCURVE('',#2101,#9093);
#9093 = DEFINITIONAL_REPRESENTATION('',(#9094),#9098);
#9094 = LINE('',#9095,#9096);
#9095 = CARTESIAN_POINT('',(2.356194490192,0.));
#9096 = VECTOR('',#9097,1.);
#9097 = DIRECTION('',(0.,-1.));
#9098 = ( GEOMETRIC_REPRESENTATION_CONTEXT(2) 
PARAMETRIC_REPRESENTATION_CONTEXT() REPRESENTATION_CONTEXT('2D SPACE',''
  ) );
#9099 = PCURVE('',#2212,#9100);
#9100 = DEFINITIONAL_REPRESENTATION('',(#9101),#9105);
#9101 = LINE('',#9102,#9103);
#9102 = CARTESIAN_POINT('',(-0.,0.));
#9103 = VECTOR('',#9104,1.);
#9104 = DIRECTION('',(-0.,-1.));
#9105 = ( GEOMETRIC_REPRESENTATION_CONTEXT(2) 
PARAMETRIC_REPRESENTATION_CONTEXT() REPRESENTATION_CONTEXT('2D SPACE',''
  ) );
#9106 = ORIENTED_EDGE('',*,*,#2082,.T.);
#9107 = ORIENTED_EDGE('',*,*,#9108,.T.);
#9108 = EDGE_CURVE('',#2085,#9109,#9111,.T.);
#9109 = VERTEX_POINT('',#9110);
#9110 = CARTESIAN_POINT('',(83.9,193.5,32.2));
#9111 = SURFACE_CURVE('',#9112,(#9116,#9123),.PCURVE_S1.);
#9112 = LINE('',#9113,#9114);
#9113 = CARTESIAN_POINT('',(87.3,193.5,32.2));
#9114 = VECTOR('',#9115,1.);
#9115 = DIRECTION('',(-1.,-0.,-0.));
#9116 = PCURVE('',#2101,#9117);
#9117 = DEFINITIONAL_REPRESENTATION('',(#9118),#9122);
#9118 = LINE('',#9119,#9120);
#9119 = CARTESIAN_POINT('',(0.,0.));
#9120 = VECTOR('',#9121,1.);
#9121 = DIRECTION('',(0.,-1.));
#9122 = ( GEOMETRIC_REPRESENTATION_CONTEXT(2) 
PARAMETRIC_REPRESENTATION_CONTEXT() REPRESENTATION_CONTEXT('2D SPACE',''
  ) );
#9123 = PCURVE('',#2129,#9124);
#9124 = DEFINITIONAL_REPRESENTATION('',(#9125),#9129);
#9125 = LINE('',#9126,#9127);
#9126 = CARTESIAN_POINT('',(-2.,0.));
#9127 = VECTOR('',#9128,1.);
#9128 = DIRECTION('',(-0.,-1.));
#9129 = ( GEOMETRIC_REPRESENTATION_CONTEXT(2) 
PARAMETRIC_REPRESENTATION_CONTEXT() REPRESENTATION_CONTEXT('2D SPACE',''
  ) );
#9130 = ORIENTED_EDGE('',*,*,#9131,.F.);
#9131 = EDGE_CURVE('',#9085,#9109,#9132,.T.);
#9132 = SURFACE_CURVE('',#9133,(#9138,#9145),.PCURVE_S1.);
#9133 = CIRCLE('',#9134,2.1);
#9134 = AXIS2_PLACEMENT_3D('',#9135,#9136,#9137);
#9135 = CARTESIAN_POINT('',(83.9,193.5,34.3));
#9136 = DIRECTION('',(-1.,0.,0.));
#9137 = DIRECTION('',(-0.,-0.,-1.));
#9138 = PCURVE('',#2101,#9139);
#9139 = DEFINITIONAL_REPRESENTATION('',(#9140),#9144);
#9140 = LINE('',#9141,#9142);
#9141 = CARTESIAN_POINT('',(6.28318530718,-3.4));
#9142 = VECTOR('',#9143,1.);
#9143 = DIRECTION('',(-1.,0.));
#9144 = ( GEOMETRIC_REPRESENTATION_CONTEXT(2) 
PARAMETRIC_REPRESENTATION_CONTEXT() REPRESENTATION_CONTEXT('2D SPACE',''
  ) );
#9145 = PCURVE('',#9146,#9151);
#9146 = PLANE('',#9147);
#9147 = AXIS2_PLACEMENT_3D('',#9148,#9149,#9150);
#9148 = CARTESIAN_POINT('',(83.9,192.5,35.007533727551));
#9149 = DIRECTION('',(-1.,-0.,-0.));
#9150 = DIRECTION('',(0.,0.,-1.));
#9151 = DEFINITIONAL_REPRESENTATION('',(#9152),#9156);
#9152 = CIRCLE('',#9153,2.1);
#9153 = AXIS2_PLACEMENT_2D('',#9154,#9155);
#9154 = CARTESIAN_POINT('',(0.707533727551,-1.));
#9155 = DIRECTION('',(1.,-0.));
#9156 = ( GEOMETRIC_REPRESENTATION_CONTEXT(2) 
PARAMETRIC_REPRESENTATION_CONTEXT() REPRESENTATION_CONTEXT('2D SPACE',''
  ) );
#9157 = ADVANCED_FACE('',(#9158),#2212,.T.);
#9158 = FACE_BOUND('',#9159,.F.);
#9159 = EDGE_LOOP('',(#9160,#9183,#9184,#9185));
#9160 = ORIENTED_EDGE('',*,*,#9161,.F.);
#9161 = EDGE_CURVE('',#2171,#9162,#9164,.T.);
#9162 = VERTEX_POINT('',#9163);
#9163 = CARTESIAN_POINT('',(83.9,192.5,38.269848480983));
#9164 = SURFACE_CURVE('',#9165,(#9169,#9176),.PCURVE_S1.);
#9165 = LINE('',#9166,#9167);
#9166 = CARTESIAN_POINT('',(87.3,192.5,38.269848480983));
#9167 = VECTOR('',#9168,1.);
#9168 = DIRECTION('',(-1.,-0.,-0.));
#9169 = PCURVE('',#2212,#9170);
#9170 = DEFINITIONAL_REPRESENTATION('',(#9171),#9175);
#9171 = LINE('',#9172,#9173);
#9172 = CARTESIAN_POINT('',(-3.514213562373,0.));
#9173 = VECTOR('',#9174,1.);
#9174 = DIRECTION('',(-0.,-1.));
#9175 = ( GEOMETRIC_REPRESENTATION_CONTEXT(2) 
PARAMETRIC_REPRESENTATION_CONTEXT() REPRESENTATION_CONTEXT('2D SPACE',''
  ) );
#9176 = PCURVE('',#2186,#9177);
#9177 = DEFINITIONAL_REPRESENTATION('',(#9178),#9182);
#9178 = LINE('',#9179,#9180);
#9179 = CARTESIAN_POINT('',(0.,-0.));
#9180 = VECTOR('',#9181,1.);
#9181 = DIRECTION('',(-0.,-1.));
#9182 = ( GEOMETRIC_REPRESENTATION_CONTEXT(2) 
PARAMETRIC_REPRESENTATION_CONTEXT() REPRESENTATION_CONTEXT('2D SPACE',''
  ) );
#9183 = ORIENTED_EDGE('',*,*,#2198,.T.);
#9184 = ORIENTED_EDGE('',*,*,#9084,.T.);
#9185 = ORIENTED_EDGE('',*,*,#9186,.T.);
#9186 = EDGE_CURVE('',#9085,#9162,#9187,.T.);
#9187 = SURFACE_CURVE('',#9188,(#9192,#9199),.PCURVE_S1.);
#9188 = LINE('',#9189,#9190);
#9189 = CARTESIAN_POINT('',(83.9,194.5580408086,36.211807672379));
#9190 = VECTOR('',#9191,1.);
#9191 = DIRECTION('',(-0.,-0.707106781187,0.707106781187));
#9192 = PCURVE('',#2212,#9193);
#9193 = DEFINITIONAL_REPRESENTATION('',(#9194),#9198);
#9194 = LINE('',#9195,#9196);
#9195 = CARTESIAN_POINT('',(-0.603704338928,-3.4));
#9196 = VECTOR('',#9197,1.);
#9197 = DIRECTION('',(-1.,0.));
#9198 = ( GEOMETRIC_REPRESENTATION_CONTEXT(2) 
PARAMETRIC_REPRESENTATION_CONTEXT() REPRESENTATION_CONTEXT('2D SPACE',''
  ) );
#9199 = PCURVE('',#9146,#9200);
#9200 = DEFINITIONAL_REPRESENTATION('',(#9201),#9205);
#9201 = LINE('',#9202,#9203);
#9202 = CARTESIAN_POINT('',(-1.204273944829,-2.058040808604));
#9203 = VECTOR('',#9204,1.);
#9204 = DIRECTION('',(-0.707106781187,0.707106781187));
#9205 = ( GEOMETRIC_REPRESENTATION_CONTEXT(2) 
PARAMETRIC_REPRESENTATION_CONTEXT() REPRESENTATION_CONTEXT('2D SPACE',''
  ) );
#9206 = ADVANCED_FACE('',(#9207),#2129,.T.);
#9207 = FACE_BOUND('',#9208,.F.);
#9208 = EDGE_LOOP('',(#9209,#9210,#9211,#9234));
#9209 = ORIENTED_EDGE('',*,*,#9108,.F.);
#9210 = ORIENTED_EDGE('',*,*,#2113,.T.);
#9211 = ORIENTED_EDGE('',*,*,#9212,.T.);
#9212 = EDGE_CURVE('',#2114,#9213,#9215,.T.);
#9213 = VERTEX_POINT('',#9214);
#9214 = CARTESIAN_POINT('',(83.9,191.5,32.2));
#9215 = SURFACE_CURVE('',#9216,(#9220,#9227),.PCURVE_S1.);
#9216 = LINE('',#9217,#9218);
#9217 = CARTESIAN_POINT('',(87.3,191.5,32.2));
#9218 = VECTOR('',#9219,1.);
#9219 = DIRECTION('',(-1.,-0.,-0.));
#9220 = PCURVE('',#2129,#9221);
#9221 = DEFINITIONAL_REPRESENTATION('',(#9222),#9226);
#9222 = LINE('',#9223,#9224);
#9223 = CARTESIAN_POINT('',(-0.,0.));
#9224 = VECTOR('',#9225,1.);
#9225 = DIRECTION('',(-0.,-1.));
#9226 = ( GEOMETRIC_REPRESENTATION_CONTEXT(2) 
PARAMETRIC_REPRESENTATION_CONTEXT() REPRESENTATION_CONTEXT('2D SPACE',''
  ) );
#9227 = PCURVE('',#2158,#9228);
#9228 = DEFINITIONAL_REPRESENTATION('',(#9229),#9233);
#9229 = LINE('',#9230,#9231);
#9230 = CARTESIAN_POINT('',(2.356194490192,0.));
#9231 = VECTOR('',#9232,1.);
#9232 = DIRECTION('',(0.,-1.));
#9233 = ( GEOMETRIC_REPRESENTATION_CONTEXT(2) 
PARAMETRIC_REPRESENTATION_CONTEXT() REPRESENTATION_CONTEXT('2D SPACE',''
  ) );
#9234 = ORIENTED_EDGE('',*,*,#9235,.T.);
#9235 = EDGE_CURVE('',#9213,#9109,#9236,.T.);
#9236 = SURFACE_CURVE('',#9237,(#9241,#9248),.PCURVE_S1.);
#9237 = LINE('',#9238,#9239);
#9238 = CARTESIAN_POINT('',(83.9,192.,32.2));
#9239 = VECTOR('',#9240,1.);
#9240 = DIRECTION('',(-0.,1.,-0.));
#9241 = PCURVE('',#2129,#9242);
#9242 = DEFINITIONAL_REPRESENTATION('',(#9243),#9247);
#9243 = LINE('',#9244,#9245);
#9244 = CARTESIAN_POINT('',(-0.5,-3.4));
#9245 = VECTOR('',#9246,1.);
#9246 = DIRECTION('',(-1.,0.));
#9247 = ( GEOMETRIC_REPRESENTATION_CONTEXT(2) 
PARAMETRIC_REPRESENTATION_CONTEXT() REPRESENTATION_CONTEXT('2D SPACE',''
  ) );
#9248 = PCURVE('',#9146,#9249);
#9249 = DEFINITIONAL_REPRESENTATION('',(#9250),#9254);
#9250 = LINE('',#9251,#9252);
#9251 = CARTESIAN_POINT('',(2.807533727551,0.5));
#9252 = VECTOR('',#9253,1.);
#9253 = DIRECTION('',(-0.,-1.));
#9254 = ( GEOMETRIC_REPRESENTATION_CONTEXT(2) 
PARAMETRIC_REPRESENTATION_CONTEXT() REPRESENTATION_CONTEXT('2D SPACE',''
  ) );
#9255 = ADVANCED_FACE('',(#9256),#2186,.T.);
#9256 = FACE_BOUND('',#9257,.F.);
#9257 = EDGE_LOOP('',(#9258,#9281,#9282,#9283));
#9258 = ORIENTED_EDGE('',*,*,#9259,.F.);
#9259 = EDGE_CURVE('',#2142,#9260,#9262,.T.);
#9260 = VERTEX_POINT('',#9261);
#9261 = CARTESIAN_POINT('',(83.9,190.0150757595,35.784924240492));
#9262 = SURFACE_CURVE('',#9263,(#9267,#9274),.PCURVE_S1.);
#9263 = LINE('',#9264,#9265);
#9264 = CARTESIAN_POINT('',(87.3,190.0150757595,35.784924240492));
#9265 = VECTOR('',#9266,1.);
#9266 = DIRECTION('',(-1.,-0.,-0.));
#9267 = PCURVE('',#2186,#9268);
#9268 = DEFINITIONAL_REPRESENTATION('',(#9269),#9273);
#9269 = LINE('',#9270,#9271);
#9270 = CARTESIAN_POINT('',(-3.514213562373,0.));
#9271 = VECTOR('',#9272,1.);
#9272 = DIRECTION('',(-0.,-1.));
#9273 = ( GEOMETRIC_REPRESENTATION_CONTEXT(2) 
PARAMETRIC_REPRESENTATION_CONTEXT() REPRESENTATION_CONTEXT('2D SPACE',''
  ) );
#9274 = PCURVE('',#2158,#9275);
#9275 = DEFINITIONAL_REPRESENTATION('',(#9276),#9280);
#9276 = LINE('',#9277,#9278);
#9277 = CARTESIAN_POINT('',(0.,0.));
#9278 = VECTOR('',#9279,1.);
#9279 = DIRECTION('',(0.,-1.));
#9280 = ( GEOMETRIC_REPRESENTATION_CONTEXT(2) 
PARAMETRIC_REPRESENTATION_CONTEXT() REPRESENTATION_CONTEXT('2D SPACE',''
  ) );
#9281 = ORIENTED_EDGE('',*,*,#2170,.T.);
#9282 = ORIENTED_EDGE('',*,*,#9161,.T.);
#9283 = ORIENTED_EDGE('',*,*,#9284,.T.);
#9284 = EDGE_CURVE('',#9162,#9260,#9285,.T.);
#9285 = SURFACE_CURVE('',#9286,(#9290,#9297),.PCURVE_S1.);
#9286 = LINE('',#9287,#9288);
#9287 = CARTESIAN_POINT('',(83.9,191.68442131164,37.454269792625));
#9288 = VECTOR('',#9289,1.);
#9289 = DIRECTION('',(-0.,-0.707106781187,-0.707106781187));
#9290 = PCURVE('',#2186,#9291);
#9291 = DEFINITIONAL_REPRESENTATION('',(#9292),#9296);
#9292 = LINE('',#9293,#9294);
#9293 = CARTESIAN_POINT('',(-1.153402442259,-3.4));
#9294 = VECTOR('',#9295,1.);
#9295 = DIRECTION('',(-1.,0.));
#9296 = ( GEOMETRIC_REPRESENTATION_CONTEXT(2) 
PARAMETRIC_REPRESENTATION_CONTEXT() REPRESENTATION_CONTEXT('2D SPACE',''
  ) );
#9297 = PCURVE('',#9146,#9298);
#9298 = DEFINITIONAL_REPRESENTATION('',(#9299),#9303);
#9299 = LINE('',#9300,#9301);
#9300 = CARTESIAN_POINT('',(-2.446736065074,0.815578688358));
#9301 = VECTOR('',#9302,1.);
#9302 = DIRECTION('',(0.707106781187,0.707106781187));
#9303 = ( GEOMETRIC_REPRESENTATION_CONTEXT(2) 
PARAMETRIC_REPRESENTATION_CONTEXT() REPRESENTATION_CONTEXT('2D SPACE',''
  ) );
#9304 = ADVANCED_FACE('',(#9305),#2158,.F.);
#9305 = FACE_BOUND('',#9306,.F.);
#9306 = EDGE_LOOP('',(#9307,#9308,#9309,#9310));
#9307 = ORIENTED_EDGE('',*,*,#9212,.F.);
#9308 = ORIENTED_EDGE('',*,*,#2141,.T.);
#9309 = ORIENTED_EDGE('',*,*,#9259,.T.);
#9310 = ORIENTED_EDGE('',*,*,#9311,.F.);
#9311 = EDGE_CURVE('',#9213,#9260,#9312,.T.);
#9312 = SURFACE_CURVE('',#9313,(#9318,#9325),.PCURVE_S1.);
#9313 = CIRCLE('',#9314,2.1);
#9314 = AXIS2_PLACEMENT_3D('',#9315,#9316,#9317);
#9315 = CARTESIAN_POINT('',(83.9,191.5,34.3));
#9316 = DIRECTION('',(-1.,0.,-0.));
#9317 = DIRECTION('',(-0.,-0.707106781187,0.707106781187));
#9318 = PCURVE('',#2158,#9319);
#9319 = DEFINITIONAL_REPRESENTATION('',(#9320),#9324);
#9320 = LINE('',#9321,#9322);
#9321 = CARTESIAN_POINT('',(6.28318530718,-3.4));
#9322 = VECTOR('',#9323,1.);
#9323 = DIRECTION('',(-1.,0.));
#9324 = ( GEOMETRIC_REPRESENTATION_CONTEXT(2) 
PARAMETRIC_REPRESENTATION_CONTEXT() REPRESENTATION_CONTEXT('2D SPACE',''
  ) );
#9325 = PCURVE('',#9146,#9326);
#9326 = DEFINITIONAL_REPRESENTATION('',(#9327),#9331);
#9327 = CIRCLE('',#9328,2.1);
#9328 = AXIS2_PLACEMENT_2D('',#9329,#9330);
#9329 = CARTESIAN_POINT('',(0.707533727551,1.));
#9330 = DIRECTION('',(-0.707106781187,0.707106781187));
#9331 = ( GEOMETRIC_REPRESENTATION_CONTEXT(2) 
PARAMETRIC_REPRESENTATION_CONTEXT() REPRESENTATION_CONTEXT('2D SPACE',''
  ) );
#9332 = ADVANCED_FACE('',(#9333),#2244,.T.);
#9333 = FACE_BOUND('',#9334,.F.);
#9334 = EDGE_LOOP('',(#9335,#9358,#9359,#9382));
#9335 = ORIENTED_EDGE('',*,*,#9336,.F.);
#9336 = EDGE_CURVE('',#2227,#9337,#9339,.T.);
#9337 = VERTEX_POINT('',#9338);
#9338 = CARTESIAN_POINT('',(83.9,17.5,12.269848480984));
#9339 = SURFACE_CURVE('',#9340,(#9344,#9351),.PCURVE_S1.);
#9340 = LINE('',#9341,#9342);
#9341 = CARTESIAN_POINT('',(87.3,17.5,12.269848480984));
#9342 = VECTOR('',#9343,1.);
#9343 = DIRECTION('',(-1.,-0.,-0.));
#9344 = PCURVE('',#2244,#9345);
#9345 = DEFINITIONAL_REPRESENTATION('',(#9346),#9350);
#9346 = LINE('',#9347,#9348);
#9347 = CARTESIAN_POINT('',(-2.1,0.));
#9348 = VECTOR('',#9349,1.);
#9349 = DIRECTION('',(-0.,-1.));
#9350 = ( GEOMETRIC_REPRESENTATION_CONTEXT(2) 
PARAMETRIC_REPRESENTATION_CONTEXT() REPRESENTATION_CONTEXT('2D SPACE',''
  ) );
#9351 = PCURVE('',#2299,#9352);
#9352 = DEFINITIONAL_REPRESENTATION('',(#9353),#9357);
#9353 = LINE('',#9354,#9355);
#9354 = CARTESIAN_POINT('',(0.,-0.));
#9355 = VECTOR('',#9356,1.);
#9356 = DIRECTION('',(-0.,-1.));
#9357 = ( GEOMETRIC_REPRESENTATION_CONTEXT(2) 
PARAMETRIC_REPRESENTATION_CONTEXT() REPRESENTATION_CONTEXT('2D SPACE',''
  ) );
#9358 = ORIENTED_EDGE('',*,*,#2226,.T.);
#9359 = ORIENTED_EDGE('',*,*,#9360,.T.);
#9360 = EDGE_CURVE('',#2229,#9361,#9363,.T.);
#9361 = VERTEX_POINT('',#9362);
#9362 = CARTESIAN_POINT('',(83.9,18.984924240492,10.784924240492));
#9363 = SURFACE_CURVE('',#9364,(#9368,#9375),.PCURVE_S1.);
#9364 = LINE('',#9365,#9366);
#9365 = CARTESIAN_POINT('',(87.3,18.984924240492,10.784924240492));
#9366 = VECTOR('',#9367,1.);
#9367 = DIRECTION('',(-1.,-0.,-0.));
#9368 = PCURVE('',#2244,#9369);
#9369 = DEFINITIONAL_REPRESENTATION('',(#9370),#9374);
#9370 = LINE('',#9371,#9372);
#9371 = CARTESIAN_POINT('',(-0.,0.));
#9372 = VECTOR('',#9373,1.);
#9373 = DIRECTION('',(-0.,-1.));
#9374 = ( GEOMETRIC_REPRESENTATION_CONTEXT(2) 
PARAMETRIC_REPRESENTATION_CONTEXT() REPRESENTATION_CONTEXT('2D SPACE',''
  ) );
#9375 = PCURVE('',#2273,#9376);
#9376 = DEFINITIONAL_REPRESENTATION('',(#9377),#9381);
#9377 = LINE('',#9378,#9379);
#9378 = CARTESIAN_POINT('',(2.356194490192,0.));
#9379 = VECTOR('',#9380,1.);
#9380 = DIRECTION('',(0.,-1.));
#9381 = ( GEOMETRIC_REPRESENTATION_CONTEXT(2) 
PARAMETRIC_REPRESENTATION_CONTEXT() REPRESENTATION_CONTEXT('2D SPACE',''
  ) );
#9382 = ORIENTED_EDGE('',*,*,#9383,.T.);
#9383 = EDGE_CURVE('',#9361,#9337,#9384,.T.);
#9384 = SURFACE_CURVE('',#9385,(#9389,#9396),.PCURVE_S1.);
#9385 = LINE('',#9386,#9387);
#9386 = CARTESIAN_POINT('',(83.9,18.864419962556,10.905428518428));
#9387 = VECTOR('',#9388,1.);
#9388 = DIRECTION('',(-0.,-0.707106781187,0.707106781187));
#9389 = PCURVE('',#2244,#9390);
#9390 = DEFINITIONAL_REPRESENTATION('',(#9391),#9395);
#9391 = LINE('',#9392,#9393);
#9392 = CARTESIAN_POINT('',(-0.170418784181,-3.4));
#9393 = VECTOR('',#9394,1.);
#9394 = DIRECTION('',(-1.,0.));
#9395 = ( GEOMETRIC_REPRESENTATION_CONTEXT(2) 
PARAMETRIC_REPRESENTATION_CONTEXT() REPRESENTATION_CONTEXT('2D SPACE',''
  ) );
#9396 = PCURVE('',#9397,#9402);
#9397 = PLANE('',#9398);
#9398 = AXIS2_PLACEMENT_3D('',#9399,#9400,#9401);
#9399 = CARTESIAN_POINT('',(83.9,17.5,9.782017111745));
#9400 = DIRECTION('',(-1.,-0.,-0.));
#9401 = DIRECTION('',(0.,0.,-1.));
#9402 = DEFINITIONAL_REPRESENTATION('',(#9403),#9407);
#9403 = LINE('',#9404,#9405);
#9404 = CARTESIAN_POINT('',(-1.123411406683,-1.364419962556));
#9405 = VECTOR('',#9406,1.);
#9406 = DIRECTION('',(-0.707106781187,0.707106781187));
#9407 = ( GEOMETRIC_REPRESENTATION_CONTEXT(2) 
PARAMETRIC_REPRESENTATION_CONTEXT() REPRESENTATION_CONTEXT('2D SPACE',''
  ) );
#9408 = ADVANCED_FACE('',(#9409),#2299,.T.);
#9409 = FACE_BOUND('',#9410,.F.);
#9410 = EDGE_LOOP('',(#9411,#9434,#9435,#9436));
#9411 = ORIENTED_EDGE('',*,*,#9412,.F.);
#9412 = EDGE_CURVE('',#2257,#9413,#9415,.T.);
#9413 = VERTEX_POINT('',#9414);
#9414 = CARTESIAN_POINT('',(83.9,16.015075759508,10.784924240492));
#9415 = SURFACE_CURVE('',#9416,(#9420,#9427),.PCURVE_S1.);
#9416 = LINE('',#9417,#9418);
#9417 = CARTESIAN_POINT('',(87.3,16.015075759508,10.784924240492));
#9418 = VECTOR('',#9419,1.);
#9419 = DIRECTION('',(-1.,-0.,-0.));
#9420 = PCURVE('',#2299,#9421);
#9421 = DEFINITIONAL_REPRESENTATION('',(#9422),#9426);
#9422 = LINE('',#9423,#9424);
#9423 = CARTESIAN_POINT('',(-2.1,0.));
#9424 = VECTOR('',#9425,1.);
#9425 = DIRECTION('',(-0.,-1.));
#9426 = ( GEOMETRIC_REPRESENTATION_CONTEXT(2) 
PARAMETRIC_REPRESENTATION_CONTEXT() REPRESENTATION_CONTEXT('2D SPACE',''
  ) );
#9427 = PCURVE('',#2273,#9428);
#9428 = DEFINITIONAL_REPRESENTATION('',(#9429),#9433);
#9429 = LINE('',#9430,#9431);
#9430 = CARTESIAN_POINT('',(-2.356194490192,0.));
#9431 = VECTOR('',#9432,1.);
#9432 = DIRECTION('',(0.,-1.));
#9433 = ( GEOMETRIC_REPRESENTATION_CONTEXT(2) 
PARAMETRIC_REPRESENTATION_CONTEXT() REPRESENTATION_CONTEXT('2D SPACE',''
  ) );
#9434 = ORIENTED_EDGE('',*,*,#2285,.T.);
#9435 = ORIENTED_EDGE('',*,*,#9336,.T.);
#9436 = ORIENTED_EDGE('',*,*,#9437,.T.);
#9437 = EDGE_CURVE('',#9337,#9413,#9438,.T.);
#9438 = SURFACE_CURVE('',#9439,(#9443,#9450),.PCURVE_S1.);
#9439 = LINE('',#9440,#9441);
#9440 = CARTESIAN_POINT('',(83.9,16.87804215769,11.647890638674));
#9441 = VECTOR('',#9442,1.);
#9442 = DIRECTION('',(-0.,-0.707106781187,-0.707106781187));
#9443 = PCURVE('',#2299,#9444);
#9444 = DEFINITIONAL_REPRESENTATION('',(#9445),#9449);
#9445 = LINE('',#9446,#9447);
#9446 = CARTESIAN_POINT('',(-0.879581215819,-3.4));
#9447 = VECTOR('',#9448,1.);
#9448 = DIRECTION('',(-1.,0.));
#9449 = ( GEOMETRIC_REPRESENTATION_CONTEXT(2) 
PARAMETRIC_REPRESENTATION_CONTEXT() REPRESENTATION_CONTEXT('2D SPACE',''
  ) );
#9450 = PCURVE('',#9397,#9451);
#9451 = DEFINITIONAL_REPRESENTATION('',(#9452),#9456);
#9452 = LINE('',#9453,#9454);
#9453 = CARTESIAN_POINT('',(-1.865873526929,0.62195784231));
#9454 = VECTOR('',#9455,1.);
#9455 = DIRECTION('',(0.707106781187,0.707106781187));
#9456 = ( GEOMETRIC_REPRESENTATION_CONTEXT(2) 
PARAMETRIC_REPRESENTATION_CONTEXT() REPRESENTATION_CONTEXT('2D SPACE',''
  ) );
#9457 = ADVANCED_FACE('',(#9458),#2273,.F.);
#9458 = FACE_BOUND('',#9459,.F.);
#9459 = EDGE_LOOP('',(#9460,#9461,#9462,#9463));
#9460 = ORIENTED_EDGE('',*,*,#9360,.F.);
#9461 = ORIENTED_EDGE('',*,*,#2256,.T.);
#9462 = ORIENTED_EDGE('',*,*,#9412,.T.);
#9463 = ORIENTED_EDGE('',*,*,#9464,.F.);
#9464 = EDGE_CURVE('',#9361,#9413,#9465,.T.);
#9465 = SURFACE_CURVE('',#9466,(#9471,#9478),.PCURVE_S1.);
#9466 = CIRCLE('',#9467,2.1);
#9467 = AXIS2_PLACEMENT_3D('',#9468,#9469,#9470);
#9468 = CARTESIAN_POINT('',(83.9,17.5,9.3));
#9469 = DIRECTION('',(-1.,0.,0.));
#9470 = DIRECTION('',(-0.,-0.,-1.));
#9471 = PCURVE('',#2273,#9472);
#9472 = DEFINITIONAL_REPRESENTATION('',(#9473),#9477);
#9473 = LINE('',#9474,#9475);
#9474 = CARTESIAN_POINT('',(6.28318530718,-3.4));
#9475 = VECTOR('',#9476,1.);
#9476 = DIRECTION('',(-1.,0.));
#9477 = ( GEOMETRIC_REPRESENTATION_CONTEXT(2) 
PARAMETRIC_REPRESENTATION_CONTEXT() REPRESENTATION_CONTEXT('2D SPACE',''
  ) );
#9478 = PCURVE('',#9397,#9479);
#9479 = DEFINITIONAL_REPRESENTATION('',(#9480),#9484);
#9480 = CIRCLE('',#9481,2.1);
#9481 = AXIS2_PLACEMENT_2D('',#9482,#9483);
#9482 = CARTESIAN_POINT('',(0.482017111745,0.));
#9483 = DIRECTION('',(1.,-0.));
#9484 = ( GEOMETRIC_REPRESENTATION_CONTEXT(2) 
PARAMETRIC_REPRESENTATION_CONTEXT() REPRESENTATION_CONTEXT('2D SPACE',''
  ) );
#9485 = ADVANCED_FACE('',(#9486),#2331,.T.);
#9486 = FACE_BOUND('',#9487,.F.);
#9487 = EDGE_LOOP('',(#9488,#9511,#9512,#9535));
#9488 = ORIENTED_EDGE('',*,*,#9489,.F.);
#9489 = EDGE_CURVE('',#2314,#9490,#9492,.T.);
#9490 = VERTEX_POINT('',#9491);
#9491 = CARTESIAN_POINT('',(83.9,17.5,37.269848480983));
#9492 = SURFACE_CURVE('',#9493,(#9497,#9504),.PCURVE_S1.);
#9493 = LINE('',#9494,#9495);
#9494 = CARTESIAN_POINT('',(87.3,17.5,37.269848480983));
#9495 = VECTOR('',#9496,1.);
#9496 = DIRECTION('',(-1.,-0.,-0.));
#9497 = PCURVE('',#2331,#9498);
#9498 = DEFINITIONAL_REPRESENTATION('',(#9499),#9503);
#9499 = LINE('',#9500,#9501);
#9500 = CARTESIAN_POINT('',(-2.1,0.));
#9501 = VECTOR('',#9502,1.);
#9502 = DIRECTION('',(-0.,-1.));
#9503 = ( GEOMETRIC_REPRESENTATION_CONTEXT(2) 
PARAMETRIC_REPRESENTATION_CONTEXT() REPRESENTATION_CONTEXT('2D SPACE',''
  ) );
#9504 = PCURVE('',#2386,#9505);
#9505 = DEFINITIONAL_REPRESENTATION('',(#9506),#9510);
#9506 = LINE('',#9507,#9508);
#9507 = CARTESIAN_POINT('',(0.,-0.));
#9508 = VECTOR('',#9509,1.);
#9509 = DIRECTION('',(-0.,-1.));
#9510 = ( GEOMETRIC_REPRESENTATION_CONTEXT(2) 
PARAMETRIC_REPRESENTATION_CONTEXT() REPRESENTATION_CONTEXT('2D SPACE',''
  ) );
#9511 = ORIENTED_EDGE('',*,*,#2313,.T.);
#9512 = ORIENTED_EDGE('',*,*,#9513,.T.);
#9513 = EDGE_CURVE('',#2316,#9514,#9516,.T.);
#9514 = VERTEX_POINT('',#9515);
#9515 = CARTESIAN_POINT('',(83.9,18.984924240492,35.784924240492));
#9516 = SURFACE_CURVE('',#9517,(#9521,#9528),.PCURVE_S1.);
#9517 = LINE('',#9518,#9519);
#9518 = CARTESIAN_POINT('',(87.3,18.984924240492,35.784924240492));
#9519 = VECTOR('',#9520,1.);
#9520 = DIRECTION('',(-1.,-0.,-0.));
#9521 = PCURVE('',#2331,#9522);
#9522 = DEFINITIONAL_REPRESENTATION('',(#9523),#9527);
#9523 = LINE('',#9524,#9525);
#9524 = CARTESIAN_POINT('',(-0.,0.));
#9525 = VECTOR('',#9526,1.);
#9526 = DIRECTION('',(-0.,-1.));
#9527 = ( GEOMETRIC_REPRESENTATION_CONTEXT(2) 
PARAMETRIC_REPRESENTATION_CONTEXT() REPRESENTATION_CONTEXT('2D SPACE',''
  ) );
#9528 = PCURVE('',#2360,#9529);
#9529 = DEFINITIONAL_REPRESENTATION('',(#9530),#9534);
#9530 = LINE('',#9531,#9532);
#9531 = CARTESIAN_POINT('',(2.356194490192,0.));
#9532 = VECTOR('',#9533,1.);
#9533 = DIRECTION('',(0.,-1.));
#9534 = ( GEOMETRIC_REPRESENTATION_CONTEXT(2) 
PARAMETRIC_REPRESENTATION_CONTEXT() REPRESENTATION_CONTEXT('2D SPACE',''
  ) );
#9535 = ORIENTED_EDGE('',*,*,#9536,.T.);
#9536 = EDGE_CURVE('',#9514,#9490,#9537,.T.);
#9537 = SURFACE_CURVE('',#9538,(#9542,#9549),.PCURVE_S1.);
#9538 = LINE('',#9539,#9540);
#9539 = CARTESIAN_POINT('',(83.9,18.864419962556,35.905428518428));
#9540 = VECTOR('',#9541,1.);
#9541 = DIRECTION('',(-0.,-0.707106781187,0.707106781187));
#9542 = PCURVE('',#2331,#9543);
#9543 = DEFINITIONAL_REPRESENTATION('',(#9544),#9548);
#9544 = LINE('',#9545,#9546);
#9545 = CARTESIAN_POINT('',(-0.170418784181,-3.4));
#9546 = VECTOR('',#9547,1.);
#9547 = DIRECTION('',(-1.,0.));
#9548 = ( GEOMETRIC_REPRESENTATION_CONTEXT(2) 
PARAMETRIC_REPRESENTATION_CONTEXT() REPRESENTATION_CONTEXT('2D SPACE',''
  ) );
#9549 = PCURVE('',#9550,#9555);
#9550 = PLANE('',#9551);
#9551 = AXIS2_PLACEMENT_3D('',#9552,#9553,#9554);
#9552 = CARTESIAN_POINT('',(83.9,17.5,34.782017111745));
#9553 = DIRECTION('',(-1.,-0.,-0.));
#9554 = DIRECTION('',(0.,0.,-1.));
#9555 = DEFINITIONAL_REPRESENTATION('',(#9556),#9560);
#9556 = LINE('',#9557,#9558);
#9557 = CARTESIAN_POINT('',(-1.123411406683,-1.364419962556));
#9558 = VECTOR('',#9559,1.);
#9559 = DIRECTION('',(-0.707106781187,0.707106781187));
#9560 = ( GEOMETRIC_REPRESENTATION_CONTEXT(2) 
PARAMETRIC_REPRESENTATION_CONTEXT() REPRESENTATION_CONTEXT('2D SPACE',''
  ) );
#9561 = ADVANCED_FACE('',(#9562),#2386,.T.);
#9562 = FACE_BOUND('',#9563,.F.);
#9563 = EDGE_LOOP('',(#9564,#9587,#9588,#9589));
#9564 = ORIENTED_EDGE('',*,*,#9565,.F.);
#9565 = EDGE_CURVE('',#2344,#9566,#9568,.T.);
#9566 = VERTEX_POINT('',#9567);
#9567 = CARTESIAN_POINT('',(83.9,16.015075759508,35.784924240492));
#9568 = SURFACE_CURVE('',#9569,(#9573,#9580),.PCURVE_S1.);
#9569 = LINE('',#9570,#9571);
#9570 = CARTESIAN_POINT('',(87.3,16.015075759508,35.784924240492));
#9571 = VECTOR('',#9572,1.);
#9572 = DIRECTION('',(-1.,-0.,-0.));
#9573 = PCURVE('',#2386,#9574);
#9574 = DEFINITIONAL_REPRESENTATION('',(#9575),#9579);
#9575 = LINE('',#9576,#9577);
#9576 = CARTESIAN_POINT('',(-2.1,0.));
#9577 = VECTOR('',#9578,1.);
#9578 = DIRECTION('',(-0.,-1.));
#9579 = ( GEOMETRIC_REPRESENTATION_CONTEXT(2) 
PARAMETRIC_REPRESENTATION_CONTEXT() REPRESENTATION_CONTEXT('2D SPACE',''
  ) );
#9580 = PCURVE('',#2360,#9581);
#9581 = DEFINITIONAL_REPRESENTATION('',(#9582),#9586);
#9582 = LINE('',#9583,#9584);
#9583 = CARTESIAN_POINT('',(-2.356194490192,0.));
#9584 = VECTOR('',#9585,1.);
#9585 = DIRECTION('',(0.,-1.));
#9586 = ( GEOMETRIC_REPRESENTATION_CONTEXT(2) 
PARAMETRIC_REPRESENTATION_CONTEXT() REPRESENTATION_CONTEXT('2D SPACE',''
  ) );
#9587 = ORIENTED_EDGE('',*,*,#2372,.T.);
#9588 = ORIENTED_EDGE('',*,*,#9489,.T.);
#9589 = ORIENTED_EDGE('',*,*,#9590,.T.);
#9590 = EDGE_CURVE('',#9490,#9566,#9591,.T.);
#9591 = SURFACE_CURVE('',#9592,(#9596,#9603),.PCURVE_S1.);
#9592 = LINE('',#9593,#9594);
#9593 = CARTESIAN_POINT('',(83.9,16.87804215769,36.647890638674));
#9594 = VECTOR('',#9595,1.);
#9595 = DIRECTION('',(-0.,-0.707106781187,-0.707106781187));
#9596 = PCURVE('',#2386,#9597);
#9597 = DEFINITIONAL_REPRESENTATION('',(#9598),#9602);
#9598 = LINE('',#9599,#9600);
#9599 = CARTESIAN_POINT('',(-0.879581215819,-3.4));
#9600 = VECTOR('',#9601,1.);
#9601 = DIRECTION('',(-1.,0.));
#9602 = ( GEOMETRIC_REPRESENTATION_CONTEXT(2) 
PARAMETRIC_REPRESENTATION_CONTEXT() REPRESENTATION_CONTEXT('2D SPACE',''
  ) );
#9603 = PCURVE('',#9550,#9604);
#9604 = DEFINITIONAL_REPRESENTATION('',(#9605),#9609);
#9605 = LINE('',#9606,#9607);
#9606 = CARTESIAN_POINT('',(-1.865873526929,0.62195784231));
#9607 = VECTOR('',#9608,1.);
#9608 = DIRECTION('',(0.707106781187,0.707106781187));
#9609 = ( GEOMETRIC_REPRESENTATION_CONTEXT(2) 
PARAMETRIC_REPRESENTATION_CONTEXT() REPRESENTATION_CONTEXT('2D SPACE',''
  ) );
#9610 = ADVANCED_FACE('',(#9611),#2360,.F.);
#9611 = FACE_BOUND('',#9612,.F.);
#9612 = EDGE_LOOP('',(#9613,#9614,#9615,#9616));
#9613 = ORIENTED_EDGE('',*,*,#9513,.F.);
#9614 = ORIENTED_EDGE('',*,*,#2343,.T.);
#9615 = ORIENTED_EDGE('',*,*,#9565,.T.);
#9616 = ORIENTED_EDGE('',*,*,#9617,.F.);
#9617 = EDGE_CURVE('',#9514,#9566,#9618,.T.);
#9618 = SURFACE_CURVE('',#9619,(#9624,#9631),.PCURVE_S1.);
#9619 = CIRCLE('',#9620,2.1);
#9620 = AXIS2_PLACEMENT_3D('',#9621,#9622,#9623);
#9621 = CARTESIAN_POINT('',(83.9,17.5,34.3));
#9622 = DIRECTION('',(-1.,0.,0.));
#9623 = DIRECTION('',(-0.,-1.691768418476E-15,-1.));
#9624 = PCURVE('',#2360,#9625);
#9625 = DEFINITIONAL_REPRESENTATION('',(#9626),#9630);
#9626 = LINE('',#9627,#9628);
#9627 = CARTESIAN_POINT('',(6.28318530718,-3.4));
#9628 = VECTOR('',#9629,1.);
#9629 = DIRECTION('',(-1.,0.));
#9630 = ( GEOMETRIC_REPRESENTATION_CONTEXT(2) 
PARAMETRIC_REPRESENTATION_CONTEXT() REPRESENTATION_CONTEXT('2D SPACE',''
  ) );
#9631 = PCURVE('',#9550,#9632);
#9632 = DEFINITIONAL_REPRESENTATION('',(#9633),#9637);
#9633 = CIRCLE('',#9634,2.1);
#9634 = AXIS2_PLACEMENT_2D('',#9635,#9636);
#9635 = CARTESIAN_POINT('',(0.482017111745,-3.552713678801E-15));
#9636 = DIRECTION('',(1.,1.691768418476E-15));
#9637 = ( GEOMETRIC_REPRESENTATION_CONTEXT(2) 
PARAMETRIC_REPRESENTATION_CONTEXT() REPRESENTATION_CONTEXT('2D SPACE',''
  ) );
#9638 = ADVANCED_FACE('',(#9639),#2439,.F.);
#9639 = FACE_BOUND('',#9640,.F.);
#9640 = EDGE_LOOP('',(#9641,#9642,#9643,#9664));
#9641 = ORIENTED_EDGE('',*,*,#2425,.F.);
#9642 = ORIENTED_EDGE('',*,*,#2457,.T.);
#9643 = ORIENTED_EDGE('',*,*,#9644,.T.);
#9644 = EDGE_CURVE('',#2458,#5700,#9645,.T.);
#9645 = SURFACE_CURVE('',#9646,(#9650,#9657),.PCURVE_S1.);
#9646 = LINE('',#9647,#9648);
#9647 = CARTESIAN_POINT('',(4.983333333333,5.016666666667,
    -4.683333333333));
#9648 = VECTOR('',#9649,1.);
#9649 = DIRECTION('',(-0.57735026919,0.57735026919,0.57735026919));
#9650 = PCURVE('',#2439,#9651);
#9651 = DEFINITIONAL_REPRESENTATION('',(#9652),#9656);
#9652 = LINE('',#9653,#9654);
#9653 = CARTESIAN_POINT('',(5.016666666667,-6.83536555147));
#9654 = VECTOR('',#9655,1.);
#9655 = DIRECTION('',(0.57735026919,0.816496580928));
#9656 = ( GEOMETRIC_REPRESENTATION_CONTEXT(2) 
PARAMETRIC_REPRESENTATION_CONTEXT() REPRESENTATION_CONTEXT('2D SPACE',''
  ) );
#9657 = PCURVE('',#2496,#9658);
#9658 = DEFINITIONAL_REPRESENTATION('',(#9659),#9663);
#9659 = LINE('',#9660,#9661);
#9660 = CARTESIAN_POINT('',(-14.31666666666,-6.83536555147));
#9661 = VECTOR('',#9662,1.);
#9662 = DIRECTION('',(-0.57735026919,0.816496580928));
#9663 = ( GEOMETRIC_REPRESENTATION_CONTEXT(2) 
PARAMETRIC_REPRESENTATION_CONTEXT() REPRESENTATION_CONTEXT('2D SPACE',''
  ) );
#9664 = ORIENTED_EDGE('',*,*,#7899,.F.);
#9665 = ADVANCED_FACE('',(#9666),#2496,.F.);
#9666 = FACE_BOUND('',#9667,.T.);
#9667 = EDGE_LOOP('',(#9668,#9689,#9690,#9691));
#9668 = ORIENTED_EDGE('',*,*,#9669,.F.);
#9669 = EDGE_CURVE('',#2481,#4744,#9670,.T.);
#9670 = SURFACE_CURVE('',#9671,(#9675,#9682),.PCURVE_S1.);
#9671 = LINE('',#9672,#9673);
#9672 = CARTESIAN_POINT('',(19.4,9.9,0.2));
#9673 = VECTOR('',#9674,1.);
#9674 = DIRECTION('',(-0.57735026919,0.57735026919,0.57735026919));
#9675 = PCURVE('',#2496,#9676);
#9676 = DEFINITIONAL_REPRESENTATION('',(#9677),#9681);
#9677 = LINE('',#9678,#9679);
#9678 = CARTESIAN_POINT('',(1.E-01,7.071067811865E-02));
#9679 = VECTOR('',#9680,1.);
#9680 = DIRECTION('',(-0.57735026919,0.816496580928));
#9681 = ( GEOMETRIC_REPRESENTATION_CONTEXT(2) 
PARAMETRIC_REPRESENTATION_CONTEXT() REPRESENTATION_CONTEXT('2D SPACE',''
  ) );
#9682 = PCURVE('',#2524,#9683);
#9683 = DEFINITIONAL_REPRESENTATION('',(#9684),#9688);
#9684 = LINE('',#9685,#9686);
#9685 = CARTESIAN_POINT('',(-0.1,7.071067811865E-02));
#9686 = VECTOR('',#9687,1.);
#9687 = DIRECTION('',(0.57735026919,0.816496580928));
#9688 = ( GEOMETRIC_REPRESENTATION_CONTEXT(2) 
PARAMETRIC_REPRESENTATION_CONTEXT() REPRESENTATION_CONTEXT('2D SPACE',''
  ) );
#9689 = ORIENTED_EDGE('',*,*,#2480,.T.);
#9690 = ORIENTED_EDGE('',*,*,#9644,.T.);
#9691 = ORIENTED_EDGE('',*,*,#5724,.F.);
#9692 = ADVANCED_FACE('',(#9693),#2552,.F.);
#9693 = FACE_BOUND('',#9694,.T.);
#9694 = EDGE_LOOP('',(#9695,#9696,#9697,#9718));
#9695 = ORIENTED_EDGE('',*,*,#8332,.F.);
#9696 = ORIENTED_EDGE('',*,*,#2536,.T.);
#9697 = ORIENTED_EDGE('',*,*,#9698,.T.);
#9698 = EDGE_CURVE('',#2509,#4601,#9699,.T.);
#9699 = SURFACE_CURVE('',#9700,(#9704,#9711),.PCURVE_S1.);
#9700 = LINE('',#9701,#9702);
#9701 = CARTESIAN_POINT('',(63.233333333334,162.06666666666,
    -43.63333333333));
#9702 = VECTOR('',#9703,1.);
#9703 = DIRECTION('',(-0.57735026919,0.57735026919,0.57735026919));
#9704 = PCURVE('',#2552,#9705);
#9705 = DEFINITIONAL_REPRESENTATION('',(#9706),#9710);
#9706 = LINE('',#9707,#9708);
#9707 = CARTESIAN_POINT('',(-23.06666666666,-61.9189838059));
#9708 = VECTOR('',#9709,1.);
#9709 = DIRECTION('',(-0.57735026919,0.816496580928));
#9710 = ( GEOMETRIC_REPRESENTATION_CONTEXT(2) 
PARAMETRIC_REPRESENTATION_CONTEXT() REPRESENTATION_CONTEXT('2D SPACE',''
  ) );
#9711 = PCURVE('',#2524,#9712);
#9712 = DEFINITIONAL_REPRESENTATION('',(#9713),#9717);
#9713 = LINE('',#9714,#9715);
#9714 = CARTESIAN_POINT('',(152.06666666666,-61.9189838059));
#9715 = VECTOR('',#9716,1.);
#9716 = DIRECTION('',(0.57735026919,0.816496580928));
#9717 = ( GEOMETRIC_REPRESENTATION_CONTEXT(2) 
PARAMETRIC_REPRESENTATION_CONTEXT() REPRESENTATION_CONTEXT('2D SPACE',''
  ) );
#9718 = ORIENTED_EDGE('',*,*,#4623,.F.);
#9719 = ADVANCED_FACE('',(#9720),#2524,.F.);
#9720 = FACE_BOUND('',#9721,.F.);
#9721 = EDGE_LOOP('',(#9722,#9723,#9724,#9725));
#9722 = ORIENTED_EDGE('',*,*,#9669,.F.);
#9723 = ORIENTED_EDGE('',*,*,#2508,.T.);
#9724 = ORIENTED_EDGE('',*,*,#9698,.T.);
#9725 = ORIENTED_EDGE('',*,*,#4766,.F.);
#9726 = ADVANCED_FACE('',(#9727),#2630,.F.);
#9727 = FACE_BOUND('',#9728,.T.);
#9728 = EDGE_LOOP('',(#9729,#9730,#9731,#9732,#9733,#9734));
#9729 = ORIENTED_EDGE('',*,*,#8382,.F.);
#9730 = ORIENTED_EDGE('',*,*,#8409,.T.);
#9731 = ORIENTED_EDGE('',*,*,#8508,.T.);
#9732 = ORIENTED_EDGE('',*,*,#8606,.F.);
#9733 = ORIENTED_EDGE('',*,*,#8750,.F.);
#9734 = ORIENTED_EDGE('',*,*,#2614,.F.);
#9735 = ADVANCED_FACE('',(#9736),#2828,.F.);
#9736 = FACE_BOUND('',#9737,.F.);
#9737 = EDGE_LOOP('',(#9738,#9739,#9773,#9774));
#9738 = ORIENTED_EDGE('',*,*,#2814,.F.);
#9739 = ORIENTED_EDGE('',*,*,#9740,.T.);
#9740 = EDGE_CURVE('',#2787,#4186,#9741,.T.);
#9741 = SURFACE_CURVE('',#9742,(#9747,#9760),.PCURVE_S1.);
#9742 = ELLIPSE('',#9743,2.828427124746,2.);
#9743 = AXIS2_PLACEMENT_3D('',#9744,#9745,#9746);
#9744 = CARTESIAN_POINT('',(78.3,36.,4.6));
#9745 = DIRECTION('',(-0.,-0.707106781187,0.707106781187));
#9746 = DIRECTION('',(-0.,-0.707106781187,-0.707106781187));
#9747 = PCURVE('',#2828,#9748);
#9748 = DEFINITIONAL_REPRESENTATION('',(#9749),#9759);
#9749 = B_SPLINE_CURVE_WITH_KNOTS('',8,(#9750,#9751,#9752,#9753,#9754,
    #9755,#9756,#9757,#9758),.UNSPECIFIED.,.F.,.F.,(9,9),(0.,
    1.570796326795),.PIECEWISE_BEZIER_KNOTS.);
#9750 = CARTESIAN_POINT('',(4.712388980385,-4.440892098501E-16));
#9751 = CARTESIAN_POINT('',(4.516039439535,-4.440892098501E-16));
#9752 = CARTESIAN_POINT('',(4.319689898687,-8.812155197211E-02));
#9753 = CARTESIAN_POINT('',(4.123340357823,-0.26436390732));
#9754 = CARTESIAN_POINT('',(3.926990816995,-0.521482498846));
#9755 = CARTESIAN_POINT('',(3.730641276128,-0.844973477577));
#9756 = CARTESIAN_POINT('',(3.53429173529,-1.214601743363));
#9757 = CARTESIAN_POINT('',(3.337942194439,-1.607300918301));
#9758 = CARTESIAN_POINT('',(3.14159265359,-2.));
#9759 = ( GEOMETRIC_REPRESENTATION_CONTEXT(2) 
PARAMETRIC_REPRESENTATION_CONTEXT() REPRESENTATION_CONTEXT('2D SPACE',''
  ) );
#9760 = PCURVE('',#4095,#9761);
#9761 = DEFINITIONAL_REPRESENTATION('',(#9762),#9772);
#9762 = B_SPLINE_CURVE_WITH_KNOTS('',8,(#9763,#9764,#9765,#9766,#9767,
    #9768,#9769,#9770,#9771),.UNSPECIFIED.,.F.,.F.,(9,9),(0.,
    1.570796326795),.PIECEWISE_BEZIER_KNOTS.);
#9763 = CARTESIAN_POINT('',(-4.712388980385,-24.));
#9764 = CARTESIAN_POINT('',(-4.516039439535,-24.));
#9765 = CARTESIAN_POINT('',(-4.319689898689,-24.08812155195));
#9766 = CARTESIAN_POINT('',(-4.123340357819,-24.2643639073));
#9767 = CARTESIAN_POINT('',(-3.926990817006,-24.52148249873));
#9768 = CARTESIAN_POINT('',(-3.730641276115,-24.84497347756));
#9769 = CARTESIAN_POINT('',(-3.534291735291,-25.21460174334));
#9770 = CARTESIAN_POINT('',(-3.337942194439,-25.6073009183));
#9771 = CARTESIAN_POINT('',(-3.14159265359,-26.));
#9772 = ( GEOMETRIC_REPRESENTATION_CONTEXT(2) 
PARAMETRIC_REPRESENTATION_CONTEXT() REPRESENTATION_CONTEXT('2D SPACE',''
  ) );
#9773 = ORIENTED_EDGE('',*,*,#4185,.T.);
#9774 = ORIENTED_EDGE('',*,*,#8774,.T.);
#9775 = ADVANCED_FACE('',(#9776),#2802,.T.);
#9776 = FACE_BOUND('',#9777,.F.);
#9777 = EDGE_LOOP('',(#9778,#9799,#9800,#9821));
#9778 = ORIENTED_EDGE('',*,*,#9779,.T.);
#9779 = EDGE_CURVE('',#2764,#3848,#9780,.T.);
#9780 = SURFACE_CURVE('',#9781,(#9785,#9792),.PCURVE_S1.);
#9781 = LINE('',#9782,#9783);
#9782 = CARTESIAN_POINT('',(27.3,10.,2.6));
#9783 = VECTOR('',#9784,1.);
#9784 = DIRECTION('',(0.,1.,0.));
#9785 = PCURVE('',#2802,#9786);
#9786 = DEFINITIONAL_REPRESENTATION('',(#9787),#9791);
#9787 = LINE('',#9788,#9789);
#9788 = CARTESIAN_POINT('',(-59.,1.E-02));
#9789 = VECTOR('',#9790,1.);
#9790 = DIRECTION('',(0.,1.));
#9791 = ( GEOMETRIC_REPRESENTATION_CONTEXT(2) 
PARAMETRIC_REPRESENTATION_CONTEXT() REPRESENTATION_CONTEXT('2D SPACE',''
  ) );
#9792 = PCURVE('',#2888,#9793);
#9793 = DEFINITIONAL_REPRESENTATION('',(#9794),#9798);
#9794 = LINE('',#9795,#9796);
#9795 = CARTESIAN_POINT('',(-4.712388980385,0.));
#9796 = VECTOR('',#9797,1.);
#9797 = DIRECTION('',(-0.,-1.));
#9798 = ( GEOMETRIC_REPRESENTATION_CONTEXT(2) 
PARAMETRIC_REPRESENTATION_CONTEXT() REPRESENTATION_CONTEXT('2D SPACE',''
  ) );
#9799 = ORIENTED_EDGE('',*,*,#3934,.T.);
#9800 = ORIENTED_EDGE('',*,*,#9801,.F.);
#9801 = EDGE_CURVE('',#2787,#3910,#9802,.T.);
#9802 = SURFACE_CURVE('',#9803,(#9807,#9814),.PCURVE_S1.);
#9803 = LINE('',#9804,#9805);
#9804 = CARTESIAN_POINT('',(78.3,10.,2.6));
#9805 = VECTOR('',#9806,1.);
#9806 = DIRECTION('',(0.,1.,0.));
#9807 = PCURVE('',#2802,#9808);
#9808 = DEFINITIONAL_REPRESENTATION('',(#9809),#9813);
#9809 = LINE('',#9810,#9811);
#9810 = CARTESIAN_POINT('',(-8.,1.E-02));
#9811 = VECTOR('',#9812,1.);
#9812 = DIRECTION('',(0.,1.));
#9813 = ( GEOMETRIC_REPRESENTATION_CONTEXT(2) 
PARAMETRIC_REPRESENTATION_CONTEXT() REPRESENTATION_CONTEXT('2D SPACE',''
  ) );
#9814 = PCURVE('',#4095,#9815);
#9815 = DEFINITIONAL_REPRESENTATION('',(#9816),#9820);
#9816 = LINE('',#9817,#9818);
#9817 = CARTESIAN_POINT('',(-4.712388980385,0.));
#9818 = VECTOR('',#9819,1.);
#9819 = DIRECTION('',(-0.,-1.));
#9820 = ( GEOMETRIC_REPRESENTATION_CONTEXT(2) 
PARAMETRIC_REPRESENTATION_CONTEXT() REPRESENTATION_CONTEXT('2D SPACE',''
  ) );
#9821 = ORIENTED_EDGE('',*,*,#2786,.F.);
#9822 = ADVANCED_FACE('',(#9823),#2888,.F.);
#9823 = FACE_BOUND('',#9824,.T.);
#9824 = EDGE_LOOP('',(#9825,#9826,#9827,#9828));
#9825 = ORIENTED_EDGE('',*,*,#2912,.F.);
#9826 = ORIENTED_EDGE('',*,*,#2867,.T.);
#9827 = ORIENTED_EDGE('',*,*,#9779,.T.);
#9828 = ORIENTED_EDGE('',*,*,#3870,.T.);
#9829 = ADVANCED_FACE('',(#9830),#2976,.T.);
#9830 = FACE_BOUND('',#9831,.F.);
#9831 = EDGE_LOOP('',(#9832,#9833,#9854,#9855));
#9832 = ORIENTED_EDGE('',*,*,#2958,.T.);
#9833 = ORIENTED_EDGE('',*,*,#9834,.T.);
#9834 = EDGE_CURVE('',#2961,#4794,#9835,.T.);
#9835 = SURFACE_CURVE('',#9836,(#9840,#9847),.PCURVE_S1.);
#9836 = LINE('',#9837,#9838);
#9837 = CARTESIAN_POINT('',(26.3,195.5405591591,12.340559159102));
#9838 = VECTOR('',#9839,1.);
#9839 = DIRECTION('',(-1.,-0.,-0.));
#9840 = PCURVE('',#2976,#9841);
#9841 = DEFINITIONAL_REPRESENTATION('',(#9842),#9846);
#9842 = LINE('',#9843,#9844);
#9843 = CARTESIAN_POINT('',(-0.,0.));
#9844 = VECTOR('',#9845,1.);
#9845 = DIRECTION('',(-0.,-1.));
#9846 = ( GEOMETRIC_REPRESENTATION_CONTEXT(2) 
PARAMETRIC_REPRESENTATION_CONTEXT() REPRESENTATION_CONTEXT('2D SPACE',''
  ) );
#9847 = PCURVE('',#3005,#9848);
#9848 = DEFINITIONAL_REPRESENTATION('',(#9849),#9853);
#9849 = LINE('',#9850,#9851);
#9850 = CARTESIAN_POINT('',(2.356194490192,0.));
#9851 = VECTOR('',#9852,1.);
#9852 = DIRECTION('',(0.,-1.));
#9853 = ( GEOMETRIC_REPRESENTATION_CONTEXT(2) 
PARAMETRIC_REPRESENTATION_CONTEXT() REPRESENTATION_CONTEXT('2D SPACE',''
  ) );
#9854 = ORIENTED_EDGE('',*,*,#4791,.F.);
#9855 = ORIENTED_EDGE('',*,*,#9856,.F.);
#9856 = EDGE_CURVE('',#2959,#4792,#9857,.T.);
#9857 = SURFACE_CURVE('',#9858,(#9862,#9869),.PCURVE_S1.);
#9858 = LINE('',#9859,#9860);
#9859 = CARTESIAN_POINT('',(26.3,192.5,15.381118318204));
#9860 = VECTOR('',#9861,1.);
#9861 = DIRECTION('',(-1.,-0.,-0.));
#9862 = PCURVE('',#2976,#9863);
#9863 = DEFINITIONAL_REPRESENTATION('',(#9864),#9868);
#9864 = LINE('',#9865,#9866);
#9865 = CARTESIAN_POINT('',(-4.3,0.));
#9866 = VECTOR('',#9867,1.);
#9867 = DIRECTION('',(-0.,-1.));
#9868 = ( GEOMETRIC_REPRESENTATION_CONTEXT(2) 
PARAMETRIC_REPRESENTATION_CONTEXT() REPRESENTATION_CONTEXT('2D SPACE',''
  ) );
#9869 = PCURVE('',#3031,#9870);
#9870 = DEFINITIONAL_REPRESENTATION('',(#9871),#9875);
#9871 = LINE('',#9872,#9873);
#9872 = CARTESIAN_POINT('',(0.,-0.));
#9873 = VECTOR('',#9874,1.);
#9874 = DIRECTION('',(-0.,-1.));
#9875 = ( GEOMETRIC_REPRESENTATION_CONTEXT(2) 
PARAMETRIC_REPRESENTATION_CONTEXT() REPRESENTATION_CONTEXT('2D SPACE',''
  ) );
#9876 = ADVANCED_FACE('',(#9877),#3031,.T.);
#9877 = FACE_BOUND('',#9878,.F.);
#9878 = EDGE_LOOP('',(#9879,#9880,#9881,#9882));
#9879 = ORIENTED_EDGE('',*,*,#3017,.T.);
#9880 = ORIENTED_EDGE('',*,*,#9856,.T.);
#9881 = ORIENTED_EDGE('',*,*,#4840,.F.);
#9882 = ORIENTED_EDGE('',*,*,#9883,.F.);
#9883 = EDGE_CURVE('',#2989,#4817,#9884,.T.);
#9884 = SURFACE_CURVE('',#9885,(#9889,#9896),.PCURVE_S1.);
#9885 = LINE('',#9886,#9887);
#9886 = CARTESIAN_POINT('',(26.3,189.45944084089,12.340559159102));
#9887 = VECTOR('',#9888,1.);
#9888 = DIRECTION('',(-1.,-0.,-0.));
#9889 = PCURVE('',#3031,#9890);
#9890 = DEFINITIONAL_REPRESENTATION('',(#9891),#9895);
#9891 = LINE('',#9892,#9893);
#9892 = CARTESIAN_POINT('',(-4.3,0.));
#9893 = VECTOR('',#9894,1.);
#9894 = DIRECTION('',(-0.,-1.));
#9895 = ( GEOMETRIC_REPRESENTATION_CONTEXT(2) 
PARAMETRIC_REPRESENTATION_CONTEXT() REPRESENTATION_CONTEXT('2D SPACE',''
  ) );
#9896 = PCURVE('',#3005,#9897);
#9897 = DEFINITIONAL_REPRESENTATION('',(#9898),#9902);
#9898 = LINE('',#9899,#9900);
#9899 = CARTESIAN_POINT('',(-2.356194490192,0.));
#9900 = VECTOR('',#9901,1.);
#9901 = DIRECTION('',(0.,-1.));
#9902 = ( GEOMETRIC_REPRESENTATION_CONTEXT(2) 
PARAMETRIC_REPRESENTATION_CONTEXT() REPRESENTATION_CONTEXT('2D SPACE',''
  ) );
#9903 = ADVANCED_FACE('',(#9904),#3005,.F.);
#9904 = FACE_BOUND('',#9905,.F.);
#9905 = EDGE_LOOP('',(#9906,#9907,#9908,#9909));
#9906 = ORIENTED_EDGE('',*,*,#9834,.F.);
#9907 = ORIENTED_EDGE('',*,*,#2988,.T.);
#9908 = ORIENTED_EDGE('',*,*,#9883,.T.);
#9909 = ORIENTED_EDGE('',*,*,#4816,.F.);
#9910 = ADVANCED_FACE('',(#9911),#3063,.T.);
#9911 = FACE_BOUND('',#9912,.F.);
#9912 = EDGE_LOOP('',(#9913,#9914,#9935,#9936));
#9913 = ORIENTED_EDGE('',*,*,#3045,.T.);
#9914 = ORIENTED_EDGE('',*,*,#9915,.T.);
#9915 = EDGE_CURVE('',#3048,#4960,#9916,.T.);
#9916 = SURFACE_CURVE('',#9917,(#9921,#9928),.PCURVE_S1.);
#9917 = LINE('',#9918,#9919);
#9918 = CARTESIAN_POINT('',(26.3,151.82132034356,5.));
#9919 = VECTOR('',#9920,1.);
#9920 = DIRECTION('',(-1.,-0.,-0.));
#9921 = PCURVE('',#3063,#9922);
#9922 = DEFINITIONAL_REPRESENTATION('',(#9923),#9927);
#9923 = LINE('',#9924,#9925);
#9924 = CARTESIAN_POINT('',(-0.,0.));
#9925 = VECTOR('',#9926,1.);
#9926 = DIRECTION('',(-0.,-1.));
#9927 = ( GEOMETRIC_REPRESENTATION_CONTEXT(2) 
PARAMETRIC_REPRESENTATION_CONTEXT() REPRESENTATION_CONTEXT('2D SPACE',''
  ) );
#9928 = PCURVE('',#3091,#9929);
#9929 = DEFINITIONAL_REPRESENTATION('',(#9930),#9934);
#9930 = LINE('',#9931,#9932);
#9931 = CARTESIAN_POINT('',(-26.95735931288,0.));
#9932 = VECTOR('',#9933,1.);
#9933 = DIRECTION('',(-0.,-1.));
#9934 = ( GEOMETRIC_REPRESENTATION_CONTEXT(2) 
PARAMETRIC_REPRESENTATION_CONTEXT() REPRESENTATION_CONTEXT('2D SPACE',''
  ) );
#9935 = ORIENTED_EDGE('',*,*,#4957,.F.);
#9936 = ORIENTED_EDGE('',*,*,#9937,.F.);
#9937 = EDGE_CURVE('',#3046,#4958,#9938,.T.);
#9938 = SURFACE_CURVE('',#9939,(#9943,#9950),.PCURVE_S1.);
#9939 = LINE('',#9940,#9941);
#9940 = CARTESIAN_POINT('',(26.3,138.34264068711,18.47867965644));
#9941 = VECTOR('',#9942,1.);
#9942 = DIRECTION('',(-1.,-0.,-0.));
#9943 = PCURVE('',#3063,#9944);
#9944 = DEFINITIONAL_REPRESENTATION('',(#9945),#9949);
#9945 = LINE('',#9946,#9947);
#9946 = CARTESIAN_POINT('',(-19.06173157302,0.));
#9947 = VECTOR('',#9948,1.);
#9948 = DIRECTION('',(-0.,-1.));
#9949 = ( GEOMETRIC_REPRESENTATION_CONTEXT(2) 
PARAMETRIC_REPRESENTATION_CONTEXT() REPRESENTATION_CONTEXT('2D SPACE',''
  ) );
#9950 = PCURVE('',#3117,#9951);
#9951 = DEFINITIONAL_REPRESENTATION('',(#9952),#9956);
#9952 = LINE('',#9953,#9954);
#9953 = CARTESIAN_POINT('',(0.,-0.));
#9954 = VECTOR('',#9955,1.);
#9955 = DIRECTION('',(-0.,-1.));
#9956 = ( GEOMETRIC_REPRESENTATION_CONTEXT(2) 
PARAMETRIC_REPRESENTATION_CONTEXT() REPRESENTATION_CONTEXT('2D SPACE',''
  ) );
#9957 = ADVANCED_FACE('',(#9958),#3117,.T.);
#9958 = FACE_BOUND('',#9959,.F.);
#9959 = EDGE_LOOP('',(#9960,#9961,#9962,#9963));
#9960 = ORIENTED_EDGE('',*,*,#3103,.T.);
#9961 = ORIENTED_EDGE('',*,*,#9937,.T.);
#9962 = ORIENTED_EDGE('',*,*,#5005,.F.);
#9963 = ORIENTED_EDGE('',*,*,#9964,.F.);
#9964 = EDGE_CURVE('',#3076,#4983,#9965,.T.);
#9965 = SURFACE_CURVE('',#9966,(#9970,#9977),.PCURVE_S1.);
#9966 = LINE('',#9967,#9968);
#9967 = CARTESIAN_POINT('',(26.3,124.86396103067,5.));
#9968 = VECTOR('',#9969,1.);
#9969 = DIRECTION('',(-1.,-0.,-0.));
#9970 = PCURVE('',#3117,#9971);
#9971 = DEFINITIONAL_REPRESENTATION('',(#9972),#9976);
#9972 = LINE('',#9973,#9974);
#9973 = CARTESIAN_POINT('',(-19.06173157302,0.));
#9974 = VECTOR('',#9975,1.);
#9975 = DIRECTION('',(-0.,-1.));
#9976 = ( GEOMETRIC_REPRESENTATION_CONTEXT(2) 
PARAMETRIC_REPRESENTATION_CONTEXT() REPRESENTATION_CONTEXT('2D SPACE',''
  ) );
#9977 = PCURVE('',#3091,#9978);
#9978 = DEFINITIONAL_REPRESENTATION('',(#9979),#9983);
#9979 = LINE('',#9980,#9981);
#9980 = CARTESIAN_POINT('',(-0.,0.));
#9981 = VECTOR('',#9982,1.);
#9982 = DIRECTION('',(-0.,-1.));
#9983 = ( GEOMETRIC_REPRESENTATION_CONTEXT(2) 
PARAMETRIC_REPRESENTATION_CONTEXT() REPRESENTATION_CONTEXT('2D SPACE',''
  ) );
#9984 = ADVANCED_FACE('',(#9985),#3091,.T.);
#9985 = FACE_BOUND('',#9986,.F.);
#9986 = EDGE_LOOP('',(#9987,#9988,#9989,#9990));
#9987 = ORIENTED_EDGE('',*,*,#3075,.T.);
#9988 = ORIENTED_EDGE('',*,*,#9964,.T.);
#9989 = ORIENTED_EDGE('',*,*,#4982,.F.);
#9990 = ORIENTED_EDGE('',*,*,#9915,.F.);
#9991 = ADVANCED_FACE('',(#9992),#3149,.T.);
#9992 = FACE_BOUND('',#9993,.F.);
#9993 = EDGE_LOOP('',(#9994,#9995,#10016,#10017));
#9994 = ORIENTED_EDGE('',*,*,#3131,.T.);
#9995 = ORIENTED_EDGE('',*,*,#9996,.T.);
#9996 = EDGE_CURVE('',#3134,#4866,#9997,.T.);
#9997 = SURFACE_CURVE('',#9998,(#10002,#10009),.PCURVE_S1.);
#9998 = LINE('',#9999,#10000);
#9999 = CARTESIAN_POINT('',(26.3,155.46396103067,5.6));
#10000 = VECTOR('',#10001,1.);
#10001 = DIRECTION('',(-1.,-0.,-0.));
#10002 = PCURVE('',#3149,#10003);
#10003 = DEFINITIONAL_REPRESENTATION('',(#10004),#10008);
#10004 = LINE('',#10005,#10006);
#10005 = CARTESIAN_POINT('',(-0.,0.));
#10006 = VECTOR('',#10007,1.);
#10007 = DIRECTION('',(-0.,-1.));
#10008 = ( GEOMETRIC_REPRESENTATION_CONTEXT(2) 
PARAMETRIC_REPRESENTATION_CONTEXT() REPRESENTATION_CONTEXT('2D SPACE',''
  ) );
#10009 = PCURVE('',#3177,#10010);
#10010 = DEFINITIONAL_REPRESENTATION('',(#10011),#10015);
#10011 = LINE('',#10012,#10013);
#10012 = CARTESIAN_POINT('',(-21.21320343559,0.));
#10013 = VECTOR('',#10014,1.);
#10014 = DIRECTION('',(-0.,-1.));
#10015 = ( GEOMETRIC_REPRESENTATION_CONTEXT(2) 
PARAMETRIC_REPRESENTATION_CONTEXT() REPRESENTATION_CONTEXT('2D SPACE',''
  ) );
#10016 = ORIENTED_EDGE('',*,*,#4863,.F.);
#10017 = ORIENTED_EDGE('',*,*,#10018,.F.);
#10018 = EDGE_CURVE('',#3132,#4864,#10019,.T.);
#10019 = SURFACE_CURVE('',#10020,(#10024,#10031),.PCURVE_S1.);
#10020 = LINE('',#10021,#10022);
#10021 = CARTESIAN_POINT('',(26.3,170.46396103067,20.6));
#10022 = VECTOR('',#10023,1.);
#10023 = DIRECTION('',(-1.,-0.,-0.));
#10024 = PCURVE('',#3149,#10025);
#10025 = DEFINITIONAL_REPRESENTATION('',(#10026),#10030);
#10026 = LINE('',#10027,#10028);
#10027 = CARTESIAN_POINT('',(-21.21320343559,0.));
#10028 = VECTOR('',#10029,1.);
#10029 = DIRECTION('',(-0.,-1.));
#10030 = ( GEOMETRIC_REPRESENTATION_CONTEXT(2) 
PARAMETRIC_REPRESENTATION_CONTEXT() REPRESENTATION_CONTEXT('2D SPACE',''
  ) );
#10031 = PCURVE('',#3231,#10032);
#10032 = DEFINITIONAL_REPRESENTATION('',(#10033),#10037);
#10033 = LINE('',#10034,#10035);
#10034 = CARTESIAN_POINT('',(-0.,0.));
#10035 = VECTOR('',#10036,1.);
#10036 = DIRECTION('',(-0.,-1.));
#10037 = ( GEOMETRIC_REPRESENTATION_CONTEXT(2) 
PARAMETRIC_REPRESENTATION_CONTEXT() REPRESENTATION_CONTEXT('2D SPACE',''
  ) );
#10038 = ADVANCED_FACE('',(#10039),#3231,.T.);
#10039 = FACE_BOUND('',#10040,.F.);
#10040 = EDGE_LOOP('',(#10041,#10042,#10043,#10044));
#10041 = ORIENTED_EDGE('',*,*,#3217,.T.);
#10042 = ORIENTED_EDGE('',*,*,#10018,.T.);
#10043 = ORIENTED_EDGE('',*,*,#4934,.F.);
#10044 = ORIENTED_EDGE('',*,*,#10045,.F.);
#10045 = EDGE_CURVE('',#3190,#4912,#10046,.T.);
#10046 = SURFACE_CURVE('',#10047,(#10051,#10058),.PCURVE_S1.);
#10047 = LINE('',#10048,#10049);
#10048 = CARTESIAN_POINT('',(26.3,155.46396103067,35.6));
#10049 = VECTOR('',#10050,1.);
#10050 = DIRECTION('',(-1.,-0.,-0.));
#10051 = PCURVE('',#3231,#10052);
#10052 = DEFINITIONAL_REPRESENTATION('',(#10053),#10057);
#10053 = LINE('',#10054,#10055);
#10054 = CARTESIAN_POINT('',(-21.21320343559,0.));
#10055 = VECTOR('',#10056,1.);
#10056 = DIRECTION('',(-0.,-1.));
#10057 = ( GEOMETRIC_REPRESENTATION_CONTEXT(2) 
PARAMETRIC_REPRESENTATION_CONTEXT() REPRESENTATION_CONTEXT('2D SPACE',''
  ) );
#10058 = PCURVE('',#3205,#10059);
#10059 = DEFINITIONAL_REPRESENTATION('',(#10060),#10064);
#10060 = LINE('',#10061,#10062);
#10061 = CARTESIAN_POINT('',(0.,-0.));
#10062 = VECTOR('',#10063,1.);
#10063 = DIRECTION('',(-0.,-1.));
#10064 = ( GEOMETRIC_REPRESENTATION_CONTEXT(2) 
PARAMETRIC_REPRESENTATION_CONTEXT() REPRESENTATION_CONTEXT('2D SPACE',''
  ) );
#10065 = ADVANCED_FACE('',(#10066),#3177,.T.);
#10066 = FACE_BOUND('',#10067,.F.);
#10067 = EDGE_LOOP('',(#10068,#10069,#10090,#10091));
#10068 = ORIENTED_EDGE('',*,*,#3161,.T.);
#10069 = ORIENTED_EDGE('',*,*,#10070,.T.);
#10070 = EDGE_CURVE('',#3162,#4889,#10071,.T.);
#10071 = SURFACE_CURVE('',#10072,(#10076,#10083),.PCURVE_S1.);
#10072 = LINE('',#10073,#10074);
#10073 = CARTESIAN_POINT('',(26.3,140.46396103067,20.6));
#10074 = VECTOR('',#10075,1.);
#10075 = DIRECTION('',(-1.,-0.,-0.));
#10076 = PCURVE('',#3177,#10077);
#10077 = DEFINITIONAL_REPRESENTATION('',(#10078),#10082);
#10078 = LINE('',#10079,#10080);
#10079 = CARTESIAN_POINT('',(-0.,0.));
#10080 = VECTOR('',#10081,1.);
#10081 = DIRECTION('',(-0.,-1.));
#10082 = ( GEOMETRIC_REPRESENTATION_CONTEXT(2) 
PARAMETRIC_REPRESENTATION_CONTEXT() REPRESENTATION_CONTEXT('2D SPACE',''
  ) );
#10083 = PCURVE('',#3205,#10084);
#10084 = DEFINITIONAL_REPRESENTATION('',(#10085),#10089);
#10085 = LINE('',#10086,#10087);
#10086 = CARTESIAN_POINT('',(-21.21320343559,0.));
#10087 = VECTOR('',#10088,1.);
#10088 = DIRECTION('',(-0.,-1.));
#10089 = ( GEOMETRIC_REPRESENTATION_CONTEXT(2) 
PARAMETRIC_REPRESENTATION_CONTEXT() REPRESENTATION_CONTEXT('2D SPACE',''
  ) );
#10090 = ORIENTED_EDGE('',*,*,#4888,.F.);
#10091 = ORIENTED_EDGE('',*,*,#9996,.F.);
#10092 = ADVANCED_FACE('',(#10093),#3205,.T.);
#10093 = FACE_BOUND('',#10094,.F.);
#10094 = EDGE_LOOP('',(#10095,#10096,#10097,#10098));
#10095 = ORIENTED_EDGE('',*,*,#3189,.T.);
#10096 = ORIENTED_EDGE('',*,*,#10045,.T.);
#10097 = ORIENTED_EDGE('',*,*,#4911,.F.);
#10098 = ORIENTED_EDGE('',*,*,#10070,.F.);
#10099 = ADVANCED_FACE('',(#10100),#3263,.T.);
#10100 = FACE_BOUND('',#10101,.F.);
#10101 = EDGE_LOOP('',(#10102,#10103,#10124,#10125));
#10102 = ORIENTED_EDGE('',*,*,#3245,.T.);
#10103 = ORIENTED_EDGE('',*,*,#10104,.T.);
#10104 = EDGE_CURVE('',#3248,#5031,#10105,.T.);
#10105 = SURFACE_CURVE('',#10106,(#10110,#10117),.PCURVE_S1.);
#10106 = LINE('',#10107,#10108);
#10107 = CARTESIAN_POINT('',(26.3,121.22132034356,5.6));
#10108 = VECTOR('',#10109,1.);
#10109 = DIRECTION('',(-1.,-0.,-0.));
#10110 = PCURVE('',#3263,#10111);
#10111 = DEFINITIONAL_REPRESENTATION('',(#10112),#10116);
#10112 = LINE('',#10113,#10114);
#10113 = CARTESIAN_POINT('',(-0.,0.));
#10114 = VECTOR('',#10115,1.);
#10115 = DIRECTION('',(-0.,-1.));
#10116 = ( GEOMETRIC_REPRESENTATION_CONTEXT(2) 
PARAMETRIC_REPRESENTATION_CONTEXT() REPRESENTATION_CONTEXT('2D SPACE',''
  ) );
#10117 = PCURVE('',#3291,#10118);
#10118 = DEFINITIONAL_REPRESENTATION('',(#10119),#10123);
#10119 = LINE('',#10120,#10121);
#10120 = CARTESIAN_POINT('',(-21.21320343559,0.));
#10121 = VECTOR('',#10122,1.);
#10122 = DIRECTION('',(-0.,-1.));
#10123 = ( GEOMETRIC_REPRESENTATION_CONTEXT(2) 
PARAMETRIC_REPRESENTATION_CONTEXT() REPRESENTATION_CONTEXT('2D SPACE',''
  ) );
#10124 = ORIENTED_EDGE('',*,*,#5028,.F.);
#10125 = ORIENTED_EDGE('',*,*,#10126,.F.);
#10126 = EDGE_CURVE('',#3246,#5029,#10127,.T.);
#10127 = SURFACE_CURVE('',#10128,(#10132,#10139),.PCURVE_S1.);
#10128 = LINE('',#10129,#10130);
#10129 = CARTESIAN_POINT('',(26.3,136.22132034356,20.6));
#10130 = VECTOR('',#10131,1.);
#10131 = DIRECTION('',(-1.,-0.,-0.));
#10132 = PCURVE('',#3263,#10133);
#10133 = DEFINITIONAL_REPRESENTATION('',(#10134),#10138);
#10134 = LINE('',#10135,#10136);
#10135 = CARTESIAN_POINT('',(-21.21320343559,0.));
#10136 = VECTOR('',#10137,1.);
#10137 = DIRECTION('',(-0.,-1.));
#10138 = ( GEOMETRIC_REPRESENTATION_CONTEXT(2) 
PARAMETRIC_REPRESENTATION_CONTEXT() REPRESENTATION_CONTEXT('2D SPACE',''
  ) );
#10139 = PCURVE('',#3345,#10140);
#10140 = DEFINITIONAL_REPRESENTATION('',(#10141),#10145);
#10141 = LINE('',#10142,#10143);
#10142 = CARTESIAN_POINT('',(-0.,0.));
#10143 = VECTOR('',#10144,1.);
#10144 = DIRECTION('',(-0.,-1.));
#10145 = ( GEOMETRIC_REPRESENTATION_CONTEXT(2) 
PARAMETRIC_REPRESENTATION_CONTEXT() REPRESENTATION_CONTEXT('2D SPACE',''
  ) );
#10146 = ADVANCED_FACE('',(#10147),#3345,.T.);
#10147 = FACE_BOUND('',#10148,.F.);
#10148 = EDGE_LOOP('',(#10149,#10150,#10151,#10152));
#10149 = ORIENTED_EDGE('',*,*,#3331,.T.);
#10150 = ORIENTED_EDGE('',*,*,#10126,.T.);
#10151 = ORIENTED_EDGE('',*,*,#5099,.F.);
#10152 = ORIENTED_EDGE('',*,*,#10153,.F.);
#10153 = EDGE_CURVE('',#3304,#5077,#10154,.T.);
#10154 = SURFACE_CURVE('',#10155,(#10159,#10166),.PCURVE_S1.);
#10155 = LINE('',#10156,#10157);
#10156 = CARTESIAN_POINT('',(26.3,121.22132034356,35.6));
#10157 = VECTOR('',#10158,1.);
#10158 = DIRECTION('',(-1.,-0.,-0.));
#10159 = PCURVE('',#3345,#10160);
#10160 = DEFINITIONAL_REPRESENTATION('',(#10161),#10165);
#10161 = LINE('',#10162,#10163);
#10162 = CARTESIAN_POINT('',(-21.21320343559,0.));
#10163 = VECTOR('',#10164,1.);
#10164 = DIRECTION('',(-0.,-1.));
#10165 = ( GEOMETRIC_REPRESENTATION_CONTEXT(2) 
PARAMETRIC_REPRESENTATION_CONTEXT() REPRESENTATION_CONTEXT('2D SPACE',''
  ) );
#10166 = PCURVE('',#3319,#10167);
#10167 = DEFINITIONAL_REPRESENTATION('',(#10168),#10172);
#10168 = LINE('',#10169,#10170);
#10169 = CARTESIAN_POINT('',(0.,-0.));
#10170 = VECTOR('',#10171,1.);
#10171 = DIRECTION('',(-0.,-1.));
#10172 = ( GEOMETRIC_REPRESENTATION_CONTEXT(2) 
PARAMETRIC_REPRESENTATION_CONTEXT() REPRESENTATION_CONTEXT('2D SPACE',''
  ) );
#10173 = ADVANCED_FACE('',(#10174),#3291,.T.);
#10174 = FACE_BOUND('',#10175,.F.);
#10175 = EDGE_LOOP('',(#10176,#10177,#10198,#10199));
#10176 = ORIENTED_EDGE('',*,*,#3275,.T.);
#10177 = ORIENTED_EDGE('',*,*,#10178,.T.);
#10178 = EDGE_CURVE('',#3276,#5054,#10179,.T.);
#10179 = SURFACE_CURVE('',#10180,(#10184,#10191),.PCURVE_S1.);
#10180 = LINE('',#10181,#10182);
#10181 = CARTESIAN_POINT('',(26.3,106.22132034356,20.6));
#10182 = VECTOR('',#10183,1.);
#10183 = DIRECTION('',(-1.,-0.,-0.));
#10184 = PCURVE('',#3291,#10185);
#10185 = DEFINITIONAL_REPRESENTATION('',(#10186),#10190);
#10186 = LINE('',#10187,#10188);
#10187 = CARTESIAN_POINT('',(-0.,0.));
#10188 = VECTOR('',#10189,1.);
#10189 = DIRECTION('',(-0.,-1.));
#10190 = ( GEOMETRIC_REPRESENTATION_CONTEXT(2) 
PARAMETRIC_REPRESENTATION_CONTEXT() REPRESENTATION_CONTEXT('2D SPACE',''
  ) );
#10191 = PCURVE('',#3319,#10192);
#10192 = DEFINITIONAL_REPRESENTATION('',(#10193),#10197);
#10193 = LINE('',#10194,#10195);
#10194 = CARTESIAN_POINT('',(-21.21320343559,0.));
#10195 = VECTOR('',#10196,1.);
#10196 = DIRECTION('',(-0.,-1.));
#10197 = ( GEOMETRIC_REPRESENTATION_CONTEXT(2) 
PARAMETRIC_REPRESENTATION_CONTEXT() REPRESENTATION_CONTEXT('2D SPACE',''
  ) );
#10198 = ORIENTED_EDGE('',*,*,#5053,.F.);
#10199 = ORIENTED_EDGE('',*,*,#10104,.F.);
#10200 = ADVANCED_FACE('',(#10201),#3319,.T.);
#10201 = FACE_BOUND('',#10202,.F.);
#10202 = EDGE_LOOP('',(#10203,#10204,#10205,#10206));
#10203 = ORIENTED_EDGE('',*,*,#3303,.T.);
#10204 = ORIENTED_EDGE('',*,*,#10153,.T.);
#10205 = ORIENTED_EDGE('',*,*,#5076,.F.);
#10206 = ORIENTED_EDGE('',*,*,#10178,.F.);
#10207 = ADVANCED_FACE('',(#10208),#3377,.T.);
#10208 = FACE_BOUND('',#10209,.F.);
#10209 = EDGE_LOOP('',(#10210,#10211,#10232,#10233));
#10210 = ORIENTED_EDGE('',*,*,#3359,.T.);
#10211 = ORIENTED_EDGE('',*,*,#10212,.T.);
#10212 = EDGE_CURVE('',#3362,#5125,#10213,.T.);
#10213 = SURFACE_CURVE('',#10214,(#10218,#10225),.PCURVE_S1.);
#10214 = LINE('',#10215,#10216);
#10215 = CARTESIAN_POINT('',(26.3,195.5405591591,37.340559159102));
#10216 = VECTOR('',#10217,1.);
#10217 = DIRECTION('',(-1.,-0.,-0.));
#10218 = PCURVE('',#3377,#10219);
#10219 = DEFINITIONAL_REPRESENTATION('',(#10220),#10224);
#10220 = LINE('',#10221,#10222);
#10221 = CARTESIAN_POINT('',(-0.,0.));
#10222 = VECTOR('',#10223,1.);
#10223 = DIRECTION('',(-0.,-1.));
#10224 = ( GEOMETRIC_REPRESENTATION_CONTEXT(2) 
PARAMETRIC_REPRESENTATION_CONTEXT() REPRESENTATION_CONTEXT('2D SPACE',''
  ) );
#10225 = PCURVE('',#3406,#10226);
#10226 = DEFINITIONAL_REPRESENTATION('',(#10227),#10231);
#10227 = LINE('',#10228,#10229);
#10228 = CARTESIAN_POINT('',(2.356194490192,0.));
#10229 = VECTOR('',#10230,1.);
#10230 = DIRECTION('',(0.,-1.));
#10231 = ( GEOMETRIC_REPRESENTATION_CONTEXT(2) 
PARAMETRIC_REPRESENTATION_CONTEXT() REPRESENTATION_CONTEXT('2D SPACE',''
  ) );
#10232 = ORIENTED_EDGE('',*,*,#5122,.F.);
#10233 = ORIENTED_EDGE('',*,*,#10234,.F.);
#10234 = EDGE_CURVE('',#3360,#5123,#10235,.T.);
#10235 = SURFACE_CURVE('',#10236,(#10240,#10247),.PCURVE_S1.);
#10236 = LINE('',#10237,#10238);
#10237 = CARTESIAN_POINT('',(26.3,192.5,40.381118318204));
#10238 = VECTOR('',#10239,1.);
#10239 = DIRECTION('',(-1.,-0.,-0.));
#10240 = PCURVE('',#3377,#10241);
#10241 = DEFINITIONAL_REPRESENTATION('',(#10242),#10246);
#10242 = LINE('',#10243,#10244);
#10243 = CARTESIAN_POINT('',(-4.3,0.));
#10244 = VECTOR('',#10245,1.);
#10245 = DIRECTION('',(-0.,-1.));
#10246 = ( GEOMETRIC_REPRESENTATION_CONTEXT(2) 
PARAMETRIC_REPRESENTATION_CONTEXT() REPRESENTATION_CONTEXT('2D SPACE',''
  ) );
#10247 = PCURVE('',#3432,#10248);
#10248 = DEFINITIONAL_REPRESENTATION('',(#10249),#10253);
#10249 = LINE('',#10250,#10251);
#10250 = CARTESIAN_POINT('',(0.,-0.));
#10251 = VECTOR('',#10252,1.);
#10252 = DIRECTION('',(-0.,-1.));
#10253 = ( GEOMETRIC_REPRESENTATION_CONTEXT(2) 
PARAMETRIC_REPRESENTATION_CONTEXT() REPRESENTATION_CONTEXT('2D SPACE',''
  ) );
#10254 = ADVANCED_FACE('',(#10255),#3432,.T.);
#10255 = FACE_BOUND('',#10256,.F.);
#10256 = EDGE_LOOP('',(#10257,#10258,#10259,#10260));
#10257 = ORIENTED_EDGE('',*,*,#3418,.T.);
#10258 = ORIENTED_EDGE('',*,*,#10234,.T.);
#10259 = ORIENTED_EDGE('',*,*,#5171,.F.);
#10260 = ORIENTED_EDGE('',*,*,#10261,.F.);
#10261 = EDGE_CURVE('',#3390,#5148,#10262,.T.);
#10262 = SURFACE_CURVE('',#10263,(#10267,#10274),.PCURVE_S1.);
#10263 = LINE('',#10264,#10265);
#10264 = CARTESIAN_POINT('',(26.3,189.45944084089,37.340559159102));
#10265 = VECTOR('',#10266,1.);
#10266 = DIRECTION('',(-1.,-0.,-0.));
#10267 = PCURVE('',#3432,#10268);
#10268 = DEFINITIONAL_REPRESENTATION('',(#10269),#10273);
#10269 = LINE('',#10270,#10271);
#10270 = CARTESIAN_POINT('',(-4.3,0.));
#10271 = VECTOR('',#10272,1.);
#10272 = DIRECTION('',(-0.,-1.));
#10273 = ( GEOMETRIC_REPRESENTATION_CONTEXT(2) 
PARAMETRIC_REPRESENTATION_CONTEXT() REPRESENTATION_CONTEXT('2D SPACE',''
  ) );
#10274 = PCURVE('',#3406,#10275);
#10275 = DEFINITIONAL_REPRESENTATION('',(#10276),#10280);
#10276 = LINE('',#10277,#10278);
#10277 = CARTESIAN_POINT('',(-2.356194490192,0.));
#10278 = VECTOR('',#10279,1.);
#10279 = DIRECTION('',(0.,-1.));
#10280 = ( GEOMETRIC_REPRESENTATION_CONTEXT(2) 
PARAMETRIC_REPRESENTATION_CONTEXT() REPRESENTATION_CONTEXT('2D SPACE',''
  ) );
#10281 = ADVANCED_FACE('',(#10282),#3406,.F.);
#10282 = FACE_BOUND('',#10283,.F.);
#10283 = EDGE_LOOP('',(#10284,#10285,#10286,#10287));
#10284 = ORIENTED_EDGE('',*,*,#10212,.F.);
#10285 = ORIENTED_EDGE('',*,*,#3389,.T.);
#10286 = ORIENTED_EDGE('',*,*,#10261,.T.);
#10287 = ORIENTED_EDGE('',*,*,#5147,.F.);
#10288 = ADVANCED_FACE('',(#10289),#3464,.T.);
#10289 = FACE_BOUND('',#10290,.F.);
#10290 = EDGE_LOOP('',(#10291,#10292,#10313,#10314));
#10291 = ORIENTED_EDGE('',*,*,#3446,.T.);
#10292 = ORIENTED_EDGE('',*,*,#10293,.T.);
#10293 = EDGE_CURVE('',#3449,#5197,#10294,.T.);
#10294 = SURFACE_CURVE('',#10295,(#10299,#10306),.PCURVE_S1.);
#10295 = LINE('',#10296,#10297);
#10296 = CARTESIAN_POINT('',(26.3,117.57867965644,5.));
#10297 = VECTOR('',#10298,1.);
#10298 = DIRECTION('',(-1.,-0.,-0.));
#10299 = PCURVE('',#3464,#10300);
#10300 = DEFINITIONAL_REPRESENTATION('',(#10301),#10305);
#10301 = LINE('',#10302,#10303);
#10302 = CARTESIAN_POINT('',(-0.,0.));
#10303 = VECTOR('',#10304,1.);
#10304 = DIRECTION('',(-0.,-1.));
#10305 = ( GEOMETRIC_REPRESENTATION_CONTEXT(2) 
PARAMETRIC_REPRESENTATION_CONTEXT() REPRESENTATION_CONTEXT('2D SPACE',''
  ) );
#10306 = PCURVE('',#3492,#10307);
#10307 = DEFINITIONAL_REPRESENTATION('',(#10308),#10312);
#10308 = LINE('',#10309,#10310);
#10309 = CARTESIAN_POINT('',(-26.95735931288,0.));
#10310 = VECTOR('',#10311,1.);
#10311 = DIRECTION('',(-0.,-1.));
#10312 = ( GEOMETRIC_REPRESENTATION_CONTEXT(2) 
PARAMETRIC_REPRESENTATION_CONTEXT() REPRESENTATION_CONTEXT('2D SPACE',''
  ) );
#10313 = ORIENTED_EDGE('',*,*,#5194,.F.);
#10314 = ORIENTED_EDGE('',*,*,#10315,.F.);
#10315 = EDGE_CURVE('',#3447,#5195,#10316,.T.);
#10316 = SURFACE_CURVE('',#10317,(#10321,#10328),.PCURVE_S1.);
#10317 = LINE('',#10318,#10319);
#10318 = CARTESIAN_POINT('',(26.3,104.1,18.47867965644));
#10319 = VECTOR('',#10320,1.);
#10320 = DIRECTION('',(-1.,-0.,-0.));
#10321 = PCURVE('',#3464,#10322);
#10322 = DEFINITIONAL_REPRESENTATION('',(#10323),#10327);
#10323 = LINE('',#10324,#10325);
#10324 = CARTESIAN_POINT('',(-19.06173157302,0.));
#10325 = VECTOR('',#10326,1.);
#10326 = DIRECTION('',(-0.,-1.));
#10327 = ( GEOMETRIC_REPRESENTATION_CONTEXT(2) 
PARAMETRIC_REPRESENTATION_CONTEXT() REPRESENTATION_CONTEXT('2D SPACE',''
  ) );
#10328 = PCURVE('',#3518,#10329);
#10329 = DEFINITIONAL_REPRESENTATION('',(#10330),#10334);
#10330 = LINE('',#10331,#10332);
#10331 = CARTESIAN_POINT('',(0.,-0.));
#10332 = VECTOR('',#10333,1.);
#10333 = DIRECTION('',(-0.,-1.));
#10334 = ( GEOMETRIC_REPRESENTATION_CONTEXT(2) 
PARAMETRIC_REPRESENTATION_CONTEXT() REPRESENTATION_CONTEXT('2D SPACE',''
  ) );
#10335 = ADVANCED_FACE('',(#10336),#3518,.T.);
#10336 = FACE_BOUND('',#10337,.F.);
#10337 = EDGE_LOOP('',(#10338,#10339,#10340,#10341));
#10338 = ORIENTED_EDGE('',*,*,#3504,.T.);
#10339 = ORIENTED_EDGE('',*,*,#10315,.T.);
#10340 = ORIENTED_EDGE('',*,*,#5242,.F.);
#10341 = ORIENTED_EDGE('',*,*,#10342,.F.);
#10342 = EDGE_CURVE('',#3477,#5220,#10343,.T.);
#10343 = SURFACE_CURVE('',#10344,(#10348,#10355),.PCURVE_S1.);
#10344 = LINE('',#10345,#10346);
#10345 = CARTESIAN_POINT('',(26.3,90.62132034356,5.));
#10346 = VECTOR('',#10347,1.);
#10347 = DIRECTION('',(-1.,-0.,-0.));
#10348 = PCURVE('',#3518,#10349);
#10349 = DEFINITIONAL_REPRESENTATION('',(#10350),#10354);
#10350 = LINE('',#10351,#10352);
#10351 = CARTESIAN_POINT('',(-19.06173157302,0.));
#10352 = VECTOR('',#10353,1.);
#10353 = DIRECTION('',(-0.,-1.));
#10354 = ( GEOMETRIC_REPRESENTATION_CONTEXT(2) 
PARAMETRIC_REPRESENTATION_CONTEXT() REPRESENTATION_CONTEXT('2D SPACE',''
  ) );
#10355 = PCURVE('',#3492,#10356);
#10356 = DEFINITIONAL_REPRESENTATION('',(#10357),#10361);
#10357 = LINE('',#10358,#10359);
#10358 = CARTESIAN_POINT('',(-0.,0.));
#10359 = VECTOR('',#10360,1.);
#10360 = DIRECTION('',(-0.,-1.));
#10361 = ( GEOMETRIC_REPRESENTATION_CONTEXT(2) 
PARAMETRIC_REPRESENTATION_CONTEXT() REPRESENTATION_CONTEXT('2D SPACE',''
  ) );
#10362 = ADVANCED_FACE('',(#10363),#3492,.T.);
#10363 = FACE_BOUND('',#10364,.F.);
#10364 = EDGE_LOOP('',(#10365,#10366,#10367,#10368));
#10365 = ORIENTED_EDGE('',*,*,#3476,.T.);
#10366 = ORIENTED_EDGE('',*,*,#10342,.T.);
#10367 = ORIENTED_EDGE('',*,*,#5219,.F.);
#10368 = ORIENTED_EDGE('',*,*,#10293,.F.);
#10369 = ADVANCED_FACE('',(#10370),#3550,.T.);
#10370 = FACE_BOUND('',#10371,.F.);
#10371 = EDGE_LOOP('',(#10372,#10373,#10394,#10395));
#10372 = ORIENTED_EDGE('',*,*,#3532,.T.);
#10373 = ORIENTED_EDGE('',*,*,#10374,.T.);
#10374 = EDGE_CURVE('',#3535,#5339,#10375,.T.);
#10375 = SURFACE_CURVE('',#10376,(#10380,#10387),.PCURVE_S1.);
#10376 = LINE('',#10377,#10378);
#10377 = CARTESIAN_POINT('',(26.3,86.97867965644,5.6));
#10378 = VECTOR('',#10379,1.);
#10379 = DIRECTION('',(-1.,-0.,-0.));
#10380 = PCURVE('',#3550,#10381);
#10381 = DEFINITIONAL_REPRESENTATION('',(#10382),#10386);
#10382 = LINE('',#10383,#10384);
#10383 = CARTESIAN_POINT('',(-0.,0.));
#10384 = VECTOR('',#10385,1.);
#10385 = DIRECTION('',(-0.,-1.));
#10386 = ( GEOMETRIC_REPRESENTATION_CONTEXT(2) 
PARAMETRIC_REPRESENTATION_CONTEXT() REPRESENTATION_CONTEXT('2D SPACE',''
  ) );
#10387 = PCURVE('',#3578,#10388);
#10388 = DEFINITIONAL_REPRESENTATION('',(#10389),#10393);
#10389 = LINE('',#10390,#10391);
#10390 = CARTESIAN_POINT('',(-21.21320343559,0.));
#10391 = VECTOR('',#10392,1.);
#10392 = DIRECTION('',(-0.,-1.));
#10393 = ( GEOMETRIC_REPRESENTATION_CONTEXT(2) 
PARAMETRIC_REPRESENTATION_CONTEXT() REPRESENTATION_CONTEXT('2D SPACE',''
  ) );
#10394 = ORIENTED_EDGE('',*,*,#5336,.F.);
#10395 = ORIENTED_EDGE('',*,*,#10396,.F.);
#10396 = EDGE_CURVE('',#3533,#5337,#10397,.T.);
#10397 = SURFACE_CURVE('',#10398,(#10402,#10409),.PCURVE_S1.);
#10398 = LINE('',#10399,#10400);
#10399 = CARTESIAN_POINT('',(26.3,101.97867965644,20.6));
#10400 = VECTOR('',#10401,1.);
#10401 = DIRECTION('',(-1.,-0.,-0.));
#10402 = PCURVE('',#3550,#10403);
#10403 = DEFINITIONAL_REPRESENTATION('',(#10404),#10408);
#10404 = LINE('',#10405,#10406);
#10405 = CARTESIAN_POINT('',(-21.21320343559,0.));
#10406 = VECTOR('',#10407,1.);
#10407 = DIRECTION('',(-0.,-1.));
#10408 = ( GEOMETRIC_REPRESENTATION_CONTEXT(2) 
PARAMETRIC_REPRESENTATION_CONTEXT() REPRESENTATION_CONTEXT('2D SPACE',''
  ) );
#10409 = PCURVE('',#3632,#10410);
#10410 = DEFINITIONAL_REPRESENTATION('',(#10411),#10415);
#10411 = LINE('',#10412,#10413);
#10412 = CARTESIAN_POINT('',(-0.,0.));
#10413 = VECTOR('',#10414,1.);
#10414 = DIRECTION('',(-0.,-1.));
#10415 = ( GEOMETRIC_REPRESENTATION_CONTEXT(2) 
PARAMETRIC_REPRESENTATION_CONTEXT() REPRESENTATION_CONTEXT('2D SPACE',''
  ) );
#10416 = ADVANCED_FACE('',(#10417),#3632,.T.);
#10417 = FACE_BOUND('',#10418,.F.);
#10418 = EDGE_LOOP('',(#10419,#10420,#10421,#10422));
#10419 = ORIENTED_EDGE('',*,*,#3618,.T.);
#10420 = ORIENTED_EDGE('',*,*,#10396,.T.);
#10421 = ORIENTED_EDGE('',*,*,#5407,.F.);
#10422 = ORIENTED_EDGE('',*,*,#10423,.F.);
#10423 = EDGE_CURVE('',#3591,#5385,#10424,.T.);
#10424 = SURFACE_CURVE('',#10425,(#10429,#10436),.PCURVE_S1.);
#10425 = LINE('',#10426,#10427);
#10426 = CARTESIAN_POINT('',(26.3,86.97867965644,35.6));
#10427 = VECTOR('',#10428,1.);
#10428 = DIRECTION('',(-1.,-0.,-0.));
#10429 = PCURVE('',#3632,#10430);
#10430 = DEFINITIONAL_REPRESENTATION('',(#10431),#10435);
#10431 = LINE('',#10432,#10433);
#10432 = CARTESIAN_POINT('',(-21.21320343559,0.));
#10433 = VECTOR('',#10434,1.);
#10434 = DIRECTION('',(-0.,-1.));
#10435 = ( GEOMETRIC_REPRESENTATION_CONTEXT(2) 
PARAMETRIC_REPRESENTATION_CONTEXT() REPRESENTATION_CONTEXT('2D SPACE',''
  ) );
#10436 = PCURVE('',#3606,#10437);
#10437 = DEFINITIONAL_REPRESENTATION('',(#10438),#10442);
#10438 = LINE('',#10439,#10440);
#10439 = CARTESIAN_POINT('',(0.,-0.));
#10440 = VECTOR('',#10441,1.);
#10441 = DIRECTION('',(-0.,-1.));
#10442 = ( GEOMETRIC_REPRESENTATION_CONTEXT(2) 
PARAMETRIC_REPRESENTATION_CONTEXT() REPRESENTATION_CONTEXT('2D SPACE',''
  ) );
#10443 = ADVANCED_FACE('',(#10444),#3578,.T.);
#10444 = FACE_BOUND('',#10445,.F.);
#10445 = EDGE_LOOP('',(#10446,#10447,#10468,#10469));
#10446 = ORIENTED_EDGE('',*,*,#3562,.T.);
#10447 = ORIENTED_EDGE('',*,*,#10448,.T.);
#10448 = EDGE_CURVE('',#3563,#5362,#10449,.T.);
#10449 = SURFACE_CURVE('',#10450,(#10454,#10461),.PCURVE_S1.);
#10450 = LINE('',#10451,#10452);
#10451 = CARTESIAN_POINT('',(26.3,71.97867965644,20.6));
#10452 = VECTOR('',#10453,1.);
#10453 = DIRECTION('',(-1.,-0.,-0.));
#10454 = PCURVE('',#3578,#10455);
#10455 = DEFINITIONAL_REPRESENTATION('',(#10456),#10460);
#10456 = LINE('',#10457,#10458);
#10457 = CARTESIAN_POINT('',(-0.,0.));
#10458 = VECTOR('',#10459,1.);
#10459 = DIRECTION('',(-0.,-1.));
#10460 = ( GEOMETRIC_REPRESENTATION_CONTEXT(2) 
PARAMETRIC_REPRESENTATION_CONTEXT() REPRESENTATION_CONTEXT('2D SPACE',''
  ) );
#10461 = PCURVE('',#3606,#10462);
#10462 = DEFINITIONAL_REPRESENTATION('',(#10463),#10467);
#10463 = LINE('',#10464,#10465);
#10464 = CARTESIAN_POINT('',(-21.21320343559,0.));
#10465 = VECTOR('',#10466,1.);
#10466 = DIRECTION('',(-0.,-1.));
#10467 = ( GEOMETRIC_REPRESENTATION_CONTEXT(2) 
PARAMETRIC_REPRESENTATION_CONTEXT() REPRESENTATION_CONTEXT('2D SPACE',''
  ) );
#10468 = ORIENTED_EDGE('',*,*,#5361,.F.);
#10469 = ORIENTED_EDGE('',*,*,#10374,.F.);
#10470 = ADVANCED_FACE('',(#10471),#3606,.T.);
#10471 = FACE_BOUND('',#10472,.F.);
#10472 = EDGE_LOOP('',(#10473,#10474,#10475,#10476));
#10473 = ORIENTED_EDGE('',*,*,#3590,.T.);
#10474 = ORIENTED_EDGE('',*,*,#10423,.T.);
#10475 = ORIENTED_EDGE('',*,*,#5384,.F.);
#10476 = ORIENTED_EDGE('',*,*,#10448,.F.);
#10477 = ADVANCED_FACE('',(#10478),#3664,.T.);
#10478 = FACE_BOUND('',#10479,.F.);
#10479 = EDGE_LOOP('',(#10480,#10481,#10502,#10503));
#10480 = ORIENTED_EDGE('',*,*,#3646,.T.);
#10481 = ORIENTED_EDGE('',*,*,#10482,.T.);
#10482 = EDGE_CURVE('',#3649,#5268,#10483,.T.);
#10483 = SURFACE_CURVE('',#10484,(#10488,#10495),.PCURVE_S1.);
#10484 = LINE('',#10485,#10486);
#10485 = CARTESIAN_POINT('',(26.3,83.336038969321,5.));
#10486 = VECTOR('',#10487,1.);
#10487 = DIRECTION('',(-1.,-0.,-0.));
#10488 = PCURVE('',#3664,#10489);
#10489 = DEFINITIONAL_REPRESENTATION('',(#10490),#10494);
#10490 = LINE('',#10491,#10492);
#10491 = CARTESIAN_POINT('',(-0.,0.));
#10492 = VECTOR('',#10493,1.);
#10493 = DIRECTION('',(-0.,-1.));
#10494 = ( GEOMETRIC_REPRESENTATION_CONTEXT(2) 
PARAMETRIC_REPRESENTATION_CONTEXT() REPRESENTATION_CONTEXT('2D SPACE',''
  ) );
#10495 = PCURVE('',#3692,#10496);
#10496 = DEFINITIONAL_REPRESENTATION('',(#10497),#10501);
#10497 = LINE('',#10498,#10499);
#10498 = CARTESIAN_POINT('',(-26.95735931288,0.));
#10499 = VECTOR('',#10500,1.);
#10500 = DIRECTION('',(-0.,-1.));
#10501 = ( GEOMETRIC_REPRESENTATION_CONTEXT(2) 
PARAMETRIC_REPRESENTATION_CONTEXT() REPRESENTATION_CONTEXT('2D SPACE',''
  ) );
#10502 = ORIENTED_EDGE('',*,*,#5265,.F.);
#10503 = ORIENTED_EDGE('',*,*,#10504,.F.);
#10504 = EDGE_CURVE('',#3647,#5266,#10505,.T.);
#10505 = SURFACE_CURVE('',#10506,(#10510,#10517),.PCURVE_S1.);
#10506 = LINE('',#10507,#10508);
#10507 = CARTESIAN_POINT('',(26.3,69.857359312881,18.47867965644));
#10508 = VECTOR('',#10509,1.);
#10509 = DIRECTION('',(-1.,-0.,-0.));
#10510 = PCURVE('',#3664,#10511);
#10511 = DEFINITIONAL_REPRESENTATION('',(#10512),#10516);
#10512 = LINE('',#10513,#10514);
#10513 = CARTESIAN_POINT('',(-19.06173157302,0.));
#10514 = VECTOR('',#10515,1.);
#10515 = DIRECTION('',(-0.,-1.));
#10516 = ( GEOMETRIC_REPRESENTATION_CONTEXT(2) 
PARAMETRIC_REPRESENTATION_CONTEXT() REPRESENTATION_CONTEXT('2D SPACE',''
  ) );
#10517 = PCURVE('',#3718,#10518);
#10518 = DEFINITIONAL_REPRESENTATION('',(#10519),#10523);
#10519 = LINE('',#10520,#10521);
#10520 = CARTESIAN_POINT('',(0.,-0.));
#10521 = VECTOR('',#10522,1.);
#10522 = DIRECTION('',(-0.,-1.));
#10523 = ( GEOMETRIC_REPRESENTATION_CONTEXT(2) 
PARAMETRIC_REPRESENTATION_CONTEXT() REPRESENTATION_CONTEXT('2D SPACE',''
  ) );
#10524 = ADVANCED_FACE('',(#10525),#3718,.T.);
#10525 = FACE_BOUND('',#10526,.F.);
#10526 = EDGE_LOOP('',(#10527,#10528,#10529,#10530));
#10527 = ORIENTED_EDGE('',*,*,#3704,.T.);
#10528 = ORIENTED_EDGE('',*,*,#10504,.T.);
#10529 = ORIENTED_EDGE('',*,*,#5313,.F.);
#10530 = ORIENTED_EDGE('',*,*,#10531,.F.);
#10531 = EDGE_CURVE('',#3677,#5291,#10532,.T.);
#10532 = SURFACE_CURVE('',#10533,(#10537,#10544),.PCURVE_S1.);
#10533 = LINE('',#10534,#10535);
#10534 = CARTESIAN_POINT('',(26.3,56.37867965644,5.));
#10535 = VECTOR('',#10536,1.);
#10536 = DIRECTION('',(-1.,-0.,-0.));
#10537 = PCURVE('',#3718,#10538);
#10538 = DEFINITIONAL_REPRESENTATION('',(#10539),#10543);
#10539 = LINE('',#10540,#10541);
#10540 = CARTESIAN_POINT('',(-19.06173157302,0.));
#10541 = VECTOR('',#10542,1.);
#10542 = DIRECTION('',(-0.,-1.));
#10543 = ( GEOMETRIC_REPRESENTATION_CONTEXT(2) 
PARAMETRIC_REPRESENTATION_CONTEXT() REPRESENTATION_CONTEXT('2D SPACE',''
  ) );
#10544 = PCURVE('',#3692,#10545);
#10545 = DEFINITIONAL_REPRESENTATION('',(#10546),#10550);
#10546 = LINE('',#10547,#10548);
#10547 = CARTESIAN_POINT('',(-0.,0.));
#10548 = VECTOR('',#10549,1.);
#10549 = DIRECTION('',(-0.,-1.));
#10550 = ( GEOMETRIC_REPRESENTATION_CONTEXT(2) 
PARAMETRIC_REPRESENTATION_CONTEXT() REPRESENTATION_CONTEXT('2D SPACE',''
  ) );
#10551 = ADVANCED_FACE('',(#10552),#3692,.T.);
#10552 = FACE_BOUND('',#10553,.F.);
#10553 = EDGE_LOOP('',(#10554,#10555,#10556,#10557));
#10554 = ORIENTED_EDGE('',*,*,#3676,.T.);
#10555 = ORIENTED_EDGE('',*,*,#10531,.T.);
#10556 = ORIENTED_EDGE('',*,*,#5290,.F.);
#10557 = ORIENTED_EDGE('',*,*,#10482,.F.);
#10558 = ADVANCED_FACE('',(#10559),#3750,.T.);
#10559 = FACE_BOUND('',#10560,.F.);
#10560 = EDGE_LOOP('',(#10561,#10562,#10583,#10584));
#10561 = ORIENTED_EDGE('',*,*,#3732,.T.);
#10562 = ORIENTED_EDGE('',*,*,#10563,.T.);
#10563 = EDGE_CURVE('',#3735,#5520,#10564,.T.);
#10564 = SURFACE_CURVE('',#10565,(#10569,#10576),.PCURVE_S1.);
#10565 = LINE('',#10566,#10567);
#10566 = CARTESIAN_POINT('',(26.3,52.736038969321,5.6));
#10567 = VECTOR('',#10568,1.);
#10568 = DIRECTION('',(-1.,-0.,-0.));
#10569 = PCURVE('',#3750,#10570);
#10570 = DEFINITIONAL_REPRESENTATION('',(#10571),#10575);
#10571 = LINE('',#10572,#10573);
#10572 = CARTESIAN_POINT('',(-0.,0.));
#10573 = VECTOR('',#10574,1.);
#10574 = DIRECTION('',(-0.,-1.));
#10575 = ( GEOMETRIC_REPRESENTATION_CONTEXT(2) 
PARAMETRIC_REPRESENTATION_CONTEXT() REPRESENTATION_CONTEXT('2D SPACE',''
  ) );
#10576 = PCURVE('',#3778,#10577);
#10577 = DEFINITIONAL_REPRESENTATION('',(#10578),#10582);
#10578 = LINE('',#10579,#10580);
#10579 = CARTESIAN_POINT('',(-21.21320343559,0.));
#10580 = VECTOR('',#10581,1.);
#10581 = DIRECTION('',(-0.,-1.));
#10582 = ( GEOMETRIC_REPRESENTATION_CONTEXT(2) 
PARAMETRIC_REPRESENTATION_CONTEXT() REPRESENTATION_CONTEXT('2D SPACE',''
  ) );
#10583 = ORIENTED_EDGE('',*,*,#5517,.F.);
#10584 = ORIENTED_EDGE('',*,*,#10585,.F.);
#10585 = EDGE_CURVE('',#3733,#5518,#10586,.T.);
#10586 = SURFACE_CURVE('',#10587,(#10591,#10598),.PCURVE_S1.);
#10587 = LINE('',#10588,#10589);
#10588 = CARTESIAN_POINT('',(26.3,67.736038969321,20.6));
#10589 = VECTOR('',#10590,1.);
#10590 = DIRECTION('',(-1.,-0.,-0.));
#10591 = PCURVE('',#3750,#10592);
#10592 = DEFINITIONAL_REPRESENTATION('',(#10593),#10597);
#10593 = LINE('',#10594,#10595);
#10594 = CARTESIAN_POINT('',(-21.21320343559,0.));
#10595 = VECTOR('',#10596,1.);
#10596 = DIRECTION('',(-0.,-1.));
#10597 = ( GEOMETRIC_REPRESENTATION_CONTEXT(2) 
PARAMETRIC_REPRESENTATION_CONTEXT() REPRESENTATION_CONTEXT('2D SPACE',''
  ) );
#10598 = PCURVE('',#3832,#10599);
#10599 = DEFINITIONAL_REPRESENTATION('',(#10600),#10604);
#10600 = LINE('',#10601,#10602);
#10601 = CARTESIAN_POINT('',(-0.,0.));
#10602 = VECTOR('',#10603,1.);
#10603 = DIRECTION('',(-0.,-1.));
#10604 = ( GEOMETRIC_REPRESENTATION_CONTEXT(2) 
PARAMETRIC_REPRESENTATION_CONTEXT() REPRESENTATION_CONTEXT('2D SPACE',''
  ) );
#10605 = ADVANCED_FACE('',(#10606),#3832,.T.);
#10606 = FACE_BOUND('',#10607,.F.);
#10607 = EDGE_LOOP('',(#10608,#10609,#10610,#10611));
#10608 = ORIENTED_EDGE('',*,*,#3818,.T.);
#10609 = ORIENTED_EDGE('',*,*,#10585,.T.);
#10610 = ORIENTED_EDGE('',*,*,#5588,.F.);
#10611 = ORIENTED_EDGE('',*,*,#10612,.F.);
#10612 = EDGE_CURVE('',#3791,#5566,#10613,.T.);
#10613 = SURFACE_CURVE('',#10614,(#10618,#10625),.PCURVE_S1.);
#10614 = LINE('',#10615,#10616);
#10615 = CARTESIAN_POINT('',(26.3,52.736038969321,35.6));
#10616 = VECTOR('',#10617,1.);
#10617 = DIRECTION('',(-1.,-0.,-0.));
#10618 = PCURVE('',#3832,#10619);
#10619 = DEFINITIONAL_REPRESENTATION('',(#10620),#10624);
#10620 = LINE('',#10621,#10622);
#10621 = CARTESIAN_POINT('',(-21.21320343559,0.));
#10622 = VECTOR('',#10623,1.);
#10623 = DIRECTION('',(-0.,-1.));
#10624 = ( GEOMETRIC_REPRESENTATION_CONTEXT(2) 
PARAMETRIC_REPRESENTATION_CONTEXT() REPRESENTATION_CONTEXT('2D SPACE',''
  ) );
#10625 = PCURVE('',#3806,#10626);
#10626 = DEFINITIONAL_REPRESENTATION('',(#10627),#10631);
#10627 = LINE('',#10628,#10629);
#10628 = CARTESIAN_POINT('',(0.,-0.));
#10629 = VECTOR('',#10630,1.);
#10630 = DIRECTION('',(-0.,-1.));
#10631 = ( GEOMETRIC_REPRESENTATION_CONTEXT(2) 
PARAMETRIC_REPRESENTATION_CONTEXT() REPRESENTATION_CONTEXT('2D SPACE',''
  ) );
#10632 = ADVANCED_FACE('',(#10633),#3778,.T.);
#10633 = FACE_BOUND('',#10634,.F.);
#10634 = EDGE_LOOP('',(#10635,#10636,#10657,#10658));
#10635 = ORIENTED_EDGE('',*,*,#3762,.T.);
#10636 = ORIENTED_EDGE('',*,*,#10637,.T.);
#10637 = EDGE_CURVE('',#3763,#5543,#10638,.T.);
#10638 = SURFACE_CURVE('',#10639,(#10643,#10650),.PCURVE_S1.);
#10639 = LINE('',#10640,#10641);
#10640 = CARTESIAN_POINT('',(26.3,37.736038969321,20.6));
#10641 = VECTOR('',#10642,1.);
#10642 = DIRECTION('',(-1.,-0.,-0.));
#10643 = PCURVE('',#3778,#10644);
#10644 = DEFINITIONAL_REPRESENTATION('',(#10645),#10649);
#10645 = LINE('',#10646,#10647);
#10646 = CARTESIAN_POINT('',(-0.,0.));
#10647 = VECTOR('',#10648,1.);
#10648 = DIRECTION('',(-0.,-1.));
#10649 = ( GEOMETRIC_REPRESENTATION_CONTEXT(2) 
PARAMETRIC_REPRESENTATION_CONTEXT() REPRESENTATION_CONTEXT('2D SPACE',''
  ) );
#10650 = PCURVE('',#3806,#10651);
#10651 = DEFINITIONAL_REPRESENTATION('',(#10652),#10656);
#10652 = LINE('',#10653,#10654);
#10653 = CARTESIAN_POINT('',(-21.21320343559,0.));
#10654 = VECTOR('',#10655,1.);
#10655 = DIRECTION('',(-0.,-1.));
#10656 = ( GEOMETRIC_REPRESENTATION_CONTEXT(2) 
PARAMETRIC_REPRESENTATION_CONTEXT() REPRESENTATION_CONTEXT('2D SPACE',''
  ) );
#10657 = ORIENTED_EDGE('',*,*,#5542,.F.);
#10658 = ORIENTED_EDGE('',*,*,#10563,.F.);
#10659 = ADVANCED_FACE('',(#10660),#3806,.T.);
#10660 = FACE_BOUND('',#10661,.F.);
#10661 = EDGE_LOOP('',(#10662,#10663,#10664,#10665));
#10662 = ORIENTED_EDGE('',*,*,#3790,.T.);
#10663 = ORIENTED_EDGE('',*,*,#10612,.T.);
#10664 = ORIENTED_EDGE('',*,*,#5565,.F.);
#10665 = ORIENTED_EDGE('',*,*,#10637,.F.);
#10666 = ADVANCED_FACE('',(#10667),#3975,.F.);
#10667 = FACE_BOUND('',#10668,.T.);
#10668 = EDGE_LOOP('',(#10669,#10670,#10691,#10692));
#10669 = ORIENTED_EDGE('',*,*,#3957,.T.);
#10670 = ORIENTED_EDGE('',*,*,#10671,.T.);
#10671 = EDGE_CURVE('',#3960,#4651,#10672,.T.);
#10672 = SURFACE_CURVE('',#10673,(#10677,#10684),.PCURVE_S1.);
#10673 = LINE('',#10674,#10675);
#10674 = CARTESIAN_POINT('',(68.3,201.,23.1));
#10675 = VECTOR('',#10676,1.);
#10676 = DIRECTION('',(-0.,1.,-0.));
#10677 = PCURVE('',#3975,#10678);
#10678 = DEFINITIONAL_REPRESENTATION('',(#10679),#10683);
#10679 = LINE('',#10680,#10681);
#10680 = CARTESIAN_POINT('',(-0.,-0.));
#10681 = VECTOR('',#10682,1.);
#10682 = DIRECTION('',(-0.,-1.));
#10683 = ( GEOMETRIC_REPRESENTATION_CONTEXT(2) 
PARAMETRIC_REPRESENTATION_CONTEXT() REPRESENTATION_CONTEXT('2D SPACE',''
  ) );
#10684 = PCURVE('',#4057,#10685);
#10685 = DEFINITIONAL_REPRESENTATION('',(#10686),#10690);
#10686 = LINE('',#10687,#10688);
#10687 = CARTESIAN_POINT('',(-21.92031021678,-0.));
#10688 = VECTOR('',#10689,1.);
#10689 = DIRECTION('',(-0.,-1.));
#10690 = ( GEOMETRIC_REPRESENTATION_CONTEXT(2) 
PARAMETRIC_REPRESENTATION_CONTEXT() REPRESENTATION_CONTEXT('2D SPACE',''
  ) );
#10691 = ORIENTED_EDGE('',*,*,#4648,.F.);
#10692 = ORIENTED_EDGE('',*,*,#10693,.F.);
#10693 = EDGE_CURVE('',#3958,#4649,#10694,.T.);
#10694 = SURFACE_CURVE('',#10695,(#10699,#10706),.PCURVE_S1.);
#10695 = LINE('',#10696,#10697);
#10696 = CARTESIAN_POINT('',(52.8,201.,7.6));
#10697 = VECTOR('',#10698,1.);
#10698 = DIRECTION('',(-0.,1.,-0.));
#10699 = PCURVE('',#3975,#10700);
#10700 = DEFINITIONAL_REPRESENTATION('',(#10701),#10705);
#10701 = LINE('',#10702,#10703);
#10702 = CARTESIAN_POINT('',(-21.92031021678,0.));
#10703 = VECTOR('',#10704,1.);
#10704 = DIRECTION('',(-0.,-1.));
#10705 = ( GEOMETRIC_REPRESENTATION_CONTEXT(2) 
PARAMETRIC_REPRESENTATION_CONTEXT() REPRESENTATION_CONTEXT('2D SPACE',''
  ) );
#10706 = PCURVE('',#4003,#10707);
#10707 = DEFINITIONAL_REPRESENTATION('',(#10708),#10712);
#10708 = LINE('',#10709,#10710);
#10709 = CARTESIAN_POINT('',(-0.,-0.));
#10710 = VECTOR('',#10711,1.);
#10711 = DIRECTION('',(-0.,-1.));
#10712 = ( GEOMETRIC_REPRESENTATION_CONTEXT(2) 
PARAMETRIC_REPRESENTATION_CONTEXT() REPRESENTATION_CONTEXT('2D SPACE',''
  ) );
#10713 = ADVANCED_FACE('',(#10714),#4057,.F.);
#10714 = FACE_BOUND('',#10715,.T.);
#10715 = EDGE_LOOP('',(#10716,#10717,#10738,#10739));
#10716 = ORIENTED_EDGE('',*,*,#4043,.T.);
#10717 = ORIENTED_EDGE('',*,*,#10718,.T.);
#10718 = EDGE_CURVE('',#4016,#4697,#10719,.T.);
#10719 = SURFACE_CURVE('',#10720,(#10724,#10731),.PCURVE_S1.);
#10720 = LINE('',#10721,#10722);
#10721 = CARTESIAN_POINT('',(52.8,201.,38.6));
#10722 = VECTOR('',#10723,1.);
#10723 = DIRECTION('',(-0.,1.,-0.));
#10724 = PCURVE('',#4057,#10725);
#10725 = DEFINITIONAL_REPRESENTATION('',(#10726),#10730);
#10726 = LINE('',#10727,#10728);
#10727 = CARTESIAN_POINT('',(-0.,0.));
#10728 = VECTOR('',#10729,1.);
#10729 = DIRECTION('',(-0.,-1.));
#10730 = ( GEOMETRIC_REPRESENTATION_CONTEXT(2) 
PARAMETRIC_REPRESENTATION_CONTEXT() REPRESENTATION_CONTEXT('2D SPACE',''
  ) );
#10731 = PCURVE('',#4031,#10732);
#10732 = DEFINITIONAL_REPRESENTATION('',(#10733),#10737);
#10733 = LINE('',#10734,#10735);
#10734 = CARTESIAN_POINT('',(-21.92031021678,-0.));
#10735 = VECTOR('',#10736,1.);
#10736 = DIRECTION('',(-0.,-1.));
#10737 = ( GEOMETRIC_REPRESENTATION_CONTEXT(2) 
PARAMETRIC_REPRESENTATION_CONTEXT() REPRESENTATION_CONTEXT('2D SPACE',''
  ) );
#10738 = ORIENTED_EDGE('',*,*,#4719,.F.);
#10739 = ORIENTED_EDGE('',*,*,#10671,.F.);
#10740 = ADVANCED_FACE('',(#10741),#4031,.F.);
#10741 = FACE_BOUND('',#10742,.T.);
#10742 = EDGE_LOOP('',(#10743,#10744,#10765,#10766));
#10743 = ORIENTED_EDGE('',*,*,#4015,.T.);
#10744 = ORIENTED_EDGE('',*,*,#10745,.T.);
#10745 = EDGE_CURVE('',#3988,#4674,#10746,.T.);
#10746 = SURFACE_CURVE('',#10747,(#10751,#10758),.PCURVE_S1.);
#10747 = LINE('',#10748,#10749);
#10748 = CARTESIAN_POINT('',(37.3,201.,23.1));
#10749 = VECTOR('',#10750,1.);
#10750 = DIRECTION('',(-0.,1.,-0.));
#10751 = PCURVE('',#4031,#10752);
#10752 = DEFINITIONAL_REPRESENTATION('',(#10753),#10757);
#10753 = LINE('',#10754,#10755);
#10754 = CARTESIAN_POINT('',(-0.,-0.));
#10755 = VECTOR('',#10756,1.);
#10756 = DIRECTION('',(-0.,-1.));
#10757 = ( GEOMETRIC_REPRESENTATION_CONTEXT(2) 
PARAMETRIC_REPRESENTATION_CONTEXT() REPRESENTATION_CONTEXT('2D SPACE',''
  ) );
#10758 = PCURVE('',#4003,#10759);
#10759 = DEFINITIONAL_REPRESENTATION('',(#10760),#10764);
#10760 = LINE('',#10761,#10762);
#10761 = CARTESIAN_POINT('',(-21.92031021678,0.));
#10762 = VECTOR('',#10763,1.);
#10763 = DIRECTION('',(-0.,-1.));
#10764 = ( GEOMETRIC_REPRESENTATION_CONTEXT(2) 
PARAMETRIC_REPRESENTATION_CONTEXT() REPRESENTATION_CONTEXT('2D SPACE',''
  ) );
#10765 = ORIENTED_EDGE('',*,*,#4696,.F.);
#10766 = ORIENTED_EDGE('',*,*,#10718,.F.);
#10767 = ADVANCED_FACE('',(#10768),#4003,.F.);
#10768 = FACE_BOUND('',#10769,.T.);
#10769 = EDGE_LOOP('',(#10770,#10771,#10772,#10773));
#10770 = ORIENTED_EDGE('',*,*,#3987,.T.);
#10771 = ORIENTED_EDGE('',*,*,#10693,.T.);
#10772 = ORIENTED_EDGE('',*,*,#4673,.F.);
#10773 = ORIENTED_EDGE('',*,*,#10745,.F.);
#10774 = ADVANCED_FACE('',(#10775),#4095,.F.);
#10775 = FACE_BOUND('',#10776,.T.);
#10776 = EDGE_LOOP('',(#10777,#10778,#10779,#10780));
#10777 = ORIENTED_EDGE('',*,*,#9740,.T.);
#10778 = ORIENTED_EDGE('',*,*,#4208,.T.);
#10779 = ORIENTED_EDGE('',*,*,#4072,.T.);
#10780 = ORIENTED_EDGE('',*,*,#9801,.F.);
#10781 = ADVANCED_FACE('',(#10782),#4252,.F.);
#10782 = FACE_BOUND('',#10783,.F.);
#10783 = EDGE_LOOP('',(#10784,#10814,#10835,#10836));
#10784 = ORIENTED_EDGE('',*,*,#10785,.F.);
#10785 = EDGE_CURVE('',#10786,#10788,#10790,.T.);
#10786 = VERTEX_POINT('',#10787);
#10787 = CARTESIAN_POINT('',(83.9,193.5,5.4));
#10788 = VERTEX_POINT('',#10789);
#10789 = CARTESIAN_POINT('',(83.9,196.25771644662,12.057716446628));
#10790 = SURFACE_CURVE('',#10791,(#10796,#10803),.PCURVE_S1.);
#10791 = CIRCLE('',#10792,3.9);
#10792 = AXIS2_PLACEMENT_3D('',#10793,#10794,#10795);
#10793 = CARTESIAN_POINT('',(83.9,193.5,9.3));
#10794 = DIRECTION('',(1.,0.,-0.));
#10795 = DIRECTION('',(-0.,-0.,-1.));
#10796 = PCURVE('',#4252,#10797);
#10797 = DEFINITIONAL_REPRESENTATION('',(#10798),#10802);
#10798 = LINE('',#10799,#10800);
#10799 = CARTESIAN_POINT('',(0.,0.));
#10800 = VECTOR('',#10801,1.);
#10801 = DIRECTION('',(1.,0.));
#10802 = ( GEOMETRIC_REPRESENTATION_CONTEXT(2) 
PARAMETRIC_REPRESENTATION_CONTEXT() REPRESENTATION_CONTEXT('2D SPACE',''
  ) );
#10803 = PCURVE('',#8894,#10804);
#10804 = DEFINITIONAL_REPRESENTATION('',(#10805),#10813);
#10805 = ( BOUNDED_CURVE() B_SPLINE_CURVE(2,(#10806,#10807,#10808,#10809
    ,#10810,#10811,#10812),.UNSPECIFIED.,.T.,.F.) 
B_SPLINE_CURVE_WITH_KNOTS((1,2,2,2,2,1),(-2.094395102393,0.,
    2.094395102393,4.188790204786,6.28318530718,8.377580409573),
.UNSPECIFIED.) CURVE() GEOMETRIC_REPRESENTATION_ITEM() 
RATIONAL_B_SPLINE_CURVE((1.,0.5,1.,0.5,1.,0.5,1.)) REPRESENTATION_ITEM(
  '') );
#10806 = CARTESIAN_POINT('',(4.607533727551,-1.));
#10807 = CARTESIAN_POINT('',(4.607533727551,-7.754998149519));
#10808 = CARTESIAN_POINT('',(-1.242466272449,-4.377499074759));
#10809 = CARTESIAN_POINT('',(-7.092466272449,-1.));
#10810 = CARTESIAN_POINT('',(-1.242466272449,2.377499074759));
#10811 = CARTESIAN_POINT('',(4.607533727551,5.754998149519));
#10812 = CARTESIAN_POINT('',(4.607533727551,-1.));
#10813 = ( GEOMETRIC_REPRESENTATION_CONTEXT(2) 
PARAMETRIC_REPRESENTATION_CONTEXT() REPRESENTATION_CONTEXT('2D SPACE',''
  ) );
#10814 = ORIENTED_EDGE('',*,*,#10815,.T.);
#10815 = EDGE_CURVE('',#10786,#4236,#10816,.T.);
#10816 = SURFACE_CURVE('',#10817,(#10821,#10828),.PCURVE_S1.);
#10817 = LINE('',#10818,#10819);
#10818 = CARTESIAN_POINT('',(83.9,193.5,5.4));
#10819 = VECTOR('',#10820,1.);
#10820 = DIRECTION('',(-1.,-0.,-0.));
#10821 = PCURVE('',#4252,#10822);
#10822 = DEFINITIONAL_REPRESENTATION('',(#10823),#10827);
#10823 = LINE('',#10824,#10825);
#10824 = CARTESIAN_POINT('',(0.,0.));
#10825 = VECTOR('',#10826,1.);
#10826 = DIRECTION('',(0.,-1.));
#10827 = ( GEOMETRIC_REPRESENTATION_CONTEXT(2) 
PARAMETRIC_REPRESENTATION_CONTEXT() REPRESENTATION_CONTEXT('2D SPACE',''
  ) );
#10828 = PCURVE('',#4280,#10829);
#10829 = DEFINITIONAL_REPRESENTATION('',(#10830),#10834);
#10830 = LINE('',#10831,#10832);
#10831 = CARTESIAN_POINT('',(-2.,0.));
#10832 = VECTOR('',#10833,1.);
#10833 = DIRECTION('',(-0.,-1.));
#10834 = ( GEOMETRIC_REPRESENTATION_CONTEXT(2) 
PARAMETRIC_REPRESENTATION_CONTEXT() REPRESENTATION_CONTEXT('2D SPACE',''
  ) );
#10835 = ORIENTED_EDGE('',*,*,#4233,.F.);
#10836 = ORIENTED_EDGE('',*,*,#10837,.F.);
#10837 = EDGE_CURVE('',#10788,#4234,#10838,.T.);
#10838 = SURFACE_CURVE('',#10839,(#10843,#10850),.PCURVE_S1.);
#10839 = LINE('',#10840,#10841);
#10840 = CARTESIAN_POINT('',(83.9,196.25771644662,12.057716446628));
#10841 = VECTOR('',#10842,1.);
#10842 = DIRECTION('',(-1.,-0.,-0.));
#10843 = PCURVE('',#4252,#10844);
#10844 = DEFINITIONAL_REPRESENTATION('',(#10845),#10849);
#10845 = LINE('',#10846,#10847);
#10846 = CARTESIAN_POINT('',(2.356194490192,0.));
#10847 = VECTOR('',#10848,1.);
#10848 = DIRECTION('',(0.,-1.));
#10849 = ( GEOMETRIC_REPRESENTATION_CONTEXT(2) 
PARAMETRIC_REPRESENTATION_CONTEXT() REPRESENTATION_CONTEXT('2D SPACE',''
  ) );
#10850 = PCURVE('',#4363,#10851);
#10851 = DEFINITIONAL_REPRESENTATION('',(#10852),#10856);
#10852 = LINE('',#10853,#10854);
#10853 = CARTESIAN_POINT('',(-0.,0.));
#10854 = VECTOR('',#10855,1.);
#10855 = DIRECTION('',(-0.,-1.));
#10856 = ( GEOMETRIC_REPRESENTATION_CONTEXT(2) 
PARAMETRIC_REPRESENTATION_CONTEXT() REPRESENTATION_CONTEXT('2D SPACE',''
  ) );
#10857 = ADVANCED_FACE('',(#10858),#4363,.T.);
#10858 = FACE_BOUND('',#10859,.F.);
#10859 = EDGE_LOOP('',(#10860,#10883,#10884,#10885));
#10860 = ORIENTED_EDGE('',*,*,#10861,.F.);
#10861 = EDGE_CURVE('',#10788,#10862,#10864,.T.);
#10862 = VERTEX_POINT('',#10863);
#10863 = CARTESIAN_POINT('',(83.9,192.5,15.815432893255));
#10864 = SURFACE_CURVE('',#10865,(#10869,#10876),.PCURVE_S1.);
#10865 = LINE('',#10866,#10867);
#10866 = CARTESIAN_POINT('',(83.9,196.25771644662,12.057716446628));
#10867 = VECTOR('',#10868,1.);
#10868 = DIRECTION('',(-0.,-0.707106781187,0.707106781187));
#10869 = PCURVE('',#4363,#10870);
#10870 = DEFINITIONAL_REPRESENTATION('',(#10871),#10875);
#10871 = LINE('',#10872,#10873);
#10872 = CARTESIAN_POINT('',(-0.,0.));
#10873 = VECTOR('',#10874,1.);
#10874 = DIRECTION('',(-1.,0.));
#10875 = ( GEOMETRIC_REPRESENTATION_CONTEXT(2) 
PARAMETRIC_REPRESENTATION_CONTEXT() REPRESENTATION_CONTEXT('2D SPACE',''
  ) );
#10876 = PCURVE('',#8894,#10877);
#10877 = DEFINITIONAL_REPRESENTATION('',(#10878),#10882);
#10878 = LINE('',#10879,#10880);
#10879 = CARTESIAN_POINT('',(-2.050182719077,-3.757716446628));
#10880 = VECTOR('',#10881,1.);
#10881 = DIRECTION('',(-0.707106781187,0.707106781187));
#10882 = ( GEOMETRIC_REPRESENTATION_CONTEXT(2) 
PARAMETRIC_REPRESENTATION_CONTEXT() REPRESENTATION_CONTEXT('2D SPACE',''
  ) );
#10883 = ORIENTED_EDGE('',*,*,#10837,.T.);
#10884 = ORIENTED_EDGE('',*,*,#4349,.F.);
#10885 = ORIENTED_EDGE('',*,*,#10886,.F.);
#10886 = EDGE_CURVE('',#10862,#4322,#10887,.T.);
#10887 = SURFACE_CURVE('',#10888,(#10892,#10899),.PCURVE_S1.);
#10888 = LINE('',#10889,#10890);
#10889 = CARTESIAN_POINT('',(83.9,192.5,15.815432893255));
#10890 = VECTOR('',#10891,1.);
#10891 = DIRECTION('',(-1.,-0.,-0.));
#10892 = PCURVE('',#4363,#10893);
#10893 = DEFINITIONAL_REPRESENTATION('',(#10894),#10898);
#10894 = LINE('',#10895,#10896);
#10895 = CARTESIAN_POINT('',(-5.314213562373,0.));
#10896 = VECTOR('',#10897,1.);
#10897 = DIRECTION('',(-0.,-1.));
#10898 = ( GEOMETRIC_REPRESENTATION_CONTEXT(2) 
PARAMETRIC_REPRESENTATION_CONTEXT() REPRESENTATION_CONTEXT('2D SPACE',''
  ) );
#10899 = PCURVE('',#4337,#10900);
#10900 = DEFINITIONAL_REPRESENTATION('',(#10901),#10905);
#10901 = LINE('',#10902,#10903);
#10902 = CARTESIAN_POINT('',(0.,-0.));
#10903 = VECTOR('',#10904,1.);
#10904 = DIRECTION('',(-0.,-1.));
#10905 = ( GEOMETRIC_REPRESENTATION_CONTEXT(2) 
PARAMETRIC_REPRESENTATION_CONTEXT() REPRESENTATION_CONTEXT('2D SPACE',''
  ) );
#10906 = ADVANCED_FACE('',(#10907),#4280,.T.);
#10907 = FACE_BOUND('',#10908,.F.);
#10908 = EDGE_LOOP('',(#10909,#10932,#10953,#10954));
#10909 = ORIENTED_EDGE('',*,*,#10910,.F.);
#10910 = EDGE_CURVE('',#10911,#10786,#10913,.T.);
#10911 = VERTEX_POINT('',#10912);
#10912 = CARTESIAN_POINT('',(83.9,191.5,5.4));
#10913 = SURFACE_CURVE('',#10914,(#10918,#10925),.PCURVE_S1.);
#10914 = LINE('',#10915,#10916);
#10915 = CARTESIAN_POINT('',(83.9,191.5,5.4));
#10916 = VECTOR('',#10917,1.);
#10917 = DIRECTION('',(-0.,1.,-0.));
#10918 = PCURVE('',#4280,#10919);
#10919 = DEFINITIONAL_REPRESENTATION('',(#10920),#10924);
#10920 = LINE('',#10921,#10922);
#10921 = CARTESIAN_POINT('',(-0.,0.));
#10922 = VECTOR('',#10923,1.);
#10923 = DIRECTION('',(-1.,0.));
#10924 = ( GEOMETRIC_REPRESENTATION_CONTEXT(2) 
PARAMETRIC_REPRESENTATION_CONTEXT() REPRESENTATION_CONTEXT('2D SPACE',''
  ) );
#10925 = PCURVE('',#8894,#10926);
#10926 = DEFINITIONAL_REPRESENTATION('',(#10927),#10931);
#10927 = LINE('',#10928,#10929);
#10928 = CARTESIAN_POINT('',(4.607533727551,1.));
#10929 = VECTOR('',#10930,1.);
#10930 = DIRECTION('',(-0.,-1.));
#10931 = ( GEOMETRIC_REPRESENTATION_CONTEXT(2) 
PARAMETRIC_REPRESENTATION_CONTEXT() REPRESENTATION_CONTEXT('2D SPACE',''
  ) );
#10932 = ORIENTED_EDGE('',*,*,#10933,.T.);
#10933 = EDGE_CURVE('',#10911,#4265,#10934,.T.);
#10934 = SURFACE_CURVE('',#10935,(#10939,#10946),.PCURVE_S1.);
#10935 = LINE('',#10936,#10937);
#10936 = CARTESIAN_POINT('',(83.9,191.5,5.4));
#10937 = VECTOR('',#10938,1.);
#10938 = DIRECTION('',(-1.,-0.,-0.));
#10939 = PCURVE('',#4280,#10940);
#10940 = DEFINITIONAL_REPRESENTATION('',(#10941),#10945);
#10941 = LINE('',#10942,#10943);
#10942 = CARTESIAN_POINT('',(-0.,0.));
#10943 = VECTOR('',#10944,1.);
#10944 = DIRECTION('',(-0.,-1.));
#10945 = ( GEOMETRIC_REPRESENTATION_CONTEXT(2) 
PARAMETRIC_REPRESENTATION_CONTEXT() REPRESENTATION_CONTEXT('2D SPACE',''
  ) );
#10946 = PCURVE('',#4309,#10947);
#10947 = DEFINITIONAL_REPRESENTATION('',(#10948),#10952);
#10948 = LINE('',#10949,#10950);
#10949 = CARTESIAN_POINT('',(2.356194490192,0.));
#10950 = VECTOR('',#10951,1.);
#10951 = DIRECTION('',(0.,-1.));
#10952 = ( GEOMETRIC_REPRESENTATION_CONTEXT(2) 
PARAMETRIC_REPRESENTATION_CONTEXT() REPRESENTATION_CONTEXT('2D SPACE',''
  ) );
#10953 = ORIENTED_EDGE('',*,*,#4264,.F.);
#10954 = ORIENTED_EDGE('',*,*,#10815,.F.);
#10955 = ADVANCED_FACE('',(#10956),#4337,.T.);
#10956 = FACE_BOUND('',#10957,.F.);
#10957 = EDGE_LOOP('',(#10958,#10981,#10982,#10983));
#10958 = ORIENTED_EDGE('',*,*,#10959,.F.);
#10959 = EDGE_CURVE('',#10862,#10960,#10962,.T.);
#10960 = VERTEX_POINT('',#10961);
#10961 = CARTESIAN_POINT('',(83.9,188.74228355337,12.057716446628));
#10962 = SURFACE_CURVE('',#10963,(#10967,#10974),.PCURVE_S1.);
#10963 = LINE('',#10964,#10965);
#10964 = CARTESIAN_POINT('',(83.9,192.5,15.815432893255));
#10965 = VECTOR('',#10966,1.);
#10966 = DIRECTION('',(-0.,-0.707106781187,-0.707106781187));
#10967 = PCURVE('',#4337,#10968);
#10968 = DEFINITIONAL_REPRESENTATION('',(#10969),#10973);
#10969 = LINE('',#10970,#10971);
#10970 = CARTESIAN_POINT('',(0.,-0.));
#10971 = VECTOR('',#10972,1.);
#10972 = DIRECTION('',(-1.,0.));
#10973 = ( GEOMETRIC_REPRESENTATION_CONTEXT(2) 
PARAMETRIC_REPRESENTATION_CONTEXT() REPRESENTATION_CONTEXT('2D SPACE',''
  ) );
#10974 = PCURVE('',#8894,#10975);
#10975 = DEFINITIONAL_REPRESENTATION('',(#10976),#10980);
#10976 = LINE('',#10977,#10978);
#10977 = CARTESIAN_POINT('',(-5.807899165704,-0.));
#10978 = VECTOR('',#10979,1.);
#10979 = DIRECTION('',(0.707106781187,0.707106781187));
#10980 = ( GEOMETRIC_REPRESENTATION_CONTEXT(2) 
PARAMETRIC_REPRESENTATION_CONTEXT() REPRESENTATION_CONTEXT('2D SPACE',''
  ) );
#10981 = ORIENTED_EDGE('',*,*,#10886,.T.);
#10982 = ORIENTED_EDGE('',*,*,#4321,.F.);
#10983 = ORIENTED_EDGE('',*,*,#10984,.F.);
#10984 = EDGE_CURVE('',#10960,#4293,#10985,.T.);
#10985 = SURFACE_CURVE('',#10986,(#10990,#10997),.PCURVE_S1.);
#10986 = LINE('',#10987,#10988);
#10987 = CARTESIAN_POINT('',(83.9,188.74228355337,12.057716446628));
#10988 = VECTOR('',#10989,1.);
#10989 = DIRECTION('',(-1.,-0.,-0.));
#10990 = PCURVE('',#4337,#10991);
#10991 = DEFINITIONAL_REPRESENTATION('',(#10992),#10996);
#10992 = LINE('',#10993,#10994);
#10993 = CARTESIAN_POINT('',(-5.314213562373,0.));
#10994 = VECTOR('',#10995,1.);
#10995 = DIRECTION('',(-0.,-1.));
#10996 = ( GEOMETRIC_REPRESENTATION_CONTEXT(2) 
PARAMETRIC_REPRESENTATION_CONTEXT() REPRESENTATION_CONTEXT('2D SPACE',''
  ) );
#10997 = PCURVE('',#4309,#10998);
#10998 = DEFINITIONAL_REPRESENTATION('',(#10999),#11003);
#10999 = LINE('',#11000,#11001);
#11000 = CARTESIAN_POINT('',(0.,0.));
#11001 = VECTOR('',#11002,1.);
#11002 = DIRECTION('',(0.,-1.));
#11003 = ( GEOMETRIC_REPRESENTATION_CONTEXT(2) 
PARAMETRIC_REPRESENTATION_CONTEXT() REPRESENTATION_CONTEXT('2D SPACE',''
  ) );
#11004 = ADVANCED_FACE('',(#11005),#4309,.F.);
#11005 = FACE_BOUND('',#11006,.F.);
#11006 = EDGE_LOOP('',(#11007,#11033,#11034,#11035));
#11007 = ORIENTED_EDGE('',*,*,#11008,.F.);
#11008 = EDGE_CURVE('',#10960,#10911,#11009,.T.);
#11009 = SURFACE_CURVE('',#11010,(#11015,#11022),.PCURVE_S1.);
#11010 = CIRCLE('',#11011,3.9);
#11011 = AXIS2_PLACEMENT_3D('',#11012,#11013,#11014);
#11012 = CARTESIAN_POINT('',(83.9,191.5,9.3));
#11013 = DIRECTION('',(1.,-0.,0.));
#11014 = DIRECTION('',(-0.,-0.707106781187,0.707106781187));
#11015 = PCURVE('',#4309,#11016);
#11016 = DEFINITIONAL_REPRESENTATION('',(#11017),#11021);
#11017 = LINE('',#11018,#11019);
#11018 = CARTESIAN_POINT('',(0.,0.));
#11019 = VECTOR('',#11020,1.);
#11020 = DIRECTION('',(1.,0.));
#11021 = ( GEOMETRIC_REPRESENTATION_CONTEXT(2) 
PARAMETRIC_REPRESENTATION_CONTEXT() REPRESENTATION_CONTEXT('2D SPACE',''
  ) );
#11022 = PCURVE('',#8894,#11023);
#11023 = DEFINITIONAL_REPRESENTATION('',(#11024),#11032);
#11024 = ( BOUNDED_CURVE() B_SPLINE_CURVE(2,(#11025,#11026,#11027,#11028
    ,#11029,#11030,#11031),.UNSPECIFIED.,.T.,.F.) 
B_SPLINE_CURVE_WITH_KNOTS((1,2,2,2,2,1),(-2.094395102393,0.,
    2.094395102393,4.188790204786,6.28318530718,8.377580409573),
.UNSPECIFIED.) CURVE() GEOMETRIC_REPRESENTATION_ITEM() 
RATIONAL_B_SPLINE_CURVE((1.,0.5,1.,0.5,1.,0.5,1.)) REPRESENTATION_ITEM(
  '') );
#11025 = CARTESIAN_POINT('',(-2.050182719077,3.757716446628));
#11026 = CARTESIAN_POINT('',(2.726322279351,8.534221445055));
#11027 = CARTESIAN_POINT('',(4.474644450078,2.0093942759));
#11028 = CARTESIAN_POINT('',(6.222966620806,-4.515432893255));
#11029 = CARTESIAN_POINT('',(-0.301860548349,-2.767110722527));
#11030 = CARTESIAN_POINT('',(-6.826687717504,-1.0187885518));
#11031 = CARTESIAN_POINT('',(-2.050182719077,3.757716446628));
#11032 = ( GEOMETRIC_REPRESENTATION_CONTEXT(2) 
PARAMETRIC_REPRESENTATION_CONTEXT() REPRESENTATION_CONTEXT('2D SPACE',''
  ) );
#11033 = ORIENTED_EDGE('',*,*,#10984,.T.);
#11034 = ORIENTED_EDGE('',*,*,#4292,.F.);
#11035 = ORIENTED_EDGE('',*,*,#10933,.F.);
#11036 = ADVANCED_FACE('',(#11037),#4396,.F.);
#11037 = FACE_BOUND('',#11038,.F.);
#11038 = EDGE_LOOP('',(#11039,#11069,#11090,#11091));
#11039 = ORIENTED_EDGE('',*,*,#11040,.F.);
#11040 = EDGE_CURVE('',#11041,#11043,#11045,.T.);
#11041 = VERTEX_POINT('',#11042);
#11042 = CARTESIAN_POINT('',(83.9,193.5,30.4));
#11043 = VERTEX_POINT('',#11044);
#11044 = CARTESIAN_POINT('',(83.9,196.25771644662,37.057716446628));
#11045 = SURFACE_CURVE('',#11046,(#11051,#11058),.PCURVE_S1.);
#11046 = CIRCLE('',#11047,3.9);
#11047 = AXIS2_PLACEMENT_3D('',#11048,#11049,#11050);
#11048 = CARTESIAN_POINT('',(83.9,193.5,34.3));
#11049 = DIRECTION('',(1.,0.,-0.));
#11050 = DIRECTION('',(-0.,-0.,-1.));
#11051 = PCURVE('',#4396,#11052);
#11052 = DEFINITIONAL_REPRESENTATION('',(#11053),#11057);
#11053 = LINE('',#11054,#11055);
#11054 = CARTESIAN_POINT('',(0.,0.));
#11055 = VECTOR('',#11056,1.);
#11056 = DIRECTION('',(1.,0.));
#11057 = ( GEOMETRIC_REPRESENTATION_CONTEXT(2) 
PARAMETRIC_REPRESENTATION_CONTEXT() REPRESENTATION_CONTEXT('2D SPACE',''
  ) );
#11058 = PCURVE('',#9146,#11059);
#11059 = DEFINITIONAL_REPRESENTATION('',(#11060),#11068);
#11060 = ( BOUNDED_CURVE() B_SPLINE_CURVE(2,(#11061,#11062,#11063,#11064
    ,#11065,#11066,#11067),.UNSPECIFIED.,.T.,.F.) 
B_SPLINE_CURVE_WITH_KNOTS((1,2,2,2,2,1),(-2.094395102393,0.,
    2.094395102393,4.188790204786,6.28318530718,8.377580409573),
.UNSPECIFIED.) CURVE() GEOMETRIC_REPRESENTATION_ITEM() 
RATIONAL_B_SPLINE_CURVE((1.,0.5,1.,0.5,1.,0.5,1.)) REPRESENTATION_ITEM(
  '') );
#11061 = CARTESIAN_POINT('',(4.607533727551,-1.));
#11062 = CARTESIAN_POINT('',(4.607533727551,-7.754998149519));
#11063 = CARTESIAN_POINT('',(-1.242466272449,-4.377499074759));
#11064 = CARTESIAN_POINT('',(-7.092466272449,-1.));
#11065 = CARTESIAN_POINT('',(-1.242466272449,2.377499074759));
#11066 = CARTESIAN_POINT('',(4.607533727551,5.754998149519));
#11067 = CARTESIAN_POINT('',(4.607533727551,-1.));
#11068 = ( GEOMETRIC_REPRESENTATION_CONTEXT(2) 
PARAMETRIC_REPRESENTATION_CONTEXT() REPRESENTATION_CONTEXT('2D SPACE',''
  ) );
#11069 = ORIENTED_EDGE('',*,*,#11070,.T.);
#11070 = EDGE_CURVE('',#11041,#4380,#11071,.T.);
#11071 = SURFACE_CURVE('',#11072,(#11076,#11083),.PCURVE_S1.);
#11072 = LINE('',#11073,#11074);
#11073 = CARTESIAN_POINT('',(83.9,193.5,30.4));
#11074 = VECTOR('',#11075,1.);
#11075 = DIRECTION('',(-1.,-0.,-0.));
#11076 = PCURVE('',#4396,#11077);
#11077 = DEFINITIONAL_REPRESENTATION('',(#11078),#11082);
#11078 = LINE('',#11079,#11080);
#11079 = CARTESIAN_POINT('',(0.,0.));
#11080 = VECTOR('',#11081,1.);
#11081 = DIRECTION('',(0.,-1.));
#11082 = ( GEOMETRIC_REPRESENTATION_CONTEXT(2) 
PARAMETRIC_REPRESENTATION_CONTEXT() REPRESENTATION_CONTEXT('2D SPACE',''
  ) );
#11083 = PCURVE('',#4424,#11084);
#11084 = DEFINITIONAL_REPRESENTATION('',(#11085),#11089);
#11085 = LINE('',#11086,#11087);
#11086 = CARTESIAN_POINT('',(-2.,0.));
#11087 = VECTOR('',#11088,1.);
#11088 = DIRECTION('',(-0.,-1.));
#11089 = ( GEOMETRIC_REPRESENTATION_CONTEXT(2) 
PARAMETRIC_REPRESENTATION_CONTEXT() REPRESENTATION_CONTEXT('2D SPACE',''
  ) );
#11090 = ORIENTED_EDGE('',*,*,#4377,.F.);
#11091 = ORIENTED_EDGE('',*,*,#11092,.F.);
#11092 = EDGE_CURVE('',#11043,#4378,#11093,.T.);
#11093 = SURFACE_CURVE('',#11094,(#11098,#11105),.PCURVE_S1.);
#11094 = LINE('',#11095,#11096);
#11095 = CARTESIAN_POINT('',(83.9,196.25771644662,37.057716446628));
#11096 = VECTOR('',#11097,1.);
#11097 = DIRECTION('',(-1.,-0.,-0.));
#11098 = PCURVE('',#4396,#11099);
#11099 = DEFINITIONAL_REPRESENTATION('',(#11100),#11104);
#11100 = LINE('',#11101,#11102);
#11101 = CARTESIAN_POINT('',(2.356194490192,0.));
#11102 = VECTOR('',#11103,1.);
#11103 = DIRECTION('',(0.,-1.));
#11104 = ( GEOMETRIC_REPRESENTATION_CONTEXT(2) 
PARAMETRIC_REPRESENTATION_CONTEXT() REPRESENTATION_CONTEXT('2D SPACE',''
  ) );
#11105 = PCURVE('',#4507,#11106);
#11106 = DEFINITIONAL_REPRESENTATION('',(#11107),#11111);
#11107 = LINE('',#11108,#11109);
#11108 = CARTESIAN_POINT('',(-0.,0.));
#11109 = VECTOR('',#11110,1.);
#11110 = DIRECTION('',(-0.,-1.));
#11111 = ( GEOMETRIC_REPRESENTATION_CONTEXT(2) 
PARAMETRIC_REPRESENTATION_CONTEXT() REPRESENTATION_CONTEXT('2D SPACE',''
  ) );
#11112 = ADVANCED_FACE('',(#11113),#4507,.T.);
#11113 = FACE_BOUND('',#11114,.F.);
#11114 = EDGE_LOOP('',(#11115,#11138,#11139,#11140));
#11115 = ORIENTED_EDGE('',*,*,#11116,.F.);
#11116 = EDGE_CURVE('',#11043,#11117,#11119,.T.);
#11117 = VERTEX_POINT('',#11118);
#11118 = CARTESIAN_POINT('',(83.9,192.5,40.815432893255));
#11119 = SURFACE_CURVE('',#11120,(#11124,#11131),.PCURVE_S1.);
#11120 = LINE('',#11121,#11122);
#11121 = CARTESIAN_POINT('',(83.9,196.25771644662,37.057716446628));
#11122 = VECTOR('',#11123,1.);
#11123 = DIRECTION('',(-0.,-0.707106781187,0.707106781187));
#11124 = PCURVE('',#4507,#11125);
#11125 = DEFINITIONAL_REPRESENTATION('',(#11126),#11130);
#11126 = LINE('',#11127,#11128);
#11127 = CARTESIAN_POINT('',(-0.,0.));
#11128 = VECTOR('',#11129,1.);
#11129 = DIRECTION('',(-1.,0.));
#11130 = ( GEOMETRIC_REPRESENTATION_CONTEXT(2) 
PARAMETRIC_REPRESENTATION_CONTEXT() REPRESENTATION_CONTEXT('2D SPACE',''
  ) );
#11131 = PCURVE('',#9146,#11132);
#11132 = DEFINITIONAL_REPRESENTATION('',(#11133),#11137);
#11133 = LINE('',#11134,#11135);
#11134 = CARTESIAN_POINT('',(-2.050182719077,-3.757716446628));
#11135 = VECTOR('',#11136,1.);
#11136 = DIRECTION('',(-0.707106781187,0.707106781187));
#11137 = ( GEOMETRIC_REPRESENTATION_CONTEXT(2) 
PARAMETRIC_REPRESENTATION_CONTEXT() REPRESENTATION_CONTEXT('2D SPACE',''
  ) );
#11138 = ORIENTED_EDGE('',*,*,#11092,.T.);
#11139 = ORIENTED_EDGE('',*,*,#4493,.F.);
#11140 = ORIENTED_EDGE('',*,*,#11141,.F.);
#11141 = EDGE_CURVE('',#11117,#4466,#11142,.T.);
#11142 = SURFACE_CURVE('',#11143,(#11147,#11154),.PCURVE_S1.);
#11143 = LINE('',#11144,#11145);
#11144 = CARTESIAN_POINT('',(83.9,192.5,40.815432893255));
#11145 = VECTOR('',#11146,1.);
#11146 = DIRECTION('',(-1.,-0.,-0.));
#11147 = PCURVE('',#4507,#11148);
#11148 = DEFINITIONAL_REPRESENTATION('',(#11149),#11153);
#11149 = LINE('',#11150,#11151);
#11150 = CARTESIAN_POINT('',(-5.314213562373,0.));
#11151 = VECTOR('',#11152,1.);
#11152 = DIRECTION('',(-0.,-1.));
#11153 = ( GEOMETRIC_REPRESENTATION_CONTEXT(2) 
PARAMETRIC_REPRESENTATION_CONTEXT() REPRESENTATION_CONTEXT('2D SPACE',''
  ) );
#11154 = PCURVE('',#4481,#11155);
#11155 = DEFINITIONAL_REPRESENTATION('',(#11156),#11160);
#11156 = LINE('',#11157,#11158);
#11157 = CARTESIAN_POINT('',(0.,-0.));
#11158 = VECTOR('',#11159,1.);
#11159 = DIRECTION('',(-0.,-1.));
#11160 = ( GEOMETRIC_REPRESENTATION_CONTEXT(2) 
PARAMETRIC_REPRESENTATION_CONTEXT() REPRESENTATION_CONTEXT('2D SPACE',''
  ) );
#11161 = ADVANCED_FACE('',(#11162),#4481,.T.);
#11162 = FACE_BOUND('',#11163,.F.);
#11163 = EDGE_LOOP('',(#11164,#11187,#11188,#11189));
#11164 = ORIENTED_EDGE('',*,*,#11165,.F.);
#11165 = EDGE_CURVE('',#11117,#11166,#11168,.T.);
#11166 = VERTEX_POINT('',#11167);
#11167 = CARTESIAN_POINT('',(83.9,188.74228355337,37.057716446628));
#11168 = SURFACE_CURVE('',#11169,(#11173,#11180),.PCURVE_S1.);
#11169 = LINE('',#11170,#11171);
#11170 = CARTESIAN_POINT('',(83.9,192.5,40.815432893255));
#11171 = VECTOR('',#11172,1.);
#11172 = DIRECTION('',(-0.,-0.707106781187,-0.707106781187));
#11173 = PCURVE('',#4481,#11174);
#11174 = DEFINITIONAL_REPRESENTATION('',(#11175),#11179);
#11175 = LINE('',#11176,#11177);
#11176 = CARTESIAN_POINT('',(0.,-0.));
#11177 = VECTOR('',#11178,1.);
#11178 = DIRECTION('',(-1.,0.));
#11179 = ( GEOMETRIC_REPRESENTATION_CONTEXT(2) 
PARAMETRIC_REPRESENTATION_CONTEXT() REPRESENTATION_CONTEXT('2D SPACE',''
  ) );
#11180 = PCURVE('',#9146,#11181);
#11181 = DEFINITIONAL_REPRESENTATION('',(#11182),#11186);
#11182 = LINE('',#11183,#11184);
#11183 = CARTESIAN_POINT('',(-5.807899165704,-2.84217094304E-14));
#11184 = VECTOR('',#11185,1.);
#11185 = DIRECTION('',(0.707106781187,0.707106781187));
#11186 = ( GEOMETRIC_REPRESENTATION_CONTEXT(2) 
PARAMETRIC_REPRESENTATION_CONTEXT() REPRESENTATION_CONTEXT('2D SPACE',''
  ) );
#11187 = ORIENTED_EDGE('',*,*,#11141,.T.);
#11188 = ORIENTED_EDGE('',*,*,#4465,.F.);
#11189 = ORIENTED_EDGE('',*,*,#11190,.F.);
#11190 = EDGE_CURVE('',#11166,#4437,#11191,.T.);
#11191 = SURFACE_CURVE('',#11192,(#11196,#11203),.PCURVE_S1.);
#11192 = LINE('',#11193,#11194);
#11193 = CARTESIAN_POINT('',(83.9,188.74228355337,37.057716446628));
#11194 = VECTOR('',#11195,1.);
#11195 = DIRECTION('',(-1.,-0.,-0.));
#11196 = PCURVE('',#4481,#11197);
#11197 = DEFINITIONAL_REPRESENTATION('',(#11198),#11202);
#11198 = LINE('',#11199,#11200);
#11199 = CARTESIAN_POINT('',(-5.314213562373,0.));
#11200 = VECTOR('',#11201,1.);
#11201 = DIRECTION('',(-0.,-1.));
#11202 = ( GEOMETRIC_REPRESENTATION_CONTEXT(2) 
PARAMETRIC_REPRESENTATION_CONTEXT() REPRESENTATION_CONTEXT('2D SPACE',''
  ) );
#11203 = PCURVE('',#4453,#11204);
#11204 = DEFINITIONAL_REPRESENTATION('',(#11205),#11209);
#11205 = LINE('',#11206,#11207);
#11206 = CARTESIAN_POINT('',(0.,0.));
#11207 = VECTOR('',#11208,1.);
#11208 = DIRECTION('',(0.,-1.));
#11209 = ( GEOMETRIC_REPRESENTATION_CONTEXT(2) 
PARAMETRIC_REPRESENTATION_CONTEXT() REPRESENTATION_CONTEXT('2D SPACE',''
  ) );
#11210 = ADVANCED_FACE('',(#11211),#4453,.F.);
#11211 = FACE_BOUND('',#11212,.F.);
#11212 = EDGE_LOOP('',(#11213,#11241,#11242,#11243));
#11213 = ORIENTED_EDGE('',*,*,#11214,.F.);
#11214 = EDGE_CURVE('',#11166,#11215,#11217,.T.);
#11215 = VERTEX_POINT('',#11216);
#11216 = CARTESIAN_POINT('',(83.9,191.5,30.4));
#11217 = SURFACE_CURVE('',#11218,(#11223,#11230),.PCURVE_S1.);
#11218 = CIRCLE('',#11219,3.9);
#11219 = AXIS2_PLACEMENT_3D('',#11220,#11221,#11222);
#11220 = CARTESIAN_POINT('',(83.9,191.5,34.3));
#11221 = DIRECTION('',(1.,-0.,0.));
#11222 = DIRECTION('',(-0.,-0.707106781187,0.707106781187));
#11223 = PCURVE('',#4453,#11224);
#11224 = DEFINITIONAL_REPRESENTATION('',(#11225),#11229);
#11225 = LINE('',#11226,#11227);
#11226 = CARTESIAN_POINT('',(0.,0.));
#11227 = VECTOR('',#11228,1.);
#11228 = DIRECTION('',(1.,0.));
#11229 = ( GEOMETRIC_REPRESENTATION_CONTEXT(2) 
PARAMETRIC_REPRESENTATION_CONTEXT() REPRESENTATION_CONTEXT('2D SPACE',''
  ) );
#11230 = PCURVE('',#9146,#11231);
#11231 = DEFINITIONAL_REPRESENTATION('',(#11232),#11240);
#11232 = ( BOUNDED_CURVE() B_SPLINE_CURVE(2,(#11233,#11234,#11235,#11236
    ,#11237,#11238,#11239),.UNSPECIFIED.,.T.,.F.) 
B_SPLINE_CURVE_WITH_KNOTS((1,2,2,2,2,1),(-2.094395102393,0.,
    2.094395102393,4.188790204786,6.28318530718,8.377580409573),
.UNSPECIFIED.) CURVE() GEOMETRIC_REPRESENTATION_ITEM() 
RATIONAL_B_SPLINE_CURVE((1.,0.5,1.,0.5,1.,0.5,1.)) REPRESENTATION_ITEM(
  '') );
#11233 = CARTESIAN_POINT('',(-2.050182719077,3.757716446628));
#11234 = CARTESIAN_POINT('',(2.726322279351,8.534221445055));
#11235 = CARTESIAN_POINT('',(4.474644450078,2.0093942759));
#11236 = CARTESIAN_POINT('',(6.222966620806,-4.515432893255));
#11237 = CARTESIAN_POINT('',(-0.301860548349,-2.767110722527));
#11238 = CARTESIAN_POINT('',(-6.826687717504,-1.0187885518));
#11239 = CARTESIAN_POINT('',(-2.050182719077,3.757716446628));
#11240 = ( GEOMETRIC_REPRESENTATION_CONTEXT(2) 
PARAMETRIC_REPRESENTATION_CONTEXT() REPRESENTATION_CONTEXT('2D SPACE',''
  ) );
#11241 = ORIENTED_EDGE('',*,*,#11190,.T.);
#11242 = ORIENTED_EDGE('',*,*,#4436,.F.);
#11243 = ORIENTED_EDGE('',*,*,#11244,.F.);
#11244 = EDGE_CURVE('',#11215,#4409,#11245,.T.);
#11245 = SURFACE_CURVE('',#11246,(#11250,#11257),.PCURVE_S1.);
#11246 = LINE('',#11247,#11248);
#11247 = CARTESIAN_POINT('',(83.9,191.5,30.4));
#11248 = VECTOR('',#11249,1.);
#11249 = DIRECTION('',(-1.,-0.,-0.));
#11250 = PCURVE('',#4453,#11251);
#11251 = DEFINITIONAL_REPRESENTATION('',(#11252),#11256);
#11252 = LINE('',#11253,#11254);
#11253 = CARTESIAN_POINT('',(2.356194490192,0.));
#11254 = VECTOR('',#11255,1.);
#11255 = DIRECTION('',(0.,-1.));
#11256 = ( GEOMETRIC_REPRESENTATION_CONTEXT(2) 
PARAMETRIC_REPRESENTATION_CONTEXT() REPRESENTATION_CONTEXT('2D SPACE',''
  ) );
#11257 = PCURVE('',#4424,#11258);
#11258 = DEFINITIONAL_REPRESENTATION('',(#11259),#11263);
#11259 = LINE('',#11260,#11261);
#11260 = CARTESIAN_POINT('',(-0.,0.));
#11261 = VECTOR('',#11262,1.);
#11262 = DIRECTION('',(-0.,-1.));
#11263 = ( GEOMETRIC_REPRESENTATION_CONTEXT(2) 
PARAMETRIC_REPRESENTATION_CONTEXT() REPRESENTATION_CONTEXT('2D SPACE',''
  ) );
#11264 = ADVANCED_FACE('',(#11265),#4424,.T.);
#11265 = FACE_BOUND('',#11266,.F.);
#11266 = EDGE_LOOP('',(#11267,#11288,#11289,#11290));
#11267 = ORIENTED_EDGE('',*,*,#11268,.F.);
#11268 = EDGE_CURVE('',#11215,#11041,#11269,.T.);
#11269 = SURFACE_CURVE('',#11270,(#11274,#11281),.PCURVE_S1.);
#11270 = LINE('',#11271,#11272);
#11271 = CARTESIAN_POINT('',(83.9,191.5,30.4));
#11272 = VECTOR('',#11273,1.);
#11273 = DIRECTION('',(-0.,1.,-0.));
#11274 = PCURVE('',#4424,#11275);
#11275 = DEFINITIONAL_REPRESENTATION('',(#11276),#11280);
#11276 = LINE('',#11277,#11278);
#11277 = CARTESIAN_POINT('',(-0.,0.));
#11278 = VECTOR('',#11279,1.);
#11279 = DIRECTION('',(-1.,0.));
#11280 = ( GEOMETRIC_REPRESENTATION_CONTEXT(2) 
PARAMETRIC_REPRESENTATION_CONTEXT() REPRESENTATION_CONTEXT('2D SPACE',''
  ) );
#11281 = PCURVE('',#9146,#11282);
#11282 = DEFINITIONAL_REPRESENTATION('',(#11283),#11287);
#11283 = LINE('',#11284,#11285);
#11284 = CARTESIAN_POINT('',(4.607533727551,1.));
#11285 = VECTOR('',#11286,1.);
#11286 = DIRECTION('',(-0.,-1.));
#11287 = ( GEOMETRIC_REPRESENTATION_CONTEXT(2) 
PARAMETRIC_REPRESENTATION_CONTEXT() REPRESENTATION_CONTEXT('2D SPACE',''
  ) );
#11288 = ORIENTED_EDGE('',*,*,#11244,.T.);
#11289 = ORIENTED_EDGE('',*,*,#4408,.F.);
#11290 = ORIENTED_EDGE('',*,*,#11070,.F.);
#11291 = ADVANCED_FACE('',(#11292),#4561,.F.);
#11292 = FACE_BOUND('',#11293,.T.);
#11293 = EDGE_LOOP('',(#11294,#11295,#11296,#11297,#11298,#11299));
#11294 = ORIENTED_EDGE('',*,*,#8807,.F.);
#11295 = ORIENTED_EDGE('',*,*,#8678,.T.);
#11296 = ORIENTED_EDGE('',*,*,#8579,.T.);
#11297 = ORIENTED_EDGE('',*,*,#8480,.F.);
#11298 = ORIENTED_EDGE('',*,*,#4545,.T.);
#11299 = ORIENTED_EDGE('',*,*,#8704,.F.);
#11300 = ADVANCED_FACE('',(#11301),#5448,.T.);
#11301 = FACE_BOUND('',#11302,.F.);
#11302 = EDGE_LOOP('',(#11303,#11304,#11325,#11326));
#11303 = ORIENTED_EDGE('',*,*,#7827,.T.);
#11304 = ORIENTED_EDGE('',*,*,#11305,.T.);
#11305 = EDGE_CURVE('',#7828,#5433,#11306,.T.);
#11306 = SURFACE_CURVE('',#11307,(#11311,#11318),.PCURVE_S1.);
#11307 = LINE('',#11308,#11309);
#11308 = CARTESIAN_POINT('',(26.3,20.540559159102,12.340559159102));
#11309 = VECTOR('',#11310,1.);
#11310 = DIRECTION('',(-1.,-0.,-0.));
#11311 = PCURVE('',#5448,#11312);
#11312 = DEFINITIONAL_REPRESENTATION('',(#11313),#11317);
#11313 = LINE('',#11314,#11315);
#11314 = CARTESIAN_POINT('',(-0.,0.));
#11315 = VECTOR('',#11316,1.);
#11316 = DIRECTION('',(-0.,-1.));
#11317 = ( GEOMETRIC_REPRESENTATION_CONTEXT(2) 
PARAMETRIC_REPRESENTATION_CONTEXT() REPRESENTATION_CONTEXT('2D SPACE',''
  ) );
#11318 = PCURVE('',#5477,#11319);
#11319 = DEFINITIONAL_REPRESENTATION('',(#11320),#11324);
#11320 = LINE('',#11321,#11322);
#11321 = CARTESIAN_POINT('',(8.639379797372,0.));
#11322 = VECTOR('',#11323,1.);
#11323 = DIRECTION('',(0.,-1.));
#11324 = ( GEOMETRIC_REPRESENTATION_CONTEXT(2) 
PARAMETRIC_REPRESENTATION_CONTEXT() REPRESENTATION_CONTEXT('2D SPACE',''
  ) );
#11325 = ORIENTED_EDGE('',*,*,#5430,.F.);
#11326 = ORIENTED_EDGE('',*,*,#11327,.F.);
#11327 = EDGE_CURVE('',#7805,#5431,#11328,.T.);
#11328 = SURFACE_CURVE('',#11329,(#11333,#11340),.PCURVE_S1.);
#11329 = LINE('',#11330,#11331);
#11330 = CARTESIAN_POINT('',(26.3,17.5,15.381118318204));
#11331 = VECTOR('',#11332,1.);
#11332 = DIRECTION('',(-1.,-0.,-0.));
#11333 = PCURVE('',#5448,#11334);
#11334 = DEFINITIONAL_REPRESENTATION('',(#11335),#11339);
#11335 = LINE('',#11336,#11337);
#11336 = CARTESIAN_POINT('',(-4.3,0.));
#11337 = VECTOR('',#11338,1.);
#11338 = DIRECTION('',(-0.,-1.));
#11339 = ( GEOMETRIC_REPRESENTATION_CONTEXT(2) 
PARAMETRIC_REPRESENTATION_CONTEXT() REPRESENTATION_CONTEXT('2D SPACE',''
  ) );
#11340 = PCURVE('',#5503,#11341);
#11341 = DEFINITIONAL_REPRESENTATION('',(#11342),#11346);
#11342 = LINE('',#11343,#11344);
#11343 = CARTESIAN_POINT('',(0.,-0.));
#11344 = VECTOR('',#11345,1.);
#11345 = DIRECTION('',(-0.,-1.));
#11346 = ( GEOMETRIC_REPRESENTATION_CONTEXT(2) 
PARAMETRIC_REPRESENTATION_CONTEXT() REPRESENTATION_CONTEXT('2D SPACE',''
  ) );
#11347 = ADVANCED_FACE('',(#11348),#5503,.T.);
#11348 = FACE_BOUND('',#11349,.F.);
#11349 = EDGE_LOOP('',(#11350,#11351,#11352,#11353,#11374));
#11350 = ORIENTED_EDGE('',*,*,#7804,.T.);
#11351 = ORIENTED_EDGE('',*,*,#11327,.T.);
#11352 = ORIENTED_EDGE('',*,*,#5489,.F.);
#11353 = ORIENTED_EDGE('',*,*,#11354,.F.);
#11354 = EDGE_CURVE('',#7385,#5461,#11355,.T.);
#11355 = SURFACE_CURVE('',#11356,(#11360,#11367),.PCURVE_S1.);
#11356 = LINE('',#11357,#11358);
#11357 = CARTESIAN_POINT('',(26.3,14.459440840898,12.340559159102));
#11358 = VECTOR('',#11359,1.);
#11359 = DIRECTION('',(-1.,-0.,-0.));
#11360 = PCURVE('',#5503,#11361);
#11361 = DEFINITIONAL_REPRESENTATION('',(#11362),#11366);
#11362 = LINE('',#11363,#11364);
#11363 = CARTESIAN_POINT('',(-4.3,0.));
#11364 = VECTOR('',#11365,1.);
#11365 = DIRECTION('',(-0.,-1.));
#11366 = ( GEOMETRIC_REPRESENTATION_CONTEXT(2) 
PARAMETRIC_REPRESENTATION_CONTEXT() REPRESENTATION_CONTEXT('2D SPACE',''
  ) );
#11367 = PCURVE('',#5477,#11368);
#11368 = DEFINITIONAL_REPRESENTATION('',(#11369),#11373);
#11369 = LINE('',#11370,#11371);
#11370 = CARTESIAN_POINT('',(3.926990816987,0.));
#11371 = VECTOR('',#11372,1.);
#11372 = DIRECTION('',(0.,-1.));
#11373 = ( GEOMETRIC_REPRESENTATION_CONTEXT(2) 
PARAMETRIC_REPRESENTATION_CONTEXT() REPRESENTATION_CONTEXT('2D SPACE',''
  ) );
#11374 = ORIENTED_EDGE('',*,*,#7384,.F.);
#11375 = ADVANCED_FACE('',(#11376),#5477,.F.);
#11376 = FACE_BOUND('',#11377,.F.);
#11377 = EDGE_LOOP('',(#11378,#11379,#11380,#11381,#11382));
#11378 = ORIENTED_EDGE('',*,*,#11305,.F.);
#11379 = ORIENTED_EDGE('',*,*,#7850,.T.);
#11380 = ORIENTED_EDGE('',*,*,#7415,.F.);
#11381 = ORIENTED_EDGE('',*,*,#11354,.T.);
#11382 = ORIENTED_EDGE('',*,*,#5460,.F.);
#11383 = ADVANCED_FACE('',(#11384),#5629,.T.);
#11384 = FACE_BOUND('',#11385,.F.);
#11385 = EDGE_LOOP('',(#11386,#11387,#11408,#11409));
#11386 = ORIENTED_EDGE('',*,*,#7758,.T.);
#11387 = ORIENTED_EDGE('',*,*,#11388,.T.);
#11388 = EDGE_CURVE('',#7759,#5614,#11389,.T.);
#11389 = SURFACE_CURVE('',#11390,(#11394,#11401),.PCURVE_S1.);
#11390 = LINE('',#11391,#11392);
#11391 = CARTESIAN_POINT('',(26.3,20.540559159102,37.340559159102));
#11392 = VECTOR('',#11393,1.);
#11393 = DIRECTION('',(-1.,-0.,-0.));
#11394 = PCURVE('',#5629,#11395);
#11395 = DEFINITIONAL_REPRESENTATION('',(#11396),#11400);
#11396 = LINE('',#11397,#11398);
#11397 = CARTESIAN_POINT('',(-0.,0.));
#11398 = VECTOR('',#11399,1.);
#11399 = DIRECTION('',(-0.,-1.));
#11400 = ( GEOMETRIC_REPRESENTATION_CONTEXT(2) 
PARAMETRIC_REPRESENTATION_CONTEXT() REPRESENTATION_CONTEXT('2D SPACE',''
  ) );
#11401 = PCURVE('',#5658,#11402);
#11402 = DEFINITIONAL_REPRESENTATION('',(#11403),#11407);
#11403 = LINE('',#11404,#11405);
#11404 = CARTESIAN_POINT('',(2.356194490192,0.));
#11405 = VECTOR('',#11406,1.);
#11406 = DIRECTION('',(0.,-1.));
#11407 = ( GEOMETRIC_REPRESENTATION_CONTEXT(2) 
PARAMETRIC_REPRESENTATION_CONTEXT() REPRESENTATION_CONTEXT('2D SPACE',''
  ) );
#11408 = ORIENTED_EDGE('',*,*,#5611,.F.);
#11409 = ORIENTED_EDGE('',*,*,#11410,.F.);
#11410 = EDGE_CURVE('',#7736,#5612,#11411,.T.);
#11411 = SURFACE_CURVE('',#11412,(#11416,#11423),.PCURVE_S1.);
#11412 = LINE('',#11413,#11414);
#11413 = CARTESIAN_POINT('',(26.3,17.5,40.381118318204));
#11414 = VECTOR('',#11415,1.);
#11415 = DIRECTION('',(-1.,-0.,-0.));
#11416 = PCURVE('',#5629,#11417);
#11417 = DEFINITIONAL_REPRESENTATION('',(#11418),#11422);
#11418 = LINE('',#11419,#11420);
#11419 = CARTESIAN_POINT('',(-4.3,0.));
#11420 = VECTOR('',#11421,1.);
#11421 = DIRECTION('',(-0.,-1.));
#11422 = ( GEOMETRIC_REPRESENTATION_CONTEXT(2) 
PARAMETRIC_REPRESENTATION_CONTEXT() REPRESENTATION_CONTEXT('2D SPACE',''
  ) );
#11423 = PCURVE('',#5684,#11424);
#11424 = DEFINITIONAL_REPRESENTATION('',(#11425),#11429);
#11425 = LINE('',#11426,#11427);
#11426 = CARTESIAN_POINT('',(0.,-0.));
#11427 = VECTOR('',#11428,1.);
#11428 = DIRECTION('',(-0.,-1.));
#11429 = ( GEOMETRIC_REPRESENTATION_CONTEXT(2) 
PARAMETRIC_REPRESENTATION_CONTEXT() REPRESENTATION_CONTEXT('2D SPACE',''
  ) );
#11430 = ADVANCED_FACE('',(#11431),#5684,.T.);
#11431 = FACE_BOUND('',#11432,.F.);
#11432 = EDGE_LOOP('',(#11433,#11434,#11435,#11436,#11457));
#11433 = ORIENTED_EDGE('',*,*,#7735,.T.);
#11434 = ORIENTED_EDGE('',*,*,#11410,.T.);
#11435 = ORIENTED_EDGE('',*,*,#5670,.F.);
#11436 = ORIENTED_EDGE('',*,*,#11437,.F.);
#11437 = EDGE_CURVE('',#7206,#5642,#11438,.T.);
#11438 = SURFACE_CURVE('',#11439,(#11443,#11450),.PCURVE_S1.);
#11439 = LINE('',#11440,#11441);
#11440 = CARTESIAN_POINT('',(26.3,14.459440840898,37.340559159102));
#11441 = VECTOR('',#11442,1.);
#11442 = DIRECTION('',(-1.,-0.,-0.));
#11443 = PCURVE('',#5684,#11444);
#11444 = DEFINITIONAL_REPRESENTATION('',(#11445),#11449);
#11445 = LINE('',#11446,#11447);
#11446 = CARTESIAN_POINT('',(-4.3,0.));
#11447 = VECTOR('',#11448,1.);
#11448 = DIRECTION('',(-0.,-1.));
#11449 = ( GEOMETRIC_REPRESENTATION_CONTEXT(2) 
PARAMETRIC_REPRESENTATION_CONTEXT() REPRESENTATION_CONTEXT('2D SPACE',''
  ) );
#11450 = PCURVE('',#5658,#11451);
#11451 = DEFINITIONAL_REPRESENTATION('',(#11452),#11456);
#11452 = LINE('',#11453,#11454);
#11453 = CARTESIAN_POINT('',(-2.356194490192,0.));
#11454 = VECTOR('',#11455,1.);
#11455 = DIRECTION('',(0.,-1.));
#11456 = ( GEOMETRIC_REPRESENTATION_CONTEXT(2) 
PARAMETRIC_REPRESENTATION_CONTEXT() REPRESENTATION_CONTEXT('2D SPACE',''
  ) );
#11457 = ORIENTED_EDGE('',*,*,#7205,.F.);
#11458 = ADVANCED_FACE('',(#11459),#5658,.F.);
#11459 = FACE_BOUND('',#11460,.F.);
#11460 = EDGE_LOOP('',(#11461,#11462,#11463,#11464,#11465));
#11461 = ORIENTED_EDGE('',*,*,#11388,.F.);
#11462 = ORIENTED_EDGE('',*,*,#7781,.T.);
#11463 = ORIENTED_EDGE('',*,*,#7236,.F.);
#11464 = ORIENTED_EDGE('',*,*,#11437,.T.);
#11465 = ORIENTED_EDGE('',*,*,#5641,.F.);
#11466 = ADVANCED_FACE('',(#11467),#6409,.F.);
#11467 = FACE_BOUND('',#11468,.T.);
#11468 = EDGE_LOOP('',(#11469,#11470,#11471,#11472));
#11469 = ORIENTED_EDGE('',*,*,#6480,.F.);
#11470 = ORIENTED_EDGE('',*,*,#6393,.T.);
#11471 = ORIENTED_EDGE('',*,*,#7020,.T.);
#11472 = ORIENTED_EDGE('',*,*,#11473,.F.);
#11473 = EDGE_CURVE('',#6446,#7021,#11474,.T.);
#11474 = SURFACE_CURVE('',#11475,(#11479,#11486),.PCURVE_S1.);
#11475 = LINE('',#11476,#11477);
#11476 = CARTESIAN_POINT('',(78.3,10.,2.6));
#11477 = VECTOR('',#11478,1.);
#11478 = DIRECTION('',(0.,1.,0.));
#11479 = PCURVE('',#6409,#11480);
#11480 = DEFINITIONAL_REPRESENTATION('',(#11481),#11485);
#11481 = LINE('',#11482,#11483);
#11482 = CARTESIAN_POINT('',(-4.712388980385,0.));
#11483 = VECTOR('',#11484,1.);
#11484 = DIRECTION('',(-0.,-1.));
#11485 = ( GEOMETRIC_REPRESENTATION_CONTEXT(2) 
PARAMETRIC_REPRESENTATION_CONTEXT() REPRESENTATION_CONTEXT('2D SPACE',''
  ) );
#11486 = PCURVE('',#6464,#11487);
#11487 = DEFINITIONAL_REPRESENTATION('',(#11488),#11492);
#11488 = LINE('',#11489,#11490);
#11489 = CARTESIAN_POINT('',(-8.,1.E-02));
#11490 = VECTOR('',#11491,1.);
#11491 = DIRECTION('',(0.,1.));
#11492 = ( GEOMETRIC_REPRESENTATION_CONTEXT(2) 
PARAMETRIC_REPRESENTATION_CONTEXT() REPRESENTATION_CONTEXT('2D SPACE',''
  ) );
#11493 = ADVANCED_FACE('',(#11494),#6358,.F.);
#11494 = FACE_BOUND('',#11495,.F.);
#11495 = EDGE_LOOP('',(#11496,#11519,#11547,#11568,#11569));
#11496 = ORIENTED_EDGE('',*,*,#11497,.F.);
#11497 = EDGE_CURVE('',#11498,#6314,#11500,.T.);
#11498 = VERTEX_POINT('',#11499);
#11499 = CARTESIAN_POINT('',(83.9,20.257716446628,12.057716446628));
#11500 = SURFACE_CURVE('',#11501,(#11505,#11512),.PCURVE_S1.);
#11501 = LINE('',#11502,#11503);
#11502 = CARTESIAN_POINT('',(83.9,20.257716446628,12.057716446628));
#11503 = VECTOR('',#11504,1.);
#11504 = DIRECTION('',(-1.,-0.,-0.));
#11505 = PCURVE('',#6358,#11506);
#11506 = DEFINITIONAL_REPRESENTATION('',(#11507),#11511);
#11507 = LINE('',#11508,#11509);
#11508 = CARTESIAN_POINT('',(2.356194490192,0.));
#11509 = VECTOR('',#11510,1.);
#11510 = DIRECTION('',(0.,-1.));
#11511 = ( GEOMETRIC_REPRESENTATION_CONTEXT(2) 
PARAMETRIC_REPRESENTATION_CONTEXT() REPRESENTATION_CONTEXT('2D SPACE',''
  ) );
#11512 = PCURVE('',#6329,#11513);
#11513 = DEFINITIONAL_REPRESENTATION('',(#11514),#11518);
#11514 = LINE('',#11515,#11516);
#11515 = CARTESIAN_POINT('',(-0.,0.));
#11516 = VECTOR('',#11517,1.);
#11517 = DIRECTION('',(-0.,-1.));
#11518 = ( GEOMETRIC_REPRESENTATION_CONTEXT(2) 
PARAMETRIC_REPRESENTATION_CONTEXT() REPRESENTATION_CONTEXT('2D SPACE',''
  ) );
#11519 = ORIENTED_EDGE('',*,*,#11520,.F.);
#11520 = EDGE_CURVE('',#11521,#11498,#11523,.T.);
#11521 = VERTEX_POINT('',#11522);
#11522 = CARTESIAN_POINT('',(83.9,14.742283553372,12.057716446628));
#11523 = SURFACE_CURVE('',#11524,(#11529,#11536),.PCURVE_S1.);
#11524 = CIRCLE('',#11525,3.9);
#11525 = AXIS2_PLACEMENT_3D('',#11526,#11527,#11528);
#11526 = CARTESIAN_POINT('',(83.9,17.5,9.3));
#11527 = DIRECTION('',(1.,-0.,0.));
#11528 = DIRECTION('',(-0.,-0.707106781187,0.707106781187));
#11529 = PCURVE('',#6358,#11530);
#11530 = DEFINITIONAL_REPRESENTATION('',(#11531),#11535);
#11531 = LINE('',#11532,#11533);
#11532 = CARTESIAN_POINT('',(-2.356194490192,0.));
#11533 = VECTOR('',#11534,1.);
#11534 = DIRECTION('',(1.,0.));
#11535 = ( GEOMETRIC_REPRESENTATION_CONTEXT(2) 
PARAMETRIC_REPRESENTATION_CONTEXT() REPRESENTATION_CONTEXT('2D SPACE',''
  ) );
#11536 = PCURVE('',#9397,#11537);
#11537 = DEFINITIONAL_REPRESENTATION('',(#11538),#11546);
#11538 = ( BOUNDED_CURVE() B_SPLINE_CURVE(2,(#11539,#11540,#11541,#11542
    ,#11543,#11544,#11545),.UNSPECIFIED.,.T.,.F.) 
B_SPLINE_CURVE_WITH_KNOTS((1,2,2,2,2,1),(-2.094395102393,0.,
    2.094395102393,4.188790204786,6.28318530718,8.377580409573),
.UNSPECIFIED.) CURVE() GEOMETRIC_REPRESENTATION_ITEM() 
RATIONAL_B_SPLINE_CURVE((1.,0.5,1.,0.5,1.,0.5,1.)) REPRESENTATION_ITEM(
  '') );
#11539 = CARTESIAN_POINT('',(-2.275699334883,2.757716446628));
#11540 = CARTESIAN_POINT('',(2.500805663545,7.534221445055));
#11541 = CARTESIAN_POINT('',(4.249127834272,1.0093942759));
#11542 = CARTESIAN_POINT('',(5.997450005,-5.515432893255));
#11543 = CARTESIAN_POINT('',(-0.527377164155,-3.767110722527));
#11544 = CARTESIAN_POINT('',(-7.05220433331,-2.0187885518));
#11545 = CARTESIAN_POINT('',(-2.275699334883,2.757716446628));
#11546 = ( GEOMETRIC_REPRESENTATION_CONTEXT(2) 
PARAMETRIC_REPRESENTATION_CONTEXT() REPRESENTATION_CONTEXT('2D SPACE',''
  ) );
#11547 = ORIENTED_EDGE('',*,*,#11548,.T.);
#11548 = EDGE_CURVE('',#11521,#6716,#11549,.T.);
#11549 = SURFACE_CURVE('',#11550,(#11554,#11561),.PCURVE_S1.);
#11550 = LINE('',#11551,#11552);
#11551 = CARTESIAN_POINT('',(83.9,14.742283553372,12.057716446628));
#11552 = VECTOR('',#11553,1.);
#11553 = DIRECTION('',(-1.,-0.,-0.));
#11554 = PCURVE('',#6358,#11555);
#11555 = DEFINITIONAL_REPRESENTATION('',(#11556),#11560);
#11556 = LINE('',#11557,#11558);
#11557 = CARTESIAN_POINT('',(-2.356194490192,0.));
#11558 = VECTOR('',#11559,1.);
#11559 = DIRECTION('',(0.,-1.));
#11560 = ( GEOMETRIC_REPRESENTATION_CONTEXT(2) 
PARAMETRIC_REPRESENTATION_CONTEXT() REPRESENTATION_CONTEXT('2D SPACE',''
  ) );
#11561 = PCURVE('',#6301,#11562);
#11562 = DEFINITIONAL_REPRESENTATION('',(#11563),#11567);
#11563 = LINE('',#11564,#11565);
#11564 = CARTESIAN_POINT('',(-3.9,0.));
#11565 = VECTOR('',#11566,1.);
#11566 = DIRECTION('',(-0.,-1.));
#11567 = ( GEOMETRIC_REPRESENTATION_CONTEXT(2) 
PARAMETRIC_REPRESENTATION_CONTEXT() REPRESENTATION_CONTEXT('2D SPACE',''
  ) );
#11568 = ORIENTED_EDGE('',*,*,#6715,.T.);
#11569 = ORIENTED_EDGE('',*,*,#6341,.F.);
#11570 = ADVANCED_FACE('',(#11571),#6329,.T.);
#11571 = FACE_BOUND('',#11572,.F.);
#11572 = EDGE_LOOP('',(#11573,#11596,#11597,#11598));
#11573 = ORIENTED_EDGE('',*,*,#11574,.F.);
#11574 = EDGE_CURVE('',#11498,#11575,#11577,.T.);
#11575 = VERTEX_POINT('',#11576);
#11576 = CARTESIAN_POINT('',(83.9,17.5,14.815432893255));
#11577 = SURFACE_CURVE('',#11578,(#11582,#11589),.PCURVE_S1.);
#11578 = LINE('',#11579,#11580);
#11579 = CARTESIAN_POINT('',(83.9,20.257716446628,12.057716446628));
#11580 = VECTOR('',#11581,1.);
#11581 = DIRECTION('',(-0.,-0.707106781187,0.707106781187));
#11582 = PCURVE('',#6329,#11583);
#11583 = DEFINITIONAL_REPRESENTATION('',(#11584),#11588);
#11584 = LINE('',#11585,#11586);
#11585 = CARTESIAN_POINT('',(-0.,0.));
#11586 = VECTOR('',#11587,1.);
#11587 = DIRECTION('',(-1.,0.));
#11588 = ( GEOMETRIC_REPRESENTATION_CONTEXT(2) 
PARAMETRIC_REPRESENTATION_CONTEXT() REPRESENTATION_CONTEXT('2D SPACE',''
  ) );
#11589 = PCURVE('',#9397,#11590);
#11590 = DEFINITIONAL_REPRESENTATION('',(#11591),#11595);
#11591 = LINE('',#11592,#11593);
#11592 = CARTESIAN_POINT('',(-2.275699334883,-2.757716446628));
#11593 = VECTOR('',#11594,1.);
#11594 = DIRECTION('',(-0.707106781187,0.707106781187));
#11595 = ( GEOMETRIC_REPRESENTATION_CONTEXT(2) 
PARAMETRIC_REPRESENTATION_CONTEXT() REPRESENTATION_CONTEXT('2D SPACE',''
  ) );
#11596 = ORIENTED_EDGE('',*,*,#11497,.T.);
#11597 = ORIENTED_EDGE('',*,*,#6313,.F.);
#11598 = ORIENTED_EDGE('',*,*,#11599,.F.);
#11599 = EDGE_CURVE('',#11575,#6286,#11600,.T.);
#11600 = SURFACE_CURVE('',#11601,(#11605,#11612),.PCURVE_S1.);
#11601 = LINE('',#11602,#11603);
#11602 = CARTESIAN_POINT('',(83.9,17.5,14.815432893255));
#11603 = VECTOR('',#11604,1.);
#11604 = DIRECTION('',(-1.,-0.,-0.));
#11605 = PCURVE('',#6329,#11606);
#11606 = DEFINITIONAL_REPRESENTATION('',(#11607),#11611);
#11607 = LINE('',#11608,#11609);
#11608 = CARTESIAN_POINT('',(-3.9,0.));
#11609 = VECTOR('',#11610,1.);
#11610 = DIRECTION('',(-0.,-1.));
#11611 = ( GEOMETRIC_REPRESENTATION_CONTEXT(2) 
PARAMETRIC_REPRESENTATION_CONTEXT() REPRESENTATION_CONTEXT('2D SPACE',''
  ) );
#11612 = PCURVE('',#6301,#11613);
#11613 = DEFINITIONAL_REPRESENTATION('',(#11614),#11618);
#11614 = LINE('',#11615,#11616);
#11615 = CARTESIAN_POINT('',(0.,-0.));
#11616 = VECTOR('',#11617,1.);
#11617 = DIRECTION('',(-0.,-1.));
#11618 = ( GEOMETRIC_REPRESENTATION_CONTEXT(2) 
PARAMETRIC_REPRESENTATION_CONTEXT() REPRESENTATION_CONTEXT('2D SPACE',''
  ) );
#11619 = ADVANCED_FACE('',(#11620),#6301,.T.);
#11620 = FACE_BOUND('',#11621,.F.);
#11621 = EDGE_LOOP('',(#11622,#11643,#11644,#11645,#11646));
#11622 = ORIENTED_EDGE('',*,*,#11623,.F.);
#11623 = EDGE_CURVE('',#11575,#11521,#11624,.T.);
#11624 = SURFACE_CURVE('',#11625,(#11629,#11636),.PCURVE_S1.);
#11625 = LINE('',#11626,#11627);
#11626 = CARTESIAN_POINT('',(83.9,17.5,14.815432893255));
#11627 = VECTOR('',#11628,1.);
#11628 = DIRECTION('',(-0.,-0.707106781187,-0.707106781187));
#11629 = PCURVE('',#6301,#11630);
#11630 = DEFINITIONAL_REPRESENTATION('',(#11631),#11635);
#11631 = LINE('',#11632,#11633);
#11632 = CARTESIAN_POINT('',(0.,-0.));
#11633 = VECTOR('',#11634,1.);
#11634 = DIRECTION('',(-1.,0.));
#11635 = ( GEOMETRIC_REPRESENTATION_CONTEXT(2) 
PARAMETRIC_REPRESENTATION_CONTEXT() REPRESENTATION_CONTEXT('2D SPACE',''
  ) );
#11636 = PCURVE('',#9397,#11637);
#11637 = DEFINITIONAL_REPRESENTATION('',(#11638),#11642);
#11638 = LINE('',#11639,#11640);
#11639 = CARTESIAN_POINT('',(-5.03341578151,-0.));
#11640 = VECTOR('',#11641,1.);
#11641 = DIRECTION('',(0.707106781187,0.707106781187));
#11642 = ( GEOMETRIC_REPRESENTATION_CONTEXT(2) 
PARAMETRIC_REPRESENTATION_CONTEXT() REPRESENTATION_CONTEXT('2D SPACE',''
  ) );
#11643 = ORIENTED_EDGE('',*,*,#11599,.T.);
#11644 = ORIENTED_EDGE('',*,*,#6285,.F.);
#11645 = ORIENTED_EDGE('',*,*,#6825,.F.);
#11646 = ORIENTED_EDGE('',*,*,#11548,.F.);
#11647 = ADVANCED_FACE('',(#11648),#6250,.F.);
#11648 = FACE_BOUND('',#11649,.F.);
#11649 = EDGE_LOOP('',(#11650,#11673,#11701,#11722,#11723));
#11650 = ORIENTED_EDGE('',*,*,#11651,.F.);
#11651 = EDGE_CURVE('',#11652,#6206,#11654,.T.);
#11652 = VERTEX_POINT('',#11653);
#11653 = CARTESIAN_POINT('',(83.9,20.257716446628,37.057716446628));
#11654 = SURFACE_CURVE('',#11655,(#11659,#11666),.PCURVE_S1.);
#11655 = LINE('',#11656,#11657);
#11656 = CARTESIAN_POINT('',(83.9,20.257716446628,37.057716446628));
#11657 = VECTOR('',#11658,1.);
#11658 = DIRECTION('',(-1.,-0.,-0.));
#11659 = PCURVE('',#6250,#11660);
#11660 = DEFINITIONAL_REPRESENTATION('',(#11661),#11665);
#11661 = LINE('',#11662,#11663);
#11662 = CARTESIAN_POINT('',(8.639379797372,0.));
#11663 = VECTOR('',#11664,1.);
#11664 = DIRECTION('',(0.,-1.));
#11665 = ( GEOMETRIC_REPRESENTATION_CONTEXT(2) 
PARAMETRIC_REPRESENTATION_CONTEXT() REPRESENTATION_CONTEXT('2D SPACE',''
  ) );
#11666 = PCURVE('',#6221,#11667);
#11667 = DEFINITIONAL_REPRESENTATION('',(#11668),#11672);
#11668 = LINE('',#11669,#11670);
#11669 = CARTESIAN_POINT('',(-0.,0.));
#11670 = VECTOR('',#11671,1.);
#11671 = DIRECTION('',(-0.,-1.));
#11672 = ( GEOMETRIC_REPRESENTATION_CONTEXT(2) 
PARAMETRIC_REPRESENTATION_CONTEXT() REPRESENTATION_CONTEXT('2D SPACE',''
  ) );
#11673 = ORIENTED_EDGE('',*,*,#11674,.F.);
#11674 = EDGE_CURVE('',#11675,#11652,#11677,.T.);
#11675 = VERTEX_POINT('',#11676);
#11676 = CARTESIAN_POINT('',(83.9,14.742283553372,37.057716446628));
#11677 = SURFACE_CURVE('',#11678,(#11683,#11690),.PCURVE_S1.);
#11678 = CIRCLE('',#11679,3.9);
#11679 = AXIS2_PLACEMENT_3D('',#11680,#11681,#11682);
#11680 = CARTESIAN_POINT('',(83.9,17.5,34.3));
#11681 = DIRECTION('',(1.,-0.,0.));
#11682 = DIRECTION('',(-0.,-0.707106781187,0.707106781187));
#11683 = PCURVE('',#6250,#11684);
#11684 = DEFINITIONAL_REPRESENTATION('',(#11685),#11689);
#11685 = LINE('',#11686,#11687);
#11686 = CARTESIAN_POINT('',(3.926990816987,0.));
#11687 = VECTOR('',#11688,1.);
#11688 = DIRECTION('',(1.,0.));
#11689 = ( GEOMETRIC_REPRESENTATION_CONTEXT(2) 
PARAMETRIC_REPRESENTATION_CONTEXT() REPRESENTATION_CONTEXT('2D SPACE',''
  ) );
#11690 = PCURVE('',#9550,#11691);
#11691 = DEFINITIONAL_REPRESENTATION('',(#11692),#11700);
#11692 = ( BOUNDED_CURVE() B_SPLINE_CURVE(2,(#11693,#11694,#11695,#11696
    ,#11697,#11698,#11699),.UNSPECIFIED.,.T.,.F.) 
B_SPLINE_CURVE_WITH_KNOTS((1,2,2,2,2,1),(-2.094395102393,0.,
    2.094395102393,4.188790204786,6.28318530718,8.377580409573),
.UNSPECIFIED.) CURVE() GEOMETRIC_REPRESENTATION_ITEM() 
RATIONAL_B_SPLINE_CURVE((1.,0.5,1.,0.5,1.,0.5,1.)) REPRESENTATION_ITEM(
  '') );
#11693 = CARTESIAN_POINT('',(-2.275699334883,2.757716446628));
#11694 = CARTESIAN_POINT('',(2.500805663545,7.534221445055));
#11695 = CARTESIAN_POINT('',(4.249127834272,1.0093942759));
#11696 = CARTESIAN_POINT('',(5.997450005,-5.515432893255));
#11697 = CARTESIAN_POINT('',(-0.527377164155,-3.767110722527));
#11698 = CARTESIAN_POINT('',(-7.05220433331,-2.0187885518));
#11699 = CARTESIAN_POINT('',(-2.275699334883,2.757716446628));
#11700 = ( GEOMETRIC_REPRESENTATION_CONTEXT(2) 
PARAMETRIC_REPRESENTATION_CONTEXT() REPRESENTATION_CONTEXT('2D SPACE',''
  ) );
#11701 = ORIENTED_EDGE('',*,*,#11702,.T.);
#11702 = EDGE_CURVE('',#11675,#6856,#11703,.T.);
#11703 = SURFACE_CURVE('',#11704,(#11708,#11715),.PCURVE_S1.);
#11704 = LINE('',#11705,#11706);
#11705 = CARTESIAN_POINT('',(83.9,14.742283553372,37.057716446628));
#11706 = VECTOR('',#11707,1.);
#11707 = DIRECTION('',(-1.,-0.,-0.));
#11708 = PCURVE('',#6250,#11709);
#11709 = DEFINITIONAL_REPRESENTATION('',(#11710),#11714);
#11710 = LINE('',#11711,#11712);
#11711 = CARTESIAN_POINT('',(3.926990816987,0.));
#11712 = VECTOR('',#11713,1.);
#11713 = DIRECTION('',(0.,-1.));
#11714 = ( GEOMETRIC_REPRESENTATION_CONTEXT(2) 
PARAMETRIC_REPRESENTATION_CONTEXT() REPRESENTATION_CONTEXT('2D SPACE',''
  ) );
#11715 = PCURVE('',#6193,#11716);
#11716 = DEFINITIONAL_REPRESENTATION('',(#11717),#11721);
#11717 = LINE('',#11718,#11719);
#11718 = CARTESIAN_POINT('',(-3.9,0.));
#11719 = VECTOR('',#11720,1.);
#11720 = DIRECTION('',(-0.,-1.));
#11721 = ( GEOMETRIC_REPRESENTATION_CONTEXT(2) 
PARAMETRIC_REPRESENTATION_CONTEXT() REPRESENTATION_CONTEXT('2D SPACE',''
  ) );
#11722 = ORIENTED_EDGE('',*,*,#6855,.T.);
#11723 = ORIENTED_EDGE('',*,*,#6233,.F.);
#11724 = ADVANCED_FACE('',(#11725),#6221,.T.);
#11725 = FACE_BOUND('',#11726,.F.);
#11726 = EDGE_LOOP('',(#11727,#11750,#11751,#11752));
#11727 = ORIENTED_EDGE('',*,*,#11728,.F.);
#11728 = EDGE_CURVE('',#11652,#11729,#11731,.T.);
#11729 = VERTEX_POINT('',#11730);
#11730 = CARTESIAN_POINT('',(83.9,17.5,39.815432893255));
#11731 = SURFACE_CURVE('',#11732,(#11736,#11743),.PCURVE_S1.);
#11732 = LINE('',#11733,#11734);
#11733 = CARTESIAN_POINT('',(83.9,20.257716446628,37.057716446628));
#11734 = VECTOR('',#11735,1.);
#11735 = DIRECTION('',(-0.,-0.707106781187,0.707106781187));
#11736 = PCURVE('',#6221,#11737);
#11737 = DEFINITIONAL_REPRESENTATION('',(#11738),#11742);
#11738 = LINE('',#11739,#11740);
#11739 = CARTESIAN_POINT('',(-0.,0.));
#11740 = VECTOR('',#11741,1.);
#11741 = DIRECTION('',(-1.,0.));
#11742 = ( GEOMETRIC_REPRESENTATION_CONTEXT(2) 
PARAMETRIC_REPRESENTATION_CONTEXT() REPRESENTATION_CONTEXT('2D SPACE',''
  ) );
#11743 = PCURVE('',#9550,#11744);
#11744 = DEFINITIONAL_REPRESENTATION('',(#11745),#11749);
#11745 = LINE('',#11746,#11747);
#11746 = CARTESIAN_POINT('',(-2.275699334883,-2.757716446628));
#11747 = VECTOR('',#11748,1.);
#11748 = DIRECTION('',(-0.707106781187,0.707106781187));
#11749 = ( GEOMETRIC_REPRESENTATION_CONTEXT(2) 
PARAMETRIC_REPRESENTATION_CONTEXT() REPRESENTATION_CONTEXT('2D SPACE',''
  ) );
#11750 = ORIENTED_EDGE('',*,*,#11651,.T.);
#11751 = ORIENTED_EDGE('',*,*,#6205,.F.);
#11752 = ORIENTED_EDGE('',*,*,#11753,.F.);
#11753 = EDGE_CURVE('',#11729,#6178,#11754,.T.);
#11754 = SURFACE_CURVE('',#11755,(#11759,#11766),.PCURVE_S1.);
#11755 = LINE('',#11756,#11757);
#11756 = CARTESIAN_POINT('',(83.9,17.5,39.815432893255));
#11757 = VECTOR('',#11758,1.);
#11758 = DIRECTION('',(-1.,-0.,-0.));
#11759 = PCURVE('',#6221,#11760);
#11760 = DEFINITIONAL_REPRESENTATION('',(#11761),#11765);
#11761 = LINE('',#11762,#11763);
#11762 = CARTESIAN_POINT('',(-3.9,0.));
#11763 = VECTOR('',#11764,1.);
#11764 = DIRECTION('',(-0.,-1.));
#11765 = ( GEOMETRIC_REPRESENTATION_CONTEXT(2) 
PARAMETRIC_REPRESENTATION_CONTEXT() REPRESENTATION_CONTEXT('2D SPACE',''
  ) );
#11766 = PCURVE('',#6193,#11767);
#11767 = DEFINITIONAL_REPRESENTATION('',(#11768),#11772);
#11768 = LINE('',#11769,#11770);
#11769 = CARTESIAN_POINT('',(0.,-0.));
#11770 = VECTOR('',#11771,1.);
#11771 = DIRECTION('',(-0.,-1.));
#11772 = ( GEOMETRIC_REPRESENTATION_CONTEXT(2) 
PARAMETRIC_REPRESENTATION_CONTEXT() REPRESENTATION_CONTEXT('2D SPACE',''
  ) );
#11773 = ADVANCED_FACE('',(#11774),#6193,.T.);
#11774 = FACE_BOUND('',#11775,.F.);
#11775 = EDGE_LOOP('',(#11776,#11797,#11798,#11799,#11800));
#11776 = ORIENTED_EDGE('',*,*,#11777,.F.);
#11777 = EDGE_CURVE('',#11729,#11675,#11778,.T.);
#11778 = SURFACE_CURVE('',#11779,(#11783,#11790),.PCURVE_S1.);
#11779 = LINE('',#11780,#11781);
#11780 = CARTESIAN_POINT('',(83.9,17.5,39.815432893255));
#11781 = VECTOR('',#11782,1.);
#11782 = DIRECTION('',(-0.,-0.707106781187,-0.707106781187));
#11783 = PCURVE('',#6193,#11784);
#11784 = DEFINITIONAL_REPRESENTATION('',(#11785),#11789);
#11785 = LINE('',#11786,#11787);
#11786 = CARTESIAN_POINT('',(0.,-0.));
#11787 = VECTOR('',#11788,1.);
#11788 = DIRECTION('',(-1.,0.));
#11789 = ( GEOMETRIC_REPRESENTATION_CONTEXT(2) 
PARAMETRIC_REPRESENTATION_CONTEXT() REPRESENTATION_CONTEXT('2D SPACE',''
  ) );
#11790 = PCURVE('',#9550,#11791);
#11791 = DEFINITIONAL_REPRESENTATION('',(#11792),#11796);
#11792 = LINE('',#11793,#11794);
#11793 = CARTESIAN_POINT('',(-5.03341578151,-0.));
#11794 = VECTOR('',#11795,1.);
#11795 = DIRECTION('',(0.707106781187,0.707106781187));
#11796 = ( GEOMETRIC_REPRESENTATION_CONTEXT(2) 
PARAMETRIC_REPRESENTATION_CONTEXT() REPRESENTATION_CONTEXT('2D SPACE',''
  ) );
#11797 = ORIENTED_EDGE('',*,*,#11753,.T.);
#11798 = ORIENTED_EDGE('',*,*,#6177,.F.);
#11799 = ORIENTED_EDGE('',*,*,#6965,.F.);
#11800 = ORIENTED_EDGE('',*,*,#11702,.F.);
#11801 = ADVANCED_FACE('',(#11802),#6464,.T.);
#11802 = FACE_BOUND('',#11803,.F.);
#11803 = EDGE_LOOP('',(#11804,#11825,#11826,#11827,#11828,#11829));
#11804 = ORIENTED_EDGE('',*,*,#11805,.T.);
#11805 = EDGE_CURVE('',#7564,#7134,#11806,.T.);
#11806 = SURFACE_CURVE('',#11807,(#11811,#11818),.PCURVE_S1.);
#11807 = LINE('',#11808,#11809);
#11808 = CARTESIAN_POINT('',(27.3,10.,2.6));
#11809 = VECTOR('',#11810,1.);
#11810 = DIRECTION('',(0.,1.,0.));
#11811 = PCURVE('',#6464,#11812);
#11812 = DEFINITIONAL_REPRESENTATION('',(#11813),#11817);
#11813 = LINE('',#11814,#11815);
#11814 = CARTESIAN_POINT('',(-59.,1.E-02));
#11815 = VECTOR('',#11816,1.);
#11816 = DIRECTION('',(0.,1.));
#11817 = ( GEOMETRIC_REPRESENTATION_CONTEXT(2) 
PARAMETRIC_REPRESENTATION_CONTEXT() REPRESENTATION_CONTEXT('2D SPACE',''
  ) );
#11818 = PCURVE('',#7613,#11819);
#11819 = DEFINITIONAL_REPRESENTATION('',(#11820),#11824);
#11820 = LINE('',#11821,#11822);
#11821 = CARTESIAN_POINT('',(-4.712388980385,0.));
#11822 = VECTOR('',#11823,1.);
#11823 = DIRECTION('',(-0.,-1.));
#11824 = ( GEOMETRIC_REPRESENTATION_CONTEXT(2) 
PARAMETRIC_REPRESENTATION_CONTEXT() REPRESENTATION_CONTEXT('2D SPACE',''
  ) );
#11825 = ORIENTED_EDGE('',*,*,#7156,.T.);
#11826 = ORIENTED_EDGE('',*,*,#11473,.F.);
#11827 = ORIENTED_EDGE('',*,*,#6445,.T.);
#11828 = ORIENTED_EDGE('',*,*,#7082,.T.);
#11829 = ORIENTED_EDGE('',*,*,#7642,.T.);
#11830 = ADVANCED_FACE('',(#11831),#7613,.F.);
#11831 = FACE_BOUND('',#11832,.T.);
#11832 = EDGE_LOOP('',(#11833,#11834,#11835,#11836));
#11833 = ORIENTED_EDGE('',*,*,#7873,.F.);
#11834 = ORIENTED_EDGE('',*,*,#7563,.F.);
#11835 = ORIENTED_EDGE('',*,*,#11805,.T.);
#11836 = ORIENTED_EDGE('',*,*,#7672,.T.);
#11837 = ADVANCED_FACE('',(#11838,#11845),#8894,.T.);
#11838 = FACE_BOUND('',#11839,.F.);
#11839 = EDGE_LOOP('',(#11840,#11841,#11842,#11843,#11844));
#11840 = ORIENTED_EDGE('',*,*,#10910,.T.);
#11841 = ORIENTED_EDGE('',*,*,#10785,.T.);
#11842 = ORIENTED_EDGE('',*,*,#10861,.T.);
#11843 = ORIENTED_EDGE('',*,*,#10959,.T.);
#11844 = ORIENTED_EDGE('',*,*,#11008,.T.);
#11845 = FACE_BOUND('',#11846,.F.);
#11846 = EDGE_LOOP('',(#11847,#11848,#11849,#11850,#11851));
#11847 = ORIENTED_EDGE('',*,*,#8934,.F.);
#11848 = ORIENTED_EDGE('',*,*,#8879,.T.);
#11849 = ORIENTED_EDGE('',*,*,#8983,.F.);
#11850 = ORIENTED_EDGE('',*,*,#9059,.T.);
#11851 = ORIENTED_EDGE('',*,*,#9032,.F.);
#11852 = ADVANCED_FACE('',(#11853,#11860),#9146,.T.);
#11853 = FACE_BOUND('',#11854,.F.);
#11854 = EDGE_LOOP('',(#11855,#11856,#11857,#11858,#11859));
#11855 = ORIENTED_EDGE('',*,*,#11268,.T.);
#11856 = ORIENTED_EDGE('',*,*,#11040,.T.);
#11857 = ORIENTED_EDGE('',*,*,#11116,.T.);
#11858 = ORIENTED_EDGE('',*,*,#11165,.T.);
#11859 = ORIENTED_EDGE('',*,*,#11214,.T.);
#11860 = FACE_BOUND('',#11861,.F.);
#11861 = EDGE_LOOP('',(#11862,#11863,#11864,#11865,#11866));
#11862 = ORIENTED_EDGE('',*,*,#9186,.F.);
#11863 = ORIENTED_EDGE('',*,*,#9131,.T.);
#11864 = ORIENTED_EDGE('',*,*,#9235,.F.);
#11865 = ORIENTED_EDGE('',*,*,#9311,.T.);
#11866 = ORIENTED_EDGE('',*,*,#9284,.F.);
#11867 = ADVANCED_FACE('',(#11868,#11873),#9397,.T.);
#11868 = FACE_BOUND('',#11869,.F.);
#11869 = EDGE_LOOP('',(#11870,#11871,#11872));
#11870 = ORIENTED_EDGE('',*,*,#11574,.T.);
#11871 = ORIENTED_EDGE('',*,*,#11623,.T.);
#11872 = ORIENTED_EDGE('',*,*,#11520,.T.);
#11873 = FACE_BOUND('',#11874,.F.);
#11874 = EDGE_LOOP('',(#11875,#11876,#11877));
#11875 = ORIENTED_EDGE('',*,*,#9383,.F.);
#11876 = ORIENTED_EDGE('',*,*,#9464,.T.);
#11877 = ORIENTED_EDGE('',*,*,#9437,.F.);
#11878 = ADVANCED_FACE('',(#11879,#11884),#9550,.T.);
#11879 = FACE_BOUND('',#11880,.F.);
#11880 = EDGE_LOOP('',(#11881,#11882,#11883));
#11881 = ORIENTED_EDGE('',*,*,#11728,.T.);
#11882 = ORIENTED_EDGE('',*,*,#11777,.T.);
#11883 = ORIENTED_EDGE('',*,*,#11674,.T.);
#11884 = FACE_BOUND('',#11885,.F.);
#11885 = EDGE_LOOP('',(#11886,#11887,#11888));
#11886 = ORIENTED_EDGE('',*,*,#9536,.F.);
#11887 = ORIENTED_EDGE('',*,*,#9617,.T.);
#11888 = ORIENTED_EDGE('',*,*,#9590,.F.);
#11889 = ( GEOMETRIC_REPRESENTATION_CONTEXT(3) 
GLOBAL_UNCERTAINTY_ASSIGNED_CONTEXT((#11893)) 
GLOBAL_UNIT_ASSIGNED_CONTEXT((#11890,#11891,#11892)) 
REPRESENTATION_CONTEXT('Context #1',
  '3D Context with UNIT and UNCERTAINTY') );
#11890 = ( LENGTH_UNIT() NAMED_UNIT(*) SI_UNIT(.MILLI.,.METRE.) );
#11891 = ( NAMED_UNIT(*) PLANE_ANGLE_UNIT() SI_UNIT($,.RADIAN.) );
#11892 = ( NAMED_UNIT(*) SI_UNIT($,.STERADIAN.) SOLID_ANGLE_UNIT() );
#11893 = UNCERTAINTY_MEASURE_WITH_UNIT(LENGTH_MEASURE(5.E-06),#11890,
  'distance_accuracy_value','confusion accuracy');
#11894 = PRODUCT_RELATED_PRODUCT_CATEGORY('part',$,(#7));
ENDSEC;
END-ISO-10303-21;
