ISO-10303-21;
HEADER;
FILE_DESCRIPTION(('Open CASCADE Model'),'2;1');
FILE_NAME('Open CASCADE Shape Model','2026-10-05T22:05:06',('Author'),(
    'Open CASCADE'),'Open CASCADE STEP processor 7.9','Open CASCADE 7.9'
  ,'Unknown');
FILE_SCHEMA(('AUTOMOTIVE_DESIGN { 1 0 10303 214 1 1 1 1 }'));
ENDSEC;
DATA;
#1 = APPLICATION_PROTOCOL_DEFINITION('international standard',
  'automotive_design',2000,#2);
#2 = APPLICATION_CONTEXT(
  'core data for automotive mechanical design processes');
#3 = SHAPE_DEFINITION_REPRESENTATION(#4,#10);
#4 = PRODUCT_DEFINITION_SHAPE('','',#5);
#5 = PRODUCT_DEFINITION('design','',#6,#9);
#6 = PRODUCT_DEFINITION_FORMATION('','',#7);
#7 = PRODUCT('Open CASCADE STEP translator 7.9 1',
  'Open CASCADE STEP translator 7.9 1','',(#8));
#8 = PRODUCT_CONTEXT('',#2,'mechanical');
#9 = PRODUCT_DEFINITION_CONTEXT('part definition',#2,'design');
#10 = ADVANCED_BREP_SHAPE_REPRESENTATION('',(#11,#15),#6058);
#11 = AXIS2_PLACEMENT_3D('',#12,#13,#14);
#12 = CARTESIAN_POINT('',(0.,0.,0.));
#13 = DIRECTION('',(0.,0.,1.));
#14 = DIRECTION('',(1.,0.,-0.));
#15 = MANIFOLD_SOLID_BREP('',#16);
#16 = CLOSED_SHELL('',(#17,#815,#1001,#1083,#1541,#1641,#1789,#1836,
    #1890,#1937,#1991,#2036,#2085,#2112,#2181,#2235,#2282,#2329,#2361,
    #2430,#2484,#2531,#2578,#2610,#2679,#2733,#2780,#2827,#2859,#2931,
    #3367,#3401,#3450,#3673,#3700,#3707,#3930,#3979,#4028,#4055,#4151,
    #4200,#4333,#4382,#4409,#4485,#4534,#4583,#4610,#4617,#4814,#4841,
    #4938,#5035,#5060,#5085,#5112,#5209,#5234,#5241,#5266,#5293,#5390,
    #5415,#5440,#5447,#5495,#5530,#5537,#5572,#5579,#5586,#5641,#5696,
    #5751,#5806,#5861,#5916,#5971,#6026,#6030,#6034,#6038,#6042,#6046,
    #6050,#6054));
#17 = ADVANCED_FACE('',(#18,#368,#517,#666),#32,.F.);
#18 = FACE_BOUND('',#19,.F.);
#19 = EDGE_LOOP('',(#20,#55,#83,#111,#139,#167,#194,#227,#254,#287,#314,
    #342));
#20 = ORIENTED_EDGE('',*,*,#21,.F.);
#21 = EDGE_CURVE('',#22,#24,#26,.T.);
#22 = VERTEX_POINT('',#23);
#23 = CARTESIAN_POINT('',(155.,0.,0.));
#24 = VERTEX_POINT('',#25);
#25 = CARTESIAN_POINT('',(241.3,0.,0.));
#26 = SURFACE_CURVE('',#27,(#31,#43),.PCURVE_S1.);
#27 = LINE('',#28,#29);
#28 = CARTESIAN_POINT('',(95.,0.,0.));
#29 = VECTOR('',#30,1.);
#30 = DIRECTION('',(1.,0.,0.));
#31 = PCURVE('',#32,#37);
#32 = PLANE('',#33);
#33 = AXIS2_PLACEMENT_3D('',#34,#35,#36);
#34 = CARTESIAN_POINT('',(158.2,0.,0.));
#35 = DIRECTION('',(0.,1.,0.));
#36 = DIRECTION('',(0.,0.,1.));
#37 = DEFINITIONAL_REPRESENTATION('',(#38),#42);
#38 = LINE('',#39,#40);
#39 = CARTESIAN_POINT('',(0.,-63.2));
#40 = VECTOR('',#41,1.);
#41 = DIRECTION('',(0.,1.));
#42 = ( GEOMETRIC_REPRESENTATION_CONTEXT(2) 
PARAMETRIC_REPRESENTATION_CONTEXT() REPRESENTATION_CONTEXT('2D SPACE',''
  ) );
#43 = PCURVE('',#44,#49);
#44 = PLANE('',#45);
#45 = AXIS2_PLACEMENT_3D('',#46,#47,#48);
#46 = CARTESIAN_POINT('',(158.2,0.,0.));
#47 = DIRECTION('',(0.,0.,1.));
#48 = DIRECTION('',(1.,0.,0.));
#49 = DEFINITIONAL_REPRESENTATION('',(#50),#54);
#50 = LINE('',#51,#52);
#51 = CARTESIAN_POINT('',(-63.2,0.));
#52 = VECTOR('',#53,1.);
#53 = DIRECTION('',(1.,0.));
#54 = ( GEOMETRIC_REPRESENTATION_CONTEXT(2) 
PARAMETRIC_REPRESENTATION_CONTEXT() REPRESENTATION_CONTEXT('2D SPACE',''
  ) );
#55 = ORIENTED_EDGE('',*,*,#56,.T.);
#56 = EDGE_CURVE('',#22,#57,#59,.T.);
#57 = VERTEX_POINT('',#58);
#58 = CARTESIAN_POINT('',(155.,0.,15.));
#59 = SURFACE_CURVE('',#60,(#64,#71),.PCURVE_S1.);
#60 = LINE('',#61,#62);
#61 = CARTESIAN_POINT('',(155.,0.,0.));
#62 = VECTOR('',#63,1.);
#63 = DIRECTION('',(0.,0.,1.));
#64 = PCURVE('',#32,#65);
#65 = DEFINITIONAL_REPRESENTATION('',(#66),#70);
#66 = LINE('',#67,#68);
#67 = CARTESIAN_POINT('',(0.,-3.2));
#68 = VECTOR('',#69,1.);
#69 = DIRECTION('',(1.,0.));
#70 = ( GEOMETRIC_REPRESENTATION_CONTEXT(2) 
PARAMETRIC_REPRESENTATION_CONTEXT() REPRESENTATION_CONTEXT('2D SPACE',''
  ) );
#71 = PCURVE('',#72,#77);
#72 = PLANE('',#73);
#73 = AXIS2_PLACEMENT_3D('',#74,#75,#76);
#74 = CARTESIAN_POINT('',(155.,-3.,0.));
#75 = DIRECTION('',(1.,0.,0.));
#76 = DIRECTION('',(0.,0.,1.));
#77 = DEFINITIONAL_REPRESENTATION('',(#78),#82);
#78 = LINE('',#79,#80);
#79 = CARTESIAN_POINT('',(0.,-3.));
#80 = VECTOR('',#81,1.);
#81 = DIRECTION('',(1.,0.));
#82 = ( GEOMETRIC_REPRESENTATION_CONTEXT(2) 
PARAMETRIC_REPRESENTATION_CONTEXT() REPRESENTATION_CONTEXT('2D SPACE',''
  ) );
#83 = ORIENTED_EDGE('',*,*,#84,.T.);
#84 = EDGE_CURVE('',#57,#85,#87,.T.);
#85 = VERTEX_POINT('',#86);
#86 = CARTESIAN_POINT('',(158.2,0.,15.));
#87 = SURFACE_CURVE('',#88,(#92,#99),.PCURVE_S1.);
#88 = LINE('',#89,#90);
#89 = CARTESIAN_POINT('',(95.,0.,15.));
#90 = VECTOR('',#91,1.);
#91 = DIRECTION('',(1.,0.,0.));
#92 = PCURVE('',#32,#93);
#93 = DEFINITIONAL_REPRESENTATION('',(#94),#98);
#94 = LINE('',#95,#96);
#95 = CARTESIAN_POINT('',(15.,-63.2));
#96 = VECTOR('',#97,1.);
#97 = DIRECTION('',(0.,1.));
#98 = ( GEOMETRIC_REPRESENTATION_CONTEXT(2) 
PARAMETRIC_REPRESENTATION_CONTEXT() REPRESENTATION_CONTEXT('2D SPACE',''
  ) );
#99 = PCURVE('',#100,#105);
#100 = PLANE('',#101);
#101 = AXIS2_PLACEMENT_3D('',#102,#103,#104);
#102 = CARTESIAN_POINT('',(95.,0.,15.));
#103 = DIRECTION('',(0.,0.,1.));
#104 = DIRECTION('',(1.,0.,0.));
#105 = DEFINITIONAL_REPRESENTATION('',(#106),#110);
#106 = LINE('',#107,#108);
#107 = CARTESIAN_POINT('',(0.,0.));
#108 = VECTOR('',#109,1.);
#109 = DIRECTION('',(1.,0.));
#110 = ( GEOMETRIC_REPRESENTATION_CONTEXT(2) 
PARAMETRIC_REPRESENTATION_CONTEXT() REPRESENTATION_CONTEXT('2D SPACE',''
  ) );
#111 = ORIENTED_EDGE('',*,*,#112,.F.);
#112 = EDGE_CURVE('',#113,#85,#115,.T.);
#113 = VERTEX_POINT('',#114);
#114 = CARTESIAN_POINT('',(158.2,0.,88.1));
#115 = SURFACE_CURVE('',#116,(#120,#127),.PCURVE_S1.);
#116 = LINE('',#117,#118);
#117 = CARTESIAN_POINT('',(158.2,0.,88.1));
#118 = VECTOR('',#119,1.);
#119 = DIRECTION('',(0.,0.,-1.));
#120 = PCURVE('',#32,#121);
#121 = DEFINITIONAL_REPRESENTATION('',(#122),#126);
#122 = LINE('',#123,#124);
#123 = CARTESIAN_POINT('',(88.1,0.));
#124 = VECTOR('',#125,1.);
#125 = DIRECTION('',(-1.,0.));
#126 = ( GEOMETRIC_REPRESENTATION_CONTEXT(2) 
PARAMETRIC_REPRESENTATION_CONTEXT() REPRESENTATION_CONTEXT('2D SPACE',''
  ) );
#127 = PCURVE('',#128,#133);
#128 = PLANE('',#129);
#129 = AXIS2_PLACEMENT_3D('',#130,#131,#132);
#130 = CARTESIAN_POINT('',(158.2,0.,0.));
#131 = DIRECTION('',(1.,0.,0.));
#132 = DIRECTION('',(0.,0.,1.));
#133 = DEFINITIONAL_REPRESENTATION('',(#134),#138);
#134 = LINE('',#135,#136);
#135 = CARTESIAN_POINT('',(88.1,0.));
#136 = VECTOR('',#137,1.);
#137 = DIRECTION('',(-1.,0.));
#138 = ( GEOMETRIC_REPRESENTATION_CONTEXT(2) 
PARAMETRIC_REPRESENTATION_CONTEXT() REPRESENTATION_CONTEXT('2D SPACE',''
  ) );
#139 = ORIENTED_EDGE('',*,*,#140,.F.);
#140 = EDGE_CURVE('',#141,#113,#143,.T.);
#141 = VERTEX_POINT('',#142);
#142 = CARTESIAN_POINT('',(231.65883117545,0.,88.1));
#143 = SURFACE_CURVE('',#144,(#148,#155),.PCURVE_S1.);
#144 = LINE('',#145,#146);
#145 = CARTESIAN_POINT('',(231.65883117545,0.,88.1));
#146 = VECTOR('',#147,1.);
#147 = DIRECTION('',(-1.,0.,0.));
#148 = PCURVE('',#32,#149);
#149 = DEFINITIONAL_REPRESENTATION('',(#150),#154);
#150 = LINE('',#151,#152);
#151 = CARTESIAN_POINT('',(88.1,73.458831175457));
#152 = VECTOR('',#153,1.);
#153 = DIRECTION('',(0.,-1.));
#154 = ( GEOMETRIC_REPRESENTATION_CONTEXT(2) 
PARAMETRIC_REPRESENTATION_CONTEXT() REPRESENTATION_CONTEXT('2D SPACE',''
  ) );
#155 = PCURVE('',#156,#161);
#156 = PLANE('',#157);
#157 = AXIS2_PLACEMENT_3D('',#158,#159,#160);
#158 = CARTESIAN_POINT('',(158.2,0.,88.1));
#159 = DIRECTION('',(0.,0.,1.));
#160 = DIRECTION('',(1.,0.,0.));
#161 = DEFINITIONAL_REPRESENTATION('',(#162),#166);
#162 = LINE('',#163,#164);
#163 = CARTESIAN_POINT('',(73.458831175457,0.));
#164 = VECTOR('',#165,1.);
#165 = DIRECTION('',(-1.,0.));
#166 = ( GEOMETRIC_REPRESENTATION_CONTEXT(2) 
PARAMETRIC_REPRESENTATION_CONTEXT() REPRESENTATION_CONTEXT('2D SPACE',''
  ) );
#167 = ORIENTED_EDGE('',*,*,#168,.F.);
#168 = EDGE_CURVE('',#169,#141,#171,.T.);
#169 = VERTEX_POINT('',#170);
#170 = CARTESIAN_POINT('',(228.25441558772,0.,84.695584412272));
#171 = SURFACE_CURVE('',#172,(#176,#183),.PCURVE_S1.);
#172 = LINE('',#173,#174);
#173 = CARTESIAN_POINT('',(191.71470779386,1.110223024625E-16,
    48.155876618407));
#174 = VECTOR('',#175,1.);
#175 = DIRECTION('',(0.707106781187,-0.,0.707106781187));
#176 = PCURVE('',#32,#177);
#177 = DEFINITIONAL_REPRESENTATION('',(#178),#182);
#178 = LINE('',#179,#180);
#179 = CARTESIAN_POINT('',(48.155876618407,33.514707793864));
#180 = VECTOR('',#181,1.);
#181 = DIRECTION('',(0.707106781187,0.707106781187));
#182 = ( GEOMETRIC_REPRESENTATION_CONTEXT(2) 
PARAMETRIC_REPRESENTATION_CONTEXT() REPRESENTATION_CONTEXT('2D SPACE',''
  ) );
#183 = PCURVE('',#184,#189);
#184 = PLANE('',#185);
#185 = AXIS2_PLACEMENT_3D('',#186,#187,#188);
#186 = CARTESIAN_POINT('',(232.55,-1.,88.991168824543));
#187 = DIRECTION('',(-0.707106781187,0.,0.707106781187));
#188 = DIRECTION('',(-0.707106781187,0.,-0.707106781187));
#189 = DEFINITIONAL_REPRESENTATION('',(#190),#193);
#190 = B_SPLINE_CURVE_WITH_KNOTS('',1,(#191,#192),.UNSPECIFIED.,.F.,.F.,
  (2,2),(51.674950327233,56.489521023353),.PIECEWISE_BEZIER_KNOTS.);
#191 = CARTESIAN_POINT('',(6.074873734153,-1.));
#192 = CARTESIAN_POINT('',(1.260303038033,-1.));
#193 = ( GEOMETRIC_REPRESENTATION_CONTEXT(2) 
PARAMETRIC_REPRESENTATION_CONTEXT() REPRESENTATION_CONTEXT('2D SPACE',''
  ) );
#194 = ORIENTED_EDGE('',*,*,#195,.T.);
#195 = EDGE_CURVE('',#169,#196,#198,.T.);
#196 = VERTEX_POINT('',#197);
#197 = CARTESIAN_POINT('',(230.8,0.,78.55));
#198 = SURFACE_CURVE('',#199,(#204,#215),.PCURVE_S1.);
#199 = CIRCLE('',#200,3.6);
#200 = AXIS2_PLACEMENT_3D('',#201,#202,#203);
#201 = CARTESIAN_POINT('',(230.8,0.,82.15));
#202 = DIRECTION('',(0.,-1.,-0.));
#203 = DIRECTION('',(-0.707106781187,-0.,0.707106781187));
#204 = PCURVE('',#32,#205);
#205 = DEFINITIONAL_REPRESENTATION('',(#206),#214);
#206 = ( BOUNDED_CURVE() B_SPLINE_CURVE(2,(#207,#208,#209,#210,#211,#212
,#213),.UNSPECIFIED.,.T.,.F.) B_SPLINE_CURVE_WITH_KNOTS((1,2,2,2,2,1),(
    -2.094395102393,0.,2.094395102393,4.188790204786,6.28318530718,
8.377580409573),.UNSPECIFIED.) CURVE() GEOMETRIC_REPRESENTATION_ITEM() 
RATIONAL_B_SPLINE_CURVE((1.,0.5,1.,0.5,1.,0.5,1.)) REPRESENTATION_ITEM(
  '') );
#207 = CARTESIAN_POINT('',(84.695584412272,70.054415587728));
#208 = CARTESIAN_POINT('',(80.286502875262,65.645334050719));
#209 = CARTESIAN_POINT('',(78.672667025359,71.668251437631));
#210 = CARTESIAN_POINT('',(77.058831175457,77.691168824543));
#211 = CARTESIAN_POINT('',(83.081748562369,76.077332974641));
#212 = CARTESIAN_POINT('',(89.104665949281,74.463497124738));
#213 = CARTESIAN_POINT('',(84.695584412272,70.054415587728));
#214 = ( GEOMETRIC_REPRESENTATION_CONTEXT(2) 
PARAMETRIC_REPRESENTATION_CONTEXT() REPRESENTATION_CONTEXT('2D SPACE',''
  ) );
#215 = PCURVE('',#216,#221);
#216 = CYLINDRICAL_SURFACE('',#217,3.6);
#217 = AXIS2_PLACEMENT_3D('',#218,#219,#220);
#218 = CARTESIAN_POINT('',(230.8,-1.,82.15));
#219 = DIRECTION('',(0.,-1.,-0.));
#220 = DIRECTION('',(-0.707106781187,-0.,0.707106781187));
#221 = DEFINITIONAL_REPRESENTATION('',(#222),#226);
#222 = LINE('',#223,#224);
#223 = CARTESIAN_POINT('',(0.,-1.));
#224 = VECTOR('',#225,1.);
#225 = DIRECTION('',(1.,0.));
#226 = ( GEOMETRIC_REPRESENTATION_CONTEXT(2) 
PARAMETRIC_REPRESENTATION_CONTEXT() REPRESENTATION_CONTEXT('2D SPACE',''
  ) );
#227 = ORIENTED_EDGE('',*,*,#228,.F.);
#228 = EDGE_CURVE('',#229,#196,#231,.T.);
#229 = VERTEX_POINT('',#230);
#230 = CARTESIAN_POINT('',(234.3,0.,78.55));
#231 = SURFACE_CURVE('',#232,(#236,#243),.PCURVE_S1.);
#232 = LINE('',#233,#234);
#233 = CARTESIAN_POINT('',(194.5,0.,78.55));
#234 = VECTOR('',#235,1.);
#235 = DIRECTION('',(-1.,0.,0.));
#236 = PCURVE('',#32,#237);
#237 = DEFINITIONAL_REPRESENTATION('',(#238),#242);
#238 = LINE('',#239,#240);
#239 = CARTESIAN_POINT('',(78.55,36.3));
#240 = VECTOR('',#241,1.);
#241 = DIRECTION('',(0.,-1.));
#242 = ( GEOMETRIC_REPRESENTATION_CONTEXT(2) 
PARAMETRIC_REPRESENTATION_CONTEXT() REPRESENTATION_CONTEXT('2D SPACE',''
  ) );
#243 = PCURVE('',#244,#249);
#244 = PLANE('',#245);
#245 = AXIS2_PLACEMENT_3D('',#246,#247,#248);
#246 = CARTESIAN_POINT('',(230.8,-1.,78.55));
#247 = DIRECTION('',(0.,0.,-1.));
#248 = DIRECTION('',(1.,0.,0.));
#249 = DEFINITIONAL_REPRESENTATION('',(#250),#253);
#250 = B_SPLINE_CURVE_WITH_KNOTS('',1,(#251,#252),.UNSPECIFIED.,.F.,.F.,
  (2,2),(-39.8,-36.3),.PIECEWISE_BEZIER_KNOTS.);
#251 = CARTESIAN_POINT('',(3.5,-1.));
#252 = CARTESIAN_POINT('',(0.,-1.));
#253 = ( GEOMETRIC_REPRESENTATION_CONTEXT(2) 
PARAMETRIC_REPRESENTATION_CONTEXT() REPRESENTATION_CONTEXT('2D SPACE',''
  ) );
#254 = ORIENTED_EDGE('',*,*,#255,.T.);
#255 = EDGE_CURVE('',#229,#256,#258,.T.);
#256 = VERTEX_POINT('',#257);
#257 = CARTESIAN_POINT('',(236.84558441227,0.,84.695584412272));
#258 = SURFACE_CURVE('',#259,(#264,#275),.PCURVE_S1.);
#259 = CIRCLE('',#260,3.6);
#260 = AXIS2_PLACEMENT_3D('',#261,#262,#263);
#261 = CARTESIAN_POINT('',(234.3,0.,82.15));
#262 = DIRECTION('',(0.,-1.,0.));
#263 = DIRECTION('',(0.,0.,-1.));
#264 = PCURVE('',#32,#265);
#265 = DEFINITIONAL_REPRESENTATION('',(#266),#274);
#266 = ( BOUNDED_CURVE() B_SPLINE_CURVE(2,(#267,#268,#269,#270,#271,#272
,#273),.UNSPECIFIED.,.T.,.F.) B_SPLINE_CURVE_WITH_KNOTS((1,2,2,2,2,1),(
    -2.094395102393,0.,2.094395102393,4.188790204786,6.28318530718,
8.377580409573),.UNSPECIFIED.) CURVE() GEOMETRIC_REPRESENTATION_ITEM() 
RATIONAL_B_SPLINE_CURVE((1.,0.5,1.,0.5,1.,0.5,1.)) REPRESENTATION_ITEM(
  '') );
#267 = CARTESIAN_POINT('',(78.55,76.1));
#268 = CARTESIAN_POINT('',(78.55,82.335382907248));
#269 = CARTESIAN_POINT('',(83.95,79.217691453624));
#270 = CARTESIAN_POINT('',(89.35,76.1));
#271 = CARTESIAN_POINT('',(83.95,72.982308546376));
#272 = CARTESIAN_POINT('',(78.55,69.864617092752));
#273 = CARTESIAN_POINT('',(78.55,76.1));
#274 = ( GEOMETRIC_REPRESENTATION_CONTEXT(2) 
PARAMETRIC_REPRESENTATION_CONTEXT() REPRESENTATION_CONTEXT('2D SPACE',''
  ) );
#275 = PCURVE('',#276,#281);
#276 = CYLINDRICAL_SURFACE('',#277,3.6);
#277 = AXIS2_PLACEMENT_3D('',#278,#279,#280);
#278 = CARTESIAN_POINT('',(234.3,-1.,82.15));
#279 = DIRECTION('',(0.,-1.,0.));
#280 = DIRECTION('',(0.,0.,-1.));
#281 = DEFINITIONAL_REPRESENTATION('',(#282),#286);
#282 = LINE('',#283,#284);
#283 = CARTESIAN_POINT('',(0.,-1.));
#284 = VECTOR('',#285,1.);
#285 = DIRECTION('',(1.,0.));
#286 = ( GEOMETRIC_REPRESENTATION_CONTEXT(2) 
PARAMETRIC_REPRESENTATION_CONTEXT() REPRESENTATION_CONTEXT('2D SPACE',''
  ) );
#287 = ORIENTED_EDGE('',*,*,#288,.F.);
#288 = EDGE_CURVE('',#289,#256,#291,.T.);
#289 = VERTEX_POINT('',#290);
#290 = CARTESIAN_POINT('',(233.44116882454,0.,88.1));
#291 = SURFACE_CURVE('',#292,(#296,#303),.PCURVE_S1.);
#292 = LINE('',#293,#294);
#293 = CARTESIAN_POINT('',(238.35808441227,0.,83.183084412272));
#294 = VECTOR('',#295,1.);
#295 = DIRECTION('',(0.707106781187,0.,-0.707106781187));
#296 = PCURVE('',#32,#297);
#297 = DEFINITIONAL_REPRESENTATION('',(#298),#302);
#298 = LINE('',#299,#300);
#299 = CARTESIAN_POINT('',(83.183084412272,80.158084412272));
#300 = VECTOR('',#301,1.);
#301 = DIRECTION('',(-0.707106781187,0.707106781187));
#302 = ( GEOMETRIC_REPRESENTATION_CONTEXT(2) 
PARAMETRIC_REPRESENTATION_CONTEXT() REPRESENTATION_CONTEXT('2D SPACE',''
  ) );
#303 = PCURVE('',#304,#309);
#304 = PLANE('',#305);
#305 = AXIS2_PLACEMENT_3D('',#306,#307,#308);
#306 = CARTESIAN_POINT('',(236.84558441227,-1.,84.695584412272));
#307 = DIRECTION('',(0.707106781187,0.,0.707106781187));
#308 = DIRECTION('',(-0.707106781187,0.,0.707106781187));
#309 = DEFINITIONAL_REPRESENTATION('',(#310),#313);
#310 = B_SPLINE_CURVE_WITH_KNOTS('',1,(#311,#312),.UNSPECIFIED.,.F.,.F.,
  (2,2),(-6.953568709209,-2.138998013089),.PIECEWISE_BEZIER_KNOTS.);
#311 = CARTESIAN_POINT('',(4.81457069612,-1.));
#312 = CARTESIAN_POINT('',(0.,-1.));
#313 = ( GEOMETRIC_REPRESENTATION_CONTEXT(2) 
PARAMETRIC_REPRESENTATION_CONTEXT() REPRESENTATION_CONTEXT('2D SPACE',''
  ) );
#314 = ORIENTED_EDGE('',*,*,#315,.T.);
#315 = EDGE_CURVE('',#289,#316,#318,.T.);
#316 = VERTEX_POINT('',#317);
#317 = CARTESIAN_POINT('',(241.3,0.,88.1));
#318 = SURFACE_CURVE('',#319,(#323,#330),.PCURVE_S1.);
#319 = LINE('',#320,#321);
#320 = CARTESIAN_POINT('',(158.2,0.,88.1));
#321 = VECTOR('',#322,1.);
#322 = DIRECTION('',(1.,0.,0.));
#323 = PCURVE('',#32,#324);
#324 = DEFINITIONAL_REPRESENTATION('',(#325),#329);
#325 = LINE('',#326,#327);
#326 = CARTESIAN_POINT('',(88.1,0.));
#327 = VECTOR('',#328,1.);
#328 = DIRECTION('',(0.,1.));
#329 = ( GEOMETRIC_REPRESENTATION_CONTEXT(2) 
PARAMETRIC_REPRESENTATION_CONTEXT() REPRESENTATION_CONTEXT('2D SPACE',''
  ) );
#330 = PCURVE('',#331,#336);
#331 = PLANE('',#332);
#332 = AXIS2_PLACEMENT_3D('',#333,#334,#335);
#333 = CARTESIAN_POINT('',(158.2,0.,88.1));
#334 = DIRECTION('',(0.,0.,1.));
#335 = DIRECTION('',(1.,0.,0.));
#336 = DEFINITIONAL_REPRESENTATION('',(#337),#341);
#337 = LINE('',#338,#339);
#338 = CARTESIAN_POINT('',(0.,0.));
#339 = VECTOR('',#340,1.);
#340 = DIRECTION('',(1.,0.));
#341 = ( GEOMETRIC_REPRESENTATION_CONTEXT(2) 
PARAMETRIC_REPRESENTATION_CONTEXT() REPRESENTATION_CONTEXT('2D SPACE',''
  ) );
#342 = ORIENTED_EDGE('',*,*,#343,.F.);
#343 = EDGE_CURVE('',#24,#316,#344,.T.);
#344 = SURFACE_CURVE('',#345,(#349,#356),.PCURVE_S1.);
#345 = LINE('',#346,#347);
#346 = CARTESIAN_POINT('',(241.3,0.,0.));
#347 = VECTOR('',#348,1.);
#348 = DIRECTION('',(0.,0.,1.));
#349 = PCURVE('',#32,#350);
#350 = DEFINITIONAL_REPRESENTATION('',(#351),#355);
#351 = LINE('',#352,#353);
#352 = CARTESIAN_POINT('',(0.,83.1));
#353 = VECTOR('',#354,1.);
#354 = DIRECTION('',(1.,0.));
#355 = ( GEOMETRIC_REPRESENTATION_CONTEXT(2) 
PARAMETRIC_REPRESENTATION_CONTEXT() REPRESENTATION_CONTEXT('2D SPACE',''
  ) );
#356 = PCURVE('',#357,#362);
#357 = PLANE('',#358);
#358 = AXIS2_PLACEMENT_3D('',#359,#360,#361);
#359 = CARTESIAN_POINT('',(241.3,0.,0.));
#360 = DIRECTION('',(1.,0.,0.));
#361 = DIRECTION('',(0.,0.,1.));
#362 = DEFINITIONAL_REPRESENTATION('',(#363),#367);
#363 = LINE('',#364,#365);
#364 = CARTESIAN_POINT('',(0.,0.));
#365 = VECTOR('',#366,1.);
#366 = DIRECTION('',(1.,0.));
#367 = ( GEOMETRIC_REPRESENTATION_CONTEXT(2) 
PARAMETRIC_REPRESENTATION_CONTEXT() REPRESENTATION_CONTEXT('2D SPACE',''
  ) );
#368 = FACE_BOUND('',#369,.F.);
#369 = EDGE_LOOP('',(#370,#399,#432,#459,#486));
#370 = ORIENTED_EDGE('',*,*,#371,.F.);
#371 = EDGE_CURVE('',#372,#374,#376,.T.);
#372 = VERTEX_POINT('',#373);
#373 = CARTESIAN_POINT('',(234.3,0.,2.35));
#374 = VERTEX_POINT('',#375);
#375 = CARTESIAN_POINT('',(230.8,0.,2.35));
#376 = SURFACE_CURVE('',#377,(#381,#388),.PCURVE_S1.);
#377 = LINE('',#378,#379);
#378 = CARTESIAN_POINT('',(194.5,0.,2.35));
#379 = VECTOR('',#380,1.);
#380 = DIRECTION('',(-1.,0.,0.));
#381 = PCURVE('',#32,#382);
#382 = DEFINITIONAL_REPRESENTATION('',(#383),#387);
#383 = LINE('',#384,#385);
#384 = CARTESIAN_POINT('',(2.35,36.3));
#385 = VECTOR('',#386,1.);
#386 = DIRECTION('',(0.,-1.));
#387 = ( GEOMETRIC_REPRESENTATION_CONTEXT(2) 
PARAMETRIC_REPRESENTATION_CONTEXT() REPRESENTATION_CONTEXT('2D SPACE',''
  ) );
#388 = PCURVE('',#389,#394);
#389 = PLANE('',#390);
#390 = AXIS2_PLACEMENT_3D('',#391,#392,#393);
#391 = CARTESIAN_POINT('',(230.8,-1.,2.35));
#392 = DIRECTION('',(0.,0.,-1.));
#393 = DIRECTION('',(1.,0.,0.));
#394 = DEFINITIONAL_REPRESENTATION('',(#395),#398);
#395 = B_SPLINE_CURVE_WITH_KNOTS('',1,(#396,#397),.UNSPECIFIED.,.F.,.F.,
  (2,2),(-39.8,-36.3),.PIECEWISE_BEZIER_KNOTS.);
#396 = CARTESIAN_POINT('',(3.5,-1.));
#397 = CARTESIAN_POINT('',(0.,-1.));
#398 = ( GEOMETRIC_REPRESENTATION_CONTEXT(2) 
PARAMETRIC_REPRESENTATION_CONTEXT() REPRESENTATION_CONTEXT('2D SPACE',''
  ) );
#399 = ORIENTED_EDGE('',*,*,#400,.T.);
#400 = EDGE_CURVE('',#372,#401,#403,.T.);
#401 = VERTEX_POINT('',#402);
#402 = CARTESIAN_POINT('',(236.84558441227,0.,8.495584412272));
#403 = SURFACE_CURVE('',#404,(#409,#420),.PCURVE_S1.);
#404 = CIRCLE('',#405,3.6);
#405 = AXIS2_PLACEMENT_3D('',#406,#407,#408);
#406 = CARTESIAN_POINT('',(234.3,0.,5.95));
#407 = DIRECTION('',(0.,-1.,0.));
#408 = DIRECTION('',(0.,0.,-1.));
#409 = PCURVE('',#32,#410);
#410 = DEFINITIONAL_REPRESENTATION('',(#411),#419);
#411 = ( BOUNDED_CURVE() B_SPLINE_CURVE(2,(#412,#413,#414,#415,#416,#417
,#418),.UNSPECIFIED.,.T.,.F.) B_SPLINE_CURVE_WITH_KNOTS((1,2,2,2,2,1),(
    -2.094395102393,0.,2.094395102393,4.188790204786,6.28318530718,
8.377580409573),.UNSPECIFIED.) CURVE() GEOMETRIC_REPRESENTATION_ITEM() 
RATIONAL_B_SPLINE_CURVE((1.,0.5,1.,0.5,1.,0.5,1.)) REPRESENTATION_ITEM(
  '') );
#412 = CARTESIAN_POINT('',(2.35,76.1));
#413 = CARTESIAN_POINT('',(2.35,82.335382907248));
#414 = CARTESIAN_POINT('',(7.75,79.217691453624));
#415 = CARTESIAN_POINT('',(13.15,76.1));
#416 = CARTESIAN_POINT('',(7.75,72.982308546376));
#417 = CARTESIAN_POINT('',(2.35,69.864617092752));
#418 = CARTESIAN_POINT('',(2.35,76.1));
#419 = ( GEOMETRIC_REPRESENTATION_CONTEXT(2) 
PARAMETRIC_REPRESENTATION_CONTEXT() REPRESENTATION_CONTEXT('2D SPACE',''
  ) );
#420 = PCURVE('',#421,#426);
#421 = CYLINDRICAL_SURFACE('',#422,3.6);
#422 = AXIS2_PLACEMENT_3D('',#423,#424,#425);
#423 = CARTESIAN_POINT('',(234.3,-1.,5.95));
#424 = DIRECTION('',(0.,-1.,0.));
#425 = DIRECTION('',(0.,0.,-1.));
#426 = DEFINITIONAL_REPRESENTATION('',(#427),#431);
#427 = LINE('',#428,#429);
#428 = CARTESIAN_POINT('',(0.,-1.));
#429 = VECTOR('',#430,1.);
#430 = DIRECTION('',(1.,0.));
#431 = ( GEOMETRIC_REPRESENTATION_CONTEXT(2) 
PARAMETRIC_REPRESENTATION_CONTEXT() REPRESENTATION_CONTEXT('2D SPACE',''
  ) );
#432 = ORIENTED_EDGE('',*,*,#433,.F.);
#433 = EDGE_CURVE('',#434,#401,#436,.T.);
#434 = VERTEX_POINT('',#435);
#435 = CARTESIAN_POINT('',(232.55,0.,12.791168824543));
#436 = SURFACE_CURVE('',#437,(#441,#448),.PCURVE_S1.);
#437 = LINE('',#438,#439);
#438 = CARTESIAN_POINT('',(219.30808441227,1.110223024625E-16,
    26.033084412272));
#439 = VECTOR('',#440,1.);
#440 = DIRECTION('',(0.707106781187,0.,-0.707106781187));
#441 = PCURVE('',#32,#442);
#442 = DEFINITIONAL_REPRESENTATION('',(#443),#447);
#443 = LINE('',#444,#445);
#444 = CARTESIAN_POINT('',(26.033084412272,61.108084412271));
#445 = VECTOR('',#446,1.);
#446 = DIRECTION('',(-0.707106781187,0.707106781187));
#447 = ( GEOMETRIC_REPRESENTATION_CONTEXT(2) 
PARAMETRIC_REPRESENTATION_CONTEXT() REPRESENTATION_CONTEXT('2D SPACE',''
  ) );
#448 = PCURVE('',#449,#454);
#449 = PLANE('',#450);
#450 = AXIS2_PLACEMENT_3D('',#451,#452,#453);
#451 = CARTESIAN_POINT('',(236.84558441227,-1.,8.495584412272));
#452 = DIRECTION('',(0.707106781187,0.,0.707106781187));
#453 = DIRECTION('',(-0.707106781187,0.,0.707106781187));
#454 = DEFINITIONAL_REPRESENTATION('',(#455),#458);
#455 = B_SPLINE_CURVE_WITH_KNOTS('',1,(#456,#457),.UNSPECIFIED.,.F.,.F.,
  (2,2),(18.726896615965,24.801770350118),.PIECEWISE_BEZIER_KNOTS.);
#456 = CARTESIAN_POINT('',(6.074873734153,-1.));
#457 = CARTESIAN_POINT('',(0.,-1.));
#458 = ( GEOMETRIC_REPRESENTATION_CONTEXT(2) 
PARAMETRIC_REPRESENTATION_CONTEXT() REPRESENTATION_CONTEXT('2D SPACE',''
  ) );
#459 = ORIENTED_EDGE('',*,*,#460,.F.);
#460 = EDGE_CURVE('',#461,#434,#463,.T.);
#461 = VERTEX_POINT('',#462);
#462 = CARTESIAN_POINT('',(228.25441558772,0.,8.495584412272));
#463 = SURFACE_CURVE('',#464,(#468,#475),.PCURVE_S1.);
#464 = LINE('',#465,#466);
#465 = CARTESIAN_POINT('',(210.76470779386,1.110223024625E-16,
    -8.994123381593));
#466 = VECTOR('',#467,1.);
#467 = DIRECTION('',(0.707106781187,-0.,0.707106781187));
#468 = PCURVE('',#32,#469);
#469 = DEFINITIONAL_REPRESENTATION('',(#470),#474);
#470 = LINE('',#471,#472);
#471 = CARTESIAN_POINT('',(-8.994123381593,52.564707793864));
#472 = VECTOR('',#473,1.);
#473 = DIRECTION('',(0.707106781187,0.707106781187));
#474 = ( GEOMETRIC_REPRESENTATION_CONTEXT(2) 
PARAMETRIC_REPRESENTATION_CONTEXT() REPRESENTATION_CONTEXT('2D SPACE',''
  ) );
#475 = PCURVE('',#476,#481);
#476 = PLANE('',#477);
#477 = AXIS2_PLACEMENT_3D('',#478,#479,#480);
#478 = CARTESIAN_POINT('',(232.55,-1.,12.791168824543));
#479 = DIRECTION('',(-0.707106781187,0.,0.707106781187));
#480 = DIRECTION('',(-0.707106781187,0.,-0.707106781187));
#481 = DEFINITIONAL_REPRESENTATION('',(#482),#485);
#482 = B_SPLINE_CURVE_WITH_KNOTS('',1,(#483,#484),.UNSPECIFIED.,.F.,.F.,
  (2,2),(24.734181964025,30.809055698178),.PIECEWISE_BEZIER_KNOTS.);
#483 = CARTESIAN_POINT('',(6.074873734153,-1.));
#484 = CARTESIAN_POINT('',(0.,-1.));
#485 = ( GEOMETRIC_REPRESENTATION_CONTEXT(2) 
PARAMETRIC_REPRESENTATION_CONTEXT() REPRESENTATION_CONTEXT('2D SPACE',''
  ) );
#486 = ORIENTED_EDGE('',*,*,#487,.T.);
#487 = EDGE_CURVE('',#461,#374,#488,.T.);
#488 = SURFACE_CURVE('',#489,(#494,#505),.PCURVE_S1.);
#489 = CIRCLE('',#490,3.6);
#490 = AXIS2_PLACEMENT_3D('',#491,#492,#493);
#491 = CARTESIAN_POINT('',(230.8,0.,5.95));
#492 = DIRECTION('',(0.,-1.,-0.));
#493 = DIRECTION('',(-0.707106781187,-0.,0.707106781187));
#494 = PCURVE('',#32,#495);
#495 = DEFINITIONAL_REPRESENTATION('',(#496),#504);
#496 = ( BOUNDED_CURVE() B_SPLINE_CURVE(2,(#497,#498,#499,#500,#501,#502
,#503),.UNSPECIFIED.,.T.,.F.) B_SPLINE_CURVE_WITH_KNOTS((1,2,2,2,2,1),(
    -2.094395102393,0.,2.094395102393,4.188790204786,6.28318530718,
8.377580409573),.UNSPECIFIED.) CURVE() GEOMETRIC_REPRESENTATION_ITEM() 
RATIONAL_B_SPLINE_CURVE((1.,0.5,1.,0.5,1.,0.5,1.)) REPRESENTATION_ITEM(
  '') );
#497 = CARTESIAN_POINT('',(8.495584412272,70.054415587728));
#498 = CARTESIAN_POINT('',(4.086502875262,65.645334050719));
#499 = CARTESIAN_POINT('',(2.472667025359,71.668251437631));
#500 = CARTESIAN_POINT('',(0.858831175457,77.691168824543));
#501 = CARTESIAN_POINT('',(6.881748562369,76.077332974641));
#502 = CARTESIAN_POINT('',(12.904665949281,74.463497124738));
#503 = CARTESIAN_POINT('',(8.495584412272,70.054415587728));
#504 = ( GEOMETRIC_REPRESENTATION_CONTEXT(2) 
PARAMETRIC_REPRESENTATION_CONTEXT() REPRESENTATION_CONTEXT('2D SPACE',''
  ) );
#505 = PCURVE('',#506,#511);
#506 = CYLINDRICAL_SURFACE('',#507,3.6);
#507 = AXIS2_PLACEMENT_3D('',#508,#509,#510);
#508 = CARTESIAN_POINT('',(230.8,-1.,5.95));
#509 = DIRECTION('',(0.,-1.,-0.));
#510 = DIRECTION('',(-0.707106781187,-0.,0.707106781187));
#511 = DEFINITIONAL_REPRESENTATION('',(#512),#516);
#512 = LINE('',#513,#514);
#513 = CARTESIAN_POINT('',(0.,-1.));
#514 = VECTOR('',#515,1.);
#515 = DIRECTION('',(1.,0.));
#516 = ( GEOMETRIC_REPRESENTATION_CONTEXT(2) 
PARAMETRIC_REPRESENTATION_CONTEXT() REPRESENTATION_CONTEXT('2D SPACE',''
  ) );
#517 = FACE_BOUND('',#518,.F.);
#518 = EDGE_LOOP('',(#519,#548,#581,#608,#635));
#519 = ORIENTED_EDGE('',*,*,#520,.F.);
#520 = EDGE_CURVE('',#521,#523,#525,.T.);
#521 = VERTEX_POINT('',#522);
#522 = CARTESIAN_POINT('',(234.3,0.,34.1));
#523 = VERTEX_POINT('',#524);
#524 = CARTESIAN_POINT('',(230.8,0.,34.1));
#525 = SURFACE_CURVE('',#526,(#530,#537),.PCURVE_S1.);
#526 = LINE('',#527,#528);
#527 = CARTESIAN_POINT('',(194.5,0.,34.1));
#528 = VECTOR('',#529,1.);
#529 = DIRECTION('',(-1.,0.,0.));
#530 = PCURVE('',#32,#531);
#531 = DEFINITIONAL_REPRESENTATION('',(#532),#536);
#532 = LINE('',#533,#534);
#533 = CARTESIAN_POINT('',(34.1,36.3));
#534 = VECTOR('',#535,1.);
#535 = DIRECTION('',(0.,-1.));
#536 = ( GEOMETRIC_REPRESENTATION_CONTEXT(2) 
PARAMETRIC_REPRESENTATION_CONTEXT() REPRESENTATION_CONTEXT('2D SPACE',''
  ) );
#537 = PCURVE('',#538,#543);
#538 = PLANE('',#539);
#539 = AXIS2_PLACEMENT_3D('',#540,#541,#542);
#540 = CARTESIAN_POINT('',(230.8,-1.,34.1));
#541 = DIRECTION('',(0.,0.,-1.));
#542 = DIRECTION('',(1.,0.,0.));
#543 = DEFINITIONAL_REPRESENTATION('',(#544),#547);
#544 = B_SPLINE_CURVE_WITH_KNOTS('',1,(#545,#546),.UNSPECIFIED.,.F.,.F.,
  (2,2),(-39.8,-36.3),.PIECEWISE_BEZIER_KNOTS.);
#545 = CARTESIAN_POINT('',(3.5,-1.));
#546 = CARTESIAN_POINT('',(0.,-1.));
#547 = ( GEOMETRIC_REPRESENTATION_CONTEXT(2) 
PARAMETRIC_REPRESENTATION_CONTEXT() REPRESENTATION_CONTEXT('2D SPACE',''
  ) );
#548 = ORIENTED_EDGE('',*,*,#549,.T.);
#549 = EDGE_CURVE('',#521,#550,#552,.T.);
#550 = VERTEX_POINT('',#551);
#551 = CARTESIAN_POINT('',(236.84558441227,0.,40.245584412272));
#552 = SURFACE_CURVE('',#553,(#558,#569),.PCURVE_S1.);
#553 = CIRCLE('',#554,3.6);
#554 = AXIS2_PLACEMENT_3D('',#555,#556,#557);
#555 = CARTESIAN_POINT('',(234.3,0.,37.7));
#556 = DIRECTION('',(0.,-1.,0.));
#557 = DIRECTION('',(0.,0.,-1.));
#558 = PCURVE('',#32,#559);
#559 = DEFINITIONAL_REPRESENTATION('',(#560),#568);
#560 = ( BOUNDED_CURVE() B_SPLINE_CURVE(2,(#561,#562,#563,#564,#565,#566
,#567),.UNSPECIFIED.,.T.,.F.) B_SPLINE_CURVE_WITH_KNOTS((1,2,2,2,2,1),(
    -2.094395102393,0.,2.094395102393,4.188790204786,6.28318530718,
8.377580409573),.UNSPECIFIED.) CURVE() GEOMETRIC_REPRESENTATION_ITEM() 
RATIONAL_B_SPLINE_CURVE((1.,0.5,1.,0.5,1.,0.5,1.)) REPRESENTATION_ITEM(
  '') );
#561 = CARTESIAN_POINT('',(34.1,76.1));
#562 = CARTESIAN_POINT('',(34.1,82.335382907248));
#563 = CARTESIAN_POINT('',(39.5,79.217691453624));
#564 = CARTESIAN_POINT('',(44.9,76.1));
#565 = CARTESIAN_POINT('',(39.5,72.982308546376));
#566 = CARTESIAN_POINT('',(34.1,69.864617092752));
#567 = CARTESIAN_POINT('',(34.1,76.1));
#568 = ( GEOMETRIC_REPRESENTATION_CONTEXT(2) 
PARAMETRIC_REPRESENTATION_CONTEXT() REPRESENTATION_CONTEXT('2D SPACE',''
  ) );
#569 = PCURVE('',#570,#575);
#570 = CYLINDRICAL_SURFACE('',#571,3.6);
#571 = AXIS2_PLACEMENT_3D('',#572,#573,#574);
#572 = CARTESIAN_POINT('',(234.3,-1.,37.7));
#573 = DIRECTION('',(0.,-1.,0.));
#574 = DIRECTION('',(0.,0.,-1.));
#575 = DEFINITIONAL_REPRESENTATION('',(#576),#580);
#576 = LINE('',#577,#578);
#577 = CARTESIAN_POINT('',(0.,-1.));
#578 = VECTOR('',#579,1.);
#579 = DIRECTION('',(1.,0.));
#580 = ( GEOMETRIC_REPRESENTATION_CONTEXT(2) 
PARAMETRIC_REPRESENTATION_CONTEXT() REPRESENTATION_CONTEXT('2D SPACE',''
  ) );
#581 = ORIENTED_EDGE('',*,*,#582,.F.);
#582 = EDGE_CURVE('',#583,#550,#585,.T.);
#583 = VERTEX_POINT('',#584);
#584 = CARTESIAN_POINT('',(232.55,0.,44.541168824543));
#585 = SURFACE_CURVE('',#586,(#590,#597),.PCURVE_S1.);
#586 = LINE('',#587,#588);
#587 = CARTESIAN_POINT('',(227.24558441227,0.,49.845584412272));
#588 = VECTOR('',#589,1.);
#589 = DIRECTION('',(0.707106781187,0.,-0.707106781187));
#590 = PCURVE('',#32,#591);
#591 = DEFINITIONAL_REPRESENTATION('',(#592),#596);
#592 = LINE('',#593,#594);
#593 = CARTESIAN_POINT('',(49.845584412272,69.045584412271));
#594 = VECTOR('',#595,1.);
#595 = DIRECTION('',(-0.707106781187,0.707106781187));
#596 = ( GEOMETRIC_REPRESENTATION_CONTEXT(2) 
PARAMETRIC_REPRESENTATION_CONTEXT() REPRESENTATION_CONTEXT('2D SPACE',''
  ) );
#597 = PCURVE('',#598,#603);
#598 = PLANE('',#599);
#599 = AXIS2_PLACEMENT_3D('',#600,#601,#602);
#600 = CARTESIAN_POINT('',(236.84558441227,-1.,40.245584412272));
#601 = DIRECTION('',(0.707106781187,0.,0.707106781187));
#602 = DIRECTION('',(-0.707106781187,0.,0.707106781187));
#603 = DEFINITIONAL_REPRESENTATION('',(#604),#607);
#604 = B_SPLINE_CURVE_WITH_KNOTS('',1,(#605,#606),.UNSPECIFIED.,.F.,.F.,
  (2,2),(7.501576464629,13.576450198782),.PIECEWISE_BEZIER_KNOTS.);
#605 = CARTESIAN_POINT('',(6.074873734153,-1.));
#606 = CARTESIAN_POINT('',(0.,-1.));
#607 = ( GEOMETRIC_REPRESENTATION_CONTEXT(2) 
PARAMETRIC_REPRESENTATION_CONTEXT() REPRESENTATION_CONTEXT('2D SPACE',''
  ) );
#608 = ORIENTED_EDGE('',*,*,#609,.F.);
#609 = EDGE_CURVE('',#610,#583,#612,.T.);
#610 = VERTEX_POINT('',#611);
#611 = CARTESIAN_POINT('',(228.25441558772,0.,40.245584412272));
#612 = SURFACE_CURVE('',#613,(#617,#624),.PCURVE_S1.);
#613 = LINE('',#614,#615);
#614 = CARTESIAN_POINT('',(202.82720779386,0.,14.818376618407));
#615 = VECTOR('',#616,1.);
#616 = DIRECTION('',(0.707106781187,-0.,0.707106781187));
#617 = PCURVE('',#32,#618);
#618 = DEFINITIONAL_REPRESENTATION('',(#619),#623);
#619 = LINE('',#620,#621);
#620 = CARTESIAN_POINT('',(14.818376618407,44.627207793864));
#621 = VECTOR('',#622,1.);
#622 = DIRECTION('',(0.707106781187,0.707106781187));
#623 = ( GEOMETRIC_REPRESENTATION_CONTEXT(2) 
PARAMETRIC_REPRESENTATION_CONTEXT() REPRESENTATION_CONTEXT('2D SPACE',''
  ) );
#624 = PCURVE('',#625,#630);
#625 = PLANE('',#626);
#626 = AXIS2_PLACEMENT_3D('',#627,#628,#629);
#627 = CARTESIAN_POINT('',(232.55,-1.,44.541168824543));
#628 = DIRECTION('',(-0.707106781187,0.,0.707106781187));
#629 = DIRECTION('',(-0.707106781187,0.,-0.707106781187));
#630 = DEFINITIONAL_REPRESENTATION('',(#631),#634);
#631 = B_SPLINE_CURVE_WITH_KNOTS('',1,(#632,#633),.UNSPECIFIED.,.F.,.F.,
  (2,2),(35.959502115362,42.034375849515),.PIECEWISE_BEZIER_KNOTS.);
#632 = CARTESIAN_POINT('',(6.074873734153,-1.));
#633 = CARTESIAN_POINT('',(0.,-1.));
#634 = ( GEOMETRIC_REPRESENTATION_CONTEXT(2) 
PARAMETRIC_REPRESENTATION_CONTEXT() REPRESENTATION_CONTEXT('2D SPACE',''
  ) );
#635 = ORIENTED_EDGE('',*,*,#636,.T.);
#636 = EDGE_CURVE('',#610,#523,#637,.T.);
#637 = SURFACE_CURVE('',#638,(#643,#654),.PCURVE_S1.);
#638 = CIRCLE('',#639,3.6);
#639 = AXIS2_PLACEMENT_3D('',#640,#641,#642);
#640 = CARTESIAN_POINT('',(230.8,0.,37.7));
#641 = DIRECTION('',(0.,-1.,-0.));
#642 = DIRECTION('',(-0.707106781187,-0.,0.707106781187));
#643 = PCURVE('',#32,#644);
#644 = DEFINITIONAL_REPRESENTATION('',(#645),#653);
#645 = ( BOUNDED_CURVE() B_SPLINE_CURVE(2,(#646,#647,#648,#649,#650,#651
,#652),.UNSPECIFIED.,.T.,.F.) B_SPLINE_CURVE_WITH_KNOTS((1,2,2,2,2,1),(
    -2.094395102393,0.,2.094395102393,4.188790204786,6.28318530718,
8.377580409573),.UNSPECIFIED.) CURVE() GEOMETRIC_REPRESENTATION_ITEM() 
RATIONAL_B_SPLINE_CURVE((1.,0.5,1.,0.5,1.,0.5,1.)) REPRESENTATION_ITEM(
  '') );
#646 = CARTESIAN_POINT('',(40.245584412272,70.054415587728));
#647 = CARTESIAN_POINT('',(35.836502875262,65.645334050719));
#648 = CARTESIAN_POINT('',(34.222667025359,71.668251437631));
#649 = CARTESIAN_POINT('',(32.608831175457,77.691168824543));
#650 = CARTESIAN_POINT('',(38.631748562369,76.077332974641));
#651 = CARTESIAN_POINT('',(44.654665949281,74.463497124738));
#652 = CARTESIAN_POINT('',(40.245584412272,70.054415587728));
#653 = ( GEOMETRIC_REPRESENTATION_CONTEXT(2) 
PARAMETRIC_REPRESENTATION_CONTEXT() REPRESENTATION_CONTEXT('2D SPACE',''
  ) );
#654 = PCURVE('',#655,#660);
#655 = CYLINDRICAL_SURFACE('',#656,3.6);
#656 = AXIS2_PLACEMENT_3D('',#657,#658,#659);
#657 = CARTESIAN_POINT('',(230.8,-1.,37.7));
#658 = DIRECTION('',(0.,-1.,-0.));
#659 = DIRECTION('',(-0.707106781187,-0.,0.707106781187));
#660 = DEFINITIONAL_REPRESENTATION('',(#661),#665);
#661 = LINE('',#662,#663);
#662 = CARTESIAN_POINT('',(0.,-1.));
#663 = VECTOR('',#664,1.);
#664 = DIRECTION('',(1.,0.));
#665 = ( GEOMETRIC_REPRESENTATION_CONTEXT(2) 
PARAMETRIC_REPRESENTATION_CONTEXT() REPRESENTATION_CONTEXT('2D SPACE',''
  ) );
#666 = FACE_BOUND('',#667,.F.);
#667 = EDGE_LOOP('',(#668,#697,#730,#757,#784));
#668 = ORIENTED_EDGE('',*,*,#669,.F.);
#669 = EDGE_CURVE('',#670,#672,#674,.T.);
#670 = VERTEX_POINT('',#671);
#671 = CARTESIAN_POINT('',(234.3,0.,46.8));
#672 = VERTEX_POINT('',#673);
#673 = CARTESIAN_POINT('',(230.8,0.,46.8));
#674 = SURFACE_CURVE('',#675,(#679,#686),.PCURVE_S1.);
#675 = LINE('',#676,#677);
#676 = CARTESIAN_POINT('',(194.5,0.,46.8));
#677 = VECTOR('',#678,1.);
#678 = DIRECTION('',(-1.,0.,0.));
#679 = PCURVE('',#32,#680);
#680 = DEFINITIONAL_REPRESENTATION('',(#681),#685);
#681 = LINE('',#682,#683);
#682 = CARTESIAN_POINT('',(46.8,36.3));
#683 = VECTOR('',#684,1.);
#684 = DIRECTION('',(0.,-1.));
#685 = ( GEOMETRIC_REPRESENTATION_CONTEXT(2) 
PARAMETRIC_REPRESENTATION_CONTEXT() REPRESENTATION_CONTEXT('2D SPACE',''
  ) );
#686 = PCURVE('',#687,#692);
#687 = PLANE('',#688);
#688 = AXIS2_PLACEMENT_3D('',#689,#690,#691);
#689 = CARTESIAN_POINT('',(230.8,-1.,46.8));
#690 = DIRECTION('',(0.,0.,-1.));
#691 = DIRECTION('',(1.,0.,0.));
#692 = DEFINITIONAL_REPRESENTATION('',(#693),#696);
#693 = B_SPLINE_CURVE_WITH_KNOTS('',1,(#694,#695),.UNSPECIFIED.,.F.,.F.,
  (2,2),(-39.8,-36.3),.PIECEWISE_BEZIER_KNOTS.);
#694 = CARTESIAN_POINT('',(3.5,-1.));
#695 = CARTESIAN_POINT('',(0.,-1.));
#696 = ( GEOMETRIC_REPRESENTATION_CONTEXT(2) 
PARAMETRIC_REPRESENTATION_CONTEXT() REPRESENTATION_CONTEXT('2D SPACE',''
  ) );
#697 = ORIENTED_EDGE('',*,*,#698,.T.);
#698 = EDGE_CURVE('',#670,#699,#701,.T.);
#699 = VERTEX_POINT('',#700);
#700 = CARTESIAN_POINT('',(236.84558441227,0.,52.945584412272));
#701 = SURFACE_CURVE('',#702,(#707,#718),.PCURVE_S1.);
#702 = CIRCLE('',#703,3.6);
#703 = AXIS2_PLACEMENT_3D('',#704,#705,#706);
#704 = CARTESIAN_POINT('',(234.3,0.,50.4));
#705 = DIRECTION('',(0.,-1.,0.));
#706 = DIRECTION('',(0.,0.,-1.));
#707 = PCURVE('',#32,#708);
#708 = DEFINITIONAL_REPRESENTATION('',(#709),#717);
#709 = ( BOUNDED_CURVE() B_SPLINE_CURVE(2,(#710,#711,#712,#713,#714,#715
,#716),.UNSPECIFIED.,.T.,.F.) B_SPLINE_CURVE_WITH_KNOTS((1,2,2,2,2,1),(
    -2.094395102393,0.,2.094395102393,4.188790204786,6.28318530718,
8.377580409573),.UNSPECIFIED.) CURVE() GEOMETRIC_REPRESENTATION_ITEM() 
RATIONAL_B_SPLINE_CURVE((1.,0.5,1.,0.5,1.,0.5,1.)) REPRESENTATION_ITEM(
  '') );
#710 = CARTESIAN_POINT('',(46.8,76.1));
#711 = CARTESIAN_POINT('',(46.8,82.335382907248));
#712 = CARTESIAN_POINT('',(52.2,79.217691453624));
#713 = CARTESIAN_POINT('',(57.6,76.1));
#714 = CARTESIAN_POINT('',(52.2,72.982308546376));
#715 = CARTESIAN_POINT('',(46.8,69.864617092752));
#716 = CARTESIAN_POINT('',(46.8,76.1));
#717 = ( GEOMETRIC_REPRESENTATION_CONTEXT(2) 
PARAMETRIC_REPRESENTATION_CONTEXT() REPRESENTATION_CONTEXT('2D SPACE',''
  ) );
#718 = PCURVE('',#719,#724);
#719 = CYLINDRICAL_SURFACE('',#720,3.6);
#720 = AXIS2_PLACEMENT_3D('',#721,#722,#723);
#721 = CARTESIAN_POINT('',(234.3,-1.,50.4));
#722 = DIRECTION('',(0.,-1.,0.));
#723 = DIRECTION('',(0.,0.,-1.));
#724 = DEFINITIONAL_REPRESENTATION('',(#725),#729);
#725 = LINE('',#726,#727);
#726 = CARTESIAN_POINT('',(0.,-1.));
#727 = VECTOR('',#728,1.);
#728 = DIRECTION('',(1.,0.));
#729 = ( GEOMETRIC_REPRESENTATION_CONTEXT(2) 
PARAMETRIC_REPRESENTATION_CONTEXT() REPRESENTATION_CONTEXT('2D SPACE',''
  ) );
#730 = ORIENTED_EDGE('',*,*,#731,.F.);
#731 = EDGE_CURVE('',#732,#699,#734,.T.);
#732 = VERTEX_POINT('',#733);
#733 = CARTESIAN_POINT('',(232.55,0.,57.241168824543));
#734 = SURFACE_CURVE('',#735,(#739,#746),.PCURVE_S1.);
#735 = LINE('',#736,#737);
#736 = CARTESIAN_POINT('',(230.42058441227,0.,59.370584412272));
#737 = VECTOR('',#738,1.);
#738 = DIRECTION('',(0.707106781187,0.,-0.707106781187));
#739 = PCURVE('',#32,#740);
#740 = DEFINITIONAL_REPRESENTATION('',(#741),#745);
#741 = LINE('',#742,#743);
#742 = CARTESIAN_POINT('',(59.370584412272,72.220584412271));
#743 = VECTOR('',#744,1.);
#744 = DIRECTION('',(-0.707106781187,0.707106781187));
#745 = ( GEOMETRIC_REPRESENTATION_CONTEXT(2) 
PARAMETRIC_REPRESENTATION_CONTEXT() REPRESENTATION_CONTEXT('2D SPACE',''
  ) );
#746 = PCURVE('',#747,#752);
#747 = PLANE('',#748);
#748 = AXIS2_PLACEMENT_3D('',#749,#750,#751);
#749 = CARTESIAN_POINT('',(236.84558441227,-1.,52.945584412272));
#750 = DIRECTION('',(0.707106781187,0.,0.707106781187));
#751 = DIRECTION('',(-0.707106781187,0.,0.707106781187));
#752 = DEFINITIONAL_REPRESENTATION('',(#753),#756);
#753 = B_SPLINE_CURVE_WITH_KNOTS('',1,(#754,#755),.UNSPECIFIED.,.F.,.F.,
  (2,2),(3.011448404094,9.086322138247),.PIECEWISE_BEZIER_KNOTS.);
#754 = CARTESIAN_POINT('',(6.074873734153,-1.));
#755 = CARTESIAN_POINT('',(0.,-1.));
#756 = ( GEOMETRIC_REPRESENTATION_CONTEXT(2) 
PARAMETRIC_REPRESENTATION_CONTEXT() REPRESENTATION_CONTEXT('2D SPACE',''
  ) );
#757 = ORIENTED_EDGE('',*,*,#758,.F.);
#758 = EDGE_CURVE('',#759,#732,#761,.T.);
#759 = VERTEX_POINT('',#760);
#760 = CARTESIAN_POINT('',(228.25441558772,0.,52.945584412272));
#761 = SURFACE_CURVE('',#762,(#766,#773),.PCURVE_S1.);
#762 = LINE('',#763,#764);
#763 = CARTESIAN_POINT('',(199.65220779386,0.,24.343376618407));
#764 = VECTOR('',#765,1.);
#765 = DIRECTION('',(0.707106781187,-0.,0.707106781187));
#766 = PCURVE('',#32,#767);
#767 = DEFINITIONAL_REPRESENTATION('',(#768),#772);
#768 = LINE('',#769,#770);
#769 = CARTESIAN_POINT('',(24.343376618407,41.452207793864));
#770 = VECTOR('',#771,1.);
#771 = DIRECTION('',(0.707106781187,0.707106781187));
#772 = ( GEOMETRIC_REPRESENTATION_CONTEXT(2) 
PARAMETRIC_REPRESENTATION_CONTEXT() REPRESENTATION_CONTEXT('2D SPACE',''
  ) );
#773 = PCURVE('',#774,#779);
#774 = PLANE('',#775);
#775 = AXIS2_PLACEMENT_3D('',#776,#777,#778);
#776 = CARTESIAN_POINT('',(232.55,-1.,57.241168824543));
#777 = DIRECTION('',(-0.707106781187,0.,0.707106781187));
#778 = DIRECTION('',(-0.707106781187,0.,-0.707106781187));
#779 = DEFINITIONAL_REPRESENTATION('',(#780),#783);
#780 = B_SPLINE_CURVE_WITH_KNOTS('',1,(#781,#782),.UNSPECIFIED.,.F.,.F.,
  (2,2),(40.449630175896,46.524503910049),.PIECEWISE_BEZIER_KNOTS.);
#781 = CARTESIAN_POINT('',(6.074873734153,-1.));
#782 = CARTESIAN_POINT('',(0.,-1.));
#783 = ( GEOMETRIC_REPRESENTATION_CONTEXT(2) 
PARAMETRIC_REPRESENTATION_CONTEXT() REPRESENTATION_CONTEXT('2D SPACE',''
  ) );
#784 = ORIENTED_EDGE('',*,*,#785,.T.);
#785 = EDGE_CURVE('',#759,#672,#786,.T.);
#786 = SURFACE_CURVE('',#787,(#792,#803),.PCURVE_S1.);
#787 = CIRCLE('',#788,3.6);
#788 = AXIS2_PLACEMENT_3D('',#789,#790,#791);
#789 = CARTESIAN_POINT('',(230.8,0.,50.4));
#790 = DIRECTION('',(0.,-1.,-0.));
#791 = DIRECTION('',(-0.707106781187,-0.,0.707106781187));
#792 = PCURVE('',#32,#793);
#793 = DEFINITIONAL_REPRESENTATION('',(#794),#802);
#794 = ( BOUNDED_CURVE() B_SPLINE_CURVE(2,(#795,#796,#797,#798,#799,#800
,#801),.UNSPECIFIED.,.T.,.F.) B_SPLINE_CURVE_WITH_KNOTS((1,2,2,2,2,1),(
    -2.094395102393,0.,2.094395102393,4.188790204786,6.28318530718,
8.377580409573),.UNSPECIFIED.) CURVE() GEOMETRIC_REPRESENTATION_ITEM() 
RATIONAL_B_SPLINE_CURVE((1.,0.5,1.,0.5,1.,0.5,1.)) REPRESENTATION_ITEM(
  '') );
#795 = CARTESIAN_POINT('',(52.945584412272,70.054415587728));
#796 = CARTESIAN_POINT('',(48.536502875262,65.645334050719));
#797 = CARTESIAN_POINT('',(46.922667025359,71.668251437631));
#798 = CARTESIAN_POINT('',(45.308831175457,77.691168824543));
#799 = CARTESIAN_POINT('',(51.331748562369,76.077332974641));
#800 = CARTESIAN_POINT('',(57.354665949281,74.463497124738));
#801 = CARTESIAN_POINT('',(52.945584412272,70.054415587728));
#802 = ( GEOMETRIC_REPRESENTATION_CONTEXT(2) 
PARAMETRIC_REPRESENTATION_CONTEXT() REPRESENTATION_CONTEXT('2D SPACE',''
  ) );
#803 = PCURVE('',#804,#809);
#804 = CYLINDRICAL_SURFACE('',#805,3.6);
#805 = AXIS2_PLACEMENT_3D('',#806,#807,#808);
#806 = CARTESIAN_POINT('',(230.8,-1.,50.4));
#807 = DIRECTION('',(0.,-1.,-0.));
#808 = DIRECTION('',(-0.707106781187,-0.,0.707106781187));
#809 = DEFINITIONAL_REPRESENTATION('',(#810),#814);
#810 = LINE('',#811,#812);
#811 = CARTESIAN_POINT('',(0.,-1.));
#812 = VECTOR('',#813,1.);
#813 = DIRECTION('',(1.,0.));
#814 = ( GEOMETRIC_REPRESENTATION_CONTEXT(2) 
PARAMETRIC_REPRESENTATION_CONTEXT() REPRESENTATION_CONTEXT('2D SPACE',''
  ) );
#815 = ADVANCED_FACE('',(#816),#44,.F.);
#816 = FACE_BOUND('',#817,.F.);
#817 = EDGE_LOOP('',(#818,#846,#874,#902,#923,#924,#947,#975));
#818 = ORIENTED_EDGE('',*,*,#819,.T.);
#819 = EDGE_CURVE('',#820,#822,#824,.T.);
#820 = VERTEX_POINT('',#821);
#821 = CARTESIAN_POINT('',(220.,9.8,0.));
#822 = VERTEX_POINT('',#823);
#823 = CARTESIAN_POINT('',(95.,9.8,0.));
#824 = SURFACE_CURVE('',#825,(#829,#835),.PCURVE_S1.);
#825 = LINE('',#826,#827);
#826 = CARTESIAN_POINT('',(126.1,9.8,0.));
#827 = VECTOR('',#828,1.);
#828 = DIRECTION('',(-1.,0.,0.));
#829 = PCURVE('',#44,#830);
#830 = DEFINITIONAL_REPRESENTATION('',(#831),#834);
#831 = B_SPLINE_CURVE_WITH_KNOTS('',1,(#832,#833),.UNSPECIFIED.,.F.,.F.,
  (2,2),(-94.9,31.1),.PIECEWISE_BEZIER_KNOTS.);
#832 = CARTESIAN_POINT('',(62.8,9.8));
#833 = CARTESIAN_POINT('',(-63.2,9.8));
#834 = ( GEOMETRIC_REPRESENTATION_CONTEXT(2) 
PARAMETRIC_REPRESENTATION_CONTEXT() REPRESENTATION_CONTEXT('2D SPACE',''
  ) );
#835 = PCURVE('',#836,#841);
#836 = PLANE('',#837);
#837 = AXIS2_PLACEMENT_3D('',#838,#839,#840);
#838 = CARTESIAN_POINT('',(94.,9.8,-1.));
#839 = DIRECTION('',(0.,1.,0.));
#840 = DIRECTION('',(0.,0.,1.));
#841 = DEFINITIONAL_REPRESENTATION('',(#842),#845);
#842 = B_SPLINE_CURVE_WITH_KNOTS('',1,(#843,#844),.UNSPECIFIED.,.F.,.F.,
  (2,2),(-94.9,31.1),.PIECEWISE_BEZIER_KNOTS.);
#843 = CARTESIAN_POINT('',(1.,127.));
#844 = CARTESIAN_POINT('',(1.,1.));
#845 = ( GEOMETRIC_REPRESENTATION_CONTEXT(2) 
PARAMETRIC_REPRESENTATION_CONTEXT() REPRESENTATION_CONTEXT('2D SPACE',''
  ) );
#846 = ORIENTED_EDGE('',*,*,#847,.F.);
#847 = EDGE_CURVE('',#848,#822,#850,.T.);
#848 = VERTEX_POINT('',#849);
#849 = CARTESIAN_POINT('',(95.,-3.,0.));
#850 = SURFACE_CURVE('',#851,(#855,#862),.PCURVE_S1.);
#851 = LINE('',#852,#853);
#852 = CARTESIAN_POINT('',(95.,-3.,0.));
#853 = VECTOR('',#854,1.);
#854 = DIRECTION('',(0.,1.,0.));
#855 = PCURVE('',#44,#856);
#856 = DEFINITIONAL_REPRESENTATION('',(#857),#861);
#857 = LINE('',#858,#859);
#858 = CARTESIAN_POINT('',(-63.2,-3.));
#859 = VECTOR('',#860,1.);
#860 = DIRECTION('',(0.,1.));
#861 = ( GEOMETRIC_REPRESENTATION_CONTEXT(2) 
PARAMETRIC_REPRESENTATION_CONTEXT() REPRESENTATION_CONTEXT('2D SPACE',''
  ) );
#862 = PCURVE('',#863,#868);
#863 = PLANE('',#864);
#864 = AXIS2_PLACEMENT_3D('',#865,#866,#867);
#865 = CARTESIAN_POINT('',(95.,0.,0.));
#866 = DIRECTION('',(1.,0.,0.));
#867 = DIRECTION('',(0.,0.,1.));
#868 = DEFINITIONAL_REPRESENTATION('',(#869),#873);
#869 = LINE('',#870,#871);
#870 = CARTESIAN_POINT('',(0.,3.));
#871 = VECTOR('',#872,1.);
#872 = DIRECTION('',(0.,-1.));
#873 = ( GEOMETRIC_REPRESENTATION_CONTEXT(2) 
PARAMETRIC_REPRESENTATION_CONTEXT() REPRESENTATION_CONTEXT('2D SPACE',''
  ) );
#874 = ORIENTED_EDGE('',*,*,#875,.T.);
#875 = EDGE_CURVE('',#848,#876,#878,.T.);
#876 = VERTEX_POINT('',#877);
#877 = CARTESIAN_POINT('',(155.,-3.,0.));
#878 = SURFACE_CURVE('',#879,(#883,#890),.PCURVE_S1.);
#879 = LINE('',#880,#881);
#880 = CARTESIAN_POINT('',(95.,-3.,0.));
#881 = VECTOR('',#882,1.);
#882 = DIRECTION('',(1.,0.,0.));
#883 = PCURVE('',#44,#884);
#884 = DEFINITIONAL_REPRESENTATION('',(#885),#889);
#885 = LINE('',#886,#887);
#886 = CARTESIAN_POINT('',(-63.2,-3.));
#887 = VECTOR('',#888,1.);
#888 = DIRECTION('',(1.,0.));
#889 = ( GEOMETRIC_REPRESENTATION_CONTEXT(2) 
PARAMETRIC_REPRESENTATION_CONTEXT() REPRESENTATION_CONTEXT('2D SPACE',''
  ) );
#890 = PCURVE('',#891,#896);
#891 = PLANE('',#892);
#892 = AXIS2_PLACEMENT_3D('',#893,#894,#895);
#893 = CARTESIAN_POINT('',(95.,-3.,0.));
#894 = DIRECTION('',(0.,1.,0.));
#895 = DIRECTION('',(0.,0.,1.));
#896 = DEFINITIONAL_REPRESENTATION('',(#897),#901);
#897 = LINE('',#898,#899);
#898 = CARTESIAN_POINT('',(0.,0.));
#899 = VECTOR('',#900,1.);
#900 = DIRECTION('',(0.,1.));
#901 = ( GEOMETRIC_REPRESENTATION_CONTEXT(2) 
PARAMETRIC_REPRESENTATION_CONTEXT() REPRESENTATION_CONTEXT('2D SPACE',''
  ) );
#902 = ORIENTED_EDGE('',*,*,#903,.T.);
#903 = EDGE_CURVE('',#876,#22,#904,.T.);
#904 = SURFACE_CURVE('',#905,(#909,#916),.PCURVE_S1.);
#905 = LINE('',#906,#907);
#906 = CARTESIAN_POINT('',(155.,-3.,0.));
#907 = VECTOR('',#908,1.);
#908 = DIRECTION('',(0.,1.,0.));
#909 = PCURVE('',#44,#910);
#910 = DEFINITIONAL_REPRESENTATION('',(#911),#915);
#911 = LINE('',#912,#913);
#912 = CARTESIAN_POINT('',(-3.2,-3.));
#913 = VECTOR('',#914,1.);
#914 = DIRECTION('',(0.,1.));
#915 = ( GEOMETRIC_REPRESENTATION_CONTEXT(2) 
PARAMETRIC_REPRESENTATION_CONTEXT() REPRESENTATION_CONTEXT('2D SPACE',''
  ) );
#916 = PCURVE('',#72,#917);
#917 = DEFINITIONAL_REPRESENTATION('',(#918),#922);
#918 = LINE('',#919,#920);
#919 = CARTESIAN_POINT('',(0.,0.));
#920 = VECTOR('',#921,1.);
#921 = DIRECTION('',(0.,-1.));
#922 = ( GEOMETRIC_REPRESENTATION_CONTEXT(2) 
PARAMETRIC_REPRESENTATION_CONTEXT() REPRESENTATION_CONTEXT('2D SPACE',''
  ) );
#923 = ORIENTED_EDGE('',*,*,#21,.T.);
#924 = ORIENTED_EDGE('',*,*,#925,.T.);
#925 = EDGE_CURVE('',#24,#926,#928,.T.);
#926 = VERTEX_POINT('',#927);
#927 = CARTESIAN_POINT('',(241.3,6.,0.));
#928 = SURFACE_CURVE('',#929,(#933,#940),.PCURVE_S1.);
#929 = LINE('',#930,#931);
#930 = CARTESIAN_POINT('',(241.3,0.,0.));
#931 = VECTOR('',#932,1.);
#932 = DIRECTION('',(0.,1.,0.));
#933 = PCURVE('',#44,#934);
#934 = DEFINITIONAL_REPRESENTATION('',(#935),#939);
#935 = LINE('',#936,#937);
#936 = CARTESIAN_POINT('',(83.1,0.));
#937 = VECTOR('',#938,1.);
#938 = DIRECTION('',(0.,1.));
#939 = ( GEOMETRIC_REPRESENTATION_CONTEXT(2) 
PARAMETRIC_REPRESENTATION_CONTEXT() REPRESENTATION_CONTEXT('2D SPACE',''
  ) );
#940 = PCURVE('',#357,#941);
#941 = DEFINITIONAL_REPRESENTATION('',(#942),#946);
#942 = LINE('',#943,#944);
#943 = CARTESIAN_POINT('',(0.,0.));
#944 = VECTOR('',#945,1.);
#945 = DIRECTION('',(0.,-1.));
#946 = ( GEOMETRIC_REPRESENTATION_CONTEXT(2) 
PARAMETRIC_REPRESENTATION_CONTEXT() REPRESENTATION_CONTEXT('2D SPACE',''
  ) );
#947 = ORIENTED_EDGE('',*,*,#948,.F.);
#948 = EDGE_CURVE('',#949,#926,#951,.T.);
#949 = VERTEX_POINT('',#950);
#950 = CARTESIAN_POINT('',(220.,6.,0.));
#951 = SURFACE_CURVE('',#952,(#956,#963),.PCURVE_S1.);
#952 = LINE('',#953,#954);
#953 = CARTESIAN_POINT('',(158.2,6.,0.));
#954 = VECTOR('',#955,1.);
#955 = DIRECTION('',(1.,0.,0.));
#956 = PCURVE('',#44,#957);
#957 = DEFINITIONAL_REPRESENTATION('',(#958),#962);
#958 = LINE('',#959,#960);
#959 = CARTESIAN_POINT('',(0.,6.));
#960 = VECTOR('',#961,1.);
#961 = DIRECTION('',(1.,0.));
#962 = ( GEOMETRIC_REPRESENTATION_CONTEXT(2) 
PARAMETRIC_REPRESENTATION_CONTEXT() REPRESENTATION_CONTEXT('2D SPACE',''
  ) );
#963 = PCURVE('',#964,#969);
#964 = PLANE('',#965);
#965 = AXIS2_PLACEMENT_3D('',#966,#967,#968);
#966 = CARTESIAN_POINT('',(158.2,6.,0.));
#967 = DIRECTION('',(0.,1.,0.));
#968 = DIRECTION('',(0.,0.,1.));
#969 = DEFINITIONAL_REPRESENTATION('',(#970),#974);
#970 = LINE('',#971,#972);
#971 = CARTESIAN_POINT('',(0.,0.));
#972 = VECTOR('',#973,1.);
#973 = DIRECTION('',(0.,1.));
#974 = ( GEOMETRIC_REPRESENTATION_CONTEXT(2) 
PARAMETRIC_REPRESENTATION_CONTEXT() REPRESENTATION_CONTEXT('2D SPACE',''
  ) );
#975 = ORIENTED_EDGE('',*,*,#976,.T.);
#976 = EDGE_CURVE('',#949,#820,#977,.T.);
#977 = SURFACE_CURVE('',#978,(#982,#989),.PCURVE_S1.);
#978 = LINE('',#979,#980);
#979 = CARTESIAN_POINT('',(220.,0.,0.));
#980 = VECTOR('',#981,1.);
#981 = DIRECTION('',(0.,1.,0.));
#982 = PCURVE('',#44,#983);
#983 = DEFINITIONAL_REPRESENTATION('',(#984),#988);
#984 = LINE('',#985,#986);
#985 = CARTESIAN_POINT('',(61.8,0.));
#986 = VECTOR('',#987,1.);
#987 = DIRECTION('',(0.,1.));
#988 = ( GEOMETRIC_REPRESENTATION_CONTEXT(2) 
PARAMETRIC_REPRESENTATION_CONTEXT() REPRESENTATION_CONTEXT('2D SPACE',''
  ) );
#989 = PCURVE('',#990,#995);
#990 = PLANE('',#991);
#991 = AXIS2_PLACEMENT_3D('',#992,#993,#994);
#992 = CARTESIAN_POINT('',(220.,0.,0.));
#993 = DIRECTION('',(1.,0.,0.));
#994 = DIRECTION('',(0.,0.,1.));
#995 = DEFINITIONAL_REPRESENTATION('',(#996),#1000);
#996 = LINE('',#997,#998);
#997 = CARTESIAN_POINT('',(0.,0.));
#998 = VECTOR('',#999,1.);
#999 = DIRECTION('',(0.,-1.));
#1000 = ( GEOMETRIC_REPRESENTATION_CONTEXT(2) 
PARAMETRIC_REPRESENTATION_CONTEXT() REPRESENTATION_CONTEXT('2D SPACE',''
  ) );
#1001 = ADVANCED_FACE('',(#1002),#72,.T.);
#1002 = FACE_BOUND('',#1003,.T.);
#1003 = EDGE_LOOP('',(#1004,#1027,#1028,#1029,#1057));
#1004 = ORIENTED_EDGE('',*,*,#1005,.F.);
#1005 = EDGE_CURVE('',#876,#1006,#1008,.T.);
#1006 = VERTEX_POINT('',#1007);
#1007 = CARTESIAN_POINT('',(155.,-3.,18.));
#1008 = SURFACE_CURVE('',#1009,(#1013,#1020),.PCURVE_S1.);
#1009 = LINE('',#1010,#1011);
#1010 = CARTESIAN_POINT('',(155.,-3.,0.));
#1011 = VECTOR('',#1012,1.);
#1012 = DIRECTION('',(0.,0.,1.));
#1013 = PCURVE('',#72,#1014);
#1014 = DEFINITIONAL_REPRESENTATION('',(#1015),#1019);
#1015 = LINE('',#1016,#1017);
#1016 = CARTESIAN_POINT('',(0.,0.));
#1017 = VECTOR('',#1018,1.);
#1018 = DIRECTION('',(1.,0.));
#1019 = ( GEOMETRIC_REPRESENTATION_CONTEXT(2) 
PARAMETRIC_REPRESENTATION_CONTEXT() REPRESENTATION_CONTEXT('2D SPACE',''
  ) );
#1020 = PCURVE('',#891,#1021);
#1021 = DEFINITIONAL_REPRESENTATION('',(#1022),#1026);
#1022 = LINE('',#1023,#1024);
#1023 = CARTESIAN_POINT('',(0.,60.));
#1024 = VECTOR('',#1025,1.);
#1025 = DIRECTION('',(1.,0.));
#1026 = ( GEOMETRIC_REPRESENTATION_CONTEXT(2) 
PARAMETRIC_REPRESENTATION_CONTEXT() REPRESENTATION_CONTEXT('2D SPACE',''
  ) );
#1027 = ORIENTED_EDGE('',*,*,#903,.T.);
#1028 = ORIENTED_EDGE('',*,*,#56,.T.);
#1029 = ORIENTED_EDGE('',*,*,#1030,.T.);
#1030 = EDGE_CURVE('',#57,#1031,#1033,.T.);
#1031 = VERTEX_POINT('',#1032);
#1032 = CARTESIAN_POINT('',(155.,0.,18.));
#1033 = SURFACE_CURVE('',#1034,(#1038,#1045),.PCURVE_S1.);
#1034 = LINE('',#1035,#1036);
#1035 = CARTESIAN_POINT('',(155.,0.,0.));
#1036 = VECTOR('',#1037,1.);
#1037 = DIRECTION('',(0.,0.,1.));
#1038 = PCURVE('',#72,#1039);
#1039 = DEFINITIONAL_REPRESENTATION('',(#1040),#1044);
#1040 = LINE('',#1041,#1042);
#1041 = CARTESIAN_POINT('',(0.,-3.));
#1042 = VECTOR('',#1043,1.);
#1043 = DIRECTION('',(1.,0.));
#1044 = ( GEOMETRIC_REPRESENTATION_CONTEXT(2) 
PARAMETRIC_REPRESENTATION_CONTEXT() REPRESENTATION_CONTEXT('2D SPACE',''
  ) );
#1045 = PCURVE('',#1046,#1051);
#1046 = PLANE('',#1047);
#1047 = AXIS2_PLACEMENT_3D('',#1048,#1049,#1050);
#1048 = CARTESIAN_POINT('',(95.,0.,0.));
#1049 = DIRECTION('',(0.,1.,0.));
#1050 = DIRECTION('',(0.,0.,1.));
#1051 = DEFINITIONAL_REPRESENTATION('',(#1052),#1056);
#1052 = LINE('',#1053,#1054);
#1053 = CARTESIAN_POINT('',(0.,60.));
#1054 = VECTOR('',#1055,1.);
#1055 = DIRECTION('',(1.,0.));
#1056 = ( GEOMETRIC_REPRESENTATION_CONTEXT(2) 
PARAMETRIC_REPRESENTATION_CONTEXT() REPRESENTATION_CONTEXT('2D SPACE',''
  ) );
#1057 = ORIENTED_EDGE('',*,*,#1058,.F.);
#1058 = EDGE_CURVE('',#1006,#1031,#1059,.T.);
#1059 = SURFACE_CURVE('',#1060,(#1064,#1071),.PCURVE_S1.);
#1060 = LINE('',#1061,#1062);
#1061 = CARTESIAN_POINT('',(155.,-3.,18.));
#1062 = VECTOR('',#1063,1.);
#1063 = DIRECTION('',(0.,1.,0.));
#1064 = PCURVE('',#72,#1065);
#1065 = DEFINITIONAL_REPRESENTATION('',(#1066),#1070);
#1066 = LINE('',#1067,#1068);
#1067 = CARTESIAN_POINT('',(18.,0.));
#1068 = VECTOR('',#1069,1.);
#1069 = DIRECTION('',(0.,-1.));
#1070 = ( GEOMETRIC_REPRESENTATION_CONTEXT(2) 
PARAMETRIC_REPRESENTATION_CONTEXT() REPRESENTATION_CONTEXT('2D SPACE',''
  ) );
#1071 = PCURVE('',#1072,#1077);
#1072 = PLANE('',#1073);
#1073 = AXIS2_PLACEMENT_3D('',#1074,#1075,#1076);
#1074 = CARTESIAN_POINT('',(95.,-3.,18.));
#1075 = DIRECTION('',(0.,0.,1.));
#1076 = DIRECTION('',(1.,0.,0.));
#1077 = DEFINITIONAL_REPRESENTATION('',(#1078),#1082);
#1078 = LINE('',#1079,#1080);
#1079 = CARTESIAN_POINT('',(60.,0.));
#1080 = VECTOR('',#1081,1.);
#1081 = DIRECTION('',(0.,1.));
#1082 = ( GEOMETRIC_REPRESENTATION_CONTEXT(2) 
PARAMETRIC_REPRESENTATION_CONTEXT() REPRESENTATION_CONTEXT('2D SPACE',''
  ) );
#1083 = ADVANCED_FACE('',(#1084,#1427),#100,.T.);
#1084 = FACE_BOUND('',#1085,.T.);
#1085 = EDGE_LOOP('',(#1086,#1116,#1139,#1160,#1161,#1184,#1212,#1240,
    #1266,#1294,#1322,#1345,#1373,#1401));
#1086 = ORIENTED_EDGE('',*,*,#1087,.F.);
#1087 = EDGE_CURVE('',#1088,#1090,#1092,.T.);
#1088 = VERTEX_POINT('',#1089);
#1089 = CARTESIAN_POINT('',(95.,217.5,15.));
#1090 = VERTEX_POINT('',#1091);
#1091 = CARTESIAN_POINT('',(147.,217.5,15.));
#1092 = SURFACE_CURVE('',#1093,(#1097,#1104),.PCURVE_S1.);
#1093 = LINE('',#1094,#1095);
#1094 = CARTESIAN_POINT('',(95.,217.5,15.));
#1095 = VECTOR('',#1096,1.);
#1096 = DIRECTION('',(1.,0.,0.));
#1097 = PCURVE('',#100,#1098);
#1098 = DEFINITIONAL_REPRESENTATION('',(#1099),#1103);
#1099 = LINE('',#1100,#1101);
#1100 = CARTESIAN_POINT('',(0.,217.5));
#1101 = VECTOR('',#1102,1.);
#1102 = DIRECTION('',(1.,0.));
#1103 = ( GEOMETRIC_REPRESENTATION_CONTEXT(2) 
PARAMETRIC_REPRESENTATION_CONTEXT() REPRESENTATION_CONTEXT('2D SPACE',''
  ) );
#1104 = PCURVE('',#1105,#1110);
#1105 = PLANE('',#1106);
#1106 = AXIS2_PLACEMENT_3D('',#1107,#1108,#1109);
#1107 = CARTESIAN_POINT('',(215.,217.5,0.));
#1108 = DIRECTION('',(0.,1.,0.));
#1109 = DIRECTION('',(0.,0.,1.));
#1110 = DEFINITIONAL_REPRESENTATION('',(#1111),#1115);
#1111 = LINE('',#1112,#1113);
#1112 = CARTESIAN_POINT('',(15.,-120.));
#1113 = VECTOR('',#1114,1.);
#1114 = DIRECTION('',(0.,1.));
#1115 = ( GEOMETRIC_REPRESENTATION_CONTEXT(2) 
PARAMETRIC_REPRESENTATION_CONTEXT() REPRESENTATION_CONTEXT('2D SPACE',''
  ) );
#1116 = ORIENTED_EDGE('',*,*,#1117,.F.);
#1117 = EDGE_CURVE('',#1118,#1088,#1120,.T.);
#1118 = VERTEX_POINT('',#1119);
#1119 = CARTESIAN_POINT('',(95.,0.,15.));
#1120 = SURFACE_CURVE('',#1121,(#1125,#1132),.PCURVE_S1.);
#1121 = LINE('',#1122,#1123);
#1122 = CARTESIAN_POINT('',(95.,0.,15.));
#1123 = VECTOR('',#1124,1.);
#1124 = DIRECTION('',(0.,1.,0.));
#1125 = PCURVE('',#100,#1126);
#1126 = DEFINITIONAL_REPRESENTATION('',(#1127),#1131);
#1127 = LINE('',#1128,#1129);
#1128 = CARTESIAN_POINT('',(0.,0.));
#1129 = VECTOR('',#1130,1.);
#1130 = DIRECTION('',(0.,1.));
#1131 = ( GEOMETRIC_REPRESENTATION_CONTEXT(2) 
PARAMETRIC_REPRESENTATION_CONTEXT() REPRESENTATION_CONTEXT('2D SPACE',''
  ) );
#1132 = PCURVE('',#863,#1133);
#1133 = DEFINITIONAL_REPRESENTATION('',(#1134),#1138);
#1134 = LINE('',#1135,#1136);
#1135 = CARTESIAN_POINT('',(15.,0.));
#1136 = VECTOR('',#1137,1.);
#1137 = DIRECTION('',(0.,-1.));
#1138 = ( GEOMETRIC_REPRESENTATION_CONTEXT(2) 
PARAMETRIC_REPRESENTATION_CONTEXT() REPRESENTATION_CONTEXT('2D SPACE',''
  ) );
#1139 = ORIENTED_EDGE('',*,*,#1140,.T.);
#1140 = EDGE_CURVE('',#1118,#57,#1141,.T.);
#1141 = SURFACE_CURVE('',#1142,(#1146,#1153),.PCURVE_S1.);
#1142 = LINE('',#1143,#1144);
#1143 = CARTESIAN_POINT('',(95.,0.,15.));
#1144 = VECTOR('',#1145,1.);
#1145 = DIRECTION('',(1.,0.,0.));
#1146 = PCURVE('',#100,#1147);
#1147 = DEFINITIONAL_REPRESENTATION('',(#1148),#1152);
#1148 = LINE('',#1149,#1150);
#1149 = CARTESIAN_POINT('',(0.,0.));
#1150 = VECTOR('',#1151,1.);
#1151 = DIRECTION('',(1.,0.));
#1152 = ( GEOMETRIC_REPRESENTATION_CONTEXT(2) 
PARAMETRIC_REPRESENTATION_CONTEXT() REPRESENTATION_CONTEXT('2D SPACE',''
  ) );
#1153 = PCURVE('',#1046,#1154);
#1154 = DEFINITIONAL_REPRESENTATION('',(#1155),#1159);
#1155 = LINE('',#1156,#1157);
#1156 = CARTESIAN_POINT('',(15.,0.));
#1157 = VECTOR('',#1158,1.);
#1158 = DIRECTION('',(0.,1.));
#1159 = ( GEOMETRIC_REPRESENTATION_CONTEXT(2) 
PARAMETRIC_REPRESENTATION_CONTEXT() REPRESENTATION_CONTEXT('2D SPACE',''
  ) );
#1160 = ORIENTED_EDGE('',*,*,#84,.T.);
#1161 = ORIENTED_EDGE('',*,*,#1162,.F.);
#1162 = EDGE_CURVE('',#1163,#85,#1165,.T.);
#1163 = VERTEX_POINT('',#1164);
#1164 = CARTESIAN_POINT('',(158.2,20.,15.));
#1165 = SURFACE_CURVE('',#1166,(#1170,#1177),.PCURVE_S1.);
#1166 = LINE('',#1167,#1168);
#1167 = CARTESIAN_POINT('',(158.2,20.,15.));
#1168 = VECTOR('',#1169,1.);
#1169 = DIRECTION('',(0.,-1.,0.));
#1170 = PCURVE('',#100,#1171);
#1171 = DEFINITIONAL_REPRESENTATION('',(#1172),#1176);
#1172 = LINE('',#1173,#1174);
#1173 = CARTESIAN_POINT('',(63.2,20.));
#1174 = VECTOR('',#1175,1.);
#1175 = DIRECTION('',(0.,-1.));
#1176 = ( GEOMETRIC_REPRESENTATION_CONTEXT(2) 
PARAMETRIC_REPRESENTATION_CONTEXT() REPRESENTATION_CONTEXT('2D SPACE',''
  ) );
#1177 = PCURVE('',#128,#1178);
#1178 = DEFINITIONAL_REPRESENTATION('',(#1179),#1183);
#1179 = LINE('',#1180,#1181);
#1180 = CARTESIAN_POINT('',(15.,-20.));
#1181 = VECTOR('',#1182,1.);
#1182 = DIRECTION('',(0.,1.));
#1183 = ( GEOMETRIC_REPRESENTATION_CONTEXT(2) 
PARAMETRIC_REPRESENTATION_CONTEXT() REPRESENTATION_CONTEXT('2D SPACE',''
  ) );
#1184 = ORIENTED_EDGE('',*,*,#1185,.T.);
#1185 = EDGE_CURVE('',#1163,#1186,#1188,.T.);
#1186 = VERTEX_POINT('',#1187);
#1187 = CARTESIAN_POINT('',(162.2,20.,15.));
#1188 = SURFACE_CURVE('',#1189,(#1193,#1200),.PCURVE_S1.);
#1189 = LINE('',#1190,#1191);
#1190 = CARTESIAN_POINT('',(158.2,20.,15.));
#1191 = VECTOR('',#1192,1.);
#1192 = DIRECTION('',(1.,0.,0.));
#1193 = PCURVE('',#100,#1194);
#1194 = DEFINITIONAL_REPRESENTATION('',(#1195),#1199);
#1195 = LINE('',#1196,#1197);
#1196 = CARTESIAN_POINT('',(63.2,20.));
#1197 = VECTOR('',#1198,1.);
#1198 = DIRECTION('',(1.,0.));
#1199 = ( GEOMETRIC_REPRESENTATION_CONTEXT(2) 
PARAMETRIC_REPRESENTATION_CONTEXT() REPRESENTATION_CONTEXT('2D SPACE',''
  ) );
#1200 = PCURVE('',#1201,#1206);
#1201 = PLANE('',#1202);
#1202 = AXIS2_PLACEMENT_3D('',#1203,#1204,#1205);
#1203 = CARTESIAN_POINT('',(158.2,20.,15.));
#1204 = DIRECTION('',(0.,1.,0.));
#1205 = DIRECTION('',(0.,0.,1.));
#1206 = DEFINITIONAL_REPRESENTATION('',(#1207),#1211);
#1207 = LINE('',#1208,#1209);
#1208 = CARTESIAN_POINT('',(0.,0.));
#1209 = VECTOR('',#1210,1.);
#1210 = DIRECTION('',(0.,1.));
#1211 = ( GEOMETRIC_REPRESENTATION_CONTEXT(2) 
PARAMETRIC_REPRESENTATION_CONTEXT() REPRESENTATION_CONTEXT('2D SPACE',''
  ) );
#1212 = ORIENTED_EDGE('',*,*,#1213,.F.);
#1213 = EDGE_CURVE('',#1214,#1186,#1216,.T.);
#1214 = VERTEX_POINT('',#1215);
#1215 = CARTESIAN_POINT('',(162.2,6.,15.));
#1216 = SURFACE_CURVE('',#1217,(#1221,#1228),.PCURVE_S1.);
#1217 = LINE('',#1218,#1219);
#1218 = CARTESIAN_POINT('',(162.2,0.,15.));
#1219 = VECTOR('',#1220,1.);
#1220 = DIRECTION('',(0.,1.,0.));
#1221 = PCURVE('',#100,#1222);
#1222 = DEFINITIONAL_REPRESENTATION('',(#1223),#1227);
#1223 = LINE('',#1224,#1225);
#1224 = CARTESIAN_POINT('',(67.2,0.));
#1225 = VECTOR('',#1226,1.);
#1226 = DIRECTION('',(0.,1.));
#1227 = ( GEOMETRIC_REPRESENTATION_CONTEXT(2) 
PARAMETRIC_REPRESENTATION_CONTEXT() REPRESENTATION_CONTEXT('2D SPACE',''
  ) );
#1228 = PCURVE('',#1229,#1234);
#1229 = PLANE('',#1230);
#1230 = AXIS2_PLACEMENT_3D('',#1231,#1232,#1233);
#1231 = CARTESIAN_POINT('',(162.2,0.,15.));
#1232 = DIRECTION('',(1.,0.,0.));
#1233 = DIRECTION('',(0.,0.,1.));
#1234 = DEFINITIONAL_REPRESENTATION('',(#1235),#1239);
#1235 = LINE('',#1236,#1237);
#1236 = CARTESIAN_POINT('',(0.,0.));
#1237 = VECTOR('',#1238,1.);
#1238 = DIRECTION('',(0.,-1.));
#1239 = ( GEOMETRIC_REPRESENTATION_CONTEXT(2) 
PARAMETRIC_REPRESENTATION_CONTEXT() REPRESENTATION_CONTEXT('2D SPACE',''
  ) );
#1240 = ORIENTED_EDGE('',*,*,#1241,.T.);
#1241 = EDGE_CURVE('',#1214,#1242,#1244,.T.);
#1242 = VERTEX_POINT('',#1243);
#1243 = CARTESIAN_POINT('',(205.,6.,15.));
#1244 = SURFACE_CURVE('',#1245,(#1249,#1255),.PCURVE_S1.);
#1245 = LINE('',#1246,#1247);
#1246 = CARTESIAN_POINT('',(126.6,6.,15.));
#1247 = VECTOR('',#1248,1.);
#1248 = DIRECTION('',(1.,0.,0.));
#1249 = PCURVE('',#100,#1250);
#1250 = DEFINITIONAL_REPRESENTATION('',(#1251),#1254);
#1251 = B_SPLINE_CURVE_WITH_KNOTS('',1,(#1252,#1253),.UNSPECIFIED.,.F.,
  .F.,(2,2),(31.6,88.4),.PIECEWISE_BEZIER_KNOTS.);
#1252 = CARTESIAN_POINT('',(63.2,6.));
#1253 = CARTESIAN_POINT('',(120.,6.));
#1254 = ( GEOMETRIC_REPRESENTATION_CONTEXT(2) 
PARAMETRIC_REPRESENTATION_CONTEXT() REPRESENTATION_CONTEXT('2D SPACE',''
  ) );
#1255 = PCURVE('',#1256,#1261);
#1256 = PLANE('',#1257);
#1257 = AXIS2_PLACEMENT_3D('',#1258,#1259,#1260);
#1258 = CARTESIAN_POINT('',(158.2,6.,0.));
#1259 = DIRECTION('',(0.,1.,0.));
#1260 = DIRECTION('',(0.,0.,1.));
#1261 = DEFINITIONAL_REPRESENTATION('',(#1262),#1265);
#1262 = B_SPLINE_CURVE_WITH_KNOTS('',1,(#1263,#1264),.UNSPECIFIED.,.F.,
  .F.,(2,2),(31.6,88.4),.PIECEWISE_BEZIER_KNOTS.);
#1263 = CARTESIAN_POINT('',(15.,0.));
#1264 = CARTESIAN_POINT('',(15.,56.8));
#1265 = ( GEOMETRIC_REPRESENTATION_CONTEXT(2) 
PARAMETRIC_REPRESENTATION_CONTEXT() REPRESENTATION_CONTEXT('2D SPACE',''
  ) );
#1266 = ORIENTED_EDGE('',*,*,#1267,.T.);
#1267 = EDGE_CURVE('',#1242,#1268,#1270,.T.);
#1268 = VERTEX_POINT('',#1269);
#1269 = CARTESIAN_POINT('',(205.,12.,15.));
#1270 = SURFACE_CURVE('',#1271,(#1275,#1282),.PCURVE_S1.);
#1271 = LINE('',#1272,#1273);
#1272 = CARTESIAN_POINT('',(205.,0.,15.));
#1273 = VECTOR('',#1274,1.);
#1274 = DIRECTION('',(-0.,1.,-0.));
#1275 = PCURVE('',#100,#1276);
#1276 = DEFINITIONAL_REPRESENTATION('',(#1277),#1281);
#1277 = LINE('',#1278,#1279);
#1278 = CARTESIAN_POINT('',(110.,0.));
#1279 = VECTOR('',#1280,1.);
#1280 = DIRECTION('',(0.,1.));
#1281 = ( GEOMETRIC_REPRESENTATION_CONTEXT(2) 
PARAMETRIC_REPRESENTATION_CONTEXT() REPRESENTATION_CONTEXT('2D SPACE',''
  ) );
#1282 = PCURVE('',#1283,#1288);
#1283 = PLANE('',#1284);
#1284 = AXIS2_PLACEMENT_3D('',#1285,#1286,#1287);
#1285 = CARTESIAN_POINT('',(205.,6.,15.));
#1286 = DIRECTION('',(1.,0.,0.));
#1287 = DIRECTION('',(0.,0.,1.));
#1288 = DEFINITIONAL_REPRESENTATION('',(#1289),#1293);
#1289 = LINE('',#1290,#1291);
#1290 = CARTESIAN_POINT('',(0.,6.));
#1291 = VECTOR('',#1292,1.);
#1292 = DIRECTION('',(0.,-1.));
#1293 = ( GEOMETRIC_REPRESENTATION_CONTEXT(2) 
PARAMETRIC_REPRESENTATION_CONTEXT() REPRESENTATION_CONTEXT('2D SPACE',''
  ) );
#1294 = ORIENTED_EDGE('',*,*,#1295,.T.);
#1295 = EDGE_CURVE('',#1268,#1296,#1298,.T.);
#1296 = VERTEX_POINT('',#1297);
#1297 = CARTESIAN_POINT('',(205.,217.5,15.));
#1298 = SURFACE_CURVE('',#1299,(#1303,#1310),.PCURVE_S1.);
#1299 = LINE('',#1300,#1301);
#1300 = CARTESIAN_POINT('',(205.,0.,15.));
#1301 = VECTOR('',#1302,1.);
#1302 = DIRECTION('',(-0.,1.,-0.));
#1303 = PCURVE('',#100,#1304);
#1304 = DEFINITIONAL_REPRESENTATION('',(#1305),#1309);
#1305 = LINE('',#1306,#1307);
#1306 = CARTESIAN_POINT('',(110.,0.));
#1307 = VECTOR('',#1308,1.);
#1308 = DIRECTION('',(0.,1.));
#1309 = ( GEOMETRIC_REPRESENTATION_CONTEXT(2) 
PARAMETRIC_REPRESENTATION_CONTEXT() REPRESENTATION_CONTEXT('2D SPACE',''
  ) );
#1310 = PCURVE('',#1311,#1316);
#1311 = PLANE('',#1312);
#1312 = AXIS2_PLACEMENT_3D('',#1313,#1314,#1315);
#1313 = CARTESIAN_POINT('',(215.,0.,25.));
#1314 = DIRECTION('',(-0.707106781187,0.,0.707106781187));
#1315 = DIRECTION('',(-0.707106781187,0.,-0.707106781187));
#1316 = DEFINITIONAL_REPRESENTATION('',(#1317),#1321);
#1317 = LINE('',#1318,#1319);
#1318 = CARTESIAN_POINT('',(14.142135623731,0.));
#1319 = VECTOR('',#1320,1.);
#1320 = DIRECTION('',(0.,-1.));
#1321 = ( GEOMETRIC_REPRESENTATION_CONTEXT(2) 
PARAMETRIC_REPRESENTATION_CONTEXT() REPRESENTATION_CONTEXT('2D SPACE',''
  ) );
#1322 = ORIENTED_EDGE('',*,*,#1323,.F.);
#1323 = EDGE_CURVE('',#1324,#1296,#1326,.T.);
#1324 = VERTEX_POINT('',#1325);
#1325 = CARTESIAN_POINT('',(155.,217.5,15.));
#1326 = SURFACE_CURVE('',#1327,(#1331,#1338),.PCURVE_S1.);
#1327 = LINE('',#1328,#1329);
#1328 = CARTESIAN_POINT('',(95.,217.5,15.));
#1329 = VECTOR('',#1330,1.);
#1330 = DIRECTION('',(1.,0.,0.));
#1331 = PCURVE('',#100,#1332);
#1332 = DEFINITIONAL_REPRESENTATION('',(#1333),#1337);
#1333 = LINE('',#1334,#1335);
#1334 = CARTESIAN_POINT('',(0.,217.5));
#1335 = VECTOR('',#1336,1.);
#1336 = DIRECTION('',(1.,0.));
#1337 = ( GEOMETRIC_REPRESENTATION_CONTEXT(2) 
PARAMETRIC_REPRESENTATION_CONTEXT() REPRESENTATION_CONTEXT('2D SPACE',''
  ) );
#1338 = PCURVE('',#1105,#1339);
#1339 = DEFINITIONAL_REPRESENTATION('',(#1340),#1344);
#1340 = LINE('',#1341,#1342);
#1341 = CARTESIAN_POINT('',(15.,-120.));
#1342 = VECTOR('',#1343,1.);
#1343 = DIRECTION('',(0.,1.));
#1344 = ( GEOMETRIC_REPRESENTATION_CONTEXT(2) 
PARAMETRIC_REPRESENTATION_CONTEXT() REPRESENTATION_CONTEXT('2D SPACE',''
  ) );
#1345 = ORIENTED_EDGE('',*,*,#1346,.F.);
#1346 = EDGE_CURVE('',#1347,#1324,#1349,.T.);
#1347 = VERTEX_POINT('',#1348);
#1348 = CARTESIAN_POINT('',(155.,210.5,15.));
#1349 = SURFACE_CURVE('',#1350,(#1354,#1361),.PCURVE_S1.);
#1350 = LINE('',#1351,#1352);
#1351 = CARTESIAN_POINT('',(155.,210.5,15.));
#1352 = VECTOR('',#1353,1.);
#1353 = DIRECTION('',(0.,1.,0.));
#1354 = PCURVE('',#100,#1355);
#1355 = DEFINITIONAL_REPRESENTATION('',(#1356),#1360);
#1356 = LINE('',#1357,#1358);
#1357 = CARTESIAN_POINT('',(60.,210.5));
#1358 = VECTOR('',#1359,1.);
#1359 = DIRECTION('',(0.,1.));
#1360 = ( GEOMETRIC_REPRESENTATION_CONTEXT(2) 
PARAMETRIC_REPRESENTATION_CONTEXT() REPRESENTATION_CONTEXT('2D SPACE',''
  ) );
#1361 = PCURVE('',#1362,#1367);
#1362 = PLANE('',#1363);
#1363 = AXIS2_PLACEMENT_3D('',#1364,#1365,#1366);
#1364 = CARTESIAN_POINT('',(155.,210.5,15.));
#1365 = DIRECTION('',(1.,0.,0.));
#1366 = DIRECTION('',(0.,0.,1.));
#1367 = DEFINITIONAL_REPRESENTATION('',(#1368),#1372);
#1368 = LINE('',#1369,#1370);
#1369 = CARTESIAN_POINT('',(0.,0.));
#1370 = VECTOR('',#1371,1.);
#1371 = DIRECTION('',(0.,-1.));
#1372 = ( GEOMETRIC_REPRESENTATION_CONTEXT(2) 
PARAMETRIC_REPRESENTATION_CONTEXT() REPRESENTATION_CONTEXT('2D SPACE',''
  ) );
#1373 = ORIENTED_EDGE('',*,*,#1374,.F.);
#1374 = EDGE_CURVE('',#1375,#1347,#1377,.T.);
#1375 = VERTEX_POINT('',#1376);
#1376 = CARTESIAN_POINT('',(147.,210.5,15.));
#1377 = SURFACE_CURVE('',#1378,(#1382,#1389),.PCURVE_S1.);
#1378 = LINE('',#1379,#1380);
#1379 = CARTESIAN_POINT('',(147.,210.5,15.));
#1380 = VECTOR('',#1381,1.);
#1381 = DIRECTION('',(1.,0.,0.));
#1382 = PCURVE('',#100,#1383);
#1383 = DEFINITIONAL_REPRESENTATION('',(#1384),#1388);
#1384 = LINE('',#1385,#1386);
#1385 = CARTESIAN_POINT('',(52.,210.5));
#1386 = VECTOR('',#1387,1.);
#1387 = DIRECTION('',(1.,0.));
#1388 = ( GEOMETRIC_REPRESENTATION_CONTEXT(2) 
PARAMETRIC_REPRESENTATION_CONTEXT() REPRESENTATION_CONTEXT('2D SPACE',''
  ) );
#1389 = PCURVE('',#1390,#1395);
#1390 = PLANE('',#1391);
#1391 = AXIS2_PLACEMENT_3D('',#1392,#1393,#1394);
#1392 = CARTESIAN_POINT('',(147.,210.5,15.));
#1393 = DIRECTION('',(0.,1.,0.));
#1394 = DIRECTION('',(0.,0.,1.));
#1395 = DEFINITIONAL_REPRESENTATION('',(#1396),#1400);
#1396 = LINE('',#1397,#1398);
#1397 = CARTESIAN_POINT('',(0.,0.));
#1398 = VECTOR('',#1399,1.);
#1399 = DIRECTION('',(0.,1.));
#1400 = ( GEOMETRIC_REPRESENTATION_CONTEXT(2) 
PARAMETRIC_REPRESENTATION_CONTEXT() REPRESENTATION_CONTEXT('2D SPACE',''
  ) );
#1401 = ORIENTED_EDGE('',*,*,#1402,.T.);
#1402 = EDGE_CURVE('',#1375,#1090,#1403,.T.);
#1403 = SURFACE_CURVE('',#1404,(#1408,#1415),.PCURVE_S1.);
#1404 = LINE('',#1405,#1406);
#1405 = CARTESIAN_POINT('',(147.,210.5,15.));
#1406 = VECTOR('',#1407,1.);
#1407 = DIRECTION('',(0.,1.,0.));
#1408 = PCURVE('',#100,#1409);
#1409 = DEFINITIONAL_REPRESENTATION('',(#1410),#1414);
#1410 = LINE('',#1411,#1412);
#1411 = CARTESIAN_POINT('',(52.,210.5));
#1412 = VECTOR('',#1413,1.);
#1413 = DIRECTION('',(0.,1.));
#1414 = ( GEOMETRIC_REPRESENTATION_CONTEXT(2) 
PARAMETRIC_REPRESENTATION_CONTEXT() REPRESENTATION_CONTEXT('2D SPACE',''
  ) );
#1415 = PCURVE('',#1416,#1421);
#1416 = PLANE('',#1417);
#1417 = AXIS2_PLACEMENT_3D('',#1418,#1419,#1420);
#1418 = CARTESIAN_POINT('',(147.,210.5,15.));
#1419 = DIRECTION('',(1.,0.,0.));
#1420 = DIRECTION('',(0.,0.,1.));
#1421 = DEFINITIONAL_REPRESENTATION('',(#1422),#1426);
#1422 = LINE('',#1423,#1424);
#1423 = CARTESIAN_POINT('',(0.,0.));
#1424 = VECTOR('',#1425,1.);
#1425 = DIRECTION('',(0.,-1.));
#1426 = ( GEOMETRIC_REPRESENTATION_CONTEXT(2) 
PARAMETRIC_REPRESENTATION_CONTEXT() REPRESENTATION_CONTEXT('2D SPACE',''
  ) );
#1427 = FACE_BOUND('',#1428,.T.);
#1428 = EDGE_LOOP('',(#1429,#1459,#1487,#1515));
#1429 = ORIENTED_EDGE('',*,*,#1430,.T.);
#1430 = EDGE_CURVE('',#1431,#1433,#1435,.T.);
#1431 = VERTEX_POINT('',#1432);
#1432 = CARTESIAN_POINT('',(158.2,190.,15.));
#1433 = VERTEX_POINT('',#1434);
#1434 = CARTESIAN_POINT('',(158.2,210.,15.));
#1435 = SURFACE_CURVE('',#1436,(#1440,#1447),.PCURVE_S1.);
#1436 = LINE('',#1437,#1438);
#1437 = CARTESIAN_POINT('',(158.2,190.,15.));
#1438 = VECTOR('',#1439,1.);
#1439 = DIRECTION('',(0.,1.,0.));
#1440 = PCURVE('',#100,#1441);
#1441 = DEFINITIONAL_REPRESENTATION('',(#1442),#1446);
#1442 = LINE('',#1443,#1444);
#1443 = CARTESIAN_POINT('',(63.2,190.));
#1444 = VECTOR('',#1445,1.);
#1445 = DIRECTION('',(0.,1.));
#1446 = ( GEOMETRIC_REPRESENTATION_CONTEXT(2) 
PARAMETRIC_REPRESENTATION_CONTEXT() REPRESENTATION_CONTEXT('2D SPACE',''
  ) );
#1447 = PCURVE('',#1448,#1453);
#1448 = PLANE('',#1449);
#1449 = AXIS2_PLACEMENT_3D('',#1450,#1451,#1452);
#1450 = CARTESIAN_POINT('',(158.2,190.,15.));
#1451 = DIRECTION('',(1.,0.,0.));
#1452 = DIRECTION('',(0.,0.,1.));
#1453 = DEFINITIONAL_REPRESENTATION('',(#1454),#1458);
#1454 = LINE('',#1455,#1456);
#1455 = CARTESIAN_POINT('',(0.,0.));
#1456 = VECTOR('',#1457,1.);
#1457 = DIRECTION('',(0.,-1.));
#1458 = ( GEOMETRIC_REPRESENTATION_CONTEXT(2) 
PARAMETRIC_REPRESENTATION_CONTEXT() REPRESENTATION_CONTEXT('2D SPACE',''
  ) );
#1459 = ORIENTED_EDGE('',*,*,#1460,.T.);
#1460 = EDGE_CURVE('',#1433,#1461,#1463,.T.);
#1461 = VERTEX_POINT('',#1462);
#1462 = CARTESIAN_POINT('',(162.2,210.,15.));
#1463 = SURFACE_CURVE('',#1464,(#1468,#1475),.PCURVE_S1.);
#1464 = LINE('',#1465,#1466);
#1465 = CARTESIAN_POINT('',(158.2,210.,15.));
#1466 = VECTOR('',#1467,1.);
#1467 = DIRECTION('',(1.,0.,0.));
#1468 = PCURVE('',#100,#1469);
#1469 = DEFINITIONAL_REPRESENTATION('',(#1470),#1474);
#1470 = LINE('',#1471,#1472);
#1471 = CARTESIAN_POINT('',(63.2,210.));
#1472 = VECTOR('',#1473,1.);
#1473 = DIRECTION('',(1.,0.));
#1474 = ( GEOMETRIC_REPRESENTATION_CONTEXT(2) 
PARAMETRIC_REPRESENTATION_CONTEXT() REPRESENTATION_CONTEXT('2D SPACE',''
  ) );
#1475 = PCURVE('',#1476,#1481);
#1476 = PLANE('',#1477);
#1477 = AXIS2_PLACEMENT_3D('',#1478,#1479,#1480);
#1478 = CARTESIAN_POINT('',(158.2,210.,15.));
#1479 = DIRECTION('',(0.,1.,0.));
#1480 = DIRECTION('',(0.,0.,1.));
#1481 = DEFINITIONAL_REPRESENTATION('',(#1482),#1486);
#1482 = LINE('',#1483,#1484);
#1483 = CARTESIAN_POINT('',(0.,0.));
#1484 = VECTOR('',#1485,1.);
#1485 = DIRECTION('',(0.,1.));
#1486 = ( GEOMETRIC_REPRESENTATION_CONTEXT(2) 
PARAMETRIC_REPRESENTATION_CONTEXT() REPRESENTATION_CONTEXT('2D SPACE',''
  ) );
#1487 = ORIENTED_EDGE('',*,*,#1488,.F.);
#1488 = EDGE_CURVE('',#1489,#1461,#1491,.T.);
#1489 = VERTEX_POINT('',#1490);
#1490 = CARTESIAN_POINT('',(162.2,190.,15.));
#1491 = SURFACE_CURVE('',#1492,(#1496,#1503),.PCURVE_S1.);
#1492 = LINE('',#1493,#1494);
#1493 = CARTESIAN_POINT('',(162.2,190.,15.));
#1494 = VECTOR('',#1495,1.);
#1495 = DIRECTION('',(0.,1.,0.));
#1496 = PCURVE('',#100,#1497);
#1497 = DEFINITIONAL_REPRESENTATION('',(#1498),#1502);
#1498 = LINE('',#1499,#1500);
#1499 = CARTESIAN_POINT('',(67.2,190.));
#1500 = VECTOR('',#1501,1.);
#1501 = DIRECTION('',(0.,1.));
#1502 = ( GEOMETRIC_REPRESENTATION_CONTEXT(2) 
PARAMETRIC_REPRESENTATION_CONTEXT() REPRESENTATION_CONTEXT('2D SPACE',''
  ) );
#1503 = PCURVE('',#1504,#1509);
#1504 = PLANE('',#1505);
#1505 = AXIS2_PLACEMENT_3D('',#1506,#1507,#1508);
#1506 = CARTESIAN_POINT('',(162.2,190.,15.));
#1507 = DIRECTION('',(1.,0.,0.));
#1508 = DIRECTION('',(0.,0.,1.));
#1509 = DEFINITIONAL_REPRESENTATION('',(#1510),#1514);
#1510 = LINE('',#1511,#1512);
#1511 = CARTESIAN_POINT('',(0.,0.));
#1512 = VECTOR('',#1513,1.);
#1513 = DIRECTION('',(0.,-1.));
#1514 = ( GEOMETRIC_REPRESENTATION_CONTEXT(2) 
PARAMETRIC_REPRESENTATION_CONTEXT() REPRESENTATION_CONTEXT('2D SPACE',''
  ) );
#1515 = ORIENTED_EDGE('',*,*,#1516,.F.);
#1516 = EDGE_CURVE('',#1431,#1489,#1517,.T.);
#1517 = SURFACE_CURVE('',#1518,(#1522,#1529),.PCURVE_S1.);
#1518 = LINE('',#1519,#1520);
#1519 = CARTESIAN_POINT('',(158.2,190.,15.));
#1520 = VECTOR('',#1521,1.);
#1521 = DIRECTION('',(1.,0.,0.));
#1522 = PCURVE('',#100,#1523);
#1523 = DEFINITIONAL_REPRESENTATION('',(#1524),#1528);
#1524 = LINE('',#1525,#1526);
#1525 = CARTESIAN_POINT('',(63.2,190.));
#1526 = VECTOR('',#1527,1.);
#1527 = DIRECTION('',(1.,0.));
#1528 = ( GEOMETRIC_REPRESENTATION_CONTEXT(2) 
PARAMETRIC_REPRESENTATION_CONTEXT() REPRESENTATION_CONTEXT('2D SPACE',''
  ) );
#1529 = PCURVE('',#1530,#1535);
#1530 = PLANE('',#1531);
#1531 = AXIS2_PLACEMENT_3D('',#1532,#1533,#1534);
#1532 = CARTESIAN_POINT('',(158.2,190.,15.));
#1533 = DIRECTION('',(0.,1.,0.));
#1534 = DIRECTION('',(0.,0.,1.));
#1535 = DEFINITIONAL_REPRESENTATION('',(#1536),#1540);
#1536 = LINE('',#1537,#1538);
#1537 = CARTESIAN_POINT('',(0.,0.));
#1538 = VECTOR('',#1539,1.);
#1539 = DIRECTION('',(0.,1.));
#1540 = ( GEOMETRIC_REPRESENTATION_CONTEXT(2) 
PARAMETRIC_REPRESENTATION_CONTEXT() REPRESENTATION_CONTEXT('2D SPACE',''
  ) );
#1541 = ADVANCED_FACE('',(#1542),#128,.F.);
#1542 = FACE_BOUND('',#1543,.F.);
#1543 = EDGE_LOOP('',(#1544,#1545,#1546,#1569,#1597,#1620));
#1544 = ORIENTED_EDGE('',*,*,#112,.T.);
#1545 = ORIENTED_EDGE('',*,*,#1162,.F.);
#1546 = ORIENTED_EDGE('',*,*,#1547,.T.);
#1547 = EDGE_CURVE('',#1163,#1548,#1550,.T.);
#1548 = VERTEX_POINT('',#1549);
#1549 = CARTESIAN_POINT('',(158.2,20.,20.));
#1550 = SURFACE_CURVE('',#1551,(#1555,#1562),.PCURVE_S1.);
#1551 = LINE('',#1552,#1553);
#1552 = CARTESIAN_POINT('',(158.2,20.,15.));
#1553 = VECTOR('',#1554,1.);
#1554 = DIRECTION('',(0.,0.,1.));
#1555 = PCURVE('',#128,#1556);
#1556 = DEFINITIONAL_REPRESENTATION('',(#1557),#1561);
#1557 = LINE('',#1558,#1559);
#1558 = CARTESIAN_POINT('',(15.,-20.));
#1559 = VECTOR('',#1560,1.);
#1560 = DIRECTION('',(1.,0.));
#1561 = ( GEOMETRIC_REPRESENTATION_CONTEXT(2) 
PARAMETRIC_REPRESENTATION_CONTEXT() REPRESENTATION_CONTEXT('2D SPACE',''
  ) );
#1562 = PCURVE('',#1201,#1563);
#1563 = DEFINITIONAL_REPRESENTATION('',(#1564),#1568);
#1564 = LINE('',#1565,#1566);
#1565 = CARTESIAN_POINT('',(0.,0.));
#1566 = VECTOR('',#1567,1.);
#1567 = DIRECTION('',(1.,0.));
#1568 = ( GEOMETRIC_REPRESENTATION_CONTEXT(2) 
PARAMETRIC_REPRESENTATION_CONTEXT() REPRESENTATION_CONTEXT('2D SPACE',''
  ) );
#1569 = ORIENTED_EDGE('',*,*,#1570,.F.);
#1570 = EDGE_CURVE('',#1571,#1548,#1573,.T.);
#1571 = VERTEX_POINT('',#1572);
#1572 = CARTESIAN_POINT('',(158.2,6.,20.));
#1573 = SURFACE_CURVE('',#1574,(#1578,#1585),.PCURVE_S1.);
#1574 = LINE('',#1575,#1576);
#1575 = CARTESIAN_POINT('',(158.2,0.,20.));
#1576 = VECTOR('',#1577,1.);
#1577 = DIRECTION('',(0.,1.,0.));
#1578 = PCURVE('',#128,#1579);
#1579 = DEFINITIONAL_REPRESENTATION('',(#1580),#1584);
#1580 = LINE('',#1581,#1582);
#1581 = CARTESIAN_POINT('',(20.,0.));
#1582 = VECTOR('',#1583,1.);
#1583 = DIRECTION('',(0.,-1.));
#1584 = ( GEOMETRIC_REPRESENTATION_CONTEXT(2) 
PARAMETRIC_REPRESENTATION_CONTEXT() REPRESENTATION_CONTEXT('2D SPACE',''
  ) );
#1585 = PCURVE('',#1586,#1591);
#1586 = PLANE('',#1587);
#1587 = AXIS2_PLACEMENT_3D('',#1588,#1589,#1590);
#1588 = CARTESIAN_POINT('',(158.2,0.,20.));
#1589 = DIRECTION('',(0.,0.,1.));
#1590 = DIRECTION('',(1.,0.,0.));
#1591 = DEFINITIONAL_REPRESENTATION('',(#1592),#1596);
#1592 = LINE('',#1593,#1594);
#1593 = CARTESIAN_POINT('',(0.,0.));
#1594 = VECTOR('',#1595,1.);
#1595 = DIRECTION('',(0.,1.));
#1596 = ( GEOMETRIC_REPRESENTATION_CONTEXT(2) 
PARAMETRIC_REPRESENTATION_CONTEXT() REPRESENTATION_CONTEXT('2D SPACE',''
  ) );
#1597 = ORIENTED_EDGE('',*,*,#1598,.T.);
#1598 = EDGE_CURVE('',#1571,#1599,#1601,.T.);
#1599 = VERTEX_POINT('',#1600);
#1600 = CARTESIAN_POINT('',(158.2,6.,88.1));
#1601 = SURFACE_CURVE('',#1602,(#1606,#1613),.PCURVE_S1.);
#1602 = LINE('',#1603,#1604);
#1603 = CARTESIAN_POINT('',(158.2,6.,0.));
#1604 = VECTOR('',#1605,1.);
#1605 = DIRECTION('',(0.,0.,1.));
#1606 = PCURVE('',#128,#1607);
#1607 = DEFINITIONAL_REPRESENTATION('',(#1608),#1612);
#1608 = LINE('',#1609,#1610);
#1609 = CARTESIAN_POINT('',(0.,-6.));
#1610 = VECTOR('',#1611,1.);
#1611 = DIRECTION('',(1.,0.));
#1612 = ( GEOMETRIC_REPRESENTATION_CONTEXT(2) 
PARAMETRIC_REPRESENTATION_CONTEXT() REPRESENTATION_CONTEXT('2D SPACE',''
  ) );
#1613 = PCURVE('',#1256,#1614);
#1614 = DEFINITIONAL_REPRESENTATION('',(#1615),#1619);
#1615 = LINE('',#1616,#1617);
#1616 = CARTESIAN_POINT('',(0.,0.));
#1617 = VECTOR('',#1618,1.);
#1618 = DIRECTION('',(1.,0.));
#1619 = ( GEOMETRIC_REPRESENTATION_CONTEXT(2) 
PARAMETRIC_REPRESENTATION_CONTEXT() REPRESENTATION_CONTEXT('2D SPACE',''
  ) );
#1620 = ORIENTED_EDGE('',*,*,#1621,.F.);
#1621 = EDGE_CURVE('',#113,#1599,#1622,.T.);
#1622 = SURFACE_CURVE('',#1623,(#1627,#1634),.PCURVE_S1.);
#1623 = LINE('',#1624,#1625);
#1624 = CARTESIAN_POINT('',(158.2,0.,88.1));
#1625 = VECTOR('',#1626,1.);
#1626 = DIRECTION('',(0.,1.,0.));
#1627 = PCURVE('',#128,#1628);
#1628 = DEFINITIONAL_REPRESENTATION('',(#1629),#1633);
#1629 = LINE('',#1630,#1631);
#1630 = CARTESIAN_POINT('',(88.1,0.));
#1631 = VECTOR('',#1632,1.);
#1632 = DIRECTION('',(0.,-1.));
#1633 = ( GEOMETRIC_REPRESENTATION_CONTEXT(2) 
PARAMETRIC_REPRESENTATION_CONTEXT() REPRESENTATION_CONTEXT('2D SPACE',''
  ) );
#1634 = PCURVE('',#156,#1635);
#1635 = DEFINITIONAL_REPRESENTATION('',(#1636),#1640);
#1636 = LINE('',#1637,#1638);
#1637 = CARTESIAN_POINT('',(0.,0.));
#1638 = VECTOR('',#1639,1.);
#1639 = DIRECTION('',(0.,1.));
#1640 = ( GEOMETRIC_REPRESENTATION_CONTEXT(2) 
PARAMETRIC_REPRESENTATION_CONTEXT() REPRESENTATION_CONTEXT('2D SPACE',''
  ) );
#1641 = ADVANCED_FACE('',(#1642),#156,.T.);
#1642 = FACE_BOUND('',#1643,.T.);
#1643 = EDGE_LOOP('',(#1644,#1667,#1668,#1669,#1691,#1714,#1737,#1763));
#1644 = ORIENTED_EDGE('',*,*,#1645,.F.);
#1645 = EDGE_CURVE('',#1599,#1646,#1648,.T.);
#1646 = VERTEX_POINT('',#1647);
#1647 = CARTESIAN_POINT('',(201.,6.,88.1));
#1648 = SURFACE_CURVE('',#1649,(#1653,#1660),.PCURVE_S1.);
#1649 = LINE('',#1650,#1651);
#1650 = CARTESIAN_POINT('',(158.2,6.,88.1));
#1651 = VECTOR('',#1652,1.);
#1652 = DIRECTION('',(1.,0.,0.));
#1653 = PCURVE('',#156,#1654);
#1654 = DEFINITIONAL_REPRESENTATION('',(#1655),#1659);
#1655 = LINE('',#1656,#1657);
#1656 = CARTESIAN_POINT('',(0.,6.));
#1657 = VECTOR('',#1658,1.);
#1658 = DIRECTION('',(1.,0.));
#1659 = ( GEOMETRIC_REPRESENTATION_CONTEXT(2) 
PARAMETRIC_REPRESENTATION_CONTEXT() REPRESENTATION_CONTEXT('2D SPACE',''
  ) );
#1660 = PCURVE('',#1256,#1661);
#1661 = DEFINITIONAL_REPRESENTATION('',(#1662),#1666);
#1662 = LINE('',#1663,#1664);
#1663 = CARTESIAN_POINT('',(88.1,0.));
#1664 = VECTOR('',#1665,1.);
#1665 = DIRECTION('',(0.,1.));
#1666 = ( GEOMETRIC_REPRESENTATION_CONTEXT(2) 
PARAMETRIC_REPRESENTATION_CONTEXT() REPRESENTATION_CONTEXT('2D SPACE',''
  ) );
#1667 = ORIENTED_EDGE('',*,*,#1621,.F.);
#1668 = ORIENTED_EDGE('',*,*,#140,.F.);
#1669 = ORIENTED_EDGE('',*,*,#1670,.F.);
#1670 = EDGE_CURVE('',#1671,#141,#1673,.T.);
#1671 = VERTEX_POINT('',#1672);
#1672 = CARTESIAN_POINT('',(231.65883117545,6.,88.1));
#1673 = SURFACE_CURVE('',#1674,(#1678,#1685),.PCURVE_S1.);
#1674 = LINE('',#1675,#1676);
#1675 = CARTESIAN_POINT('',(231.65883117545,-0.5,88.1));
#1676 = VECTOR('',#1677,1.);
#1677 = DIRECTION('',(0.,-1.,0.));
#1678 = PCURVE('',#156,#1679);
#1679 = DEFINITIONAL_REPRESENTATION('',(#1680),#1684);
#1680 = LINE('',#1681,#1682);
#1681 = CARTESIAN_POINT('',(73.458831175457,-0.5));
#1682 = VECTOR('',#1683,1.);
#1683 = DIRECTION('',(0.,-1.));
#1684 = ( GEOMETRIC_REPRESENTATION_CONTEXT(2) 
PARAMETRIC_REPRESENTATION_CONTEXT() REPRESENTATION_CONTEXT('2D SPACE',''
  ) );
#1685 = PCURVE('',#184,#1686);
#1686 = DEFINITIONAL_REPRESENTATION('',(#1687),#1690);
#1687 = B_SPLINE_CURVE_WITH_KNOTS('',1,(#1688,#1689),.UNSPECIFIED.,.F.,
  .F.,(2,2),(-6.5,-0.5),.PIECEWISE_BEZIER_KNOTS.);
#1688 = CARTESIAN_POINT('',(1.260303038033,-7.));
#1689 = CARTESIAN_POINT('',(1.260303038033,-1.));
#1690 = ( GEOMETRIC_REPRESENTATION_CONTEXT(2) 
PARAMETRIC_REPRESENTATION_CONTEXT() REPRESENTATION_CONTEXT('2D SPACE',''
  ) );
#1691 = ORIENTED_EDGE('',*,*,#1692,.F.);
#1692 = EDGE_CURVE('',#1693,#1671,#1695,.T.);
#1693 = VERTEX_POINT('',#1694);
#1694 = CARTESIAN_POINT('',(220.,6.,88.1));
#1695 = SURFACE_CURVE('',#1696,(#1700,#1707),.PCURVE_S1.);
#1696 = LINE('',#1697,#1698);
#1697 = CARTESIAN_POINT('',(158.2,6.,88.1));
#1698 = VECTOR('',#1699,1.);
#1699 = DIRECTION('',(1.,0.,0.));
#1700 = PCURVE('',#156,#1701);
#1701 = DEFINITIONAL_REPRESENTATION('',(#1702),#1706);
#1702 = LINE('',#1703,#1704);
#1703 = CARTESIAN_POINT('',(0.,6.));
#1704 = VECTOR('',#1705,1.);
#1705 = DIRECTION('',(1.,0.));
#1706 = ( GEOMETRIC_REPRESENTATION_CONTEXT(2) 
PARAMETRIC_REPRESENTATION_CONTEXT() REPRESENTATION_CONTEXT('2D SPACE',''
  ) );
#1707 = PCURVE('',#964,#1708);
#1708 = DEFINITIONAL_REPRESENTATION('',(#1709),#1713);
#1709 = LINE('',#1710,#1711);
#1710 = CARTESIAN_POINT('',(88.1,0.));
#1711 = VECTOR('',#1712,1.);
#1712 = DIRECTION('',(0.,1.));
#1713 = ( GEOMETRIC_REPRESENTATION_CONTEXT(2) 
PARAMETRIC_REPRESENTATION_CONTEXT() REPRESENTATION_CONTEXT('2D SPACE',''
  ) );
#1714 = ORIENTED_EDGE('',*,*,#1715,.T.);
#1715 = EDGE_CURVE('',#1693,#1716,#1718,.T.);
#1716 = VERTEX_POINT('',#1717);
#1717 = CARTESIAN_POINT('',(220.,29.8,88.1));
#1718 = SURFACE_CURVE('',#1719,(#1723,#1730),.PCURVE_S1.);
#1719 = LINE('',#1720,#1721);
#1720 = CARTESIAN_POINT('',(220.,0.,88.1));
#1721 = VECTOR('',#1722,1.);
#1722 = DIRECTION('',(0.,1.,0.));
#1723 = PCURVE('',#156,#1724);
#1724 = DEFINITIONAL_REPRESENTATION('',(#1725),#1729);
#1725 = LINE('',#1726,#1727);
#1726 = CARTESIAN_POINT('',(61.8,0.));
#1727 = VECTOR('',#1728,1.);
#1728 = DIRECTION('',(0.,1.));
#1729 = ( GEOMETRIC_REPRESENTATION_CONTEXT(2) 
PARAMETRIC_REPRESENTATION_CONTEXT() REPRESENTATION_CONTEXT('2D SPACE',''
  ) );
#1730 = PCURVE('',#990,#1731);
#1731 = DEFINITIONAL_REPRESENTATION('',(#1732),#1736);
#1732 = LINE('',#1733,#1734);
#1733 = CARTESIAN_POINT('',(88.1,0.));
#1734 = VECTOR('',#1735,1.);
#1735 = DIRECTION('',(0.,-1.));
#1736 = ( GEOMETRIC_REPRESENTATION_CONTEXT(2) 
PARAMETRIC_REPRESENTATION_CONTEXT() REPRESENTATION_CONTEXT('2D SPACE',''
  ) );
#1737 = ORIENTED_EDGE('',*,*,#1738,.T.);
#1738 = EDGE_CURVE('',#1716,#1739,#1741,.T.);
#1739 = VERTEX_POINT('',#1740);
#1740 = CARTESIAN_POINT('',(201.,29.8,88.1));
#1741 = SURFACE_CURVE('',#1742,(#1746,#1752),.PCURVE_S1.);
#1742 = LINE('',#1743,#1744);
#1743 = CARTESIAN_POINT('',(179.1,29.8,88.1));
#1744 = VECTOR('',#1745,1.);
#1745 = DIRECTION('',(-1.,0.,0.));
#1746 = PCURVE('',#156,#1747);
#1747 = DEFINITIONAL_REPRESENTATION('',(#1748),#1751);
#1748 = B_SPLINE_CURVE_WITH_KNOTS('',1,(#1749,#1750),.UNSPECIFIED.,.F.,
  .F.,(2,2),(-41.9,-20.9),.PIECEWISE_BEZIER_KNOTS.);
#1749 = CARTESIAN_POINT('',(62.8,29.8));
#1750 = CARTESIAN_POINT('',(41.8,29.8));
#1751 = ( GEOMETRIC_REPRESENTATION_CONTEXT(2) 
PARAMETRIC_REPRESENTATION_CONTEXT() REPRESENTATION_CONTEXT('2D SPACE',''
  ) );
#1752 = PCURVE('',#1753,#1758);
#1753 = PLANE('',#1754);
#1754 = AXIS2_PLACEMENT_3D('',#1755,#1756,#1757);
#1755 = CARTESIAN_POINT('',(200.,29.8,82.1));
#1756 = DIRECTION('',(0.,1.,0.));
#1757 = DIRECTION('',(0.,0.,1.));
#1758 = DEFINITIONAL_REPRESENTATION('',(#1759),#1762);
#1759 = B_SPLINE_CURVE_WITH_KNOTS('',1,(#1760,#1761),.UNSPECIFIED.,.F.,
  .F.,(2,2),(-41.9,-20.9),.PIECEWISE_BEZIER_KNOTS.);
#1760 = CARTESIAN_POINT('',(6.,21.));
#1761 = CARTESIAN_POINT('',(6.,0.));
#1762 = ( GEOMETRIC_REPRESENTATION_CONTEXT(2) 
PARAMETRIC_REPRESENTATION_CONTEXT() REPRESENTATION_CONTEXT('2D SPACE',''
  ) );
#1763 = ORIENTED_EDGE('',*,*,#1764,.F.);
#1764 = EDGE_CURVE('',#1646,#1739,#1765,.T.);
#1765 = SURFACE_CURVE('',#1766,(#1770,#1777),.PCURVE_S1.);
#1766 = LINE('',#1767,#1768);
#1767 = CARTESIAN_POINT('',(201.,0.,88.1));
#1768 = VECTOR('',#1769,1.);
#1769 = DIRECTION('',(-0.,1.,-0.));
#1770 = PCURVE('',#156,#1771);
#1771 = DEFINITIONAL_REPRESENTATION('',(#1772),#1776);
#1772 = LINE('',#1773,#1774);
#1773 = CARTESIAN_POINT('',(42.8,0.));
#1774 = VECTOR('',#1775,1.);
#1775 = DIRECTION('',(0.,1.));
#1776 = ( GEOMETRIC_REPRESENTATION_CONTEXT(2) 
PARAMETRIC_REPRESENTATION_CONTEXT() REPRESENTATION_CONTEXT('2D SPACE',''
  ) );
#1777 = PCURVE('',#1778,#1783);
#1778 = PLANE('',#1779);
#1779 = AXIS2_PLACEMENT_3D('',#1780,#1781,#1782);
#1780 = CARTESIAN_POINT('',(201.,0.,75.));
#1781 = DIRECTION('',(1.,0.,-0.));
#1782 = DIRECTION('',(0.,0.,1.));
#1783 = DEFINITIONAL_REPRESENTATION('',(#1784),#1788);
#1784 = LINE('',#1785,#1786);
#1785 = CARTESIAN_POINT('',(13.1,0.));
#1786 = VECTOR('',#1787,1.);
#1787 = DIRECTION('',(0.,-1.));
#1788 = ( GEOMETRIC_REPRESENTATION_CONTEXT(2) 
PARAMETRIC_REPRESENTATION_CONTEXT() REPRESENTATION_CONTEXT('2D SPACE',''
  ) );
#1789 = ADVANCED_FACE('',(#1790),#184,.F.);
#1790 = FACE_BOUND('',#1791,.F.);
#1791 = EDGE_LOOP('',(#1792,#1815,#1816,#1817));
#1792 = ORIENTED_EDGE('',*,*,#1793,.F.);
#1793 = EDGE_CURVE('',#169,#1794,#1796,.T.);
#1794 = VERTEX_POINT('',#1795);
#1795 = CARTESIAN_POINT('',(228.25441558772,6.,84.695584412272));
#1796 = SURFACE_CURVE('',#1797,(#1801,#1808),.PCURVE_S1.);
#1797 = LINE('',#1798,#1799);
#1798 = CARTESIAN_POINT('',(228.25441558772,-1.,84.695584412272));
#1799 = VECTOR('',#1800,1.);
#1800 = DIRECTION('',(-0.,1.,-0.));
#1801 = PCURVE('',#184,#1802);
#1802 = DEFINITIONAL_REPRESENTATION('',(#1803),#1807);
#1803 = LINE('',#1804,#1805);
#1804 = CARTESIAN_POINT('',(6.074873734153,0.));
#1805 = VECTOR('',#1806,1.);
#1806 = DIRECTION('',(0.,-1.));
#1807 = ( GEOMETRIC_REPRESENTATION_CONTEXT(2) 
PARAMETRIC_REPRESENTATION_CONTEXT() REPRESENTATION_CONTEXT('2D SPACE',''
  ) );
#1808 = PCURVE('',#216,#1809);
#1809 = DEFINITIONAL_REPRESENTATION('',(#1810),#1814);
#1810 = LINE('',#1811,#1812);
#1811 = CARTESIAN_POINT('',(0.,0.));
#1812 = VECTOR('',#1813,1.);
#1813 = DIRECTION('',(0.,-1.));
#1814 = ( GEOMETRIC_REPRESENTATION_CONTEXT(2) 
PARAMETRIC_REPRESENTATION_CONTEXT() REPRESENTATION_CONTEXT('2D SPACE',''
  ) );
#1815 = ORIENTED_EDGE('',*,*,#168,.T.);
#1816 = ORIENTED_EDGE('',*,*,#1670,.F.);
#1817 = ORIENTED_EDGE('',*,*,#1818,.F.);
#1818 = EDGE_CURVE('',#1794,#1671,#1819,.T.);
#1819 = SURFACE_CURVE('',#1820,(#1824,#1830),.PCURVE_S1.);
#1820 = LINE('',#1821,#1822);
#1821 = CARTESIAN_POINT('',(191.71470779386,6.,48.155876618407));
#1822 = VECTOR('',#1823,1.);
#1823 = DIRECTION('',(0.707106781187,-0.,0.707106781187));
#1824 = PCURVE('',#184,#1825);
#1825 = DEFINITIONAL_REPRESENTATION('',(#1826),#1829);
#1826 = B_SPLINE_CURVE_WITH_KNOTS('',1,(#1827,#1828),.UNSPECIFIED.,.F.,
  .F.,(2,2),(51.674950327233,56.489521023353),.PIECEWISE_BEZIER_KNOTS.);
#1827 = CARTESIAN_POINT('',(6.074873734153,-7.));
#1828 = CARTESIAN_POINT('',(1.260303038033,-7.));
#1829 = ( GEOMETRIC_REPRESENTATION_CONTEXT(2) 
PARAMETRIC_REPRESENTATION_CONTEXT() REPRESENTATION_CONTEXT('2D SPACE',''
  ) );
#1830 = PCURVE('',#964,#1831);
#1831 = DEFINITIONAL_REPRESENTATION('',(#1832),#1835);
#1832 = B_SPLINE_CURVE_WITH_KNOTS('',1,(#1833,#1834),.UNSPECIFIED.,.F.,
  .F.,(2,2),(51.674950327233,56.489521023353),.PIECEWISE_BEZIER_KNOTS.);
#1833 = CARTESIAN_POINT('',(84.695584412272,70.054415587728));
#1834 = CARTESIAN_POINT('',(88.1,73.458831175457));
#1835 = ( GEOMETRIC_REPRESENTATION_CONTEXT(2) 
PARAMETRIC_REPRESENTATION_CONTEXT() REPRESENTATION_CONTEXT('2D SPACE',''
  ) );
#1836 = ADVANCED_FACE('',(#1837),#216,.F.);
#1837 = FACE_BOUND('',#1838,.F.);
#1838 = EDGE_LOOP('',(#1839,#1840,#1841,#1869));
#1839 = ORIENTED_EDGE('',*,*,#195,.F.);
#1840 = ORIENTED_EDGE('',*,*,#1793,.T.);
#1841 = ORIENTED_EDGE('',*,*,#1842,.T.);
#1842 = EDGE_CURVE('',#1794,#1843,#1845,.T.);
#1843 = VERTEX_POINT('',#1844);
#1844 = CARTESIAN_POINT('',(230.8,6.,78.55));
#1845 = SURFACE_CURVE('',#1846,(#1851,#1858),.PCURVE_S1.);
#1846 = CIRCLE('',#1847,3.6);
#1847 = AXIS2_PLACEMENT_3D('',#1848,#1849,#1850);
#1848 = CARTESIAN_POINT('',(230.8,6.,82.15));
#1849 = DIRECTION('',(0.,-1.,-0.));
#1850 = DIRECTION('',(-0.707106781187,-0.,0.707106781187));
#1851 = PCURVE('',#216,#1852);
#1852 = DEFINITIONAL_REPRESENTATION('',(#1853),#1857);
#1853 = LINE('',#1854,#1855);
#1854 = CARTESIAN_POINT('',(0.,-7.));
#1855 = VECTOR('',#1856,1.);
#1856 = DIRECTION('',(1.,0.));
#1857 = ( GEOMETRIC_REPRESENTATION_CONTEXT(2) 
PARAMETRIC_REPRESENTATION_CONTEXT() REPRESENTATION_CONTEXT('2D SPACE',''
  ) );
#1858 = PCURVE('',#964,#1859);
#1859 = DEFINITIONAL_REPRESENTATION('',(#1860),#1868);
#1860 = ( BOUNDED_CURVE() B_SPLINE_CURVE(2,(#1861,#1862,#1863,#1864,
#1865,#1866,#1867),.UNSPECIFIED.,.T.,.F.) B_SPLINE_CURVE_WITH_KNOTS((1,2
    ,2,2,2,1),(-2.094395102393,0.,2.094395102393,4.188790204786,
6.28318530718,8.377580409573),.UNSPECIFIED.) CURVE() 
GEOMETRIC_REPRESENTATION_ITEM() RATIONAL_B_SPLINE_CURVE((1.,0.5,1.,0.5,
1.,0.5,1.)) REPRESENTATION_ITEM('') );
#1861 = CARTESIAN_POINT('',(84.695584412272,70.054415587728));
#1862 = CARTESIAN_POINT('',(80.286502875262,65.645334050719));
#1863 = CARTESIAN_POINT('',(78.672667025359,71.668251437631));
#1864 = CARTESIAN_POINT('',(77.058831175457,77.691168824543));
#1865 = CARTESIAN_POINT('',(83.081748562369,76.077332974641));
#1866 = CARTESIAN_POINT('',(89.104665949281,74.463497124738));
#1867 = CARTESIAN_POINT('',(84.695584412272,70.054415587728));
#1868 = ( GEOMETRIC_REPRESENTATION_CONTEXT(2) 
PARAMETRIC_REPRESENTATION_CONTEXT() REPRESENTATION_CONTEXT('2D SPACE',''
  ) );
#1869 = ORIENTED_EDGE('',*,*,#1870,.F.);
#1870 = EDGE_CURVE('',#196,#1843,#1871,.T.);
#1871 = SURFACE_CURVE('',#1872,(#1876,#1883),.PCURVE_S1.);
#1872 = LINE('',#1873,#1874);
#1873 = CARTESIAN_POINT('',(230.8,-1.,78.55));
#1874 = VECTOR('',#1875,1.);
#1875 = DIRECTION('',(-0.,1.,-0.));
#1876 = PCURVE('',#216,#1877);
#1877 = DEFINITIONAL_REPRESENTATION('',(#1878),#1882);
#1878 = LINE('',#1879,#1880);
#1879 = CARTESIAN_POINT('',(2.356194490192,0.));
#1880 = VECTOR('',#1881,1.);
#1881 = DIRECTION('',(0.,-1.));
#1882 = ( GEOMETRIC_REPRESENTATION_CONTEXT(2) 
PARAMETRIC_REPRESENTATION_CONTEXT() REPRESENTATION_CONTEXT('2D SPACE',''
  ) );
#1883 = PCURVE('',#244,#1884);
#1884 = DEFINITIONAL_REPRESENTATION('',(#1885),#1889);
#1885 = LINE('',#1886,#1887);
#1886 = CARTESIAN_POINT('',(0.,0.));
#1887 = VECTOR('',#1888,1.);
#1888 = DIRECTION('',(0.,-1.));
#1889 = ( GEOMETRIC_REPRESENTATION_CONTEXT(2) 
PARAMETRIC_REPRESENTATION_CONTEXT() REPRESENTATION_CONTEXT('2D SPACE',''
  ) );
#1890 = ADVANCED_FACE('',(#1891),#244,.F.);
#1891 = FACE_BOUND('',#1892,.F.);
#1892 = EDGE_LOOP('',(#1893,#1894,#1895,#1916));
#1893 = ORIENTED_EDGE('',*,*,#228,.T.);
#1894 = ORIENTED_EDGE('',*,*,#1870,.T.);
#1895 = ORIENTED_EDGE('',*,*,#1896,.F.);
#1896 = EDGE_CURVE('',#1897,#1843,#1899,.T.);
#1897 = VERTEX_POINT('',#1898);
#1898 = CARTESIAN_POINT('',(234.3,6.,78.55));
#1899 = SURFACE_CURVE('',#1900,(#1904,#1910),.PCURVE_S1.);
#1900 = LINE('',#1901,#1902);
#1901 = CARTESIAN_POINT('',(194.5,6.,78.55));
#1902 = VECTOR('',#1903,1.);
#1903 = DIRECTION('',(-1.,0.,0.));
#1904 = PCURVE('',#244,#1905);
#1905 = DEFINITIONAL_REPRESENTATION('',(#1906),#1909);
#1906 = B_SPLINE_CURVE_WITH_KNOTS('',1,(#1907,#1908),.UNSPECIFIED.,.F.,
  .F.,(2,2),(-39.8,-36.3),.PIECEWISE_BEZIER_KNOTS.);
#1907 = CARTESIAN_POINT('',(3.5,-7.));
#1908 = CARTESIAN_POINT('',(0.,-7.));
#1909 = ( GEOMETRIC_REPRESENTATION_CONTEXT(2) 
PARAMETRIC_REPRESENTATION_CONTEXT() REPRESENTATION_CONTEXT('2D SPACE',''
  ) );
#1910 = PCURVE('',#964,#1911);
#1911 = DEFINITIONAL_REPRESENTATION('',(#1912),#1915);
#1912 = B_SPLINE_CURVE_WITH_KNOTS('',1,(#1913,#1914),.UNSPECIFIED.,.F.,
  .F.,(2,2),(-39.8,-36.3),.PIECEWISE_BEZIER_KNOTS.);
#1913 = CARTESIAN_POINT('',(78.55,76.1));
#1914 = CARTESIAN_POINT('',(78.55,72.6));
#1915 = ( GEOMETRIC_REPRESENTATION_CONTEXT(2) 
PARAMETRIC_REPRESENTATION_CONTEXT() REPRESENTATION_CONTEXT('2D SPACE',''
  ) );
#1916 = ORIENTED_EDGE('',*,*,#1917,.F.);
#1917 = EDGE_CURVE('',#229,#1897,#1918,.T.);
#1918 = SURFACE_CURVE('',#1919,(#1923,#1930),.PCURVE_S1.);
#1919 = LINE('',#1920,#1921);
#1920 = CARTESIAN_POINT('',(234.3,-1.,78.55));
#1921 = VECTOR('',#1922,1.);
#1922 = DIRECTION('',(-0.,1.,-0.));
#1923 = PCURVE('',#244,#1924);
#1924 = DEFINITIONAL_REPRESENTATION('',(#1925),#1929);
#1925 = LINE('',#1926,#1927);
#1926 = CARTESIAN_POINT('',(3.5,0.));
#1927 = VECTOR('',#1928,1.);
#1928 = DIRECTION('',(0.,-1.));
#1929 = ( GEOMETRIC_REPRESENTATION_CONTEXT(2) 
PARAMETRIC_REPRESENTATION_CONTEXT() REPRESENTATION_CONTEXT('2D SPACE',''
  ) );
#1930 = PCURVE('',#276,#1931);
#1931 = DEFINITIONAL_REPRESENTATION('',(#1932),#1936);
#1932 = LINE('',#1933,#1934);
#1933 = CARTESIAN_POINT('',(0.,0.));
#1934 = VECTOR('',#1935,1.);
#1935 = DIRECTION('',(0.,-1.));
#1936 = ( GEOMETRIC_REPRESENTATION_CONTEXT(2) 
PARAMETRIC_REPRESENTATION_CONTEXT() REPRESENTATION_CONTEXT('2D SPACE',''
  ) );
#1937 = ADVANCED_FACE('',(#1938),#276,.F.);
#1938 = FACE_BOUND('',#1939,.F.);
#1939 = EDGE_LOOP('',(#1940,#1941,#1942,#1970));
#1940 = ORIENTED_EDGE('',*,*,#255,.F.);
#1941 = ORIENTED_EDGE('',*,*,#1917,.T.);
#1942 = ORIENTED_EDGE('',*,*,#1943,.T.);
#1943 = EDGE_CURVE('',#1897,#1944,#1946,.T.);
#1944 = VERTEX_POINT('',#1945);
#1945 = CARTESIAN_POINT('',(236.84558441227,6.,84.695584412272));
#1946 = SURFACE_CURVE('',#1947,(#1952,#1959),.PCURVE_S1.);
#1947 = CIRCLE('',#1948,3.6);
#1948 = AXIS2_PLACEMENT_3D('',#1949,#1950,#1951);
#1949 = CARTESIAN_POINT('',(234.3,6.,82.15));
#1950 = DIRECTION('',(0.,-1.,0.));
#1951 = DIRECTION('',(0.,0.,-1.));
#1952 = PCURVE('',#276,#1953);
#1953 = DEFINITIONAL_REPRESENTATION('',(#1954),#1958);
#1954 = LINE('',#1955,#1956);
#1955 = CARTESIAN_POINT('',(0.,-7.));
#1956 = VECTOR('',#1957,1.);
#1957 = DIRECTION('',(1.,0.));
#1958 = ( GEOMETRIC_REPRESENTATION_CONTEXT(2) 
PARAMETRIC_REPRESENTATION_CONTEXT() REPRESENTATION_CONTEXT('2D SPACE',''
  ) );
#1959 = PCURVE('',#964,#1960);
#1960 = DEFINITIONAL_REPRESENTATION('',(#1961),#1969);
#1961 = ( BOUNDED_CURVE() B_SPLINE_CURVE(2,(#1962,#1963,#1964,#1965,
#1966,#1967,#1968),.UNSPECIFIED.,.T.,.F.) B_SPLINE_CURVE_WITH_KNOTS((1,2
    ,2,2,2,1),(-2.094395102393,0.,2.094395102393,4.188790204786,
6.28318530718,8.377580409573),.UNSPECIFIED.) CURVE() 
GEOMETRIC_REPRESENTATION_ITEM() RATIONAL_B_SPLINE_CURVE((1.,0.5,1.,0.5,
1.,0.5,1.)) REPRESENTATION_ITEM('') );
#1962 = CARTESIAN_POINT('',(78.55,76.1));
#1963 = CARTESIAN_POINT('',(78.55,82.335382907248));
#1964 = CARTESIAN_POINT('',(83.95,79.217691453624));
#1965 = CARTESIAN_POINT('',(89.35,76.1));
#1966 = CARTESIAN_POINT('',(83.95,72.982308546376));
#1967 = CARTESIAN_POINT('',(78.55,69.864617092752));
#1968 = CARTESIAN_POINT('',(78.55,76.1));
#1969 = ( GEOMETRIC_REPRESENTATION_CONTEXT(2) 
PARAMETRIC_REPRESENTATION_CONTEXT() REPRESENTATION_CONTEXT('2D SPACE',''
  ) );
#1970 = ORIENTED_EDGE('',*,*,#1971,.F.);
#1971 = EDGE_CURVE('',#256,#1944,#1972,.T.);
#1972 = SURFACE_CURVE('',#1973,(#1977,#1984),.PCURVE_S1.);
#1973 = LINE('',#1974,#1975);
#1974 = CARTESIAN_POINT('',(236.84558441227,-1.,84.695584412272));
#1975 = VECTOR('',#1976,1.);
#1976 = DIRECTION('',(-0.,1.,-0.));
#1977 = PCURVE('',#276,#1978);
#1978 = DEFINITIONAL_REPRESENTATION('',(#1979),#1983);
#1979 = LINE('',#1980,#1981);
#1980 = CARTESIAN_POINT('',(2.356194490192,0.));
#1981 = VECTOR('',#1982,1.);
#1982 = DIRECTION('',(0.,-1.));
#1983 = ( GEOMETRIC_REPRESENTATION_CONTEXT(2) 
PARAMETRIC_REPRESENTATION_CONTEXT() REPRESENTATION_CONTEXT('2D SPACE',''
  ) );
#1984 = PCURVE('',#304,#1985);
#1985 = DEFINITIONAL_REPRESENTATION('',(#1986),#1990);
#1986 = LINE('',#1987,#1988);
#1987 = CARTESIAN_POINT('',(0.,0.));
#1988 = VECTOR('',#1989,1.);
#1989 = DIRECTION('',(0.,-1.));
#1990 = ( GEOMETRIC_REPRESENTATION_CONTEXT(2) 
PARAMETRIC_REPRESENTATION_CONTEXT() REPRESENTATION_CONTEXT('2D SPACE',''
  ) );
#1991 = ADVANCED_FACE('',(#1992),#304,.F.);
#1992 = FACE_BOUND('',#1993,.F.);
#1993 = EDGE_LOOP('',(#1994,#1995,#1996,#2017));
#1994 = ORIENTED_EDGE('',*,*,#288,.T.);
#1995 = ORIENTED_EDGE('',*,*,#1971,.T.);
#1996 = ORIENTED_EDGE('',*,*,#1997,.F.);
#1997 = EDGE_CURVE('',#1998,#1944,#2000,.T.);
#1998 = VERTEX_POINT('',#1999);
#1999 = CARTESIAN_POINT('',(233.44116882454,6.,88.1));
#2000 = SURFACE_CURVE('',#2001,(#2005,#2011),.PCURVE_S1.);
#2001 = LINE('',#2002,#2003);
#2002 = CARTESIAN_POINT('',(238.35808441227,6.,83.183084412272));
#2003 = VECTOR('',#2004,1.);
#2004 = DIRECTION('',(0.707106781187,0.,-0.707106781187));
#2005 = PCURVE('',#304,#2006);
#2006 = DEFINITIONAL_REPRESENTATION('',(#2007),#2010);
#2007 = B_SPLINE_CURVE_WITH_KNOTS('',1,(#2008,#2009),.UNSPECIFIED.,.F.,
  .F.,(2,2),(-6.953568709209,-2.138998013089),.PIECEWISE_BEZIER_KNOTS.);
#2008 = CARTESIAN_POINT('',(4.81457069612,-7.));
#2009 = CARTESIAN_POINT('',(0.,-7.));
#2010 = ( GEOMETRIC_REPRESENTATION_CONTEXT(2) 
PARAMETRIC_REPRESENTATION_CONTEXT() REPRESENTATION_CONTEXT('2D SPACE',''
  ) );
#2011 = PCURVE('',#964,#2012);
#2012 = DEFINITIONAL_REPRESENTATION('',(#2013),#2016);
#2013 = B_SPLINE_CURVE_WITH_KNOTS('',1,(#2014,#2015),.UNSPECIFIED.,.F.,
  .F.,(2,2),(-6.953568709209,-2.138998013089),.PIECEWISE_BEZIER_KNOTS.);
#2014 = CARTESIAN_POINT('',(88.1,75.241168824543));
#2015 = CARTESIAN_POINT('',(84.695584412272,78.645584412272));
#2016 = ( GEOMETRIC_REPRESENTATION_CONTEXT(2) 
PARAMETRIC_REPRESENTATION_CONTEXT() REPRESENTATION_CONTEXT('2D SPACE',''
  ) );
#2017 = ORIENTED_EDGE('',*,*,#2018,.F.);
#2018 = EDGE_CURVE('',#289,#1998,#2019,.T.);
#2019 = SURFACE_CURVE('',#2020,(#2024,#2030),.PCURVE_S1.);
#2020 = LINE('',#2021,#2022);
#2021 = CARTESIAN_POINT('',(233.44116882454,-0.5,88.1));
#2022 = VECTOR('',#2023,1.);
#2023 = DIRECTION('',(0.,1.,0.));
#2024 = PCURVE('',#304,#2025);
#2025 = DEFINITIONAL_REPRESENTATION('',(#2026),#2029);
#2026 = B_SPLINE_CURVE_WITH_KNOTS('',1,(#2027,#2028),.UNSPECIFIED.,.F.,
  .F.,(2,2),(0.5,6.5),.PIECEWISE_BEZIER_KNOTS.);
#2027 = CARTESIAN_POINT('',(4.81457069612,-1.));
#2028 = CARTESIAN_POINT('',(4.81457069612,-7.));
#2029 = ( GEOMETRIC_REPRESENTATION_CONTEXT(2) 
PARAMETRIC_REPRESENTATION_CONTEXT() REPRESENTATION_CONTEXT('2D SPACE',''
  ) );
#2030 = PCURVE('',#331,#2031);
#2031 = DEFINITIONAL_REPRESENTATION('',(#2032),#2035);
#2032 = B_SPLINE_CURVE_WITH_KNOTS('',1,(#2033,#2034),.UNSPECIFIED.,.F.,
  .F.,(2,2),(0.5,6.5),.PIECEWISE_BEZIER_KNOTS.);
#2033 = CARTESIAN_POINT('',(75.241168824543,0.));
#2034 = CARTESIAN_POINT('',(75.241168824543,6.));
#2035 = ( GEOMETRIC_REPRESENTATION_CONTEXT(2) 
PARAMETRIC_REPRESENTATION_CONTEXT() REPRESENTATION_CONTEXT('2D SPACE',''
  ) );
#2036 = ADVANCED_FACE('',(#2037),#331,.T.);
#2037 = FACE_BOUND('',#2038,.T.);
#2038 = EDGE_LOOP('',(#2039,#2062,#2063,#2064));
#2039 = ORIENTED_EDGE('',*,*,#2040,.F.);
#2040 = EDGE_CURVE('',#1998,#2041,#2043,.T.);
#2041 = VERTEX_POINT('',#2042);
#2042 = CARTESIAN_POINT('',(241.3,6.,88.1));
#2043 = SURFACE_CURVE('',#2044,(#2048,#2055),.PCURVE_S1.);
#2044 = LINE('',#2045,#2046);
#2045 = CARTESIAN_POINT('',(158.2,6.,88.1));
#2046 = VECTOR('',#2047,1.);
#2047 = DIRECTION('',(1.,0.,0.));
#2048 = PCURVE('',#331,#2049);
#2049 = DEFINITIONAL_REPRESENTATION('',(#2050),#2054);
#2050 = LINE('',#2051,#2052);
#2051 = CARTESIAN_POINT('',(0.,6.));
#2052 = VECTOR('',#2053,1.);
#2053 = DIRECTION('',(1.,0.));
#2054 = ( GEOMETRIC_REPRESENTATION_CONTEXT(2) 
PARAMETRIC_REPRESENTATION_CONTEXT() REPRESENTATION_CONTEXT('2D SPACE',''
  ) );
#2055 = PCURVE('',#964,#2056);
#2056 = DEFINITIONAL_REPRESENTATION('',(#2057),#2061);
#2057 = LINE('',#2058,#2059);
#2058 = CARTESIAN_POINT('',(88.1,0.));
#2059 = VECTOR('',#2060,1.);
#2060 = DIRECTION('',(0.,1.));
#2061 = ( GEOMETRIC_REPRESENTATION_CONTEXT(2) 
PARAMETRIC_REPRESENTATION_CONTEXT() REPRESENTATION_CONTEXT('2D SPACE',''
  ) );
#2062 = ORIENTED_EDGE('',*,*,#2018,.F.);
#2063 = ORIENTED_EDGE('',*,*,#315,.T.);
#2064 = ORIENTED_EDGE('',*,*,#2065,.T.);
#2065 = EDGE_CURVE('',#316,#2041,#2066,.T.);
#2066 = SURFACE_CURVE('',#2067,(#2071,#2078),.PCURVE_S1.);
#2067 = LINE('',#2068,#2069);
#2068 = CARTESIAN_POINT('',(241.3,0.,88.1));
#2069 = VECTOR('',#2070,1.);
#2070 = DIRECTION('',(0.,1.,0.));
#2071 = PCURVE('',#331,#2072);
#2072 = DEFINITIONAL_REPRESENTATION('',(#2073),#2077);
#2073 = LINE('',#2074,#2075);
#2074 = CARTESIAN_POINT('',(83.1,0.));
#2075 = VECTOR('',#2076,1.);
#2076 = DIRECTION('',(0.,1.));
#2077 = ( GEOMETRIC_REPRESENTATION_CONTEXT(2) 
PARAMETRIC_REPRESENTATION_CONTEXT() REPRESENTATION_CONTEXT('2D SPACE',''
  ) );
#2078 = PCURVE('',#357,#2079);
#2079 = DEFINITIONAL_REPRESENTATION('',(#2080),#2084);
#2080 = LINE('',#2081,#2082);
#2081 = CARTESIAN_POINT('',(88.1,0.));
#2082 = VECTOR('',#2083,1.);
#2083 = DIRECTION('',(0.,-1.));
#2084 = ( GEOMETRIC_REPRESENTATION_CONTEXT(2) 
PARAMETRIC_REPRESENTATION_CONTEXT() REPRESENTATION_CONTEXT('2D SPACE',''
  ) );
#2085 = ADVANCED_FACE('',(#2086),#357,.T.);
#2086 = FACE_BOUND('',#2087,.T.);
#2087 = EDGE_LOOP('',(#2088,#2089,#2090,#2111));
#2088 = ORIENTED_EDGE('',*,*,#343,.F.);
#2089 = ORIENTED_EDGE('',*,*,#925,.T.);
#2090 = ORIENTED_EDGE('',*,*,#2091,.T.);
#2091 = EDGE_CURVE('',#926,#2041,#2092,.T.);
#2092 = SURFACE_CURVE('',#2093,(#2097,#2104),.PCURVE_S1.);
#2093 = LINE('',#2094,#2095);
#2094 = CARTESIAN_POINT('',(241.3,6.,0.));
#2095 = VECTOR('',#2096,1.);
#2096 = DIRECTION('',(0.,0.,1.));
#2097 = PCURVE('',#357,#2098);
#2098 = DEFINITIONAL_REPRESENTATION('',(#2099),#2103);
#2099 = LINE('',#2100,#2101);
#2100 = CARTESIAN_POINT('',(0.,-6.));
#2101 = VECTOR('',#2102,1.);
#2102 = DIRECTION('',(1.,0.));
#2103 = ( GEOMETRIC_REPRESENTATION_CONTEXT(2) 
PARAMETRIC_REPRESENTATION_CONTEXT() REPRESENTATION_CONTEXT('2D SPACE',''
  ) );
#2104 = PCURVE('',#964,#2105);
#2105 = DEFINITIONAL_REPRESENTATION('',(#2106),#2110);
#2106 = LINE('',#2107,#2108);
#2107 = CARTESIAN_POINT('',(0.,83.1));
#2108 = VECTOR('',#2109,1.);
#2109 = DIRECTION('',(1.,0.));
#2110 = ( GEOMETRIC_REPRESENTATION_CONTEXT(2) 
PARAMETRIC_REPRESENTATION_CONTEXT() REPRESENTATION_CONTEXT('2D SPACE',''
  ) );
#2111 = ORIENTED_EDGE('',*,*,#2065,.F.);
#2112 = ADVANCED_FACE('',(#2113),#389,.F.);
#2113 = FACE_BOUND('',#2114,.F.);
#2114 = EDGE_LOOP('',(#2115,#2116,#2139,#2160));
#2115 = ORIENTED_EDGE('',*,*,#371,.T.);
#2116 = ORIENTED_EDGE('',*,*,#2117,.T.);
#2117 = EDGE_CURVE('',#374,#2118,#2120,.T.);
#2118 = VERTEX_POINT('',#2119);
#2119 = CARTESIAN_POINT('',(230.8,6.,2.35));
#2120 = SURFACE_CURVE('',#2121,(#2125,#2132),.PCURVE_S1.);
#2121 = LINE('',#2122,#2123);
#2122 = CARTESIAN_POINT('',(230.8,-1.,2.35));
#2123 = VECTOR('',#2124,1.);
#2124 = DIRECTION('',(-0.,1.,-0.));
#2125 = PCURVE('',#389,#2126);
#2126 = DEFINITIONAL_REPRESENTATION('',(#2127),#2131);
#2127 = LINE('',#2128,#2129);
#2128 = CARTESIAN_POINT('',(0.,0.));
#2129 = VECTOR('',#2130,1.);
#2130 = DIRECTION('',(0.,-1.));
#2131 = ( GEOMETRIC_REPRESENTATION_CONTEXT(2) 
PARAMETRIC_REPRESENTATION_CONTEXT() REPRESENTATION_CONTEXT('2D SPACE',''
  ) );
#2132 = PCURVE('',#506,#2133);
#2133 = DEFINITIONAL_REPRESENTATION('',(#2134),#2138);
#2134 = LINE('',#2135,#2136);
#2135 = CARTESIAN_POINT('',(2.356194490192,0.));
#2136 = VECTOR('',#2137,1.);
#2137 = DIRECTION('',(0.,-1.));
#2138 = ( GEOMETRIC_REPRESENTATION_CONTEXT(2) 
PARAMETRIC_REPRESENTATION_CONTEXT() REPRESENTATION_CONTEXT('2D SPACE',''
  ) );
#2139 = ORIENTED_EDGE('',*,*,#2140,.F.);
#2140 = EDGE_CURVE('',#2141,#2118,#2143,.T.);
#2141 = VERTEX_POINT('',#2142);
#2142 = CARTESIAN_POINT('',(234.3,6.,2.35));
#2143 = SURFACE_CURVE('',#2144,(#2148,#2154),.PCURVE_S1.);
#2144 = LINE('',#2145,#2146);
#2145 = CARTESIAN_POINT('',(194.5,6.,2.35));
#2146 = VECTOR('',#2147,1.);
#2147 = DIRECTION('',(-1.,0.,0.));
#2148 = PCURVE('',#389,#2149);
#2149 = DEFINITIONAL_REPRESENTATION('',(#2150),#2153);
#2150 = B_SPLINE_CURVE_WITH_KNOTS('',1,(#2151,#2152),.UNSPECIFIED.,.F.,
  .F.,(2,2),(-39.8,-36.3),.PIECEWISE_BEZIER_KNOTS.);
#2151 = CARTESIAN_POINT('',(3.5,-7.));
#2152 = CARTESIAN_POINT('',(0.,-7.));
#2153 = ( GEOMETRIC_REPRESENTATION_CONTEXT(2) 
PARAMETRIC_REPRESENTATION_CONTEXT() REPRESENTATION_CONTEXT('2D SPACE',''
  ) );
#2154 = PCURVE('',#964,#2155);
#2155 = DEFINITIONAL_REPRESENTATION('',(#2156),#2159);
#2156 = B_SPLINE_CURVE_WITH_KNOTS('',1,(#2157,#2158),.UNSPECIFIED.,.F.,
  .F.,(2,2),(-39.8,-36.3),.PIECEWISE_BEZIER_KNOTS.);
#2157 = CARTESIAN_POINT('',(2.35,76.1));
#2158 = CARTESIAN_POINT('',(2.35,72.6));
#2159 = ( GEOMETRIC_REPRESENTATION_CONTEXT(2) 
PARAMETRIC_REPRESENTATION_CONTEXT() REPRESENTATION_CONTEXT('2D SPACE',''
  ) );
#2160 = ORIENTED_EDGE('',*,*,#2161,.F.);
#2161 = EDGE_CURVE('',#372,#2141,#2162,.T.);
#2162 = SURFACE_CURVE('',#2163,(#2167,#2174),.PCURVE_S1.);
#2163 = LINE('',#2164,#2165);
#2164 = CARTESIAN_POINT('',(234.3,-1.,2.35));
#2165 = VECTOR('',#2166,1.);
#2166 = DIRECTION('',(-0.,1.,-0.));
#2167 = PCURVE('',#389,#2168);
#2168 = DEFINITIONAL_REPRESENTATION('',(#2169),#2173);
#2169 = LINE('',#2170,#2171);
#2170 = CARTESIAN_POINT('',(3.5,0.));
#2171 = VECTOR('',#2172,1.);
#2172 = DIRECTION('',(0.,-1.));
#2173 = ( GEOMETRIC_REPRESENTATION_CONTEXT(2) 
PARAMETRIC_REPRESENTATION_CONTEXT() REPRESENTATION_CONTEXT('2D SPACE',''
  ) );
#2174 = PCURVE('',#421,#2175);
#2175 = DEFINITIONAL_REPRESENTATION('',(#2176),#2180);
#2176 = LINE('',#2177,#2178);
#2177 = CARTESIAN_POINT('',(0.,0.));
#2178 = VECTOR('',#2179,1.);
#2179 = DIRECTION('',(0.,-1.));
#2180 = ( GEOMETRIC_REPRESENTATION_CONTEXT(2) 
PARAMETRIC_REPRESENTATION_CONTEXT() REPRESENTATION_CONTEXT('2D SPACE',''
  ) );
#2181 = ADVANCED_FACE('',(#2182),#421,.F.);
#2182 = FACE_BOUND('',#2183,.F.);
#2183 = EDGE_LOOP('',(#2184,#2185,#2186,#2214));
#2184 = ORIENTED_EDGE('',*,*,#400,.F.);
#2185 = ORIENTED_EDGE('',*,*,#2161,.T.);
#2186 = ORIENTED_EDGE('',*,*,#2187,.T.);
#2187 = EDGE_CURVE('',#2141,#2188,#2190,.T.);
#2188 = VERTEX_POINT('',#2189);
#2189 = CARTESIAN_POINT('',(236.84558441227,6.,8.495584412272));
#2190 = SURFACE_CURVE('',#2191,(#2196,#2203),.PCURVE_S1.);
#2191 = CIRCLE('',#2192,3.6);
#2192 = AXIS2_PLACEMENT_3D('',#2193,#2194,#2195);
#2193 = CARTESIAN_POINT('',(234.3,6.,5.95));
#2194 = DIRECTION('',(0.,-1.,0.));
#2195 = DIRECTION('',(0.,0.,-1.));
#2196 = PCURVE('',#421,#2197);
#2197 = DEFINITIONAL_REPRESENTATION('',(#2198),#2202);
#2198 = LINE('',#2199,#2200);
#2199 = CARTESIAN_POINT('',(0.,-7.));
#2200 = VECTOR('',#2201,1.);
#2201 = DIRECTION('',(1.,0.));
#2202 = ( GEOMETRIC_REPRESENTATION_CONTEXT(2) 
PARAMETRIC_REPRESENTATION_CONTEXT() REPRESENTATION_CONTEXT('2D SPACE',''
  ) );
#2203 = PCURVE('',#964,#2204);
#2204 = DEFINITIONAL_REPRESENTATION('',(#2205),#2213);
#2205 = ( BOUNDED_CURVE() B_SPLINE_CURVE(2,(#2206,#2207,#2208,#2209,
#2210,#2211,#2212),.UNSPECIFIED.,.T.,.F.) B_SPLINE_CURVE_WITH_KNOTS((1,2
    ,2,2,2,1),(-2.094395102393,0.,2.094395102393,4.188790204786,
6.28318530718,8.377580409573),.UNSPECIFIED.) CURVE() 
GEOMETRIC_REPRESENTATION_ITEM() RATIONAL_B_SPLINE_CURVE((1.,0.5,1.,0.5,
1.,0.5,1.)) REPRESENTATION_ITEM('') );
#2206 = CARTESIAN_POINT('',(2.35,76.1));
#2207 = CARTESIAN_POINT('',(2.35,82.335382907248));
#2208 = CARTESIAN_POINT('',(7.75,79.217691453624));
#2209 = CARTESIAN_POINT('',(13.15,76.1));
#2210 = CARTESIAN_POINT('',(7.75,72.982308546376));
#2211 = CARTESIAN_POINT('',(2.35,69.864617092752));
#2212 = CARTESIAN_POINT('',(2.35,76.1));
#2213 = ( GEOMETRIC_REPRESENTATION_CONTEXT(2) 
PARAMETRIC_REPRESENTATION_CONTEXT() REPRESENTATION_CONTEXT('2D SPACE',''
  ) );
#2214 = ORIENTED_EDGE('',*,*,#2215,.F.);
#2215 = EDGE_CURVE('',#401,#2188,#2216,.T.);
#2216 = SURFACE_CURVE('',#2217,(#2221,#2228),.PCURVE_S1.);
#2217 = LINE('',#2218,#2219);
#2218 = CARTESIAN_POINT('',(236.84558441227,-1.,8.495584412272));
#2219 = VECTOR('',#2220,1.);
#2220 = DIRECTION('',(-0.,1.,-0.));
#2221 = PCURVE('',#421,#2222);
#2222 = DEFINITIONAL_REPRESENTATION('',(#2223),#2227);
#2223 = LINE('',#2224,#2225);
#2224 = CARTESIAN_POINT('',(2.356194490192,0.));
#2225 = VECTOR('',#2226,1.);
#2226 = DIRECTION('',(0.,-1.));
#2227 = ( GEOMETRIC_REPRESENTATION_CONTEXT(2) 
PARAMETRIC_REPRESENTATION_CONTEXT() REPRESENTATION_CONTEXT('2D SPACE',''
  ) );
#2228 = PCURVE('',#449,#2229);
#2229 = DEFINITIONAL_REPRESENTATION('',(#2230),#2234);
#2230 = LINE('',#2231,#2232);
#2231 = CARTESIAN_POINT('',(0.,0.));
#2232 = VECTOR('',#2233,1.);
#2233 = DIRECTION('',(0.,-1.));
#2234 = ( GEOMETRIC_REPRESENTATION_CONTEXT(2) 
PARAMETRIC_REPRESENTATION_CONTEXT() REPRESENTATION_CONTEXT('2D SPACE',''
  ) );
#2235 = ADVANCED_FACE('',(#2236),#449,.F.);
#2236 = FACE_BOUND('',#2237,.F.);
#2237 = EDGE_LOOP('',(#2238,#2239,#2240,#2261));
#2238 = ORIENTED_EDGE('',*,*,#433,.T.);
#2239 = ORIENTED_EDGE('',*,*,#2215,.T.);
#2240 = ORIENTED_EDGE('',*,*,#2241,.F.);
#2241 = EDGE_CURVE('',#2242,#2188,#2244,.T.);
#2242 = VERTEX_POINT('',#2243);
#2243 = CARTESIAN_POINT('',(232.55,6.,12.791168824543));
#2244 = SURFACE_CURVE('',#2245,(#2249,#2255),.PCURVE_S1.);
#2245 = LINE('',#2246,#2247);
#2246 = CARTESIAN_POINT('',(219.30808441227,6.,26.033084412272));
#2247 = VECTOR('',#2248,1.);
#2248 = DIRECTION('',(0.707106781187,0.,-0.707106781187));
#2249 = PCURVE('',#449,#2250);
#2250 = DEFINITIONAL_REPRESENTATION('',(#2251),#2254);
#2251 = B_SPLINE_CURVE_WITH_KNOTS('',1,(#2252,#2253),.UNSPECIFIED.,.F.,
  .F.,(2,2),(18.726896615965,24.801770350118),.PIECEWISE_BEZIER_KNOTS.);
#2252 = CARTESIAN_POINT('',(6.074873734153,-7.));
#2253 = CARTESIAN_POINT('',(0.,-7.));
#2254 = ( GEOMETRIC_REPRESENTATION_CONTEXT(2) 
PARAMETRIC_REPRESENTATION_CONTEXT() REPRESENTATION_CONTEXT('2D SPACE',''
  ) );
#2255 = PCURVE('',#964,#2256);
#2256 = DEFINITIONAL_REPRESENTATION('',(#2257),#2260);
#2257 = B_SPLINE_CURVE_WITH_KNOTS('',1,(#2258,#2259),.UNSPECIFIED.,.F.,
  .F.,(2,2),(18.726896615965,24.801770350118),.PIECEWISE_BEZIER_KNOTS.);
#2258 = CARTESIAN_POINT('',(12.791168824543,74.35));
#2259 = CARTESIAN_POINT('',(8.495584412272,78.645584412272));
#2260 = ( GEOMETRIC_REPRESENTATION_CONTEXT(2) 
PARAMETRIC_REPRESENTATION_CONTEXT() REPRESENTATION_CONTEXT('2D SPACE',''
  ) );
#2261 = ORIENTED_EDGE('',*,*,#2262,.F.);
#2262 = EDGE_CURVE('',#434,#2242,#2263,.T.);
#2263 = SURFACE_CURVE('',#2264,(#2268,#2275),.PCURVE_S1.);
#2264 = LINE('',#2265,#2266);
#2265 = CARTESIAN_POINT('',(232.55,-1.,12.791168824543));
#2266 = VECTOR('',#2267,1.);
#2267 = DIRECTION('',(-0.,1.,-0.));
#2268 = PCURVE('',#449,#2269);
#2269 = DEFINITIONAL_REPRESENTATION('',(#2270),#2274);
#2270 = LINE('',#2271,#2272);
#2271 = CARTESIAN_POINT('',(6.074873734153,0.));
#2272 = VECTOR('',#2273,1.);
#2273 = DIRECTION('',(0.,-1.));
#2274 = ( GEOMETRIC_REPRESENTATION_CONTEXT(2) 
PARAMETRIC_REPRESENTATION_CONTEXT() REPRESENTATION_CONTEXT('2D SPACE',''
  ) );
#2275 = PCURVE('',#476,#2276);
#2276 = DEFINITIONAL_REPRESENTATION('',(#2277),#2281);
#2277 = LINE('',#2278,#2279);
#2278 = CARTESIAN_POINT('',(0.,0.));
#2279 = VECTOR('',#2280,1.);
#2280 = DIRECTION('',(0.,-1.));
#2281 = ( GEOMETRIC_REPRESENTATION_CONTEXT(2) 
PARAMETRIC_REPRESENTATION_CONTEXT() REPRESENTATION_CONTEXT('2D SPACE',''
  ) );
#2282 = ADVANCED_FACE('',(#2283),#476,.F.);
#2283 = FACE_BOUND('',#2284,.F.);
#2284 = EDGE_LOOP('',(#2285,#2286,#2287,#2308));
#2285 = ORIENTED_EDGE('',*,*,#460,.T.);
#2286 = ORIENTED_EDGE('',*,*,#2262,.T.);
#2287 = ORIENTED_EDGE('',*,*,#2288,.F.);
#2288 = EDGE_CURVE('',#2289,#2242,#2291,.T.);
#2289 = VERTEX_POINT('',#2290);
#2290 = CARTESIAN_POINT('',(228.25441558772,6.,8.495584412272));
#2291 = SURFACE_CURVE('',#2292,(#2296,#2302),.PCURVE_S1.);
#2292 = LINE('',#2293,#2294);
#2293 = CARTESIAN_POINT('',(210.76470779386,6.,-8.994123381593));
#2294 = VECTOR('',#2295,1.);
#2295 = DIRECTION('',(0.707106781187,-0.,0.707106781187));
#2296 = PCURVE('',#476,#2297);
#2297 = DEFINITIONAL_REPRESENTATION('',(#2298),#2301);
#2298 = B_SPLINE_CURVE_WITH_KNOTS('',1,(#2299,#2300),.UNSPECIFIED.,.F.,
  .F.,(2,2),(24.734181964025,30.809055698178),.PIECEWISE_BEZIER_KNOTS.);
#2299 = CARTESIAN_POINT('',(6.074873734153,-7.));
#2300 = CARTESIAN_POINT('',(0.,-7.));
#2301 = ( GEOMETRIC_REPRESENTATION_CONTEXT(2) 
PARAMETRIC_REPRESENTATION_CONTEXT() REPRESENTATION_CONTEXT('2D SPACE',''
  ) );
#2302 = PCURVE('',#964,#2303);
#2303 = DEFINITIONAL_REPRESENTATION('',(#2304),#2307);
#2304 = B_SPLINE_CURVE_WITH_KNOTS('',1,(#2305,#2306),.UNSPECIFIED.,.F.,
  .F.,(2,2),(24.734181964025,30.809055698178),.PIECEWISE_BEZIER_KNOTS.);
#2305 = CARTESIAN_POINT('',(8.495584412272,70.054415587728));
#2306 = CARTESIAN_POINT('',(12.791168824543,74.35));
#2307 = ( GEOMETRIC_REPRESENTATION_CONTEXT(2) 
PARAMETRIC_REPRESENTATION_CONTEXT() REPRESENTATION_CONTEXT('2D SPACE',''
  ) );
#2308 = ORIENTED_EDGE('',*,*,#2309,.F.);
#2309 = EDGE_CURVE('',#461,#2289,#2310,.T.);
#2310 = SURFACE_CURVE('',#2311,(#2315,#2322),.PCURVE_S1.);
#2311 = LINE('',#2312,#2313);
#2312 = CARTESIAN_POINT('',(228.25441558772,-1.,8.495584412272));
#2313 = VECTOR('',#2314,1.);
#2314 = DIRECTION('',(-0.,1.,-0.));
#2315 = PCURVE('',#476,#2316);
#2316 = DEFINITIONAL_REPRESENTATION('',(#2317),#2321);
#2317 = LINE('',#2318,#2319);
#2318 = CARTESIAN_POINT('',(6.074873734153,0.));
#2319 = VECTOR('',#2320,1.);
#2320 = DIRECTION('',(0.,-1.));
#2321 = ( GEOMETRIC_REPRESENTATION_CONTEXT(2) 
PARAMETRIC_REPRESENTATION_CONTEXT() REPRESENTATION_CONTEXT('2D SPACE',''
  ) );
#2322 = PCURVE('',#506,#2323);
#2323 = DEFINITIONAL_REPRESENTATION('',(#2324),#2328);
#2324 = LINE('',#2325,#2326);
#2325 = CARTESIAN_POINT('',(0.,0.));
#2326 = VECTOR('',#2327,1.);
#2327 = DIRECTION('',(0.,-1.));
#2328 = ( GEOMETRIC_REPRESENTATION_CONTEXT(2) 
PARAMETRIC_REPRESENTATION_CONTEXT() REPRESENTATION_CONTEXT('2D SPACE',''
  ) );
#2329 = ADVANCED_FACE('',(#2330),#506,.F.);
#2330 = FACE_BOUND('',#2331,.F.);
#2331 = EDGE_LOOP('',(#2332,#2333,#2334,#2360));
#2332 = ORIENTED_EDGE('',*,*,#487,.F.);
#2333 = ORIENTED_EDGE('',*,*,#2309,.T.);
#2334 = ORIENTED_EDGE('',*,*,#2335,.T.);
#2335 = EDGE_CURVE('',#2289,#2118,#2336,.T.);
#2336 = SURFACE_CURVE('',#2337,(#2342,#2349),.PCURVE_S1.);
#2337 = CIRCLE('',#2338,3.6);
#2338 = AXIS2_PLACEMENT_3D('',#2339,#2340,#2341);
#2339 = CARTESIAN_POINT('',(230.8,6.,5.95));
#2340 = DIRECTION('',(0.,-1.,-0.));
#2341 = DIRECTION('',(-0.707106781187,-0.,0.707106781187));
#2342 = PCURVE('',#506,#2343);
#2343 = DEFINITIONAL_REPRESENTATION('',(#2344),#2348);
#2344 = LINE('',#2345,#2346);
#2345 = CARTESIAN_POINT('',(0.,-7.));
#2346 = VECTOR('',#2347,1.);
#2347 = DIRECTION('',(1.,0.));
#2348 = ( GEOMETRIC_REPRESENTATION_CONTEXT(2) 
PARAMETRIC_REPRESENTATION_CONTEXT() REPRESENTATION_CONTEXT('2D SPACE',''
  ) );
#2349 = PCURVE('',#964,#2350);
#2350 = DEFINITIONAL_REPRESENTATION('',(#2351),#2359);
#2351 = ( BOUNDED_CURVE() B_SPLINE_CURVE(2,(#2352,#2353,#2354,#2355,
#2356,#2357,#2358),.UNSPECIFIED.,.T.,.F.) B_SPLINE_CURVE_WITH_KNOTS((1,2
    ,2,2,2,1),(-2.094395102393,0.,2.094395102393,4.188790204786,
6.28318530718,8.377580409573),.UNSPECIFIED.) CURVE() 
GEOMETRIC_REPRESENTATION_ITEM() RATIONAL_B_SPLINE_CURVE((1.,0.5,1.,0.5,
1.,0.5,1.)) REPRESENTATION_ITEM('') );
#2352 = CARTESIAN_POINT('',(8.495584412272,70.054415587728));
#2353 = CARTESIAN_POINT('',(4.086502875262,65.645334050719));
#2354 = CARTESIAN_POINT('',(2.472667025359,71.668251437631));
#2355 = CARTESIAN_POINT('',(0.858831175457,77.691168824543));
#2356 = CARTESIAN_POINT('',(6.881748562369,76.077332974641));
#2357 = CARTESIAN_POINT('',(12.904665949281,74.463497124738));
#2358 = CARTESIAN_POINT('',(8.495584412272,70.054415587728));
#2359 = ( GEOMETRIC_REPRESENTATION_CONTEXT(2) 
PARAMETRIC_REPRESENTATION_CONTEXT() REPRESENTATION_CONTEXT('2D SPACE',''
  ) );
#2360 = ORIENTED_EDGE('',*,*,#2117,.F.);
#2361 = ADVANCED_FACE('',(#2362),#538,.F.);
#2362 = FACE_BOUND('',#2363,.F.);
#2363 = EDGE_LOOP('',(#2364,#2365,#2388,#2409));
#2364 = ORIENTED_EDGE('',*,*,#520,.T.);
#2365 = ORIENTED_EDGE('',*,*,#2366,.T.);
#2366 = EDGE_CURVE('',#523,#2367,#2369,.T.);
#2367 = VERTEX_POINT('',#2368);
#2368 = CARTESIAN_POINT('',(230.8,6.,34.1));
#2369 = SURFACE_CURVE('',#2370,(#2374,#2381),.PCURVE_S1.);
#2370 = LINE('',#2371,#2372);
#2371 = CARTESIAN_POINT('',(230.8,-1.,34.1));
#2372 = VECTOR('',#2373,1.);
#2373 = DIRECTION('',(-0.,1.,-0.));
#2374 = PCURVE('',#538,#2375);
#2375 = DEFINITIONAL_REPRESENTATION('',(#2376),#2380);
#2376 = LINE('',#2377,#2378);
#2377 = CARTESIAN_POINT('',(0.,0.));
#2378 = VECTOR('',#2379,1.);
#2379 = DIRECTION('',(0.,-1.));
#2380 = ( GEOMETRIC_REPRESENTATION_CONTEXT(2) 
PARAMETRIC_REPRESENTATION_CONTEXT() REPRESENTATION_CONTEXT('2D SPACE',''
  ) );
#2381 = PCURVE('',#655,#2382);
#2382 = DEFINITIONAL_REPRESENTATION('',(#2383),#2387);
#2383 = LINE('',#2384,#2385);
#2384 = CARTESIAN_POINT('',(2.356194490192,0.));
#2385 = VECTOR('',#2386,1.);
#2386 = DIRECTION('',(0.,-1.));
#2387 = ( GEOMETRIC_REPRESENTATION_CONTEXT(2) 
PARAMETRIC_REPRESENTATION_CONTEXT() REPRESENTATION_CONTEXT('2D SPACE',''
  ) );
#2388 = ORIENTED_EDGE('',*,*,#2389,.F.);
#2389 = EDGE_CURVE('',#2390,#2367,#2392,.T.);
#2390 = VERTEX_POINT('',#2391);
#2391 = CARTESIAN_POINT('',(234.3,6.,34.1));
#2392 = SURFACE_CURVE('',#2393,(#2397,#2403),.PCURVE_S1.);
#2393 = LINE('',#2394,#2395);
#2394 = CARTESIAN_POINT('',(194.5,6.,34.1));
#2395 = VECTOR('',#2396,1.);
#2396 = DIRECTION('',(-1.,0.,0.));
#2397 = PCURVE('',#538,#2398);
#2398 = DEFINITIONAL_REPRESENTATION('',(#2399),#2402);
#2399 = B_SPLINE_CURVE_WITH_KNOTS('',1,(#2400,#2401),.UNSPECIFIED.,.F.,
  .F.,(2,2),(-39.8,-36.3),.PIECEWISE_BEZIER_KNOTS.);
#2400 = CARTESIAN_POINT('',(3.5,-7.));
#2401 = CARTESIAN_POINT('',(0.,-7.));
#2402 = ( GEOMETRIC_REPRESENTATION_CONTEXT(2) 
PARAMETRIC_REPRESENTATION_CONTEXT() REPRESENTATION_CONTEXT('2D SPACE',''
  ) );
#2403 = PCURVE('',#964,#2404);
#2404 = DEFINITIONAL_REPRESENTATION('',(#2405),#2408);
#2405 = B_SPLINE_CURVE_WITH_KNOTS('',1,(#2406,#2407),.UNSPECIFIED.,.F.,
  .F.,(2,2),(-39.8,-36.3),.PIECEWISE_BEZIER_KNOTS.);
#2406 = CARTESIAN_POINT('',(34.1,76.1));
#2407 = CARTESIAN_POINT('',(34.1,72.6));
#2408 = ( GEOMETRIC_REPRESENTATION_CONTEXT(2) 
PARAMETRIC_REPRESENTATION_CONTEXT() REPRESENTATION_CONTEXT('2D SPACE',''
  ) );
#2409 = ORIENTED_EDGE('',*,*,#2410,.F.);
#2410 = EDGE_CURVE('',#521,#2390,#2411,.T.);
#2411 = SURFACE_CURVE('',#2412,(#2416,#2423),.PCURVE_S1.);
#2412 = LINE('',#2413,#2414);
#2413 = CARTESIAN_POINT('',(234.3,-1.,34.1));
#2414 = VECTOR('',#2415,1.);
#2415 = DIRECTION('',(-0.,1.,-0.));
#2416 = PCURVE('',#538,#2417);
#2417 = DEFINITIONAL_REPRESENTATION('',(#2418),#2422);
#2418 = LINE('',#2419,#2420);
#2419 = CARTESIAN_POINT('',(3.5,0.));
#2420 = VECTOR('',#2421,1.);
#2421 = DIRECTION('',(0.,-1.));
#2422 = ( GEOMETRIC_REPRESENTATION_CONTEXT(2) 
PARAMETRIC_REPRESENTATION_CONTEXT() REPRESENTATION_CONTEXT('2D SPACE',''
  ) );
#2423 = PCURVE('',#570,#2424);
#2424 = DEFINITIONAL_REPRESENTATION('',(#2425),#2429);
#2425 = LINE('',#2426,#2427);
#2426 = CARTESIAN_POINT('',(0.,0.));
#2427 = VECTOR('',#2428,1.);
#2428 = DIRECTION('',(0.,-1.));
#2429 = ( GEOMETRIC_REPRESENTATION_CONTEXT(2) 
PARAMETRIC_REPRESENTATION_CONTEXT() REPRESENTATION_CONTEXT('2D SPACE',''
  ) );
#2430 = ADVANCED_FACE('',(#2431),#570,.F.);
#2431 = FACE_BOUND('',#2432,.F.);
#2432 = EDGE_LOOP('',(#2433,#2434,#2435,#2463));
#2433 = ORIENTED_EDGE('',*,*,#549,.F.);
#2434 = ORIENTED_EDGE('',*,*,#2410,.T.);
#2435 = ORIENTED_EDGE('',*,*,#2436,.T.);
#2436 = EDGE_CURVE('',#2390,#2437,#2439,.T.);
#2437 = VERTEX_POINT('',#2438);
#2438 = CARTESIAN_POINT('',(236.84558441227,6.,40.245584412272));
#2439 = SURFACE_CURVE('',#2440,(#2445,#2452),.PCURVE_S1.);
#2440 = CIRCLE('',#2441,3.6);
#2441 = AXIS2_PLACEMENT_3D('',#2442,#2443,#2444);
#2442 = CARTESIAN_POINT('',(234.3,6.,37.7));
#2443 = DIRECTION('',(0.,-1.,0.));
#2444 = DIRECTION('',(0.,0.,-1.));
#2445 = PCURVE('',#570,#2446);
#2446 = DEFINITIONAL_REPRESENTATION('',(#2447),#2451);
#2447 = LINE('',#2448,#2449);
#2448 = CARTESIAN_POINT('',(0.,-7.));
#2449 = VECTOR('',#2450,1.);
#2450 = DIRECTION('',(1.,0.));
#2451 = ( GEOMETRIC_REPRESENTATION_CONTEXT(2) 
PARAMETRIC_REPRESENTATION_CONTEXT() REPRESENTATION_CONTEXT('2D SPACE',''
  ) );
#2452 = PCURVE('',#964,#2453);
#2453 = DEFINITIONAL_REPRESENTATION('',(#2454),#2462);
#2454 = ( BOUNDED_CURVE() B_SPLINE_CURVE(2,(#2455,#2456,#2457,#2458,
#2459,#2460,#2461),.UNSPECIFIED.,.T.,.F.) B_SPLINE_CURVE_WITH_KNOTS((1,2
    ,2,2,2,1),(-2.094395102393,0.,2.094395102393,4.188790204786,
6.28318530718,8.377580409573),.UNSPECIFIED.) CURVE() 
GEOMETRIC_REPRESENTATION_ITEM() RATIONAL_B_SPLINE_CURVE((1.,0.5,1.,0.5,
1.,0.5,1.)) REPRESENTATION_ITEM('') );
#2455 = CARTESIAN_POINT('',(34.1,76.1));
#2456 = CARTESIAN_POINT('',(34.1,82.335382907248));
#2457 = CARTESIAN_POINT('',(39.5,79.217691453624));
#2458 = CARTESIAN_POINT('',(44.9,76.1));
#2459 = CARTESIAN_POINT('',(39.5,72.982308546376));
#2460 = CARTESIAN_POINT('',(34.1,69.864617092752));
#2461 = CARTESIAN_POINT('',(34.1,76.1));
#2462 = ( GEOMETRIC_REPRESENTATION_CONTEXT(2) 
PARAMETRIC_REPRESENTATION_CONTEXT() REPRESENTATION_CONTEXT('2D SPACE',''
  ) );
#2463 = ORIENTED_EDGE('',*,*,#2464,.F.);
#2464 = EDGE_CURVE('',#550,#2437,#2465,.T.);
#2465 = SURFACE_CURVE('',#2466,(#2470,#2477),.PCURVE_S1.);
#2466 = LINE('',#2467,#2468);
#2467 = CARTESIAN_POINT('',(236.84558441227,-1.,40.245584412272));
#2468 = VECTOR('',#2469,1.);
#2469 = DIRECTION('',(-0.,1.,-0.));
#2470 = PCURVE('',#570,#2471);
#2471 = DEFINITIONAL_REPRESENTATION('',(#2472),#2476);
#2472 = LINE('',#2473,#2474);
#2473 = CARTESIAN_POINT('',(2.356194490192,0.));
#2474 = VECTOR('',#2475,1.);
#2475 = DIRECTION('',(0.,-1.));
#2476 = ( GEOMETRIC_REPRESENTATION_CONTEXT(2) 
PARAMETRIC_REPRESENTATION_CONTEXT() REPRESENTATION_CONTEXT('2D SPACE',''
  ) );
#2477 = PCURVE('',#598,#2478);
#2478 = DEFINITIONAL_REPRESENTATION('',(#2479),#2483);
#2479 = LINE('',#2480,#2481);
#2480 = CARTESIAN_POINT('',(0.,0.));
#2481 = VECTOR('',#2482,1.);
#2482 = DIRECTION('',(0.,-1.));
#2483 = ( GEOMETRIC_REPRESENTATION_CONTEXT(2) 
PARAMETRIC_REPRESENTATION_CONTEXT() REPRESENTATION_CONTEXT('2D SPACE',''
  ) );
#2484 = ADVANCED_FACE('',(#2485),#598,.F.);
#2485 = FACE_BOUND('',#2486,.F.);
#2486 = EDGE_LOOP('',(#2487,#2488,#2489,#2510));
#2487 = ORIENTED_EDGE('',*,*,#582,.T.);
#2488 = ORIENTED_EDGE('',*,*,#2464,.T.);
#2489 = ORIENTED_EDGE('',*,*,#2490,.F.);
#2490 = EDGE_CURVE('',#2491,#2437,#2493,.T.);
#2491 = VERTEX_POINT('',#2492);
#2492 = CARTESIAN_POINT('',(232.55,6.,44.541168824543));
#2493 = SURFACE_CURVE('',#2494,(#2498,#2504),.PCURVE_S1.);
#2494 = LINE('',#2495,#2496);
#2495 = CARTESIAN_POINT('',(227.24558441227,6.,49.845584412272));
#2496 = VECTOR('',#2497,1.);
#2497 = DIRECTION('',(0.707106781187,0.,-0.707106781187));
#2498 = PCURVE('',#598,#2499);
#2499 = DEFINITIONAL_REPRESENTATION('',(#2500),#2503);
#2500 = B_SPLINE_CURVE_WITH_KNOTS('',1,(#2501,#2502),.UNSPECIFIED.,.F.,
  .F.,(2,2),(7.501576464629,13.576450198782),.PIECEWISE_BEZIER_KNOTS.);
#2501 = CARTESIAN_POINT('',(6.074873734153,-7.));
#2502 = CARTESIAN_POINT('',(0.,-7.));
#2503 = ( GEOMETRIC_REPRESENTATION_CONTEXT(2) 
PARAMETRIC_REPRESENTATION_CONTEXT() REPRESENTATION_CONTEXT('2D SPACE',''
  ) );
#2504 = PCURVE('',#964,#2505);
#2505 = DEFINITIONAL_REPRESENTATION('',(#2506),#2509);
#2506 = B_SPLINE_CURVE_WITH_KNOTS('',1,(#2507,#2508),.UNSPECIFIED.,.F.,
  .F.,(2,2),(7.501576464629,13.576450198782),.PIECEWISE_BEZIER_KNOTS.);
#2507 = CARTESIAN_POINT('',(44.541168824543,74.35));
#2508 = CARTESIAN_POINT('',(40.245584412272,78.645584412272));
#2509 = ( GEOMETRIC_REPRESENTATION_CONTEXT(2) 
PARAMETRIC_REPRESENTATION_CONTEXT() REPRESENTATION_CONTEXT('2D SPACE',''
  ) );
#2510 = ORIENTED_EDGE('',*,*,#2511,.F.);
#2511 = EDGE_CURVE('',#583,#2491,#2512,.T.);
#2512 = SURFACE_CURVE('',#2513,(#2517,#2524),.PCURVE_S1.);
#2513 = LINE('',#2514,#2515);
#2514 = CARTESIAN_POINT('',(232.55,-1.,44.541168824543));
#2515 = VECTOR('',#2516,1.);
#2516 = DIRECTION('',(-0.,1.,-0.));
#2517 = PCURVE('',#598,#2518);
#2518 = DEFINITIONAL_REPRESENTATION('',(#2519),#2523);
#2519 = LINE('',#2520,#2521);
#2520 = CARTESIAN_POINT('',(6.074873734153,0.));
#2521 = VECTOR('',#2522,1.);
#2522 = DIRECTION('',(0.,-1.));
#2523 = ( GEOMETRIC_REPRESENTATION_CONTEXT(2) 
PARAMETRIC_REPRESENTATION_CONTEXT() REPRESENTATION_CONTEXT('2D SPACE',''
  ) );
#2524 = PCURVE('',#625,#2525);
#2525 = DEFINITIONAL_REPRESENTATION('',(#2526),#2530);
#2526 = LINE('',#2527,#2528);
#2527 = CARTESIAN_POINT('',(0.,0.));
#2528 = VECTOR('',#2529,1.);
#2529 = DIRECTION('',(0.,-1.));
#2530 = ( GEOMETRIC_REPRESENTATION_CONTEXT(2) 
PARAMETRIC_REPRESENTATION_CONTEXT() REPRESENTATION_CONTEXT('2D SPACE',''
  ) );
#2531 = ADVANCED_FACE('',(#2532),#625,.F.);
#2532 = FACE_BOUND('',#2533,.F.);
#2533 = EDGE_LOOP('',(#2534,#2535,#2536,#2557));
#2534 = ORIENTED_EDGE('',*,*,#609,.T.);
#2535 = ORIENTED_EDGE('',*,*,#2511,.T.);
#2536 = ORIENTED_EDGE('',*,*,#2537,.F.);
#2537 = EDGE_CURVE('',#2538,#2491,#2540,.T.);
#2538 = VERTEX_POINT('',#2539);
#2539 = CARTESIAN_POINT('',(228.25441558772,6.,40.245584412272));
#2540 = SURFACE_CURVE('',#2541,(#2545,#2551),.PCURVE_S1.);
#2541 = LINE('',#2542,#2543);
#2542 = CARTESIAN_POINT('',(202.82720779386,6.,14.818376618407));
#2543 = VECTOR('',#2544,1.);
#2544 = DIRECTION('',(0.707106781187,-0.,0.707106781187));
#2545 = PCURVE('',#625,#2546);
#2546 = DEFINITIONAL_REPRESENTATION('',(#2547),#2550);
#2547 = B_SPLINE_CURVE_WITH_KNOTS('',1,(#2548,#2549),.UNSPECIFIED.,.F.,
  .F.,(2,2),(35.959502115362,42.034375849515),.PIECEWISE_BEZIER_KNOTS.);
#2548 = CARTESIAN_POINT('',(6.074873734153,-7.));
#2549 = CARTESIAN_POINT('',(0.,-7.));
#2550 = ( GEOMETRIC_REPRESENTATION_CONTEXT(2) 
PARAMETRIC_REPRESENTATION_CONTEXT() REPRESENTATION_CONTEXT('2D SPACE',''
  ) );
#2551 = PCURVE('',#964,#2552);
#2552 = DEFINITIONAL_REPRESENTATION('',(#2553),#2556);
#2553 = B_SPLINE_CURVE_WITH_KNOTS('',1,(#2554,#2555),.UNSPECIFIED.,.F.,
  .F.,(2,2),(35.959502115362,42.034375849515),.PIECEWISE_BEZIER_KNOTS.);
#2554 = CARTESIAN_POINT('',(40.245584412272,70.054415587728));
#2555 = CARTESIAN_POINT('',(44.541168824543,74.35));
#2556 = ( GEOMETRIC_REPRESENTATION_CONTEXT(2) 
PARAMETRIC_REPRESENTATION_CONTEXT() REPRESENTATION_CONTEXT('2D SPACE',''
  ) );
#2557 = ORIENTED_EDGE('',*,*,#2558,.F.);
#2558 = EDGE_CURVE('',#610,#2538,#2559,.T.);
#2559 = SURFACE_CURVE('',#2560,(#2564,#2571),.PCURVE_S1.);
#2560 = LINE('',#2561,#2562);
#2561 = CARTESIAN_POINT('',(228.25441558772,-1.,40.245584412272));
#2562 = VECTOR('',#2563,1.);
#2563 = DIRECTION('',(-0.,1.,-0.));
#2564 = PCURVE('',#625,#2565);
#2565 = DEFINITIONAL_REPRESENTATION('',(#2566),#2570);
#2566 = LINE('',#2567,#2568);
#2567 = CARTESIAN_POINT('',(6.074873734153,0.));
#2568 = VECTOR('',#2569,1.);
#2569 = DIRECTION('',(0.,-1.));
#2570 = ( GEOMETRIC_REPRESENTATION_CONTEXT(2) 
PARAMETRIC_REPRESENTATION_CONTEXT() REPRESENTATION_CONTEXT('2D SPACE',''
  ) );
#2571 = PCURVE('',#655,#2572);
#2572 = DEFINITIONAL_REPRESENTATION('',(#2573),#2577);
#2573 = LINE('',#2574,#2575);
#2574 = CARTESIAN_POINT('',(0.,0.));
#2575 = VECTOR('',#2576,1.);
#2576 = DIRECTION('',(0.,-1.));
#2577 = ( GEOMETRIC_REPRESENTATION_CONTEXT(2) 
PARAMETRIC_REPRESENTATION_CONTEXT() REPRESENTATION_CONTEXT('2D SPACE',''
  ) );
#2578 = ADVANCED_FACE('',(#2579),#655,.F.);
#2579 = FACE_BOUND('',#2580,.F.);
#2580 = EDGE_LOOP('',(#2581,#2582,#2583,#2609));
#2581 = ORIENTED_EDGE('',*,*,#636,.F.);
#2582 = ORIENTED_EDGE('',*,*,#2558,.T.);
#2583 = ORIENTED_EDGE('',*,*,#2584,.T.);
#2584 = EDGE_CURVE('',#2538,#2367,#2585,.T.);
#2585 = SURFACE_CURVE('',#2586,(#2591,#2598),.PCURVE_S1.);
#2586 = CIRCLE('',#2587,3.6);
#2587 = AXIS2_PLACEMENT_3D('',#2588,#2589,#2590);
#2588 = CARTESIAN_POINT('',(230.8,6.,37.7));
#2589 = DIRECTION('',(0.,-1.,-0.));
#2590 = DIRECTION('',(-0.707106781187,-0.,0.707106781187));
#2591 = PCURVE('',#655,#2592);
#2592 = DEFINITIONAL_REPRESENTATION('',(#2593),#2597);
#2593 = LINE('',#2594,#2595);
#2594 = CARTESIAN_POINT('',(0.,-7.));
#2595 = VECTOR('',#2596,1.);
#2596 = DIRECTION('',(1.,0.));
#2597 = ( GEOMETRIC_REPRESENTATION_CONTEXT(2) 
PARAMETRIC_REPRESENTATION_CONTEXT() REPRESENTATION_CONTEXT('2D SPACE',''
  ) );
#2598 = PCURVE('',#964,#2599);
#2599 = DEFINITIONAL_REPRESENTATION('',(#2600),#2608);
#2600 = ( BOUNDED_CURVE() B_SPLINE_CURVE(2,(#2601,#2602,#2603,#2604,
#2605,#2606,#2607),.UNSPECIFIED.,.T.,.F.) B_SPLINE_CURVE_WITH_KNOTS((1,2
    ,2,2,2,1),(-2.094395102393,0.,2.094395102393,4.188790204786,
6.28318530718,8.377580409573),.UNSPECIFIED.) CURVE() 
GEOMETRIC_REPRESENTATION_ITEM() RATIONAL_B_SPLINE_CURVE((1.,0.5,1.,0.5,
1.,0.5,1.)) REPRESENTATION_ITEM('') );
#2601 = CARTESIAN_POINT('',(40.245584412272,70.054415587728));
#2602 = CARTESIAN_POINT('',(35.836502875262,65.645334050719));
#2603 = CARTESIAN_POINT('',(34.222667025359,71.668251437631));
#2604 = CARTESIAN_POINT('',(32.608831175457,77.691168824543));
#2605 = CARTESIAN_POINT('',(38.631748562369,76.077332974641));
#2606 = CARTESIAN_POINT('',(44.654665949281,74.463497124738));
#2607 = CARTESIAN_POINT('',(40.245584412272,70.054415587728));
#2608 = ( GEOMETRIC_REPRESENTATION_CONTEXT(2) 
PARAMETRIC_REPRESENTATION_CONTEXT() REPRESENTATION_CONTEXT('2D SPACE',''
  ) );
#2609 = ORIENTED_EDGE('',*,*,#2366,.F.);
#2610 = ADVANCED_FACE('',(#2611),#687,.F.);
#2611 = FACE_BOUND('',#2612,.F.);
#2612 = EDGE_LOOP('',(#2613,#2614,#2637,#2658));
#2613 = ORIENTED_EDGE('',*,*,#669,.T.);
#2614 = ORIENTED_EDGE('',*,*,#2615,.T.);
#2615 = EDGE_CURVE('',#672,#2616,#2618,.T.);
#2616 = VERTEX_POINT('',#2617);
#2617 = CARTESIAN_POINT('',(230.8,6.,46.8));
#2618 = SURFACE_CURVE('',#2619,(#2623,#2630),.PCURVE_S1.);
#2619 = LINE('',#2620,#2621);
#2620 = CARTESIAN_POINT('',(230.8,-1.,46.8));
#2621 = VECTOR('',#2622,1.);
#2622 = DIRECTION('',(-0.,1.,-0.));
#2623 = PCURVE('',#687,#2624);
#2624 = DEFINITIONAL_REPRESENTATION('',(#2625),#2629);
#2625 = LINE('',#2626,#2627);
#2626 = CARTESIAN_POINT('',(0.,0.));
#2627 = VECTOR('',#2628,1.);
#2628 = DIRECTION('',(0.,-1.));
#2629 = ( GEOMETRIC_REPRESENTATION_CONTEXT(2) 
PARAMETRIC_REPRESENTATION_CONTEXT() REPRESENTATION_CONTEXT('2D SPACE',''
  ) );
#2630 = PCURVE('',#804,#2631);
#2631 = DEFINITIONAL_REPRESENTATION('',(#2632),#2636);
#2632 = LINE('',#2633,#2634);
#2633 = CARTESIAN_POINT('',(2.356194490192,0.));
#2634 = VECTOR('',#2635,1.);
#2635 = DIRECTION('',(0.,-1.));
#2636 = ( GEOMETRIC_REPRESENTATION_CONTEXT(2) 
PARAMETRIC_REPRESENTATION_CONTEXT() REPRESENTATION_CONTEXT('2D SPACE',''
  ) );
#2637 = ORIENTED_EDGE('',*,*,#2638,.F.);
#2638 = EDGE_CURVE('',#2639,#2616,#2641,.T.);
#2639 = VERTEX_POINT('',#2640);
#2640 = CARTESIAN_POINT('',(234.3,6.,46.8));
#2641 = SURFACE_CURVE('',#2642,(#2646,#2652),.PCURVE_S1.);
#2642 = LINE('',#2643,#2644);
#2643 = CARTESIAN_POINT('',(194.5,6.,46.8));
#2644 = VECTOR('',#2645,1.);
#2645 = DIRECTION('',(-1.,0.,0.));
#2646 = PCURVE('',#687,#2647);
#2647 = DEFINITIONAL_REPRESENTATION('',(#2648),#2651);
#2648 = B_SPLINE_CURVE_WITH_KNOTS('',1,(#2649,#2650),.UNSPECIFIED.,.F.,
  .F.,(2,2),(-39.8,-36.3),.PIECEWISE_BEZIER_KNOTS.);
#2649 = CARTESIAN_POINT('',(3.5,-7.));
#2650 = CARTESIAN_POINT('',(0.,-7.));
#2651 = ( GEOMETRIC_REPRESENTATION_CONTEXT(2) 
PARAMETRIC_REPRESENTATION_CONTEXT() REPRESENTATION_CONTEXT('2D SPACE',''
  ) );
#2652 = PCURVE('',#964,#2653);
#2653 = DEFINITIONAL_REPRESENTATION('',(#2654),#2657);
#2654 = B_SPLINE_CURVE_WITH_KNOTS('',1,(#2655,#2656),.UNSPECIFIED.,.F.,
  .F.,(2,2),(-39.8,-36.3),.PIECEWISE_BEZIER_KNOTS.);
#2655 = CARTESIAN_POINT('',(46.8,76.1));
#2656 = CARTESIAN_POINT('',(46.8,72.6));
#2657 = ( GEOMETRIC_REPRESENTATION_CONTEXT(2) 
PARAMETRIC_REPRESENTATION_CONTEXT() REPRESENTATION_CONTEXT('2D SPACE',''
  ) );
#2658 = ORIENTED_EDGE('',*,*,#2659,.F.);
#2659 = EDGE_CURVE('',#670,#2639,#2660,.T.);
#2660 = SURFACE_CURVE('',#2661,(#2665,#2672),.PCURVE_S1.);
#2661 = LINE('',#2662,#2663);
#2662 = CARTESIAN_POINT('',(234.3,-1.,46.8));
#2663 = VECTOR('',#2664,1.);
#2664 = DIRECTION('',(-0.,1.,-0.));
#2665 = PCURVE('',#687,#2666);
#2666 = DEFINITIONAL_REPRESENTATION('',(#2667),#2671);
#2667 = LINE('',#2668,#2669);
#2668 = CARTESIAN_POINT('',(3.5,0.));
#2669 = VECTOR('',#2670,1.);
#2670 = DIRECTION('',(0.,-1.));
#2671 = ( GEOMETRIC_REPRESENTATION_CONTEXT(2) 
PARAMETRIC_REPRESENTATION_CONTEXT() REPRESENTATION_CONTEXT('2D SPACE',''
  ) );
#2672 = PCURVE('',#719,#2673);
#2673 = DEFINITIONAL_REPRESENTATION('',(#2674),#2678);
#2674 = LINE('',#2675,#2676);
#2675 = CARTESIAN_POINT('',(0.,0.));
#2676 = VECTOR('',#2677,1.);
#2677 = DIRECTION('',(0.,-1.));
#2678 = ( GEOMETRIC_REPRESENTATION_CONTEXT(2) 
PARAMETRIC_REPRESENTATION_CONTEXT() REPRESENTATION_CONTEXT('2D SPACE',''
  ) );
#2679 = ADVANCED_FACE('',(#2680),#719,.F.);
#2680 = FACE_BOUND('',#2681,.F.);
#2681 = EDGE_LOOP('',(#2682,#2683,#2684,#2712));
#2682 = ORIENTED_EDGE('',*,*,#698,.F.);
#2683 = ORIENTED_EDGE('',*,*,#2659,.T.);
#2684 = ORIENTED_EDGE('',*,*,#2685,.T.);
#2685 = EDGE_CURVE('',#2639,#2686,#2688,.T.);
#2686 = VERTEX_POINT('',#2687);
#2687 = CARTESIAN_POINT('',(236.84558441227,6.,52.945584412272));
#2688 = SURFACE_CURVE('',#2689,(#2694,#2701),.PCURVE_S1.);
#2689 = CIRCLE('',#2690,3.6);
#2690 = AXIS2_PLACEMENT_3D('',#2691,#2692,#2693);
#2691 = CARTESIAN_POINT('',(234.3,6.,50.4));
#2692 = DIRECTION('',(0.,-1.,0.));
#2693 = DIRECTION('',(0.,0.,-1.));
#2694 = PCURVE('',#719,#2695);
#2695 = DEFINITIONAL_REPRESENTATION('',(#2696),#2700);
#2696 = LINE('',#2697,#2698);
#2697 = CARTESIAN_POINT('',(0.,-7.));
#2698 = VECTOR('',#2699,1.);
#2699 = DIRECTION('',(1.,0.));
#2700 = ( GEOMETRIC_REPRESENTATION_CONTEXT(2) 
PARAMETRIC_REPRESENTATION_CONTEXT() REPRESENTATION_CONTEXT('2D SPACE',''
  ) );
#2701 = PCURVE('',#964,#2702);
#2702 = DEFINITIONAL_REPRESENTATION('',(#2703),#2711);
#2703 = ( BOUNDED_CURVE() B_SPLINE_CURVE(2,(#2704,#2705,#2706,#2707,
#2708,#2709,#2710),.UNSPECIFIED.,.T.,.F.) B_SPLINE_CURVE_WITH_KNOTS((1,2
    ,2,2,2,1),(-2.094395102393,0.,2.094395102393,4.188790204786,
6.28318530718,8.377580409573),.UNSPECIFIED.) CURVE() 
GEOMETRIC_REPRESENTATION_ITEM() RATIONAL_B_SPLINE_CURVE((1.,0.5,1.,0.5,
1.,0.5,1.)) REPRESENTATION_ITEM('') );
#2704 = CARTESIAN_POINT('',(46.8,76.1));
#2705 = CARTESIAN_POINT('',(46.8,82.335382907248));
#2706 = CARTESIAN_POINT('',(52.2,79.217691453624));
#2707 = CARTESIAN_POINT('',(57.6,76.1));
#2708 = CARTESIAN_POINT('',(52.2,72.982308546376));
#2709 = CARTESIAN_POINT('',(46.8,69.864617092752));
#2710 = CARTESIAN_POINT('',(46.8,76.1));
#2711 = ( GEOMETRIC_REPRESENTATION_CONTEXT(2) 
PARAMETRIC_REPRESENTATION_CONTEXT() REPRESENTATION_CONTEXT('2D SPACE',''
  ) );
#2712 = ORIENTED_EDGE('',*,*,#2713,.F.);
#2713 = EDGE_CURVE('',#699,#2686,#2714,.T.);
#2714 = SURFACE_CURVE('',#2715,(#2719,#2726),.PCURVE_S1.);
#2715 = LINE('',#2716,#2717);
#2716 = CARTESIAN_POINT('',(236.84558441227,-1.,52.945584412272));
#2717 = VECTOR('',#2718,1.);
#2718 = DIRECTION('',(-0.,1.,-0.));
#2719 = PCURVE('',#719,#2720);
#2720 = DEFINITIONAL_REPRESENTATION('',(#2721),#2725);
#2721 = LINE('',#2722,#2723);
#2722 = CARTESIAN_POINT('',(2.356194490192,0.));
#2723 = VECTOR('',#2724,1.);
#2724 = DIRECTION('',(0.,-1.));
#2725 = ( GEOMETRIC_REPRESENTATION_CONTEXT(2) 
PARAMETRIC_REPRESENTATION_CONTEXT() REPRESENTATION_CONTEXT('2D SPACE',''
  ) );
#2726 = PCURVE('',#747,#2727);
#2727 = DEFINITIONAL_REPRESENTATION('',(#2728),#2732);
#2728 = LINE('',#2729,#2730);
#2729 = CARTESIAN_POINT('',(0.,0.));
#2730 = VECTOR('',#2731,1.);
#2731 = DIRECTION('',(0.,-1.));
#2732 = ( GEOMETRIC_REPRESENTATION_CONTEXT(2) 
PARAMETRIC_REPRESENTATION_CONTEXT() REPRESENTATION_CONTEXT('2D SPACE',''
  ) );
#2733 = ADVANCED_FACE('',(#2734),#747,.F.);
#2734 = FACE_BOUND('',#2735,.F.);
#2735 = EDGE_LOOP('',(#2736,#2737,#2738,#2759));
#2736 = ORIENTED_EDGE('',*,*,#731,.T.);
#2737 = ORIENTED_EDGE('',*,*,#2713,.T.);
#2738 = ORIENTED_EDGE('',*,*,#2739,.F.);
#2739 = EDGE_CURVE('',#2740,#2686,#2742,.T.);
#2740 = VERTEX_POINT('',#2741);
#2741 = CARTESIAN_POINT('',(232.55,6.,57.241168824543));
#2742 = SURFACE_CURVE('',#2743,(#2747,#2753),.PCURVE_S1.);
#2743 = LINE('',#2744,#2745);
#2744 = CARTESIAN_POINT('',(230.42058441227,6.,59.370584412272));
#2745 = VECTOR('',#2746,1.);
#2746 = DIRECTION('',(0.707106781187,0.,-0.707106781187));
#2747 = PCURVE('',#747,#2748);
#2748 = DEFINITIONAL_REPRESENTATION('',(#2749),#2752);
#2749 = B_SPLINE_CURVE_WITH_KNOTS('',1,(#2750,#2751),.UNSPECIFIED.,.F.,
  .F.,(2,2),(3.011448404094,9.086322138247),.PIECEWISE_BEZIER_KNOTS.);
#2750 = CARTESIAN_POINT('',(6.074873734153,-7.));
#2751 = CARTESIAN_POINT('',(0.,-7.));
#2752 = ( GEOMETRIC_REPRESENTATION_CONTEXT(2) 
PARAMETRIC_REPRESENTATION_CONTEXT() REPRESENTATION_CONTEXT('2D SPACE',''
  ) );
#2753 = PCURVE('',#964,#2754);
#2754 = DEFINITIONAL_REPRESENTATION('',(#2755),#2758);
#2755 = B_SPLINE_CURVE_WITH_KNOTS('',1,(#2756,#2757),.UNSPECIFIED.,.F.,
  .F.,(2,2),(3.011448404094,9.086322138247),.PIECEWISE_BEZIER_KNOTS.);
#2756 = CARTESIAN_POINT('',(57.241168824543,74.35));
#2757 = CARTESIAN_POINT('',(52.945584412272,78.645584412272));
#2758 = ( GEOMETRIC_REPRESENTATION_CONTEXT(2) 
PARAMETRIC_REPRESENTATION_CONTEXT() REPRESENTATION_CONTEXT('2D SPACE',''
  ) );
#2759 = ORIENTED_EDGE('',*,*,#2760,.F.);
#2760 = EDGE_CURVE('',#732,#2740,#2761,.T.);
#2761 = SURFACE_CURVE('',#2762,(#2766,#2773),.PCURVE_S1.);
#2762 = LINE('',#2763,#2764);
#2763 = CARTESIAN_POINT('',(232.55,-1.,57.241168824543));
#2764 = VECTOR('',#2765,1.);
#2765 = DIRECTION('',(-0.,1.,-0.));
#2766 = PCURVE('',#747,#2767);
#2767 = DEFINITIONAL_REPRESENTATION('',(#2768),#2772);
#2768 = LINE('',#2769,#2770);
#2769 = CARTESIAN_POINT('',(6.074873734153,0.));
#2770 = VECTOR('',#2771,1.);
#2771 = DIRECTION('',(0.,-1.));
#2772 = ( GEOMETRIC_REPRESENTATION_CONTEXT(2) 
PARAMETRIC_REPRESENTATION_CONTEXT() REPRESENTATION_CONTEXT('2D SPACE',''
  ) );
#2773 = PCURVE('',#774,#2774);
#2774 = DEFINITIONAL_REPRESENTATION('',(#2775),#2779);
#2775 = LINE('',#2776,#2777);
#2776 = CARTESIAN_POINT('',(0.,0.));
#2777 = VECTOR('',#2778,1.);
#2778 = DIRECTION('',(0.,-1.));
#2779 = ( GEOMETRIC_REPRESENTATION_CONTEXT(2) 
PARAMETRIC_REPRESENTATION_CONTEXT() REPRESENTATION_CONTEXT('2D SPACE',''
  ) );
#2780 = ADVANCED_FACE('',(#2781),#774,.F.);
#2781 = FACE_BOUND('',#2782,.F.);
#2782 = EDGE_LOOP('',(#2783,#2784,#2785,#2806));
#2783 = ORIENTED_EDGE('',*,*,#758,.T.);
#2784 = ORIENTED_EDGE('',*,*,#2760,.T.);
#2785 = ORIENTED_EDGE('',*,*,#2786,.F.);
#2786 = EDGE_CURVE('',#2787,#2740,#2789,.T.);
#2787 = VERTEX_POINT('',#2788);
#2788 = CARTESIAN_POINT('',(228.25441558772,6.,52.945584412272));
#2789 = SURFACE_CURVE('',#2790,(#2794,#2800),.PCURVE_S1.);
#2790 = LINE('',#2791,#2792);
#2791 = CARTESIAN_POINT('',(199.65220779386,6.,24.343376618407));
#2792 = VECTOR('',#2793,1.);
#2793 = DIRECTION('',(0.707106781187,-0.,0.707106781187));
#2794 = PCURVE('',#774,#2795);
#2795 = DEFINITIONAL_REPRESENTATION('',(#2796),#2799);
#2796 = B_SPLINE_CURVE_WITH_KNOTS('',1,(#2797,#2798),.UNSPECIFIED.,.F.,
  .F.,(2,2),(40.449630175896,46.524503910049),.PIECEWISE_BEZIER_KNOTS.);
#2797 = CARTESIAN_POINT('',(6.074873734153,-7.));
#2798 = CARTESIAN_POINT('',(0.,-7.));
#2799 = ( GEOMETRIC_REPRESENTATION_CONTEXT(2) 
PARAMETRIC_REPRESENTATION_CONTEXT() REPRESENTATION_CONTEXT('2D SPACE',''
  ) );
#2800 = PCURVE('',#964,#2801);
#2801 = DEFINITIONAL_REPRESENTATION('',(#2802),#2805);
#2802 = B_SPLINE_CURVE_WITH_KNOTS('',1,(#2803,#2804),.UNSPECIFIED.,.F.,
  .F.,(2,2),(40.449630175896,46.524503910049),.PIECEWISE_BEZIER_KNOTS.);
#2803 = CARTESIAN_POINT('',(52.945584412272,70.054415587728));
#2804 = CARTESIAN_POINT('',(57.241168824543,74.35));
#2805 = ( GEOMETRIC_REPRESENTATION_CONTEXT(2) 
PARAMETRIC_REPRESENTATION_CONTEXT() REPRESENTATION_CONTEXT('2D SPACE',''
  ) );
#2806 = ORIENTED_EDGE('',*,*,#2807,.F.);
#2807 = EDGE_CURVE('',#759,#2787,#2808,.T.);
#2808 = SURFACE_CURVE('',#2809,(#2813,#2820),.PCURVE_S1.);
#2809 = LINE('',#2810,#2811);
#2810 = CARTESIAN_POINT('',(228.25441558772,-1.,52.945584412272));
#2811 = VECTOR('',#2812,1.);
#2812 = DIRECTION('',(-0.,1.,-0.));
#2813 = PCURVE('',#774,#2814);
#2814 = DEFINITIONAL_REPRESENTATION('',(#2815),#2819);
#2815 = LINE('',#2816,#2817);
#2816 = CARTESIAN_POINT('',(6.074873734153,0.));
#2817 = VECTOR('',#2818,1.);
#2818 = DIRECTION('',(0.,-1.));
#2819 = ( GEOMETRIC_REPRESENTATION_CONTEXT(2) 
PARAMETRIC_REPRESENTATION_CONTEXT() REPRESENTATION_CONTEXT('2D SPACE',''
  ) );
#2820 = PCURVE('',#804,#2821);
#2821 = DEFINITIONAL_REPRESENTATION('',(#2822),#2826);
#2822 = LINE('',#2823,#2824);
#2823 = CARTESIAN_POINT('',(0.,0.));
#2824 = VECTOR('',#2825,1.);
#2825 = DIRECTION('',(0.,-1.));
#2826 = ( GEOMETRIC_REPRESENTATION_CONTEXT(2) 
PARAMETRIC_REPRESENTATION_CONTEXT() REPRESENTATION_CONTEXT('2D SPACE',''
  ) );
#2827 = ADVANCED_FACE('',(#2828),#804,.F.);
#2828 = FACE_BOUND('',#2829,.F.);
#2829 = EDGE_LOOP('',(#2830,#2831,#2832,#2858));
#2830 = ORIENTED_EDGE('',*,*,#785,.F.);
#2831 = ORIENTED_EDGE('',*,*,#2807,.T.);
#2832 = ORIENTED_EDGE('',*,*,#2833,.T.);
#2833 = EDGE_CURVE('',#2787,#2616,#2834,.T.);
#2834 = SURFACE_CURVE('',#2835,(#2840,#2847),.PCURVE_S1.);
#2835 = CIRCLE('',#2836,3.6);
#2836 = AXIS2_PLACEMENT_3D('',#2837,#2838,#2839);
#2837 = CARTESIAN_POINT('',(230.8,6.,50.4));
#2838 = DIRECTION('',(0.,-1.,-0.));
#2839 = DIRECTION('',(-0.707106781187,-0.,0.707106781187));
#2840 = PCURVE('',#804,#2841);
#2841 = DEFINITIONAL_REPRESENTATION('',(#2842),#2846);
#2842 = LINE('',#2843,#2844);
#2843 = CARTESIAN_POINT('',(0.,-7.));
#2844 = VECTOR('',#2845,1.);
#2845 = DIRECTION('',(1.,0.));
#2846 = ( GEOMETRIC_REPRESENTATION_CONTEXT(2) 
PARAMETRIC_REPRESENTATION_CONTEXT() REPRESENTATION_CONTEXT('2D SPACE',''
  ) );
#2847 = PCURVE('',#964,#2848);
#2848 = DEFINITIONAL_REPRESENTATION('',(#2849),#2857);
#2849 = ( BOUNDED_CURVE() B_SPLINE_CURVE(2,(#2850,#2851,#2852,#2853,
#2854,#2855,#2856),.UNSPECIFIED.,.T.,.F.) B_SPLINE_CURVE_WITH_KNOTS((1,2
    ,2,2,2,1),(-2.094395102393,0.,2.094395102393,4.188790204786,
6.28318530718,8.377580409573),.UNSPECIFIED.) CURVE() 
GEOMETRIC_REPRESENTATION_ITEM() RATIONAL_B_SPLINE_CURVE((1.,0.5,1.,0.5,
1.,0.5,1.)) REPRESENTATION_ITEM('') );
#2850 = CARTESIAN_POINT('',(52.945584412272,70.054415587728));
#2851 = CARTESIAN_POINT('',(48.536502875262,65.645334050719));
#2852 = CARTESIAN_POINT('',(46.922667025359,71.668251437631));
#2853 = CARTESIAN_POINT('',(45.308831175457,77.691168824543));
#2854 = CARTESIAN_POINT('',(51.331748562369,76.077332974641));
#2855 = CARTESIAN_POINT('',(57.354665949281,74.463497124738));
#2856 = CARTESIAN_POINT('',(52.945584412272,70.054415587728));
#2857 = ( GEOMETRIC_REPRESENTATION_CONTEXT(2) 
PARAMETRIC_REPRESENTATION_CONTEXT() REPRESENTATION_CONTEXT('2D SPACE',''
  ) );
#2858 = ORIENTED_EDGE('',*,*,#2615,.F.);
#2859 = ADVANCED_FACE('',(#2860),#836,.T.);
#2860 = FACE_BOUND('',#2861,.T.);
#2861 = EDGE_LOOP('',(#2862,#2892,#2911,#2912));
#2862 = ORIENTED_EDGE('',*,*,#2863,.T.);
#2863 = EDGE_CURVE('',#2864,#2866,#2868,.T.);
#2864 = VERTEX_POINT('',#2865);
#2865 = CARTESIAN_POINT('',(95.,9.8,6.));
#2866 = VERTEX_POINT('',#2867);
#2867 = CARTESIAN_POINT('',(220.,9.8,6.));
#2868 = SURFACE_CURVE('',#2869,(#2873,#2880),.PCURVE_S1.);
#2869 = LINE('',#2870,#2871);
#2870 = CARTESIAN_POINT('',(94.,9.8,6.));
#2871 = VECTOR('',#2872,1.);
#2872 = DIRECTION('',(1.,0.,0.));
#2873 = PCURVE('',#836,#2874);
#2874 = DEFINITIONAL_REPRESENTATION('',(#2875),#2879);
#2875 = LINE('',#2876,#2877);
#2876 = CARTESIAN_POINT('',(7.,0.));
#2877 = VECTOR('',#2878,1.);
#2878 = DIRECTION('',(0.,1.));
#2879 = ( GEOMETRIC_REPRESENTATION_CONTEXT(2) 
PARAMETRIC_REPRESENTATION_CONTEXT() REPRESENTATION_CONTEXT('2D SPACE',''
  ) );
#2880 = PCURVE('',#2881,#2886);
#2881 = PLANE('',#2882);
#2882 = AXIS2_PLACEMENT_3D('',#2883,#2884,#2885);
#2883 = CARTESIAN_POINT('',(94.,9.8,6.));
#2884 = DIRECTION('',(0.,0.,1.));
#2885 = DIRECTION('',(1.,0.,0.));
#2886 = DEFINITIONAL_REPRESENTATION('',(#2887),#2891);
#2887 = LINE('',#2888,#2889);
#2888 = CARTESIAN_POINT('',(0.,0.));
#2889 = VECTOR('',#2890,1.);
#2890 = DIRECTION('',(1.,0.));
#2891 = ( GEOMETRIC_REPRESENTATION_CONTEXT(2) 
PARAMETRIC_REPRESENTATION_CONTEXT() REPRESENTATION_CONTEXT('2D SPACE',''
  ) );
#2892 = ORIENTED_EDGE('',*,*,#2893,.F.);
#2893 = EDGE_CURVE('',#820,#2866,#2894,.T.);
#2894 = SURFACE_CURVE('',#2895,(#2899,#2905),.PCURVE_S1.);
#2895 = LINE('',#2896,#2897);
#2896 = CARTESIAN_POINT('',(220.,9.8,-0.5));
#2897 = VECTOR('',#2898,1.);
#2898 = DIRECTION('',(0.,0.,1.));
#2899 = PCURVE('',#836,#2900);
#2900 = DEFINITIONAL_REPRESENTATION('',(#2901),#2904);
#2901 = B_SPLINE_CURVE_WITH_KNOTS('',1,(#2902,#2903),.UNSPECIFIED.,.F.,
  .F.,(2,2),(0.5,6.5),.PIECEWISE_BEZIER_KNOTS.);
#2902 = CARTESIAN_POINT('',(1.,126.));
#2903 = CARTESIAN_POINT('',(7.,126.));
#2904 = ( GEOMETRIC_REPRESENTATION_CONTEXT(2) 
PARAMETRIC_REPRESENTATION_CONTEXT() REPRESENTATION_CONTEXT('2D SPACE',''
  ) );
#2905 = PCURVE('',#990,#2906);
#2906 = DEFINITIONAL_REPRESENTATION('',(#2907),#2910);
#2907 = B_SPLINE_CURVE_WITH_KNOTS('',1,(#2908,#2909),.UNSPECIFIED.,.F.,
  .F.,(2,2),(0.5,6.5),.PIECEWISE_BEZIER_KNOTS.);
#2908 = CARTESIAN_POINT('',(0.,-9.8));
#2909 = CARTESIAN_POINT('',(6.,-9.8));
#2910 = ( GEOMETRIC_REPRESENTATION_CONTEXT(2) 
PARAMETRIC_REPRESENTATION_CONTEXT() REPRESENTATION_CONTEXT('2D SPACE',''
  ) );
#2911 = ORIENTED_EDGE('',*,*,#819,.T.);
#2912 = ORIENTED_EDGE('',*,*,#2913,.T.);
#2913 = EDGE_CURVE('',#822,#2864,#2914,.T.);
#2914 = SURFACE_CURVE('',#2915,(#2919,#2925),.PCURVE_S1.);
#2915 = LINE('',#2916,#2917);
#2916 = CARTESIAN_POINT('',(95.,9.8,-0.5));
#2917 = VECTOR('',#2918,1.);
#2918 = DIRECTION('',(0.,0.,1.));
#2919 = PCURVE('',#836,#2920);
#2920 = DEFINITIONAL_REPRESENTATION('',(#2921),#2924);
#2921 = B_SPLINE_CURVE_WITH_KNOTS('',1,(#2922,#2923),.UNSPECIFIED.,.F.,
  .F.,(2,2),(0.5,6.5),.PIECEWISE_BEZIER_KNOTS.);
#2922 = CARTESIAN_POINT('',(1.,1.));
#2923 = CARTESIAN_POINT('',(7.,1.));
#2924 = ( GEOMETRIC_REPRESENTATION_CONTEXT(2) 
PARAMETRIC_REPRESENTATION_CONTEXT() REPRESENTATION_CONTEXT('2D SPACE',''
  ) );
#2925 = PCURVE('',#863,#2926);
#2926 = DEFINITIONAL_REPRESENTATION('',(#2927),#2930);
#2927 = B_SPLINE_CURVE_WITH_KNOTS('',1,(#2928,#2929),.UNSPECIFIED.,.F.,
  .F.,(2,2),(0.5,6.5),.PIECEWISE_BEZIER_KNOTS.);
#2928 = CARTESIAN_POINT('',(0.,-9.8));
#2929 = CARTESIAN_POINT('',(6.,-9.8));
#2930 = ( GEOMETRIC_REPRESENTATION_CONTEXT(2) 
PARAMETRIC_REPRESENTATION_CONTEXT() REPRESENTATION_CONTEXT('2D SPACE',''
  ) );
#2931 = ADVANCED_FACE('',(#2932),#990,.T.);
#2932 = FACE_BOUND('',#2933,.T.);
#2933 = EDGE_LOOP('',(#2934,#2935,#2956,#2957,#2958,#2979,#3005,#3033,
    #3059,#3085,#3111,#3139,#3162,#3190,#3216,#3242,#3268,#3296,#3322,
    #3348));
#2934 = ORIENTED_EDGE('',*,*,#1715,.F.);
#2935 = ORIENTED_EDGE('',*,*,#2936,.T.);
#2936 = EDGE_CURVE('',#1693,#949,#2937,.T.);
#2937 = SURFACE_CURVE('',#2938,(#2942,#2949),.PCURVE_S1.);
#2938 = LINE('',#2939,#2940);
#2939 = CARTESIAN_POINT('',(220.,6.,88.1));
#2940 = VECTOR('',#2941,1.);
#2941 = DIRECTION('',(0.,0.,-1.));
#2942 = PCURVE('',#990,#2943);
#2943 = DEFINITIONAL_REPRESENTATION('',(#2944),#2948);
#2944 = LINE('',#2945,#2946);
#2945 = CARTESIAN_POINT('',(88.1,-6.));
#2946 = VECTOR('',#2947,1.);
#2947 = DIRECTION('',(-1.,0.));
#2948 = ( GEOMETRIC_REPRESENTATION_CONTEXT(2) 
PARAMETRIC_REPRESENTATION_CONTEXT() REPRESENTATION_CONTEXT('2D SPACE',''
  ) );
#2949 = PCURVE('',#964,#2950);
#2950 = DEFINITIONAL_REPRESENTATION('',(#2951),#2955);
#2951 = LINE('',#2952,#2953);
#2952 = CARTESIAN_POINT('',(88.1,61.8));
#2953 = VECTOR('',#2954,1.);
#2954 = DIRECTION('',(-1.,0.));
#2955 = ( GEOMETRIC_REPRESENTATION_CONTEXT(2) 
PARAMETRIC_REPRESENTATION_CONTEXT() REPRESENTATION_CONTEXT('2D SPACE',''
  ) );
#2956 = ORIENTED_EDGE('',*,*,#976,.T.);
#2957 = ORIENTED_EDGE('',*,*,#2893,.T.);
#2958 = ORIENTED_EDGE('',*,*,#2959,.F.);
#2959 = EDGE_CURVE('',#2960,#2866,#2962,.T.);
#2960 = VERTEX_POINT('',#2961);
#2961 = CARTESIAN_POINT('',(220.,30.2,6.));
#2962 = SURFACE_CURVE('',#2963,(#2967,#2973),.PCURVE_S1.);
#2963 = LINE('',#2964,#2965);
#2964 = CARTESIAN_POINT('',(220.,4.9,6.));
#2965 = VECTOR('',#2966,1.);
#2966 = DIRECTION('',(0.,-1.,0.));
#2967 = PCURVE('',#990,#2968);
#2968 = DEFINITIONAL_REPRESENTATION('',(#2969),#2972);
#2969 = B_SPLINE_CURVE_WITH_KNOTS('',1,(#2970,#2971),.UNSPECIFIED.,.F.,
  .F.,(2,2),(-25.3,-4.9),.PIECEWISE_BEZIER_KNOTS.);
#2970 = CARTESIAN_POINT('',(6.,-30.2));
#2971 = CARTESIAN_POINT('',(6.,-9.8));
#2972 = ( GEOMETRIC_REPRESENTATION_CONTEXT(2) 
PARAMETRIC_REPRESENTATION_CONTEXT() REPRESENTATION_CONTEXT('2D SPACE',''
  ) );
#2973 = PCURVE('',#2881,#2974);
#2974 = DEFINITIONAL_REPRESENTATION('',(#2975),#2978);
#2975 = B_SPLINE_CURVE_WITH_KNOTS('',1,(#2976,#2977),.UNSPECIFIED.,.F.,
  .F.,(2,2),(-25.3,-4.9),.PIECEWISE_BEZIER_KNOTS.);
#2976 = CARTESIAN_POINT('',(126.,20.4));
#2977 = CARTESIAN_POINT('',(126.,0.));
#2978 = ( GEOMETRIC_REPRESENTATION_CONTEXT(2) 
PARAMETRIC_REPRESENTATION_CONTEXT() REPRESENTATION_CONTEXT('2D SPACE',''
  ) );
#2979 = ORIENTED_EDGE('',*,*,#2980,.F.);
#2980 = EDGE_CURVE('',#2981,#2960,#2983,.T.);
#2981 = VERTEX_POINT('',#2982);
#2982 = CARTESIAN_POINT('',(220.,30.2,0.));
#2983 = SURFACE_CURVE('',#2984,(#2988,#2994),.PCURVE_S1.);
#2984 = LINE('',#2985,#2986);
#2985 = CARTESIAN_POINT('',(220.,30.2,-0.5));
#2986 = VECTOR('',#2987,1.);
#2987 = DIRECTION('',(0.,0.,1.));
#2988 = PCURVE('',#990,#2989);
#2989 = DEFINITIONAL_REPRESENTATION('',(#2990),#2993);
#2990 = B_SPLINE_CURVE_WITH_KNOTS('',1,(#2991,#2992),.UNSPECIFIED.,.F.,
  .F.,(2,2),(0.5,6.5),.PIECEWISE_BEZIER_KNOTS.);
#2991 = CARTESIAN_POINT('',(0.,-30.2));
#2992 = CARTESIAN_POINT('',(6.,-30.2));
#2993 = ( GEOMETRIC_REPRESENTATION_CONTEXT(2) 
PARAMETRIC_REPRESENTATION_CONTEXT() REPRESENTATION_CONTEXT('2D SPACE',''
  ) );
#2994 = PCURVE('',#2995,#3000);
#2995 = PLANE('',#2996);
#2996 = AXIS2_PLACEMENT_3D('',#2997,#2998,#2999);
#2997 = CARTESIAN_POINT('',(94.,30.2,-1.));
#2998 = DIRECTION('',(0.,1.,0.));
#2999 = DIRECTION('',(0.,0.,1.));
#3000 = DEFINITIONAL_REPRESENTATION('',(#3001),#3004);
#3001 = B_SPLINE_CURVE_WITH_KNOTS('',1,(#3002,#3003),.UNSPECIFIED.,.F.,
  .F.,(2,2),(0.5,6.5),.PIECEWISE_BEZIER_KNOTS.);
#3002 = CARTESIAN_POINT('',(1.,126.));
#3003 = CARTESIAN_POINT('',(7.,126.));
#3004 = ( GEOMETRIC_REPRESENTATION_CONTEXT(2) 
PARAMETRIC_REPRESENTATION_CONTEXT() REPRESENTATION_CONTEXT('2D SPACE',''
  ) );
#3005 = ORIENTED_EDGE('',*,*,#3006,.T.);
#3006 = EDGE_CURVE('',#2981,#3007,#3009,.T.);
#3007 = VERTEX_POINT('',#3008);
#3008 = CARTESIAN_POINT('',(220.,184.8,0.));
#3009 = SURFACE_CURVE('',#3010,(#3014,#3021),.PCURVE_S1.);
#3010 = LINE('',#3011,#3012);
#3011 = CARTESIAN_POINT('',(220.,0.,0.));
#3012 = VECTOR('',#3013,1.);
#3013 = DIRECTION('',(0.,1.,0.));
#3014 = PCURVE('',#990,#3015);
#3015 = DEFINITIONAL_REPRESENTATION('',(#3016),#3020);
#3016 = LINE('',#3017,#3018);
#3017 = CARTESIAN_POINT('',(0.,0.));
#3018 = VECTOR('',#3019,1.);
#3019 = DIRECTION('',(0.,-1.));
#3020 = ( GEOMETRIC_REPRESENTATION_CONTEXT(2) 
PARAMETRIC_REPRESENTATION_CONTEXT() REPRESENTATION_CONTEXT('2D SPACE',''
  ) );
#3021 = PCURVE('',#3022,#3027);
#3022 = PLANE('',#3023);
#3023 = AXIS2_PLACEMENT_3D('',#3024,#3025,#3026);
#3024 = CARTESIAN_POINT('',(158.2,0.,0.));
#3025 = DIRECTION('',(0.,0.,1.));
#3026 = DIRECTION('',(1.,0.,0.));
#3027 = DEFINITIONAL_REPRESENTATION('',(#3028),#3032);
#3028 = LINE('',#3029,#3030);
#3029 = CARTESIAN_POINT('',(61.8,0.));
#3030 = VECTOR('',#3031,1.);
#3031 = DIRECTION('',(0.,1.));
#3032 = ( GEOMETRIC_REPRESENTATION_CONTEXT(2) 
PARAMETRIC_REPRESENTATION_CONTEXT() REPRESENTATION_CONTEXT('2D SPACE',''
  ) );
#3033 = ORIENTED_EDGE('',*,*,#3034,.T.);
#3034 = EDGE_CURVE('',#3007,#3035,#3037,.T.);
#3035 = VERTEX_POINT('',#3036);
#3036 = CARTESIAN_POINT('',(220.,184.8,6.));
#3037 = SURFACE_CURVE('',#3038,(#3042,#3048),.PCURVE_S1.);
#3038 = LINE('',#3039,#3040);
#3039 = CARTESIAN_POINT('',(220.,184.8,-0.5));
#3040 = VECTOR('',#3041,1.);
#3041 = DIRECTION('',(0.,0.,1.));
#3042 = PCURVE('',#990,#3043);
#3043 = DEFINITIONAL_REPRESENTATION('',(#3044),#3047);
#3044 = B_SPLINE_CURVE_WITH_KNOTS('',1,(#3045,#3046),.UNSPECIFIED.,.F.,
  .F.,(2,2),(0.5,6.5),.PIECEWISE_BEZIER_KNOTS.);
#3045 = CARTESIAN_POINT('',(0.,-184.8));
#3046 = CARTESIAN_POINT('',(6.,-184.8));
#3047 = ( GEOMETRIC_REPRESENTATION_CONTEXT(2) 
PARAMETRIC_REPRESENTATION_CONTEXT() REPRESENTATION_CONTEXT('2D SPACE',''
  ) );
#3048 = PCURVE('',#3049,#3054);
#3049 = PLANE('',#3050);
#3050 = AXIS2_PLACEMENT_3D('',#3051,#3052,#3053);
#3051 = CARTESIAN_POINT('',(94.,184.8,-1.));
#3052 = DIRECTION('',(0.,1.,0.));
#3053 = DIRECTION('',(0.,0.,1.));
#3054 = DEFINITIONAL_REPRESENTATION('',(#3055),#3058);
#3055 = B_SPLINE_CURVE_WITH_KNOTS('',1,(#3056,#3057),.UNSPECIFIED.,.F.,
  .F.,(2,2),(0.5,6.5),.PIECEWISE_BEZIER_KNOTS.);
#3056 = CARTESIAN_POINT('',(1.,126.));
#3057 = CARTESIAN_POINT('',(7.,126.));
#3058 = ( GEOMETRIC_REPRESENTATION_CONTEXT(2) 
PARAMETRIC_REPRESENTATION_CONTEXT() REPRESENTATION_CONTEXT('2D SPACE',''
  ) );
#3059 = ORIENTED_EDGE('',*,*,#3060,.F.);
#3060 = EDGE_CURVE('',#3061,#3035,#3063,.T.);
#3061 = VERTEX_POINT('',#3062);
#3062 = CARTESIAN_POINT('',(220.,205.2,6.));
#3063 = SURFACE_CURVE('',#3064,(#3068,#3074),.PCURVE_S1.);
#3064 = LINE('',#3065,#3066);
#3065 = CARTESIAN_POINT('',(220.,92.4,6.));
#3066 = VECTOR('',#3067,1.);
#3067 = DIRECTION('',(0.,-1.,0.));
#3068 = PCURVE('',#990,#3069);
#3069 = DEFINITIONAL_REPRESENTATION('',(#3070),#3073);
#3070 = B_SPLINE_CURVE_WITH_KNOTS('',1,(#3071,#3072),.UNSPECIFIED.,.F.,
  .F.,(2,2),(-112.8,-92.4),.PIECEWISE_BEZIER_KNOTS.);
#3071 = CARTESIAN_POINT('',(6.,-205.2));
#3072 = CARTESIAN_POINT('',(6.,-184.8));
#3073 = ( GEOMETRIC_REPRESENTATION_CONTEXT(2) 
PARAMETRIC_REPRESENTATION_CONTEXT() REPRESENTATION_CONTEXT('2D SPACE',''
  ) );
#3074 = PCURVE('',#3075,#3080);
#3075 = PLANE('',#3076);
#3076 = AXIS2_PLACEMENT_3D('',#3077,#3078,#3079);
#3077 = CARTESIAN_POINT('',(94.,184.8,6.));
#3078 = DIRECTION('',(0.,0.,1.));
#3079 = DIRECTION('',(1.,0.,0.));
#3080 = DEFINITIONAL_REPRESENTATION('',(#3081),#3084);
#3081 = B_SPLINE_CURVE_WITH_KNOTS('',1,(#3082,#3083),.UNSPECIFIED.,.F.,
  .F.,(2,2),(-112.8,-92.4),.PIECEWISE_BEZIER_KNOTS.);
#3082 = CARTESIAN_POINT('',(126.,20.4));
#3083 = CARTESIAN_POINT('',(126.,0.));
#3084 = ( GEOMETRIC_REPRESENTATION_CONTEXT(2) 
PARAMETRIC_REPRESENTATION_CONTEXT() REPRESENTATION_CONTEXT('2D SPACE',''
  ) );
#3085 = ORIENTED_EDGE('',*,*,#3086,.F.);
#3086 = EDGE_CURVE('',#3087,#3061,#3089,.T.);
#3087 = VERTEX_POINT('',#3088);
#3088 = CARTESIAN_POINT('',(220.,205.2,0.));
#3089 = SURFACE_CURVE('',#3090,(#3094,#3100),.PCURVE_S1.);
#3090 = LINE('',#3091,#3092);
#3091 = CARTESIAN_POINT('',(220.,205.2,-0.5));
#3092 = VECTOR('',#3093,1.);
#3093 = DIRECTION('',(0.,0.,1.));
#3094 = PCURVE('',#990,#3095);
#3095 = DEFINITIONAL_REPRESENTATION('',(#3096),#3099);
#3096 = B_SPLINE_CURVE_WITH_KNOTS('',1,(#3097,#3098),.UNSPECIFIED.,.F.,
  .F.,(2,2),(0.5,6.5),.PIECEWISE_BEZIER_KNOTS.);
#3097 = CARTESIAN_POINT('',(0.,-205.2));
#3098 = CARTESIAN_POINT('',(6.,-205.2));
#3099 = ( GEOMETRIC_REPRESENTATION_CONTEXT(2) 
PARAMETRIC_REPRESENTATION_CONTEXT() REPRESENTATION_CONTEXT('2D SPACE',''
  ) );
#3100 = PCURVE('',#3101,#3106);
#3101 = PLANE('',#3102);
#3102 = AXIS2_PLACEMENT_3D('',#3103,#3104,#3105);
#3103 = CARTESIAN_POINT('',(94.,205.2,-1.));
#3104 = DIRECTION('',(0.,1.,0.));
#3105 = DIRECTION('',(0.,0.,1.));
#3106 = DEFINITIONAL_REPRESENTATION('',(#3107),#3110);
#3107 = B_SPLINE_CURVE_WITH_KNOTS('',1,(#3108,#3109),.UNSPECIFIED.,.F.,
  .F.,(2,2),(0.5,6.5),.PIECEWISE_BEZIER_KNOTS.);
#3108 = CARTESIAN_POINT('',(1.,126.));
#3109 = CARTESIAN_POINT('',(7.,126.));
#3110 = ( GEOMETRIC_REPRESENTATION_CONTEXT(2) 
PARAMETRIC_REPRESENTATION_CONTEXT() REPRESENTATION_CONTEXT('2D SPACE',''
  ) );
#3111 = ORIENTED_EDGE('',*,*,#3112,.T.);
#3112 = EDGE_CURVE('',#3087,#3113,#3115,.T.);
#3113 = VERTEX_POINT('',#3114);
#3114 = CARTESIAN_POINT('',(220.,217.5,0.));
#3115 = SURFACE_CURVE('',#3116,(#3120,#3127),.PCURVE_S1.);
#3116 = LINE('',#3117,#3118);
#3117 = CARTESIAN_POINT('',(220.,0.,0.));
#3118 = VECTOR('',#3119,1.);
#3119 = DIRECTION('',(0.,1.,0.));
#3120 = PCURVE('',#990,#3121);
#3121 = DEFINITIONAL_REPRESENTATION('',(#3122),#3126);
#3122 = LINE('',#3123,#3124);
#3123 = CARTESIAN_POINT('',(0.,0.));
#3124 = VECTOR('',#3125,1.);
#3125 = DIRECTION('',(0.,-1.));
#3126 = ( GEOMETRIC_REPRESENTATION_CONTEXT(2) 
PARAMETRIC_REPRESENTATION_CONTEXT() REPRESENTATION_CONTEXT('2D SPACE',''
  ) );
#3127 = PCURVE('',#3128,#3133);
#3128 = PLANE('',#3129);
#3129 = AXIS2_PLACEMENT_3D('',#3130,#3131,#3132);
#3130 = CARTESIAN_POINT('',(158.2,0.,0.));
#3131 = DIRECTION('',(0.,0.,1.));
#3132 = DIRECTION('',(1.,0.,0.));
#3133 = DEFINITIONAL_REPRESENTATION('',(#3134),#3138);
#3134 = LINE('',#3135,#3136);
#3135 = CARTESIAN_POINT('',(61.8,0.));
#3136 = VECTOR('',#3137,1.);
#3137 = DIRECTION('',(0.,1.));
#3138 = ( GEOMETRIC_REPRESENTATION_CONTEXT(2) 
PARAMETRIC_REPRESENTATION_CONTEXT() REPRESENTATION_CONTEXT('2D SPACE',''
  ) );
#3139 = ORIENTED_EDGE('',*,*,#3140,.F.);
#3140 = EDGE_CURVE('',#3141,#3113,#3143,.T.);
#3141 = VERTEX_POINT('',#3142);
#3142 = CARTESIAN_POINT('',(220.,217.5,88.1));
#3143 = SURFACE_CURVE('',#3144,(#3148,#3155),.PCURVE_S1.);
#3144 = LINE('',#3145,#3146);
#3145 = CARTESIAN_POINT('',(220.,217.5,88.1));
#3146 = VECTOR('',#3147,1.);
#3147 = DIRECTION('',(0.,0.,-1.));
#3148 = PCURVE('',#990,#3149);
#3149 = DEFINITIONAL_REPRESENTATION('',(#3150),#3154);
#3150 = LINE('',#3151,#3152);
#3151 = CARTESIAN_POINT('',(88.1,-217.5));
#3152 = VECTOR('',#3153,1.);
#3153 = DIRECTION('',(-1.,0.));
#3154 = ( GEOMETRIC_REPRESENTATION_CONTEXT(2) 
PARAMETRIC_REPRESENTATION_CONTEXT() REPRESENTATION_CONTEXT('2D SPACE',''
  ) );
#3155 = PCURVE('',#1105,#3156);
#3156 = DEFINITIONAL_REPRESENTATION('',(#3157),#3161);
#3157 = LINE('',#3158,#3159);
#3158 = CARTESIAN_POINT('',(88.1,5.));
#3159 = VECTOR('',#3160,1.);
#3160 = DIRECTION('',(-1.,0.));
#3161 = ( GEOMETRIC_REPRESENTATION_CONTEXT(2) 
PARAMETRIC_REPRESENTATION_CONTEXT() REPRESENTATION_CONTEXT('2D SPACE',''
  ) );
#3162 = ORIENTED_EDGE('',*,*,#3163,.F.);
#3163 = EDGE_CURVE('',#3164,#3141,#3166,.T.);
#3164 = VERTEX_POINT('',#3165);
#3165 = CARTESIAN_POINT('',(220.,180.2,88.1));
#3166 = SURFACE_CURVE('',#3167,(#3171,#3178),.PCURVE_S1.);
#3167 = LINE('',#3168,#3169);
#3168 = CARTESIAN_POINT('',(220.,0.,88.1));
#3169 = VECTOR('',#3170,1.);
#3170 = DIRECTION('',(0.,1.,0.));
#3171 = PCURVE('',#990,#3172);
#3172 = DEFINITIONAL_REPRESENTATION('',(#3173),#3177);
#3173 = LINE('',#3174,#3175);
#3174 = CARTESIAN_POINT('',(88.1,0.));
#3175 = VECTOR('',#3176,1.);
#3176 = DIRECTION('',(0.,-1.));
#3177 = ( GEOMETRIC_REPRESENTATION_CONTEXT(2) 
PARAMETRIC_REPRESENTATION_CONTEXT() REPRESENTATION_CONTEXT('2D SPACE',''
  ) );
#3178 = PCURVE('',#3179,#3184);
#3179 = PLANE('',#3180);
#3180 = AXIS2_PLACEMENT_3D('',#3181,#3182,#3183);
#3181 = CARTESIAN_POINT('',(158.2,0.,88.1));
#3182 = DIRECTION('',(0.,0.,1.));
#3183 = DIRECTION('',(1.,0.,0.));
#3184 = DEFINITIONAL_REPRESENTATION('',(#3185),#3189);
#3185 = LINE('',#3186,#3187);
#3186 = CARTESIAN_POINT('',(61.8,0.));
#3187 = VECTOR('',#3188,1.);
#3188 = DIRECTION('',(0.,1.));
#3189 = ( GEOMETRIC_REPRESENTATION_CONTEXT(2) 
PARAMETRIC_REPRESENTATION_CONTEXT() REPRESENTATION_CONTEXT('2D SPACE',''
  ) );
#3190 = ORIENTED_EDGE('',*,*,#3191,.F.);
#3191 = EDGE_CURVE('',#3192,#3164,#3194,.T.);
#3192 = VERTEX_POINT('',#3193);
#3193 = CARTESIAN_POINT('',(220.,180.2,82.1));
#3194 = SURFACE_CURVE('',#3195,(#3199,#3205),.PCURVE_S1.);
#3195 = LINE('',#3196,#3197);
#3196 = CARTESIAN_POINT('',(220.,180.2,41.05));
#3197 = VECTOR('',#3198,1.);
#3198 = DIRECTION('',(0.,0.,1.));
#3199 = PCURVE('',#990,#3200);
#3200 = DEFINITIONAL_REPRESENTATION('',(#3201),#3204);
#3201 = B_SPLINE_CURVE_WITH_KNOTS('',1,(#3202,#3203),.UNSPECIFIED.,.F.,
  .F.,(2,2),(41.05,47.05),.PIECEWISE_BEZIER_KNOTS.);
#3202 = CARTESIAN_POINT('',(82.1,-180.2));
#3203 = CARTESIAN_POINT('',(88.1,-180.2));
#3204 = ( GEOMETRIC_REPRESENTATION_CONTEXT(2) 
PARAMETRIC_REPRESENTATION_CONTEXT() REPRESENTATION_CONTEXT('2D SPACE',''
  ) );
#3205 = PCURVE('',#3206,#3211);
#3206 = PLANE('',#3207);
#3207 = AXIS2_PLACEMENT_3D('',#3208,#3209,#3210);
#3208 = CARTESIAN_POINT('',(200.,180.2,82.1));
#3209 = DIRECTION('',(0.,1.,0.));
#3210 = DIRECTION('',(0.,0.,1.));
#3211 = DEFINITIONAL_REPRESENTATION('',(#3212),#3215);
#3212 = B_SPLINE_CURVE_WITH_KNOTS('',1,(#3213,#3214),.UNSPECIFIED.,.F.,
  .F.,(2,2),(41.05,47.05),.PIECEWISE_BEZIER_KNOTS.);
#3213 = CARTESIAN_POINT('',(0.,20.));
#3214 = CARTESIAN_POINT('',(6.,20.));
#3215 = ( GEOMETRIC_REPRESENTATION_CONTEXT(2) 
PARAMETRIC_REPRESENTATION_CONTEXT() REPRESENTATION_CONTEXT('2D SPACE',''
  ) );
#3216 = ORIENTED_EDGE('',*,*,#3217,.T.);
#3217 = EDGE_CURVE('',#3192,#3218,#3220,.T.);
#3218 = VERTEX_POINT('',#3219);
#3219 = CARTESIAN_POINT('',(220.,159.8,82.1));
#3220 = SURFACE_CURVE('',#3221,(#3225,#3231),.PCURVE_S1.);
#3221 = LINE('',#3222,#3223);
#3222 = CARTESIAN_POINT('',(220.,79.9,82.1));
#3223 = VECTOR('',#3224,1.);
#3224 = DIRECTION('',(0.,-1.,0.));
#3225 = PCURVE('',#990,#3226);
#3226 = DEFINITIONAL_REPRESENTATION('',(#3227),#3230);
#3227 = B_SPLINE_CURVE_WITH_KNOTS('',1,(#3228,#3229),.UNSPECIFIED.,.F.,
  .F.,(2,2),(-100.3,-79.9),.PIECEWISE_BEZIER_KNOTS.);
#3228 = CARTESIAN_POINT('',(82.1,-180.2));
#3229 = CARTESIAN_POINT('',(82.1,-159.8));
#3230 = ( GEOMETRIC_REPRESENTATION_CONTEXT(2) 
PARAMETRIC_REPRESENTATION_CONTEXT() REPRESENTATION_CONTEXT('2D SPACE',''
  ) );
#3231 = PCURVE('',#3232,#3237);
#3232 = PLANE('',#3233);
#3233 = AXIS2_PLACEMENT_3D('',#3234,#3235,#3236);
#3234 = CARTESIAN_POINT('',(200.,159.8,82.1));
#3235 = DIRECTION('',(0.,0.,1.));
#3236 = DIRECTION('',(1.,0.,0.));
#3237 = DEFINITIONAL_REPRESENTATION('',(#3238),#3241);
#3238 = B_SPLINE_CURVE_WITH_KNOTS('',1,(#3239,#3240),.UNSPECIFIED.,.F.,
  .F.,(2,2),(-100.3,-79.9),.PIECEWISE_BEZIER_KNOTS.);
#3239 = CARTESIAN_POINT('',(20.,20.4));
#3240 = CARTESIAN_POINT('',(20.,0.));
#3241 = ( GEOMETRIC_REPRESENTATION_CONTEXT(2) 
PARAMETRIC_REPRESENTATION_CONTEXT() REPRESENTATION_CONTEXT('2D SPACE',''
  ) );
#3242 = ORIENTED_EDGE('',*,*,#3243,.T.);
#3243 = EDGE_CURVE('',#3218,#3244,#3246,.T.);
#3244 = VERTEX_POINT('',#3245);
#3245 = CARTESIAN_POINT('',(220.,159.8,88.1));
#3246 = SURFACE_CURVE('',#3247,(#3251,#3257),.PCURVE_S1.);
#3247 = LINE('',#3248,#3249);
#3248 = CARTESIAN_POINT('',(220.,159.8,41.05));
#3249 = VECTOR('',#3250,1.);
#3250 = DIRECTION('',(0.,0.,1.));
#3251 = PCURVE('',#990,#3252);
#3252 = DEFINITIONAL_REPRESENTATION('',(#3253),#3256);
#3253 = B_SPLINE_CURVE_WITH_KNOTS('',1,(#3254,#3255),.UNSPECIFIED.,.F.,
  .F.,(2,2),(41.05,47.05),.PIECEWISE_BEZIER_KNOTS.);
#3254 = CARTESIAN_POINT('',(82.1,-159.8));
#3255 = CARTESIAN_POINT('',(88.1,-159.8));
#3256 = ( GEOMETRIC_REPRESENTATION_CONTEXT(2) 
PARAMETRIC_REPRESENTATION_CONTEXT() REPRESENTATION_CONTEXT('2D SPACE',''
  ) );
#3257 = PCURVE('',#3258,#3263);
#3258 = PLANE('',#3259);
#3259 = AXIS2_PLACEMENT_3D('',#3260,#3261,#3262);
#3260 = CARTESIAN_POINT('',(200.,159.8,82.1));
#3261 = DIRECTION('',(0.,1.,0.));
#3262 = DIRECTION('',(0.,0.,1.));
#3263 = DEFINITIONAL_REPRESENTATION('',(#3264),#3267);
#3264 = B_SPLINE_CURVE_WITH_KNOTS('',1,(#3265,#3266),.UNSPECIFIED.,.F.,
  .F.,(2,2),(41.05,47.05),.PIECEWISE_BEZIER_KNOTS.);
#3265 = CARTESIAN_POINT('',(0.,20.));
#3266 = CARTESIAN_POINT('',(6.,20.));
#3267 = ( GEOMETRIC_REPRESENTATION_CONTEXT(2) 
PARAMETRIC_REPRESENTATION_CONTEXT() REPRESENTATION_CONTEXT('2D SPACE',''
  ) );
#3268 = ORIENTED_EDGE('',*,*,#3269,.F.);
#3269 = EDGE_CURVE('',#3270,#3244,#3272,.T.);
#3270 = VERTEX_POINT('',#3271);
#3271 = CARTESIAN_POINT('',(220.,50.2,88.1));
#3272 = SURFACE_CURVE('',#3273,(#3277,#3284),.PCURVE_S1.);
#3273 = LINE('',#3274,#3275);
#3274 = CARTESIAN_POINT('',(220.,0.,88.1));
#3275 = VECTOR('',#3276,1.);
#3276 = DIRECTION('',(0.,1.,0.));
#3277 = PCURVE('',#990,#3278);
#3278 = DEFINITIONAL_REPRESENTATION('',(#3279),#3283);
#3279 = LINE('',#3280,#3281);
#3280 = CARTESIAN_POINT('',(88.1,0.));
#3281 = VECTOR('',#3282,1.);
#3282 = DIRECTION('',(0.,-1.));
#3283 = ( GEOMETRIC_REPRESENTATION_CONTEXT(2) 
PARAMETRIC_REPRESENTATION_CONTEXT() REPRESENTATION_CONTEXT('2D SPACE',''
  ) );
#3284 = PCURVE('',#3285,#3290);
#3285 = PLANE('',#3286);
#3286 = AXIS2_PLACEMENT_3D('',#3287,#3288,#3289);
#3287 = CARTESIAN_POINT('',(158.2,0.,88.1));
#3288 = DIRECTION('',(0.,0.,1.));
#3289 = DIRECTION('',(1.,0.,0.));
#3290 = DEFINITIONAL_REPRESENTATION('',(#3291),#3295);
#3291 = LINE('',#3292,#3293);
#3292 = CARTESIAN_POINT('',(61.8,0.));
#3293 = VECTOR('',#3294,1.);
#3294 = DIRECTION('',(0.,1.));
#3295 = ( GEOMETRIC_REPRESENTATION_CONTEXT(2) 
PARAMETRIC_REPRESENTATION_CONTEXT() REPRESENTATION_CONTEXT('2D SPACE',''
  ) );
#3296 = ORIENTED_EDGE('',*,*,#3297,.F.);
#3297 = EDGE_CURVE('',#3298,#3270,#3300,.T.);
#3298 = VERTEX_POINT('',#3299);
#3299 = CARTESIAN_POINT('',(220.,50.2,82.1));
#3300 = SURFACE_CURVE('',#3301,(#3305,#3311),.PCURVE_S1.);
#3301 = LINE('',#3302,#3303);
#3302 = CARTESIAN_POINT('',(220.,50.2,41.05));
#3303 = VECTOR('',#3304,1.);
#3304 = DIRECTION('',(0.,0.,1.));
#3305 = PCURVE('',#990,#3306);
#3306 = DEFINITIONAL_REPRESENTATION('',(#3307),#3310);
#3307 = B_SPLINE_CURVE_WITH_KNOTS('',1,(#3308,#3309),.UNSPECIFIED.,.F.,
  .F.,(2,2),(41.05,47.05),.PIECEWISE_BEZIER_KNOTS.);
#3308 = CARTESIAN_POINT('',(82.1,-50.2));
#3309 = CARTESIAN_POINT('',(88.1,-50.2));
#3310 = ( GEOMETRIC_REPRESENTATION_CONTEXT(2) 
PARAMETRIC_REPRESENTATION_CONTEXT() REPRESENTATION_CONTEXT('2D SPACE',''
  ) );
#3311 = PCURVE('',#3312,#3317);
#3312 = PLANE('',#3313);
#3313 = AXIS2_PLACEMENT_3D('',#3314,#3315,#3316);
#3314 = CARTESIAN_POINT('',(200.,50.2,82.1));
#3315 = DIRECTION('',(0.,1.,0.));
#3316 = DIRECTION('',(0.,0.,1.));
#3317 = DEFINITIONAL_REPRESENTATION('',(#3318),#3321);
#3318 = B_SPLINE_CURVE_WITH_KNOTS('',1,(#3319,#3320),.UNSPECIFIED.,.F.,
  .F.,(2,2),(41.05,47.05),.PIECEWISE_BEZIER_KNOTS.);
#3319 = CARTESIAN_POINT('',(0.,20.));
#3320 = CARTESIAN_POINT('',(6.,20.));
#3321 = ( GEOMETRIC_REPRESENTATION_CONTEXT(2) 
PARAMETRIC_REPRESENTATION_CONTEXT() REPRESENTATION_CONTEXT('2D SPACE',''
  ) );
#3322 = ORIENTED_EDGE('',*,*,#3323,.T.);
#3323 = EDGE_CURVE('',#3298,#3324,#3326,.T.);
#3324 = VERTEX_POINT('',#3325);
#3325 = CARTESIAN_POINT('',(220.,29.8,82.1));
#3326 = SURFACE_CURVE('',#3327,(#3331,#3337),.PCURVE_S1.);
#3327 = LINE('',#3328,#3329);
#3328 = CARTESIAN_POINT('',(220.,14.9,82.1));
#3329 = VECTOR('',#3330,1.);
#3330 = DIRECTION('',(0.,-1.,0.));
#3331 = PCURVE('',#990,#3332);
#3332 = DEFINITIONAL_REPRESENTATION('',(#3333),#3336);
#3333 = B_SPLINE_CURVE_WITH_KNOTS('',1,(#3334,#3335),.UNSPECIFIED.,.F.,
  .F.,(2,2),(-35.3,-14.9),.PIECEWISE_BEZIER_KNOTS.);
#3334 = CARTESIAN_POINT('',(82.1,-50.2));
#3335 = CARTESIAN_POINT('',(82.1,-29.8));
#3336 = ( GEOMETRIC_REPRESENTATION_CONTEXT(2) 
PARAMETRIC_REPRESENTATION_CONTEXT() REPRESENTATION_CONTEXT('2D SPACE',''
  ) );
#3337 = PCURVE('',#3338,#3343);
#3338 = PLANE('',#3339);
#3339 = AXIS2_PLACEMENT_3D('',#3340,#3341,#3342);
#3340 = CARTESIAN_POINT('',(200.,29.8,82.1));
#3341 = DIRECTION('',(0.,0.,1.));
#3342 = DIRECTION('',(1.,0.,0.));
#3343 = DEFINITIONAL_REPRESENTATION('',(#3344),#3347);
#3344 = B_SPLINE_CURVE_WITH_KNOTS('',1,(#3345,#3346),.UNSPECIFIED.,.F.,
  .F.,(2,2),(-35.3,-14.9),.PIECEWISE_BEZIER_KNOTS.);
#3345 = CARTESIAN_POINT('',(20.,20.4));
#3346 = CARTESIAN_POINT('',(20.,0.));
#3347 = ( GEOMETRIC_REPRESENTATION_CONTEXT(2) 
PARAMETRIC_REPRESENTATION_CONTEXT() REPRESENTATION_CONTEXT('2D SPACE',''
  ) );
#3348 = ORIENTED_EDGE('',*,*,#3349,.T.);
#3349 = EDGE_CURVE('',#3324,#1716,#3350,.T.);
#3350 = SURFACE_CURVE('',#3351,(#3355,#3361),.PCURVE_S1.);
#3351 = LINE('',#3352,#3353);
#3352 = CARTESIAN_POINT('',(220.,29.8,41.05));
#3353 = VECTOR('',#3354,1.);
#3354 = DIRECTION('',(0.,0.,1.));
#3355 = PCURVE('',#990,#3356);
#3356 = DEFINITIONAL_REPRESENTATION('',(#3357),#3360);
#3357 = B_SPLINE_CURVE_WITH_KNOTS('',1,(#3358,#3359),.UNSPECIFIED.,.F.,
  .F.,(2,2),(41.05,47.05),.PIECEWISE_BEZIER_KNOTS.);
#3358 = CARTESIAN_POINT('',(82.1,-29.8));
#3359 = CARTESIAN_POINT('',(88.1,-29.8));
#3360 = ( GEOMETRIC_REPRESENTATION_CONTEXT(2) 
PARAMETRIC_REPRESENTATION_CONTEXT() REPRESENTATION_CONTEXT('2D SPACE',''
  ) );
#3361 = PCURVE('',#1753,#3362);
#3362 = DEFINITIONAL_REPRESENTATION('',(#3363),#3366);
#3363 = B_SPLINE_CURVE_WITH_KNOTS('',1,(#3364,#3365),.UNSPECIFIED.,.F.,
  .F.,(2,2),(41.05,47.05),.PIECEWISE_BEZIER_KNOTS.);
#3364 = CARTESIAN_POINT('',(0.,20.));
#3365 = CARTESIAN_POINT('',(6.,20.));
#3366 = ( GEOMETRIC_REPRESENTATION_CONTEXT(2) 
PARAMETRIC_REPRESENTATION_CONTEXT() REPRESENTATION_CONTEXT('2D SPACE',''
  ) );
#3367 = ADVANCED_FACE('',(#3368,#3380,#3387,#3394),#964,.T.);
#3368 = FACE_BOUND('',#3369,.T.);
#3369 = EDGE_LOOP('',(#3370,#3371,#3372,#3373,#3374,#3375,#3376,#3377,
    #3378,#3379));
#3370 = ORIENTED_EDGE('',*,*,#2040,.T.);
#3371 = ORIENTED_EDGE('',*,*,#2091,.F.);
#3372 = ORIENTED_EDGE('',*,*,#948,.F.);
#3373 = ORIENTED_EDGE('',*,*,#2936,.F.);
#3374 = ORIENTED_EDGE('',*,*,#1692,.T.);
#3375 = ORIENTED_EDGE('',*,*,#1818,.F.);
#3376 = ORIENTED_EDGE('',*,*,#1842,.T.);
#3377 = ORIENTED_EDGE('',*,*,#1896,.F.);
#3378 = ORIENTED_EDGE('',*,*,#1943,.T.);
#3379 = ORIENTED_EDGE('',*,*,#1997,.F.);
#3380 = FACE_BOUND('',#3381,.T.);
#3381 = EDGE_LOOP('',(#3382,#3383,#3384,#3385,#3386));
#3382 = ORIENTED_EDGE('',*,*,#2140,.F.);
#3383 = ORIENTED_EDGE('',*,*,#2187,.T.);
#3384 = ORIENTED_EDGE('',*,*,#2241,.F.);
#3385 = ORIENTED_EDGE('',*,*,#2288,.F.);
#3386 = ORIENTED_EDGE('',*,*,#2335,.T.);
#3387 = FACE_BOUND('',#3388,.T.);
#3388 = EDGE_LOOP('',(#3389,#3390,#3391,#3392,#3393));
#3389 = ORIENTED_EDGE('',*,*,#2389,.F.);
#3390 = ORIENTED_EDGE('',*,*,#2436,.T.);
#3391 = ORIENTED_EDGE('',*,*,#2490,.F.);
#3392 = ORIENTED_EDGE('',*,*,#2537,.F.);
#3393 = ORIENTED_EDGE('',*,*,#2584,.T.);
#3394 = FACE_BOUND('',#3395,.T.);
#3395 = EDGE_LOOP('',(#3396,#3397,#3398,#3399,#3400));
#3396 = ORIENTED_EDGE('',*,*,#2638,.F.);
#3397 = ORIENTED_EDGE('',*,*,#2685,.T.);
#3398 = ORIENTED_EDGE('',*,*,#2739,.F.);
#3399 = ORIENTED_EDGE('',*,*,#2786,.F.);
#3400 = ORIENTED_EDGE('',*,*,#2833,.T.);
#3401 = ADVANCED_FACE('',(#3402),#891,.F.);
#3402 = FACE_BOUND('',#3403,.F.);
#3403 = EDGE_LOOP('',(#3404,#3405,#3428,#3449));
#3404 = ORIENTED_EDGE('',*,*,#875,.F.);
#3405 = ORIENTED_EDGE('',*,*,#3406,.T.);
#3406 = EDGE_CURVE('',#848,#3407,#3409,.T.);
#3407 = VERTEX_POINT('',#3408);
#3408 = CARTESIAN_POINT('',(95.,-3.,18.));
#3409 = SURFACE_CURVE('',#3410,(#3414,#3421),.PCURVE_S1.);
#3410 = LINE('',#3411,#3412);
#3411 = CARTESIAN_POINT('',(95.,-3.,0.));
#3412 = VECTOR('',#3413,1.);
#3413 = DIRECTION('',(0.,0.,1.));
#3414 = PCURVE('',#891,#3415);
#3415 = DEFINITIONAL_REPRESENTATION('',(#3416),#3420);
#3416 = LINE('',#3417,#3418);
#3417 = CARTESIAN_POINT('',(0.,0.));
#3418 = VECTOR('',#3419,1.);
#3419 = DIRECTION('',(1.,0.));
#3420 = ( GEOMETRIC_REPRESENTATION_CONTEXT(2) 
PARAMETRIC_REPRESENTATION_CONTEXT() REPRESENTATION_CONTEXT('2D SPACE',''
  ) );
#3421 = PCURVE('',#863,#3422);
#3422 = DEFINITIONAL_REPRESENTATION('',(#3423),#3427);
#3423 = LINE('',#3424,#3425);
#3424 = CARTESIAN_POINT('',(0.,3.));
#3425 = VECTOR('',#3426,1.);
#3426 = DIRECTION('',(1.,0.));
#3427 = ( GEOMETRIC_REPRESENTATION_CONTEXT(2) 
PARAMETRIC_REPRESENTATION_CONTEXT() REPRESENTATION_CONTEXT('2D SPACE',''
  ) );
#3428 = ORIENTED_EDGE('',*,*,#3429,.T.);
#3429 = EDGE_CURVE('',#3407,#1006,#3430,.T.);
#3430 = SURFACE_CURVE('',#3431,(#3435,#3442),.PCURVE_S1.);
#3431 = LINE('',#3432,#3433);
#3432 = CARTESIAN_POINT('',(95.,-3.,18.));
#3433 = VECTOR('',#3434,1.);
#3434 = DIRECTION('',(1.,0.,0.));
#3435 = PCURVE('',#891,#3436);
#3436 = DEFINITIONAL_REPRESENTATION('',(#3437),#3441);
#3437 = LINE('',#3438,#3439);
#3438 = CARTESIAN_POINT('',(18.,0.));
#3439 = VECTOR('',#3440,1.);
#3440 = DIRECTION('',(0.,1.));
#3441 = ( GEOMETRIC_REPRESENTATION_CONTEXT(2) 
PARAMETRIC_REPRESENTATION_CONTEXT() REPRESENTATION_CONTEXT('2D SPACE',''
  ) );
#3442 = PCURVE('',#1072,#3443);
#3443 = DEFINITIONAL_REPRESENTATION('',(#3444),#3448);
#3444 = LINE('',#3445,#3446);
#3445 = CARTESIAN_POINT('',(0.,0.));
#3446 = VECTOR('',#3447,1.);
#3447 = DIRECTION('',(1.,0.));
#3448 = ( GEOMETRIC_REPRESENTATION_CONTEXT(2) 
PARAMETRIC_REPRESENTATION_CONTEXT() REPRESENTATION_CONTEXT('2D SPACE',''
  ) );
#3449 = ORIENTED_EDGE('',*,*,#1005,.F.);
#3450 = ADVANCED_FACE('',(#3451),#863,.F.);
#3451 = FACE_BOUND('',#3452,.F.);
#3452 = EDGE_LOOP('',(#3453,#3476,#3477,#3500,#3521,#3522,#3523,#3524,
    #3545,#3566,#3589,#3610,#3631,#3652));
#3453 = ORIENTED_EDGE('',*,*,#3454,.T.);
#3454 = EDGE_CURVE('',#3455,#1088,#3457,.T.);
#3455 = VERTEX_POINT('',#3456);
#3456 = CARTESIAN_POINT('',(95.,217.5,0.));
#3457 = SURFACE_CURVE('',#3458,(#3462,#3469),.PCURVE_S1.);
#3458 = LINE('',#3459,#3460);
#3459 = CARTESIAN_POINT('',(95.,217.5,0.));
#3460 = VECTOR('',#3461,1.);
#3461 = DIRECTION('',(0.,0.,1.));
#3462 = PCURVE('',#863,#3463);
#3463 = DEFINITIONAL_REPRESENTATION('',(#3464),#3468);
#3464 = LINE('',#3465,#3466);
#3465 = CARTESIAN_POINT('',(0.,-217.5));
#3466 = VECTOR('',#3467,1.);
#3467 = DIRECTION('',(1.,0.));
#3468 = ( GEOMETRIC_REPRESENTATION_CONTEXT(2) 
PARAMETRIC_REPRESENTATION_CONTEXT() REPRESENTATION_CONTEXT('2D SPACE',''
  ) );
#3469 = PCURVE('',#1105,#3470);
#3470 = DEFINITIONAL_REPRESENTATION('',(#3471),#3475);
#3471 = LINE('',#3472,#3473);
#3472 = CARTESIAN_POINT('',(0.,-120.));
#3473 = VECTOR('',#3474,1.);
#3474 = DIRECTION('',(1.,0.));
#3475 = ( GEOMETRIC_REPRESENTATION_CONTEXT(2) 
PARAMETRIC_REPRESENTATION_CONTEXT() REPRESENTATION_CONTEXT('2D SPACE',''
  ) );
#3476 = ORIENTED_EDGE('',*,*,#1117,.F.);
#3477 = ORIENTED_EDGE('',*,*,#3478,.T.);
#3478 = EDGE_CURVE('',#1118,#3479,#3481,.T.);
#3479 = VERTEX_POINT('',#3480);
#3480 = CARTESIAN_POINT('',(95.,0.,18.));
#3481 = SURFACE_CURVE('',#3482,(#3486,#3493),.PCURVE_S1.);
#3482 = LINE('',#3483,#3484);
#3483 = CARTESIAN_POINT('',(95.,0.,0.));
#3484 = VECTOR('',#3485,1.);
#3485 = DIRECTION('',(0.,0.,1.));
#3486 = PCURVE('',#863,#3487);
#3487 = DEFINITIONAL_REPRESENTATION('',(#3488),#3492);
#3488 = LINE('',#3489,#3490);
#3489 = CARTESIAN_POINT('',(0.,0.));
#3490 = VECTOR('',#3491,1.);
#3491 = DIRECTION('',(1.,0.));
#3492 = ( GEOMETRIC_REPRESENTATION_CONTEXT(2) 
PARAMETRIC_REPRESENTATION_CONTEXT() REPRESENTATION_CONTEXT('2D SPACE',''
  ) );
#3493 = PCURVE('',#1046,#3494);
#3494 = DEFINITIONAL_REPRESENTATION('',(#3495),#3499);
#3495 = LINE('',#3496,#3497);
#3496 = CARTESIAN_POINT('',(0.,0.));
#3497 = VECTOR('',#3498,1.);
#3498 = DIRECTION('',(1.,0.));
#3499 = ( GEOMETRIC_REPRESENTATION_CONTEXT(2) 
PARAMETRIC_REPRESENTATION_CONTEXT() REPRESENTATION_CONTEXT('2D SPACE',''
  ) );
#3500 = ORIENTED_EDGE('',*,*,#3501,.F.);
#3501 = EDGE_CURVE('',#3407,#3479,#3502,.T.);
#3502 = SURFACE_CURVE('',#3503,(#3507,#3514),.PCURVE_S1.);
#3503 = LINE('',#3504,#3505);
#3504 = CARTESIAN_POINT('',(95.,-3.,18.));
#3505 = VECTOR('',#3506,1.);
#3506 = DIRECTION('',(0.,1.,0.));
#3507 = PCURVE('',#863,#3508);
#3508 = DEFINITIONAL_REPRESENTATION('',(#3509),#3513);
#3509 = LINE('',#3510,#3511);
#3510 = CARTESIAN_POINT('',(18.,3.));
#3511 = VECTOR('',#3512,1.);
#3512 = DIRECTION('',(0.,-1.));
#3513 = ( GEOMETRIC_REPRESENTATION_CONTEXT(2) 
PARAMETRIC_REPRESENTATION_CONTEXT() REPRESENTATION_CONTEXT('2D SPACE',''
  ) );
#3514 = PCURVE('',#1072,#3515);
#3515 = DEFINITIONAL_REPRESENTATION('',(#3516),#3520);
#3516 = LINE('',#3517,#3518);
#3517 = CARTESIAN_POINT('',(0.,0.));
#3518 = VECTOR('',#3519,1.);
#3519 = DIRECTION('',(0.,1.));
#3520 = ( GEOMETRIC_REPRESENTATION_CONTEXT(2) 
PARAMETRIC_REPRESENTATION_CONTEXT() REPRESENTATION_CONTEXT('2D SPACE',''
  ) );
#3521 = ORIENTED_EDGE('',*,*,#3406,.F.);
#3522 = ORIENTED_EDGE('',*,*,#847,.T.);
#3523 = ORIENTED_EDGE('',*,*,#2913,.T.);
#3524 = ORIENTED_EDGE('',*,*,#3525,.F.);
#3525 = EDGE_CURVE('',#3526,#2864,#3528,.T.);
#3526 = VERTEX_POINT('',#3527);
#3527 = CARTESIAN_POINT('',(95.,30.2,6.));
#3528 = SURFACE_CURVE('',#3529,(#3533,#3539),.PCURVE_S1.);
#3529 = LINE('',#3530,#3531);
#3530 = CARTESIAN_POINT('',(95.,4.9,6.));
#3531 = VECTOR('',#3532,1.);
#3532 = DIRECTION('',(0.,-1.,0.));
#3533 = PCURVE('',#863,#3534);
#3534 = DEFINITIONAL_REPRESENTATION('',(#3535),#3538);
#3535 = B_SPLINE_CURVE_WITH_KNOTS('',1,(#3536,#3537),.UNSPECIFIED.,.F.,
  .F.,(2,2),(-25.3,-4.9),.PIECEWISE_BEZIER_KNOTS.);
#3536 = CARTESIAN_POINT('',(6.,-30.2));
#3537 = CARTESIAN_POINT('',(6.,-9.8));
#3538 = ( GEOMETRIC_REPRESENTATION_CONTEXT(2) 
PARAMETRIC_REPRESENTATION_CONTEXT() REPRESENTATION_CONTEXT('2D SPACE',''
  ) );
#3539 = PCURVE('',#2881,#3540);
#3540 = DEFINITIONAL_REPRESENTATION('',(#3541),#3544);
#3541 = B_SPLINE_CURVE_WITH_KNOTS('',1,(#3542,#3543),.UNSPECIFIED.,.F.,
  .F.,(2,2),(-25.3,-4.9),.PIECEWISE_BEZIER_KNOTS.);
#3542 = CARTESIAN_POINT('',(1.,20.4));
#3543 = CARTESIAN_POINT('',(1.,0.));
#3544 = ( GEOMETRIC_REPRESENTATION_CONTEXT(2) 
PARAMETRIC_REPRESENTATION_CONTEXT() REPRESENTATION_CONTEXT('2D SPACE',''
  ) );
#3545 = ORIENTED_EDGE('',*,*,#3546,.F.);
#3546 = EDGE_CURVE('',#3547,#3526,#3549,.T.);
#3547 = VERTEX_POINT('',#3548);
#3548 = CARTESIAN_POINT('',(95.,30.2,0.));
#3549 = SURFACE_CURVE('',#3550,(#3554,#3560),.PCURVE_S1.);
#3550 = LINE('',#3551,#3552);
#3551 = CARTESIAN_POINT('',(95.,30.2,-0.5));
#3552 = VECTOR('',#3553,1.);
#3553 = DIRECTION('',(0.,0.,1.));
#3554 = PCURVE('',#863,#3555);
#3555 = DEFINITIONAL_REPRESENTATION('',(#3556),#3559);
#3556 = B_SPLINE_CURVE_WITH_KNOTS('',1,(#3557,#3558),.UNSPECIFIED.,.F.,
  .F.,(2,2),(0.5,6.5),.PIECEWISE_BEZIER_KNOTS.);
#3557 = CARTESIAN_POINT('',(0.,-30.2));
#3558 = CARTESIAN_POINT('',(6.,-30.2));
#3559 = ( GEOMETRIC_REPRESENTATION_CONTEXT(2) 
PARAMETRIC_REPRESENTATION_CONTEXT() REPRESENTATION_CONTEXT('2D SPACE',''
  ) );
#3560 = PCURVE('',#2995,#3561);
#3561 = DEFINITIONAL_REPRESENTATION('',(#3562),#3565);
#3562 = B_SPLINE_CURVE_WITH_KNOTS('',1,(#3563,#3564),.UNSPECIFIED.,.F.,
  .F.,(2,2),(0.5,6.5),.PIECEWISE_BEZIER_KNOTS.);
#3563 = CARTESIAN_POINT('',(1.,1.));
#3564 = CARTESIAN_POINT('',(7.,1.));
#3565 = ( GEOMETRIC_REPRESENTATION_CONTEXT(2) 
PARAMETRIC_REPRESENTATION_CONTEXT() REPRESENTATION_CONTEXT('2D SPACE',''
  ) );
#3566 = ORIENTED_EDGE('',*,*,#3567,.T.);
#3567 = EDGE_CURVE('',#3547,#3568,#3570,.T.);
#3568 = VERTEX_POINT('',#3569);
#3569 = CARTESIAN_POINT('',(95.,184.8,0.));
#3570 = SURFACE_CURVE('',#3571,(#3575,#3582),.PCURVE_S1.);
#3571 = LINE('',#3572,#3573);
#3572 = CARTESIAN_POINT('',(95.,-3.,0.));
#3573 = VECTOR('',#3574,1.);
#3574 = DIRECTION('',(0.,1.,0.));
#3575 = PCURVE('',#863,#3576);
#3576 = DEFINITIONAL_REPRESENTATION('',(#3577),#3581);
#3577 = LINE('',#3578,#3579);
#3578 = CARTESIAN_POINT('',(0.,3.));
#3579 = VECTOR('',#3580,1.);
#3580 = DIRECTION('',(0.,-1.));
#3581 = ( GEOMETRIC_REPRESENTATION_CONTEXT(2) 
PARAMETRIC_REPRESENTATION_CONTEXT() REPRESENTATION_CONTEXT('2D SPACE',''
  ) );
#3582 = PCURVE('',#3022,#3583);
#3583 = DEFINITIONAL_REPRESENTATION('',(#3584),#3588);
#3584 = LINE('',#3585,#3586);
#3585 = CARTESIAN_POINT('',(-63.2,-3.));
#3586 = VECTOR('',#3587,1.);
#3587 = DIRECTION('',(0.,1.));
#3588 = ( GEOMETRIC_REPRESENTATION_CONTEXT(2) 
PARAMETRIC_REPRESENTATION_CONTEXT() REPRESENTATION_CONTEXT('2D SPACE',''
  ) );
#3589 = ORIENTED_EDGE('',*,*,#3590,.T.);
#3590 = EDGE_CURVE('',#3568,#3591,#3593,.T.);
#3591 = VERTEX_POINT('',#3592);
#3592 = CARTESIAN_POINT('',(95.,184.8,6.));
#3593 = SURFACE_CURVE('',#3594,(#3598,#3604),.PCURVE_S1.);
#3594 = LINE('',#3595,#3596);
#3595 = CARTESIAN_POINT('',(95.,184.8,-0.5));
#3596 = VECTOR('',#3597,1.);
#3597 = DIRECTION('',(0.,0.,1.));
#3598 = PCURVE('',#863,#3599);
#3599 = DEFINITIONAL_REPRESENTATION('',(#3600),#3603);
#3600 = B_SPLINE_CURVE_WITH_KNOTS('',1,(#3601,#3602),.UNSPECIFIED.,.F.,
  .F.,(2,2),(0.5,6.5),.PIECEWISE_BEZIER_KNOTS.);
#3601 = CARTESIAN_POINT('',(0.,-184.8));
#3602 = CARTESIAN_POINT('',(6.,-184.8));
#3603 = ( GEOMETRIC_REPRESENTATION_CONTEXT(2) 
PARAMETRIC_REPRESENTATION_CONTEXT() REPRESENTATION_CONTEXT('2D SPACE',''
  ) );
#3604 = PCURVE('',#3049,#3605);
#3605 = DEFINITIONAL_REPRESENTATION('',(#3606),#3609);
#3606 = B_SPLINE_CURVE_WITH_KNOTS('',1,(#3607,#3608),.UNSPECIFIED.,.F.,
  .F.,(2,2),(0.5,6.5),.PIECEWISE_BEZIER_KNOTS.);
#3607 = CARTESIAN_POINT('',(1.,1.));
#3608 = CARTESIAN_POINT('',(7.,1.));
#3609 = ( GEOMETRIC_REPRESENTATION_CONTEXT(2) 
PARAMETRIC_REPRESENTATION_CONTEXT() REPRESENTATION_CONTEXT('2D SPACE',''
  ) );
#3610 = ORIENTED_EDGE('',*,*,#3611,.F.);
#3611 = EDGE_CURVE('',#3612,#3591,#3614,.T.);
#3612 = VERTEX_POINT('',#3613);
#3613 = CARTESIAN_POINT('',(95.,205.2,6.));
#3614 = SURFACE_CURVE('',#3615,(#3619,#3625),.PCURVE_S1.);
#3615 = LINE('',#3616,#3617);
#3616 = CARTESIAN_POINT('',(95.,92.4,6.));
#3617 = VECTOR('',#3618,1.);
#3618 = DIRECTION('',(0.,-1.,0.));
#3619 = PCURVE('',#863,#3620);
#3620 = DEFINITIONAL_REPRESENTATION('',(#3621),#3624);
#3621 = B_SPLINE_CURVE_WITH_KNOTS('',1,(#3622,#3623),.UNSPECIFIED.,.F.,
  .F.,(2,2),(-112.8,-92.4),.PIECEWISE_BEZIER_KNOTS.);
#3622 = CARTESIAN_POINT('',(6.,-205.2));
#3623 = CARTESIAN_POINT('',(6.,-184.8));
#3624 = ( GEOMETRIC_REPRESENTATION_CONTEXT(2) 
PARAMETRIC_REPRESENTATION_CONTEXT() REPRESENTATION_CONTEXT('2D SPACE',''
  ) );
#3625 = PCURVE('',#3075,#3626);
#3626 = DEFINITIONAL_REPRESENTATION('',(#3627),#3630);
#3627 = B_SPLINE_CURVE_WITH_KNOTS('',1,(#3628,#3629),.UNSPECIFIED.,.F.,
  .F.,(2,2),(-112.8,-92.4),.PIECEWISE_BEZIER_KNOTS.);
#3628 = CARTESIAN_POINT('',(1.,20.4));
#3629 = CARTESIAN_POINT('',(1.,0.));
#3630 = ( GEOMETRIC_REPRESENTATION_CONTEXT(2) 
PARAMETRIC_REPRESENTATION_CONTEXT() REPRESENTATION_CONTEXT('2D SPACE',''
  ) );
#3631 = ORIENTED_EDGE('',*,*,#3632,.F.);
#3632 = EDGE_CURVE('',#3633,#3612,#3635,.T.);
#3633 = VERTEX_POINT('',#3634);
#3634 = CARTESIAN_POINT('',(95.,205.2,0.));
#3635 = SURFACE_CURVE('',#3636,(#3640,#3646),.PCURVE_S1.);
#3636 = LINE('',#3637,#3638);
#3637 = CARTESIAN_POINT('',(95.,205.2,-0.5));
#3638 = VECTOR('',#3639,1.);
#3639 = DIRECTION('',(0.,0.,1.));
#3640 = PCURVE('',#863,#3641);
#3641 = DEFINITIONAL_REPRESENTATION('',(#3642),#3645);
#3642 = B_SPLINE_CURVE_WITH_KNOTS('',1,(#3643,#3644),.UNSPECIFIED.,.F.,
  .F.,(2,2),(0.5,6.5),.PIECEWISE_BEZIER_KNOTS.);
#3643 = CARTESIAN_POINT('',(0.,-205.2));
#3644 = CARTESIAN_POINT('',(6.,-205.2));
#3645 = ( GEOMETRIC_REPRESENTATION_CONTEXT(2) 
PARAMETRIC_REPRESENTATION_CONTEXT() REPRESENTATION_CONTEXT('2D SPACE',''
  ) );
#3646 = PCURVE('',#3101,#3647);
#3647 = DEFINITIONAL_REPRESENTATION('',(#3648),#3651);
#3648 = B_SPLINE_CURVE_WITH_KNOTS('',1,(#3649,#3650),.UNSPECIFIED.,.F.,
  .F.,(2,2),(0.5,6.5),.PIECEWISE_BEZIER_KNOTS.);
#3649 = CARTESIAN_POINT('',(1.,1.));
#3650 = CARTESIAN_POINT('',(7.,1.));
#3651 = ( GEOMETRIC_REPRESENTATION_CONTEXT(2) 
PARAMETRIC_REPRESENTATION_CONTEXT() REPRESENTATION_CONTEXT('2D SPACE',''
  ) );
#3652 = ORIENTED_EDGE('',*,*,#3653,.T.);
#3653 = EDGE_CURVE('',#3633,#3455,#3654,.T.);
#3654 = SURFACE_CURVE('',#3655,(#3659,#3666),.PCURVE_S1.);
#3655 = LINE('',#3656,#3657);
#3656 = CARTESIAN_POINT('',(95.,-3.,0.));
#3657 = VECTOR('',#3658,1.);
#3658 = DIRECTION('',(0.,1.,0.));
#3659 = PCURVE('',#863,#3660);
#3660 = DEFINITIONAL_REPRESENTATION('',(#3661),#3665);
#3661 = LINE('',#3662,#3663);
#3662 = CARTESIAN_POINT('',(0.,3.));
#3663 = VECTOR('',#3664,1.);
#3664 = DIRECTION('',(0.,-1.));
#3665 = ( GEOMETRIC_REPRESENTATION_CONTEXT(2) 
PARAMETRIC_REPRESENTATION_CONTEXT() REPRESENTATION_CONTEXT('2D SPACE',''
  ) );
#3666 = PCURVE('',#3128,#3667);
#3667 = DEFINITIONAL_REPRESENTATION('',(#3668),#3672);
#3668 = LINE('',#3669,#3670);
#3669 = CARTESIAN_POINT('',(-63.2,-3.));
#3670 = VECTOR('',#3671,1.);
#3671 = DIRECTION('',(0.,1.));
#3672 = ( GEOMETRIC_REPRESENTATION_CONTEXT(2) 
PARAMETRIC_REPRESENTATION_CONTEXT() REPRESENTATION_CONTEXT('2D SPACE',''
  ) );
#3673 = ADVANCED_FACE('',(#3674),#1072,.T.);
#3674 = FACE_BOUND('',#3675,.T.);
#3675 = EDGE_LOOP('',(#3676,#3677,#3678,#3679));
#3676 = ORIENTED_EDGE('',*,*,#3501,.F.);
#3677 = ORIENTED_EDGE('',*,*,#3429,.T.);
#3678 = ORIENTED_EDGE('',*,*,#1058,.T.);
#3679 = ORIENTED_EDGE('',*,*,#3680,.F.);
#3680 = EDGE_CURVE('',#3479,#1031,#3681,.T.);
#3681 = SURFACE_CURVE('',#3682,(#3686,#3693),.PCURVE_S1.);
#3682 = LINE('',#3683,#3684);
#3683 = CARTESIAN_POINT('',(95.,0.,18.));
#3684 = VECTOR('',#3685,1.);
#3685 = DIRECTION('',(1.,0.,0.));
#3686 = PCURVE('',#1072,#3687);
#3687 = DEFINITIONAL_REPRESENTATION('',(#3688),#3692);
#3688 = LINE('',#3689,#3690);
#3689 = CARTESIAN_POINT('',(0.,3.));
#3690 = VECTOR('',#3691,1.);
#3691 = DIRECTION('',(1.,0.));
#3692 = ( GEOMETRIC_REPRESENTATION_CONTEXT(2) 
PARAMETRIC_REPRESENTATION_CONTEXT() REPRESENTATION_CONTEXT('2D SPACE',''
  ) );
#3693 = PCURVE('',#1046,#3694);
#3694 = DEFINITIONAL_REPRESENTATION('',(#3695),#3699);
#3695 = LINE('',#3696,#3697);
#3696 = CARTESIAN_POINT('',(18.,0.));
#3697 = VECTOR('',#3698,1.);
#3698 = DIRECTION('',(0.,1.));
#3699 = ( GEOMETRIC_REPRESENTATION_CONTEXT(2) 
PARAMETRIC_REPRESENTATION_CONTEXT() REPRESENTATION_CONTEXT('2D SPACE',''
  ) );
#3700 = ADVANCED_FACE('',(#3701),#1046,.T.);
#3701 = FACE_BOUND('',#3702,.T.);
#3702 = EDGE_LOOP('',(#3703,#3704,#3705,#3706));
#3703 = ORIENTED_EDGE('',*,*,#1140,.F.);
#3704 = ORIENTED_EDGE('',*,*,#3478,.T.);
#3705 = ORIENTED_EDGE('',*,*,#3680,.T.);
#3706 = ORIENTED_EDGE('',*,*,#1030,.F.);
#3707 = ADVANCED_FACE('',(#3708),#1105,.T.);
#3708 = FACE_BOUND('',#3709,.T.);
#3709 = EDGE_LOOP('',(#3710,#3731,#3732,#3733,#3756,#3784,#3805,#3806,
    #3829,#3857,#3885,#3908,#3929));
#3710 = ORIENTED_EDGE('',*,*,#3711,.F.);
#3711 = EDGE_CURVE('',#3455,#3113,#3712,.T.);
#3712 = SURFACE_CURVE('',#3713,(#3717,#3724),.PCURVE_S1.);
#3713 = LINE('',#3714,#3715);
#3714 = CARTESIAN_POINT('',(95.,217.5,0.));
#3715 = VECTOR('',#3716,1.);
#3716 = DIRECTION('',(1.,0.,0.));
#3717 = PCURVE('',#1105,#3718);
#3718 = DEFINITIONAL_REPRESENTATION('',(#3719),#3723);
#3719 = LINE('',#3720,#3721);
#3720 = CARTESIAN_POINT('',(0.,-120.));
#3721 = VECTOR('',#3722,1.);
#3722 = DIRECTION('',(0.,1.));
#3723 = ( GEOMETRIC_REPRESENTATION_CONTEXT(2) 
PARAMETRIC_REPRESENTATION_CONTEXT() REPRESENTATION_CONTEXT('2D SPACE',''
  ) );
#3724 = PCURVE('',#3128,#3725);
#3725 = DEFINITIONAL_REPRESENTATION('',(#3726),#3730);
#3726 = LINE('',#3727,#3728);
#3727 = CARTESIAN_POINT('',(-63.2,217.5));
#3728 = VECTOR('',#3729,1.);
#3729 = DIRECTION('',(1.,0.));
#3730 = ( GEOMETRIC_REPRESENTATION_CONTEXT(2) 
PARAMETRIC_REPRESENTATION_CONTEXT() REPRESENTATION_CONTEXT('2D SPACE',''
  ) );
#3731 = ORIENTED_EDGE('',*,*,#3454,.T.);
#3732 = ORIENTED_EDGE('',*,*,#1087,.T.);
#3733 = ORIENTED_EDGE('',*,*,#3734,.T.);
#3734 = EDGE_CURVE('',#1090,#3735,#3737,.T.);
#3735 = VERTEX_POINT('',#3736);
#3736 = CARTESIAN_POINT('',(147.,217.5,25.));
#3737 = SURFACE_CURVE('',#3738,(#3742,#3749),.PCURVE_S1.);
#3738 = LINE('',#3739,#3740);
#3739 = CARTESIAN_POINT('',(147.,217.5,15.));
#3740 = VECTOR('',#3741,1.);
#3741 = DIRECTION('',(0.,0.,1.));
#3742 = PCURVE('',#1105,#3743);
#3743 = DEFINITIONAL_REPRESENTATION('',(#3744),#3748);
#3744 = LINE('',#3745,#3746);
#3745 = CARTESIAN_POINT('',(15.,-68.));
#3746 = VECTOR('',#3747,1.);
#3747 = DIRECTION('',(1.,0.));
#3748 = ( GEOMETRIC_REPRESENTATION_CONTEXT(2) 
PARAMETRIC_REPRESENTATION_CONTEXT() REPRESENTATION_CONTEXT('2D SPACE',''
  ) );
#3749 = PCURVE('',#1416,#3750);
#3750 = DEFINITIONAL_REPRESENTATION('',(#3751),#3755);
#3751 = LINE('',#3752,#3753);
#3752 = CARTESIAN_POINT('',(0.,-7.));
#3753 = VECTOR('',#3754,1.);
#3754 = DIRECTION('',(1.,0.));
#3755 = ( GEOMETRIC_REPRESENTATION_CONTEXT(2) 
PARAMETRIC_REPRESENTATION_CONTEXT() REPRESENTATION_CONTEXT('2D SPACE',''
  ) );
#3756 = ORIENTED_EDGE('',*,*,#3757,.T.);
#3757 = EDGE_CURVE('',#3735,#3758,#3760,.T.);
#3758 = VERTEX_POINT('',#3759);
#3759 = CARTESIAN_POINT('',(155.,217.5,25.));
#3760 = SURFACE_CURVE('',#3761,(#3765,#3772),.PCURVE_S1.);
#3761 = LINE('',#3762,#3763);
#3762 = CARTESIAN_POINT('',(147.,217.5,25.));
#3763 = VECTOR('',#3764,1.);
#3764 = DIRECTION('',(1.,0.,0.));
#3765 = PCURVE('',#1105,#3766);
#3766 = DEFINITIONAL_REPRESENTATION('',(#3767),#3771);
#3767 = LINE('',#3768,#3769);
#3768 = CARTESIAN_POINT('',(25.,-68.));
#3769 = VECTOR('',#3770,1.);
#3770 = DIRECTION('',(0.,1.));
#3771 = ( GEOMETRIC_REPRESENTATION_CONTEXT(2) 
PARAMETRIC_REPRESENTATION_CONTEXT() REPRESENTATION_CONTEXT('2D SPACE',''
  ) );
#3772 = PCURVE('',#3773,#3778);
#3773 = PLANE('',#3774);
#3774 = AXIS2_PLACEMENT_3D('',#3775,#3776,#3777);
#3775 = CARTESIAN_POINT('',(147.,210.5,25.));
#3776 = DIRECTION('',(0.,0.,1.));
#3777 = DIRECTION('',(1.,0.,0.));
#3778 = DEFINITIONAL_REPRESENTATION('',(#3779),#3783);
#3779 = LINE('',#3780,#3781);
#3780 = CARTESIAN_POINT('',(0.,7.));
#3781 = VECTOR('',#3782,1.);
#3782 = DIRECTION('',(1.,0.));
#3783 = ( GEOMETRIC_REPRESENTATION_CONTEXT(2) 
PARAMETRIC_REPRESENTATION_CONTEXT() REPRESENTATION_CONTEXT('2D SPACE',''
  ) );
#3784 = ORIENTED_EDGE('',*,*,#3785,.F.);
#3785 = EDGE_CURVE('',#1324,#3758,#3786,.T.);
#3786 = SURFACE_CURVE('',#3787,(#3791,#3798),.PCURVE_S1.);
#3787 = LINE('',#3788,#3789);
#3788 = CARTESIAN_POINT('',(155.,217.5,15.));
#3789 = VECTOR('',#3790,1.);
#3790 = DIRECTION('',(0.,0.,1.));
#3791 = PCURVE('',#1105,#3792);
#3792 = DEFINITIONAL_REPRESENTATION('',(#3793),#3797);
#3793 = LINE('',#3794,#3795);
#3794 = CARTESIAN_POINT('',(15.,-60.));
#3795 = VECTOR('',#3796,1.);
#3796 = DIRECTION('',(1.,0.));
#3797 = ( GEOMETRIC_REPRESENTATION_CONTEXT(2) 
PARAMETRIC_REPRESENTATION_CONTEXT() REPRESENTATION_CONTEXT('2D SPACE',''
  ) );
#3798 = PCURVE('',#1362,#3799);
#3799 = DEFINITIONAL_REPRESENTATION('',(#3800),#3804);
#3800 = LINE('',#3801,#3802);
#3801 = CARTESIAN_POINT('',(0.,-7.));
#3802 = VECTOR('',#3803,1.);
#3803 = DIRECTION('',(1.,0.));
#3804 = ( GEOMETRIC_REPRESENTATION_CONTEXT(2) 
PARAMETRIC_REPRESENTATION_CONTEXT() REPRESENTATION_CONTEXT('2D SPACE',''
  ) );
#3805 = ORIENTED_EDGE('',*,*,#1323,.T.);
#3806 = ORIENTED_EDGE('',*,*,#3807,.F.);
#3807 = EDGE_CURVE('',#3808,#1296,#3810,.T.);
#3808 = VERTEX_POINT('',#3809);
#3809 = CARTESIAN_POINT('',(215.,217.5,25.));
#3810 = SURFACE_CURVE('',#3811,(#3815,#3822),.PCURVE_S1.);
#3811 = LINE('',#3812,#3813);
#3812 = CARTESIAN_POINT('',(215.,217.5,25.));
#3813 = VECTOR('',#3814,1.);
#3814 = DIRECTION('',(-0.707106781187,0.,-0.707106781187));
#3815 = PCURVE('',#1105,#3816);
#3816 = DEFINITIONAL_REPRESENTATION('',(#3817),#3821);
#3817 = LINE('',#3818,#3819);
#3818 = CARTESIAN_POINT('',(25.,0.));
#3819 = VECTOR('',#3820,1.);
#3820 = DIRECTION('',(-0.707106781187,-0.707106781187));
#3821 = ( GEOMETRIC_REPRESENTATION_CONTEXT(2) 
PARAMETRIC_REPRESENTATION_CONTEXT() REPRESENTATION_CONTEXT('2D SPACE',''
  ) );
#3822 = PCURVE('',#1311,#3823);
#3823 = DEFINITIONAL_REPRESENTATION('',(#3824),#3828);
#3824 = LINE('',#3825,#3826);
#3825 = CARTESIAN_POINT('',(0.,-217.5));
#3826 = VECTOR('',#3827,1.);
#3827 = DIRECTION('',(1.,0.));
#3828 = ( GEOMETRIC_REPRESENTATION_CONTEXT(2) 
PARAMETRIC_REPRESENTATION_CONTEXT() REPRESENTATION_CONTEXT('2D SPACE',''
  ) );
#3829 = ORIENTED_EDGE('',*,*,#3830,.T.);
#3830 = EDGE_CURVE('',#3808,#3831,#3833,.T.);
#3831 = VERTEX_POINT('',#3832);
#3832 = CARTESIAN_POINT('',(215.,217.5,61.));
#3833 = SURFACE_CURVE('',#3834,(#3838,#3845),.PCURVE_S1.);
#3834 = LINE('',#3835,#3836);
#3835 = CARTESIAN_POINT('',(215.,217.5,0.));
#3836 = VECTOR('',#3837,1.);
#3837 = DIRECTION('',(0.,0.,1.));
#3838 = PCURVE('',#1105,#3839);
#3839 = DEFINITIONAL_REPRESENTATION('',(#3840),#3844);
#3840 = LINE('',#3841,#3842);
#3841 = CARTESIAN_POINT('',(0.,0.));
#3842 = VECTOR('',#3843,1.);
#3843 = DIRECTION('',(1.,0.));
#3844 = ( GEOMETRIC_REPRESENTATION_CONTEXT(2) 
PARAMETRIC_REPRESENTATION_CONTEXT() REPRESENTATION_CONTEXT('2D SPACE',''
  ) );
#3845 = PCURVE('',#3846,#3851);
#3846 = PLANE('',#3847);
#3847 = AXIS2_PLACEMENT_3D('',#3848,#3849,#3850);
#3848 = CARTESIAN_POINT('',(215.,0.,0.));
#3849 = DIRECTION('',(1.,0.,0.));
#3850 = DIRECTION('',(0.,0.,1.));
#3851 = DEFINITIONAL_REPRESENTATION('',(#3852),#3856);
#3852 = LINE('',#3853,#3854);
#3853 = CARTESIAN_POINT('',(0.,-217.5));
#3854 = VECTOR('',#3855,1.);
#3855 = DIRECTION('',(1.,0.));
#3856 = ( GEOMETRIC_REPRESENTATION_CONTEXT(2) 
PARAMETRIC_REPRESENTATION_CONTEXT() REPRESENTATION_CONTEXT('2D SPACE',''
  ) );
#3857 = ORIENTED_EDGE('',*,*,#3858,.T.);
#3858 = EDGE_CURVE('',#3831,#3859,#3861,.T.);
#3859 = VERTEX_POINT('',#3860);
#3860 = CARTESIAN_POINT('',(201.,217.5,75.));
#3861 = SURFACE_CURVE('',#3862,(#3866,#3873),.PCURVE_S1.);
#3862 = LINE('',#3863,#3864);
#3863 = CARTESIAN_POINT('',(215.,217.5,61.));
#3864 = VECTOR('',#3865,1.);
#3865 = DIRECTION('',(-0.707106781187,0.,0.707106781187));
#3866 = PCURVE('',#1105,#3867);
#3867 = DEFINITIONAL_REPRESENTATION('',(#3868),#3872);
#3868 = LINE('',#3869,#3870);
#3869 = CARTESIAN_POINT('',(61.,0.));
#3870 = VECTOR('',#3871,1.);
#3871 = DIRECTION('',(0.707106781187,-0.707106781187));
#3872 = ( GEOMETRIC_REPRESENTATION_CONTEXT(2) 
PARAMETRIC_REPRESENTATION_CONTEXT() REPRESENTATION_CONTEXT('2D SPACE',''
  ) );
#3873 = PCURVE('',#3874,#3879);
#3874 = PLANE('',#3875);
#3875 = AXIS2_PLACEMENT_3D('',#3876,#3877,#3878);
#3876 = CARTESIAN_POINT('',(215.,0.,61.));
#3877 = DIRECTION('',(0.707106781187,0.,0.707106781187));
#3878 = DIRECTION('',(-0.707106781187,0.,0.707106781187));
#3879 = DEFINITIONAL_REPRESENTATION('',(#3880),#3884);
#3880 = LINE('',#3881,#3882);
#3881 = CARTESIAN_POINT('',(0.,-217.5));
#3882 = VECTOR('',#3883,1.);
#3883 = DIRECTION('',(1.,0.));
#3884 = ( GEOMETRIC_REPRESENTATION_CONTEXT(2) 
PARAMETRIC_REPRESENTATION_CONTEXT() REPRESENTATION_CONTEXT('2D SPACE',''
  ) );
#3885 = ORIENTED_EDGE('',*,*,#3886,.T.);
#3886 = EDGE_CURVE('',#3859,#3887,#3889,.T.);
#3887 = VERTEX_POINT('',#3888);
#3888 = CARTESIAN_POINT('',(201.,217.5,88.1));
#3889 = SURFACE_CURVE('',#3890,(#3894,#3901),.PCURVE_S1.);
#3890 = LINE('',#3891,#3892);
#3891 = CARTESIAN_POINT('',(201.,217.5,75.));
#3892 = VECTOR('',#3893,1.);
#3893 = DIRECTION('',(0.,0.,1.));
#3894 = PCURVE('',#1105,#3895);
#3895 = DEFINITIONAL_REPRESENTATION('',(#3896),#3900);
#3896 = LINE('',#3897,#3898);
#3897 = CARTESIAN_POINT('',(75.,-14.));
#3898 = VECTOR('',#3899,1.);
#3899 = DIRECTION('',(1.,0.));
#3900 = ( GEOMETRIC_REPRESENTATION_CONTEXT(2) 
PARAMETRIC_REPRESENTATION_CONTEXT() REPRESENTATION_CONTEXT('2D SPACE',''
  ) );
#3901 = PCURVE('',#1778,#3902);
#3902 = DEFINITIONAL_REPRESENTATION('',(#3903),#3907);
#3903 = LINE('',#3904,#3905);
#3904 = CARTESIAN_POINT('',(0.,-217.5));
#3905 = VECTOR('',#3906,1.);
#3906 = DIRECTION('',(1.,0.));
#3907 = ( GEOMETRIC_REPRESENTATION_CONTEXT(2) 
PARAMETRIC_REPRESENTATION_CONTEXT() REPRESENTATION_CONTEXT('2D SPACE',''
  ) );
#3908 = ORIENTED_EDGE('',*,*,#3909,.F.);
#3909 = EDGE_CURVE('',#3141,#3887,#3910,.T.);
#3910 = SURFACE_CURVE('',#3911,(#3915,#3922),.PCURVE_S1.);
#3911 = LINE('',#3912,#3913);
#3912 = CARTESIAN_POINT('',(220.,217.5,88.1));
#3913 = VECTOR('',#3914,1.);
#3914 = DIRECTION('',(-1.,0.,0.));
#3915 = PCURVE('',#1105,#3916);
#3916 = DEFINITIONAL_REPRESENTATION('',(#3917),#3921);
#3917 = LINE('',#3918,#3919);
#3918 = CARTESIAN_POINT('',(88.1,5.));
#3919 = VECTOR('',#3920,1.);
#3920 = DIRECTION('',(0.,-1.));
#3921 = ( GEOMETRIC_REPRESENTATION_CONTEXT(2) 
PARAMETRIC_REPRESENTATION_CONTEXT() REPRESENTATION_CONTEXT('2D SPACE',''
  ) );
#3922 = PCURVE('',#3179,#3923);
#3923 = DEFINITIONAL_REPRESENTATION('',(#3924),#3928);
#3924 = LINE('',#3925,#3926);
#3925 = CARTESIAN_POINT('',(61.8,217.5));
#3926 = VECTOR('',#3927,1.);
#3927 = DIRECTION('',(-1.,0.));
#3928 = ( GEOMETRIC_REPRESENTATION_CONTEXT(2) 
PARAMETRIC_REPRESENTATION_CONTEXT() REPRESENTATION_CONTEXT('2D SPACE',''
  ) );
#3929 = ORIENTED_EDGE('',*,*,#3140,.T.);
#3930 = ADVANCED_FACE('',(#3931),#1416,.F.);
#3931 = FACE_BOUND('',#3932,.F.);
#3932 = EDGE_LOOP('',(#3933,#3956,#3957,#3958));
#3933 = ORIENTED_EDGE('',*,*,#3934,.F.);
#3934 = EDGE_CURVE('',#1375,#3935,#3937,.T.);
#3935 = VERTEX_POINT('',#3936);
#3936 = CARTESIAN_POINT('',(147.,210.5,25.));
#3937 = SURFACE_CURVE('',#3938,(#3942,#3949),.PCURVE_S1.);
#3938 = LINE('',#3939,#3940);
#3939 = CARTESIAN_POINT('',(147.,210.5,15.));
#3940 = VECTOR('',#3941,1.);
#3941 = DIRECTION('',(0.,0.,1.));
#3942 = PCURVE('',#1416,#3943);
#3943 = DEFINITIONAL_REPRESENTATION('',(#3944),#3948);
#3944 = LINE('',#3945,#3946);
#3945 = CARTESIAN_POINT('',(0.,0.));
#3946 = VECTOR('',#3947,1.);
#3947 = DIRECTION('',(1.,0.));
#3948 = ( GEOMETRIC_REPRESENTATION_CONTEXT(2) 
PARAMETRIC_REPRESENTATION_CONTEXT() REPRESENTATION_CONTEXT('2D SPACE',''
  ) );
#3949 = PCURVE('',#1390,#3950);
#3950 = DEFINITIONAL_REPRESENTATION('',(#3951),#3955);
#3951 = LINE('',#3952,#3953);
#3952 = CARTESIAN_POINT('',(0.,0.));
#3953 = VECTOR('',#3954,1.);
#3954 = DIRECTION('',(1.,0.));
#3955 = ( GEOMETRIC_REPRESENTATION_CONTEXT(2) 
PARAMETRIC_REPRESENTATION_CONTEXT() REPRESENTATION_CONTEXT('2D SPACE',''
  ) );
#3956 = ORIENTED_EDGE('',*,*,#1402,.T.);
#3957 = ORIENTED_EDGE('',*,*,#3734,.T.);
#3958 = ORIENTED_EDGE('',*,*,#3959,.F.);
#3959 = EDGE_CURVE('',#3935,#3735,#3960,.T.);
#3960 = SURFACE_CURVE('',#3961,(#3965,#3972),.PCURVE_S1.);
#3961 = LINE('',#3962,#3963);
#3962 = CARTESIAN_POINT('',(147.,210.5,25.));
#3963 = VECTOR('',#3964,1.);
#3964 = DIRECTION('',(0.,1.,0.));
#3965 = PCURVE('',#1416,#3966);
#3966 = DEFINITIONAL_REPRESENTATION('',(#3967),#3971);
#3967 = LINE('',#3968,#3969);
#3968 = CARTESIAN_POINT('',(10.,0.));
#3969 = VECTOR('',#3970,1.);
#3970 = DIRECTION('',(0.,-1.));
#3971 = ( GEOMETRIC_REPRESENTATION_CONTEXT(2) 
PARAMETRIC_REPRESENTATION_CONTEXT() REPRESENTATION_CONTEXT('2D SPACE',''
  ) );
#3972 = PCURVE('',#3773,#3973);
#3973 = DEFINITIONAL_REPRESENTATION('',(#3974),#3978);
#3974 = LINE('',#3975,#3976);
#3975 = CARTESIAN_POINT('',(0.,0.));
#3976 = VECTOR('',#3977,1.);
#3977 = DIRECTION('',(0.,1.));
#3978 = ( GEOMETRIC_REPRESENTATION_CONTEXT(2) 
PARAMETRIC_REPRESENTATION_CONTEXT() REPRESENTATION_CONTEXT('2D SPACE',''
  ) );
#3979 = ADVANCED_FACE('',(#3980),#1390,.F.);
#3980 = FACE_BOUND('',#3981,.F.);
#3981 = EDGE_LOOP('',(#3982,#3983,#3984,#4007));
#3982 = ORIENTED_EDGE('',*,*,#1374,.F.);
#3983 = ORIENTED_EDGE('',*,*,#3934,.T.);
#3984 = ORIENTED_EDGE('',*,*,#3985,.T.);
#3985 = EDGE_CURVE('',#3935,#3986,#3988,.T.);
#3986 = VERTEX_POINT('',#3987);
#3987 = CARTESIAN_POINT('',(155.,210.5,25.));
#3988 = SURFACE_CURVE('',#3989,(#3993,#4000),.PCURVE_S1.);
#3989 = LINE('',#3990,#3991);
#3990 = CARTESIAN_POINT('',(147.,210.5,25.));
#3991 = VECTOR('',#3992,1.);
#3992 = DIRECTION('',(1.,0.,0.));
#3993 = PCURVE('',#1390,#3994);
#3994 = DEFINITIONAL_REPRESENTATION('',(#3995),#3999);
#3995 = LINE('',#3996,#3997);
#3996 = CARTESIAN_POINT('',(10.,0.));
#3997 = VECTOR('',#3998,1.);
#3998 = DIRECTION('',(0.,1.));
#3999 = ( GEOMETRIC_REPRESENTATION_CONTEXT(2) 
PARAMETRIC_REPRESENTATION_CONTEXT() REPRESENTATION_CONTEXT('2D SPACE',''
  ) );
#4000 = PCURVE('',#3773,#4001);
#4001 = DEFINITIONAL_REPRESENTATION('',(#4002),#4006);
#4002 = LINE('',#4003,#4004);
#4003 = CARTESIAN_POINT('',(0.,0.));
#4004 = VECTOR('',#4005,1.);
#4005 = DIRECTION('',(1.,0.));
#4006 = ( GEOMETRIC_REPRESENTATION_CONTEXT(2) 
PARAMETRIC_REPRESENTATION_CONTEXT() REPRESENTATION_CONTEXT('2D SPACE',''
  ) );
#4007 = ORIENTED_EDGE('',*,*,#4008,.F.);
#4008 = EDGE_CURVE('',#1347,#3986,#4009,.T.);
#4009 = SURFACE_CURVE('',#4010,(#4014,#4021),.PCURVE_S1.);
#4010 = LINE('',#4011,#4012);
#4011 = CARTESIAN_POINT('',(155.,210.5,15.));
#4012 = VECTOR('',#4013,1.);
#4013 = DIRECTION('',(0.,0.,1.));
#4014 = PCURVE('',#1390,#4015);
#4015 = DEFINITIONAL_REPRESENTATION('',(#4016),#4020);
#4016 = LINE('',#4017,#4018);
#4017 = CARTESIAN_POINT('',(0.,8.));
#4018 = VECTOR('',#4019,1.);
#4019 = DIRECTION('',(1.,0.));
#4020 = ( GEOMETRIC_REPRESENTATION_CONTEXT(2) 
PARAMETRIC_REPRESENTATION_CONTEXT() REPRESENTATION_CONTEXT('2D SPACE',''
  ) );
#4021 = PCURVE('',#1362,#4022);
#4022 = DEFINITIONAL_REPRESENTATION('',(#4023),#4027);
#4023 = LINE('',#4024,#4025);
#4024 = CARTESIAN_POINT('',(0.,0.));
#4025 = VECTOR('',#4026,1.);
#4026 = DIRECTION('',(1.,0.));
#4027 = ( GEOMETRIC_REPRESENTATION_CONTEXT(2) 
PARAMETRIC_REPRESENTATION_CONTEXT() REPRESENTATION_CONTEXT('2D SPACE',''
  ) );
#4028 = ADVANCED_FACE('',(#4029),#1362,.T.);
#4029 = FACE_BOUND('',#4030,.T.);
#4030 = EDGE_LOOP('',(#4031,#4032,#4033,#4034));
#4031 = ORIENTED_EDGE('',*,*,#4008,.F.);
#4032 = ORIENTED_EDGE('',*,*,#1346,.T.);
#4033 = ORIENTED_EDGE('',*,*,#3785,.T.);
#4034 = ORIENTED_EDGE('',*,*,#4035,.F.);
#4035 = EDGE_CURVE('',#3986,#3758,#4036,.T.);
#4036 = SURFACE_CURVE('',#4037,(#4041,#4048),.PCURVE_S1.);
#4037 = LINE('',#4038,#4039);
#4038 = CARTESIAN_POINT('',(155.,210.5,25.));
#4039 = VECTOR('',#4040,1.);
#4040 = DIRECTION('',(0.,1.,0.));
#4041 = PCURVE('',#1362,#4042);
#4042 = DEFINITIONAL_REPRESENTATION('',(#4043),#4047);
#4043 = LINE('',#4044,#4045);
#4044 = CARTESIAN_POINT('',(10.,0.));
#4045 = VECTOR('',#4046,1.);
#4046 = DIRECTION('',(0.,-1.));
#4047 = ( GEOMETRIC_REPRESENTATION_CONTEXT(2) 
PARAMETRIC_REPRESENTATION_CONTEXT() REPRESENTATION_CONTEXT('2D SPACE',''
  ) );
#4048 = PCURVE('',#3773,#4049);
#4049 = DEFINITIONAL_REPRESENTATION('',(#4050),#4054);
#4050 = LINE('',#4051,#4052);
#4051 = CARTESIAN_POINT('',(8.,0.));
#4052 = VECTOR('',#4053,1.);
#4053 = DIRECTION('',(0.,1.));
#4054 = ( GEOMETRIC_REPRESENTATION_CONTEXT(2) 
PARAMETRIC_REPRESENTATION_CONTEXT() REPRESENTATION_CONTEXT('2D SPACE',''
  ) );
#4055 = ADVANCED_FACE('',(#4056),#1311,.T.);
#4056 = FACE_BOUND('',#4057,.T.);
#4057 = EDGE_LOOP('',(#4058,#4059,#4094,#4129,#4150));
#4058 = ORIENTED_EDGE('',*,*,#1295,.F.);
#4059 = ORIENTED_EDGE('',*,*,#4060,.T.);
#4060 = EDGE_CURVE('',#1268,#4061,#4063,.T.);
#4061 = VERTEX_POINT('',#4062);
#4062 = CARTESIAN_POINT('',(210.,6.0839202169,20.));
#4063 = SURFACE_CURVE('',#4064,(#4069,#4076),.PCURVE_S1.);
#4064 = ELLIPSE('',#4065,8.485281374239,6.);
#4065 = AXIS2_PLACEMENT_3D('',#4066,#4067,#4068);
#4066 = CARTESIAN_POINT('',(211.,12.,21.));
#4067 = DIRECTION('',(-0.707106781187,0.,0.707106781187));
#4068 = DIRECTION('',(-0.707106781187,0.,-0.707106781187));
#4069 = PCURVE('',#1311,#4070);
#4070 = DEFINITIONAL_REPRESENTATION('',(#4071),#4075);
#4071 = ELLIPSE('',#4072,8.485281374239,6.);
#4072 = AXIS2_PLACEMENT_2D('',#4073,#4074);
#4073 = CARTESIAN_POINT('',(5.656854249492,-12.));
#4074 = DIRECTION('',(1.,0.));
#4075 = ( GEOMETRIC_REPRESENTATION_CONTEXT(2) 
PARAMETRIC_REPRESENTATION_CONTEXT() REPRESENTATION_CONTEXT('2D SPACE',''
  ) );
#4076 = PCURVE('',#4077,#4082);
#4077 = CYLINDRICAL_SURFACE('',#4078,6.);
#4078 = AXIS2_PLACEMENT_3D('',#4079,#4080,#4081);
#4079 = CARTESIAN_POINT('',(205.,12.,21.));
#4080 = DIRECTION('',(-1.,-0.,-0.));
#4081 = DIRECTION('',(0.,1.,0.));
#4082 = DEFINITIONAL_REPRESENTATION('',(#4083),#4093);
#4083 = B_SPLINE_CURVE_WITH_KNOTS('',8,(#4084,#4085,#4086,#4087,#4088,
    #4089,#4090,#4091,#4092),.UNSPECIFIED.,.F.,.F.,(9,9),(
    2.960594732334E-16,1.570796326795),.PIECEWISE_BEZIER_KNOTS.);
#4084 = CARTESIAN_POINT('',(-4.712388980385,0.));
#4085 = CARTESIAN_POINT('',(-4.516039439535,-3.487868498009E-16));
#4086 = CARTESIAN_POINT('',(-4.319689898685,-0.264364655918));
#4087 = CARTESIAN_POINT('',(-4.123340357828,-0.793091721956));
#4088 = CARTESIAN_POINT('',(-3.926990816984,-1.56444749653));
#4089 = CARTESIAN_POINT('',(-3.730641276125,-2.53492043273));
#4090 = CARTESIAN_POINT('',(-3.534291735289,-3.64380523009));
#4091 = CARTESIAN_POINT('',(-3.337942194439,-4.821902754904));
#4092 = CARTESIAN_POINT('',(-3.14159265359,-6.));
#4093 = ( GEOMETRIC_REPRESENTATION_CONTEXT(2) 
PARAMETRIC_REPRESENTATION_CONTEXT() REPRESENTATION_CONTEXT('2D SPACE',''
  ) );
#4094 = ORIENTED_EDGE('',*,*,#4095,.T.);
#4095 = EDGE_CURVE('',#4061,#4096,#4098,.T.);
#4096 = VERTEX_POINT('',#4097);
#4097 = CARTESIAN_POINT('',(215.,12.,25.));
#4098 = SURFACE_CURVE('',#4099,(#4104,#4111),.PCURVE_S1.);
#4099 = ELLIPSE('',#4100,8.485281374239,6.);
#4100 = AXIS2_PLACEMENT_3D('',#4101,#4102,#4103);
#4101 = CARTESIAN_POINT('',(209.,12.,19.));
#4102 = DIRECTION('',(-0.707106781187,0.,0.707106781187));
#4103 = DIRECTION('',(-0.707106781187,0.,-0.707106781187));
#4104 = PCURVE('',#1311,#4105);
#4105 = DEFINITIONAL_REPRESENTATION('',(#4106),#4110);
#4106 = ELLIPSE('',#4107,8.485281374239,6.);
#4107 = AXIS2_PLACEMENT_2D('',#4108,#4109);
#4108 = CARTESIAN_POINT('',(8.485281374239,-12.));
#4109 = DIRECTION('',(1.,0.));
#4110 = ( GEOMETRIC_REPRESENTATION_CONTEXT(2) 
PARAMETRIC_REPRESENTATION_CONTEXT() REPRESENTATION_CONTEXT('2D SPACE',''
  ) );
#4111 = PCURVE('',#4112,#4117);
#4112 = CYLINDRICAL_SURFACE('',#4113,6.);
#4113 = AXIS2_PLACEMENT_3D('',#4114,#4115,#4116);
#4114 = CARTESIAN_POINT('',(209.,12.,15.));
#4115 = DIRECTION('',(-0.,-0.,-1.));
#4116 = DIRECTION('',(1.,0.,0.));
#4117 = DEFINITIONAL_REPRESENTATION('',(#4118),#4128);
#4118 = B_SPLINE_CURVE_WITH_KNOTS('',8,(#4119,#4120,#4121,#4122,#4123,
    #4124,#4125,#4126,#4127),.UNSPECIFIED.,.F.,.F.,(9,9),(1.570796326795
    ,3.14159265359),.PIECEWISE_BEZIER_KNOTS.);
#4119 = CARTESIAN_POINT('',(-4.712388980385,-4.));
#4120 = CARTESIAN_POINT('',(-4.908738521234,-5.178097245096));
#4121 = CARTESIAN_POINT('',(-5.105088062076,-6.356194769903));
#4122 = CARTESIAN_POINT('',(-5.301437602928,-7.465079567268));
#4123 = CARTESIAN_POINT('',(-5.497787143755,-8.435552503448));
#4124 = CARTESIAN_POINT('',(-5.694136684637,-9.206908278051));
#4125 = CARTESIAN_POINT('',(-5.890486225474,-9.735635344072));
#4126 = CARTESIAN_POINT('',(-6.08683576633,-10.));
#4127 = CARTESIAN_POINT('',(-6.28318530718,-10.));
#4128 = ( GEOMETRIC_REPRESENTATION_CONTEXT(2) 
PARAMETRIC_REPRESENTATION_CONTEXT() REPRESENTATION_CONTEXT('2D SPACE',''
  ) );
#4129 = ORIENTED_EDGE('',*,*,#4130,.T.);
#4130 = EDGE_CURVE('',#4096,#3808,#4131,.T.);
#4131 = SURFACE_CURVE('',#4132,(#4136,#4143),.PCURVE_S1.);
#4132 = LINE('',#4133,#4134);
#4133 = CARTESIAN_POINT('',(215.,0.,25.));
#4134 = VECTOR('',#4135,1.);
#4135 = DIRECTION('',(-0.,1.,-0.));
#4136 = PCURVE('',#1311,#4137);
#4137 = DEFINITIONAL_REPRESENTATION('',(#4138),#4142);
#4138 = LINE('',#4139,#4140);
#4139 = CARTESIAN_POINT('',(0.,0.));
#4140 = VECTOR('',#4141,1.);
#4141 = DIRECTION('',(0.,-1.));
#4142 = ( GEOMETRIC_REPRESENTATION_CONTEXT(2) 
PARAMETRIC_REPRESENTATION_CONTEXT() REPRESENTATION_CONTEXT('2D SPACE',''
  ) );
#4143 = PCURVE('',#3846,#4144);
#4144 = DEFINITIONAL_REPRESENTATION('',(#4145),#4149);
#4145 = LINE('',#4146,#4147);
#4146 = CARTESIAN_POINT('',(25.,0.));
#4147 = VECTOR('',#4148,1.);
#4148 = DIRECTION('',(0.,-1.));
#4149 = ( GEOMETRIC_REPRESENTATION_CONTEXT(2) 
PARAMETRIC_REPRESENTATION_CONTEXT() REPRESENTATION_CONTEXT('2D SPACE',''
  ) );
#4150 = ORIENTED_EDGE('',*,*,#3807,.T.);
#4151 = ADVANCED_FACE('',(#4152),#1283,.F.);
#4152 = FACE_BOUND('',#4153,.F.);
#4153 = EDGE_LOOP('',(#4154,#4178,#4199));
#4154 = ORIENTED_EDGE('',*,*,#4155,.F.);
#4155 = EDGE_CURVE('',#4156,#1268,#4158,.T.);
#4156 = VERTEX_POINT('',#4157);
#4157 = CARTESIAN_POINT('',(205.,6.,21.));
#4158 = SURFACE_CURVE('',#4159,(#4164,#4171),.PCURVE_S1.);
#4159 = CIRCLE('',#4160,6.);
#4160 = AXIS2_PLACEMENT_3D('',#4161,#4162,#4163);
#4161 = CARTESIAN_POINT('',(205.,12.,21.));
#4162 = DIRECTION('',(1.,0.,0.));
#4163 = DIRECTION('',(0.,1.,0.));
#4164 = PCURVE('',#1283,#4165);
#4165 = DEFINITIONAL_REPRESENTATION('',(#4166),#4170);
#4166 = CIRCLE('',#4167,6.);
#4167 = AXIS2_PLACEMENT_2D('',#4168,#4169);
#4168 = CARTESIAN_POINT('',(6.,-6.));
#4169 = DIRECTION('',(0.,-1.));
#4170 = ( GEOMETRIC_REPRESENTATION_CONTEXT(2) 
PARAMETRIC_REPRESENTATION_CONTEXT() REPRESENTATION_CONTEXT('2D SPACE',''
  ) );
#4171 = PCURVE('',#4077,#4172);
#4172 = DEFINITIONAL_REPRESENTATION('',(#4173),#4177);
#4173 = LINE('',#4174,#4175);
#4174 = CARTESIAN_POINT('',(-0.,0.));
#4175 = VECTOR('',#4176,1.);
#4176 = DIRECTION('',(-1.,0.));
#4177 = ( GEOMETRIC_REPRESENTATION_CONTEXT(2) 
PARAMETRIC_REPRESENTATION_CONTEXT() REPRESENTATION_CONTEXT('2D SPACE',''
  ) );
#4178 = ORIENTED_EDGE('',*,*,#4179,.F.);
#4179 = EDGE_CURVE('',#1242,#4156,#4180,.T.);
#4180 = SURFACE_CURVE('',#4181,(#4185,#4192),.PCURVE_S1.);
#4181 = LINE('',#4182,#4183);
#4182 = CARTESIAN_POINT('',(205.,6.,15.));
#4183 = VECTOR('',#4184,1.);
#4184 = DIRECTION('',(0.,0.,1.));
#4185 = PCURVE('',#1283,#4186);
#4186 = DEFINITIONAL_REPRESENTATION('',(#4187),#4191);
#4187 = LINE('',#4188,#4189);
#4188 = CARTESIAN_POINT('',(0.,0.));
#4189 = VECTOR('',#4190,1.);
#4190 = DIRECTION('',(1.,0.));
#4191 = ( GEOMETRIC_REPRESENTATION_CONTEXT(2) 
PARAMETRIC_REPRESENTATION_CONTEXT() REPRESENTATION_CONTEXT('2D SPACE',''
  ) );
#4192 = PCURVE('',#1256,#4193);
#4193 = DEFINITIONAL_REPRESENTATION('',(#4194),#4198);
#4194 = LINE('',#4195,#4196);
#4195 = CARTESIAN_POINT('',(15.,46.8));
#4196 = VECTOR('',#4197,1.);
#4197 = DIRECTION('',(1.,0.));
#4198 = ( GEOMETRIC_REPRESENTATION_CONTEXT(2) 
PARAMETRIC_REPRESENTATION_CONTEXT() REPRESENTATION_CONTEXT('2D SPACE',''
  ) );
#4199 = ORIENTED_EDGE('',*,*,#1267,.T.);
#4200 = ADVANCED_FACE('',(#4201),#1256,.T.);
#4201 = FACE_BOUND('',#4202,.T.);
#4202 = EDGE_LOOP('',(#4203,#4204,#4225,#4244,#4245,#4246,#4267,#4288,
    #4311,#4332));
#4203 = ORIENTED_EDGE('',*,*,#1241,.F.);
#4204 = ORIENTED_EDGE('',*,*,#4205,.F.);
#4205 = EDGE_CURVE('',#4206,#1214,#4208,.T.);
#4206 = VERTEX_POINT('',#4207);
#4207 = CARTESIAN_POINT('',(162.2,6.,20.));
#4208 = SURFACE_CURVE('',#4209,(#4213,#4219),.PCURVE_S1.);
#4209 = LINE('',#4210,#4211);
#4210 = CARTESIAN_POINT('',(162.2,6.,7.5));
#4211 = VECTOR('',#4212,1.);
#4212 = DIRECTION('',(0.,0.,-1.));
#4213 = PCURVE('',#1256,#4214);
#4214 = DEFINITIONAL_REPRESENTATION('',(#4215),#4218);
#4215 = B_SPLINE_CURVE_WITH_KNOTS('',1,(#4216,#4217),.UNSPECIFIED.,.F.,
  .F.,(2,2),(-12.5,-7.5),.PIECEWISE_BEZIER_KNOTS.);
#4216 = CARTESIAN_POINT('',(20.,4.));
#4217 = CARTESIAN_POINT('',(15.,4.));
#4218 = ( GEOMETRIC_REPRESENTATION_CONTEXT(2) 
PARAMETRIC_REPRESENTATION_CONTEXT() REPRESENTATION_CONTEXT('2D SPACE',''
  ) );
#4219 = PCURVE('',#1229,#4220);
#4220 = DEFINITIONAL_REPRESENTATION('',(#4221),#4224);
#4221 = B_SPLINE_CURVE_WITH_KNOTS('',1,(#4222,#4223),.UNSPECIFIED.,.F.,
  .F.,(2,2),(-12.5,-7.5),.PIECEWISE_BEZIER_KNOTS.);
#4222 = CARTESIAN_POINT('',(5.,-6.));
#4223 = CARTESIAN_POINT('',(0.,-6.));
#4224 = ( GEOMETRIC_REPRESENTATION_CONTEXT(2) 
PARAMETRIC_REPRESENTATION_CONTEXT() REPRESENTATION_CONTEXT('2D SPACE',''
  ) );
#4225 = ORIENTED_EDGE('',*,*,#4226,.F.);
#4226 = EDGE_CURVE('',#1571,#4206,#4227,.T.);
#4227 = SURFACE_CURVE('',#4228,(#4232,#4238),.PCURVE_S1.);
#4228 = LINE('',#4229,#4230);
#4229 = CARTESIAN_POINT('',(158.2,6.,20.));
#4230 = VECTOR('',#4231,1.);
#4231 = DIRECTION('',(1.,0.,0.));
#4232 = PCURVE('',#1256,#4233);
#4233 = DEFINITIONAL_REPRESENTATION('',(#4234),#4237);
#4234 = B_SPLINE_CURVE_WITH_KNOTS('',1,(#4235,#4236),.UNSPECIFIED.,.F.,
  .F.,(2,2),(0.,4.),.PIECEWISE_BEZIER_KNOTS.);
#4235 = CARTESIAN_POINT('',(20.,0.));
#4236 = CARTESIAN_POINT('',(20.,4.));
#4237 = ( GEOMETRIC_REPRESENTATION_CONTEXT(2) 
PARAMETRIC_REPRESENTATION_CONTEXT() REPRESENTATION_CONTEXT('2D SPACE',''
  ) );
#4238 = PCURVE('',#1586,#4239);
#4239 = DEFINITIONAL_REPRESENTATION('',(#4240),#4243);
#4240 = B_SPLINE_CURVE_WITH_KNOTS('',1,(#4241,#4242),.UNSPECIFIED.,.F.,
  .F.,(2,2),(0.,4.),.PIECEWISE_BEZIER_KNOTS.);
#4241 = CARTESIAN_POINT('',(0.,6.));
#4242 = CARTESIAN_POINT('',(4.,6.));
#4243 = ( GEOMETRIC_REPRESENTATION_CONTEXT(2) 
PARAMETRIC_REPRESENTATION_CONTEXT() REPRESENTATION_CONTEXT('2D SPACE',''
  ) );
#4244 = ORIENTED_EDGE('',*,*,#1598,.T.);
#4245 = ORIENTED_EDGE('',*,*,#1645,.T.);
#4246 = ORIENTED_EDGE('',*,*,#4247,.T.);
#4247 = EDGE_CURVE('',#1646,#4248,#4250,.T.);
#4248 = VERTEX_POINT('',#4249);
#4249 = CARTESIAN_POINT('',(201.,6.,75.));
#4250 = SURFACE_CURVE('',#4251,(#4255,#4261),.PCURVE_S1.);
#4251 = LINE('',#4252,#4253);
#4252 = CARTESIAN_POINT('',(201.,6.,37.5));
#4253 = VECTOR('',#4254,1.);
#4254 = DIRECTION('',(-0.,0.,-1.));
#4255 = PCURVE('',#1256,#4256);
#4256 = DEFINITIONAL_REPRESENTATION('',(#4257),#4260);
#4257 = B_SPLINE_CURVE_WITH_KNOTS('',1,(#4258,#4259),.UNSPECIFIED.,.F.,
  .F.,(2,2),(-50.6,-37.5),.PIECEWISE_BEZIER_KNOTS.);
#4258 = CARTESIAN_POINT('',(88.1,42.8));
#4259 = CARTESIAN_POINT('',(75.,42.8));
#4260 = ( GEOMETRIC_REPRESENTATION_CONTEXT(2) 
PARAMETRIC_REPRESENTATION_CONTEXT() REPRESENTATION_CONTEXT('2D SPACE',''
  ) );
#4261 = PCURVE('',#1778,#4262);
#4262 = DEFINITIONAL_REPRESENTATION('',(#4263),#4266);
#4263 = B_SPLINE_CURVE_WITH_KNOTS('',1,(#4264,#4265),.UNSPECIFIED.,.F.,
  .F.,(2,2),(-50.6,-37.5),.PIECEWISE_BEZIER_KNOTS.);
#4264 = CARTESIAN_POINT('',(13.1,-6.));
#4265 = CARTESIAN_POINT('',(0.,-6.));
#4266 = ( GEOMETRIC_REPRESENTATION_CONTEXT(2) 
PARAMETRIC_REPRESENTATION_CONTEXT() REPRESENTATION_CONTEXT('2D SPACE',''
  ) );
#4267 = ORIENTED_EDGE('',*,*,#4268,.T.);
#4268 = EDGE_CURVE('',#4248,#4269,#4271,.T.);
#4269 = VERTEX_POINT('',#4270);
#4270 = CARTESIAN_POINT('',(209.,6.,67.));
#4271 = SURFACE_CURVE('',#4272,(#4276,#4282),.PCURVE_S1.);
#4272 = LINE('',#4273,#4274);
#4273 = CARTESIAN_POINT('',(216.05,6.,59.95));
#4274 = VECTOR('',#4275,1.);
#4275 = DIRECTION('',(0.707106781187,0.,-0.707106781187));
#4276 = PCURVE('',#1256,#4277);
#4277 = DEFINITIONAL_REPRESENTATION('',(#4278),#4281);
#4278 = B_SPLINE_CURVE_WITH_KNOTS('',1,(#4279,#4280),.UNSPECIFIED.,.F.,
  .F.,(2,2),(-21.28391411371,-1.484924240492),.PIECEWISE_BEZIER_KNOTS.);
#4279 = CARTESIAN_POINT('',(75.,42.8));
#4280 = CARTESIAN_POINT('',(61.,56.8));
#4281 = ( GEOMETRIC_REPRESENTATION_CONTEXT(2) 
PARAMETRIC_REPRESENTATION_CONTEXT() REPRESENTATION_CONTEXT('2D SPACE',''
  ) );
#4282 = PCURVE('',#3874,#4283);
#4283 = DEFINITIONAL_REPRESENTATION('',(#4284),#4287);
#4284 = B_SPLINE_CURVE_WITH_KNOTS('',1,(#4285,#4286),.UNSPECIFIED.,.F.,
  .F.,(2,2),(-21.28391411371,-1.484924240492),.PIECEWISE_BEZIER_KNOTS.);
#4285 = CARTESIAN_POINT('',(19.798989873223,-6.));
#4286 = CARTESIAN_POINT('',(2.020605904818E-14,-6.));
#4287 = ( GEOMETRIC_REPRESENTATION_CONTEXT(2) 
PARAMETRIC_REPRESENTATION_CONTEXT() REPRESENTATION_CONTEXT('2D SPACE',''
  ) );
#4288 = ORIENTED_EDGE('',*,*,#4289,.F.);
#4289 = EDGE_CURVE('',#4290,#4269,#4292,.T.);
#4290 = VERTEX_POINT('',#4291);
#4291 = CARTESIAN_POINT('',(209.,6.,21.));
#4292 = SURFACE_CURVE('',#4293,(#4297,#4304),.PCURVE_S1.);
#4293 = LINE('',#4294,#4295);
#4294 = CARTESIAN_POINT('',(209.,6.,15.));
#4295 = VECTOR('',#4296,1.);
#4296 = DIRECTION('',(0.,0.,1.));
#4297 = PCURVE('',#1256,#4298);
#4298 = DEFINITIONAL_REPRESENTATION('',(#4299),#4303);
#4299 = LINE('',#4300,#4301);
#4300 = CARTESIAN_POINT('',(15.,50.8));
#4301 = VECTOR('',#4302,1.);
#4302 = DIRECTION('',(1.,0.));
#4303 = ( GEOMETRIC_REPRESENTATION_CONTEXT(2) 
PARAMETRIC_REPRESENTATION_CONTEXT() REPRESENTATION_CONTEXT('2D SPACE',''
  ) );
#4304 = PCURVE('',#4112,#4305);
#4305 = DEFINITIONAL_REPRESENTATION('',(#4306),#4310);
#4306 = LINE('',#4307,#4308);
#4307 = CARTESIAN_POINT('',(-4.712388980385,0.));
#4308 = VECTOR('',#4309,1.);
#4309 = DIRECTION('',(-0.,-1.));
#4310 = ( GEOMETRIC_REPRESENTATION_CONTEXT(2) 
PARAMETRIC_REPRESENTATION_CONTEXT() REPRESENTATION_CONTEXT('2D SPACE',''
  ) );
#4311 = ORIENTED_EDGE('',*,*,#4312,.F.);
#4312 = EDGE_CURVE('',#4156,#4290,#4313,.T.);
#4313 = SURFACE_CURVE('',#4314,(#4318,#4325),.PCURVE_S1.);
#4314 = LINE('',#4315,#4316);
#4315 = CARTESIAN_POINT('',(205.,6.,21.));
#4316 = VECTOR('',#4317,1.);
#4317 = DIRECTION('',(1.,0.,0.));
#4318 = PCURVE('',#1256,#4319);
#4319 = DEFINITIONAL_REPRESENTATION('',(#4320),#4324);
#4320 = LINE('',#4321,#4322);
#4321 = CARTESIAN_POINT('',(21.,46.8));
#4322 = VECTOR('',#4323,1.);
#4323 = DIRECTION('',(0.,1.));
#4324 = ( GEOMETRIC_REPRESENTATION_CONTEXT(2) 
PARAMETRIC_REPRESENTATION_CONTEXT() REPRESENTATION_CONTEXT('2D SPACE',''
  ) );
#4325 = PCURVE('',#4077,#4326);
#4326 = DEFINITIONAL_REPRESENTATION('',(#4327),#4331);
#4327 = LINE('',#4328,#4329);
#4328 = CARTESIAN_POINT('',(-3.14159265359,0.));
#4329 = VECTOR('',#4330,1.);
#4330 = DIRECTION('',(-0.,-1.));
#4331 = ( GEOMETRIC_REPRESENTATION_CONTEXT(2) 
PARAMETRIC_REPRESENTATION_CONTEXT() REPRESENTATION_CONTEXT('2D SPACE',''
  ) );
#4332 = ORIENTED_EDGE('',*,*,#4179,.F.);
#4333 = ADVANCED_FACE('',(#4334),#1229,.T.);
#4334 = FACE_BOUND('',#4335,.T.);
#4335 = EDGE_LOOP('',(#4336,#4359,#4360,#4361));
#4336 = ORIENTED_EDGE('',*,*,#4337,.F.);
#4337 = EDGE_CURVE('',#4206,#4338,#4340,.T.);
#4338 = VERTEX_POINT('',#4339);
#4339 = CARTESIAN_POINT('',(162.2,20.,20.));
#4340 = SURFACE_CURVE('',#4341,(#4345,#4352),.PCURVE_S1.);
#4341 = LINE('',#4342,#4343);
#4342 = CARTESIAN_POINT('',(162.2,0.,20.));
#4343 = VECTOR('',#4344,1.);
#4344 = DIRECTION('',(0.,1.,0.));
#4345 = PCURVE('',#1229,#4346);
#4346 = DEFINITIONAL_REPRESENTATION('',(#4347),#4351);
#4347 = LINE('',#4348,#4349);
#4348 = CARTESIAN_POINT('',(5.,0.));
#4349 = VECTOR('',#4350,1.);
#4350 = DIRECTION('',(0.,-1.));
#4351 = ( GEOMETRIC_REPRESENTATION_CONTEXT(2) 
PARAMETRIC_REPRESENTATION_CONTEXT() REPRESENTATION_CONTEXT('2D SPACE',''
  ) );
#4352 = PCURVE('',#1586,#4353);
#4353 = DEFINITIONAL_REPRESENTATION('',(#4354),#4358);
#4354 = LINE('',#4355,#4356);
#4355 = CARTESIAN_POINT('',(4.,0.));
#4356 = VECTOR('',#4357,1.);
#4357 = DIRECTION('',(0.,1.));
#4358 = ( GEOMETRIC_REPRESENTATION_CONTEXT(2) 
PARAMETRIC_REPRESENTATION_CONTEXT() REPRESENTATION_CONTEXT('2D SPACE',''
  ) );
#4359 = ORIENTED_EDGE('',*,*,#4205,.T.);
#4360 = ORIENTED_EDGE('',*,*,#1213,.T.);
#4361 = ORIENTED_EDGE('',*,*,#4362,.T.);
#4362 = EDGE_CURVE('',#1186,#4338,#4363,.T.);
#4363 = SURFACE_CURVE('',#4364,(#4368,#4375),.PCURVE_S1.);
#4364 = LINE('',#4365,#4366);
#4365 = CARTESIAN_POINT('',(162.2,20.,15.));
#4366 = VECTOR('',#4367,1.);
#4367 = DIRECTION('',(0.,0.,1.));
#4368 = PCURVE('',#1229,#4369);
#4369 = DEFINITIONAL_REPRESENTATION('',(#4370),#4374);
#4370 = LINE('',#4371,#4372);
#4371 = CARTESIAN_POINT('',(0.,-20.));
#4372 = VECTOR('',#4373,1.);
#4373 = DIRECTION('',(1.,0.));
#4374 = ( GEOMETRIC_REPRESENTATION_CONTEXT(2) 
PARAMETRIC_REPRESENTATION_CONTEXT() REPRESENTATION_CONTEXT('2D SPACE',''
  ) );
#4375 = PCURVE('',#1201,#4376);
#4376 = DEFINITIONAL_REPRESENTATION('',(#4377),#4381);
#4377 = LINE('',#4378,#4379);
#4378 = CARTESIAN_POINT('',(0.,4.));
#4379 = VECTOR('',#4380,1.);
#4380 = DIRECTION('',(1.,0.));
#4381 = ( GEOMETRIC_REPRESENTATION_CONTEXT(2) 
PARAMETRIC_REPRESENTATION_CONTEXT() REPRESENTATION_CONTEXT('2D SPACE',''
  ) );
#4382 = ADVANCED_FACE('',(#4383),#1201,.T.);
#4383 = FACE_BOUND('',#4384,.T.);
#4384 = EDGE_LOOP('',(#4385,#4386,#4387,#4408));
#4385 = ORIENTED_EDGE('',*,*,#1185,.F.);
#4386 = ORIENTED_EDGE('',*,*,#1547,.T.);
#4387 = ORIENTED_EDGE('',*,*,#4388,.T.);
#4388 = EDGE_CURVE('',#1548,#4338,#4389,.T.);
#4389 = SURFACE_CURVE('',#4390,(#4394,#4401),.PCURVE_S1.);
#4390 = LINE('',#4391,#4392);
#4391 = CARTESIAN_POINT('',(158.2,20.,20.));
#4392 = VECTOR('',#4393,1.);
#4393 = DIRECTION('',(1.,0.,0.));
#4394 = PCURVE('',#1201,#4395);
#4395 = DEFINITIONAL_REPRESENTATION('',(#4396),#4400);
#4396 = LINE('',#4397,#4398);
#4397 = CARTESIAN_POINT('',(5.,0.));
#4398 = VECTOR('',#4399,1.);
#4399 = DIRECTION('',(0.,1.));
#4400 = ( GEOMETRIC_REPRESENTATION_CONTEXT(2) 
PARAMETRIC_REPRESENTATION_CONTEXT() REPRESENTATION_CONTEXT('2D SPACE',''
  ) );
#4401 = PCURVE('',#1586,#4402);
#4402 = DEFINITIONAL_REPRESENTATION('',(#4403),#4407);
#4403 = LINE('',#4404,#4405);
#4404 = CARTESIAN_POINT('',(0.,20.));
#4405 = VECTOR('',#4406,1.);
#4406 = DIRECTION('',(1.,0.));
#4407 = ( GEOMETRIC_REPRESENTATION_CONTEXT(2) 
PARAMETRIC_REPRESENTATION_CONTEXT() REPRESENTATION_CONTEXT('2D SPACE',''
  ) );
#4408 = ORIENTED_EDGE('',*,*,#4362,.F.);
#4409 = ADVANCED_FACE('',(#4410),#1448,.F.);
#4410 = FACE_BOUND('',#4411,.F.);
#4411 = EDGE_LOOP('',(#4412,#4435,#4436,#4459));
#4412 = ORIENTED_EDGE('',*,*,#4413,.F.);
#4413 = EDGE_CURVE('',#1431,#4414,#4416,.T.);
#4414 = VERTEX_POINT('',#4415);
#4415 = CARTESIAN_POINT('',(158.2,190.,20.));
#4416 = SURFACE_CURVE('',#4417,(#4421,#4428),.PCURVE_S1.);
#4417 = LINE('',#4418,#4419);
#4418 = CARTESIAN_POINT('',(158.2,190.,15.));
#4419 = VECTOR('',#4420,1.);
#4420 = DIRECTION('',(0.,0.,1.));
#4421 = PCURVE('',#1448,#4422);
#4422 = DEFINITIONAL_REPRESENTATION('',(#4423),#4427);
#4423 = LINE('',#4424,#4425);
#4424 = CARTESIAN_POINT('',(0.,0.));
#4425 = VECTOR('',#4426,1.);
#4426 = DIRECTION('',(1.,0.));
#4427 = ( GEOMETRIC_REPRESENTATION_CONTEXT(2) 
PARAMETRIC_REPRESENTATION_CONTEXT() REPRESENTATION_CONTEXT('2D SPACE',''
  ) );
#4428 = PCURVE('',#1530,#4429);
#4429 = DEFINITIONAL_REPRESENTATION('',(#4430),#4434);
#4430 = LINE('',#4431,#4432);
#4431 = CARTESIAN_POINT('',(0.,0.));
#4432 = VECTOR('',#4433,1.);
#4433 = DIRECTION('',(1.,0.));
#4434 = ( GEOMETRIC_REPRESENTATION_CONTEXT(2) 
PARAMETRIC_REPRESENTATION_CONTEXT() REPRESENTATION_CONTEXT('2D SPACE',''
  ) );
#4435 = ORIENTED_EDGE('',*,*,#1430,.T.);
#4436 = ORIENTED_EDGE('',*,*,#4437,.T.);
#4437 = EDGE_CURVE('',#1433,#4438,#4440,.T.);
#4438 = VERTEX_POINT('',#4439);
#4439 = CARTESIAN_POINT('',(158.2,210.,20.));
#4440 = SURFACE_CURVE('',#4441,(#4445,#4452),.PCURVE_S1.);
#4441 = LINE('',#4442,#4443);
#4442 = CARTESIAN_POINT('',(158.2,210.,15.));
#4443 = VECTOR('',#4444,1.);
#4444 = DIRECTION('',(0.,0.,1.));
#4445 = PCURVE('',#1448,#4446);
#4446 = DEFINITIONAL_REPRESENTATION('',(#4447),#4451);
#4447 = LINE('',#4448,#4449);
#4448 = CARTESIAN_POINT('',(0.,-20.));
#4449 = VECTOR('',#4450,1.);
#4450 = DIRECTION('',(1.,0.));
#4451 = ( GEOMETRIC_REPRESENTATION_CONTEXT(2) 
PARAMETRIC_REPRESENTATION_CONTEXT() REPRESENTATION_CONTEXT('2D SPACE',''
  ) );
#4452 = PCURVE('',#1476,#4453);
#4453 = DEFINITIONAL_REPRESENTATION('',(#4454),#4458);
#4454 = LINE('',#4455,#4456);
#4455 = CARTESIAN_POINT('',(0.,0.));
#4456 = VECTOR('',#4457,1.);
#4457 = DIRECTION('',(1.,0.));
#4458 = ( GEOMETRIC_REPRESENTATION_CONTEXT(2) 
PARAMETRIC_REPRESENTATION_CONTEXT() REPRESENTATION_CONTEXT('2D SPACE',''
  ) );
#4459 = ORIENTED_EDGE('',*,*,#4460,.F.);
#4460 = EDGE_CURVE('',#4414,#4438,#4461,.T.);
#4461 = SURFACE_CURVE('',#4462,(#4466,#4473),.PCURVE_S1.);
#4462 = LINE('',#4463,#4464);
#4463 = CARTESIAN_POINT('',(158.2,190.,20.));
#4464 = VECTOR('',#4465,1.);
#4465 = DIRECTION('',(0.,1.,0.));
#4466 = PCURVE('',#1448,#4467);
#4467 = DEFINITIONAL_REPRESENTATION('',(#4468),#4472);
#4468 = LINE('',#4469,#4470);
#4469 = CARTESIAN_POINT('',(5.,0.));
#4470 = VECTOR('',#4471,1.);
#4471 = DIRECTION('',(0.,-1.));
#4472 = ( GEOMETRIC_REPRESENTATION_CONTEXT(2) 
PARAMETRIC_REPRESENTATION_CONTEXT() REPRESENTATION_CONTEXT('2D SPACE',''
  ) );
#4473 = PCURVE('',#4474,#4479);
#4474 = PLANE('',#4475);
#4475 = AXIS2_PLACEMENT_3D('',#4476,#4477,#4478);
#4476 = CARTESIAN_POINT('',(158.2,190.,20.));
#4477 = DIRECTION('',(0.,0.,1.));
#4478 = DIRECTION('',(1.,0.,0.));
#4479 = DEFINITIONAL_REPRESENTATION('',(#4480),#4484);
#4480 = LINE('',#4481,#4482);
#4481 = CARTESIAN_POINT('',(0.,0.));
#4482 = VECTOR('',#4483,1.);
#4483 = DIRECTION('',(0.,1.));
#4484 = ( GEOMETRIC_REPRESENTATION_CONTEXT(2) 
PARAMETRIC_REPRESENTATION_CONTEXT() REPRESENTATION_CONTEXT('2D SPACE',''
  ) );
#4485 = ADVANCED_FACE('',(#4486),#1476,.T.);
#4486 = FACE_BOUND('',#4487,.T.);
#4487 = EDGE_LOOP('',(#4488,#4489,#4490,#4513));
#4488 = ORIENTED_EDGE('',*,*,#1460,.F.);
#4489 = ORIENTED_EDGE('',*,*,#4437,.T.);
#4490 = ORIENTED_EDGE('',*,*,#4491,.T.);
#4491 = EDGE_CURVE('',#4438,#4492,#4494,.T.);
#4492 = VERTEX_POINT('',#4493);
#4493 = CARTESIAN_POINT('',(162.2,210.,20.));
#4494 = SURFACE_CURVE('',#4495,(#4499,#4506),.PCURVE_S1.);
#4495 = LINE('',#4496,#4497);
#4496 = CARTESIAN_POINT('',(158.2,210.,20.));
#4497 = VECTOR('',#4498,1.);
#4498 = DIRECTION('',(1.,0.,0.));
#4499 = PCURVE('',#1476,#4500);
#4500 = DEFINITIONAL_REPRESENTATION('',(#4501),#4505);
#4501 = LINE('',#4502,#4503);
#4502 = CARTESIAN_POINT('',(5.,0.));
#4503 = VECTOR('',#4504,1.);
#4504 = DIRECTION('',(0.,1.));
#4505 = ( GEOMETRIC_REPRESENTATION_CONTEXT(2) 
PARAMETRIC_REPRESENTATION_CONTEXT() REPRESENTATION_CONTEXT('2D SPACE',''
  ) );
#4506 = PCURVE('',#4474,#4507);
#4507 = DEFINITIONAL_REPRESENTATION('',(#4508),#4512);
#4508 = LINE('',#4509,#4510);
#4509 = CARTESIAN_POINT('',(0.,20.));
#4510 = VECTOR('',#4511,1.);
#4511 = DIRECTION('',(1.,0.));
#4512 = ( GEOMETRIC_REPRESENTATION_CONTEXT(2) 
PARAMETRIC_REPRESENTATION_CONTEXT() REPRESENTATION_CONTEXT('2D SPACE',''
  ) );
#4513 = ORIENTED_EDGE('',*,*,#4514,.F.);
#4514 = EDGE_CURVE('',#1461,#4492,#4515,.T.);
#4515 = SURFACE_CURVE('',#4516,(#4520,#4527),.PCURVE_S1.);
#4516 = LINE('',#4517,#4518);
#4517 = CARTESIAN_POINT('',(162.2,210.,15.));
#4518 = VECTOR('',#4519,1.);
#4519 = DIRECTION('',(0.,0.,1.));
#4520 = PCURVE('',#1476,#4521);
#4521 = DEFINITIONAL_REPRESENTATION('',(#4522),#4526);
#4522 = LINE('',#4523,#4524);
#4523 = CARTESIAN_POINT('',(0.,4.));
#4524 = VECTOR('',#4525,1.);
#4525 = DIRECTION('',(1.,0.));
#4526 = ( GEOMETRIC_REPRESENTATION_CONTEXT(2) 
PARAMETRIC_REPRESENTATION_CONTEXT() REPRESENTATION_CONTEXT('2D SPACE',''
  ) );
#4527 = PCURVE('',#1504,#4528);
#4528 = DEFINITIONAL_REPRESENTATION('',(#4529),#4533);
#4529 = LINE('',#4530,#4531);
#4530 = CARTESIAN_POINT('',(0.,-20.));
#4531 = VECTOR('',#4532,1.);
#4532 = DIRECTION('',(1.,0.));
#4533 = ( GEOMETRIC_REPRESENTATION_CONTEXT(2) 
PARAMETRIC_REPRESENTATION_CONTEXT() REPRESENTATION_CONTEXT('2D SPACE',''
  ) );
#4534 = ADVANCED_FACE('',(#4535),#1530,.F.);
#4535 = FACE_BOUND('',#4536,.F.);
#4536 = EDGE_LOOP('',(#4537,#4538,#4539,#4562));
#4537 = ORIENTED_EDGE('',*,*,#1516,.F.);
#4538 = ORIENTED_EDGE('',*,*,#4413,.T.);
#4539 = ORIENTED_EDGE('',*,*,#4540,.T.);
#4540 = EDGE_CURVE('',#4414,#4541,#4543,.T.);
#4541 = VERTEX_POINT('',#4542);
#4542 = CARTESIAN_POINT('',(162.2,190.,20.));
#4543 = SURFACE_CURVE('',#4544,(#4548,#4555),.PCURVE_S1.);
#4544 = LINE('',#4545,#4546);
#4545 = CARTESIAN_POINT('',(158.2,190.,20.));
#4546 = VECTOR('',#4547,1.);
#4547 = DIRECTION('',(1.,0.,0.));
#4548 = PCURVE('',#1530,#4549);
#4549 = DEFINITIONAL_REPRESENTATION('',(#4550),#4554);
#4550 = LINE('',#4551,#4552);
#4551 = CARTESIAN_POINT('',(5.,0.));
#4552 = VECTOR('',#4553,1.);
#4553 = DIRECTION('',(0.,1.));
#4554 = ( GEOMETRIC_REPRESENTATION_CONTEXT(2) 
PARAMETRIC_REPRESENTATION_CONTEXT() REPRESENTATION_CONTEXT('2D SPACE',''
  ) );
#4555 = PCURVE('',#4474,#4556);
#4556 = DEFINITIONAL_REPRESENTATION('',(#4557),#4561);
#4557 = LINE('',#4558,#4559);
#4558 = CARTESIAN_POINT('',(0.,0.));
#4559 = VECTOR('',#4560,1.);
#4560 = DIRECTION('',(1.,0.));
#4561 = ( GEOMETRIC_REPRESENTATION_CONTEXT(2) 
PARAMETRIC_REPRESENTATION_CONTEXT() REPRESENTATION_CONTEXT('2D SPACE',''
  ) );
#4562 = ORIENTED_EDGE('',*,*,#4563,.F.);
#4563 = EDGE_CURVE('',#1489,#4541,#4564,.T.);
#4564 = SURFACE_CURVE('',#4565,(#4569,#4576),.PCURVE_S1.);
#4565 = LINE('',#4566,#4567);
#4566 = CARTESIAN_POINT('',(162.2,190.,15.));
#4567 = VECTOR('',#4568,1.);
#4568 = DIRECTION('',(0.,0.,1.));
#4569 = PCURVE('',#1530,#4570);
#4570 = DEFINITIONAL_REPRESENTATION('',(#4571),#4575);
#4571 = LINE('',#4572,#4573);
#4572 = CARTESIAN_POINT('',(0.,4.));
#4573 = VECTOR('',#4574,1.);
#4574 = DIRECTION('',(1.,0.));
#4575 = ( GEOMETRIC_REPRESENTATION_CONTEXT(2) 
PARAMETRIC_REPRESENTATION_CONTEXT() REPRESENTATION_CONTEXT('2D SPACE',''
  ) );
#4576 = PCURVE('',#1504,#4577);
#4577 = DEFINITIONAL_REPRESENTATION('',(#4578),#4582);
#4578 = LINE('',#4579,#4580);
#4579 = CARTESIAN_POINT('',(0.,0.));
#4580 = VECTOR('',#4581,1.);
#4581 = DIRECTION('',(1.,0.));
#4582 = ( GEOMETRIC_REPRESENTATION_CONTEXT(2) 
PARAMETRIC_REPRESENTATION_CONTEXT() REPRESENTATION_CONTEXT('2D SPACE',''
  ) );
#4583 = ADVANCED_FACE('',(#4584),#1504,.T.);
#4584 = FACE_BOUND('',#4585,.T.);
#4585 = EDGE_LOOP('',(#4586,#4587,#4588,#4589));
#4586 = ORIENTED_EDGE('',*,*,#4563,.F.);
#4587 = ORIENTED_EDGE('',*,*,#1488,.T.);
#4588 = ORIENTED_EDGE('',*,*,#4514,.T.);
#4589 = ORIENTED_EDGE('',*,*,#4590,.F.);
#4590 = EDGE_CURVE('',#4541,#4492,#4591,.T.);
#4591 = SURFACE_CURVE('',#4592,(#4596,#4603),.PCURVE_S1.);
#4592 = LINE('',#4593,#4594);
#4593 = CARTESIAN_POINT('',(162.2,190.,20.));
#4594 = VECTOR('',#4595,1.);
#4595 = DIRECTION('',(0.,1.,0.));
#4596 = PCURVE('',#1504,#4597);
#4597 = DEFINITIONAL_REPRESENTATION('',(#4598),#4602);
#4598 = LINE('',#4599,#4600);
#4599 = CARTESIAN_POINT('',(5.,0.));
#4600 = VECTOR('',#4601,1.);
#4601 = DIRECTION('',(0.,-1.));
#4602 = ( GEOMETRIC_REPRESENTATION_CONTEXT(2) 
PARAMETRIC_REPRESENTATION_CONTEXT() REPRESENTATION_CONTEXT('2D SPACE',''
  ) );
#4603 = PCURVE('',#4474,#4604);
#4604 = DEFINITIONAL_REPRESENTATION('',(#4605),#4609);
#4605 = LINE('',#4606,#4607);
#4606 = CARTESIAN_POINT('',(4.,0.));
#4607 = VECTOR('',#4608,1.);
#4608 = DIRECTION('',(0.,1.));
#4609 = ( GEOMETRIC_REPRESENTATION_CONTEXT(2) 
PARAMETRIC_REPRESENTATION_CONTEXT() REPRESENTATION_CONTEXT('2D SPACE',''
  ) );
#4610 = ADVANCED_FACE('',(#4611),#1586,.T.);
#4611 = FACE_BOUND('',#4612,.T.);
#4612 = EDGE_LOOP('',(#4613,#4614,#4615,#4616));
#4613 = ORIENTED_EDGE('',*,*,#1570,.F.);
#4614 = ORIENTED_EDGE('',*,*,#4226,.T.);
#4615 = ORIENTED_EDGE('',*,*,#4337,.T.);
#4616 = ORIENTED_EDGE('',*,*,#4388,.F.);
#4617 = ADVANCED_FACE('',(#4618),#1778,.F.);
#4618 = FACE_BOUND('',#4619,.F.);
#4619 = EDGE_LOOP('',(#4620,#4621,#4622,#4643,#4644,#4667,#4688,#4709,
    #4730,#4753,#4774,#4795));
#4620 = ORIENTED_EDGE('',*,*,#1764,.F.);
#4621 = ORIENTED_EDGE('',*,*,#4247,.T.);
#4622 = ORIENTED_EDGE('',*,*,#4623,.T.);
#4623 = EDGE_CURVE('',#4248,#3859,#4624,.T.);
#4624 = SURFACE_CURVE('',#4625,(#4629,#4636),.PCURVE_S1.);
#4625 = LINE('',#4626,#4627);
#4626 = CARTESIAN_POINT('',(201.,0.,75.));
#4627 = VECTOR('',#4628,1.);
#4628 = DIRECTION('',(-0.,1.,-0.));
#4629 = PCURVE('',#1778,#4630);
#4630 = DEFINITIONAL_REPRESENTATION('',(#4631),#4635);
#4631 = LINE('',#4632,#4633);
#4632 = CARTESIAN_POINT('',(0.,0.));
#4633 = VECTOR('',#4634,1.);
#4634 = DIRECTION('',(0.,-1.));
#4635 = ( GEOMETRIC_REPRESENTATION_CONTEXT(2) 
PARAMETRIC_REPRESENTATION_CONTEXT() REPRESENTATION_CONTEXT('2D SPACE',''
  ) );
#4636 = PCURVE('',#3874,#4637);
#4637 = DEFINITIONAL_REPRESENTATION('',(#4638),#4642);
#4638 = LINE('',#4639,#4640);
#4639 = CARTESIAN_POINT('',(19.798989873223,0.));
#4640 = VECTOR('',#4641,1.);
#4641 = DIRECTION('',(0.,-1.));
#4642 = ( GEOMETRIC_REPRESENTATION_CONTEXT(2) 
PARAMETRIC_REPRESENTATION_CONTEXT() REPRESENTATION_CONTEXT('2D SPACE',''
  ) );
#4643 = ORIENTED_EDGE('',*,*,#3886,.T.);
#4644 = ORIENTED_EDGE('',*,*,#4645,.F.);
#4645 = EDGE_CURVE('',#4646,#3887,#4648,.T.);
#4646 = VERTEX_POINT('',#4647);
#4647 = CARTESIAN_POINT('',(201.,180.2,88.1));
#4648 = SURFACE_CURVE('',#4649,(#4653,#4660),.PCURVE_S1.);
#4649 = LINE('',#4650,#4651);
#4650 = CARTESIAN_POINT('',(201.,0.,88.1));
#4651 = VECTOR('',#4652,1.);
#4652 = DIRECTION('',(-0.,1.,-0.));
#4653 = PCURVE('',#1778,#4654);
#4654 = DEFINITIONAL_REPRESENTATION('',(#4655),#4659);
#4655 = LINE('',#4656,#4657);
#4656 = CARTESIAN_POINT('',(13.1,0.));
#4657 = VECTOR('',#4658,1.);
#4658 = DIRECTION('',(0.,-1.));
#4659 = ( GEOMETRIC_REPRESENTATION_CONTEXT(2) 
PARAMETRIC_REPRESENTATION_CONTEXT() REPRESENTATION_CONTEXT('2D SPACE',''
  ) );
#4660 = PCURVE('',#3179,#4661);
#4661 = DEFINITIONAL_REPRESENTATION('',(#4662),#4666);
#4662 = LINE('',#4663,#4664);
#4663 = CARTESIAN_POINT('',(42.8,0.));
#4664 = VECTOR('',#4665,1.);
#4665 = DIRECTION('',(0.,1.));
#4666 = ( GEOMETRIC_REPRESENTATION_CONTEXT(2) 
PARAMETRIC_REPRESENTATION_CONTEXT() REPRESENTATION_CONTEXT('2D SPACE',''
  ) );
#4667 = ORIENTED_EDGE('',*,*,#4668,.F.);
#4668 = EDGE_CURVE('',#4669,#4646,#4671,.T.);
#4669 = VERTEX_POINT('',#4670);
#4670 = CARTESIAN_POINT('',(201.,180.2,82.1));
#4671 = SURFACE_CURVE('',#4672,(#4676,#4682),.PCURVE_S1.);
#4672 = LINE('',#4673,#4674);
#4673 = CARTESIAN_POINT('',(201.,180.2,78.55));
#4674 = VECTOR('',#4675,1.);
#4675 = DIRECTION('',(0.,-0.,1.));
#4676 = PCURVE('',#1778,#4677);
#4677 = DEFINITIONAL_REPRESENTATION('',(#4678),#4681);
#4678 = B_SPLINE_CURVE_WITH_KNOTS('',1,(#4679,#4680),.UNSPECIFIED.,.F.,
  .F.,(2,2),(3.55,9.55),.PIECEWISE_BEZIER_KNOTS.);
#4679 = CARTESIAN_POINT('',(7.1,-180.2));
#4680 = CARTESIAN_POINT('',(13.1,-180.2));
#4681 = ( GEOMETRIC_REPRESENTATION_CONTEXT(2) 
PARAMETRIC_REPRESENTATION_CONTEXT() REPRESENTATION_CONTEXT('2D SPACE',''
  ) );
#4682 = PCURVE('',#3206,#4683);
#4683 = DEFINITIONAL_REPRESENTATION('',(#4684),#4687);
#4684 = B_SPLINE_CURVE_WITH_KNOTS('',1,(#4685,#4686),.UNSPECIFIED.,.F.,
  .F.,(2,2),(3.55,9.55),.PIECEWISE_BEZIER_KNOTS.);
#4685 = CARTESIAN_POINT('',(0.,1.));
#4686 = CARTESIAN_POINT('',(6.,1.));
#4687 = ( GEOMETRIC_REPRESENTATION_CONTEXT(2) 
PARAMETRIC_REPRESENTATION_CONTEXT() REPRESENTATION_CONTEXT('2D SPACE',''
  ) );
#4688 = ORIENTED_EDGE('',*,*,#4689,.T.);
#4689 = EDGE_CURVE('',#4669,#4690,#4692,.T.);
#4690 = VERTEX_POINT('',#4691);
#4691 = CARTESIAN_POINT('',(201.,159.8,82.1));
#4692 = SURFACE_CURVE('',#4693,(#4697,#4703),.PCURVE_S1.);
#4693 = LINE('',#4694,#4695);
#4694 = CARTESIAN_POINT('',(201.,79.9,82.1));
#4695 = VECTOR('',#4696,1.);
#4696 = DIRECTION('',(0.,-1.,0.));
#4697 = PCURVE('',#1778,#4698);
#4698 = DEFINITIONAL_REPRESENTATION('',(#4699),#4702);
#4699 = B_SPLINE_CURVE_WITH_KNOTS('',1,(#4700,#4701),.UNSPECIFIED.,.F.,
  .F.,(2,2),(-100.3,-79.9),.PIECEWISE_BEZIER_KNOTS.);
#4700 = CARTESIAN_POINT('',(7.1,-180.2));
#4701 = CARTESIAN_POINT('',(7.1,-159.8));
#4702 = ( GEOMETRIC_REPRESENTATION_CONTEXT(2) 
PARAMETRIC_REPRESENTATION_CONTEXT() REPRESENTATION_CONTEXT('2D SPACE',''
  ) );
#4703 = PCURVE('',#3232,#4704);
#4704 = DEFINITIONAL_REPRESENTATION('',(#4705),#4708);
#4705 = B_SPLINE_CURVE_WITH_KNOTS('',1,(#4706,#4707),.UNSPECIFIED.,.F.,
  .F.,(2,2),(-100.3,-79.9),.PIECEWISE_BEZIER_KNOTS.);
#4706 = CARTESIAN_POINT('',(1.,20.4));
#4707 = CARTESIAN_POINT('',(1.,0.));
#4708 = ( GEOMETRIC_REPRESENTATION_CONTEXT(2) 
PARAMETRIC_REPRESENTATION_CONTEXT() REPRESENTATION_CONTEXT('2D SPACE',''
  ) );
#4709 = ORIENTED_EDGE('',*,*,#4710,.T.);
#4710 = EDGE_CURVE('',#4690,#4711,#4713,.T.);
#4711 = VERTEX_POINT('',#4712);
#4712 = CARTESIAN_POINT('',(201.,159.8,88.1));
#4713 = SURFACE_CURVE('',#4714,(#4718,#4724),.PCURVE_S1.);
#4714 = LINE('',#4715,#4716);
#4715 = CARTESIAN_POINT('',(201.,159.8,78.55));
#4716 = VECTOR('',#4717,1.);
#4717 = DIRECTION('',(0.,-0.,1.));
#4718 = PCURVE('',#1778,#4719);
#4719 = DEFINITIONAL_REPRESENTATION('',(#4720),#4723);
#4720 = B_SPLINE_CURVE_WITH_KNOTS('',1,(#4721,#4722),.UNSPECIFIED.,.F.,
  .F.,(2,2),(3.55,9.55),.PIECEWISE_BEZIER_KNOTS.);
#4721 = CARTESIAN_POINT('',(7.1,-159.8));
#4722 = CARTESIAN_POINT('',(13.1,-159.8));
#4723 = ( GEOMETRIC_REPRESENTATION_CONTEXT(2) 
PARAMETRIC_REPRESENTATION_CONTEXT() REPRESENTATION_CONTEXT('2D SPACE',''
  ) );
#4724 = PCURVE('',#3258,#4725);
#4725 = DEFINITIONAL_REPRESENTATION('',(#4726),#4729);
#4726 = B_SPLINE_CURVE_WITH_KNOTS('',1,(#4727,#4728),.UNSPECIFIED.,.F.,
  .F.,(2,2),(3.55,9.55),.PIECEWISE_BEZIER_KNOTS.);
#4727 = CARTESIAN_POINT('',(0.,1.));
#4728 = CARTESIAN_POINT('',(6.,1.));
#4729 = ( GEOMETRIC_REPRESENTATION_CONTEXT(2) 
PARAMETRIC_REPRESENTATION_CONTEXT() REPRESENTATION_CONTEXT('2D SPACE',''
  ) );
#4730 = ORIENTED_EDGE('',*,*,#4731,.F.);
#4731 = EDGE_CURVE('',#4732,#4711,#4734,.T.);
#4732 = VERTEX_POINT('',#4733);
#4733 = CARTESIAN_POINT('',(201.,50.2,88.1));
#4734 = SURFACE_CURVE('',#4735,(#4739,#4746),.PCURVE_S1.);
#4735 = LINE('',#4736,#4737);
#4736 = CARTESIAN_POINT('',(201.,0.,88.1));
#4737 = VECTOR('',#4738,1.);
#4738 = DIRECTION('',(-0.,1.,-0.));
#4739 = PCURVE('',#1778,#4740);
#4740 = DEFINITIONAL_REPRESENTATION('',(#4741),#4745);
#4741 = LINE('',#4742,#4743);
#4742 = CARTESIAN_POINT('',(13.1,0.));
#4743 = VECTOR('',#4744,1.);
#4744 = DIRECTION('',(0.,-1.));
#4745 = ( GEOMETRIC_REPRESENTATION_CONTEXT(2) 
PARAMETRIC_REPRESENTATION_CONTEXT() REPRESENTATION_CONTEXT('2D SPACE',''
  ) );
#4746 = PCURVE('',#3285,#4747);
#4747 = DEFINITIONAL_REPRESENTATION('',(#4748),#4752);
#4748 = LINE('',#4749,#4750);
#4749 = CARTESIAN_POINT('',(42.8,0.));
#4750 = VECTOR('',#4751,1.);
#4751 = DIRECTION('',(0.,1.));
#4752 = ( GEOMETRIC_REPRESENTATION_CONTEXT(2) 
PARAMETRIC_REPRESENTATION_CONTEXT() REPRESENTATION_CONTEXT('2D SPACE',''
  ) );
#4753 = ORIENTED_EDGE('',*,*,#4754,.F.);
#4754 = EDGE_CURVE('',#4755,#4732,#4757,.T.);
#4755 = VERTEX_POINT('',#4756);
#4756 = CARTESIAN_POINT('',(201.,50.2,82.1));
#4757 = SURFACE_CURVE('',#4758,(#4762,#4768),.PCURVE_S1.);
#4758 = LINE('',#4759,#4760);
#4759 = CARTESIAN_POINT('',(201.,50.2,78.55));
#4760 = VECTOR('',#4761,1.);
#4761 = DIRECTION('',(0.,-0.,1.));
#4762 = PCURVE('',#1778,#4763);
#4763 = DEFINITIONAL_REPRESENTATION('',(#4764),#4767);
#4764 = B_SPLINE_CURVE_WITH_KNOTS('',1,(#4765,#4766),.UNSPECIFIED.,.F.,
  .F.,(2,2),(3.55,9.55),.PIECEWISE_BEZIER_KNOTS.);
#4765 = CARTESIAN_POINT('',(7.1,-50.2));
#4766 = CARTESIAN_POINT('',(13.1,-50.2));
#4767 = ( GEOMETRIC_REPRESENTATION_CONTEXT(2) 
PARAMETRIC_REPRESENTATION_CONTEXT() REPRESENTATION_CONTEXT('2D SPACE',''
  ) );
#4768 = PCURVE('',#3312,#4769);
#4769 = DEFINITIONAL_REPRESENTATION('',(#4770),#4773);
#4770 = B_SPLINE_CURVE_WITH_KNOTS('',1,(#4771,#4772),.UNSPECIFIED.,.F.,
  .F.,(2,2),(3.55,9.55),.PIECEWISE_BEZIER_KNOTS.);
#4771 = CARTESIAN_POINT('',(0.,1.));
#4772 = CARTESIAN_POINT('',(6.,1.));
#4773 = ( GEOMETRIC_REPRESENTATION_CONTEXT(2) 
PARAMETRIC_REPRESENTATION_CONTEXT() REPRESENTATION_CONTEXT('2D SPACE',''
  ) );
#4774 = ORIENTED_EDGE('',*,*,#4775,.T.);
#4775 = EDGE_CURVE('',#4755,#4776,#4778,.T.);
#4776 = VERTEX_POINT('',#4777);
#4777 = CARTESIAN_POINT('',(201.,29.8,82.1));
#4778 = SURFACE_CURVE('',#4779,(#4783,#4789),.PCURVE_S1.);
#4779 = LINE('',#4780,#4781);
#4780 = CARTESIAN_POINT('',(201.,14.9,82.1));
#4781 = VECTOR('',#4782,1.);
#4782 = DIRECTION('',(0.,-1.,0.));
#4783 = PCURVE('',#1778,#4784);
#4784 = DEFINITIONAL_REPRESENTATION('',(#4785),#4788);
#4785 = B_SPLINE_CURVE_WITH_KNOTS('',1,(#4786,#4787),.UNSPECIFIED.,.F.,
  .F.,(2,2),(-35.3,-14.9),.PIECEWISE_BEZIER_KNOTS.);
#4786 = CARTESIAN_POINT('',(7.1,-50.2));
#4787 = CARTESIAN_POINT('',(7.1,-29.8));
#4788 = ( GEOMETRIC_REPRESENTATION_CONTEXT(2) 
PARAMETRIC_REPRESENTATION_CONTEXT() REPRESENTATION_CONTEXT('2D SPACE',''
  ) );
#4789 = PCURVE('',#3338,#4790);
#4790 = DEFINITIONAL_REPRESENTATION('',(#4791),#4794);
#4791 = B_SPLINE_CURVE_WITH_KNOTS('',1,(#4792,#4793),.UNSPECIFIED.,.F.,
  .F.,(2,2),(-35.3,-14.9),.PIECEWISE_BEZIER_KNOTS.);
#4792 = CARTESIAN_POINT('',(1.,20.4));
#4793 = CARTESIAN_POINT('',(1.,0.));
#4794 = ( GEOMETRIC_REPRESENTATION_CONTEXT(2) 
PARAMETRIC_REPRESENTATION_CONTEXT() REPRESENTATION_CONTEXT('2D SPACE',''
  ) );
#4795 = ORIENTED_EDGE('',*,*,#4796,.T.);
#4796 = EDGE_CURVE('',#4776,#1739,#4797,.T.);
#4797 = SURFACE_CURVE('',#4798,(#4802,#4808),.PCURVE_S1.);
#4798 = LINE('',#4799,#4800);
#4799 = CARTESIAN_POINT('',(201.,29.8,78.55));
#4800 = VECTOR('',#4801,1.);
#4801 = DIRECTION('',(0.,-0.,1.));
#4802 = PCURVE('',#1778,#4803);
#4803 = DEFINITIONAL_REPRESENTATION('',(#4804),#4807);
#4804 = B_SPLINE_CURVE_WITH_KNOTS('',1,(#4805,#4806),.UNSPECIFIED.,.F.,
  .F.,(2,2),(3.55,9.55),.PIECEWISE_BEZIER_KNOTS.);
#4805 = CARTESIAN_POINT('',(7.1,-29.8));
#4806 = CARTESIAN_POINT('',(13.1,-29.8));
#4807 = ( GEOMETRIC_REPRESENTATION_CONTEXT(2) 
PARAMETRIC_REPRESENTATION_CONTEXT() REPRESENTATION_CONTEXT('2D SPACE',''
  ) );
#4808 = PCURVE('',#1753,#4809);
#4809 = DEFINITIONAL_REPRESENTATION('',(#4810),#4813);
#4810 = B_SPLINE_CURVE_WITH_KNOTS('',1,(#4811,#4812),.UNSPECIFIED.,.F.,
  .F.,(2,2),(3.55,9.55),.PIECEWISE_BEZIER_KNOTS.);
#4811 = CARTESIAN_POINT('',(0.,1.));
#4812 = CARTESIAN_POINT('',(6.,1.));
#4813 = ( GEOMETRIC_REPRESENTATION_CONTEXT(2) 
PARAMETRIC_REPRESENTATION_CONTEXT() REPRESENTATION_CONTEXT('2D SPACE',''
  ) );
#4814 = ADVANCED_FACE('',(#4815),#1753,.T.);
#4815 = FACE_BOUND('',#4816,.T.);
#4816 = EDGE_LOOP('',(#4817,#4838,#4839,#4840));
#4817 = ORIENTED_EDGE('',*,*,#4818,.F.);
#4818 = EDGE_CURVE('',#4776,#3324,#4819,.T.);
#4819 = SURFACE_CURVE('',#4820,(#4824,#4831),.PCURVE_S1.);
#4820 = LINE('',#4821,#4822);
#4821 = CARTESIAN_POINT('',(200.,29.8,82.1));
#4822 = VECTOR('',#4823,1.);
#4823 = DIRECTION('',(1.,0.,0.));
#4824 = PCURVE('',#1753,#4825);
#4825 = DEFINITIONAL_REPRESENTATION('',(#4826),#4830);
#4826 = LINE('',#4827,#4828);
#4827 = CARTESIAN_POINT('',(0.,0.));
#4828 = VECTOR('',#4829,1.);
#4829 = DIRECTION('',(0.,1.));
#4830 = ( GEOMETRIC_REPRESENTATION_CONTEXT(2) 
PARAMETRIC_REPRESENTATION_CONTEXT() REPRESENTATION_CONTEXT('2D SPACE',''
  ) );
#4831 = PCURVE('',#3338,#4832);
#4832 = DEFINITIONAL_REPRESENTATION('',(#4833),#4837);
#4833 = LINE('',#4834,#4835);
#4834 = CARTESIAN_POINT('',(0.,0.));
#4835 = VECTOR('',#4836,1.);
#4836 = DIRECTION('',(1.,0.));
#4837 = ( GEOMETRIC_REPRESENTATION_CONTEXT(2) 
PARAMETRIC_REPRESENTATION_CONTEXT() REPRESENTATION_CONTEXT('2D SPACE',''
  ) );
#4838 = ORIENTED_EDGE('',*,*,#4796,.T.);
#4839 = ORIENTED_EDGE('',*,*,#1738,.F.);
#4840 = ORIENTED_EDGE('',*,*,#3349,.F.);
#4841 = ADVANCED_FACE('',(#4842,#4868,#4903),#2881,.F.);
#4842 = FACE_BOUND('',#4843,.F.);
#4843 = EDGE_LOOP('',(#4844,#4865,#4866,#4867));
#4844 = ORIENTED_EDGE('',*,*,#4845,.F.);
#4845 = EDGE_CURVE('',#3526,#2960,#4846,.T.);
#4846 = SURFACE_CURVE('',#4847,(#4851,#4858),.PCURVE_S1.);
#4847 = LINE('',#4848,#4849);
#4848 = CARTESIAN_POINT('',(94.,30.2,6.));
#4849 = VECTOR('',#4850,1.);
#4850 = DIRECTION('',(1.,0.,0.));
#4851 = PCURVE('',#2881,#4852);
#4852 = DEFINITIONAL_REPRESENTATION('',(#4853),#4857);
#4853 = LINE('',#4854,#4855);
#4854 = CARTESIAN_POINT('',(0.,20.4));
#4855 = VECTOR('',#4856,1.);
#4856 = DIRECTION('',(1.,0.));
#4857 = ( GEOMETRIC_REPRESENTATION_CONTEXT(2) 
PARAMETRIC_REPRESENTATION_CONTEXT() REPRESENTATION_CONTEXT('2D SPACE',''
  ) );
#4858 = PCURVE('',#2995,#4859);
#4859 = DEFINITIONAL_REPRESENTATION('',(#4860),#4864);
#4860 = LINE('',#4861,#4862);
#4861 = CARTESIAN_POINT('',(7.,0.));
#4862 = VECTOR('',#4863,1.);
#4863 = DIRECTION('',(0.,1.));
#4864 = ( GEOMETRIC_REPRESENTATION_CONTEXT(2) 
PARAMETRIC_REPRESENTATION_CONTEXT() REPRESENTATION_CONTEXT('2D SPACE',''
  ) );
#4865 = ORIENTED_EDGE('',*,*,#3525,.T.);
#4866 = ORIENTED_EDGE('',*,*,#2863,.T.);
#4867 = ORIENTED_EDGE('',*,*,#2959,.F.);
#4868 = FACE_BOUND('',#4869,.F.);
#4869 = EDGE_LOOP('',(#4870));
#4870 = ORIENTED_EDGE('',*,*,#4871,.T.);
#4871 = EDGE_CURVE('',#4872,#4872,#4874,.T.);
#4872 = VERTEX_POINT('',#4873);
#4873 = CARTESIAN_POINT('',(122.9,20.,6.));
#4874 = SURFACE_CURVE('',#4875,(#4880,#4891),.PCURVE_S1.);
#4875 = CIRCLE('',#4876,2.9);
#4876 = AXIS2_PLACEMENT_3D('',#4877,#4878,#4879);
#4877 = CARTESIAN_POINT('',(120.,20.,6.));
#4878 = DIRECTION('',(0.,0.,-1.));
#4879 = DIRECTION('',(1.,0.,0.));
#4880 = PCURVE('',#2881,#4881);
#4881 = DEFINITIONAL_REPRESENTATION('',(#4882),#4890);
#4882 = ( BOUNDED_CURVE() B_SPLINE_CURVE(2,(#4883,#4884,#4885,#4886,
#4887,#4888,#4889),.UNSPECIFIED.,.T.,.F.) B_SPLINE_CURVE_WITH_KNOTS((1,2
    ,2,2,2,1),(-2.094395102393,0.,2.094395102393,4.188790204786,
6.28318530718,8.377580409573),.UNSPECIFIED.) CURVE() 
GEOMETRIC_REPRESENTATION_ITEM() RATIONAL_B_SPLINE_CURVE((1.,0.5,1.,0.5,
1.,0.5,1.)) REPRESENTATION_ITEM('') );
#4883 = CARTESIAN_POINT('',(28.9,10.2));
#4884 = CARTESIAN_POINT('',(28.9,5.17705265805));
#4885 = CARTESIAN_POINT('',(24.55,7.688526329025));
#4886 = CARTESIAN_POINT('',(20.2,10.2));
#4887 = CARTESIAN_POINT('',(24.55,12.711473670975));
#4888 = CARTESIAN_POINT('',(28.9,15.22294734195));
#4889 = CARTESIAN_POINT('',(28.9,10.2));
#4890 = ( GEOMETRIC_REPRESENTATION_CONTEXT(2) 
PARAMETRIC_REPRESENTATION_CONTEXT() REPRESENTATION_CONTEXT('2D SPACE',''
  ) );
#4891 = PCURVE('',#4892,#4897);
#4892 = CYLINDRICAL_SURFACE('',#4893,2.9);
#4893 = AXIS2_PLACEMENT_3D('',#4894,#4895,#4896);
#4894 = CARTESIAN_POINT('',(120.,20.,5.));
#4895 = DIRECTION('',(-0.,-0.,-1.));
#4896 = DIRECTION('',(1.,0.,0.));
#4897 = DEFINITIONAL_REPRESENTATION('',(#4898),#4902);
#4898 = LINE('',#4899,#4900);
#4899 = CARTESIAN_POINT('',(-6.28318530718,-1.));
#4900 = VECTOR('',#4901,1.);
#4901 = DIRECTION('',(1.,-0.));
#4902 = ( GEOMETRIC_REPRESENTATION_CONTEXT(2) 
PARAMETRIC_REPRESENTATION_CONTEXT() REPRESENTATION_CONTEXT('2D SPACE',''
  ) );
#4903 = FACE_BOUND('',#4904,.F.);
#4904 = EDGE_LOOP('',(#4905));
#4905 = ORIENTED_EDGE('',*,*,#4906,.T.);
#4906 = EDGE_CURVE('',#4907,#4907,#4909,.T.);
#4907 = VERTEX_POINT('',#4908);
#4908 = CARTESIAN_POINT('',(182.9,20.,6.));
#4909 = SURFACE_CURVE('',#4910,(#4915,#4926),.PCURVE_S1.);
#4910 = CIRCLE('',#4911,2.9);
#4911 = AXIS2_PLACEMENT_3D('',#4912,#4913,#4914);
#4912 = CARTESIAN_POINT('',(180.,20.,6.));
#4913 = DIRECTION('',(0.,0.,-1.));
#4914 = DIRECTION('',(1.,0.,0.));
#4915 = PCURVE('',#2881,#4916);
#4916 = DEFINITIONAL_REPRESENTATION('',(#4917),#4925);
#4917 = ( BOUNDED_CURVE() B_SPLINE_CURVE(2,(#4918,#4919,#4920,#4921,
#4922,#4923,#4924),.UNSPECIFIED.,.T.,.F.) B_SPLINE_CURVE_WITH_KNOTS((1,2
    ,2,2,2,1),(-2.094395102393,0.,2.094395102393,4.188790204786,
6.28318530718,8.377580409573),.UNSPECIFIED.) CURVE() 
GEOMETRIC_REPRESENTATION_ITEM() RATIONAL_B_SPLINE_CURVE((1.,0.5,1.,0.5,
1.,0.5,1.)) REPRESENTATION_ITEM('') );
#4918 = CARTESIAN_POINT('',(88.9,10.2));
#4919 = CARTESIAN_POINT('',(88.9,5.17705265805));
#4920 = CARTESIAN_POINT('',(84.55,7.688526329025));
#4921 = CARTESIAN_POINT('',(80.2,10.2));
#4922 = CARTESIAN_POINT('',(84.55,12.711473670975));
#4923 = CARTESIAN_POINT('',(88.9,15.22294734195));
#4924 = CARTESIAN_POINT('',(88.9,10.2));
#4925 = ( GEOMETRIC_REPRESENTATION_CONTEXT(2) 
PARAMETRIC_REPRESENTATION_CONTEXT() REPRESENTATION_CONTEXT('2D SPACE',''
  ) );
#4926 = PCURVE('',#4927,#4932);
#4927 = CYLINDRICAL_SURFACE('',#4928,2.9);
#4928 = AXIS2_PLACEMENT_3D('',#4929,#4930,#4931);
#4929 = CARTESIAN_POINT('',(180.,20.,5.));
#4930 = DIRECTION('',(-0.,-0.,-1.));
#4931 = DIRECTION('',(1.,0.,0.));
#4932 = DEFINITIONAL_REPRESENTATION('',(#4933),#4937);
#4933 = LINE('',#4934,#4935);
#4934 = CARTESIAN_POINT('',(-6.28318530718,-1.));
#4935 = VECTOR('',#4936,1.);
#4936 = DIRECTION('',(1.,-0.));
#4937 = ( GEOMETRIC_REPRESENTATION_CONTEXT(2) 
PARAMETRIC_REPRESENTATION_CONTEXT() REPRESENTATION_CONTEXT('2D SPACE',''
  ) );
#4938 = ADVANCED_FACE('',(#4939,#4965,#5000),#3338,.T.);
#4939 = FACE_BOUND('',#4940,.T.);
#4940 = EDGE_LOOP('',(#4941,#4962,#4963,#4964));
#4941 = ORIENTED_EDGE('',*,*,#4942,.F.);
#4942 = EDGE_CURVE('',#4755,#3298,#4943,.T.);
#4943 = SURFACE_CURVE('',#4944,(#4948,#4955),.PCURVE_S1.);
#4944 = LINE('',#4945,#4946);
#4945 = CARTESIAN_POINT('',(200.,50.2,82.1));
#4946 = VECTOR('',#4947,1.);
#4947 = DIRECTION('',(1.,0.,0.));
#4948 = PCURVE('',#3338,#4949);
#4949 = DEFINITIONAL_REPRESENTATION('',(#4950),#4954);
#4950 = LINE('',#4951,#4952);
#4951 = CARTESIAN_POINT('',(0.,20.4));
#4952 = VECTOR('',#4953,1.);
#4953 = DIRECTION('',(1.,0.));
#4954 = ( GEOMETRIC_REPRESENTATION_CONTEXT(2) 
PARAMETRIC_REPRESENTATION_CONTEXT() REPRESENTATION_CONTEXT('2D SPACE',''
  ) );
#4955 = PCURVE('',#3312,#4956);
#4956 = DEFINITIONAL_REPRESENTATION('',(#4957),#4961);
#4957 = LINE('',#4958,#4959);
#4958 = CARTESIAN_POINT('',(0.,0.));
#4959 = VECTOR('',#4960,1.);
#4960 = DIRECTION('',(0.,1.));
#4961 = ( GEOMETRIC_REPRESENTATION_CONTEXT(2) 
PARAMETRIC_REPRESENTATION_CONTEXT() REPRESENTATION_CONTEXT('2D SPACE',''
  ) );
#4962 = ORIENTED_EDGE('',*,*,#4775,.T.);
#4963 = ORIENTED_EDGE('',*,*,#4818,.T.);
#4964 = ORIENTED_EDGE('',*,*,#3323,.F.);
#4965 = FACE_BOUND('',#4966,.T.);
#4966 = EDGE_LOOP('',(#4967));
#4967 = ORIENTED_EDGE('',*,*,#4968,.T.);
#4968 = EDGE_CURVE('',#4969,#4969,#4971,.T.);
#4969 = VERTEX_POINT('',#4970);
#4970 = CARTESIAN_POINT('',(209.8,34.,82.1));
#4971 = SURFACE_CURVE('',#4972,(#4977,#4988),.PCURVE_S1.);
#4972 = CIRCLE('',#4973,2.9);
#4973 = AXIS2_PLACEMENT_3D('',#4974,#4975,#4976);
#4974 = CARTESIAN_POINT('',(206.9,34.,82.1));
#4975 = DIRECTION('',(0.,0.,-1.));
#4976 = DIRECTION('',(1.,0.,0.));
#4977 = PCURVE('',#3338,#4978);
#4978 = DEFINITIONAL_REPRESENTATION('',(#4979),#4987);
#4979 = ( BOUNDED_CURVE() B_SPLINE_CURVE(2,(#4980,#4981,#4982,#4983,
#4984,#4985,#4986),.UNSPECIFIED.,.T.,.F.) B_SPLINE_CURVE_WITH_KNOTS((1,2
    ,2,2,2,1),(-2.094395102393,0.,2.094395102393,4.188790204786,
6.28318530718,8.377580409573),.UNSPECIFIED.) CURVE() 
GEOMETRIC_REPRESENTATION_ITEM() RATIONAL_B_SPLINE_CURVE((1.,0.5,1.,0.5,
1.,0.5,1.)) REPRESENTATION_ITEM('') );
#4980 = CARTESIAN_POINT('',(9.8,4.2));
#4981 = CARTESIAN_POINT('',(9.8,-0.82294734195));
#4982 = CARTESIAN_POINT('',(5.45,1.688526329025));
#4983 = CARTESIAN_POINT('',(1.1,4.2));
#4984 = CARTESIAN_POINT('',(5.45,6.711473670975));
#4985 = CARTESIAN_POINT('',(9.8,9.22294734195));
#4986 = CARTESIAN_POINT('',(9.8,4.2));
#4987 = ( GEOMETRIC_REPRESENTATION_CONTEXT(2) 
PARAMETRIC_REPRESENTATION_CONTEXT() REPRESENTATION_CONTEXT('2D SPACE',''
  ) );
#4988 = PCURVE('',#4989,#4994);
#4989 = CYLINDRICAL_SURFACE('',#4990,2.9);
#4990 = AXIS2_PLACEMENT_3D('',#4991,#4992,#4993);
#4991 = CARTESIAN_POINT('',(206.9,34.,75.6));
#4992 = DIRECTION('',(-0.,-0.,-1.));
#4993 = DIRECTION('',(1.,0.,0.));
#4994 = DEFINITIONAL_REPRESENTATION('',(#4995),#4999);
#4995 = LINE('',#4996,#4997);
#4996 = CARTESIAN_POINT('',(-6.28318530718,-6.5));
#4997 = VECTOR('',#4998,1.);
#4998 = DIRECTION('',(1.,-0.));
#4999 = ( GEOMETRIC_REPRESENTATION_CONTEXT(2) 
PARAMETRIC_REPRESENTATION_CONTEXT() REPRESENTATION_CONTEXT('2D SPACE',''
  ) );
#5000 = FACE_BOUND('',#5001,.T.);
#5001 = EDGE_LOOP('',(#5002));
#5002 = ORIENTED_EDGE('',*,*,#5003,.T.);
#5003 = EDGE_CURVE('',#5004,#5004,#5006,.T.);
#5004 = VERTEX_POINT('',#5005);
#5005 = CARTESIAN_POINT('',(209.8,46.,82.1));
#5006 = SURFACE_CURVE('',#5007,(#5012,#5023),.PCURVE_S1.);
#5007 = CIRCLE('',#5008,2.9);
#5008 = AXIS2_PLACEMENT_3D('',#5009,#5010,#5011);
#5009 = CARTESIAN_POINT('',(206.9,46.,82.1));
#5010 = DIRECTION('',(0.,0.,-1.));
#5011 = DIRECTION('',(1.,0.,0.));
#5012 = PCURVE('',#3338,#5013);
#5013 = DEFINITIONAL_REPRESENTATION('',(#5014),#5022);
#5014 = ( BOUNDED_CURVE() B_SPLINE_CURVE(2,(#5015,#5016,#5017,#5018,
#5019,#5020,#5021),.UNSPECIFIED.,.T.,.F.) B_SPLINE_CURVE_WITH_KNOTS((1,2
    ,2,2,2,1),(-2.094395102393,0.,2.094395102393,4.188790204786,
6.28318530718,8.377580409573),.UNSPECIFIED.) CURVE() 
GEOMETRIC_REPRESENTATION_ITEM() RATIONAL_B_SPLINE_CURVE((1.,0.5,1.,0.5,
1.,0.5,1.)) REPRESENTATION_ITEM('') );
#5015 = CARTESIAN_POINT('',(9.8,16.2));
#5016 = CARTESIAN_POINT('',(9.8,11.17705265805));
#5017 = CARTESIAN_POINT('',(5.45,13.688526329025));
#5018 = CARTESIAN_POINT('',(1.1,16.2));
#5019 = CARTESIAN_POINT('',(5.45,18.711473670975));
#5020 = CARTESIAN_POINT('',(9.8,21.22294734195));
#5021 = CARTESIAN_POINT('',(9.8,16.2));
#5022 = ( GEOMETRIC_REPRESENTATION_CONTEXT(2) 
PARAMETRIC_REPRESENTATION_CONTEXT() REPRESENTATION_CONTEXT('2D SPACE',''
  ) );
#5023 = PCURVE('',#5024,#5029);
#5024 = CYLINDRICAL_SURFACE('',#5025,2.9);
#5025 = AXIS2_PLACEMENT_3D('',#5026,#5027,#5028);
#5026 = CARTESIAN_POINT('',(206.9,46.,75.6));
#5027 = DIRECTION('',(-0.,-0.,-1.));
#5028 = DIRECTION('',(1.,0.,0.));
#5029 = DEFINITIONAL_REPRESENTATION('',(#5030),#5034);
#5030 = LINE('',#5031,#5032);
#5031 = CARTESIAN_POINT('',(-6.28318530718,-6.5));
#5032 = VECTOR('',#5033,1.);
#5033 = DIRECTION('',(1.,-0.));
#5034 = ( GEOMETRIC_REPRESENTATION_CONTEXT(2) 
PARAMETRIC_REPRESENTATION_CONTEXT() REPRESENTATION_CONTEXT('2D SPACE',''
  ) );
#5035 = ADVANCED_FACE('',(#5036),#3312,.F.);
#5036 = FACE_BOUND('',#5037,.F.);
#5037 = EDGE_LOOP('',(#5038,#5039,#5040,#5059));
#5038 = ORIENTED_EDGE('',*,*,#4942,.F.);
#5039 = ORIENTED_EDGE('',*,*,#4754,.T.);
#5040 = ORIENTED_EDGE('',*,*,#5041,.F.);
#5041 = EDGE_CURVE('',#3270,#4732,#5042,.T.);
#5042 = SURFACE_CURVE('',#5043,(#5047,#5053),.PCURVE_S1.);
#5043 = LINE('',#5044,#5045);
#5044 = CARTESIAN_POINT('',(179.1,50.2,88.1));
#5045 = VECTOR('',#5046,1.);
#5046 = DIRECTION('',(-1.,0.,0.));
#5047 = PCURVE('',#3312,#5048);
#5048 = DEFINITIONAL_REPRESENTATION('',(#5049),#5052);
#5049 = B_SPLINE_CURVE_WITH_KNOTS('',1,(#5050,#5051),.UNSPECIFIED.,.F.,
  .F.,(2,2),(-41.9,-20.9),.PIECEWISE_BEZIER_KNOTS.);
#5050 = CARTESIAN_POINT('',(6.,21.));
#5051 = CARTESIAN_POINT('',(6.,0.));
#5052 = ( GEOMETRIC_REPRESENTATION_CONTEXT(2) 
PARAMETRIC_REPRESENTATION_CONTEXT() REPRESENTATION_CONTEXT('2D SPACE',''
  ) );
#5053 = PCURVE('',#3285,#5054);
#5054 = DEFINITIONAL_REPRESENTATION('',(#5055),#5058);
#5055 = B_SPLINE_CURVE_WITH_KNOTS('',1,(#5056,#5057),.UNSPECIFIED.,.F.,
  .F.,(2,2),(-41.9,-20.9),.PIECEWISE_BEZIER_KNOTS.);
#5056 = CARTESIAN_POINT('',(62.8,50.2));
#5057 = CARTESIAN_POINT('',(41.8,50.2));
#5058 = ( GEOMETRIC_REPRESENTATION_CONTEXT(2) 
PARAMETRIC_REPRESENTATION_CONTEXT() REPRESENTATION_CONTEXT('2D SPACE',''
  ) );
#5059 = ORIENTED_EDGE('',*,*,#3297,.F.);
#5060 = ADVANCED_FACE('',(#5061),#3285,.T.);
#5061 = FACE_BOUND('',#5062,.T.);
#5062 = EDGE_LOOP('',(#5063,#5064,#5065,#5066));
#5063 = ORIENTED_EDGE('',*,*,#4731,.F.);
#5064 = ORIENTED_EDGE('',*,*,#5041,.F.);
#5065 = ORIENTED_EDGE('',*,*,#3269,.T.);
#5066 = ORIENTED_EDGE('',*,*,#5067,.T.);
#5067 = EDGE_CURVE('',#3244,#4711,#5068,.T.);
#5068 = SURFACE_CURVE('',#5069,(#5073,#5079),.PCURVE_S1.);
#5069 = LINE('',#5070,#5071);
#5070 = CARTESIAN_POINT('',(179.1,159.8,88.1));
#5071 = VECTOR('',#5072,1.);
#5072 = DIRECTION('',(-1.,0.,0.));
#5073 = PCURVE('',#3285,#5074);
#5074 = DEFINITIONAL_REPRESENTATION('',(#5075),#5078);
#5075 = B_SPLINE_CURVE_WITH_KNOTS('',1,(#5076,#5077),.UNSPECIFIED.,.F.,
  .F.,(2,2),(-40.9,-21.9),.PIECEWISE_BEZIER_KNOTS.);
#5076 = CARTESIAN_POINT('',(61.8,159.8));
#5077 = CARTESIAN_POINT('',(42.8,159.8));
#5078 = ( GEOMETRIC_REPRESENTATION_CONTEXT(2) 
PARAMETRIC_REPRESENTATION_CONTEXT() REPRESENTATION_CONTEXT('2D SPACE',''
  ) );
#5079 = PCURVE('',#3258,#5080);
#5080 = DEFINITIONAL_REPRESENTATION('',(#5081),#5084);
#5081 = B_SPLINE_CURVE_WITH_KNOTS('',1,(#5082,#5083),.UNSPECIFIED.,.F.,
  .F.,(2,2),(-40.9,-21.9),.PIECEWISE_BEZIER_KNOTS.);
#5082 = CARTESIAN_POINT('',(6.,20.));
#5083 = CARTESIAN_POINT('',(6.,1.));
#5084 = ( GEOMETRIC_REPRESENTATION_CONTEXT(2) 
PARAMETRIC_REPRESENTATION_CONTEXT() REPRESENTATION_CONTEXT('2D SPACE',''
  ) );
#5085 = ADVANCED_FACE('',(#5086),#3258,.T.);
#5086 = FACE_BOUND('',#5087,.T.);
#5087 = EDGE_LOOP('',(#5088,#5109,#5110,#5111));
#5088 = ORIENTED_EDGE('',*,*,#5089,.F.);
#5089 = EDGE_CURVE('',#4690,#3218,#5090,.T.);
#5090 = SURFACE_CURVE('',#5091,(#5095,#5102),.PCURVE_S1.);
#5091 = LINE('',#5092,#5093);
#5092 = CARTESIAN_POINT('',(200.,159.8,82.1));
#5093 = VECTOR('',#5094,1.);
#5094 = DIRECTION('',(1.,0.,0.));
#5095 = PCURVE('',#3258,#5096);
#5096 = DEFINITIONAL_REPRESENTATION('',(#5097),#5101);
#5097 = LINE('',#5098,#5099);
#5098 = CARTESIAN_POINT('',(0.,0.));
#5099 = VECTOR('',#5100,1.);
#5100 = DIRECTION('',(0.,1.));
#5101 = ( GEOMETRIC_REPRESENTATION_CONTEXT(2) 
PARAMETRIC_REPRESENTATION_CONTEXT() REPRESENTATION_CONTEXT('2D SPACE',''
  ) );
#5102 = PCURVE('',#3232,#5103);
#5103 = DEFINITIONAL_REPRESENTATION('',(#5104),#5108);
#5104 = LINE('',#5105,#5106);
#5105 = CARTESIAN_POINT('',(0.,0.));
#5106 = VECTOR('',#5107,1.);
#5107 = DIRECTION('',(1.,0.));
#5108 = ( GEOMETRIC_REPRESENTATION_CONTEXT(2) 
PARAMETRIC_REPRESENTATION_CONTEXT() REPRESENTATION_CONTEXT('2D SPACE',''
  ) );
#5109 = ORIENTED_EDGE('',*,*,#4710,.T.);
#5110 = ORIENTED_EDGE('',*,*,#5067,.F.);
#5111 = ORIENTED_EDGE('',*,*,#3243,.F.);
#5112 = ADVANCED_FACE('',(#5113,#5139,#5174),#3232,.T.);
#5113 = FACE_BOUND('',#5114,.T.);
#5114 = EDGE_LOOP('',(#5115,#5136,#5137,#5138));
#5115 = ORIENTED_EDGE('',*,*,#5116,.F.);
#5116 = EDGE_CURVE('',#4669,#3192,#5117,.T.);
#5117 = SURFACE_CURVE('',#5118,(#5122,#5129),.PCURVE_S1.);
#5118 = LINE('',#5119,#5120);
#5119 = CARTESIAN_POINT('',(200.,180.2,82.1));
#5120 = VECTOR('',#5121,1.);
#5121 = DIRECTION('',(1.,0.,0.));
#5122 = PCURVE('',#3232,#5123);
#5123 = DEFINITIONAL_REPRESENTATION('',(#5124),#5128);
#5124 = LINE('',#5125,#5126);
#5125 = CARTESIAN_POINT('',(0.,20.4));
#5126 = VECTOR('',#5127,1.);
#5127 = DIRECTION('',(1.,0.));
#5128 = ( GEOMETRIC_REPRESENTATION_CONTEXT(2) 
PARAMETRIC_REPRESENTATION_CONTEXT() REPRESENTATION_CONTEXT('2D SPACE',''
  ) );
#5129 = PCURVE('',#3206,#5130);
#5130 = DEFINITIONAL_REPRESENTATION('',(#5131),#5135);
#5131 = LINE('',#5132,#5133);
#5132 = CARTESIAN_POINT('',(0.,0.));
#5133 = VECTOR('',#5134,1.);
#5134 = DIRECTION('',(0.,1.));
#5135 = ( GEOMETRIC_REPRESENTATION_CONTEXT(2) 
PARAMETRIC_REPRESENTATION_CONTEXT() REPRESENTATION_CONTEXT('2D SPACE',''
  ) );
#5136 = ORIENTED_EDGE('',*,*,#4689,.T.);
#5137 = ORIENTED_EDGE('',*,*,#5089,.T.);
#5138 = ORIENTED_EDGE('',*,*,#3217,.F.);
#5139 = FACE_BOUND('',#5140,.T.);
#5140 = EDGE_LOOP('',(#5141));
#5141 = ORIENTED_EDGE('',*,*,#5142,.T.);
#5142 = EDGE_CURVE('',#5143,#5143,#5145,.T.);
#5143 = VERTEX_POINT('',#5144);
#5144 = CARTESIAN_POINT('',(209.8,164.,82.1));
#5145 = SURFACE_CURVE('',#5146,(#5151,#5162),.PCURVE_S1.);
#5146 = CIRCLE('',#5147,2.9);
#5147 = AXIS2_PLACEMENT_3D('',#5148,#5149,#5150);
#5148 = CARTESIAN_POINT('',(206.9,164.,82.1));
#5149 = DIRECTION('',(0.,0.,-1.));
#5150 = DIRECTION('',(1.,0.,0.));
#5151 = PCURVE('',#3232,#5152);
#5152 = DEFINITIONAL_REPRESENTATION('',(#5153),#5161);
#5153 = ( BOUNDED_CURVE() B_SPLINE_CURVE(2,(#5154,#5155,#5156,#5157,
#5158,#5159,#5160),.UNSPECIFIED.,.T.,.F.) B_SPLINE_CURVE_WITH_KNOTS((1,2
    ,2,2,2,1),(-2.094395102393,0.,2.094395102393,4.188790204786,
6.28318530718,8.377580409573),.UNSPECIFIED.) CURVE() 
GEOMETRIC_REPRESENTATION_ITEM() RATIONAL_B_SPLINE_CURVE((1.,0.5,1.,0.5,
1.,0.5,1.)) REPRESENTATION_ITEM('') );
#5154 = CARTESIAN_POINT('',(9.8,4.2));
#5155 = CARTESIAN_POINT('',(9.8,-0.82294734195));
#5156 = CARTESIAN_POINT('',(5.45,1.688526329025));
#5157 = CARTESIAN_POINT('',(1.1,4.2));
#5158 = CARTESIAN_POINT('',(5.45,6.711473670975));
#5159 = CARTESIAN_POINT('',(9.8,9.22294734195));
#5160 = CARTESIAN_POINT('',(9.8,4.2));
#5161 = ( GEOMETRIC_REPRESENTATION_CONTEXT(2) 
PARAMETRIC_REPRESENTATION_CONTEXT() REPRESENTATION_CONTEXT('2D SPACE',''
  ) );
#5162 = PCURVE('',#5163,#5168);
#5163 = CYLINDRICAL_SURFACE('',#5164,2.9);
#5164 = AXIS2_PLACEMENT_3D('',#5165,#5166,#5167);
#5165 = CARTESIAN_POINT('',(206.9,164.,75.6));
#5166 = DIRECTION('',(-0.,-0.,-1.));
#5167 = DIRECTION('',(1.,0.,0.));
#5168 = DEFINITIONAL_REPRESENTATION('',(#5169),#5173);
#5169 = LINE('',#5170,#5171);
#5170 = CARTESIAN_POINT('',(-6.28318530718,-6.5));
#5171 = VECTOR('',#5172,1.);
#5172 = DIRECTION('',(1.,-0.));
#5173 = ( GEOMETRIC_REPRESENTATION_CONTEXT(2) 
PARAMETRIC_REPRESENTATION_CONTEXT() REPRESENTATION_CONTEXT('2D SPACE',''
  ) );
#5174 = FACE_BOUND('',#5175,.T.);
#5175 = EDGE_LOOP('',(#5176));
#5176 = ORIENTED_EDGE('',*,*,#5177,.T.);
#5177 = EDGE_CURVE('',#5178,#5178,#5180,.T.);
#5178 = VERTEX_POINT('',#5179);
#5179 = CARTESIAN_POINT('',(209.8,176.,82.1));
#5180 = SURFACE_CURVE('',#5181,(#5186,#5197),.PCURVE_S1.);
#5181 = CIRCLE('',#5182,2.9);
#5182 = AXIS2_PLACEMENT_3D('',#5183,#5184,#5185);
#5183 = CARTESIAN_POINT('',(206.9,176.,82.1));
#5184 = DIRECTION('',(0.,0.,-1.));
#5185 = DIRECTION('',(1.,0.,0.));
#5186 = PCURVE('',#3232,#5187);
#5187 = DEFINITIONAL_REPRESENTATION('',(#5188),#5196);
#5188 = ( BOUNDED_CURVE() B_SPLINE_CURVE(2,(#5189,#5190,#5191,#5192,
#5193,#5194,#5195),.UNSPECIFIED.,.T.,.F.) B_SPLINE_CURVE_WITH_KNOTS((1,2
    ,2,2,2,1),(-2.094395102393,0.,2.094395102393,4.188790204786,
6.28318530718,8.377580409573),.UNSPECIFIED.) CURVE() 
GEOMETRIC_REPRESENTATION_ITEM() RATIONAL_B_SPLINE_CURVE((1.,0.5,1.,0.5,
1.,0.5,1.)) REPRESENTATION_ITEM('') );
#5189 = CARTESIAN_POINT('',(9.8,16.2));
#5190 = CARTESIAN_POINT('',(9.8,11.17705265805));
#5191 = CARTESIAN_POINT('',(5.45,13.688526329025));
#5192 = CARTESIAN_POINT('',(1.1,16.2));
#5193 = CARTESIAN_POINT('',(5.45,18.711473670975));
#5194 = CARTESIAN_POINT('',(9.8,21.22294734195));
#5195 = CARTESIAN_POINT('',(9.8,16.2));
#5196 = ( GEOMETRIC_REPRESENTATION_CONTEXT(2) 
PARAMETRIC_REPRESENTATION_CONTEXT() REPRESENTATION_CONTEXT('2D SPACE',''
  ) );
#5197 = PCURVE('',#5198,#5203);
#5198 = CYLINDRICAL_SURFACE('',#5199,2.9);
#5199 = AXIS2_PLACEMENT_3D('',#5200,#5201,#5202);
#5200 = CARTESIAN_POINT('',(206.9,176.,75.6));
#5201 = DIRECTION('',(-0.,-0.,-1.));
#5202 = DIRECTION('',(1.,0.,0.));
#5203 = DEFINITIONAL_REPRESENTATION('',(#5204),#5208);
#5204 = LINE('',#5205,#5206);
#5205 = CARTESIAN_POINT('',(-6.28318530718,-6.5));
#5206 = VECTOR('',#5207,1.);
#5207 = DIRECTION('',(1.,-0.));
#5208 = ( GEOMETRIC_REPRESENTATION_CONTEXT(2) 
PARAMETRIC_REPRESENTATION_CONTEXT() REPRESENTATION_CONTEXT('2D SPACE',''
  ) );
#5209 = ADVANCED_FACE('',(#5210),#3206,.F.);
#5210 = FACE_BOUND('',#5211,.F.);
#5211 = EDGE_LOOP('',(#5212,#5213,#5214,#5233));
#5212 = ORIENTED_EDGE('',*,*,#5116,.F.);
#5213 = ORIENTED_EDGE('',*,*,#4668,.T.);
#5214 = ORIENTED_EDGE('',*,*,#5215,.F.);
#5215 = EDGE_CURVE('',#3164,#4646,#5216,.T.);
#5216 = SURFACE_CURVE('',#5217,(#5221,#5227),.PCURVE_S1.);
#5217 = LINE('',#5218,#5219);
#5218 = CARTESIAN_POINT('',(179.1,180.2,88.1));
#5219 = VECTOR('',#5220,1.);
#5220 = DIRECTION('',(-1.,0.,0.));
#5221 = PCURVE('',#3206,#5222);
#5222 = DEFINITIONAL_REPRESENTATION('',(#5223),#5226);
#5223 = B_SPLINE_CURVE_WITH_KNOTS('',1,(#5224,#5225),.UNSPECIFIED.,.F.,
  .F.,(2,2),(-40.9,-21.9),.PIECEWISE_BEZIER_KNOTS.);
#5224 = CARTESIAN_POINT('',(6.,20.));
#5225 = CARTESIAN_POINT('',(6.,1.));
#5226 = ( GEOMETRIC_REPRESENTATION_CONTEXT(2) 
PARAMETRIC_REPRESENTATION_CONTEXT() REPRESENTATION_CONTEXT('2D SPACE',''
  ) );
#5227 = PCURVE('',#3179,#5228);
#5228 = DEFINITIONAL_REPRESENTATION('',(#5229),#5232);
#5229 = B_SPLINE_CURVE_WITH_KNOTS('',1,(#5230,#5231),.UNSPECIFIED.,.F.,
  .F.,(2,2),(-40.9,-21.9),.PIECEWISE_BEZIER_KNOTS.);
#5230 = CARTESIAN_POINT('',(61.8,180.2));
#5231 = CARTESIAN_POINT('',(42.8,180.2));
#5232 = ( GEOMETRIC_REPRESENTATION_CONTEXT(2) 
PARAMETRIC_REPRESENTATION_CONTEXT() REPRESENTATION_CONTEXT('2D SPACE',''
  ) );
#5233 = ORIENTED_EDGE('',*,*,#3191,.F.);
#5234 = ADVANCED_FACE('',(#5235),#3179,.T.);
#5235 = FACE_BOUND('',#5236,.T.);
#5236 = EDGE_LOOP('',(#5237,#5238,#5239,#5240));
#5237 = ORIENTED_EDGE('',*,*,#4645,.F.);
#5238 = ORIENTED_EDGE('',*,*,#5215,.F.);
#5239 = ORIENTED_EDGE('',*,*,#3163,.T.);
#5240 = ORIENTED_EDGE('',*,*,#3909,.T.);
#5241 = ADVANCED_FACE('',(#5242),#3128,.F.);
#5242 = FACE_BOUND('',#5243,.F.);
#5243 = EDGE_LOOP('',(#5244,#5245,#5246,#5265));
#5244 = ORIENTED_EDGE('',*,*,#3711,.F.);
#5245 = ORIENTED_EDGE('',*,*,#3653,.F.);
#5246 = ORIENTED_EDGE('',*,*,#5247,.F.);
#5247 = EDGE_CURVE('',#3087,#3633,#5248,.T.);
#5248 = SURFACE_CURVE('',#5249,(#5253,#5259),.PCURVE_S1.);
#5249 = LINE('',#5250,#5251);
#5250 = CARTESIAN_POINT('',(126.1,205.2,0.));
#5251 = VECTOR('',#5252,1.);
#5252 = DIRECTION('',(-1.,0.,0.));
#5253 = PCURVE('',#3128,#5254);
#5254 = DEFINITIONAL_REPRESENTATION('',(#5255),#5258);
#5255 = B_SPLINE_CURVE_WITH_KNOTS('',1,(#5256,#5257),.UNSPECIFIED.,.F.,
  .F.,(2,2),(-93.9,31.1),.PIECEWISE_BEZIER_KNOTS.);
#5256 = CARTESIAN_POINT('',(61.8,205.2));
#5257 = CARTESIAN_POINT('',(-63.2,205.2));
#5258 = ( GEOMETRIC_REPRESENTATION_CONTEXT(2) 
PARAMETRIC_REPRESENTATION_CONTEXT() REPRESENTATION_CONTEXT('2D SPACE',''
  ) );
#5259 = PCURVE('',#3101,#5260);
#5260 = DEFINITIONAL_REPRESENTATION('',(#5261),#5264);
#5261 = B_SPLINE_CURVE_WITH_KNOTS('',1,(#5262,#5263),.UNSPECIFIED.,.F.,
  .F.,(2,2),(-93.9,31.1),.PIECEWISE_BEZIER_KNOTS.);
#5262 = CARTESIAN_POINT('',(1.,126.));
#5263 = CARTESIAN_POINT('',(1.,1.));
#5264 = ( GEOMETRIC_REPRESENTATION_CONTEXT(2) 
PARAMETRIC_REPRESENTATION_CONTEXT() REPRESENTATION_CONTEXT('2D SPACE',''
  ) );
#5265 = ORIENTED_EDGE('',*,*,#3112,.T.);
#5266 = ADVANCED_FACE('',(#5267),#3101,.F.);
#5267 = FACE_BOUND('',#5268,.F.);
#5268 = EDGE_LOOP('',(#5269,#5290,#5291,#5292));
#5269 = ORIENTED_EDGE('',*,*,#5270,.T.);
#5270 = EDGE_CURVE('',#3612,#3061,#5271,.T.);
#5271 = SURFACE_CURVE('',#5272,(#5276,#5283),.PCURVE_S1.);
#5272 = LINE('',#5273,#5274);
#5273 = CARTESIAN_POINT('',(94.,205.2,6.));
#5274 = VECTOR('',#5275,1.);
#5275 = DIRECTION('',(1.,0.,0.));
#5276 = PCURVE('',#3101,#5277);
#5277 = DEFINITIONAL_REPRESENTATION('',(#5278),#5282);
#5278 = LINE('',#5279,#5280);
#5279 = CARTESIAN_POINT('',(7.,0.));
#5280 = VECTOR('',#5281,1.);
#5281 = DIRECTION('',(0.,1.));
#5282 = ( GEOMETRIC_REPRESENTATION_CONTEXT(2) 
PARAMETRIC_REPRESENTATION_CONTEXT() REPRESENTATION_CONTEXT('2D SPACE',''
  ) );
#5283 = PCURVE('',#3075,#5284);
#5284 = DEFINITIONAL_REPRESENTATION('',(#5285),#5289);
#5285 = LINE('',#5286,#5287);
#5286 = CARTESIAN_POINT('',(0.,20.4));
#5287 = VECTOR('',#5288,1.);
#5288 = DIRECTION('',(1.,0.));
#5289 = ( GEOMETRIC_REPRESENTATION_CONTEXT(2) 
PARAMETRIC_REPRESENTATION_CONTEXT() REPRESENTATION_CONTEXT('2D SPACE',''
  ) );
#5290 = ORIENTED_EDGE('',*,*,#3086,.F.);
#5291 = ORIENTED_EDGE('',*,*,#5247,.T.);
#5292 = ORIENTED_EDGE('',*,*,#3632,.T.);
#5293 = ADVANCED_FACE('',(#5294,#5320,#5355),#3075,.F.);
#5294 = FACE_BOUND('',#5295,.F.);
#5295 = EDGE_LOOP('',(#5296,#5297,#5298,#5319));
#5296 = ORIENTED_EDGE('',*,*,#5270,.F.);
#5297 = ORIENTED_EDGE('',*,*,#3611,.T.);
#5298 = ORIENTED_EDGE('',*,*,#5299,.T.);
#5299 = EDGE_CURVE('',#3591,#3035,#5300,.T.);
#5300 = SURFACE_CURVE('',#5301,(#5305,#5312),.PCURVE_S1.);
#5301 = LINE('',#5302,#5303);
#5302 = CARTESIAN_POINT('',(94.,184.8,6.));
#5303 = VECTOR('',#5304,1.);
#5304 = DIRECTION('',(1.,0.,0.));
#5305 = PCURVE('',#3075,#5306);
#5306 = DEFINITIONAL_REPRESENTATION('',(#5307),#5311);
#5307 = LINE('',#5308,#5309);
#5308 = CARTESIAN_POINT('',(0.,0.));
#5309 = VECTOR('',#5310,1.);
#5310 = DIRECTION('',(1.,0.));
#5311 = ( GEOMETRIC_REPRESENTATION_CONTEXT(2) 
PARAMETRIC_REPRESENTATION_CONTEXT() REPRESENTATION_CONTEXT('2D SPACE',''
  ) );
#5312 = PCURVE('',#3049,#5313);
#5313 = DEFINITIONAL_REPRESENTATION('',(#5314),#5318);
#5314 = LINE('',#5315,#5316);
#5315 = CARTESIAN_POINT('',(7.,0.));
#5316 = VECTOR('',#5317,1.);
#5317 = DIRECTION('',(0.,1.));
#5318 = ( GEOMETRIC_REPRESENTATION_CONTEXT(2) 
PARAMETRIC_REPRESENTATION_CONTEXT() REPRESENTATION_CONTEXT('2D SPACE',''
  ) );
#5319 = ORIENTED_EDGE('',*,*,#3060,.F.);
#5320 = FACE_BOUND('',#5321,.F.);
#5321 = EDGE_LOOP('',(#5322));
#5322 = ORIENTED_EDGE('',*,*,#5323,.T.);
#5323 = EDGE_CURVE('',#5324,#5324,#5326,.T.);
#5324 = VERTEX_POINT('',#5325);
#5325 = CARTESIAN_POINT('',(122.9,195.,6.));
#5326 = SURFACE_CURVE('',#5327,(#5332,#5343),.PCURVE_S1.);
#5327 = CIRCLE('',#5328,2.9);
#5328 = AXIS2_PLACEMENT_3D('',#5329,#5330,#5331);
#5329 = CARTESIAN_POINT('',(120.,195.,6.));
#5330 = DIRECTION('',(0.,0.,-1.));
#5331 = DIRECTION('',(1.,0.,0.));
#5332 = PCURVE('',#3075,#5333);
#5333 = DEFINITIONAL_REPRESENTATION('',(#5334),#5342);
#5334 = ( BOUNDED_CURVE() B_SPLINE_CURVE(2,(#5335,#5336,#5337,#5338,
#5339,#5340,#5341),.UNSPECIFIED.,.T.,.F.) B_SPLINE_CURVE_WITH_KNOTS((1,2
    ,2,2,2,1),(-2.094395102393,0.,2.094395102393,4.188790204786,
6.28318530718,8.377580409573),.UNSPECIFIED.) CURVE() 
GEOMETRIC_REPRESENTATION_ITEM() RATIONAL_B_SPLINE_CURVE((1.,0.5,1.,0.5,
1.,0.5,1.)) REPRESENTATION_ITEM('') );
#5335 = CARTESIAN_POINT('',(28.9,10.2));
#5336 = CARTESIAN_POINT('',(28.9,5.17705265805));
#5337 = CARTESIAN_POINT('',(24.55,7.688526329025));
#5338 = CARTESIAN_POINT('',(20.2,10.2));
#5339 = CARTESIAN_POINT('',(24.55,12.711473670975));
#5340 = CARTESIAN_POINT('',(28.9,15.22294734195));
#5341 = CARTESIAN_POINT('',(28.9,10.2));
#5342 = ( GEOMETRIC_REPRESENTATION_CONTEXT(2) 
PARAMETRIC_REPRESENTATION_CONTEXT() REPRESENTATION_CONTEXT('2D SPACE',''
  ) );
#5343 = PCURVE('',#5344,#5349);
#5344 = CYLINDRICAL_SURFACE('',#5345,2.9);
#5345 = AXIS2_PLACEMENT_3D('',#5346,#5347,#5348);
#5346 = CARTESIAN_POINT('',(120.,195.,5.));
#5347 = DIRECTION('',(-0.,-0.,-1.));
#5348 = DIRECTION('',(1.,0.,0.));
#5349 = DEFINITIONAL_REPRESENTATION('',(#5350),#5354);
#5350 = LINE('',#5351,#5352);
#5351 = CARTESIAN_POINT('',(-6.28318530718,-1.));
#5352 = VECTOR('',#5353,1.);
#5353 = DIRECTION('',(1.,-0.));
#5354 = ( GEOMETRIC_REPRESENTATION_CONTEXT(2) 
PARAMETRIC_REPRESENTATION_CONTEXT() REPRESENTATION_CONTEXT('2D SPACE',''
  ) );
#5355 = FACE_BOUND('',#5356,.F.);
#5356 = EDGE_LOOP('',(#5357));
#5357 = ORIENTED_EDGE('',*,*,#5358,.T.);
#5358 = EDGE_CURVE('',#5359,#5359,#5361,.T.);
#5359 = VERTEX_POINT('',#5360);
#5360 = CARTESIAN_POINT('',(182.9,195.,6.));
#5361 = SURFACE_CURVE('',#5362,(#5367,#5378),.PCURVE_S1.);
#5362 = CIRCLE('',#5363,2.9);
#5363 = AXIS2_PLACEMENT_3D('',#5364,#5365,#5366);
#5364 = CARTESIAN_POINT('',(180.,195.,6.));
#5365 = DIRECTION('',(0.,0.,-1.));
#5366 = DIRECTION('',(1.,0.,0.));
#5367 = PCURVE('',#3075,#5368);
#5368 = DEFINITIONAL_REPRESENTATION('',(#5369),#5377);
#5369 = ( BOUNDED_CURVE() B_SPLINE_CURVE(2,(#5370,#5371,#5372,#5373,
#5374,#5375,#5376),.UNSPECIFIED.,.T.,.F.) B_SPLINE_CURVE_WITH_KNOTS((1,2
    ,2,2,2,1),(-2.094395102393,0.,2.094395102393,4.188790204786,
6.28318530718,8.377580409573),.UNSPECIFIED.) CURVE() 
GEOMETRIC_REPRESENTATION_ITEM() RATIONAL_B_SPLINE_CURVE((1.,0.5,1.,0.5,
1.,0.5,1.)) REPRESENTATION_ITEM('') );
#5370 = CARTESIAN_POINT('',(88.9,10.2));
#5371 = CARTESIAN_POINT('',(88.9,5.17705265805));
#5372 = CARTESIAN_POINT('',(84.55,7.688526329025));
#5373 = CARTESIAN_POINT('',(80.2,10.2));
#5374 = CARTESIAN_POINT('',(84.55,12.711473670975));
#5375 = CARTESIAN_POINT('',(88.9,15.22294734195));
#5376 = CARTESIAN_POINT('',(88.9,10.2));
#5377 = ( GEOMETRIC_REPRESENTATION_CONTEXT(2) 
PARAMETRIC_REPRESENTATION_CONTEXT() REPRESENTATION_CONTEXT('2D SPACE',''
  ) );
#5378 = PCURVE('',#5379,#5384);
#5379 = CYLINDRICAL_SURFACE('',#5380,2.9);
#5380 = AXIS2_PLACEMENT_3D('',#5381,#5382,#5383);
#5381 = CARTESIAN_POINT('',(180.,195.,5.));
#5382 = DIRECTION('',(-0.,-0.,-1.));
#5383 = DIRECTION('',(1.,0.,0.));
#5384 = DEFINITIONAL_REPRESENTATION('',(#5385),#5389);
#5385 = LINE('',#5386,#5387);
#5386 = CARTESIAN_POINT('',(-6.28318530718,-1.));
#5387 = VECTOR('',#5388,1.);
#5388 = DIRECTION('',(1.,-0.));
#5389 = ( GEOMETRIC_REPRESENTATION_CONTEXT(2) 
PARAMETRIC_REPRESENTATION_CONTEXT() REPRESENTATION_CONTEXT('2D SPACE',''
  ) );
#5390 = ADVANCED_FACE('',(#5391),#3049,.T.);
#5391 = FACE_BOUND('',#5392,.T.);
#5392 = EDGE_LOOP('',(#5393,#5394,#5395,#5414));
#5393 = ORIENTED_EDGE('',*,*,#5299,.T.);
#5394 = ORIENTED_EDGE('',*,*,#3034,.F.);
#5395 = ORIENTED_EDGE('',*,*,#5396,.T.);
#5396 = EDGE_CURVE('',#3007,#3568,#5397,.T.);
#5397 = SURFACE_CURVE('',#5398,(#5402,#5408),.PCURVE_S1.);
#5398 = LINE('',#5399,#5400);
#5399 = CARTESIAN_POINT('',(126.1,184.8,0.));
#5400 = VECTOR('',#5401,1.);
#5401 = DIRECTION('',(-1.,0.,0.));
#5402 = PCURVE('',#3049,#5403);
#5403 = DEFINITIONAL_REPRESENTATION('',(#5404),#5407);
#5404 = B_SPLINE_CURVE_WITH_KNOTS('',1,(#5405,#5406),.UNSPECIFIED.,.F.,
  .F.,(2,2),(-93.9,31.1),.PIECEWISE_BEZIER_KNOTS.);
#5405 = CARTESIAN_POINT('',(1.,126.));
#5406 = CARTESIAN_POINT('',(1.,1.));
#5407 = ( GEOMETRIC_REPRESENTATION_CONTEXT(2) 
PARAMETRIC_REPRESENTATION_CONTEXT() REPRESENTATION_CONTEXT('2D SPACE',''
  ) );
#5408 = PCURVE('',#3022,#5409);
#5409 = DEFINITIONAL_REPRESENTATION('',(#5410),#5413);
#5410 = B_SPLINE_CURVE_WITH_KNOTS('',1,(#5411,#5412),.UNSPECIFIED.,.F.,
  .F.,(2,2),(-93.9,31.1),.PIECEWISE_BEZIER_KNOTS.);
#5411 = CARTESIAN_POINT('',(61.8,184.8));
#5412 = CARTESIAN_POINT('',(-63.2,184.8));
#5413 = ( GEOMETRIC_REPRESENTATION_CONTEXT(2) 
PARAMETRIC_REPRESENTATION_CONTEXT() REPRESENTATION_CONTEXT('2D SPACE',''
  ) );
#5414 = ORIENTED_EDGE('',*,*,#3590,.T.);
#5415 = ADVANCED_FACE('',(#5416),#3022,.F.);
#5416 = FACE_BOUND('',#5417,.F.);
#5417 = EDGE_LOOP('',(#5418,#5419,#5420,#5439));
#5418 = ORIENTED_EDGE('',*,*,#5396,.T.);
#5419 = ORIENTED_EDGE('',*,*,#3567,.F.);
#5420 = ORIENTED_EDGE('',*,*,#5421,.F.);
#5421 = EDGE_CURVE('',#2981,#3547,#5422,.T.);
#5422 = SURFACE_CURVE('',#5423,(#5427,#5433),.PCURVE_S1.);
#5423 = LINE('',#5424,#5425);
#5424 = CARTESIAN_POINT('',(126.1,30.2,0.));
#5425 = VECTOR('',#5426,1.);
#5426 = DIRECTION('',(-1.,0.,0.));
#5427 = PCURVE('',#3022,#5428);
#5428 = DEFINITIONAL_REPRESENTATION('',(#5429),#5432);
#5429 = B_SPLINE_CURVE_WITH_KNOTS('',1,(#5430,#5431),.UNSPECIFIED.,.F.,
  .F.,(2,2),(-94.9,31.1),.PIECEWISE_BEZIER_KNOTS.);
#5430 = CARTESIAN_POINT('',(62.8,30.2));
#5431 = CARTESIAN_POINT('',(-63.2,30.2));
#5432 = ( GEOMETRIC_REPRESENTATION_CONTEXT(2) 
PARAMETRIC_REPRESENTATION_CONTEXT() REPRESENTATION_CONTEXT('2D SPACE',''
  ) );
#5433 = PCURVE('',#2995,#5434);
#5434 = DEFINITIONAL_REPRESENTATION('',(#5435),#5438);
#5435 = B_SPLINE_CURVE_WITH_KNOTS('',1,(#5436,#5437),.UNSPECIFIED.,.F.,
  .F.,(2,2),(-94.9,31.1),.PIECEWISE_BEZIER_KNOTS.);
#5436 = CARTESIAN_POINT('',(1.,127.));
#5437 = CARTESIAN_POINT('',(1.,1.));
#5438 = ( GEOMETRIC_REPRESENTATION_CONTEXT(2) 
PARAMETRIC_REPRESENTATION_CONTEXT() REPRESENTATION_CONTEXT('2D SPACE',''
  ) );
#5439 = ORIENTED_EDGE('',*,*,#3006,.T.);
#5440 = ADVANCED_FACE('',(#5441),#2995,.F.);
#5441 = FACE_BOUND('',#5442,.F.);
#5442 = EDGE_LOOP('',(#5443,#5444,#5445,#5446));
#5443 = ORIENTED_EDGE('',*,*,#4845,.T.);
#5444 = ORIENTED_EDGE('',*,*,#2980,.F.);
#5445 = ORIENTED_EDGE('',*,*,#5421,.T.);
#5446 = ORIENTED_EDGE('',*,*,#3546,.T.);
#5447 = ADVANCED_FACE('',(#5448),#3846,.F.);
#5448 = FACE_BOUND('',#5449,.F.);
#5449 = EDGE_LOOP('',(#5450,#5473,#5493,#5494));
#5450 = ORIENTED_EDGE('',*,*,#5451,.F.);
#5451 = EDGE_CURVE('',#5452,#3831,#5454,.T.);
#5452 = VERTEX_POINT('',#5453);
#5453 = CARTESIAN_POINT('',(215.,12.,61.));
#5454 = SURFACE_CURVE('',#5455,(#5459,#5466),.PCURVE_S1.);
#5455 = LINE('',#5456,#5457);
#5456 = CARTESIAN_POINT('',(215.,0.,61.));
#5457 = VECTOR('',#5458,1.);
#5458 = DIRECTION('',(-0.,1.,-0.));
#5459 = PCURVE('',#3846,#5460);
#5460 = DEFINITIONAL_REPRESENTATION('',(#5461),#5465);
#5461 = LINE('',#5462,#5463);
#5462 = CARTESIAN_POINT('',(61.,0.));
#5463 = VECTOR('',#5464,1.);
#5464 = DIRECTION('',(0.,-1.));
#5465 = ( GEOMETRIC_REPRESENTATION_CONTEXT(2) 
PARAMETRIC_REPRESENTATION_CONTEXT() REPRESENTATION_CONTEXT('2D SPACE',''
  ) );
#5466 = PCURVE('',#3874,#5467);
#5467 = DEFINITIONAL_REPRESENTATION('',(#5468),#5472);
#5468 = LINE('',#5469,#5470);
#5469 = CARTESIAN_POINT('',(0.,0.));
#5470 = VECTOR('',#5471,1.);
#5471 = DIRECTION('',(0.,-1.));
#5472 = ( GEOMETRIC_REPRESENTATION_CONTEXT(2) 
PARAMETRIC_REPRESENTATION_CONTEXT() REPRESENTATION_CONTEXT('2D SPACE',''
  ) );
#5473 = ORIENTED_EDGE('',*,*,#5474,.F.);
#5474 = EDGE_CURVE('',#4096,#5452,#5475,.T.);
#5475 = SURFACE_CURVE('',#5476,(#5480,#5487),.PCURVE_S1.);
#5476 = LINE('',#5477,#5478);
#5477 = CARTESIAN_POINT('',(215.,12.,15.));
#5478 = VECTOR('',#5479,1.);
#5479 = DIRECTION('',(0.,0.,1.));
#5480 = PCURVE('',#3846,#5481);
#5481 = DEFINITIONAL_REPRESENTATION('',(#5482),#5486);
#5482 = LINE('',#5483,#5484);
#5483 = CARTESIAN_POINT('',(15.,-12.));
#5484 = VECTOR('',#5485,1.);
#5485 = DIRECTION('',(1.,0.));
#5486 = ( GEOMETRIC_REPRESENTATION_CONTEXT(2) 
PARAMETRIC_REPRESENTATION_CONTEXT() REPRESENTATION_CONTEXT('2D SPACE',''
  ) );
#5487 = PCURVE('',#4112,#5488);
#5488 = DEFINITIONAL_REPRESENTATION('',(#5489),#5492);
#5489 = B_SPLINE_CURVE_WITH_KNOTS('',1,(#5490,#5491),.UNSPECIFIED.,.F.,
  .F.,(2,2),(0.,73.1),.PIECEWISE_BEZIER_KNOTS.);
#5490 = CARTESIAN_POINT('',(-6.28318530718,0.));
#5491 = CARTESIAN_POINT('',(-6.28318530718,-73.1));
#5492 = ( GEOMETRIC_REPRESENTATION_CONTEXT(2) 
PARAMETRIC_REPRESENTATION_CONTEXT() REPRESENTATION_CONTEXT('2D SPACE',''
  ) );
#5493 = ORIENTED_EDGE('',*,*,#4130,.T.);
#5494 = ORIENTED_EDGE('',*,*,#3830,.T.);
#5495 = ADVANCED_FACE('',(#5496),#3874,.F.);
#5496 = FACE_BOUND('',#5497,.F.);
#5497 = EDGE_LOOP('',(#5498,#5499,#5500,#5528,#5529));
#5498 = ORIENTED_EDGE('',*,*,#4623,.F.);
#5499 = ORIENTED_EDGE('',*,*,#4268,.T.);
#5500 = ORIENTED_EDGE('',*,*,#5501,.T.);
#5501 = EDGE_CURVE('',#4269,#5452,#5502,.T.);
#5502 = SURFACE_CURVE('',#5503,(#5508,#5515),.PCURVE_S1.);
#5503 = ELLIPSE('',#5504,8.485281374239,6.);
#5504 = AXIS2_PLACEMENT_3D('',#5505,#5506,#5507);
#5505 = CARTESIAN_POINT('',(209.,12.,67.));
#5506 = DIRECTION('',(0.707106781187,0.,0.707106781187));
#5507 = DIRECTION('',(0.707106781187,0.,-0.707106781187));
#5508 = PCURVE('',#3874,#5509);
#5509 = DEFINITIONAL_REPRESENTATION('',(#5510),#5514);
#5510 = ELLIPSE('',#5511,8.485281374239,6.);
#5511 = AXIS2_PLACEMENT_2D('',#5512,#5513);
#5512 = CARTESIAN_POINT('',(8.485281374239,-12.));
#5513 = DIRECTION('',(-1.,0.));
#5514 = ( GEOMETRIC_REPRESENTATION_CONTEXT(2) 
PARAMETRIC_REPRESENTATION_CONTEXT() REPRESENTATION_CONTEXT('2D SPACE',''
  ) );
#5515 = PCURVE('',#4112,#5516);
#5516 = DEFINITIONAL_REPRESENTATION('',(#5517),#5527);
#5517 = B_SPLINE_CURVE_WITH_KNOTS('',8,(#5518,#5519,#5520,#5521,#5522,
    #5523,#5524,#5525,#5526),.UNSPECIFIED.,.F.,.F.,(9,9),(4.712388980385
    ,6.28318530718),.PIECEWISE_BEZIER_KNOTS.);
#5518 = CARTESIAN_POINT('',(-4.712388980385,-52.));
#5519 = CARTESIAN_POINT('',(-4.908738521234,-50.8219027549));
#5520 = CARTESIAN_POINT('',(-5.105088062076,-49.64380523004));
#5521 = CARTESIAN_POINT('',(-5.301437602928,-48.53492043275));
#5522 = CARTESIAN_POINT('',(-5.49778714374,-47.56444749626));
#5523 = CARTESIAN_POINT('',(-5.694136684637,-46.79309172203));
#5524 = CARTESIAN_POINT('',(-5.890486225474,-46.26436465587));
#5525 = CARTESIAN_POINT('',(-6.08683576633,-46.));
#5526 = CARTESIAN_POINT('',(-6.28318530718,-46.));
#5527 = ( GEOMETRIC_REPRESENTATION_CONTEXT(2) 
PARAMETRIC_REPRESENTATION_CONTEXT() REPRESENTATION_CONTEXT('2D SPACE',''
  ) );
#5528 = ORIENTED_EDGE('',*,*,#5451,.T.);
#5529 = ORIENTED_EDGE('',*,*,#3858,.T.);
#5530 = ADVANCED_FACE('',(#5531),#3773,.T.);
#5531 = FACE_BOUND('',#5532,.T.);
#5532 = EDGE_LOOP('',(#5533,#5534,#5535,#5536));
#5533 = ORIENTED_EDGE('',*,*,#3959,.F.);
#5534 = ORIENTED_EDGE('',*,*,#3985,.T.);
#5535 = ORIENTED_EDGE('',*,*,#4035,.T.);
#5536 = ORIENTED_EDGE('',*,*,#3757,.F.);
#5537 = ADVANCED_FACE('',(#5538),#4112,.F.);
#5538 = FACE_BOUND('',#5539,.T.);
#5539 = EDGE_LOOP('',(#5540,#5541,#5542,#5570,#5571));
#5540 = ORIENTED_EDGE('',*,*,#5474,.F.);
#5541 = ORIENTED_EDGE('',*,*,#4095,.F.);
#5542 = ORIENTED_EDGE('',*,*,#5543,.T.);
#5543 = EDGE_CURVE('',#4061,#4290,#5544,.T.);
#5544 = SURFACE_CURVE('',#5545,(#5550,#5560),.PCURVE_S1.);
#5545 = ELLIPSE('',#5546,8.485281374239,6.);
#5546 = AXIS2_PLACEMENT_3D('',#5547,#5548,#5549);
#5547 = CARTESIAN_POINT('',(209.,12.,21.));
#5548 = DIRECTION('',(-0.707106781187,-0.,-0.707106781187));
#5549 = DIRECTION('',(0.707106781187,0.,-0.707106781187));
#5550 = PCURVE('',#4112,#5551);
#5551 = DEFINITIONAL_REPRESENTATION('',(#5552),#5559);
#5552 = B_SPLINE_CURVE_WITH_KNOTS('',5,(#5553,#5554,#5555,#5556,#5557,
    #5558),.UNSPECIFIED.,.F.,.F.,(6,6),(1.230959311275,1.570796326795),
  .PIECEWISE_BEZIER_KNOTS.);
#5553 = CARTESIAN_POINT('',(-5.052225995905,-3.9999994));
#5554 = CARTESIAN_POINT('',(-4.984258592801,-4.384481078658));
#5555 = CARTESIAN_POINT('',(-4.916291189697,-4.780511627766));
#5556 = CARTESIAN_POINT('',(-4.848323786593,-5.184391120594));
#5557 = CARTESIAN_POINT('',(-4.780356383489,-5.592195581376));
#5558 = CARTESIAN_POINT('',(-4.712388980385,-6.));
#5559 = ( GEOMETRIC_REPRESENTATION_CONTEXT(2) 
PARAMETRIC_REPRESENTATION_CONTEXT() REPRESENTATION_CONTEXT('2D SPACE',''
  ) );
#5560 = PCURVE('',#4077,#5561);
#5561 = DEFINITIONAL_REPRESENTATION('',(#5562),#5569);
#5562 = B_SPLINE_CURVE_WITH_KNOTS('',5,(#5563,#5564,#5565,#5566,#5567,
    #5568),.UNSPECIFIED.,.F.,.F.,(6,6),(1.230959311275,1.570796326795),
  .PIECEWISE_BEZIER_KNOTS.);
#5563 = CARTESIAN_POINT('',(-3.48142966911,-6.0000006));
#5564 = CARTESIAN_POINT('',(-3.413462266006,-5.615518921342));
#5565 = CARTESIAN_POINT('',(-3.345494862902,-5.219488372234));
#5566 = CARTESIAN_POINT('',(-3.277527459798,-4.815608879406));
#5567 = CARTESIAN_POINT('',(-3.209560056694,-4.407804418624));
#5568 = CARTESIAN_POINT('',(-3.14159265359,-4.));
#5569 = ( GEOMETRIC_REPRESENTATION_CONTEXT(2) 
PARAMETRIC_REPRESENTATION_CONTEXT() REPRESENTATION_CONTEXT('2D SPACE',''
  ) );
#5570 = ORIENTED_EDGE('',*,*,#4289,.T.);
#5571 = ORIENTED_EDGE('',*,*,#5501,.T.);
#5572 = ADVANCED_FACE('',(#5573),#4077,.F.);
#5573 = FACE_BOUND('',#5574,.T.);
#5574 = EDGE_LOOP('',(#5575,#5576,#5577,#5578));
#5575 = ORIENTED_EDGE('',*,*,#4155,.F.);
#5576 = ORIENTED_EDGE('',*,*,#4312,.T.);
#5577 = ORIENTED_EDGE('',*,*,#5543,.F.);
#5578 = ORIENTED_EDGE('',*,*,#4060,.F.);
#5579 = ADVANCED_FACE('',(#5580),#4474,.T.);
#5580 = FACE_BOUND('',#5581,.T.);
#5581 = EDGE_LOOP('',(#5582,#5583,#5584,#5585));
#5582 = ORIENTED_EDGE('',*,*,#4460,.F.);
#5583 = ORIENTED_EDGE('',*,*,#4540,.T.);
#5584 = ORIENTED_EDGE('',*,*,#4590,.T.);
#5585 = ORIENTED_EDGE('',*,*,#4491,.F.);
#5586 = ADVANCED_FACE('',(#5587),#4892,.F.);
#5587 = FACE_BOUND('',#5588,.T.);
#5588 = EDGE_LOOP('',(#5589,#5590,#5613,#5640));
#5589 = ORIENTED_EDGE('',*,*,#4871,.T.);
#5590 = ORIENTED_EDGE('',*,*,#5591,.T.);
#5591 = EDGE_CURVE('',#4872,#5592,#5594,.T.);
#5592 = VERTEX_POINT('',#5593);
#5593 = CARTESIAN_POINT('',(122.9,20.,12.5));
#5594 = SEAM_CURVE('',#5595,(#5599,#5606),.PCURVE_S1.);
#5595 = LINE('',#5596,#5597);
#5596 = CARTESIAN_POINT('',(122.9,20.,5.));
#5597 = VECTOR('',#5598,1.);
#5598 = DIRECTION('',(0.,0.,1.));
#5599 = PCURVE('',#4892,#5600);
#5600 = DEFINITIONAL_REPRESENTATION('',(#5601),#5605);
#5601 = LINE('',#5602,#5603);
#5602 = CARTESIAN_POINT('',(-6.28318530718,0.));
#5603 = VECTOR('',#5604,1.);
#5604 = DIRECTION('',(-0.,-1.));
#5605 = ( GEOMETRIC_REPRESENTATION_CONTEXT(2) 
PARAMETRIC_REPRESENTATION_CONTEXT() REPRESENTATION_CONTEXT('2D SPACE',''
  ) );
#5606 = PCURVE('',#4892,#5607);
#5607 = DEFINITIONAL_REPRESENTATION('',(#5608),#5612);
#5608 = LINE('',#5609,#5610);
#5609 = CARTESIAN_POINT('',(-0.,0.));
#5610 = VECTOR('',#5611,1.);
#5611 = DIRECTION('',(-0.,-1.));
#5612 = ( GEOMETRIC_REPRESENTATION_CONTEXT(2) 
PARAMETRIC_REPRESENTATION_CONTEXT() REPRESENTATION_CONTEXT('2D SPACE',''
  ) );
#5613 = ORIENTED_EDGE('',*,*,#5614,.T.);
#5614 = EDGE_CURVE('',#5592,#5592,#5615,.T.);
#5615 = SURFACE_CURVE('',#5616,(#5621,#5628),.PCURVE_S1.);
#5616 = CIRCLE('',#5617,2.9);
#5617 = AXIS2_PLACEMENT_3D('',#5618,#5619,#5620);
#5618 = CARTESIAN_POINT('',(120.,20.,12.5));
#5619 = DIRECTION('',(0.,0.,1.));
#5620 = DIRECTION('',(1.,0.,0.));
#5621 = PCURVE('',#4892,#5622);
#5622 = DEFINITIONAL_REPRESENTATION('',(#5623),#5627);
#5623 = LINE('',#5624,#5625);
#5624 = CARTESIAN_POINT('',(-0.,-7.5));
#5625 = VECTOR('',#5626,1.);
#5626 = DIRECTION('',(-1.,0.));
#5627 = ( GEOMETRIC_REPRESENTATION_CONTEXT(2) 
PARAMETRIC_REPRESENTATION_CONTEXT() REPRESENTATION_CONTEXT('2D SPACE',''
  ) );
#5628 = PCURVE('',#5629,#5634);
#5629 = PLANE('',#5630);
#5630 = AXIS2_PLACEMENT_3D('',#5631,#5632,#5633);
#5631 = CARTESIAN_POINT('',(120.,20.,12.5));
#5632 = DIRECTION('',(0.,0.,1.));
#5633 = DIRECTION('',(1.,0.,-0.));
#5634 = DEFINITIONAL_REPRESENTATION('',(#5635),#5639);
#5635 = CIRCLE('',#5636,2.9);
#5636 = AXIS2_PLACEMENT_2D('',#5637,#5638);
#5637 = CARTESIAN_POINT('',(0.,0.));
#5638 = DIRECTION('',(1.,0.));
#5639 = ( GEOMETRIC_REPRESENTATION_CONTEXT(2) 
PARAMETRIC_REPRESENTATION_CONTEXT() REPRESENTATION_CONTEXT('2D SPACE',''
  ) );
#5640 = ORIENTED_EDGE('',*,*,#5591,.F.);
#5641 = ADVANCED_FACE('',(#5642),#4927,.F.);
#5642 = FACE_BOUND('',#5643,.T.);
#5643 = EDGE_LOOP('',(#5644,#5645,#5668,#5695));
#5644 = ORIENTED_EDGE('',*,*,#4906,.T.);
#5645 = ORIENTED_EDGE('',*,*,#5646,.T.);
#5646 = EDGE_CURVE('',#4907,#5647,#5649,.T.);
#5647 = VERTEX_POINT('',#5648);
#5648 = CARTESIAN_POINT('',(182.9,20.,12.5));
#5649 = SEAM_CURVE('',#5650,(#5654,#5661),.PCURVE_S1.);
#5650 = LINE('',#5651,#5652);
#5651 = CARTESIAN_POINT('',(182.9,20.,5.));
#5652 = VECTOR('',#5653,1.);
#5653 = DIRECTION('',(0.,0.,1.));
#5654 = PCURVE('',#4927,#5655);
#5655 = DEFINITIONAL_REPRESENTATION('',(#5656),#5660);
#5656 = LINE('',#5657,#5658);
#5657 = CARTESIAN_POINT('',(-6.28318530718,0.));
#5658 = VECTOR('',#5659,1.);
#5659 = DIRECTION('',(-0.,-1.));
#5660 = ( GEOMETRIC_REPRESENTATION_CONTEXT(2) 
PARAMETRIC_REPRESENTATION_CONTEXT() REPRESENTATION_CONTEXT('2D SPACE',''
  ) );
#5661 = PCURVE('',#4927,#5662);
#5662 = DEFINITIONAL_REPRESENTATION('',(#5663),#5667);
#5663 = LINE('',#5664,#5665);
#5664 = CARTESIAN_POINT('',(-0.,0.));
#5665 = VECTOR('',#5666,1.);
#5666 = DIRECTION('',(-0.,-1.));
#5667 = ( GEOMETRIC_REPRESENTATION_CONTEXT(2) 
PARAMETRIC_REPRESENTATION_CONTEXT() REPRESENTATION_CONTEXT('2D SPACE',''
  ) );
#5668 = ORIENTED_EDGE('',*,*,#5669,.T.);
#5669 = EDGE_CURVE('',#5647,#5647,#5670,.T.);
#5670 = SURFACE_CURVE('',#5671,(#5676,#5683),.PCURVE_S1.);
#5671 = CIRCLE('',#5672,2.9);
#5672 = AXIS2_PLACEMENT_3D('',#5673,#5674,#5675);
#5673 = CARTESIAN_POINT('',(180.,20.,12.5));
#5674 = DIRECTION('',(0.,0.,1.));
#5675 = DIRECTION('',(1.,0.,0.));
#5676 = PCURVE('',#4927,#5677);
#5677 = DEFINITIONAL_REPRESENTATION('',(#5678),#5682);
#5678 = LINE('',#5679,#5680);
#5679 = CARTESIAN_POINT('',(-0.,-7.5));
#5680 = VECTOR('',#5681,1.);
#5681 = DIRECTION('',(-1.,0.));
#5682 = ( GEOMETRIC_REPRESENTATION_CONTEXT(2) 
PARAMETRIC_REPRESENTATION_CONTEXT() REPRESENTATION_CONTEXT('2D SPACE',''
  ) );
#5683 = PCURVE('',#5684,#5689);
#5684 = PLANE('',#5685);
#5685 = AXIS2_PLACEMENT_3D('',#5686,#5687,#5688);
#5686 = CARTESIAN_POINT('',(180.,20.,12.5));
#5687 = DIRECTION('',(0.,0.,1.));
#5688 = DIRECTION('',(1.,0.,-0.));
#5689 = DEFINITIONAL_REPRESENTATION('',(#5690),#5694);
#5690 = CIRCLE('',#5691,2.9);
#5691 = AXIS2_PLACEMENT_2D('',#5692,#5693);
#5692 = CARTESIAN_POINT('',(0.,-3.552713678801E-15));
#5693 = DIRECTION('',(1.,0.));
#5694 = ( GEOMETRIC_REPRESENTATION_CONTEXT(2) 
PARAMETRIC_REPRESENTATION_CONTEXT() REPRESENTATION_CONTEXT('2D SPACE',''
  ) );
#5695 = ORIENTED_EDGE('',*,*,#5646,.F.);
#5696 = ADVANCED_FACE('',(#5697),#4989,.F.);
#5697 = FACE_BOUND('',#5698,.T.);
#5698 = EDGE_LOOP('',(#5699,#5728,#5749,#5750));
#5699 = ORIENTED_EDGE('',*,*,#5700,.F.);
#5700 = EDGE_CURVE('',#5701,#5701,#5703,.T.);
#5701 = VERTEX_POINT('',#5702);
#5702 = CARTESIAN_POINT('',(209.8,34.,75.6));
#5703 = SURFACE_CURVE('',#5704,(#5709,#5716),.PCURVE_S1.);
#5704 = CIRCLE('',#5705,2.9);
#5705 = AXIS2_PLACEMENT_3D('',#5706,#5707,#5708);
#5706 = CARTESIAN_POINT('',(206.9,34.,75.6));
#5707 = DIRECTION('',(0.,0.,1.));
#5708 = DIRECTION('',(1.,0.,0.));
#5709 = PCURVE('',#4989,#5710);
#5710 = DEFINITIONAL_REPRESENTATION('',(#5711),#5715);
#5711 = LINE('',#5712,#5713);
#5712 = CARTESIAN_POINT('',(-0.,0.));
#5713 = VECTOR('',#5714,1.);
#5714 = DIRECTION('',(-1.,0.));
#5715 = ( GEOMETRIC_REPRESENTATION_CONTEXT(2) 
PARAMETRIC_REPRESENTATION_CONTEXT() REPRESENTATION_CONTEXT('2D SPACE',''
  ) );
#5716 = PCURVE('',#5717,#5722);
#5717 = PLANE('',#5718);
#5718 = AXIS2_PLACEMENT_3D('',#5719,#5720,#5721);
#5719 = CARTESIAN_POINT('',(206.9,34.,75.6));
#5720 = DIRECTION('',(0.,0.,1.));
#5721 = DIRECTION('',(1.,0.,-0.));
#5722 = DEFINITIONAL_REPRESENTATION('',(#5723),#5727);
#5723 = CIRCLE('',#5724,2.9);
#5724 = AXIS2_PLACEMENT_2D('',#5725,#5726);
#5725 = CARTESIAN_POINT('',(0.,0.));
#5726 = DIRECTION('',(1.,0.));
#5727 = ( GEOMETRIC_REPRESENTATION_CONTEXT(2) 
PARAMETRIC_REPRESENTATION_CONTEXT() REPRESENTATION_CONTEXT('2D SPACE',''
  ) );
#5728 = ORIENTED_EDGE('',*,*,#5729,.T.);
#5729 = EDGE_CURVE('',#5701,#4969,#5730,.T.);
#5730 = SEAM_CURVE('',#5731,(#5735,#5742),.PCURVE_S1.);
#5731 = LINE('',#5732,#5733);
#5732 = CARTESIAN_POINT('',(209.8,34.,75.6));
#5733 = VECTOR('',#5734,1.);
#5734 = DIRECTION('',(0.,0.,1.));
#5735 = PCURVE('',#4989,#5736);
#5736 = DEFINITIONAL_REPRESENTATION('',(#5737),#5741);
#5737 = LINE('',#5738,#5739);
#5738 = CARTESIAN_POINT('',(-6.28318530718,0.));
#5739 = VECTOR('',#5740,1.);
#5740 = DIRECTION('',(-0.,-1.));
#5741 = ( GEOMETRIC_REPRESENTATION_CONTEXT(2) 
PARAMETRIC_REPRESENTATION_CONTEXT() REPRESENTATION_CONTEXT('2D SPACE',''
  ) );
#5742 = PCURVE('',#4989,#5743);
#5743 = DEFINITIONAL_REPRESENTATION('',(#5744),#5748);
#5744 = LINE('',#5745,#5746);
#5745 = CARTESIAN_POINT('',(-0.,0.));
#5746 = VECTOR('',#5747,1.);
#5747 = DIRECTION('',(-0.,-1.));
#5748 = ( GEOMETRIC_REPRESENTATION_CONTEXT(2) 
PARAMETRIC_REPRESENTATION_CONTEXT() REPRESENTATION_CONTEXT('2D SPACE',''
  ) );
#5749 = ORIENTED_EDGE('',*,*,#4968,.F.);
#5750 = ORIENTED_EDGE('',*,*,#5729,.F.);
#5751 = ADVANCED_FACE('',(#5752),#5024,.F.);
#5752 = FACE_BOUND('',#5753,.T.);
#5753 = EDGE_LOOP('',(#5754,#5783,#5804,#5805));
#5754 = ORIENTED_EDGE('',*,*,#5755,.F.);
#5755 = EDGE_CURVE('',#5756,#5756,#5758,.T.);
#5756 = VERTEX_POINT('',#5757);
#5757 = CARTESIAN_POINT('',(209.8,46.,75.6));
#5758 = SURFACE_CURVE('',#5759,(#5764,#5771),.PCURVE_S1.);
#5759 = CIRCLE('',#5760,2.9);
#5760 = AXIS2_PLACEMENT_3D('',#5761,#5762,#5763);
#5761 = CARTESIAN_POINT('',(206.9,46.,75.6));
#5762 = DIRECTION('',(0.,0.,1.));
#5763 = DIRECTION('',(1.,0.,0.));
#5764 = PCURVE('',#5024,#5765);
#5765 = DEFINITIONAL_REPRESENTATION('',(#5766),#5770);
#5766 = LINE('',#5767,#5768);
#5767 = CARTESIAN_POINT('',(-0.,0.));
#5768 = VECTOR('',#5769,1.);
#5769 = DIRECTION('',(-1.,0.));
#5770 = ( GEOMETRIC_REPRESENTATION_CONTEXT(2) 
PARAMETRIC_REPRESENTATION_CONTEXT() REPRESENTATION_CONTEXT('2D SPACE',''
  ) );
#5771 = PCURVE('',#5772,#5777);
#5772 = PLANE('',#5773);
#5773 = AXIS2_PLACEMENT_3D('',#5774,#5775,#5776);
#5774 = CARTESIAN_POINT('',(206.9,46.,75.6));
#5775 = DIRECTION('',(0.,0.,1.));
#5776 = DIRECTION('',(1.,0.,-0.));
#5777 = DEFINITIONAL_REPRESENTATION('',(#5778),#5782);
#5778 = CIRCLE('',#5779,2.9);
#5779 = AXIS2_PLACEMENT_2D('',#5780,#5781);
#5780 = CARTESIAN_POINT('',(0.,-7.105427357601E-15));
#5781 = DIRECTION('',(1.,0.));
#5782 = ( GEOMETRIC_REPRESENTATION_CONTEXT(2) 
PARAMETRIC_REPRESENTATION_CONTEXT() REPRESENTATION_CONTEXT('2D SPACE',''
  ) );
#5783 = ORIENTED_EDGE('',*,*,#5784,.T.);
#5784 = EDGE_CURVE('',#5756,#5004,#5785,.T.);
#5785 = SEAM_CURVE('',#5786,(#5790,#5797),.PCURVE_S1.);
#5786 = LINE('',#5787,#5788);
#5787 = CARTESIAN_POINT('',(209.8,46.,75.6));
#5788 = VECTOR('',#5789,1.);
#5789 = DIRECTION('',(0.,0.,1.));
#5790 = PCURVE('',#5024,#5791);
#5791 = DEFINITIONAL_REPRESENTATION('',(#5792),#5796);
#5792 = LINE('',#5793,#5794);
#5793 = CARTESIAN_POINT('',(-6.28318530718,0.));
#5794 = VECTOR('',#5795,1.);
#5795 = DIRECTION('',(-0.,-1.));
#5796 = ( GEOMETRIC_REPRESENTATION_CONTEXT(2) 
PARAMETRIC_REPRESENTATION_CONTEXT() REPRESENTATION_CONTEXT('2D SPACE',''
  ) );
#5797 = PCURVE('',#5024,#5798);
#5798 = DEFINITIONAL_REPRESENTATION('',(#5799),#5803);
#5799 = LINE('',#5800,#5801);
#5800 = CARTESIAN_POINT('',(-0.,0.));
#5801 = VECTOR('',#5802,1.);
#5802 = DIRECTION('',(-0.,-1.));
#5803 = ( GEOMETRIC_REPRESENTATION_CONTEXT(2) 
PARAMETRIC_REPRESENTATION_CONTEXT() REPRESENTATION_CONTEXT('2D SPACE',''
  ) );
#5804 = ORIENTED_EDGE('',*,*,#5003,.F.);
#5805 = ORIENTED_EDGE('',*,*,#5784,.F.);
#5806 = ADVANCED_FACE('',(#5807),#5163,.F.);
#5807 = FACE_BOUND('',#5808,.T.);
#5808 = EDGE_LOOP('',(#5809,#5838,#5859,#5860));
#5809 = ORIENTED_EDGE('',*,*,#5810,.F.);
#5810 = EDGE_CURVE('',#5811,#5811,#5813,.T.);
#5811 = VERTEX_POINT('',#5812);
#5812 = CARTESIAN_POINT('',(209.8,164.,75.6));
#5813 = SURFACE_CURVE('',#5814,(#5819,#5826),.PCURVE_S1.);
#5814 = CIRCLE('',#5815,2.9);
#5815 = AXIS2_PLACEMENT_3D('',#5816,#5817,#5818);
#5816 = CARTESIAN_POINT('',(206.9,164.,75.6));
#5817 = DIRECTION('',(0.,0.,1.));
#5818 = DIRECTION('',(1.,0.,0.));
#5819 = PCURVE('',#5163,#5820);
#5820 = DEFINITIONAL_REPRESENTATION('',(#5821),#5825);
#5821 = LINE('',#5822,#5823);
#5822 = CARTESIAN_POINT('',(-0.,0.));
#5823 = VECTOR('',#5824,1.);
#5824 = DIRECTION('',(-1.,0.));
#5825 = ( GEOMETRIC_REPRESENTATION_CONTEXT(2) 
PARAMETRIC_REPRESENTATION_CONTEXT() REPRESENTATION_CONTEXT('2D SPACE',''
  ) );
#5826 = PCURVE('',#5827,#5832);
#5827 = PLANE('',#5828);
#5828 = AXIS2_PLACEMENT_3D('',#5829,#5830,#5831);
#5829 = CARTESIAN_POINT('',(206.9,164.,75.6));
#5830 = DIRECTION('',(0.,0.,1.));
#5831 = DIRECTION('',(1.,0.,-0.));
#5832 = DEFINITIONAL_REPRESENTATION('',(#5833),#5837);
#5833 = CIRCLE('',#5834,2.9);
#5834 = AXIS2_PLACEMENT_2D('',#5835,#5836);
#5835 = CARTESIAN_POINT('',(0.,0.));
#5836 = DIRECTION('',(1.,0.));
#5837 = ( GEOMETRIC_REPRESENTATION_CONTEXT(2) 
PARAMETRIC_REPRESENTATION_CONTEXT() REPRESENTATION_CONTEXT('2D SPACE',''
  ) );
#5838 = ORIENTED_EDGE('',*,*,#5839,.T.);
#5839 = EDGE_CURVE('',#5811,#5143,#5840,.T.);
#5840 = SEAM_CURVE('',#5841,(#5845,#5852),.PCURVE_S1.);
#5841 = LINE('',#5842,#5843);
#5842 = CARTESIAN_POINT('',(209.8,164.,75.6));
#5843 = VECTOR('',#5844,1.);
#5844 = DIRECTION('',(0.,0.,1.));
#5845 = PCURVE('',#5163,#5846);
#5846 = DEFINITIONAL_REPRESENTATION('',(#5847),#5851);
#5847 = LINE('',#5848,#5849);
#5848 = CARTESIAN_POINT('',(-6.28318530718,0.));
#5849 = VECTOR('',#5850,1.);
#5850 = DIRECTION('',(-0.,-1.));
#5851 = ( GEOMETRIC_REPRESENTATION_CONTEXT(2) 
PARAMETRIC_REPRESENTATION_CONTEXT() REPRESENTATION_CONTEXT('2D SPACE',''
  ) );
#5852 = PCURVE('',#5163,#5853);
#5853 = DEFINITIONAL_REPRESENTATION('',(#5854),#5858);
#5854 = LINE('',#5855,#5856);
#5855 = CARTESIAN_POINT('',(-0.,0.));
#5856 = VECTOR('',#5857,1.);
#5857 = DIRECTION('',(-0.,-1.));
#5858 = ( GEOMETRIC_REPRESENTATION_CONTEXT(2) 
PARAMETRIC_REPRESENTATION_CONTEXT() REPRESENTATION_CONTEXT('2D SPACE',''
  ) );
#5859 = ORIENTED_EDGE('',*,*,#5142,.F.);
#5860 = ORIENTED_EDGE('',*,*,#5839,.F.);
#5861 = ADVANCED_FACE('',(#5862),#5198,.F.);
#5862 = FACE_BOUND('',#5863,.T.);
#5863 = EDGE_LOOP('',(#5864,#5893,#5914,#5915));
#5864 = ORIENTED_EDGE('',*,*,#5865,.F.);
#5865 = EDGE_CURVE('',#5866,#5866,#5868,.T.);
#5866 = VERTEX_POINT('',#5867);
#5867 = CARTESIAN_POINT('',(209.8,176.,75.6));
#5868 = SURFACE_CURVE('',#5869,(#5874,#5881),.PCURVE_S1.);
#5869 = CIRCLE('',#5870,2.9);
#5870 = AXIS2_PLACEMENT_3D('',#5871,#5872,#5873);
#5871 = CARTESIAN_POINT('',(206.9,176.,75.6));
#5872 = DIRECTION('',(0.,0.,1.));
#5873 = DIRECTION('',(1.,0.,0.));
#5874 = PCURVE('',#5198,#5875);
#5875 = DEFINITIONAL_REPRESENTATION('',(#5876),#5880);
#5876 = LINE('',#5877,#5878);
#5877 = CARTESIAN_POINT('',(-0.,0.));
#5878 = VECTOR('',#5879,1.);
#5879 = DIRECTION('',(-1.,0.));
#5880 = ( GEOMETRIC_REPRESENTATION_CONTEXT(2) 
PARAMETRIC_REPRESENTATION_CONTEXT() REPRESENTATION_CONTEXT('2D SPACE',''
  ) );
#5881 = PCURVE('',#5882,#5887);
#5882 = PLANE('',#5883);
#5883 = AXIS2_PLACEMENT_3D('',#5884,#5885,#5886);
#5884 = CARTESIAN_POINT('',(206.9,176.,75.6));
#5885 = DIRECTION('',(0.,0.,1.));
#5886 = DIRECTION('',(1.,0.,-0.));
#5887 = DEFINITIONAL_REPRESENTATION('',(#5888),#5892);
#5888 = CIRCLE('',#5889,2.9);
#5889 = AXIS2_PLACEMENT_2D('',#5890,#5891);
#5890 = CARTESIAN_POINT('',(0.,0.));
#5891 = DIRECTION('',(1.,0.));
#5892 = ( GEOMETRIC_REPRESENTATION_CONTEXT(2) 
PARAMETRIC_REPRESENTATION_CONTEXT() REPRESENTATION_CONTEXT('2D SPACE',''
  ) );
#5893 = ORIENTED_EDGE('',*,*,#5894,.T.);
#5894 = EDGE_CURVE('',#5866,#5178,#5895,.T.);
#5895 = SEAM_CURVE('',#5896,(#5900,#5907),.PCURVE_S1.);
#5896 = LINE('',#5897,#5898);
#5897 = CARTESIAN_POINT('',(209.8,176.,75.6));
#5898 = VECTOR('',#5899,1.);
#5899 = DIRECTION('',(0.,0.,1.));
#5900 = PCURVE('',#5198,#5901);
#5901 = DEFINITIONAL_REPRESENTATION('',(#5902),#5906);
#5902 = LINE('',#5903,#5904);
#5903 = CARTESIAN_POINT('',(-6.28318530718,0.));
#5904 = VECTOR('',#5905,1.);
#5905 = DIRECTION('',(-0.,-1.));
#5906 = ( GEOMETRIC_REPRESENTATION_CONTEXT(2) 
PARAMETRIC_REPRESENTATION_CONTEXT() REPRESENTATION_CONTEXT('2D SPACE',''
  ) );
#5907 = PCURVE('',#5198,#5908);
#5908 = DEFINITIONAL_REPRESENTATION('',(#5909),#5913);
#5909 = LINE('',#5910,#5911);
#5910 = CARTESIAN_POINT('',(-0.,0.));
#5911 = VECTOR('',#5912,1.);
#5912 = DIRECTION('',(-0.,-1.));
#5913 = ( GEOMETRIC_REPRESENTATION_CONTEXT(2) 
PARAMETRIC_REPRESENTATION_CONTEXT() REPRESENTATION_CONTEXT('2D SPACE',''
  ) );
#5914 = ORIENTED_EDGE('',*,*,#5177,.F.);
#5915 = ORIENTED_EDGE('',*,*,#5894,.F.);
#5916 = ADVANCED_FACE('',(#5917),#5344,.F.);
#5917 = FACE_BOUND('',#5918,.T.);
#5918 = EDGE_LOOP('',(#5919,#5920,#5943,#5970));
#5919 = ORIENTED_EDGE('',*,*,#5323,.T.);
#5920 = ORIENTED_EDGE('',*,*,#5921,.T.);
#5921 = EDGE_CURVE('',#5324,#5922,#5924,.T.);
#5922 = VERTEX_POINT('',#5923);
#5923 = CARTESIAN_POINT('',(122.9,195.,12.5));
#5924 = SEAM_CURVE('',#5925,(#5929,#5936),.PCURVE_S1.);
#5925 = LINE('',#5926,#5927);
#5926 = CARTESIAN_POINT('',(122.9,195.,5.));
#5927 = VECTOR('',#5928,1.);
#5928 = DIRECTION('',(0.,0.,1.));
#5929 = PCURVE('',#5344,#5930);
#5930 = DEFINITIONAL_REPRESENTATION('',(#5931),#5935);
#5931 = LINE('',#5932,#5933);
#5932 = CARTESIAN_POINT('',(-6.28318530718,0.));
#5933 = VECTOR('',#5934,1.);
#5934 = DIRECTION('',(-0.,-1.));
#5935 = ( GEOMETRIC_REPRESENTATION_CONTEXT(2) 
PARAMETRIC_REPRESENTATION_CONTEXT() REPRESENTATION_CONTEXT('2D SPACE',''
  ) );
#5936 = PCURVE('',#5344,#5937);
#5937 = DEFINITIONAL_REPRESENTATION('',(#5938),#5942);
#5938 = LINE('',#5939,#5940);
#5939 = CARTESIAN_POINT('',(-0.,0.));
#5940 = VECTOR('',#5941,1.);
#5941 = DIRECTION('',(-0.,-1.));
#5942 = ( GEOMETRIC_REPRESENTATION_CONTEXT(2) 
PARAMETRIC_REPRESENTATION_CONTEXT() REPRESENTATION_CONTEXT('2D SPACE',''
  ) );
#5943 = ORIENTED_EDGE('',*,*,#5944,.T.);
#5944 = EDGE_CURVE('',#5922,#5922,#5945,.T.);
#5945 = SURFACE_CURVE('',#5946,(#5951,#5958),.PCURVE_S1.);
#5946 = CIRCLE('',#5947,2.9);
#5947 = AXIS2_PLACEMENT_3D('',#5948,#5949,#5950);
#5948 = CARTESIAN_POINT('',(120.,195.,12.5));
#5949 = DIRECTION('',(0.,0.,1.));
#5950 = DIRECTION('',(1.,0.,0.));
#5951 = PCURVE('',#5344,#5952);
#5952 = DEFINITIONAL_REPRESENTATION('',(#5953),#5957);
#5953 = LINE('',#5954,#5955);
#5954 = CARTESIAN_POINT('',(-0.,-7.5));
#5955 = VECTOR('',#5956,1.);
#5956 = DIRECTION('',(-1.,0.));
#5957 = ( GEOMETRIC_REPRESENTATION_CONTEXT(2) 
PARAMETRIC_REPRESENTATION_CONTEXT() REPRESENTATION_CONTEXT('2D SPACE',''
  ) );
#5958 = PCURVE('',#5959,#5964);
#5959 = PLANE('',#5960);
#5960 = AXIS2_PLACEMENT_3D('',#5961,#5962,#5963);
#5961 = CARTESIAN_POINT('',(120.,195.,12.5));
#5962 = DIRECTION('',(0.,0.,1.));
#5963 = DIRECTION('',(1.,0.,-0.));
#5964 = DEFINITIONAL_REPRESENTATION('',(#5965),#5969);
#5965 = CIRCLE('',#5966,2.9);
#5966 = AXIS2_PLACEMENT_2D('',#5967,#5968);
#5967 = CARTESIAN_POINT('',(0.,2.84217094304E-14));
#5968 = DIRECTION('',(1.,0.));
#5969 = ( GEOMETRIC_REPRESENTATION_CONTEXT(2) 
PARAMETRIC_REPRESENTATION_CONTEXT() REPRESENTATION_CONTEXT('2D SPACE',''
  ) );
#5970 = ORIENTED_EDGE('',*,*,#5921,.F.);
#5971 = ADVANCED_FACE('',(#5972),#5379,.F.);
#5972 = FACE_BOUND('',#5973,.T.);
#5973 = EDGE_LOOP('',(#5974,#5975,#5998,#6025));
#5974 = ORIENTED_EDGE('',*,*,#5358,.T.);
#5975 = ORIENTED_EDGE('',*,*,#5976,.T.);
#5976 = EDGE_CURVE('',#5359,#5977,#5979,.T.);
#5977 = VERTEX_POINT('',#5978);
#5978 = CARTESIAN_POINT('',(182.9,195.,12.5));
#5979 = SEAM_CURVE('',#5980,(#5984,#5991),.PCURVE_S1.);
#5980 = LINE('',#5981,#5982);
#5981 = CARTESIAN_POINT('',(182.9,195.,5.));
#5982 = VECTOR('',#5983,1.);
#5983 = DIRECTION('',(0.,0.,1.));
#5984 = PCURVE('',#5379,#5985);
#5985 = DEFINITIONAL_REPRESENTATION('',(#5986),#5990);
#5986 = LINE('',#5987,#5988);
#5987 = CARTESIAN_POINT('',(-6.28318530718,0.));
#5988 = VECTOR('',#5989,1.);
#5989 = DIRECTION('',(-0.,-1.));
#5990 = ( GEOMETRIC_REPRESENTATION_CONTEXT(2) 
PARAMETRIC_REPRESENTATION_CONTEXT() REPRESENTATION_CONTEXT('2D SPACE',''
  ) );
#5991 = PCURVE('',#5379,#5992);
#5992 = DEFINITIONAL_REPRESENTATION('',(#5993),#5997);
#5993 = LINE('',#5994,#5995);
#5994 = CARTESIAN_POINT('',(-0.,0.));
#5995 = VECTOR('',#5996,1.);
#5996 = DIRECTION('',(-0.,-1.));
#5997 = ( GEOMETRIC_REPRESENTATION_CONTEXT(2) 
PARAMETRIC_REPRESENTATION_CONTEXT() REPRESENTATION_CONTEXT('2D SPACE',''
  ) );
#5998 = ORIENTED_EDGE('',*,*,#5999,.T.);
#5999 = EDGE_CURVE('',#5977,#5977,#6000,.T.);
#6000 = SURFACE_CURVE('',#6001,(#6006,#6013),.PCURVE_S1.);
#6001 = CIRCLE('',#6002,2.9);
#6002 = AXIS2_PLACEMENT_3D('',#6003,#6004,#6005);
#6003 = CARTESIAN_POINT('',(180.,195.,12.5));
#6004 = DIRECTION('',(0.,0.,1.));
#6005 = DIRECTION('',(1.,0.,0.));
#6006 = PCURVE('',#5379,#6007);
#6007 = DEFINITIONAL_REPRESENTATION('',(#6008),#6012);
#6008 = LINE('',#6009,#6010);
#6009 = CARTESIAN_POINT('',(-0.,-7.5));
#6010 = VECTOR('',#6011,1.);
#6011 = DIRECTION('',(-1.,0.));
#6012 = ( GEOMETRIC_REPRESENTATION_CONTEXT(2) 
PARAMETRIC_REPRESENTATION_CONTEXT() REPRESENTATION_CONTEXT('2D SPACE',''
  ) );
#6013 = PCURVE('',#6014,#6019);
#6014 = PLANE('',#6015);
#6015 = AXIS2_PLACEMENT_3D('',#6016,#6017,#6018);
#6016 = CARTESIAN_POINT('',(180.,195.,12.5));
#6017 = DIRECTION('',(0.,0.,1.));
#6018 = DIRECTION('',(1.,0.,-0.));
#6019 = DEFINITIONAL_REPRESENTATION('',(#6020),#6024);
#6020 = CIRCLE('',#6021,2.9);
#6021 = AXIS2_PLACEMENT_2D('',#6022,#6023);
#6022 = CARTESIAN_POINT('',(0.,0.));
#6023 = DIRECTION('',(1.,0.));
#6024 = ( GEOMETRIC_REPRESENTATION_CONTEXT(2) 
PARAMETRIC_REPRESENTATION_CONTEXT() REPRESENTATION_CONTEXT('2D SPACE',''
  ) );
#6025 = ORIENTED_EDGE('',*,*,#5976,.F.);
#6026 = ADVANCED_FACE('',(#6027),#5629,.F.);
#6027 = FACE_BOUND('',#6028,.F.);
#6028 = EDGE_LOOP('',(#6029));
#6029 = ORIENTED_EDGE('',*,*,#5614,.T.);
#6030 = ADVANCED_FACE('',(#6031),#5684,.F.);
#6031 = FACE_BOUND('',#6032,.F.);
#6032 = EDGE_LOOP('',(#6033));
#6033 = ORIENTED_EDGE('',*,*,#5669,.T.);
#6034 = ADVANCED_FACE('',(#6035),#5717,.T.);
#6035 = FACE_BOUND('',#6036,.T.);
#6036 = EDGE_LOOP('',(#6037));
#6037 = ORIENTED_EDGE('',*,*,#5700,.T.);
#6038 = ADVANCED_FACE('',(#6039),#5772,.T.);
#6039 = FACE_BOUND('',#6040,.T.);
#6040 = EDGE_LOOP('',(#6041));
#6041 = ORIENTED_EDGE('',*,*,#5755,.T.);
#6042 = ADVANCED_FACE('',(#6043),#5827,.T.);
#6043 = FACE_BOUND('',#6044,.T.);
#6044 = EDGE_LOOP('',(#6045));
#6045 = ORIENTED_EDGE('',*,*,#5810,.T.);
#6046 = ADVANCED_FACE('',(#6047),#5882,.T.);
#6047 = FACE_BOUND('',#6048,.T.);
#6048 = EDGE_LOOP('',(#6049));
#6049 = ORIENTED_EDGE('',*,*,#5865,.T.);
#6050 = ADVANCED_FACE('',(#6051),#5959,.F.);
#6051 = FACE_BOUND('',#6052,.F.);
#6052 = EDGE_LOOP('',(#6053));
#6053 = ORIENTED_EDGE('',*,*,#5944,.T.);
#6054 = ADVANCED_FACE('',(#6055),#6014,.F.);
#6055 = FACE_BOUND('',#6056,.F.);
#6056 = EDGE_LOOP('',(#6057));
#6057 = ORIENTED_EDGE('',*,*,#5999,.T.);
#6058 = ( GEOMETRIC_REPRESENTATION_CONTEXT(3) 
GLOBAL_UNCERTAINTY_ASSIGNED_CONTEXT((#6062)) 
GLOBAL_UNIT_ASSIGNED_CONTEXT((#6059,#6060,#6061)) REPRESENTATION_CONTEXT
('Context #1','3D Context with UNIT and UNCERTAINTY') );
#6059 = ( LENGTH_UNIT() NAMED_UNIT(*) SI_UNIT(.MILLI.,.METRE.) );
#6060 = ( NAMED_UNIT(*) PLANE_ANGLE_UNIT() SI_UNIT($,.RADIAN.) );
#6061 = ( NAMED_UNIT(*) SI_UNIT($,.STERADIAN.) SOLID_ANGLE_UNIT() );
#6062 = UNCERTAINTY_MEASURE_WITH_UNIT(LENGTH_MEASURE(1.E-07),#6059,
  'distance_accuracy_value','confusion accuracy');
#6063 = PRODUCT_RELATED_PRODUCT_CATEGORY('part',$,(#7));
ENDSEC;
END-ISO-10303-21;
